gene	meta_log2FC	meta_p	meta_padj	n_datasets	direction
MADD	-0.0170718767192102	0.853184114076627	0.917003584855691	1	DOWN
MAST2	0.284453219962843	2.78907336230706e-05	0.000160705339548243	1	UP
ZNF32	-0.259494696068414	0.154165659979133	0.28761269718028	1	DOWN
GAN	0.647125351380099	2.25399190313315e-16	3.96258357569065e-15	1	UP
LDB2	-0.313834276338657	0.0751546744561973	0.164604455981586	1	DOWN
NQO1-AS1	0.303837191436396	0.620999188719055	0.76102945015087	1	UP
H1-4	-1.21441254193901	3.22367301548374e-43	1.83406687979352e-41	1	DOWN
PXK	-0.260843753566719	0.0105972907140144	0.032715541146811	1	DOWN
RN7SL220P	-0.217517022719319	0.488143276834421	0.651052929721663	1	DOWN
PDHB	0.40953259376894	0.000286620965520541	0.00134785537674498	1	UP
MRPL49	-0.381709299174006	0.327202667217062	0.49657925668226	1	DOWN
MISP3	-0.0881316040450946	0.886448533509821	0.936511380620488	1	DOWN
CDC42EP2	-0.132827120944244	0.274707842673068	0.438797726812038	1	DOWN
RGPD6	0.508099039086556	0.000442406970224699	0.00199213895208933	1	UP
ATP6V1E2	-0.385385281336554	0.295739117944872	0.462424366308304	1	DOWN
KLHL17	0.205132486287978	0.255055774201484	0.416428764318794	1	UP
NTAN1P2	-0.23926418520733	0.699782850178139	0.820159121486155	1	DOWN
KIF26B	0.326291678594384	0.317338930872253	0.485612608281904	1	UP
SEPTIN5	0.343666036827798	0.104062729327294	0.213217367750479	1	UP
EIF4ENIF1	0.000972010723891876	0.991952505615226	0.995492041117072	1	UP
TRIM46	0.249319953112009	0.150541561396545	0.282455998927742	1	UP
KRTCAP2	0.207886330871532	0.182361095335239	0.326110653222316	1	UP
ARPC2	-0.0265502286190739	0.800282349125579	0.883219812678612	1	DOWN
CCT3	0.133833308927039	0.125834256715978	0.246566894074929	1	UP
NFIA	-0.979766803236656	1.21610621045634e-09	1.24549616210521e-08	1	DOWN
SLC39A9	0.377180671696909	2.01971853899996e-06	1.41579468923406e-05	1	UP
BCLAF1	-0.120130080390777	0.42195887471944	0.59063615832726	1	DOWN
ATXN2L	-0.00476396527254094	0.962796365797434	0.978436728701738	1	DOWN
ACTR1B	-0.299561936395137	0.00105564108161323	0.00434369853940569	1	DOWN
EMP2	-2.10398786430048	9.93757969853421e-39	4.58811387295584e-37	1	DOWN
KCTD11	-0.164331635517305	0.277581621688552	0.442361272057925	1	DOWN
CPNE7	0.103254739138387	0.413176217148154	0.582404361491219	1	UP
SZRD1	-0.0961433730222418	0.857766192467264	0.919615253607511	1	DOWN
LRP5	0.475402819340459	1.87035612482234e-10	2.06482172343832e-09	1	UP
RTKN2	0.455948079408725	0.00467839399589974	0.0161354347576962	1	UP
PNMA8A	0.18671666749822	0.2843758004903	0.449963002452804	1	UP
ELAPOR2	0.369409482312118	0.0873466942383367	0.185733825550059	1	UP
MIOS	-0.665075384667558	0.00231106515357353	0.00870852738834187	1	DOWN
MOB1A	0.00108156912731254	0.986324987167941	0.992437152873132	1	UP
RN7SKP253	0.80669779676962	0.234139918886923	0.39206905768655	1	UP
MAML1	0.210370246127534	0.00969968747806915	0.0303201781842045	1	UP
INVS	-0.326550743245076	0.00331426072663822	0.0118903628998632	1	DOWN
MELK	-2.00862165713593	1.14873925890152e-76	1.67681121519049e-74	1	DOWN
SLITRK5	-0.565881562147399	0.00852298487377214	0.0272550684688828	1	DOWN
MYL12A	0.551994866380739	2.45733991499151e-08	2.183949514855e-07	1	UP
MYOM1	0.301903412728582	0.647801111687213	0.783462076929159	1	UP
ZNF778	1.68348929304102	0.0598246725793	0.136835445306025	1	UP
CNOT7	0.155073423696265	0.0976222039416026	0.203013162924176	1	UP
TMEM184B	-0.0881469801421602	0.705548864181529	0.82317831715544	1	DOWN
MTOR	0.127407135595442	0.0536513153112447	0.125577446965144	1	UP
SCAMP5	0.0871357830894521	0.870896213989617	0.927956204858912	1	UP
ZNF521	1.96240767325516	6.80544461801911e-10	7.10588729588108e-09	1	UP
ALPK2	0.100423868089133	0.051797958204911	0.122169462056336	1	UP
KLHDC1	0.135910041008317	0.560106420559925	0.712320503697217	1	UP
DRAP1	-0.0187779909453922	0.880343085225311	0.933301879876089	1	DOWN
MCMBP	-0.361585337869527	0.000364767438866416	0.00167467397187044	1	DOWN
FAM171A2	0.336584628924206	0.43290120811458	0.601871787421955	1	UP
KLHL20	0.36973826076045	0.000611050306784795	0.00267422410155877	1	UP
TOB2	-0.253146993719552	0.00203432855605834	0.00777521342597172	1	DOWN
SEMA6B	-4.46957844935812	0.00161713716615827	0.00633828293684653	1	DOWN
MOCS3	-0.150934690273194	0.396359255897149	0.567220004651386	1	DOWN
STAU1	-0.0889701401040428	0.212009478621932	0.364515047658006	1	DOWN
CDH26	0.296734323760972	0.51406254063891	0.674234686401605	1	UP
ZNF444	0.0267673952073735	0.911850577550207	0.950458215246541	1	UP
MISFA	0.147754912112332	0.801787645440037	0.884003453441213	1	UP
RPL26	-0.136873389974656	0.452365263645797	0.620456570325115	1	DOWN
VCPIP1	-0.329485445463616	5.5447193916252e-05	0.000301455003492761	1	DOWN
UBE2J2	0.0226383112896762	0.869667177650649	0.927358351846925	1	UP
TBC1D23	0.05014717310103	0.81768267278621	0.894228265811527	1	UP
LYL1	0.442996124123035	0.356878884760898	0.527462732423355	1	UP
HS3ST1	-0.0954620818445465	0.890615950632534	0.938598240485922	1	DOWN
CD99	0.277429291245692	0.215902342129862	0.368894081696436	1	UP
RPS27	0.285859331367283	0.11295495587417	0.227214931422276	1	UP
BET1L	-0.0993701244824364	0.284307322307783	0.449953467820586	1	DOWN
RPL23A	-0.136617508195644	0.0924128867254087	0.194305052534393	1	DOWN
SLC29A3	0.133597989344754	0.630034915949936	0.768193939452626	1	UP
ITM2C	0.278932527616566	0.0112681010453895	0.0345209514960618	1	UP
HTR2B	0.0823670259941914	0.189506980855629	0.335773097148687	1	UP
USP37	-0.16320721014765	0.114733594944738	0.229960496608379	1	DOWN
TTLL4	-0.0210610379612145	0.863878515179897	0.923366007608335	1	DOWN
HECTD1	-0.0927135810490178	0.13399200742045	0.257978590185653	1	DOWN
PEX3	-0.373491922195089	0.00295892954699911	0.010803307449137	1	DOWN
SERPINE2	2.15698928124587	1.68580816597631e-55	1.45877926985172e-53	1	UP
PSMG3-AS1	-0.691007552616642	0.0733010554827901	0.161277946525853	1	DOWN
EID2	-0.147995925886392	0.252273067607344	0.412799900086953	1	DOWN
CRLF3	0.106386522597357	0.420274729902493	0.589249065860185	1	UP
RNPEP	0.123996541138422	0.281348251035895	0.446656755165625	1	UP
DMRTA1	-0.524659755510947	0.339546001078873	0.509471601159194	1	DOWN
NUFIP1	0.123159237794385	0.347194778733718	0.516928883935809	1	UP
CPEB2-DT	0.643167606764618	0.356557967861623	0.527324993670357	1	UP
MTND4P12	0.705354945141011	2.81206514465373e-06	1.92593144101379e-05	1	UP
DHRS13	-0.11956860740448	0.763906156961816	0.860354444256504	1	DOWN
CACNB3	-0.162863874433542	0.0891591634046366	0.188804491778089	1	DOWN
PSMC1P1	-0.200128669712161	0.00904970368493021	0.0286289991136004	1	DOWN
ADAMTS6	1.12539787641209	2.18683867344868e-52	1.73637393791247e-50	1	UP
TMEM80	-0.146688461868909	0.435564174446144	0.604527265167233	1	DOWN
DDX10P1	0.157672438945071	0.746869735809083	0.850379337549406	1	UP
TEP1	0.01892709493407	0.877859126082902	0.932104498973109	1	UP
SIX5	-0.213744763736522	0.271806526626978	0.435704505411698	1	DOWN
TOB1	-0.0784077412405075	0.2729877921144	0.436774422480646	1	DOWN
ZFAND4	0.0885984007483821	0.683112220880445	0.808026086923411	1	UP
LINC02593	-0.944459880721101	0.0647888908807608	0.146063067413085	1	DOWN
LINC00205	-0.0145282935905568	0.945624916524925	0.968546719732206	1	DOWN
ABI1	-0.00308827320719145	0.97064650105723	0.982682680872778	1	DOWN
YME1L1	-0.024759823858219	0.818404146509031	0.894722502355577	1	DOWN
ZNF436-AS1	-0.326181542962215	0.653941459661791	0.787676462878347	1	DOWN
ARID3A	0.574736302638026	9.30825582010652e-10	9.61498247722368e-09	1	UP
EPAS1	-1.6640173354332	1.92147694289759e-131	8.16684214759208e-129	1	DOWN
PURB	0.193363955615166	0.00192446701102052	0.00741019791533641	1	UP
MAGED4B	0.311941780894015	0.238802475609135	0.397298477438131	1	UP
RPL23P6	-0.427951905161984	0.403277786079773	0.574277422806346	1	DOWN
BCAM	0.469449460877263	0.00339253195151906	0.0121470463903374	1	UP
LOC124905564	0.420997562390065	0.000168030686362925	0.000830909653346891	1	UP
MSRB3	1.13694261407534	0.0101810638321281	0.0316197192001038	1	UP
MTCH1	0.243606506271989	1.44901286225959e-05	8.77238578655775e-05	1	UP
NRM	-1.17760825926989	6.33533983871861e-08	5.35382878797041e-07	1	DOWN
YBX3	0.68558873997404	3.98066678824799e-09	3.91057890937945e-08	1	UP
KLHL38	-0.63894450433427	0.257762928957959	0.419531095464553	1	DOWN
NPAS1	0.404105888368247	0.549634643179003	0.702775635160129	1	UP
HPS5	-0.0627092563472678	0.410975424899524	0.580644814358312	1	DOWN
SPIRE1	-0.075311398617295	0.279870445464137	0.445020236908128	1	DOWN
BTBD1	0.041921133456208	0.56187118709493	0.713672549961452	1	UP
HSD17B10	0.0958097459699361	0.362473454190671	0.532900941917819	1	UP
ZNF707	0.205466602636856	0.437969588678106	0.606700395512587	1	UP
PRPF38B	0.082732725160472	0.4074077656232	0.57844857742394	1	UP
GSTM1	0.0745306213772031	0.607637316908375	0.750231380605965	1	UP
TUBG2	0.0436845406912603	0.725518010490188	0.837416994376494	1	UP
ZCWPW1	0.279310298882753	0.536436027808425	0.691500870970797	1	UP
AP2S1	-0.0208185137952711	0.793635244637181	0.879202397887612	1	DOWN
ITGB8	-1.4536327162612	8.16077320466567e-06	5.15659525931892e-05	1	DOWN
PON2	0.369618929276744	8.94837776918375e-05	0.000467171268578303	1	UP
COPZ1	0.00661334317455939	0.935505823772751	0.963681631946494	1	UP
HBP1	0.0662197194835835	0.388151507768862	0.558404921729002	1	UP
GEMIN7	0.256043688233365	0.18535073841669	0.330353172281646	1	UP
MBTPS2	-0.146495022824163	0.0726793326712597	0.160227160401583	1	DOWN
SEMA3B	-0.935992052494997	1.09139886408962e-08	1.01753580548123e-07	1	DOWN
SMPD2	0.25584006248872	0.522085384767593	0.680679889505277	1	UP
EFR3B	1.1379980220132	0.00843523949205295	0.0269983711848632	1	UP
RPL31	0.0992017417481599	0.166464665042859	0.304628750401957	1	UP
METTL21C	1.45997314848952	0.0455245600669176	0.109939749862348	1	UP
YOD1	1.53021169477638	7.10850391122966e-98	1.77112051760655e-95	1	UP
CHM	0.033709154037404	0.703254729473684	0.821987180693612	1	UP
SMYD5	-0.615033764177962	7.56986934976833e-06	4.81267848541584e-05	1	DOWN
RAB11FIP5	0.225609611210761	0.138275327120901	0.264139689652894	1	UP
DYSF	0.388898404028279	3.14190862172915e-08	2.75007398501562e-07	1	UP
CCDC142	0.0169031546824891	0.931460728932269	0.96146707098573	1	UP
EBP	-0.179847056769716	0.438062953715473	0.606771565622764	1	DOWN
NCBP2	-0.5859508687612	0.052957373110398	0.124194579490159	1	DOWN
BRI3BP	-0.40419047329496	0.000258791586849201	0.00122857990195723	1	DOWN
MAD2L2	-0.201774470205257	0.292166237297454	0.459072990669295	1	DOWN
HDLBP	-0.0272236460402615	0.67170137996582	0.8002932345524	1	DOWN
ZFHX3-AS1	-1.01314437739532	0.000700918643990081	0.0030145759893752	1	DOWN
LOC124900372	0.0604466070200449	0.820991571812856	0.895880782622335	1	UP
KIF21B	0.644943559990524	0.261447989314238	0.423848428716632	1	UP
MEGF6	0.476317432458621	0.0268622068058633	0.0713314499359667	1	UP
COPS8-DT	-0.655404630104611	0.176036518271637	0.317472073573372	1	DOWN
AURKC	-0.276156785495609	0.716237826340572	0.830753096432106	1	DOWN
ANO7	-0.128250059063091	0.773911691975879	0.866296550847393	1	DOWN
GRIK2	2.94179106310372	0	0	1	UP
SLC35A1	-0.0211814802157278	0.956399532750236	0.974608959013727	1	DOWN
CGRRF1	0.598750805010856	0.00307073337203999	0.0111411418426688	1	UP
CCDC167	-0.0886881360803012	0.705009366188	0.822947524295864	1	DOWN
LRCH4	0.0758303617173971	0.480872711553909	0.645166795531106	1	UP
FAM76B	0.146002100135232	0.403135889090934	0.574131933897022	1	UP
EP300	0.204946005134556	0.000218846994589279	0.00105559343084435	1	UP
L3MBTL2	0.109600021067838	0.417136302012623	0.586556066983012	1	UP
FAM72A	-0.744853386969903	0.344882119708914	0.514640182890922	1	DOWN
CACNA1H	0.870213567854796	1.14467443336668e-25	3.2886064088632e-24	1	UP
SLC22A4	-0.150238850580896	0.305534406596072	0.472576015168558	1	DOWN
CSNK1G3	0.203262263214169	0.0524706212139893	0.123413565619036	1	UP
IK	-0.287506438127014	0.00228014309685426	0.0086077188852249	1	DOWN
RPS3AP24	1.88032418938201	0.0209018205662267	0.0580283667128874	1	UP
AGPAT4	0.710616520437934	1.10876409296253e-12	1.48910315124549e-11	1	UP
IMP3	-0.0103266796202154	0.943905275075248	0.967677009797986	1	DOWN
LRRC37B	0.268476800340187	0.053245197913767	0.124748112038237	1	UP
LINC01204	-3.21961543280162	0.0104137155343459	0.0322432891201807	1	DOWN
BCL7B	-0.100001381836959	0.335977013975623	0.505697722004138	1	DOWN
YKT6	0.369813843608872	1.11033576811968e-07	9.0909134193187e-07	1	UP
TBL2	0.0470884516484998	0.742421849426036	0.847719512172538	1	UP
TTC13	-0.0978073413834733	0.3946619002567	0.565462930855599	1	DOWN
NQO2	-0.0146634932711729	0.944584213224656	0.967823770937997	1	DOWN
GALNT2	0.351707019341485	2.86786061951933e-10	3.11839381585206e-09	1	UP
PEX6	-0.562905218575423	0.00165062520629527	0.00645378378143207	1	DOWN
TRIM68	-0.122608354330902	0.527956877405126	0.68555169695224	1	DOWN
POMT2	0.214191836126922	0.196472107247993	0.344816422375607	1	UP
LINC02076	-0.756719324209133	0.136746600210392	0.26191187801728	1	DOWN
CD63-AS1	-0.51705350713687	0.111250745831411	0.224380255130456	1	DOWN
CYBC1	0.281887349145032	0.221353111448543	0.376282062527102	1	UP
PFAS	-0.652183111125375	1.96112728037599e-05	0.000116148566920957	1	DOWN
HYI	-0.354795354560038	0.00129181733034015	0.00521891312293696	1	DOWN
IRF2	-0.488436599092071	0.000269090224180843	0.00127037661863357	1	DOWN
BCDIN3D-AS1	-1.15928534819848	0.24159316650498	0.400649856456675	1	DOWN
MIR193BHG	0.603833741715624	0.149166841288991	0.280471234252572	1	UP
PFKFB4	0.058809093909038	0.718765751716954	0.832482478004464	1	UP
SLC66A1	-0.0951409877275321	0.597707004185737	0.742113920224082	1	DOWN
MAMDC2-AS1	0.55023281467707	0.314698411471525	0.482566505111949	1	UP
ANAPC1	-0.314099260690438	6.40486269521465e-05	0.000343438481664367	1	DOWN
PDIA3	0.18805889623471	0.00235574375048014	0.00884459676232489	1	UP
CFAP251	0.329194597112818	0.108133966111804	0.219255568446197	1	UP
WT1-AS	-0.42957676033986	0.0579380393907734	0.133300844966736	1	DOWN
UNC13B	0.150755257805613	0.0340356131809989	0.0864408868327971	1	UP
EMC6	0.350271752855306	0.0313053715365782	0.0807846292991235	1	UP
DEGS1	-0.00839413499528895	0.972132928055828	0.983636251458813	1	DOWN
RPS28	-0.563993812648214	0.000470140304502461	0.00210731933634152	1	DOWN
MARCHF10	-0.0694143588191262	0.849314209302302	0.91482048482811	1	DOWN
TAF1L	-0.0874962076026479	0.799871077452807	0.883170609739495	1	DOWN
ACO1	-0.417788564273753	1.57346225232384e-11	1.92532624964706e-10	1	DOWN
MRNIP-DT	-1.90144168143741	0.090546633712539	0.191076139570663	1	DOWN
MARCHF8	0.189185038889937	0.0543012844608003	0.126803059113073	1	UP
CRCP	0.0995880485504157	0.619980227629769	0.760127322173538	1	UP
PEDS1	0.29917287815556	0.251976997790415	0.412427182587981	1	UP
PKD1L1	1.29304506002555	5.86276669333642e-05	0.000316957880603833	1	UP
SYN1	-0.501842242693497	0.625358924590055	0.764621526292485	1	DOWN
IQCN	-0.560050579795347	0.0412679456404929	0.101439544557027	1	DOWN
PSMB4	-0.433785244660089	1.75625149315144e-09	1.7747965264008e-08	1	DOWN
SSBP4	-0.351165996842743	0.00391139427674247	0.0137787819533739	1	DOWN
GDF15	0.854074482995542	6.70550359145698e-19	1.40233331982843e-17	1	UP
PGPEP1	0.249856314399504	0.182626677982773	0.326493840683867	1	UP
MED30	-0.290297116290455	0.362424169508031	0.532900941917819	1	DOWN
RAD21	-0.463723217068203	3.45852833621747e-15	5.62195646644304e-14	1	DOWN
PEX2	0.149518263907663	0.533761553243422	0.689742305814244	1	UP
CNOT8	0.317198204377351	0.593463025503475	0.73874874507285	1	UP
SYNJ1	0.180798006186566	0.0818075302074124	0.176500540314619	1	UP
LARP1	0.0293991898425551	0.531201456036744	0.687772792227393	1	UP
PAXBP1	0.166533521717068	0.115595808282827	0.231303659027296	1	UP
QPCTL	0.0408389374340854	0.810745968812169	0.889810350743897	1	UP
HFE	-0.430660560217072	0.173730135220442	0.314490064395667	1	DOWN
SSUH2	0.928924026352896	0.0221508831016592	0.0608328414485133	1	UP
MMP1	-0.451290857268584	2.80614141671425e-07	2.19316114726542e-06	1	DOWN
PHLPP1	-0.941290738292895	4.45592007343742e-07	3.38195908514938e-06	1	DOWN
TRAPPC5	0.184974560312008	0.302261698770805	0.469019103481864	1	UP
MIX23	-0.49053376684789	0.0285333685061484	0.0749526225008098	1	DOWN
HLA-DPA1	0.0291945752650585	0.911029087844808	0.949807470488805	1	UP
LINC00106	0.371329123073278	0.0867451560005481	0.184617709773773	1	UP
GCNT4	1.28614920673874	1.68837876928521e-85	3.12804635832571e-83	1	UP
EFCAB5	0.0120003566488338	0.964115260052107	0.979020075407889	1	UP
ZNF251	0.293458145131216	0.0024777522122928	0.00925219566404218	1	UP
SVIP	-0.0912910071158881	0.761686929900267	0.858964006404849	1	DOWN
MAN1A2	0.432528397276989	1.19694386343671e-14	1.86994981302961e-13	1	UP
MIER1	-0.200422198235962	0.353078596411514	0.523316799665927	1	DOWN
TSNARE1	0.21226396887465	0.466244935502501	0.632351531013294	1	UP
XKR6	-0.0213632183330324	0.922461919752372	0.957169325938216	1	DOWN
NR2F1	0.153184253366951	0.10515789066341	0.214597351780738	1	UP
MCPH1	0.1213373355357	0.237140928666031	0.395444675761922	1	UP
RPL6P19	0.0395076504325841	0.774401932450379	0.866704021518001	1	UP
SERINC1	0.338012083301459	1.837036481287e-08	1.6581520419162e-07	1	UP
ZNF57	-0.613717399712411	0.158370476518307	0.293452194781221	1	DOWN
PCDHGA11	-0.424337821666174	0.0287992341918427	0.075490247289374	1	DOWN
HADHA	0.0541374302133137	0.358640264671068	0.529063951078155	1	UP
PSMB9	-0.349412366658289	0.0243592395015949	0.0657726775107526	1	DOWN
SORBS1	2.50478746346533	4.03597441048334e-243	4.1659904432782e-240	1	UP
GABARAPL2	0.0187516026354933	0.898778041042098	0.942201049771444	1	UP
LOC124905527	-0.394282258537755	0.52274783066612	0.681052010544185	1	DOWN
WDR31	-0.00311031344607865	0.992489463006141	0.995681633488667	1	DOWN
ASCC1	-0.462090640561178	0.000635975496778124	0.00277239273120382	1	DOWN
POLE3	-0.291698572021225	0.00555845617083204	0.018745682642869	1	DOWN
TBC1D8B	-0.0691200182615327	0.518368992099353	0.677546156370093	1	DOWN
CTDSP1	-0.434950630378352	0.00432608173949853	0.0150895986525448	1	DOWN
PDZD4	0.609084509317421	0.319835568618527	0.488735980376096	1	UP
CREB5	1.02061114633108	0.121804687960688	0.240671041356113	1	UP
KIF16B	-0.0110285775067046	0.913771693452705	0.951466199871989	1	DOWN
KSR1	1.26729856170477	8.24633989582396e-19	1.71464543646837e-17	1	UP
HMGA1	-0.304757110302398	0.0292591748761342	0.0764192521271651	1	DOWN
STAC	-0.609302782479764	0.101001577541374	0.208421219056175	1	DOWN
CES4A	0.886340755797752	5.61685038376059e-06	3.66451940838484e-05	1	UP
FGFR2	-0.147238423084818	0.485631108225633	0.649119402464141	1	DOWN
PARP14	0.16156383318879	0.013076467046789	0.0390914408963897	1	UP
DHX8	-0.121295478454945	0.0782032161513054	0.16989096160591	1	DOWN
MEF2D	0.226733489225568	0.192957245663116	0.340324989380789	1	UP
CAMK2A	-0.369233600999603	0.406345858268833	0.57728116376749	1	DOWN
SLC35H1	-0.0303128964087044	0.775767468810487	0.867504941857276	1	DOWN
CDKN2B	0.966620800823671	3.90223985615004e-15	6.30879932002528e-14	1	UP
CDKN2A	-0.192421019603776	0.507888724291673	0.66868622036616	1	DOWN
AMMECR1	0.237927111894924	0.00370396160290318	0.0131481083575421	1	UP
CHRDL1	-2.00513861418339	0.0147951289982017	0.04340324992956	1	DOWN
PNPLA7	0.224956523023975	0.528401541932275	0.685697798353386	1	UP
NPR3	-0.439049096354392	0.251318690776555	0.411676082567671	1	DOWN
DNTTIP2	0.380505699011617	0.102580629768932	0.210866668675795	1	UP
SUB1	-0.142936686552071	0.0568602690275509	0.131531345159908	1	DOWN
GOLPH3	-0.0628663397560268	0.369020648494959	0.539039435571045	1	DOWN
GSTT2	0.347834697363119	0.462119021252652	0.628821278354244	1	UP
DOCK7-DT	0.842043419125565	0.00133823672098303	0.00537411649932661	1	UP
FMO4	-0.261928358130051	0.653445214630782	0.787381948267859	1	DOWN
SKIDA1	0.239542447204114	0.688086874517698	0.811452866301229	1	UP
SPAG4	0.105561846316688	0.78954711951005	0.877132950802563	1	UP
H2BC4	-1.89884462277986	0.0196996052805111	0.0552302838311749	1	DOWN
SDHA	-0.312869199066534	0.00854862709640698	0.0273249746007913	1	DOWN
ZNF792	-0.180285633749504	0.4999451294851	0.660997901755643	1	DOWN
NPIPB12	0.185038269876518	0.747126760504239	0.850470958333734	1	UP
RPL6	0.0682803149958652	0.281023765611751	0.446370019438933	1	UP
SNX5	-0.463089156729979	2.2785648842087e-05	0.000133634501386769	1	DOWN
CDK18	-0.676830485955921	0.013375974974861	0.0398466737500961	1	DOWN
GPR89B	0.197677433910659	0.285539139436504	0.451318227950762	1	UP
NPM3	-0.762870096961087	0.000157506270525938	0.000785411703026339	1	DOWN
FBXO43	-7.40721228202191	3.59053932865915e-09	3.54418605453917e-08	1	DOWN
PABIR3	-0.549760914297595	0.0752020496572147	0.164658305999456	1	DOWN
PABIR2	-0.615048488959394	9.83691652271194e-06	6.14056156662518e-05	1	DOWN
LACTB	-0.0912778883113822	0.168090619000907	0.3070894481899	1	DOWN
CORO2B	-0.764524995161948	5.06240789903405e-10	5.37128168494428e-09	1	DOWN
LASP1NB	2.54669550075247	3.32783149151586e-32	1.26553928641831e-30	1	UP
NLRP2	0.786607305404123	4.02059990278194e-06	2.67503173089787e-05	1	UP
ARHGEF1	-0.152762325627647	0.168209033633565	0.307228102254632	1	DOWN
CHRM2	0.834732228799451	2.43889124928648e-25	6.87025681158653e-24	1	UP
XAB2	-0.128599404461243	0.231049234522012	0.388243312567162	1	DOWN
TOR1AIP1	-0.462102081598915	0.0243045130944698	0.0656739937786431	1	DOWN
RGS16	-0.150855443424292	0.772832304812435	0.865684802483877	1	DOWN
THAP9	0.522305586197793	0.267524554892212	0.430991899971835	1	UP
TSPYL1	-0.138868078343673	0.0209857091095709	0.0581969837540605	1	DOWN
RNF187	-0.0069516905797437	0.935540074360069	0.963681631946494	1	DOWN
RSPH4A	1.36337651817613	0.0137887914913858	0.040941406583525	1	UP
RWDD1	-0.56844460292597	2.77804440113573e-11	3.32055580155603e-10	1	DOWN
CFAP54	1.56563617043139	0.000579898266585448	0.00255621438685503	1	UP
NPIPP1	-0.440097604140749	0.374738724263469	0.54557216445007	1	DOWN
SUPT7L	-0.159384032176225	0.0937803103554957	0.196693652387122	1	DOWN
ZNF81	-0.164562416077444	0.180583428740205	0.32369277210676	1	DOWN
HGF	-0.876709260488574	0.0675875558250771	0.150936141126285	1	DOWN
FILNC1	0.194258174460258	0.656375331485436	0.789242688228509	1	UP
SPIN2A	0.407386608100198	0.575734365504038	0.725618115811866	1	UP
LRIG2	0.113600259899591	0.311446923006796	0.479207781555708	1	UP
ABCB10	-0.281144060032592	0.0054743039180236	0.0184877695534842	1	DOWN
COG2	-0.0408426252253457	0.765601134034614	0.861591931152886	1	DOWN
MMAB	-0.71517228905814	0.000975137235105954	0.00404309562117209	1	DOWN
KDM6A	0.540635953820508	1.5663578910297e-07	1.25962369968115e-06	1	UP
ADGRA3	-0.126234437874822	0.316614876107364	0.484682370193593	1	DOWN
EME2	-0.186019863219942	0.397423436080905	0.568348943572999	1	DOWN
TESMIN	0.425952478739485	0.429618838327062	0.598286771963417	1	UP
COMTD1	-0.0275393188092411	0.930675368071211	0.961068296698376	1	DOWN
IGHMBP2	0.22618802859749	0.124382836510096	0.24448536050155	1	UP
MR1	-0.751840587473212	0.000418162880063735	0.00189372352861204	1	DOWN
PTRH1	0.547209904107629	0.105895771859948	0.215747892168068	1	UP
CCDC97	0.129338363441992	0.308052638001756	0.475250205163166	1	UP
SAXO4	0.026599563395468	0.970080389252927	0.982524159982831	1	UP
ZNF177	-0.524305615479375	0.54298543482704	0.697234984777462	1	DOWN
ZNF48	0.159985226630003	0.506682022808774	0.667624369715156	1	UP
GOLGA8M	-0.194977204983858	0.589556801550117	0.7361055243823	1	DOWN
CYB561A3	-0.294315341540406	0.0591636028295193	0.135526393245098	1	DOWN
SHANK1	0.807070685616478	1.20073805928841e-07	9.81995794837397e-07	1	UP
KCNIP4	0.714848198350587	0.195280747519102	0.343389702793438	1	UP
SPTLC1	-0.00225215670355494	0.976168101635115	0.985525262557981	1	DOWN
NFATC2	1.9929115793574	0.00145260810424778	0.00576693398749579	1	UP
VEGFA	1.04683523139693	1.99414811365823e-35	8.52586816286245e-34	1	UP
ZNF578	0.283972577292339	0.219480030615253	0.374066036374693	1	UP
RGPD2	0.288661331728049	0.209941877018237	0.36169171015624	1	UP
GNPTG	0.377143868780904	0.000472996576210197	0.0021186628647902	1	UP
SENP7	0.398023639260618	0.000321665304596221	0.00149225852864205	1	UP
COG5	0.223539395645672	0.00208020585140417	0.00792540331100492	1	UP
ZNF462	0.270519120400027	0.270746942561757	0.434874298872952	1	UP
RPL23P4	-0.669606813753395	0.39164957791463	0.562140694345952	1	DOWN
ZSCAN12	-0.1112924414166	0.519994939237184	0.67893448381971	1	DOWN
RPL21P48	-0.0454268776338701	0.939631362156853	0.965137060829585	1	DOWN
RNF41	-0.135732530051744	0.218205214676231	0.372068856316957	1	DOWN
TMEM129	-0.216034408827522	0.106153587634159	0.216053384383052	1	DOWN
SPRY3	0.346933378354295	0.0876014437693691	0.186083854756894	1	UP
PPIC	0.157710653642379	0.170081161694892	0.309669001846149	1	UP
SLC28A3	0.261580431904714	0.529482098763776	0.686668384567471	1	UP
FAM78A	-0.257071287494484	0.708667952238274	0.826083776542333	1	DOWN
GSAP	0.274914585168001	0.0831420089532651	0.178553302330753	1	UP
ZNF519	-0.952643119774984	1.44196046705963e-06	1.02750348666069e-05	1	DOWN
FBXO48	-0.171012495060684	0.582371020047983	0.731113162254661	1	DOWN
UQCC3	-0.0102527522277364	0.969264190300561	0.98199274640854	1	DOWN
ZNF155	-0.115266572283155	0.791784321519806	0.878402827443783	1	DOWN
NFIX	-0.694486601549817	1.44944369509109e-22	3.55618180607154e-21	1	DOWN
LHFPL1	1.50538692227318	0.208192392722155	0.359449016395205	1	UP
CEP97	-0.208679835908682	0.0518719177325294	0.122303978324814	1	DOWN
ZNF780B	0.0841301927594351	0.738865001566833	0.845863751694708	1	UP
SEC22A	-0.292710989303078	0.159283136688319	0.294725492175138	1	DOWN
SNAI1	1.51637465997588	3.04883307333376e-07	2.36747376371554e-06	1	UP
TATDN1P1	0.169217204539738	0.72859729686456	0.839161515660298	1	UP
NUCB1	0.106933937493429	0.316091358436578	0.484246501572818	1	UP
TWF2	-0.0915760445210436	0.50550124269129	0.666332067694229	1	DOWN
LINC01914	0.125856908883138	0.89567778538456	0.940706695666949	1	UP
ZNHIT1	0.202148256389989	0.0444065009981136	0.107725087447329	1	UP
CLDN15	0.319826037669175	0.228789036588448	0.385476316630484	1	UP
EIF4EBP1	-0.262610664975645	0.195125368173253	0.343233569085228	1	DOWN
MXD4	-0.448067780842503	2.72797114399122e-05	0.000157498645632509	1	DOWN
ABHD2	-0.499198294092674	1.67386841736397e-10	1.85783966968715e-09	1	DOWN
FANCI	-1.60708239186272	4.48251740670919e-67	5.26641130441907e-65	1	DOWN
POLG	0.00553892117090192	0.955457927535602	0.974119607773785	1	UP
ACSF2	-0.0395283491516826	0.788114881462481	0.875945866175536	1	DOWN
EEIG1	0.218521462882511	0.276186054656748	0.440623170219106	1	UP
PIP5KL1	0.612300362755061	0.126761742069064	0.247813032283556	1	UP
SAMD14	0.448493354419665	0.00291076254792587	0.0106489695139435	1	UP
ENTPD3-AS1	-0.0316573446352349	0.954091730912373	0.973094634226653	1	DOWN
RUFY1-AS1	0.433657247211611	0.491111741159482	0.653805229985783	1	UP
PLK1	-2.10160432491922	3.33902136775774e-44	1.97754908956832e-42	1	DOWN
CLPX	0.0874378627760341	0.319837808208203	0.488735980376096	1	UP
YY1AP1	0.0184070719871884	0.828683477408035	0.900940786339416	1	UP
KBTBD8	2.0319070630412	1.1050816100354e-05	6.85093708563774e-05	1	UP
EOGT	0.591799399868602	0.00970735565982553	0.0303334633888984	1	UP
RC3H2	0.220028418878686	6.05925315357235e-05	0.00032635955021347	1	UP
INKA2-AS1	-0.820193154779543	0.00221423020943253	0.00838078594984534	1	DOWN
CGNL1	-1.03213937365485	0.00133841570002605	0.00537411649932661	1	DOWN
HIPK2	0.497466847600119	1.85787937456208e-12	2.45413298371084e-11	1	UP
DENND5A	-0.186051932405719	0.00381446650612209	0.0134840644520475	1	DOWN
MYADM	0.811696624090653	3.36755463741485e-31	1.22272693631362e-29	1	UP
SLC45A1	0.151147871340533	0.708378824340648	0.825813358385504	1	UP
CHIC1	0.389079700434385	0.00418568684670648	0.0146564963949007	1	UP
DENND4C	0.117109190218751	0.104173930457698	0.213322583115232	1	UP
IGFBPL1	1.89182187706611	0.000284239468727564	0.00133752672177858	1	UP
ASF1B	-3.18675889204591	2.17363446712081e-36	9.46120231456712e-35	1	DOWN
KCTD9	-0.748530382248422	7.5833832131853e-16	1.28322565355668e-14	1	DOWN
H2BC10	-2.56364699365556	4.45149991772001e-33	1.73861149489113e-31	1	DOWN
ENPP4	0.345342749114144	0.13189764692863	0.254940051138906	1	UP
IFNGR2	0.0419722303376332	0.817074490613391	0.893940248173881	1	UP
SLC25A16	0.399311654939132	0.00370795356975209	0.0131590464234989	1	UP
SHLD3	0.281788920530238	0.34267611812539	0.512524589425586	1	UP
LOXL1	-1.02192304220502	2.39274534923503e-18	4.76274973027485e-17	1	DOWN
ANKRD29	0.930438270050106	0.0379332541104791	0.0946152640085509	1	UP
RAB40AL	-0.316240937165395	0.396018479372219	0.567013082870102	1	DOWN
EDF1	0.218361501089397	0.00392274047382299	0.013812749168425	1	UP
SLC10A7	-0.398220134185214	0.0189407987322326	0.053516404165919	1	DOWN
C16orf87	-0.000346898963203059	0.997195155975709	0.998570385962086	1	DOWN
MFAP3	0.375333053615175	0.0283607303823225	0.0745707632377988	1	UP
ELOVL6	-0.519964720398967	2.03056074221618e-06	1.42237679523829e-05	1	DOWN
PFKFB3	0.589088129998125	6.2060039134061e-06	4.01266051689627e-05	1	UP
TRA2A	0.172222868076261	0.0177662586041931	0.050759233509133	1	UP
ZNF627	0.662278309288786	0.000432628723200669	0.00195189437370367	1	UP
ZNF789	1.07672153465521	1.76991394893157e-18	3.56722823933196e-17	1	UP
WDHD1	-1.67400666645908	5.74662048985075e-39	2.67885202254301e-37	1	DOWN
SEMA3C	1.4138559008476	8.7982366688267e-78	1.31075585671355e-75	1	UP
MATCAP2	0.896274722015471	0.00107209487553843	0.0044026266116527	1	UP
UBE2Q1	-0.0826980277395839	0.265656890348287	0.428652045826607	1	DOWN
IL6R	-0.549794903409358	8.40450500411234e-07	6.18713712758163e-06	1	DOWN
ADAR	0.0571380790644566	0.307381457347217	0.4745693846287	1	UP
ARPC5L	0.0710973592786917	0.417985895252813	0.587350658527655	1	UP
MRPS18A	0.00427987929836316	0.976603287709923	0.985674962333852	1	UP
SART1	0.00243811438923747	0.981290356473547	0.98916203553287	1	UP
NAPA	0.0314546197692448	0.728516083524124	0.839161515660298	1	UP
CDC37	0.0777189152579381	0.52089270884171	0.679825468063759	1	UP
RABAC1	0.245620117133887	0.096701655684461	0.20167926487172	1	UP
GFPT2	0.157989713312202	0.279025730492119	0.444026079874641	1	UP
LINC01118	-0.203208546563092	0.67878320222855	0.804865688307068	1	DOWN
G2E3	0.21446469309279	0.0327877265380875	0.0838462990978415	1	UP
H2AC25	-0.427916943112073	0.216080390804517	0.369142656048714	1	DOWN
FCRLA	-0.656737757599574	0.15869369330672	0.293897547350431	1	DOWN
SYNGR2	1.25707529264633	2.99236821736776e-15	4.9139446714979e-14	1	UP
NUP210	-0.69650314296575	0.0626448932610448	0.142049482585181	1	DOWN
SIPA1L2	0.553200961263164	0.139032841527571	0.265026196137044	1	UP
RPL35P1	-0.01245161270253	0.958274473912841	0.975693963398469	1	DOWN
COX15	-0.522328717991215	2.28346526023883e-08	2.03317045444925e-07	1	DOWN
LGALS3	0.279568224665543	0.000305339828882778	0.00142291708067882	1	UP
RILPL1	0.0469410627620341	0.757092081268107	0.856692684868355	1	UP
TAF10	-0.328366350489421	0.0342301929195068	0.0867673246587954	1	DOWN
KRABD1	-0.492085078613677	0.113682228834275	0.228393103109644	1	DOWN
TXLNA	0.017121793725778	0.786802548441021	0.875067518838401	1	UP
ARHGEF33	0.18105127593164	0.695483446860764	0.817773091178592	1	UP
MTBP	-1.12782676461627	1.22333859528001e-07	9.99913237578701e-07	1	DOWN
SNTB1	-0.238262879778846	0.0116096543577954	0.0353202347630529	1	DOWN
NPAS4	2.08933093948126	0.000658524977541582	0.00285690316735317	1	UP
MNAT1	0.259210123955277	0.0451828369302129	0.109259902355841	1	UP
SBNO2	0.021753556406605	0.793222442129618	0.879062471561255	1	UP
MID1	0.498181914361228	2.09942320466241e-07	1.66696509508662e-06	1	UP
SLC68A1	-1.47554294451669	0.000105898702735658	0.000546746035453017	1	DOWN
ZNG1A	0.111327837430562	0.37074278370795	0.540953550824272	1	UP
MYOF	-0.376861805549537	1.21454507509959e-17	2.32161255029949e-16	1	DOWN
RAB43	0.894530727450435	0.507804706710435	0.66868622036616	1	UP
PTPRG	0.422664491859491	3.76557104300216e-07	2.88987079885418e-06	1	UP
GLYATL2	-1.64080213397659	0.195142689336671	0.343233569085228	1	DOWN
FLNA	0.489623804449287	9.20286194867459e-33	3.54641488054124e-31	1	UP
PDLIM7	0.785026745720432	1.56484217799268e-43	9.04541372566889e-42	1	UP
SRP72	-0.440716668428549	1.78934078648719e-12	2.36792707926066e-11	1	DOWN
CNP	-0.0941088625858981	0.550443208916095	0.703375122178034	1	DOWN
POLR1G	-0.374826955999864	0.200828972237657	0.349828770227385	1	DOWN
CD81-AS1	-0.723980074623948	0.259975886271736	0.422030053079404	1	DOWN
RAP1A	0.136254550353927	0.118240839204927	0.235520105768491	1	UP
MRPS30	-0.420171813822022	5.98216094668309e-05	0.000323050104037808	1	DOWN
NNT	-0.342163054603799	8.83957649430473e-07	6.48430050351257e-06	1	DOWN
HDAC1	-0.168651878048635	0.0214764765239374	0.0593706483617207	1	DOWN
C1GALT1C1L	-0.355059121717574	0.495353638858057	0.657151880578149	1	DOWN
PALM	0.679825429355549	0.000980969532895221	0.00406305265688416	1	UP
GADD45B	1.60407923278025	2.04697884135512e-42	1.11626004665747e-40	1	UP
BUD31	0.269095004045988	0.0268862310576017	0.0713821284242885	1	UP
PDAP1	-0.492543401897971	5.43835766681993e-08	4.64752848274481e-07	1	DOWN
ALDH3A2	-0.19509667249262	0.199680703031853	0.348584904507527	1	DOWN
MAPK7	0.0102044743197464	0.939510378831755	0.96508846207689	1	UP
STRADA	-0.415756050776747	0.0253855367970226	0.0680226946511726	1	DOWN
PABPN1	-0.127155936539067	0.129547080347254	0.251556686119077	1	DOWN
SNX25P1	0.409070825359279	0.417466301446086	0.586845223511855	1	UP
RPL24P8	0.0267472161124037	0.839968748314826	0.908358032021069	1	UP
RPS3AP12	0.475057404572213	0.593432522653728	0.73874874507285	1	UP
SPMIP4	-0.119277238282285	0.674987331463586	0.801991077426579	1	DOWN
CCDC188	0.680246929508987	0.271526789053248	0.435484121593009	1	UP
METTL21EP	-0.223229454617068	0.651595402691889	0.785928149929095	1	DOWN
RARS1	0.0314596692471532	0.692364137716125	0.815166543436184	1	UP
WWC1	0.354075710072729	0.295343452531484	0.46200565409531	1	UP
TCERG1	-0.14150335670207	0.0574429016161479	0.132372408109544	1	DOWN
MACROH2A1	0.0454048934408161	0.459487088492772	0.626774392657075	1	UP
SCN9A	0.347150501980736	7.62805073420161e-10	7.93042886042788e-09	1	UP
SDC2	0.0442960528307465	0.697024391843842	0.818452871255006	1	UP
BLTP3B	0.0065703436220636	0.926394924551152	0.959161377636894	1	UP
NOP2	-0.353909592599913	0.00268429006143893	0.0099296486391241	1	DOWN
GAPDH	-0.337761088681337	4.27624943518225e-12	5.46867969803705e-11	1	DOWN
CHD4	-0.127728213861623	0.0183942782428247	0.0522333886592768	1	DOWN
SLC47A1	-0.364634916348765	0.244586750133092	0.404026015971726	1	DOWN
KPNA1	0.155094313002276	0.018864144153677	0.0533822145537729	1	UP
IGHEP2	0.947485664978147	0.168186251862552	0.307225322420142	1	UP
ALPK1	-0.61626643673018	1.34623905453842e-08	1.23599114213054e-07	1	DOWN
RPGR	0.511225468803143	0.000789784742300871	0.00336671956076398	1	UP
CHIC2	-0.048511036247451	0.753943784535509	0.854595782439614	1	DOWN
BRCA1	-1.47290471831357	1.15045749189234e-12	1.5422320236861e-11	1	DOWN
RPS15	0.0500614643415478	0.577190652055413	0.726882972797627	1	UP
RPL13AP11	0.0691422436177399	0.84043929017335	0.908533032266122	1	UP
LTO1	0.206940596005551	0.221440167016307	0.376367235217103	1	UP
ALDH1A3	-0.453367884567892	0.031613263833466	0.081419225745396	1	DOWN
BOLA3	-1.14811632006647	0.000157610478414209	0.00078566023579294	1	DOWN
CDC42EP3	-0.196206182138865	0.00130340295633607	0.00525543418582939	1	DOWN
ZSCAN21	0.191833121956177	0.444708700611112	0.612872903786763	1	UP
ZNF3	0.203972317613063	0.450521332114402	0.618456094482458	1	UP
YBEY	-0.246484929457011	0.254836818121224	0.416118289115233	1	DOWN
UQCRFS1	0.167072023606473	0.0271644552617227	0.0720149592711713	1	UP
PLSCR4	-0.397554040105762	0.000342913624685295	0.00158118850999592	1	DOWN
LINC02280	0.0263952289708372	0.970102592249453	0.982524159982831	1	UP
DYNLT2	-0.83813612260377	0.0281156643225924	0.0740476517451764	1	DOWN
UBE2G2	-0.0157321190004274	0.851402098045777	0.916128098797427	1	DOWN
SMIM10	-0.759716084393695	3.89886434190534e-06	2.60022612782329e-05	1	DOWN
KRT8P50	0.267720338983495	0.601462592979195	0.745350026893093	1	UP
GPR75	1.09073600079907	4.08683440420314e-09	4.00942593178137e-08	1	UP
REEP4	-0.362848019918585	0.134868488380528	0.259173474147209	1	DOWN
TNXB	-0.95632673410291	2.41452596310763e-16	4.23450421029956e-15	1	DOWN
TMEM30A	0.287414354616367	0.211206033062913	0.363436340056222	1	UP
COX7A2	0.0376129650461922	0.693762722318752	0.816456817347959	1	UP
GMDS	-0.176286822248654	0.250182034468619	0.410232676739591	1	DOWN
GET1	0.0664581139182067	0.794811169419205	0.879724361653759	1	UP
TNRC18	0.0199675271602536	0.870877153558226	0.927956204858912	1	UP
BLMH	0.0116137544669537	0.923723100490334	0.957882129248351	1	UP
NTN4	-0.431431645261525	8.69219352032757e-06	5.47324133168861e-05	1	DOWN
JKAMP	0.330196617845676	0.0224506774910933	0.0615158779718979	1	UP
ZNF35	-0.339575708899085	0.299236183887993	0.465908059716039	1	DOWN
ABCA6	0.738902971500529	0.00769281594715514	0.0248533161753496	1	UP
ABCA10	1.36051390982733	1.57485530225121e-05	9.47864805199177e-05	1	UP
ABCA5	0.141686407000995	0.124642640220028	0.244796248140748	1	UP
WASHC5	-0.27936798908505	8.4752862720628e-05	0.000444560297341487	1	DOWN
RSBN1L	-0.0112421925595645	0.937338375860054	0.964247479475286	1	DOWN
RPP25L	-0.525617398635236	0.0999008322096462	0.206665047961302	1	DOWN
KBTBD4	-0.36375438071941	0.01196365722893	0.0362522144297059	1	DOWN
SETD3	-0.0034171875919769	0.972923912803928	0.983850475955455	1	DOWN
PCBP3	0.551590317126385	0.0332132713840452	0.0847246222013834	1	UP
ARPIN-AP3S2	-0.953828101979168	0.00146694164966335	0.00581266075659037	1	DOWN
ARHGEF17-AS1	-0.548419084901386	0.207609165839118	0.358722032539485	1	DOWN
ADPRS	0.310949038362466	0.0114359793430519	0.0349094502506217	1	UP
ARSD	0.0793689608199617	0.418737967260683	0.588007226205824	1	UP
PNPLA4	-0.640071514412481	0.000468602962779095	0.0021017322827811	1	DOWN
MPPE1	0.0393212946544041	0.814031633492574	0.891855279423896	1	UP
RPS18P5	0.0457953004227439	0.541190000847482	0.695671295343085	1	UP
UBR1	0.077370263566508	0.199727380088272	0.34862151501017	1	UP
SNAPC4	0.42365675148219	0.00439767519846225	0.0152987010816028	1	UP
VCPKMT	0.27961585655639	0.247065055338844	0.406551709713236	1	UP
TMEM52B	0.212983067256444	0.346928586095354	0.516642852780809	1	UP
SOS2	0.608950476771461	4.78399757033194e-14	7.05444376417009e-13	1	UP
DAD1	0.257104528069829	0.035727570382396	0.0899475818111506	1	UP
SEC23IP	-0.162523413380597	0.0147430985874059	0.0432769688577296	1	DOWN
SPATA20	0.17666237288064	0.117931674433123	0.235081110662512	1	UP
NRROS	-0.485110674106764	0.235496518941501	0.39361094092339	1	DOWN
TOGARAM1	-0.250991907278793	0.0273485339096476	0.0724232478519915	1	DOWN
H2AZ1	-0.758922056865755	9.3443056246018e-28	2.96128422327019e-26	1	DOWN
DNAJB14	0.582561548759437	3.55133400214471e-08	3.09158600391525e-07	1	UP
SNHG3	0.0057087030225184	0.946240479249441	0.968956448265453	1	UP
GLMP	0.0803630242281234	0.404124851196421	0.574917131781796	1	UP
SLC9B2	-0.253939688640402	0.0484327316701153	0.115667064181926	1	DOWN
BDH2	0.0175539983779997	0.854911963083186	0.917650804316655	1	UP
PICK1	0.417719414746404	0.00874914106780014	0.0278795672702932	1	UP
DEPDC5	0.0463625265468779	0.753752682329615	0.854519321707961	1	UP
BPTF	-0.0831375195167719	0.155367444793889	0.289406412054201	1	DOWN
TTC28	0.108004115111182	0.187713799523884	0.333454470426509	1	UP
SNRPD2	0.777177431715136	0.0100610788271511	0.0313076335338416	1	UP
OPA3	-0.140238382878135	0.163714845312796	0.300895539834822	1	DOWN
FOSB	-0.0684380492041686	0.799342785177044	0.88278965140187	1	DOWN
EML2	0.00173729936871185	0.989482872368965	0.994160953111584	1	UP
RTN2	0.757502265035943	6.65211730839024e-06	4.28004217379997e-05	1	UP
TMC4	0.175251755811569	0.793820640586438	0.879202397887612	1	UP
PEPD	-0.154797285869908	0.149269050747333	0.280614941114831	1	DOWN
CYP2S1	0.173107999297828	0.715365503933339	0.830298111912693	1	UP
AXL	-0.570039213250625	3.17124200840572e-29	1.04868691678423e-27	1	DOWN
NFKBID	-0.098699074818574	0.752246357914684	0.85334108785816	1	DOWN
MIR4458HG	0.440851736989823	0.145867553093187	0.275582691822414	1	UP
PSMC6P2	-1.34464213893528	0.0901529314195487	0.190356518402089	1	DOWN
ACY1	-0.09500981424623	0.718656573333747	0.832439362012002	1	DOWN
ENO1P3	0.332408686409948	0.288696732712052	0.454907170744718	1	UP
TG	1.67546776435273	1.2919470125563e-06	9.27467773395484e-06	1	UP
SIRT1	0.57202718232207	9.21192213839724e-12	1.14661056694211e-10	1	UP
GEMIN8	-0.00624886245921424	0.971476482258176	0.983385167071512	1	DOWN
LY6S-AS1	-0.412518860745921	0.256810619863233	0.418490106861026	1	DOWN
PCDHGC3	-1.36370911369152	0.0652802918863014	0.146918781817309	1	DOWN
CASC11	1.53224893654057	0.04791706649724	0.114700932243103	1	UP
HNRNPA3P10	-0.30368214434011	0.14967430008951	0.281225333642924	1	DOWN
MASP1	-0.71831180409473	1.00458199760785e-12	1.35169594482598e-11	1	DOWN
CASC18	-1.29210232260606	0.042176769669154	0.103286985000668	1	DOWN
CIB2	0.155747028901788	0.587643654202552	0.734392191962511	1	UP
SUPT5H	0.00461126337189244	0.943763510914035	0.967600318993879	1	UP
WASF2	-0.199160803195974	0.000711177806357913	0.00305778949112711	1	DOWN
PIGV	-0.300920243351663	0.312899039032958	0.48060805524403	1	DOWN
HOXD3	-0.119536381196888	0.43677118015776	0.605562729008902	1	DOWN
CHN1	-0.410992001485034	0.00544870549444398	0.0184185363977099	1	DOWN
MTX2	-0.0116135801812919	0.931885867949538	0.961782432390765	1	DOWN
GTF3A	-0.0477251324871567	0.702709143843933	0.821852924217257	1	DOWN
PAXIP1	-0.213880245799752	0.134067814701302	0.25801225066567	1	DOWN
STEAP2	0.283658852621053	0.648848638015143	0.784317161686059	1	UP
SSBP3	-0.476354191884178	5.70985912683026e-05	0.000309385730190567	1	DOWN
MTIF3	-0.11472982423323	0.47895620401372	0.643411996348541	1	DOWN
NEO1	-0.249567630664038	0.00135994327495864	0.00544844476474281	1	DOWN
SNX33	-0.149381010263233	0.0391089874684959	0.0969905573892628	1	DOWN
CUL7	-0.109239318151765	0.321678587402559	0.490977742559609	1	DOWN
PIGS	0.185424319765441	0.0237326809140528	0.0644058163171788	1	UP
TSEN2	-0.459577744310102	0.0171354108822722	0.0491821070261019	1	DOWN
ZDHHC1	0.268821851527999	0.232609575074355	0.390139388277566	1	UP
TPPP3	0.435537185553058	0.465407871208372	0.631634866909049	1	UP
SYNCRIPP1	-0.147848406370327	0.358151359462841	0.528457865471181	1	DOWN
SLC35B1	0.374695500025905	0.0115001010074818	0.0350681493266764	1	UP
CYSTM1	0.369102161193165	0.00245449748527045	0.00917721685889865	1	UP
ZNF584	-0.557754584710615	0.270144289350753	0.434270624870578	1	DOWN
ACVR1B	0.693003133039479	2.74803693004211e-09	2.73875046041645e-08	1	UP
OS9	0.30918529754598	0.00277721257947659	0.0102172858925703	1	UP
RPS18P12	0.21115346727379	0.364978594409568	0.53513653285437	1	UP
LSG1	0.0178775435915552	0.837628120434374	0.906776834848838	1	UP
RAB1B	0.0321871363167519	0.853013597012975	0.917003584855691	1	UP
VWA8	-0.212442416562593	0.00512341662538406	0.0174619088805248	1	DOWN
RGCC	-2.11108853536325	6.76650529154355e-46	4.25142469426504e-44	1	DOWN
ZXDB	0.529763570024938	3.63556645144542e-06	2.44133693261328e-05	1	UP
ZNF568	-0.30295320646149	0.0428641490060866	0.104615743503962	1	DOWN
KLHL5	-0.429173154420239	1.44888556185972e-10	1.61807150343391e-09	1	DOWN
EIF5A2	0.208735842550344	0.0180923066347381	0.0515582573809111	1	UP
IFT80	-0.231835703144184	0.0498970264996958	0.118595712162353	1	DOWN
SLC2A8	0.697194682541946	0.029645137071934	0.0773567850896566	1	UP
STXBP1	0.344044824770333	1.20665654278703e-05	7.4233263941317e-05	1	UP
PCBD2	-0.168342232653026	0.376174702164549	0.546781394184259	1	DOWN
ANGPTL2	0.153969339844948	0.0289051881684595	0.0757405030321683	1	UP
ADAT1	-0.148050118069948	0.204026853684666	0.354118671942963	1	DOWN
MOB3A	-0.205788588102949	0.0137378308698918	0.0408320431717002	1	DOWN
KRCC1	-0.420588699230844	6.53601206473314e-05	0.000349821890175773	1	DOWN
RAB5C	-0.038256081730205	0.744158909196524	0.848630081818101	1	DOWN
SYNJ2	-0.575832471006833	1.44697944149595e-21	3.40558630440684e-20	1	DOWN
DHX58	-0.0421661173906077	0.85905952802559	0.920396841200343	1	DOWN
FER1L4	0.813907288858629	6.85443517221908e-08	5.76227124338208e-07	1	UP
RAB18	0.495123099544772	7.97520252543016e-09	7.58720550987434e-08	1	UP
RARS2	0.154095125911821	0.0563511389228329	0.130648212509844	1	UP
HAGH	0.106448758459175	0.493984651913605	0.656058469332185	1	UP
EEFSEC	0.0825617950020165	0.607270896247377	0.750121525059479	1	UP
USP53	-0.357955089512197	4.53443902099649e-09	4.42153699678949e-08	1	DOWN
SETD7	-1.65620912544222	5.76564483625249e-150	2.77731111762282e-147	1	DOWN
ACTR3B	0.124787523218223	0.508613427467517	0.669274507406036	1	UP
ARHGAP24	-0.168686399632871	0.0808248605988994	0.174745670334335	1	DOWN
PELI2	0.636483867601056	0.000913257216300503	0.00381319850700912	1	UP
ACTR5	0.141100578807249	0.605603698455583	0.748830242695442	1	UP
TSPAN4	-0.114525124598456	0.460328721858484	0.627271132444786	1	DOWN
KNL1	-2.12393005457984	1.90814388372441e-76	2.73015715482193e-74	1	DOWN
ALG14	-0.266991593148667	0.0966019430533134	0.201529475828415	1	DOWN
RTF1	0.10123327441545	0.194967681108855	0.343092786130548	1	UP
PARP6	0.135642024206073	0.234805364519626	0.392829971426572	1	UP
RPLP1	0.32746197804593	0.0123799836816453	0.037349299411995	1	UP
PAQR5	-1.06722457139465	8.70556816494916e-05	0.000455482134510066	1	DOWN
BPGM	0.395203175813304	7.9828996972096e-05	0.000420105183992629	1	UP
POP7	-0.356278652439172	0.0345479278692605	0.0874500097457845	1	DOWN
BNC2	0.103043860439909	0.244255359233011	0.403674999574136	1	UP
FAM222B	0.620751182987776	0.0298135453039041	0.0776700095883754	1	UP
HECTD4	0.425013644581294	8.03612323256085e-06	5.09118881340363e-05	1	UP
CENPO	-0.610332365327977	0.00696753630442998	0.0227646093455387	1	DOWN
LRPPRC	-0.00931987225202444	0.879301647496604	0.932745218231918	1	DOWN
NDUFA7	0.353233689065118	0.0197095407734668	0.0552302838311749	1	UP
PHPT1	0.364664413110933	0.06726376306722	0.150445540950998	1	UP
CENPBD2P	-0.307144203572456	0.41932068019865	0.588425242721955	1	DOWN
ATRX	0.215854624247265	0.000167099370098443	0.000827253510549024	1	UP
RALB	0.35594952489715	0.126893059336408	0.248002650861568	1	UP
THNSL2	-0.391359932759088	0.028242720141095	0.0743349754592144	1	DOWN
PDGFB	1.52844240649176	5.37046575382596e-12	6.7958494403274e-11	1	UP
HK2-DT	-0.426756223712993	0.28135882930404	0.446656755165625	1	DOWN
TMEM218	-0.0589622383031839	0.785138390295871	0.873847418219781	1	DOWN
DCTN6	-0.380557457673797	0.00435560647213485	0.0151852519008011	1	DOWN
PPP1R3E	-1.05187033177873	0.00568927389845773	0.0191199295596774	1	DOWN
RPL3	-0.0790920335361829	0.354907906154081	0.525381494758515	1	DOWN
ZMAT5	-0.0577753921446526	0.762040655485973	0.859257920757475	1	DOWN
R3HCC1	0.0875092453685778	0.608121590991119	0.750530797797648	1	UP
TMEM250	0.248289510872807	0.793701147348977	0.879202397887612	1	UP
DSP-AS1	0.310882769310299	0.473710602586715	0.639117908503466	1	UP
PHKG2	-0.0101281418129449	0.945811253153747	0.968668917032232	1	DOWN
SASS6	-0.328099453805691	0.04605668260652	0.111020036755099	1	DOWN
SLC71A1	0.282502411297179	5.94443470220986e-05	0.000321132807034148	1	UP
UCKL1-AS1	0.361309823001337	0.523293106537977	0.681639506271886	1	UP
CYTH2	0.602500402972792	1.44625830309683e-07	1.16824364103143e-06	1	UP
SRPRA	0.157065594219247	0.00569909257902371	0.0191440229798865	1	UP
SPA17	-0.604304675951895	0.00236906560915017	0.00888999405812233	1	DOWN
HUWE1	-0.201439101377928	3.40420336276603e-05	0.000192767017223087	1	DOWN
ZC3H14	-0.106354795541729	0.293852470510958	0.460221312599312	1	DOWN
FBXL19-AS1	0.137554985914884	0.490489775102313	0.653217928301864	1	UP
HEXD	0.255136503148247	0.285376353228175	0.451200621498945	1	UP
TIAM1	-2.51228882174846	6.14396860163935e-09	5.92304804951903e-08	1	DOWN
BDKRB2	-0.691227684298641	3.92991049464505e-06	2.61710306719427e-05	1	DOWN
DTYMK	-1.1314524973645	1.38811391681696e-17	2.64638973772057e-16	1	DOWN
ATG4B	0.0413128044883191	0.709387723425809	0.82638951964743	1	UP
ING5	-0.140438032819758	0.346646688075813	0.516432091689028	1	DOWN
TAP1	0.614789012335172	7.09761056093705e-15	1.12341259820483e-13	1	UP
OCLN	1.07950988481269	0.002165974800076	0.0082196695997632	1	UP
CFAP299	1.01157620783675	0.0687960256453182	0.152972975319356	1	UP
C11orf71	-1.41990345997349	0.0836599745972559	0.179399064090361	1	DOWN
HARBI1	0.267474298684776	0.269886646048755	0.434071443745193	1	UP
LINC00304	1.21161710387387	0.288575241257396	0.454765628289055	1	UP
MPG	-0.205519663638403	0.168061217525261	0.307074554868826	1	DOWN
C4orf33	-0.20267081325062	0.242316209341503	0.401480341801658	1	DOWN
COL10A1	1.63070822287978	0.0121501189557594	0.0367709673360584	1	UP
AMD1	-0.0197753314756325	0.787452618210657	0.875344445058631	1	DOWN
HNRNPU	-0.135842223340852	0.0125673218389082	0.0378039899862744	1	DOWN
ANGEL1	0.0829120583938129	0.459752856466883	0.626975646729266	1	UP
DLG4	0.0197539636032795	0.832101420556305	0.90301415764746	1	UP
IP6K2	0.24937324203688	0.030797118846069	0.0796579854026388	1	UP
TRAPPC11	0.180761044220752	0.0740560214164275	0.162641879253616	1	UP
TLE2	0.500725538402001	0.37755593176402	0.54820283572591	1	UP
PRRT3	-0.0815036100495138	0.692878601681608	0.815660812016497	1	DOWN
TOP1MT	-0.0393473776024552	0.814334013063525	0.892023397037287	1	DOWN
IL17RE	-0.784462207533975	0.197419334015098	0.345890736645512	1	DOWN
IL17RC	0.170468920984198	0.311751108423276	0.479573692551071	1	UP
MRPL43	-0.0122799072081563	0.920407848006811	0.955930272498665	1	DOWN
ITIH4	0.21622150703769	0.798637507789742	0.88234790711541	1	UP
PPDPF	0.447711343887154	0.000906446621711986	0.00378804515048002	1	UP
KANTR	-0.504412539202683	0.245558072561009	0.404823715966706	1	DOWN
DNAJC27	0.435413316548392	0.0232927004078985	0.0633784247024179	1	UP
VPS13B	0.285947800684392	3.29047673213182e-06	2.23137866053669e-05	1	UP
RAD51	-1.66168591053383	1.62678026333506e-13	2.31383873872588e-12	1	DOWN
RPL26P36	0.185526736795296	0.46022663299785	0.62725031344449	1	UP
HCG23	-0.276137818894029	0.702114963668152	0.821493266939395	1	DOWN
CCNB2	-2.91463658024178	9.80972029667734e-57	8.80498559051455e-55	1	DOWN
PLEKHF1	-0.886554901731068	0.00975527968802655	0.03046100837763	1	DOWN
RNF111	0.208578646509919	0.0114803803116466	0.0350301891646125	1	UP
SGCE	-0.290911610933179	0.00430468334294242	0.0150294706423921	1	DOWN
RBM48	0.631826919340815	4.04671610823227e-05	0.000225352965241097	1	UP
ZG16B	0.707649169918775	0.504327884331775	0.665121207628379	1	UP
CASD1	0.283129960865565	0.0406275397270982	0.100137911751031	1	UP
FLYWCH2	-0.0819467020255438	0.624050948262121	0.76340982420519	1	DOWN
SLFN5	-0.195006907741006	0.00188494601082857	0.00727352598197161	1	DOWN
PAQR4	-2.12305118904058	0.00212486014590906	0.00808061946540311	1	DOWN
AGAP1	-0.230573086164174	0.0170263273220583	0.0489354526911425	1	DOWN
PCDHGA3	-0.6980154750921	0.0260277212842092	0.0694857935115661	1	DOWN
SKA3	-2.47213430191711	6.26106511353043e-31	2.25632548517776e-29	1	DOWN
GALNT11	-0.0201431622812766	0.832142375680618	0.90301415764746	1	DOWN
GSK3B-DT	-0.36832130030311	0.584424818168509	0.732228459108126	1	DOWN
ANGPT1	0.176948698082617	0.0553205712594826	0.128769209985809	1	UP
SLC38A4-AS1	-0.520152730202801	0.129804346558205	0.251988529300459	1	DOWN
SETD4	0.06755830181138	0.60264419922113	0.746148891200505	1	UP
NEAT1	0.236535156797291	4.00678544480342e-05	0.000223215329463586	1	UP
PRG2	0.115120202431593	0.774737882618738	0.866878601759457	1	UP
PRPF6	0.150999555916134	0.0299882657358515	0.0780407758236611	1	UP
CTSZ	0.305516570646882	1.41766323096977e-05	8.60783670199334e-05	1	UP
TENT4B	0.550950778734986	0.00537644178261916	0.0182168722627502	1	UP
ZNF408	1.12100473704681	2.61647996487583e-08	2.31967803511783e-07	1	UP
RPS3P2	0.544439743047114	0.28023114023938	0.445404774263009	1	UP
CTDSP2	-0.0631139705197279	0.507941109889115	0.668694267924533	1	DOWN
CKAP5	-0.401312547260784	5.99857197127096e-09	5.79060544801848e-08	1	DOWN
HTR1D	2.87221626576549	4.74849595199197e-39	2.23519592841159e-37	1	UP
SLITRK4	-0.41038489771888	0.0635582760202555	0.143714699854281	1	DOWN
PDXDC2P-NPIPB14P	0.342955730378947	0.021239133861383	0.058809489065117	1	UP
CHCHD7	0.227501208483984	0.0815448453184359	0.176132321691505	1	UP
ZNF33B	0.626734335663533	0.0148902681243957	0.0436380581353969	1	UP
IQSEC2	-0.31019837243989	0.0197654077871312	0.0553331863486697	1	DOWN
ZNF682	0.493184726680496	0.0648642071116936	0.146210054121211	1	UP
SRC	0.597789959169363	8.43604544533825e-09	7.9731388313004e-08	1	UP
PGAP1	0.350569704031007	0.06229956092172	0.141443983484647	1	UP
TAMALIN	0.384457355720445	0.554323200789545	0.707302937205603	1	UP
ZNF772	-0.295835264295625	0.036529000608104	0.0916459353798109	1	DOWN
NOX4P1	2.31369680829955	0.0148982473963114	0.0436525898467348	1	UP
AP2B1	-0.749777672281984	3.23377928112158e-07	2.49900237387636e-06	1	DOWN
LIAS	0.0248396680120958	0.926990534873071	0.959274338130572	1	UP
TMEM156	-1.23156429646363	0.145866614190871	0.275582691822414	1	DOWN
PDS5A	-0.132588508405754	0.0169269247606249	0.0486981862862414	1	DOWN
ZYG11A	-0.13438880561475	0.709146713570485	0.826256808641925	1	DOWN
ARRDC1-AS1	-0.631241648335499	0.0235837704410409	0.0640257498860571	1	DOWN
MT-ND6	0.0743939494213878	0.359023548416123	0.529413193689938	1	UP
FAN1	-0.101059395289098	0.579386201471951	0.728701306067722	1	DOWN
LINC01270	-0.517302038051734	0.158820628511564	0.294057258503602	1	DOWN
SMC1A	-0.688966296928257	5.84887153465734e-34	2.35437444421541e-32	1	DOWN
FAM136A	0.0482951171095217	0.594266267367786	0.739028222181448	1	UP
CDK5R1	0.503096380758005	0.0538146585860645	0.125878218068504	1	UP
TNFRSF1B	-0.676394509178076	2.75142412893591e-11	3.29145944430901e-10	1	DOWN
ZNF135	-0.0241001070270513	0.95062520785351	0.971449469917334	1	DOWN
STX18-AS1	-0.452335518550582	0.341532873594652	0.511290951654026	1	DOWN
IFITM10	0.259740507760714	0.323050545727182	0.492447619863239	1	UP
SNORA73B	0.417484867727334	0.0121796398050822	0.0368403405617288	1	UP
PHGDH	-0.104913899644897	0.417504129497729	0.586845223511855	1	DOWN
ANKRD52	1.10075783596892	0.0329473064211888	0.0841650212290259	1	UP
ALPK3	0.429323886495421	0.34752482658672	0.517366979396795	1	UP
IREB2	0.021697874312132	0.729357527406255	0.839763163082396	1	UP
ZSWIM3	0.112932574090611	0.665050548173336	0.795649099400023	1	UP
RPL37P19	0.0209293875394956	0.97011979248902	0.982524159982831	1	UP
RNF157	-0.466430305902677	0.00577377031565341	0.0193588758309762	1	DOWN
CEP131	-0.156896092563003	0.415325243345119	0.584806108504367	1	DOWN
SECTM1	-0.298136252869487	0.154054050594029	0.287545955851136	1	DOWN
CBX8	0.125056222976608	0.538296944911693	0.693185630985464	1	UP
BANP	-0.226859219688933	0.177477183328228	0.319233604216607	1	DOWN
PPP1CA	-0.189555367448886	0.0129438793940413	0.0387672541188168	1	DOWN
HCFC1	-0.138645425598049	0.138026531042662	0.263838809536707	1	DOWN
UQCRH	-0.424773207719213	3.60498298724166e-06	2.42305158830834e-05	1	DOWN
SLC39A4	0.0594267421811652	0.854635013743267	0.917494244354624	1	UP
DDX55P1	-0.193370184675722	0.793152728234913	0.879062471561255	1	DOWN
OBSCN-AS1	0.149616617813354	0.860142640221458	0.921076049932589	1	UP
MRPL55	-0.0484171769467999	0.815419105574984	0.892704673991634	1	DOWN
KIAA1191	-0.0513705461796456	0.930189863570308	0.960841581018908	1	DOWN
CNOT6	0.346583882051829	3.65212263077368e-05	0.000205597289198716	1	UP
PRKG1-AS1	0.101956075432498	0.826746574303307	0.899654749941081	1	UP
PHF14	0.181466967837491	0.104747489755157	0.214042134396461	1	UP
RPL23AP24	-0.511895138479375	0.40233647707481	0.573275924887407	1	DOWN
DDX24	-0.189613275105064	0.251259231115645	0.411672012341518	1	DOWN
TRAPPC10	0.236410082379275	0.000714836920825277	0.00306713430607069	1	UP
OSBPL3	-0.127246518365788	0.086744232831467	0.184617709773773	1	DOWN
HNRNPA1L3	-0.396393663330568	5.68731740766348e-08	4.84024875489664e-07	1	DOWN
FARS2	-0.114279825238994	0.528897377703729	0.686217992924815	1	DOWN
CD81	-0.02464731581318	0.801325551288234	0.883831135831649	1	DOWN
DERA	-1.27543910988185	1.35452813587573e-09	1.38334177325372e-08	1	DOWN
KLHL12	-0.63479472437136	1.60547551587119e-11	1.96117723413817e-10	1	DOWN
RGS4	1.45755580506756	1.37230495626952e-40	6.93397864442337e-39	1	UP
CTBS	-0.114189556121486	0.2114210272537	0.363633095077746	1	DOWN
SSX2IP	0.0435532827566944	0.812744221633322	0.891188007195018	1	UP
ST7-AS1	-0.0336622151404521	0.943122230832427	0.967297529551325	1	DOWN
SHLD1	0.341035618916413	0.456307316692817	0.624027352467862	1	UP
JMJD1C	0.460664796896189	4.38461128224856e-11	5.1513835479491e-10	1	UP
EEF2K	-0.774783434866923	9.44651619511553e-17	1.69369237637239e-15	1	DOWN
CRYM	-0.650480161384052	0.25528700733176	0.4166138122688	1	DOWN
ZNF324	0.31817047429481	0.0913185345303469	0.19245211353333	1	UP
ZNF416	0.267529889634738	0.180322423517009	0.323323420292	1	UP
YPEL2	-0.129155182113623	0.589610270101801	0.736108683649341	1	DOWN
SYCP3	1.41942627287367	0.0384431045835581	0.0956510510222104	1	UP
NEDD1	-0.740356236965486	1.31616532109464e-10	1.47326917545613e-09	1	DOWN
GAS2L3	-0.801388446682585	0.000328962034273881	0.00152219992228365	1	DOWN
CHMP1A	-0.0448559397264165	0.592037677974478	0.737847651928475	1	DOWN
SUGP2	-0.0260203086643312	0.780931283009157	0.871379659544848	1	DOWN
CTSA	0.0101099955902631	0.897090580011641	0.941328199130254	1	UP
CAMKMT	-0.153119652651756	0.445444372084416	0.613673622223493	1	DOWN
UGGT2	0.0989659254395841	0.218111704541311	0.37195329741875	1	UP
SMG1P3	0.133618146428113	0.165002518420323	0.302507748324575	1	UP
PRH1	0.100627828447937	0.515834998454415	0.675517133000884	1	UP
ZFP14	-0.333771963549666	0.0220783053618151	0.0606911909422846	1	DOWN
MIR3667HG	-0.39261534415653	0.416578740692826	0.586285487120377	1	DOWN
COL25A1	2.37267564072968	4.36487232862379e-06	2.8921031646466e-05	1	UP
SOCS6	-0.0235535480448355	0.823359736416581	0.897577226723303	1	DOWN
KRT18P29	0.254518076791245	0.710606750465084	0.82709280305094	1	UP
SOD3	0.367503105830257	0.139433444645454	0.265684692585899	1	UP
MVK	-0.331738702649917	0.0403772735049447	0.0996060053635978	1	DOWN
SEPSECS	-0.270400665875975	0.169230445107693	0.308586645079025	1	DOWN
LOC100420423	0.975792459746007	0.16900669532023	0.308373201271798	1	UP
B4GALT6	-0.469813196229485	0.00137922177353661	0.00551803262718094	1	DOWN
MRAP-AS1	1.64569047904277	7.97986855868604e-05	0.000420098654067657	1	UP
RMDN3	0.179751861505791	0.111730623345454	0.225222379406494	1	UP
FAM228B	-0.0552053997990751	0.81914621858461	0.894941534223959	1	DOWN
C2orf66	1.39620121887297	0.0527936147276492	0.123931209621387	1	UP
MIEN1	0.028272132598415	0.844765587909689	0.91149910482214	1	UP
PPP6R1	-0.00401635870423689	0.954105450996986	0.973094634226653	1	DOWN
DGCR2	-0.490587940425871	0.000109096320328425	0.000561449759638914	1	DOWN
POLD4	0.169768199752581	0.491245817321018	0.653889536147302	1	UP
HINFP	0.508279957969367	0.00183657539697305	0.00710585035118007	1	UP
BSG	0.286495519165978	0.00120645784523449	0.00490721963410543	1	UP
EEF2KMT	-0.35542811746107	0.119347472048408	0.23707083416791	1	DOWN
ZNF75D	0.0134338770364396	0.934281270950775	0.963277586080883	1	UP
UNC50	-0.0968711945969349	0.359714018078383	0.529998702615285	1	DOWN
RALGAPA1P1	0.336191592683665	0.00190696031203541	0.00735258363639907	1	UP
TIMMDC1	-0.363553711037888	0.00465238057427655	0.0160572132025007	1	DOWN
NUFIP2	0.22727677509423	0.000374254682857084	0.00171367377121918	1	UP
KLHDC4	0.380407510527798	0.00646982057058839	0.0213508511225332	1	UP
MCM4	-2.00251928810593	1.17725072518533e-91	2.53917167606764e-89	1	DOWN
LOC124903667	0.299054459416555	0.564860302777387	0.715797823564643	1	UP
PIK3R4	-0.171708821426923	0.130917435402315	0.253502326008154	1	DOWN
ZNF775	-0.473592705385251	0.124631106440209	0.244796248140748	1	DOWN
ZNF777	-0.0456261819595751	0.759311131420491	0.857652427712796	1	DOWN
ZNF605	0.126703011196981	0.151128575671719	0.283263170821273	1	UP
LRP10	0.186958962263154	0.0711202742122584	0.157149706825894	1	UP
ARHGEF18	-0.329789670276678	0.000362910774976509	0.00166701322606025	1	DOWN
PEX11G	0.0357279477029149	0.958167151866616	0.975653432329796	1	UP
ERCC2	-0.0249665936412536	0.719909303547166	0.833539728031416	1	DOWN
TRIM33	-0.123183851734229	0.156088583574849	0.290263302179918	1	DOWN
RNASEH2A	-1.8377573487668	2.30582865651304e-16	4.04878856807654e-15	1	DOWN
PELI1	0.50450010461508	0.0257711054830023	0.0689025430776811	1	UP
LINC01695	0.524705277716041	0.32705502812364	0.49657925668226	1	UP
PHLDB1	0.581146345707411	3.38270664364815e-12	4.35293799709345e-11	1	UP
ANKRD13A	-0.287681868413285	1.70744862443316e-06	1.20656919665934e-05	1	DOWN
APBA1	0.875673102603836	3.27693503467313e-13	4.5797860914953e-12	1	UP
SLC24A3	0.490398297030165	0.0980146632028572	0.203682757829233	1	UP
TMEM245	0.0235191042728184	0.704808096074253	0.822845515945147	1	UP
PRUNE2	0.349834038128082	1.19000331056389e-10	1.33930980069772e-09	1	UP
SMPD3	-0.133529776723938	0.834387695514041	0.904624246970771	1	DOWN
VTI1A	0.204439249156559	0.0145490227610596	0.0427506970150615	1	UP
COG4	-0.430138036237271	0.00121918952557317	0.00495215015385486	1	DOWN
PRAG1	0.19183729312221	0.0238377634702362	0.0645861524374556	1	UP
CDH4	-0.560220340498703	0.000206280203704704	0.00100200175587787	1	DOWN
GPATCH11	-0.359071628841642	0.00322232301349245	0.01161241642593	1	DOWN
HSPB8	-0.242169136155139	0.00273527386406012	0.010098988914035	1	DOWN
NFAT5	0.0408580405768854	0.757853721832038	0.857145193253094	1	UP
SFRP4	1.49008313183742	3.08240787006658e-08	2.70290510499588e-07	1	UP
NUP93	-0.0856190269594136	0.315260021686522	0.483222589456081	1	DOWN
CENPT	0.0630599493447337	0.563328541864406	0.714745430398831	1	UP
TSNAXIP1	-0.230218193954124	0.717862403560593	0.832012647406811	1	DOWN
MEST	-0.77463764597826	0.00161407835317667	0.00632801038571787	1	DOWN
CNTN1	0.430084097044183	0.399780300624592	0.570702867166451	1	UP
LOC102723566	0.33001465955775	0.597181066735004	0.741652079356097	1	UP
KCNH5	4.50518995450662	0.000290111167695814	0.00136205213917226	1	UP
WAPL-DT	0.143235950988438	0.766029632308438	0.861851633247545	1	UP
CTTNBP2NL	0.804510886191492	2.27006311335646e-42	1.22405530041471e-40	1	UP
SYT9-AS1	0.50729494674818	0.324826698192731	0.494225078501133	1	UP
ZNF550	-0.111193949487691	0.677459544067285	0.803935319120024	1	DOWN
TRIM73	2.64166364409927	1.080334162834e-07	8.85530855763706e-07	1	UP
ZBED5-AS1	-0.601258791692565	0.0436094173559952	0.106123154836824	1	DOWN
PPP2R3C	0.463690629885872	1.14617937249349e-05	7.08141860278043e-05	1	UP
ZNF267	0.908910431328646	1.57206290395539e-06	1.11526170962491e-05	1	UP
RNPC3	0.310182331358964	0.011526937943216	0.0351176201053912	1	UP
RACK1	0.0430001161310779	0.443399836240782	0.611673361734548	1	UP
POLR1HASP	-1.24783429871481	0.000373088167808514	0.00170995785379031	1	DOWN
CCDC183-AS1	-0.54511789658502	0.312293553367664	0.480050435029903	1	DOWN
LINC03126	0.194825369376759	0.861365226595396	0.92169208757919	1	UP
ADAMTS10	0.446801409008548	2.66135326092732e-05	0.000154206960600083	1	UP
ASB7	0.253608679114182	0.0118812624244232	0.0360403281476364	1	UP
GTF2H2C	0.0358316655328951	0.886796631734942	0.936511380620488	1	UP
ANKZF1	-0.0371480467196752	0.823726317757191	0.897644899925282	1	DOWN
HDAC11	0.0316666054600366	0.934565660234125	0.963383791555455	1	UP
CWC22	-0.11749528732772	0.195878485538115	0.344088536726315	1	DOWN
AZI2	0.102070617263139	0.296641126417849	0.463342016508744	1	UP
TGFBR2	-0.48224549145136	4.57703940484732e-08	3.93941610717383e-07	1	DOWN
SERF1A	0.150491295830349	0.835624169427149	0.905489267575865	1	UP
SMN1	0.199880402228853	0.177394580698535	0.319204219359299	1	UP
UQCR11	0.054572035487134	0.520587666192043	0.679524195117082	1	UP
GRB10	0.652469648125973	1.43714014830505e-09	1.4666745962681e-08	1	UP
WHAMM	0.0747390363284252	0.552561378409388	0.70551903864588	1	UP
LAMB3	-0.313244095263466	0.0434007684998359	0.105714600464192	1	DOWN
ZNF436	0.426315163433448	6.61169628472087e-06	4.25972461036564e-05	1	UP
HNRNPR	-0.211445783901165	0.000115605688288157	0.000591369133257401	1	DOWN
MAEA	-0.715304270634365	0.00656902829393129	0.0216387116196948	1	DOWN
POU2F1	0.693017729905908	6.58649659683632e-11	7.59022825525372e-10	1	UP
MGST1	0.287560012122162	1.33389040312563e-05	8.14022390860155e-05	1	UP
NDUFA10	0.0877722189827267	0.238330427944695	0.396787213620828	1	UP
STK33	1.0199138157523	1.2455809320691e-07	1.01464994641097e-06	1	UP
PTGER3	0.728413877487852	0.229833577705966	0.386638230375165	1	UP
LOC105373888	0.709120395954723	0.191145979916053	0.337972660683578	1	UP
FASTK	-0.181350377254542	0.256193377694978	0.417846351065731	1	DOWN
TMUB1	0.319246082089659	0.106429994968553	0.216500542974459	1	UP
PHKA2	0.00233394551042225	0.987030238123283	0.992654541963235	1	UP
C9orf85	-0.0300945306936646	0.839617821549638	0.908126070910361	1	DOWN
TSKU	0.167148863539341	0.362730908830051	0.533084955100485	1	UP
AZIN2	0.447451210772357	0.383904886632199	0.553728866825223	1	UP
IGIP	-0.294453124596956	0.045676736338964	0.110251297283175	1	DOWN
KIF24	-1.50504119470772	8.83362866151574e-15	1.39513407418103e-13	1	DOWN
DPF1	-0.895829865989921	0.030132201071707	0.0783589054682811	1	DOWN
ARAP1	0.074062747559347	0.36446504359687	0.535026149205858	1	UP
SEC24D	0.183490972170559	0.00274509175226179	0.0101326490196514	1	UP
FAT4	0.397003440409366	1.14371087468793e-05	7.06918984179439e-05	1	UP
S100A4	-1.16659943968282	1.40998249408874e-20	3.19367664922827e-19	1	DOWN
PLEKHG4	-0.509534800774551	0.0247910839631024	0.0667391867270478	1	DOWN
ZNF250	0.181718838442478	0.508224606118617	0.669006538806717	1	UP
WDSUB1	-0.0844866737747572	0.715010579383878	0.830129178330234	1	DOWN
COMMD5	0.412334118212059	0.150141941338208	0.281889202842464	1	UP
RAC2	-0.871884391251102	3.60417473063921e-19	7.659401328304e-18	1	DOWN
LIF	0.0526876012677717	0.789747940413099	0.877199589162747	1	UP
PLXDC2	2.37374428139333	3.91396772259797e-09	3.8476699019907e-08	1	UP
ZNF25	-0.14934698302186	0.561910336548433	0.713672549961452	1	DOWN
EIF3F	0.146656993390037	0.0632742469819312	0.143224770747707	1	UP
SFI1	-0.182188203994004	0.149954960956386	0.281647925757829	1	DOWN
UBAC2	-0.842768969777158	0.000619031374998117	0.0027042389359425	1	DOWN
CD2AP	0.381575358232695	5.29128513220921e-07	3.98667160821456e-06	1	UP
ZBTB14	0.0880826468379604	0.722683284027495	0.835295101469013	1	UP
ARGLU1	0.343386489848676	3.78508989927109e-06	2.53585230108329e-05	1	UP
PLPP1	0.739782742798507	7.26966448361234e-23	1.81754189364502e-21	1	UP
FRRS1	-0.219497626480245	0.266198098785004	0.429285651773473	1	DOWN
APOM	-0.584195313159313	0.334582926771658	0.504387426953602	1	DOWN
LYRM2	-0.344667851152006	0.0031063590395321	0.0112427408225256	1	DOWN
HYLS1	-1.50810425828914	4.06045304601043e-11	4.7822010568783e-10	1	DOWN
MTCO1P12	0.378860279439678	0.0523474414660748	0.123143883546516	1	UP
PCDHGB9P	0.250093704084774	0.284236156408683	0.449890109119592	1	UP
NBEAL2	0.347251855233225	0.0555087793890469	0.129138601259878	1	UP
CCDC12	0.168098408166373	0.476374975785806	0.641274106617943	1	UP
HDHD2	0.263946613464196	0.374476032446516	0.545409508655977	1	UP
ZNF26	0.262274541354225	0.0557767247783586	0.129649260056629	1	UP
ANKRD42-DT	0.00481538973999737	0.984129116546351	0.991193885085818	1	UP
CCDC57	-0.0797332383363648	0.703276555400721	0.821987180693612	1	DOWN
HSPA8P15	0.863382960124318	0.0864610965260715	0.184186526815498	1	UP
TRIM21	0.229981107464102	0.0787849818538261	0.1710519490339	1	UP
CSNK1G2	-0.125200394291673	0.167416146069415	0.306089413822004	1	DOWN
REXO4	-0.143219292742962	0.198790112842998	0.347576033961786	1	DOWN
GTF3C5	0.142616615981943	0.286706046025711	0.452609686597941	1	UP
RPL7AP45	-0.012788426451385	0.974975515107651	0.985060269814616	1	DOWN
HOOK2	0.362538666103935	0.0619107438144377	0.140760251551674	1	UP
ZFAND6	0.232333506728596	0.0353258983539514	0.0890449253641988	1	UP
GLUL	-0.879388685797794	3.99616999572192e-40	1.97094377502312e-38	1	DOWN
DHX9	-0.253776078885568	2.2985520083434e-05	0.000134697384722508	1	DOWN
RNASEL	-0.565375218075598	0.00142856750845501	0.0056808555488947	1	DOWN
DIS3	0.452476548557942	1.92209736483027e-07	1.5345982883515e-06	1	UP
TMEM150C	0.402444892381092	0.557979084871883	0.710578053426528	1	UP
FLVCR1	-1.45731279902608	2.15421311199951e-05	0.00012685629047068	1	DOWN
PTPRG-AS1	-2.20487366772573	0.042376026644838	0.103669538013298	1	DOWN
A1BG-AS1	0.407651036875913	0.532590550468812	0.68872179372034	1	UP
PLCE1-AS1	-0.126112122994859	0.76294436358654	0.859740252510066	1	DOWN
ZNF483	-0.690689517591449	0.00205482116288294	0.00784211332813385	1	DOWN
CACYBP	-0.202868335275466	0.283748166253483	0.449413059023354	1	DOWN
TLCD4-RWDD3	0.819994538510102	0.552443370118615	0.70551903864588	1	UP
PIP4P1	0.115704945958904	0.434150467030917	0.603202422753945	1	UP
AQR	0.196259697043961	0.00746093211269097	0.0241961243178854	1	UP
TDRD3	0.0222311266635034	0.839146473865994	0.907876446345547	1	UP
PCDHB16	-0.175389691576449	0.694530235883159	0.8169846510987	1	DOWN
POLN	0.211439896062219	0.3777137489482	0.548233720106618	1	UP
SH3PXD2B	-0.162400440089778	0.106035797454346	0.215911414543153	1	DOWN
BNC2-AS1	-1.48542747527857	0.0510370077642989	0.120689870594319	1	DOWN
NENF	0.00567243328004702	0.964421896795534	0.979262284330541	1	UP
ADAMTS16	0.382430163056548	0.257182013194606	0.418859153913586	1	UP
ITPKC	0.282410681561446	0.0694550918064737	0.154106484215469	1	UP
RBMS2	0.611971377529317	0.455976010052306	0.623810406254461	1	UP
SOX30	0.287169867867607	0.695462441764073	0.817773091178592	1	UP
RAB11B-AS1	0.405154968585564	0.290477904437498	0.456916969307313	1	UP
SNAPC1	0.0973044158357471	0.378288499914952	0.548639814559511	1	UP
SFXN2	-0.144643262076353	0.699028791723597	0.819408263237971	1	DOWN
VSIG10	-0.448444807155177	0.000655890108605565	0.00284676859192403	1	DOWN
SLX1B	0.494645192480167	0.59712740675193	0.741649175330652	1	UP
GNL2	-0.034041516348442	0.646294355390581	0.782407617470829	1	DOWN
CDCA8	-2.86813691288642	1.41767378174212e-50	1.06149242590442e-48	1	DOWN
AGO4	0.790569681465179	2.35267470310389e-22	5.74299022543147e-21	1	UP
LOC101927727	-1.57650505539492	0.000113459630210534	0.000581832901409662	1	DOWN
DUSP3	0.0734587484888294	0.407649981321505	0.578621931055601	1	UP
GALM	-0.714268761524273	0.000113525333656338	0.000581963319144285	1	DOWN
VASH1	-0.466312713439338	0.00143539143739482	0.00570642136500483	1	DOWN
RPS6KA2	-0.221588618779785	0.0550149498279883	0.128208521200493	1	DOWN
ING3	0.0422020951877051	0.801060333495881	0.883808434825849	1	UP
PALS2	0.524283286656803	0.00774403178966228	0.0249908448844148	1	UP
ATP6V0A4	-0.00711236908474013	0.990212396817862	0.994449510759416	1	DOWN
GSDME	0.639196208654813	1.0045566523835e-18	2.08276157583844e-17	1	UP
AHCY	-0.170305020298158	0.0463111426359808	0.111521800072081	1	DOWN
PSPHP1	0.139737009943808	0.758581831829799	0.857344400951961	1	UP
RIN2	-0.732755908775356	2.10724420991031e-27	6.50679189688331e-26	1	DOWN
YLPM1	0.0473992990585535	0.409719269194887	0.580020881576735	1	UP
DCAF4	0.112515982269634	0.487481738045848	0.650470784533753	1	UP
LPAR6	1.10367055120247	0.0352740117914781	0.0889451656602076	1	UP
ITPRIP	0.497329996714031	1.63114429776281e-11	1.9908501897779e-10	1	UP
PPRC1	0.148194089824786	0.0739137008781472	0.162403358885526	1	UP
PDCD11	-0.0575173546309892	0.479635312153897	0.643865294559774	1	DOWN
CNNM2	0.489779099428303	0.00048357639660449	0.00216151020950556	1	UP
ADAM12	0.311296190781688	3.14194501382478e-10	3.39597961067927e-09	1	UP
HNRNPA1L2	-0.174507741333743	0.845522444311085	0.911975283082512	1	DOWN
SNX7	-0.0227551024025645	0.822937807158742	0.897296036910206	1	DOWN
LRRIQ3	-0.652723612817652	0.343302408959664	0.513134110056983	1	DOWN
TYW3	-0.227530685897324	0.0307494757955484	0.0795489929683978	1	DOWN
ZDHHC9	-0.037600527286482	0.726358333317214	0.83791843815495	1	DOWN
SHC4	1.54798346877487	4.98461567943548e-08	4.28001670727998e-07	1	UP
TMEM71	-0.956277153860481	0.202701827208501	0.352326690520814	1	DOWN
PBX1	0.367699432916548	0.0301101294113127	0.0783296993920576	1	UP
MAMDC2	0.300436671537189	0.0711640291450782	0.15719831629097	1	UP
TPST1	0.0799934581297992	0.481790759444265	0.645936548245165	1	UP
TOR1AIP2	-0.246316438483532	5.74834664043586e-05	0.000311121188393029	1	DOWN
ZC3H11C	-0.290081688494016	0.181541777886767	0.325128297464577	1	DOWN
TM4SF1	-1.34205456946552	1.05524685442409e-18	2.18472382425251e-17	1	DOWN
RCOR1	-0.812272741708454	7.08976729802879e-27	2.15693109944872e-25	1	DOWN
RNF213-AS1	0.980280443390128	0.208673673303282	0.360193890695859	1	UP
PTPRK	0.977551721815899	2.2349605616417e-63	2.30695821973459e-61	1	UP
INTS12	-0.275170883076227	0.0895432234751233	0.189399262159879	1	DOWN
STRN3	0.374723257500974	0.000374521339283454	0.00171435155970389	1	UP
ZNF239	0.46942371845695	0.0707486775964506	0.156424287017489	1	UP
CASP3	-0.207720345332465	0.0276663290375482	0.0730573393116901	1	DOWN
PRIMPOL	-0.684336068386828	0.00644544225741063	0.0212801201877635	1	DOWN
ERAP1	-0.288713917535658	0.00116061852317822	0.00473119838602213	1	DOWN
SERINC5	-0.583175316830011	4.41342049606678e-09	4.31226095934152e-08	1	DOWN
ERAP2	-0.184531801387503	0.0113834871375928	0.0348154016138314	1	DOWN
FAM227A	1.2047544304539	0.000297272597042479	0.00139295924120002	1	UP
RANGAP1	-0.697527464742786	1.24896835860191e-12	1.67118905094039e-11	1	DOWN
ZC3H7B	-0.407509241570305	8.25767502768156e-13	1.11524917593482e-11	1	DOWN
GDAP1	-0.419696705388763	0.0108514086524213	0.0334215060605584	1	DOWN
RAB2A	0.10300764036905	0.195799174695562	0.344011413194598	1	UP
HS3ST3B1	0.855065755835363	0.000267706219418744	0.00126549642683031	1	UP
SLC25A35	-1.21695753633012	0.00422782254805582	0.0147897031328866	1	DOWN
LIME1	0.821710792266821	0.265214729861014	0.428139016447242	1	UP
SKA2	-0.508124541311283	8.09706807743753e-07	5.97908690787173e-06	1	DOWN
PLCB1	0.362485670125422	9.01883389555526e-06	5.67397338374702e-05	1	UP
MPV17L2	0.0665382965182864	0.731414879847554	0.841066000531312	1	UP
TLE5	-0.522422058176114	2.38289355192666e-06	1.65077635277527e-05	1	DOWN
PTOV1	0.092409417409769	0.33816130529796	0.508163532334508	1	UP
KIF1B	-0.0104846987319988	0.842865531789876	0.910196517702548	1	DOWN
TXNDC5	-0.695934686529042	0.421917362119072	0.590635261065844	1	DOWN
ANKMY2	0.100841792487987	0.425363152454928	0.593769933369567	1	UP
MED7	-0.238450400064095	0.211368136517067	0.363604376492972	1	DOWN
ACTR3C	0.304322155125959	0.164965997686911	0.302507748324575	1	UP
RPS20	0.0476144158253275	0.686938376725435	0.810627672877614	1	UP
CMTR2	0.249353201761809	0.145458159111555	0.275241044562142	1	UP
OXTR	-0.500860561019715	5.77133886695406e-26	1.69171638876984e-24	1	DOWN
TAOK1	0.538773436582449	1.37684431228943e-24	3.71902376764384e-23	1	UP
CCDC163	-1.64108377576226	0.039963482085962	0.0987538097852662	1	DOWN
TLCD4	0.425980585996837	0.167979832918203	0.306964664327384	1	UP
CCDC74B	-0.555778529756823	0.172886097688377	0.313472647138612	1	DOWN
BRPF1	0.202768378238543	0.173089879813773	0.313802766677811	1	UP
PSMD5	-0.133467539576213	0.045482984292414	0.109875393849829	1	DOWN
TSFM	-0.23818576892712	0.0763651935692757	0.166649563918696	1	DOWN
TIRAP-AS1	-0.875230214657556	0.270941207697115	0.435044100321509	1	DOWN
TMEM101	0.0628073760940454	0.684320718603669	0.808793547439406	1	UP
XK	0.49459861750858	0.169700787319812	0.309096326698771	1	UP
CHAC1	1.88297592584542	2.14015309598646e-09	2.15671913459556e-08	1	UP
RPS8P1	-0.120070644742081	0.394486427233457	0.565323617607169	1	DOWN
LOC101929494	-0.562023013495207	0.0172342968671836	0.049395641417626	1	DOWN
WWP1	-0.304546279872714	0.00323736318172414	0.0116578956738339	1	DOWN
SPARC	0.530942641572883	1.56041434462136e-30	5.40756539427417e-29	1	UP
EIF3C	-0.423624018450029	2.98527185742815e-09	2.962923324979e-08	1	DOWN
NIPSNAP1	-0.166884952413346	0.784658667468866	0.873380759731386	1	DOWN
ZCCHC4	0.0125837630824455	0.922425990352988	0.957169325938216	1	UP
NEDD4L	0.235404093317484	9.29963288112442e-05	0.000484983741483685	1	UP
CAMK2N1	0.0425055086637695	0.677917177409668	0.804317005808466	1	UP
TCP11L2	0.380627176196443	0.00561617116867572	0.0189182493143433	1	UP
TMCO4	-0.512261941720657	0.00276939652320419	0.0102015164814743	1	DOWN
SERINC2	0.13051363885897	0.230454954247368	0.387415512666826	1	UP
LRRC43	0.640336330239728	0.307966286053435	0.475218451655973	1	UP
SLTM	-0.0432366898847534	0.593290599691597	0.738725009145551	1	DOWN
CTDSPL2	-0.486034487379555	0.000924255975495594	0.00385689376317841	1	DOWN
TOMM40	-0.0322861850256314	0.841223580159736	0.909034768330842	1	DOWN
RBMXL1	-0.192007002766382	0.0445771726500767	0.108012193488642	1	DOWN
NECTIN2	0.467639808642776	6.42306158727745e-10	6.71632872632029e-09	1	UP
APOE	0.356882686861012	0.00362933058912955	0.0129053780372813	1	UP
RNF216	0.0481564584869885	0.581002549214689	0.729779682969468	1	UP
SPPL3	0.00284406835166362	0.975081733380461	0.985060269814616	1	UP
APOC1	0.128447012833867	0.853885934244098	0.917329559078675	1	UP
GAREM2	0.1189519449056	0.583329169672064	0.731648936424466	1	UP
U2SURP	-0.0224540302911908	0.747740176135889	0.850800807707564	1	DOWN
DYRK3	0.395755456241069	2.93222681652752e-07	2.28183143379856e-06	1	UP
TTC8	-0.04406549459278	0.704766503863782	0.822845515945147	1	DOWN
MFSD12	-0.00196909113168669	0.979258613725485	0.987596219341684	1	DOWN
DDX55	-0.205233894785881	0.101820324464991	0.209781224528598	1	DOWN
ITPR1	0.607271537349754	0.000177662265826323	0.00087475209657792	1	UP
ZFAND2A	0.301389689004661	0.104099131502141	0.213217367750479	1	UP
MED17	0.230292475930821	0.0228644127599071	0.0624364377916511	1	UP
PLEKHM3	0.389185865730745	0.00227942132607171	0.00860724263994311	1	UP
ZNF223	-0.0798429173528589	0.778848547593999	0.869794463777502	1	DOWN
PRNP	-0.652864425925294	0.42850184140525	0.597164762786225	1	DOWN
RNASEH1	-0.0415944152523113	0.700555451846158	0.820569918108711	1	DOWN
RPS7	0.00613049378535258	0.932965183049106	0.962538720657003	1	UP
PTEN	0.573145966359638	3.56422834139365e-18	7.02682998110227e-17	1	UP
MRM3	-0.133884446569705	0.568949211258954	0.719325026413224	1	DOWN
PARP3	0.285180598392742	0.0787483929440648	0.170998200816631	1	UP
DGCR11	-0.171383724618592	0.483898179357244	0.647782546539281	1	DOWN
FBXW8	-0.160199133669014	0.0914837721488102	0.192716033720475	1	DOWN
RBM17	-0.0468311620985579	0.586923577599347	0.734086257563455	1	DOWN
EEF1E1	-0.18653622340284	0.107471249373103	0.218127391108246	1	DOWN
LRRC56	-0.061337994028888	0.913458708114224	0.951383089909055	1	DOWN
ZBTB11-AS1	-0.506211615052459	0.120322309953661	0.238613654609627	1	DOWN
BSDC1	0.055905380094781	0.600573757111544	0.744649623682447	1	UP
TMEM234	0.101217845311005	0.55446212505734	0.707383435084632	1	UP
STMP1	-0.0726408777313087	0.530833018428054	0.687736993374006	1	DOWN
CCDC28B	-0.259491889706197	0.246248825645487	0.405624276690178	1	DOWN
IQCC	-0.943159966365732	0.0655207281797131	0.147299322172532	1	DOWN
NEURL4	-0.0259982304260607	0.833191979254135	0.903734691300871	1	DOWN
MROH6	-0.630517712707266	0.38300541497821	0.552841331945525	1	DOWN
MRPL48	0.0367857312933913	0.792141750725822	0.878428034919198	1	UP
RAB6A	0.16018104861355	0.0113742481213755	0.034801875842049	1	UP
FOXK2	-0.609970650612999	1.5820432438737e-11	1.93418840247198e-10	1	DOWN
SLC25A25	0.737708566515977	3.72516558896433e-05	0.000208733493315717	1	UP
CYP46A1	-0.106900383555873	0.899858415828347	0.943128370114262	1	DOWN
PDE4A	-0.869042036195813	6.79584081099839e-05	0.000362252657911242	1	DOWN
ASB8	-0.263973501565337	0.0257074772935303	0.068745143295486	1	DOWN
RPS6KB2	-0.0158905447534797	0.901167718704631	0.943393246316034	1	DOWN
EEF1B2P6	0.114580067488115	0.464306888154151	0.630670066802861	1	UP
LINC-PINT	-0.609085012283565	7.86647382065197e-11	8.97933753414231e-10	1	DOWN
MRAP2	-0.597258328326479	0.264731025194327	0.427779050104352	1	DOWN
CETN2	0.245310219085126	0.019934463438336	0.0557740428165331	1	UP
RPL10	0.0633635119300222	0.280264029604363	0.445408060245535	1	UP
CSGALNACT1	-0.9199957422453	0.115434015626833	0.231053407021784	1	DOWN
MYL7	5.64152379461622	2.54142060269463e-05	0.000147672171811581	1	UP
CYP26B1	-0.945297809744316	0.000117943890619428	0.000602689944604439	1	DOWN
BCKDHA	-0.558333897432398	0.0797703061653831	0.172801783000442	1	DOWN
KDM1A	0.0165818182204561	0.849426424844203	0.91482048482811	1	UP
AGTRAP	0.57193240655577	0.0961051097920456	0.200724807284991	1	UP
CD163L1	0.16438679676206	0.272487204971414	0.436412958555298	1	UP
FAM200B	0.0539563697017526	0.772474121439756	0.865619070171054	1	UP
THOP1	-0.119200511660759	0.445471737248076	0.613673622223493	1	DOWN
ZNF556	0.524152719448517	0.508467271650802	0.669204056705441	1	UP
ZNF554	0.368151608610846	0.109098458249785	0.220747944576819	1	UP
RAB33B	0.369114205838047	0.0218644699828446	0.0602753635486622	1	UP
PNP	-0.353373117962877	0.00863891180878754	0.0275708733544145	1	DOWN
NEDD4	0.544994779997912	2.42004419233088e-16	4.23903740889376e-15	1	UP
LUCAT1	1.2581941072368	0.0591679478917253	0.135526393245098	1	UP
CEBPZ	-0.124605483862543	0.242892826849681	0.402112984397381	1	DOWN
PDCD2	0.122883838313842	0.292876539733187	0.459389870366253	1	UP
DNAH7	1.15125106860072	7.3988663683291e-06	4.71849152200899e-05	1	UP
ZNF19	-0.660874033100569	0.0891201357828693	0.188754958551699	1	DOWN
SELENOI	0.237188550840587	0.00179746038942588	0.0069731812315687	1	UP
ANAPC16	-0.00310346823881215	0.976318570256734	0.985525262557981	1	DOWN
NBPF10	0.569176399602381	2.92844648100826e-10	3.18187820278574e-09	1	UP
RCBTB1	-0.181014770251093	0.12198907702682	0.240894254183462	1	DOWN
PHF11	-0.353678193520479	0.0202481537503563	0.0565313117941265	1	DOWN
MED4	0.0164273408258778	0.881763917108756	0.934177501291142	1	UP
LRCH1	0.208220841335607	0.0305590112859816	0.0791374367037018	1	UP
SUCLA2	-0.0705375348799098	0.441567147609189	0.6098716286056	1	DOWN
NBEA	0.115928358983496	0.0881981656629852	0.187038184378621	1	UP
FAHD2B	-0.25520108238922	0.173221111451334	0.313922533431556	1	DOWN
CD82	0.747833643779542	1.77792962055767e-10	1.96880160510949e-09	1	UP
CAPN6	3.91110283748415	2.32498582337157e-17	4.35776525726882e-16	1	UP
PELI3	0.317499155621404	0.42068294552383	0.589592594875848	1	UP
TATDN3	0.305534861086186	0.118296518116256	0.235560858185402	1	UP
PRDM2	1.37482844180015	0.00948556906366493	0.0297926447596222	1	UP
MAN2A1	0.332924687869472	1.0696111293202e-08	9.98511009677404e-08	1	UP
ANKRD10	0.398564201265666	6.21796836788191e-08	5.257803445539e-07	1	UP
CUZD1	-0.315598621731377	0.475319438090234	0.640331984696744	1	DOWN
ERP27	1.4631262509307	0.00206703162717558	0.00788259199107487	1	UP
SAV1	-0.18294568396553	0.0882060221811848	0.187038184378621	1	DOWN
AMN1	0.070001838351069	0.737087845029961	0.844900170423413	1	UP
BICD1	-0.149765851745545	0.0525784278670732	0.123606777469835	1	DOWN
IGF1R	0.710393195901892	1.27927599621481e-27	3.99283313634994e-26	1	UP
TMEM43	-0.069010862360574	0.327491240952647	0.496858364620126	1	DOWN
MTSS1	-1.42887061597286	2.7012237422847e-08	2.39040932637821e-07	1	DOWN
KIAA0232	0.1019839361274	0.30234238037798	0.469019103481864	1	UP
OSR1	0.627806238256016	0.0250924834559849	0.0674352079886584	1	UP
MAMLD1	0.114182441916836	0.615650422439316	0.756591908722728	1	UP
ST6GALNAC5	1.14528886066205	4.48033064407472e-65	4.83173568190476e-63	1	UP
ZNF346	0.015690479008323	0.917515551410617	0.954023401455953	1	UP
ARL13B	0.511441739595131	0.00364037182769678	0.0129350905537365	1	UP
TIGD7	0.400917232695917	0.0263776114990473	0.0702703213133779	1	UP
PDPK1	0.046461777061543	0.929790290638866	0.960819938299793	1	UP
NDUFB10	0.0948733647385839	0.556462461992467	0.709068250042708	1	UP
CRADD	-0.579482891347415	0.0025276647159612	0.00940983797730677	1	DOWN
DEXI	0.163078230889051	0.848806113908552	0.914356850696421	1	UP
DEF8	0.0997342391681592	0.552181605480594	0.70534574213737	1	UP
SNUPN	-0.142400876157323	0.391190714018423	0.561808448858764	1	DOWN
MDK	0.597854927857993	1.77572588613112e-05	0.00010616886545503	1	UP
AMBRA1	0.0813402496475244	0.377656318389359	0.548233720106618	1	UP
ST8SIA1	0.665937649161874	0.440128200780514	0.608873504640935	1	UP
CLEC4A	-0.050016314033883	0.946477002748988	0.969076035618933	1	DOWN
CMAS	0.104093815424257	0.276292147678639	0.440646487816357	1	UP
HCFC2	-0.371806941864289	2.48800478591997e-05	0.000144684737067724	1	DOWN
PRKAB1	0.0973505761098778	0.467177378733115	0.63302206282909	1	UP
QPRT	-0.228528373921736	0.0942234898112068	0.197422596964151	1	DOWN
RERE	-0.338401223138012	6.60823697154203e-08	5.56294560420734e-07	1	DOWN
LHPP	0.117362030933868	0.584215641639807	0.732194155611966	1	UP
AP1G1	-0.01875656506585	0.757804976067497	0.857145193253094	1	DOWN
TAX1BP1	0.101934786080272	0.0947592759232655	0.198330547411519	1	UP
MTPN	0.106165772709341	0.0771668013856977	0.168068944510131	1	UP
DPYSL2	-0.999174380163428	1.23363949759131e-07	1.00587705289723e-06	1	DOWN
TGFB2	-0.719654256529878	1.34646239580317e-19	2.93923384920719e-18	1	DOWN
STEAP1B	-1.25401757799225	1.49159004007099e-10	1.66447626788153e-09	1	DOWN
FOXO1	0.516780413842029	1.61077211730057e-07	1.29318154817281e-06	1	UP
FBXL5	-0.464885643221818	2.48767127165878e-11	2.9858253776363e-10	1	DOWN
ARHGEF17	0.0741661707163804	0.197109111958307	0.345598614039007	1	UP
CCZ1P1	0.348099622028932	0.52514908116099	0.683071950662238	1	UP
GABRE	-0.306642113339	0.00260772508188916	0.0096799987563268	1	DOWN
GUCD1	-0.552203695402451	0.000208417543843757	0.00101135616869006	1	DOWN
KATNBL1	0.465263613484959	5.4710292766048e-06	3.57584098038064e-05	1	UP
EMC7	0.284541948184998	6.93410707833105e-05	0.000369214375051444	1	UP
SMG9	-0.0991723669274571	0.386857175536868	0.557152984221973	1	DOWN
UBE2D2	-0.0553152414279902	0.521887515871797	0.680667553417269	1	DOWN
SLC30A9	-0.0455867835059494	0.837900808604098	0.906936153481973	1	DOWN
RPS2P45	0.593446839268055	0.261740205445632	0.42413183548944	1	UP
DIAPH1	-0.182574999395884	0.297756183943215	0.464422516369498	1	DOWN
IER5	-0.0750763375286537	0.304628318443121	0.471628865419064	1	DOWN
RPL23AP34	-0.12357590540554	0.8594450468682	0.920601910332248	1	DOWN
NDFIP1	0.21008172048158	0.00197147815769527	0.00755898934912559	1	UP
GABRB3	-0.140805294259921	0.650039454118506	0.784810524250677	1	DOWN
ANKHD1	0.423789452277629	0.107426779148289	0.218067760285423	1	UP
RPP38	0.0371689981431367	0.908399937439889	0.94788703126174	1	UP
NMT2	-0.621439684559385	2.69552169521397e-17	5.02619148613382e-16	1	DOWN
TMEM45A	-0.355709741167457	0.0367769984721881	0.0921755764649104	1	DOWN
ZNF678	1.59484092978859	0.000604071073099629	0.00264688631818155	1	UP
RYK	-0.286716962351169	6.04914490069911e-05	0.000325936588217759	1	DOWN
TOPBP1	-0.605278785295352	1.29942270927261e-12	1.73548591235661e-11	1	DOWN
SNRK	0.375646696111503	0.0400440392199696	0.0988859364848277	1	UP
LDOC1	0.182013323240563	0.138627923989043	0.264603372020296	1	UP
EXT1	-0.0641829302249737	0.153986699520147	0.287538673570958	1	DOWN
ARL6IP4	0.0482318148070544	0.806483002943764	0.887107633524993	1	UP
MAPK12	0.181120803671013	0.12131545980296	0.240154754741449	1	UP
SHMT2	-0.0620655315413783	0.464863678895644	0.631184775919063	1	DOWN
POFUT2	0.219355749851132	0.0242306699507346	0.0655409863956665	1	UP
PDZD7	-0.282555479253239	0.616555162687167	0.757252987930669	1	DOWN
MAPT	-0.188401696474142	0.756855222066198	0.856616683421988	1	DOWN
LINC02172	-0.29974782373202	0.638903969982625	0.776191783961237	1	DOWN
YAF2	0.184786382542729	0.580813792163719	0.729670972915729	1	UP
CRPPA	0.147068971069654	0.480984796825807	0.645197372962939	1	UP
DIAPH3	-0.617142962130628	1.55999116724898e-14	2.41364372140418e-13	1	DOWN
HERPUD1	0.160098188089944	0.403473092878468	0.574409030087333	1	UP
MSL3	0.395171417095859	0.00299450030921498	0.0109083750865807	1	UP
CLNS1A	-0.298622697696654	0.00875941017193681	0.0278876925302179	1	DOWN
TRIB3	0.455232487262517	0.0167809148374623	0.0483358581455387	1	UP
C16orf74	0.370172563662374	0.122336063453398	0.241414509485874	1	UP
TRAPPC8	0.180983721355248	0.013713118806088	0.0407669779606619	1	UP
CMC1	-0.0252143382376739	0.87040268513025	0.927956204858912	1	DOWN
CCDC43	0.586068963337765	4.21483148136875e-09	4.12659415564091e-08	1	UP
ZKSCAN7	-0.510856687828563	0.284041028295983	0.449679765546149	1	DOWN
UQCRC1	0.185853746614949	0.139788869481524	0.266256616960261	1	UP
IFRD1	0.431598448662022	2.51580987209027e-06	1.739520022085e-05	1	UP
MACC1	1.40314398430817	0.0477840104844432	0.114439299885762	1	UP
PDCD7	-0.456059652372809	0.000534039355619645	0.00237385503785281	1	DOWN
TRMT44	0.0685925388594469	0.721488610831599	0.834632718149811	1	UP
LINC00339	-1.1030827035145	0.00102000543363534	0.00420401413877281	1	DOWN
MOCS2	-0.0337621362350141	0.873457715356302	0.929479929647564	1	DOWN
ITGA2	-0.682199712377971	2.2991082368953e-19	4.95147736682176e-18	1	DOWN
COPS8	0.956293704338505	7.75803266940588e-23	1.93295396733766e-21	1	UP
DHRS7	0.482108116216305	1.91703597466196e-05	0.000113761309494425	1	UP
PPM1A	0.0170835580693363	0.883228677248869	0.935126208141505	1	UP
MSX2	0.192940201017769	0.759455618106822	0.857667155273467	1	UP
SAP30BP	0.190351549047316	0.0482056907195906	0.115315019044023	1	UP
VPS11	0.0757268642125225	0.488310044513384	0.651095077806137	1	UP
LOC283299	2.41357850286707	1.39785986398749e-14	2.17209385962185e-13	1	UP
INMT-MINDY4	0.944403182914767	0.0701560670475082	0.155365114172574	1	UP
DNAAF10	0.118716510584794	0.371261324093904	0.541546118348744	1	UP
ZNF487	0.311351862915203	0.255475674484127	0.41683176831547	1	UP
DDR1	0.443366429205345	0.0347542407090686	0.0878491398437555	1	UP
LINC01123	0.929050965847665	0.000296025345801221	0.00138756479798036	1	UP
RPP25	-0.462489055073647	0.00749833580777946	0.0243010654313122	1	DOWN
GRINA	0.503696675743505	0.0037564632248671	0.0133115865773797	1	UP
MXRA5	0.263004391527957	0.00180657914164518	0.00700479612984022	1	UP
ARIH2	-0.0860045911472781	0.257009042868196	0.418671815859351	1	DOWN
WRNIP1	-0.284019474411877	0.0153161586061068	0.0447048693227327	1	DOWN
MRS2	0.188527941829884	0.0917974193135168	0.193179628149065	1	UP
DNAJC19	-0.121638537209577	0.543340575164974	0.697537636803912	1	DOWN
DTD2	0.309108244686055	0.0113919680519303	0.0348265983326517	1	UP
PARP2	-0.672190117938448	1.29791863104432e-05	7.93074931806405e-05	1	DOWN
GSTP1	0.149258108824665	0.126179058635138	0.247075010343683	1	UP
POU2F2	-0.8107622369679	0.0188814126594461	0.0534037112908323	1	DOWN
CLHC1	0.288088707897096	0.0807338709850692	0.174580736488142	1	UP
DUSP19	-1.97587132111887	9.64693012677683e-07	7.05148139919332e-06	1	DOWN
ZNF417	0.133684661577903	0.375071401247391	0.545836537706551	1	UP
CIDEB	-0.688090825080399	0.152058954011264	0.284637816634297	1	DOWN
NCK1	0.185220557830094	0.271548503195253	0.435484121593009	1	UP
TMED6	1.04491712303147	0.142377928386985	0.270439464132534	1	UP
FMOD	-0.13515501180435	0.386373893505752	0.556623381023988	1	DOWN
RNF2	-0.0206985570539252	0.850987898397478	0.915956064333529	1	DOWN
TRMT1L	-0.547627627223389	3.35868813529866e-06	2.27230347580529e-05	1	DOWN
MIDN	0.189534881122989	0.0472522234209459	0.113391212330802	1	UP
IFI6	0.74066058478792	2.78585434750007e-06	1.91342115854199e-05	1	UP
ZFAS1	0.352409223081591	0.00102023926265838	0.00420401413877281	1	UP
TACR1-AS1	-0.913106454512236	0.137237455982865	0.262608378761703	1	DOWN
LPP	0.0579030266097278	0.349384208542663	0.51938598885403	1	UP
PCOLCE	-0.224741715216676	0.00315771441359885	0.0114108854690965	1	DOWN
DAXX	-0.33281096418633	0.0171525939404165	0.0492005031824055	1	DOWN
STK17B	-0.191077436565419	0.100359656035052	0.207363081121324	1	DOWN
PHC3	-0.0273406082018254	0.660666197973086	0.79210878842687	1	DOWN
AUTS2	0.243587390641205	0.0348902898111709	0.0881228496438323	1	UP
PIAS1	0.01259544592862	0.862727896921782	0.922388441382557	1	UP
RALBP1	0.0834532920879347	0.178432830251176	0.32063327903006	1	UP
MIS18A	-0.21820100749495	0.209159791926115	0.360817494702673	1	DOWN
PYCR3	-0.456865100211763	0.227577894930187	0.384182749371331	1	DOWN
CHERP	-0.333969714845723	0.00378151300927992	0.0133937854159569	1	DOWN
MED16	-0.0916522957128501	0.592056299079568	0.737847651928475	1	DOWN
NUDT10	-0.611270330788142	0.306532942124547	0.473596574348326	1	DOWN
ZNF300	-0.194678748084912	0.210999066534869	0.36320994764686	1	DOWN
TNIP1	0.38582517511005	0.0106164470547089	0.032767679706877	1	UP
G3BP1	-0.570914010679152	4.14048522547628e-14	6.14313675496486e-13	1	DOWN
SUMF2	0.215791504905525	0.00963248446470002	0.0301427096144175	1	UP
ZNF628	-0.265659106625366	0.627293662950182	0.76601493352147	1	DOWN
MMP2	0.3614736847655	3.74775055876406e-10	4.0206936395471e-09	1	UP
RN7SL650P	0.77452810462621	0.198565436798139	0.347298220799728	1	UP
STRADB	0.216160242529843	0.155390500411223	0.28941205328555	1	UP
YTHDC1	-0.244668490131869	0.00214364978629297	0.00814564371856947	1	DOWN
A4GALT	0.666064963615403	0.00175029640230064	0.00681032130038949	1	UP
ATF4	0.328502668787698	1.75401038912411e-09	1.77377215767897e-08	1	UP
SLCO3A1	-0.398662264672023	0.099746910982681	0.206451247581026	1	DOWN
GOLGA6L3P	1.0596039673079	0.00282571317588778	0.0103693197320351	1	UP
LANCL2	0.220104600679872	0.241218682452619	0.400166591679807	1	UP
FIGNL1	-0.502037412316906	0.0896227859850396	0.189486302892437	1	DOWN
SEC61G	0.0789300484497095	0.496631397517232	0.65788067884513	1	UP
CBFA2T2	0.32796142107034	0.0291390769273952	0.0762427667350693	1	UP
NUCKS1	-0.960365752740204	5.7956024165067e-80	9.10350549140634e-78	1	DOWN
MEIS1	0.38117224626794	4.73798096762656e-05	0.000261031501956429	1	UP
MAP2K4	0.107914285800147	0.466201906090975	0.632351531013294	1	UP
EIF3H	-0.0748301814134608	0.528300475336381	0.685689794241606	1	DOWN
UTP23	-0.269896087828601	0.0354726200391169	0.0893524197638624	1	DOWN
DNAJB6P7	0.187665348860823	0.422874058554618	0.591230951306758	1	UP
OLMALINC	-0.338342435042467	0.459479168780359	0.626774392657075	1	DOWN
GASK1B-AS1	-0.604485578391709	1.27903172056885e-05	7.82858424139791e-05	1	DOWN
TNPO2	-0.33681060150724	2.14057029563462e-06	1.49508851339855e-05	1	DOWN
NDUFA3	0.128292746447502	0.306738469529473	0.4737791388596	1	UP
CCNI	-0.478974528632421	9.66147422081388e-14	1.39617963964981e-12	1	DOWN
TOMM7	-0.179006270053304	0.145479478222061	0.27524534430309	1	DOWN
EFR3A	-0.165973196452114	0.437107875155938	0.605855160548481	1	DOWN
ENOPH1	-0.286476007751705	0.0103728488302851	0.0321324841257128	1	DOWN
E2F5	0.844219101232678	0.00277092923318041	0.0102045612509404	1	UP
DLG3	0.166604834601398	0.425742922164081	0.594198059858739	1	UP
C2orf42	-0.11883353547875	0.46032069980786	0.627271132444786	1	DOWN
TRAK2	-0.00361291313458215	0.947906912717164	0.969944756112184	1	DOWN
XPOTP1	-0.329671842873284	0.0747777551503935	0.163927994490039	1	DOWN
NOC3L	-0.273165962933487	0.00504576553713067	0.0172501437844985	1	DOWN
MRPL57	-0.629585637639766	8.61231642544994e-06	5.42745756103881e-05	1	DOWN
EIF4B	-0.642358864171396	0.00299281285553976	0.0109069645839145	1	DOWN
MIR155HG	-1.17667188967275	0.0195264536495272	0.054780971013263	1	DOWN
EIF3EP1	-0.163112498507978	0.749493245289781	0.851487962868131	1	DOWN
NRXN3	0.809222593877458	1.68723395552612e-18	3.41010040437874e-17	1	UP
ADAT3	-0.448741276712443	0.247924023320171	0.40754749869182	1	DOWN
ABCD1	0.385936354274289	0.00785987149634483	0.0253194389196788	1	UP
SLC25A38	-0.158659132199975	0.228635781747784	0.385397839967016	1	DOWN
ESS2	-0.0446393518965623	0.758751068502829	0.857354890213026	1	DOWN
CSRNP1	0.625753232764602	6.28090574526481e-09	6.05102459498812e-08	1	UP
RPS27AP16	0.121325474642379	0.0625782513910375	0.141942914903764	1	UP
FAM24B	-1.34675162480212	0.00203097827548822	0.00776857254078355	1	DOWN
TRIM59	-0.329909548624538	0.000372928632994319	0.00170976893255105	1	DOWN
GNAS-AS1	-0.29749459773783	0.633011445997241	0.770759522396345	1	DOWN
PDE9A	-0.490516514937296	0.0377404589029379	0.0942384151127839	1	DOWN
WDR4	0.250296977554612	0.0796792525348943	0.172630416548989	1	UP
IQCH-AS1	-0.261195789701623	0.427975039790232	0.596630069458677	1	DOWN
CRLS1	0.00518942076387536	0.970311965149678	0.982576435704303	1	UP
RPS26P23	0.537234490841821	0.00738036531865617	0.0239671144314383	1	UP
ZNF394	0.140246985730539	0.322970461382032	0.492377480475973	1	UP
UBAP2L	-0.256676392561058	1.69158729268214e-05	0.000101516312153445	1	DOWN
ZNF821	0.676360236767432	0.0254388326547963	0.0681276076157267	1	UP
STRAP	-0.169246491794337	0.290132372270757	0.456577400151568	1	DOWN
AEBP2	0.333072337629233	0.00144701948612546	0.0057479050560745	1	UP
HNRNPCP3	0.00255092595393854	0.997326578132364	0.998570385962086	1	UP
PRDX1	0.00772989639120326	0.985115275427871	0.991841485766611	1	UP
RIGI	0.736359845297129	7.80069865828019e-17	1.40733952947325e-15	1	UP
CMTM7	0.427584936895519	0.127211210638591	0.248355742358589	1	UP
FBXL2	0.190408311572276	0.188037400224993	0.333721396129092	1	UP
TSPYL5	-0.355637194438557	0.0008987516103814	0.00376459696278887	1	DOWN
EEF1AKMT3	0.219790314250595	0.347724925749018	0.51745164267316	1	UP
TTC34	-0.668258583790049	0.198223837294315	0.346795723092027	1	DOWN
SYTL4	-0.0845775991803305	0.518096353963947	0.67749619139743	1	DOWN
ATAD3C	-0.718073234245371	0.295903657022578	0.462581539120865	1	DOWN
CTSK	-0.143182291131285	0.130798931307366	0.253340752757371	1	DOWN
MCL1	0.38748884392041	4.84246128745475e-14	7.12611080091737e-13	1	UP
ADAMTSL4	-0.545657296371951	0.000937534542735715	0.00390553810235625	1	DOWN
EHD2	0.449641354007635	0.339023183808241	0.509116079103491	1	UP
GABRR2	2.01413428127493	1.31966400555761e-07	1.07137441260186e-06	1	UP
PDRG1	-0.0299035448447665	0.85574491269785	0.918340244571263	1	DOWN
RNGTT	0.0256681710182837	0.771194018921871	0.864855251236998	1	UP
GPR183	2.1085813096455	3.68796610053464e-14	5.49997916602952e-13	1	UP
ATG101	0.367792275853879	0.00693097045341754	0.0226553843072465	1	UP
CLIC4	-0.63441785700686	1.73665108196123e-21	4.07408194568535e-20	1	DOWN
SLC16A4	6.21951750139033e-05	0.99958175286531	0.999841638071598	1	UP
NHERF2	-0.202199102881828	0.0334700730199644	0.0852743344872189	1	DOWN
FANCF	-0.15528229572476	0.366372246985779	0.536497891839582	1	DOWN
ZNF573	-0.386148287724122	0.0653391129456581	0.146959614191083	1	DOWN
LRATD2	1.25856461339112	1.35986101926839e-06	9.72839187596411e-06	1	UP
PHF3	-0.0870057739854746	0.408107690444274	0.578976650627152	1	DOWN
CEP70	-0.376926425370065	0.00177050333260318	0.00687968369439327	1	DOWN
ICA1L	-0.277103229481293	0.128865405118587	0.250772147773862	1	DOWN
SNHG16	0.465032186222992	0.377469517736868	0.54820283572591	1	UP
PPM1L	0.968558736308431	0.00984023753558135	0.0306840209201761	1	UP
NCAPH2	-1.04695596016438	6.23169813239779e-11	7.21010966463414e-10	1	DOWN
TOMM34	-0.58977864529618	7.79982693705161e-08	6.5003055978854e-07	1	DOWN
PANK1	-0.395173683493564	0.0342026472664959	0.0867127115172162	1	DOWN
MITF	-0.591508104158661	1.48492163490005e-13	2.11832206771378e-12	1	DOWN
ENTPD5	0.0700349514621232	0.607619035013192	0.750231380605965	1	UP
PLCD1	0.113621449723433	0.65406424440144	0.787676462878347	1	UP
AASS	-0.849627986160609	4.34254531768895e-17	8.0350988970452e-16	1	DOWN
APOBEC3C	-0.10211388841219	0.273349172132946	0.437207403042967	1	DOWN
IDH3A	0.025018061172794	0.791054386233342	0.878132350242589	1	UP
LAMC2	0.435760226994537	5.91044208157258e-07	4.43697654653534e-06	1	UP
ELOA	0.387063389960089	0.1459518820047	0.275705966908486	1	UP
ZBTB40	0.164320000256592	0.0228065868170925	0.0623374288053346	1	UP
AMER1	-0.154506188318948	0.411111582672516	0.580683557931828	1	DOWN
ORC5	-0.181871258697115	0.268314813521393	0.43202421952063	1	DOWN
SLC25A45	0.0803508026394651	0.86600109496515	0.924813909499068	1	UP
RPL29	-0.0305199353450482	0.824489437098634	0.898100991966781	1	DOWN
PPOX	0.109570033395917	0.617495665180285	0.758150370222625	1	UP
CPAP	-0.484020923596256	0.000103496421412438	0.000535299493855097	1	DOWN
PPP1R9A	0.194937988413175	0.493980784798421	0.656058469332185	1	UP
PLEKHB2	-0.145914771994745	0.0243161383738245	0.0656931231333217	1	DOWN
BIRC6	0.0502670349620034	0.313326096987565	0.48097253320239	1	UP
NOL10	-0.140033924490109	0.133673244726989	0.257567894744573	1	DOWN
CTBP1	-0.353186652391684	0.00366212877092581	0.0130091993285764	1	DOWN
FBXL4	-0.0566898571368323	0.537503252661611	0.692464584422993	1	DOWN
CCNC	0.438552844116898	0.0908170060888425	0.191534815380891	1	UP
RTN4RL1	-0.562390670063196	0.699854859107697	0.820176998537453	1	DOWN
MORF4L1	-0.606364311983645	1.62045718432737e-08	1.47370841854719e-07	1	DOWN
TNIK	-1.03732722107593	2.40958356214212e-42	1.29445695377382e-40	1	DOWN
ZMYND8	-0.391203242146687	0.000236568184370554	0.0011335035916243	1	DOWN
FAM114A2	-0.360752253250702	0.0027657195069172	0.0101938870379837	1	DOWN
FAM167A	-1.12454728266813	5.81837622860303e-06	3.78233715157636e-05	1	DOWN
SGK2	0.771882931241865	0.209422054753976	0.361091471484774	1	UP
PCMT1	-0.287421322019273	0.0123092760450251	0.0371825560465422	1	DOWN
RHOT1	0.115044418864147	0.367925008810598	0.538188615146325	1	UP
ZNF74	-0.153440552571589	0.701268976922543	0.820968728573207	1	DOWN
CHRD	0.0818309681273903	0.742237625203537	0.847699284192442	1	UP
P3H2	1.17491556024996	8.74902105797677e-37	3.84292107321648e-35	1	UP
LSM14A	0.043272842691413	0.526904369858805	0.684861939991868	1	UP
CPLANE1	-0.150378683657566	0.0303178159248039	0.0786604857511786	1	DOWN
FAR1	0.0831752296321922	0.289451613193696	0.455798764548556	1	UP
TAS2R64P	0.211595419407949	0.447096324984438	0.615039409076641	1	UP
TRBC2	0.433303023969664	0.0890829314407696	0.188719610737313	1	UP
LINC02454	-0.770780951917404	0.0112995345520744	0.0345993993375215	1	DOWN
KMT5A	-0.309298788368999	0.0105537018501067	0.0325949017815542	1	DOWN
MTND5P2	-0.0473788000108727	0.921168359165116	0.956393265118732	1	DOWN
OTUD6B-AS1	0.0570608808880499	0.679110957092122	0.805072390560973	1	UP
PCDHGA6	-0.0462972780586273	0.794156741952864	0.879414488732631	1	DOWN
SLC43A3	-0.499111016932424	4.60415097677442e-05	0.000254239915037704	1	DOWN
NOL8	0.0510709344498277	0.563791850811334	0.714993947878419	1	UP
IRAK4	-0.413869435854675	0.0904868291420077	0.191005721287051	1	DOWN
TIMM10	0.213439342091004	0.30381601551837	0.470673803629499	1	UP
KCNMB3	-0.0169949125950783	0.954807633587348	0.973742068664133	1	DOWN
CHPF	-0.000256327814919087	0.998051663586105	0.998950311018341	1	DOWN
ACSL3	-0.30710533900701	0.00100195969804371	0.00414049745394042	1	DOWN
BAG6	-0.167007122538271	0.0263177180648715	0.0701434286361032	1	DOWN
UBE4A	-0.2708943338846	0.183501089610554	0.327740331068452	1	DOWN
LUC7L	0.412686039634314	0.000879334189570692	0.00369182404807846	1	UP
HSD11B1L	0.252444878276927	0.451878924955903	0.619907190482035	1	UP
GPR135	0.568453914649514	3.25609822619793e-06	2.21117835840161e-05	1	UP
RPL39L	-1.91801833113376	2.95191695988926e-10	3.20256396301499e-09	1	DOWN
IKZF5	0.0643157842485077	0.588799923338974	0.73541466656625	1	UP
HAPSTR1	0.166511833532238	0.0044046331257936	0.0153155325555446	1	UP
SYNPO2	1.0288948930708	6.38702753990791e-101	1.64819526748588e-98	1	UP
CHD9	0.445475148733288	1.81561062730322e-05	0.000108150821002304	1	UP
ACTL6A	-0.0900724255332989	0.440685656910764	0.609119887902195	1	DOWN
RTP4	-0.596670657081971	0.10120083675836	0.208683403538108	1	DOWN
ZMPSTE24	-0.00740259618200001	0.921199719861015	0.956393265118732	1	DOWN
PPIE	-0.142480464868633	0.412772491339964	0.582119183405272	1	DOWN
SMAP2	0.275794486127699	0.0159268988126703	0.0462725401571971	1	UP
SS18	0.295803739159791	1.19588653756528e-05	7.36020287664219e-05	1	UP
WHRN	0.516923441533354	0.0505511167074273	0.11981534976858	1	UP
ZNF529-AS1	0.242899380866796	0.374287437399364	0.545189775008387	1	UP
ZNF219	0.372001200130721	0.0566531784836218	0.131180112524727	1	UP
CASP7	-0.218782491214448	0.0719836595507132	0.158790392942659	1	DOWN
PPP1R36	-1.4133285551476	0.0257855186455509	0.0689283259243167	1	DOWN
ARHGEF40	0.0213930475937533	0.797563786190043	0.881700908371505	1	UP
NSMF	-0.116445409246718	0.327022960156683	0.49657925668226	1	DOWN
CEBPD	-1.17239449614446	7.07195105617603e-11	8.13668508859871e-10	1	DOWN
KDM4B	0.426787007574383	0.00248596297424129	0.00928045748921748	1	UP
TICAM1	-0.0499254680517678	0.746445552409366	0.850030313464756	1	DOWN
CCDC32	0.461614538981696	9.96358540539647e-05	0.000517368928111335	1	UP
ATP2B1	-0.441009314287948	6.38721144498393e-09	6.1472010495255e-08	1	DOWN
UHRF1	-2.26045925993445	1.07697586540146e-24	2.94760951343116e-23	1	DOWN
ORAI1	-0.40871527991645	0.0121358376319655	0.0367354398030024	1	DOWN
PIGUP1	-0.984819820826671	0.184073753302827	0.328427295029476	1	DOWN
H2BC14	-3.6655821621808	4.46524927791073e-40	2.19480671139755e-38	1	DOWN
DHRS11	-0.147346603991354	0.56882165194188	0.719259965439968	1	DOWN
DGLUCY	-0.495827875321542	0.00161764223080824	0.00633854335070767	1	DOWN
ARHGAP11A	-1.53215591554594	8.76716937862992e-31	3.12055085444781e-29	1	DOWN
CHAMP1	0.113834270063088	0.268865136409464	0.432717461438152	1	UP
INPP5F	0.377557094086095	3.32885115469036e-07	2.56972371989479e-06	1	UP
CHPF2	0.141449900508893	0.425227156872254	0.593658526029305	1	UP
COL5A2	0.369972220876443	1.99872609657899e-17	3.75599360489766e-16	1	UP
MICOS10	-0.204543248539287	0.19067236741704	0.337300328258495	1	DOWN
APPL1	-0.217181611211891	0.0258115973439527	0.0689852770884891	1	DOWN
PWWP3B	0.922936492137534	0.021948915847565	0.0604274686441535	1	UP
CRY2	0.293116585519019	0.0622861898945995	0.141435846977822	1	UP
HOXD8	-0.345110427399744	0.354056262958981	0.524228181969286	1	DOWN
MMADHC-DT	-0.114685576660493	0.883789321863996	0.935445652256398	1	DOWN
SYF2	0.182221723950818	0.0822239096158925	0.177084624693353	1	UP
RSRP1	0.124602312422562	0.368792127133492	0.53884287690285	1	UP
OSBP	0.0231646250333511	0.775789970300511	0.867504941857276	1	UP
UBB	0.109303832355655	0.495133373489204	0.65704062261639	1	UP
CDK1	-2.36239710796787	3.46569425920455e-66	3.88238354571821e-64	1	DOWN
STX8	0.0694782003480608	0.634024290795692	0.771696231399681	1	UP
DTX4	-0.718138971663523	0.186938461611524	0.332687822143714	1	DOWN
ATG2A	-0.257721607313792	0.0301667042604455	0.0783781091815351	1	DOWN
EHD1	0.703205147647538	2.23517661983578e-11	2.70297383541815e-10	1	UP
ZNF488	-2.40777410519989	0.000795491894552727	0.00338705167005936	1	DOWN
CCNT1	0.207971697804376	0.0347199435194013	0.0877931590199244	1	UP
PUS7L	-0.338662155003948	0.000617323806955925	0.00269759490000607	1	DOWN
ATG3	0.0307140506387656	0.77580118193387	0.867504941857276	1	UP
LBR	-1.05532979813663	6.36278993663084e-29	2.06626241290455e-27	1	DOWN
PYCR2	-0.181378705451832	0.127901501810592	0.249198409419558	1	DOWN
RABL3	0.045964468370007	0.696060447284124	0.817786140138445	1	UP
ADPRH	1.32802856727037	5.65857281783454e-08	4.81862320509882e-07	1	UP
ZNF638	0.117677131191785	0.213824695686828	0.366328473902828	1	UP
TARBP2	-0.308421305458175	0.0681990264557585	0.151879200387142	1	DOWN
RDH5	0.484977000128814	0.177998453835958	0.320051717852859	1	UP
PGM1	0.164123535164809	0.112903471098745	0.227142984943333	1	UP
HUNK	1.69153584396034	1.43203184327133e-48	1.00457728966573e-46	1	UP
AGAP2	-0.907793496136014	0.176626842356688	0.318243263292221	1	DOWN
PRELP	-2.00410716136157	1.1266455422584e-09	1.15880104848229e-08	1	DOWN
MTF1	-0.147458765683569	0.122076056769089	0.24101797729943	1	DOWN
ZNF548	0.0315033809887716	0.918614982819597	0.954891750591713	1	UP
GCH1	1.46517372548281	0.00156438407386798	0.00615154129291597	1	UP
UTRN	0.0698862170078155	0.139294945925159	0.265490802369358	1	UP
ARAF	-0.414552683454422	7.92659933372778e-05	0.000417598567158951	1	DOWN
PTPRJ	-0.156533105724907	0.0149641986145247	0.0438191761253286	1	DOWN
CSTPP1	0.251393122614866	0.110234412826356	0.222623892391501	1	UP
LARP1B	0.334157630430938	0.000165734882021494	0.000820779568229133	1	UP
ITGB3BP	-1.46234849916553	3.01161050103964e-12	3.88925677842036e-11	1	DOWN
GLIS1	-0.253369959883211	0.548918072760704	0.702128744469041	1	DOWN
KPNA4	-0.0781986574847756	0.178690288583116	0.320896403667778	1	DOWN
MCM3AP-AS1	-0.60097592299233	0.0360660881178184	0.0906261588229166	1	DOWN
ZNF407	0.0874801923043708	0.209195762556668	0.360836472273384	1	UP
ZNF142	-0.0597707309262451	0.655075831900825	0.788258920227776	1	DOWN
CHMP3	-0.0504029061419432	0.488130490611754	0.651052929721663	1	DOWN
RSPH9	0.718166977049541	0.278652078380891	0.443675758559085	1	UP
PPARD	-0.298601429933149	0.00426259893805569	0.0149005363458739	1	DOWN
MTRF1L	0.447391491884496	0.000188084417334428	0.000921358615220278	1	UP
COPS9	0.0802364878347597	0.562509027749049	0.714147899610676	1	UP
MAFG	1.21273206982364	9.96180654170077e-31	3.51117234961263e-29	1	UP
PDK3	-0.313095787635356	0.334675550025096	0.504474431356281	1	DOWN
HGD	1.18868979359444	0.0417934105167619	0.102462855085878	1	UP
TCEANC2	-0.65488015262424	0.000209305138959292	0.00101464896447525	1	DOWN
ZNF221	0.179566834141385	0.383792446759211	0.553665784509827	1	UP
TMEM59	0.275214726568979	2.1258719079406e-05	0.000125289457347674	1	UP
STARD8	-0.643835023727258	0.00672623967396036	0.0220961331048877	1	DOWN
LRRC37A2	0.278569206067397	0.328843663625915	0.498282456019513	1	UP
ZNF70	-0.0562471674067576	0.71490650157124	0.830075032476779	1	DOWN
NF1	-0.214868553189	0.000981540534115331	0.00406425279613199	1	DOWN
ALKAL1	2.63123746290893	1.22667552067366e-07	1.00207393721057e-06	1	UP
VKORC1L1	0.125775852598065	0.0767406213521557	0.167292007717605	1	UP
ANXA6	0.364602052881676	4.51196674493918e-11	5.29670442169911e-10	1	UP
GMFB	0.117455188056897	0.455055197339428	0.622771886580421	1	UP
ZNF441	0.702810092653322	3.85670155817489e-07	2.95510043569381e-06	1	UP
NATD1	0.525395852680858	9.80784226898051e-05	0.000509464876452327	1	UP
TMEM87A	0.229826777929218	0.00946131386290123	0.0297358518122631	1	UP
MTND4P14	0.301415990189205	0.403367662125371	0.574348811249752	1	UP
DYNC1I2	0.2168719520105	0.0360855949307421	0.0906594110473147	1	UP
NIPSNAP3B	-0.392244004405536	0.387710982524086	0.558034315901026	1	DOWN
H3C14	-2.4655765187729	6.70884382469942e-12	8.42306708173165e-11	1	DOWN
H2BC18	-1.84062917964215	1.07260579655767e-18	2.21431805229356e-17	1	DOWN
MRPL14	-0.345759657272106	0.00103821574134159	0.00427443181713029	1	DOWN
GPR137C	-1.40643186997617	3.44569655825989e-06	2.32898788416341e-05	1	DOWN
HBEGF	-0.00489907717744818	0.968673826354487	0.981837350755717	1	DOWN
LYSMD2	-0.533878167705726	0.0367615520013408	0.0921653691830978	1	DOWN
FGF7	0.0108391975752373	0.881408983241145	0.934020768264119	1	UP
SLC27A2	1.1366900060911	0.000314935411097967	0.00146432806492173	1	UP
FBXW11	0.142850940610848	0.057541615052496	0.132536480574374	1	UP
SPAG5	-1.95102367924499	1.61138581668564e-50	1.20031631118166e-48	1	DOWN
HAUS7	-0.255946759654351	0.313118079512078	0.480806435769742	1	DOWN
ARHGAP19	-0.681842914580363	3.91313859589245e-07	2.99358209895404e-06	1	DOWN
LCAT	0.020269373578108	0.930051910787739	0.960819938299793	1	UP
PLA2R1	-0.10192039226943	0.238887653946894	0.397394438492755	1	DOWN
EIF2D	-0.405943657277143	6.26708581816834e-05	0.000336925807880769	1	DOWN
NLN	0.155179573548306	0.298787745616247	0.46554560266857	1	UP
DHX38	0.0804643869820021	0.334561038271668	0.504387426953602	1	UP
SDHAF1	0.0659575989201212	0.812923066702938	0.891248861006309	1	UP
CENPK	-1.07909018077779	2.53395394614663e-12	3.29596475929477e-11	1	DOWN
TMED7-TICAM2	-0.569803462965331	1.35701201276943e-08	1.24430079927227e-07	1	DOWN
LINC00923	-1.3233716348455	0.109783470152281	0.221973428361339	1	DOWN
CCDC190	2.59309940132887	7.57805209054745e-07	5.60442327331122e-06	1	UP
EVI2B	-2.57996336845859	5.62613245323632e-06	3.66891877625082e-05	1	DOWN
NPIPB4	0.0454865454159747	0.90646378639371	0.946755433447203	1	UP
CNBP	-0.0623739626247683	0.655330890439969	0.788459470297893	1	DOWN
ZNF829	-0.116753996646425	0.555807351027363	0.708536699867363	1	DOWN
FASN	-0.530487437208077	1.54508106489087e-17	2.93789032483394e-16	1	DOWN
GPR173	0.0704529953307889	0.7160625634519	0.830616479727356	1	UP
HSPD1P5	-0.622188802559898	0.398534233362826	0.569450199481626	1	DOWN
U2AF1L4	-0.0272768195644196	0.935177166581612	0.963639740286312	1	DOWN
PPP2R5D	-0.185860455073928	0.0952114134442101	0.199059626111441	1	DOWN
HES1	0.41350722696472	0.121821531184061	0.240671041356113	1	UP
USP4	-0.045876843375644	0.605866837924069	0.748963359695528	1	DOWN
PHF20	0.0764956213845205	0.247961720809938	0.407563105939993	1	UP
IL24	1.73971819675749	1.09571983061968e-05	6.80457553600558e-05	1	UP
IL20	2.81170304924853	2.96518202777005e-12	3.83272320959794e-11	1	UP
FCMR	0.547204181293342	0.0411064997677489	0.101111494152126	1	UP
CCDC82	0.358565528894314	0.000150367913497841	0.000753717210529761	1	UP
SRRM2	0.0696250745602787	0.740146769593311	0.846526392354012	1	UP
ABCA3	0.252184541469514	0.371909458649515	0.542327304434323	1	UP
EIF4E3	0.458965061268038	0.0041625853221372	0.014582671633989	1	UP
BCOR	0.383301281941969	0.000168630085420596	0.000832834369245739	1	UP
CLSPN	-2.54782533863069	5.91453615223631e-82	9.93848394604266e-80	1	DOWN
BBS10	-0.0593369674091459	0.681683139113935	0.807070950810495	1	DOWN
FIZ1	-0.278531106253861	0.171110411142671	0.310996737254673	1	DOWN
CNOT4	0.0596882057578158	0.558932153790626	0.711224035027323	1	UP
FAHD2A	-0.220662345546909	0.0556183431410855	0.129343526992569	1	DOWN
KCNIP3	-0.31834498909147	0.607599964460281	0.750231380605965	1	DOWN
DTD1	0.0137527693628736	0.900193662763898	0.943204233380071	1	UP
RBCK1	-0.198141636785922	0.0483317397006652	0.115518851606771	1	DOWN
SARNP	-0.0252884057564917	0.889420404238974	0.937990789567038	1	DOWN
HSP90B1	0.0727952516536069	0.14222967120193	0.27033552262779	1	UP
CIAO2B	0.00982610189509317	0.950087233103401	0.971052451062823	1	UP
RRAD	-0.737186002712748	0.0324131961589007	0.0831081392770858	1	DOWN
RASSF1	-0.520669707962471	0.00400289131230819	0.0140607152051934	1	DOWN
MAPK9	-0.0241079587225773	0.775717250119341	0.867504941857276	1	DOWN
COG7	0.146935210866579	0.156729191779562	0.291192279558556	1	UP
GPAA1P1	0.625895521118641	0.37905042179091	0.549303815212639	1	UP
CDK11A	-0.0927206509284138	0.683647798770282	0.808387962303537	1	DOWN
CDC27	0.0692652463816996	0.292066059177268	0.45901540197615	1	UP
LINC01537	-0.871426254473625	0.142788642143006	0.271077071414685	1	DOWN
HYCC2	0.498447637735875	8.16413098706773e-05	0.00042870587534199	1	UP
SLX4IP	-0.458147759643065	0.000872581327667683	0.00366773495233441	1	DOWN
CSPG4P12	0.982879690454474	0.0688078666107003	0.152975766214035	1	UP
RPL17P7	-0.0566757134725647	0.416798285486108	0.586433447371424	1	DOWN
FLACC1	0.122377749447538	0.804555804904505	0.885636497309187	1	UP
HDHD5	-0.231144983960734	0.282667739959208	0.44809472467645	1	DOWN
ZNF732	-1.01188372676184	0.06527525478523	0.146918781817309	1	DOWN
RNF150	0.0461558110049204	0.512581048019031	0.672841195832775	1	UP
P4HA2	0.502796538467572	4.31259190236579e-14	6.37231754407853e-13	1	UP
USP49	0.635342665438148	0.0164598603013286	0.0475437619857085	1	UP
CCDC169	-0.0160229487086712	0.93791965252125	0.964350766494541	1	DOWN
PRC1	-2.35678233511309	1.99775661631672e-119	7.4024566313828e-117	1	DOWN
TOP1	0.0917361001130847	0.151092220660023	0.283231765567258	1	UP
TMEM11	0.124279155185805	0.579390907668544	0.728701306067722	1	UP
KRT17	0.963543153521571	0.0028115198379257	0.0103303516851931	1	UP
MAP3K3	-0.329427231023321	0.000548187651748088	0.00243151005384028	1	DOWN
GPRASP3	0.383938387786976	0.633045794154191	0.770759522396345	1	UP
TAF12	0.157760631094091	0.220962455694018	0.375794803722991	1	UP
MGAT4B	0.0454315898520659	0.734760766337714	0.843436955623664	1	UP
SQSTM1	-0.603208350997616	0.00059158107425969	0.00260004200247165	1	DOWN
RPL8	-0.00536729756949873	0.950904036286551	0.971520544548763	1	DOWN
DOK4	0.0953362068063072	0.336351593328464	0.506103381423327	1	UP
ZBED6	-0.363351308325599	0.0023242059085094	0.00875119843248289	1	DOWN
EREG	-2.18457282888188	6.70982430380815e-09	6.44276883816157e-08	1	DOWN
VIRMA	-0.14643625892068	0.137351885439075	0.262792545542178	1	DOWN
CENPQ	-0.808904902155057	0.000265465627490612	0.00125609975248699	1	DOWN
NUAK1	0.616971631474401	8.27141129393601e-31	2.96600904736152e-29	1	UP
ATF7IP	-0.144156321188256	0.397301275963974	0.568284478723099	1	DOWN
PLEKHG5	0.377459280438746	0.0170597709665727	0.0489925974240743	1	UP
IQGAP3	-2.33632932965105	1.9334811513455e-86	3.77577515109376e-84	1	DOWN
NPAS2	-0.231728987277024	0.0840501925601013	0.18015564115782	1	DOWN
KIRREL1	-0.198560195692501	0.00713642394046863	0.0232585616517168	1	DOWN
BPTFP1	0.540405917723353	0.409350192304887	0.579839036283355	1	UP
ZNF730	-1.99292329774908	0.000108183924654914	0.000557410822323159	1	DOWN
TMEM116	-0.470766887662571	0.11364306894431	0.228376580352416	1	DOWN
UCKL1	0.133218817875748	0.377180429532036	0.547966577158525	1	UP
RNF114	0.391093873033079	0.133326999843062	0.257168776659382	1	UP
PMEPA1	2.88356034584284	1.35200862233738e-08	1.24050010167603e-07	1	UP
STX16	1.23258734000704	0.035985218495707	0.0905210018681984	1	UP
TRAF5	0.999028051588095	3.51122702305763e-25	9.81445681048468e-24	1	UP
FUCA1	0.918175414482886	2.92044384980483e-07	2.27388653413414e-06	1	UP
LEMD2	-0.21994129828437	0.056818335097316	0.131457214295759	1	DOWN
MRPL22	-0.0785460087692606	0.511236059463217	0.671563702872734	1	DOWN
RN7SL141P	0.276884220186692	0.56334858848818	0.714745430398831	1	UP
ZBED1	-0.213734752442206	0.197248537531084	0.345759172229706	1	DOWN
MVD	-0.461846253716674	1.39570474667758e-05	8.49234917652114e-05	1	DOWN
VPS13B-DT	-1.42473041279461	0.0570959334005489	0.131825105219897	1	DOWN
ARAP2	0.330269150099414	0.000157039977242438	0.000783356821239376	1	UP
FAM13B	0.0512865955127901	0.522377147132212	0.68083036641675	1	UP
ZNF280B	0.0154639027825134	0.946673674998663	0.969140073491476	1	UP
BEX2	1.97734606754909	0.0238393562453386	0.0645861524374556	1	UP
ANKRD18B	0.54002215793669	0.365774599045096	0.536040536169165	1	UP
LINC03143	0.692671710675431	0.190109722505585	0.336469761166958	1	UP
MORC4	0.379345866099745	0.00155714466680109	0.00612807668299089	1	UP
PRO1804	0.889870187599442	0.0621268437619284	0.141167673552072	1	UP
PDS5B	-0.194245007987918	0.00606470423532076	0.0201751935784117	1	DOWN
ZNF92	0.417929975254196	0.0124738616224818	0.0375812406251196	1	UP
KANSL1L	1.00568619056366	1.87470839877165e-18	3.75747726361292e-17	1	UP
TCEAL8	0.0375840686821417	0.814370263449791	0.892023397037287	1	UP
MPDU1-AS1	-0.481118094662091	0.398282861795641	0.569298057908013	1	DOWN
PRLR	0.121044397060634	0.700074180214993	0.820367497428387	1	UP
NSDHL	-0.504961124873454	8.38944785916693e-07	6.17920035743228e-06	1	DOWN
BRIP1	0.114759358897731	0.162225957445843	0.298830759853394	1	UP
LIMD2	0.445665934545098	0.102535972923611	0.210804857692289	1	UP
RIF1	0.0606472656075251	0.308149191193825	0.475348416091158	1	UP
ATP8A2	0.71263338755486	0.133846339409374	0.257807090088678	1	UP
MIS18BP1	-0.268613285734932	0.0108499804822139	0.0334215060605584	1	DOWN
CHI3L1	-0.295270578067377	4.86189474962519e-06	3.2023355071483e-05	1	DOWN
HS6ST1	0.0643894967360875	0.584786811546969	0.732491480771886	1	UP
SLC29A2	0.107450280245141	0.773710637051655	0.866296550847393	1	UP
RPL3P4	-0.030936726213393	0.756124139865619	0.856341709844863	1	DOWN
NFE2L2	-0.510123293684695	0.300547964111564	0.46746514146768	1	DOWN
ARPP21	0.17295945141433	0.858462259213005	0.920163040193379	1	UP
TOM1L1	0.294926361399655	0.0204350156065319	0.056932024393675	1	UP
SESN2	1.17951052454891	2.4818269156659e-22	6.03785871351649e-21	1	UP
TRAF3IP2-AS1	-0.0133477512730919	0.951837833172138	0.971868283253483	1	DOWN
ZMIZ2	-0.5313414278775	7.58163989420573e-05	0.00040088649144225	1	DOWN
THG1L	0.200199228203903	0.203127293985156	0.352896432481304	1	UP
ARSB	0.262806863708016	0.000937402675693214	0.00390553810235625	1	UP
CTTN	0.406924215420984	0.0108905572767887	0.0335277893495683	1	UP
DHX29	-0.0846696929977802	0.255686457877198	0.417081499354711	1	DOWN
CYP4V2	0.162397260730848	0.502444984563043	0.66333203653577	1	UP
TBC1D15	-0.158307624722469	0.127329960016908	0.248453315177469	1	DOWN
GJA3	0.00716956446093461	0.975691637247851	0.985438393197732	1	UP
FTSJ1	0.126792345281445	0.370329180007172	0.540502761798146	1	UP
BOP1	0.00656427507716711	0.955815847590192	0.974220257689792	1	UP
PLTP	-0.231853781659244	0.101100406864938	0.208561132909933	1	DOWN
EPDR1	-0.395221984210965	0.585799918482396	0.733188517407683	1	DOWN
RN7SL127P	-0.428460407946296	0.556199352314062	0.708848826200768	1	DOWN
F2R	-1.54075899635686	1.60875185852783e-105	4.47078328992032e-103	1	DOWN
TTC21A	0.0137271397049819	0.952769329393502	0.972418220147291	1	UP
PKN2	-0.2372085191467	0.132614156168393	0.256033022149559	1	DOWN
RPSA	-0.14815829776163	0.0163752282260924	0.0473655770807168	1	DOWN
C8orf76	0.103598556109183	0.469344601790288	0.635005977012588	1	UP
RCN1	-0.0882871579291197	0.674148581205342	0.801424905149588	1	DOWN
ACTB	-0.704742127499837	4.12570315144753e-37	1.82325798903878e-35	1	DOWN
RRP1B	0.0994095833262421	0.288846166537962	0.455043710088312	1	UP
MAN1B1-DT	0.114238998702739	0.798076871228496	0.881930784287145	1	UP
RN7SL809P	-0.425712556071334	0.474320874278881	0.639344366589321	1	DOWN
ZDHHC6	0.054314424806067	0.546889113765232	0.700382914617205	1	UP
RASA4	-0.413186458543501	0.0189423851158173	0.053516404165919	1	DOWN
RPS3P4	-0.0871129589739058	0.621126760896895	0.761051410014026	1	DOWN
CD22	-1.94030948368647	0.0220674874793966	0.0606729949704643	1	DOWN
FLOT2	-0.0618870858197866	0.535438605611427	0.691229523824436	1	DOWN
MARK2P18	0.470822843320682	0.445508959293244	0.613673622223493	1	UP
SDF2	0.0861637111491607	0.602295648241076	0.745965115861835	1	UP
BAIAP2-DT	-0.271753664952106	0.0511525092403715	0.120903649171182	1	DOWN
IFT43	0.346276252739715	0.010120585286086	0.031445404852554	1	UP
ADM	-0.0725634104078571	0.340167387254386	0.509880605042333	1	DOWN
BTBD10	-0.2662251067546	0.00609809765276323	0.0202799347525604	1	DOWN
LOC124903372	-0.249761954153007	0.693192667672399	0.815942595140005	1	DOWN
LIAT1	-0.131544475306662	0.484992690507475	0.648646864463075	1	DOWN
ZKSCAN4	-0.259770147034911	0.21343985053541	0.365799250484726	1	DOWN
RGPD1	0.654394348877742	0.00539113502425513	0.0182495413997449	1	UP
ZNF281	0.352603966209172	1.77722461014722e-07	1.42207490815268e-06	1	UP
OGT	0.229169282015948	0.0025521721230208	0.00949061346272284	1	UP
ITGB1BP2	1.84861392423975	6.62642257017615e-06	4.26540902278911e-05	1	UP
TEC	0.695135966545864	0.182317093292207	0.326072316233377	1	UP
SNX12	0.143096966669787	0.806877988585892	0.887381568725626	1	UP
PLXNA1	0.184938726433482	0.0245743150609758	0.0662574779455041	1	UP
BLOC1S5	-0.394882848482183	0.0958622060757351	0.200333295733977	1	DOWN
DDX21	0.209593427487748	0.000194309255907322	0.000948433114119117	1	UP
BMS1	0.0182869662033355	0.792572509215606	0.878670144278843	1	UP
RET	0.429858898958719	0.242950819490955	0.402116858603114	1	UP
PPP1R7	-0.0882113915846256	0.283974127955682	0.449623109793751	1	DOWN
PASK	-1.15691930615215	3.57225450049496e-11	4.23483591358923e-10	1	DOWN
CPLANE2	0.164076357893629	0.667825345500695	0.797516243932778	1	UP
MT1X	-0.971670715154268	1.93788053424417e-05	0.000114865921248411	1	DOWN
FECH	0.103793497866997	0.387330424386873	0.557665913101877	1	UP
LRRC37A17P	-2.05025618047402	0.02599989760178	0.0694243385519813	1	DOWN
DONSONP1	0.240291567796108	0.756368756949926	0.856391830434904	1	UP
KLLN	0.335623348000215	0.422874756951536	0.591230951306758	1	UP
SMIM29	0.253800332863593	0.327230907931466	0.49657925668226	1	UP
NF2	-0.283919239870338	0.0349606740302137	0.0882474585870075	1	DOWN
UBTD2	0.250086929763626	0.0146646778724003	0.0430730203118002	1	UP
YJU2B	0.334720168241648	0.0170516164915623	0.0489789127250182	1	UP
CREBRF	-0.0204051533876177	0.806067288121665	0.886893796353761	1	DOWN
VTI1B	-0.260307468614831	0.00447657696365917	0.0155134325424074	1	DOWN
SFXN1	0.0140295712662635	0.839042024716208	0.907876446345547	1	UP
PSMA3	-0.331889733705805	0.00387610335031046	0.0136785273541725	1	DOWN
PIGH	0.306532426993224	0.131949712402437	0.254940051138906	1	UP
RN7SL144P	1.63805343243216	0.0124398869121353	0.0375065315600391	1	UP
FRG1CP	0.479051244632405	0.0411818256768835	0.101279537586223	1	UP
PRKAG1	-0.0862321052104465	0.515286608195909	0.675084147575574	1	DOWN
AFAP1	0.369140871216281	4.12405265246607e-07	3.14438342059722e-06	1	UP
SDHAP2	0.139043107316079	0.257768777014031	0.419531095464553	1	UP
COA4	0.0881456679719363	0.601704988550273	0.745412669484783	1	UP
RPS20P33	-0.134289887384085	0.802947515927628	0.88498177785934	1	DOWN
DICER1	0.268823732856461	8.47846670237283e-05	0.000444565755863533	1	UP
RPL17P39	0.0670877002317333	0.440756843298958	0.60916001745536	1	UP
TSR3	0.110621074752164	0.476181981891292	0.641135360133333	1	UP
CAPN12	0.0552905274446687	0.928883625208788	0.960384722608013	1	UP
EXOC7	0.0172410570775474	0.801533364151434	0.883992875322626	1	UP
RPS3P3	-0.280702519775015	0.594939194806322	0.739571566534392	1	DOWN
ATRNL1	1.1641046848003	8.07099121901959e-17	1.45428795643456e-15	1	UP
BMP4	-1.40696183917382	2.73286464950699e-05	0.000157655197804493	1	DOWN
DMAC2L	0.411857871710441	0.341361126610165	0.511145905396421	1	UP
MTMR12	0.311070324837373	0.00720554585273834	0.0234521043058382	1	UP
H2AJ	-0.00601206128715558	0.966822462760685	0.98066620406785	1	DOWN
PCSK7	-0.000601518688311403	0.994119202518546	0.996878536922872	1	DOWN
DISP2	0.00631125506387869	0.986685190083007	0.992523157586631	1	UP
CDAN1	-0.0975617550950419	0.478617517053355	0.643096395996098	1	DOWN
ZBTB12	-0.643482502784918	0.0539015739214002	0.125999942532862	1	DOWN
ZNF316	0.0704680483294811	0.514612923831784	0.674711609716305	1	UP
HSF1	0.0818968559229714	0.646042794705097	0.782234137099569	1	UP
HSD17B1-AS1	-0.372027053548957	0.0315428462441841	0.081295821486482	1	DOWN
MAP2K1	-0.774399689905618	3.72097131194168e-13	5.16043727724273e-12	1	DOWN
CCDC183	0.524455456133095	0.47722076482051	0.641696964029142	1	UP
ARHGEF35	0.346512931064566	0.114002888866926	0.228902804811806	1	UP
TINF2	0.381268811887588	0.193319394406626	0.340773184748738	1	UP
EID1	0.161168405182493	0.0101174253887931	0.0314423471598815	1	UP
NADK2	-0.00630651618067556	0.965609004870093	0.97991683492821	1	DOWN
PLOD3	0.309202082913743	3.41317243407718e-05	0.00019312355068461	1	UP
C1GALT1	-0.462773352963627	0.000212140645179797	0.00102667262675594	1	DOWN
ZNF629	-0.271941205076786	0.00065599193212283	0.00284676859192403	1	DOWN
TRADD	0.564865176851065	0.00863612598243336	0.0275680708133741	1	UP
MAP3K21	0.34301385604646	0.621096397958604	0.761051410014026	1	UP
HSF4	-0.0786696628987345	0.801730100566352	0.884003453441213	1	DOWN
CORO1A	0.238846427333438	0.649880757657963	0.784777039267588	1	UP
LINC02783	0.706221876220248	0.0203707497474956	0.0567967457768668	1	UP
CNOT2	-0.0363253062780672	0.782585737376889	0.872447017305931	1	DOWN
LINC00324	0.54985195457286	0.38178199079139	0.551736454968781	1	UP
FBXO34	0.943015792849801	0.283817222503112	0.449473170673148	1	UP
CTC1	0.0535316786071818	0.71456667517481	0.829858119469016	1	UP
RAB8B	0.267658984221788	0.773236159771543	0.866070046880993	1	UP
DDOST	-0.636837469893938	2.65177196445385e-20	5.91369701517324e-19	1	DOWN
ARSL	0.210889963170263	0.440023420686188	0.608786831243284	1	UP
RPL26L1-AS1	0.466604738483242	0.215903805184187	0.368894081696436	1	UP
PRECSIT	-1.45968541232935	3.21284091241266e-15	5.2402668200085e-14	1	DOWN
DLGAP5	-2.96702497554832	1.94691261142864e-122	7.40390372309349e-120	1	DOWN
RHOJ	0.233005770606942	0.0929460150149624	0.195255540482806	1	UP
TEX41	-0.74480082549957	0.168675157070159	0.307846008439109	1	DOWN
BABAM2	-0.177828815884835	0.0961195820206355	0.200726023089625	1	DOWN
ENDOD1	-0.13324307830532	0.0467534246580681	0.112436967837201	1	DOWN
IL33	1.9281341448223	1.9253189762148e-07	1.53632161928659e-06	1	UP
UBR2	-0.0478111014635353	0.529250567962378	0.686429721560252	1	DOWN
DMAC1	0.479696660373085	0.0001269877267399	0.000645026235190965	1	UP
UBAC1	-0.16100406064502	0.185749576965212	0.330900781154374	1	DOWN
JUP	0.504431280942364	2.32420309446521e-06	1.61476244798638e-05	1	UP
HAP1	1.54185010929685	0.0478615464747987	0.114587012608899	1	UP
CRYL1	-0.37549823404611	0.146252025131612	0.27612856221282	1	DOWN
ITFG1	-0.0044174135110193	0.950677351295477	0.971449469917334	1	DOWN
REEP3	-0.236430985617265	0.00507577994691583	0.0173240661343601	1	DOWN
ZNF549	-0.0593729147676628	0.704629381074315	0.822845515945147	1	DOWN
ANLN	-2.12202955272108	9.48520207763925e-199	6.85353276119824e-196	1	DOWN
PLAUR	0.0502387034670893	0.695690060814963	0.817786140138445	1	UP
DCTD	-0.0356881140721858	0.856138009499099	0.918489263197586	1	DOWN
PSENEN	0.302112682544722	0.0224641740581259	0.0615411903912753	1	UP
IFT22	0.257549206543311	0.207290494762093	0.358405711869706	1	UP
MKLN1	-0.0618893326023088	0.311900143944591	0.47970082802717	1	DOWN
PLS1	1.23268398147297	1.02745683678843e-06	7.49009363591005e-06	1	UP
LRGUK	0.98464113280455	0.05101211143712	0.12067048983104	1	UP
USP13	-0.308285968782609	0.00192603134511041	0.00741424586259737	1	DOWN
SHMT1	-0.304476754889067	0.0824344174326662	0.177402794686442	1	DOWN
NCOA3	0.154736436625046	0.115909263680184	0.23183457016503	1	UP
FIBIN	2.46803921345825	1.11206891456562e-131	4.8698508740569e-129	1	UP
FAM89B	-0.090308314742852	0.609482161577046	0.751724546537784	1	DOWN
DPP7	0.232690420275648	0.157265930909231	0.291964281547957	1	UP
BTF3L4	0.438134738546529	0.0870974862076943	0.185285701926599	1	UP
MYRF	0.148953329201105	0.45723218138232	0.624819125593939	1	UP
FNDC3B	0.104067857651555	0.107647559663898	0.218454554796095	1	UP
AP2M1	-0.381118454375618	0.00297290049854788	0.0108515749190491	1	DOWN
FOSL2	0.7179414996403	2.46761521033741e-09	2.46949497261675e-08	1	UP
NRDC	-0.258358172262528	6.19478352565538e-06	4.00719860023482e-05	1	DOWN
RAB30-DT	-0.0347902739537893	0.852145940854689	0.91638346415323	1	DOWN
COPB2-DT	0.0252761383296219	0.956271180515252	0.974546885022984	1	UP
PISD	-0.0462620312131106	0.769129006547284	0.863656862499459	1	DOWN
RASAL2	0.431515375969528	5.67957073855448e-12	7.17442978521423e-11	1	UP
RN7SL600P	1.32727882175438	0.0010682607021693	0.0043893760042788	1	UP
PIGT	0.106841049265688	0.385022063615106	0.555118611324144	1	UP
VPS9D1	0.093838426287937	0.476141242581837	0.641135360133333	1	UP
ECHDC1	-0.682840376912508	1.67778361147101e-06	1.18734823552241e-05	1	DOWN
USP2	-0.261191461086442	0.610515956124668	0.75258603445855	1	DOWN
DLEU2	-0.30260931796301	0.0574315556576612	0.132367370144954	1	DOWN
SERTAD4	-0.269761074539314	0.02842364413198	0.0747225907497259	1	DOWN
NAA35	0.0183350422883923	0.840598063766579	0.908567738413726	1	UP
FBXO25	0.269219038542864	0.020185185392833	0.0563881913999284	1	UP
CTSL	0.098215632141809	0.469916969083965	0.635371125748244	1	UP
ANXA1	0.0925179079970066	0.0969410859404057	0.202120275995499	1	UP
AGTPBP1	0.600217588400061	0.000268788110125096	0.00126936502595352	1	UP
CEMIP2	1.83825983272032	1.20930877512262e-225	1.09223256933106e-222	1	UP
STARD3	0.155413536866909	0.245261238702126	0.40455691593811	1	UP
DOK3	0.0564133082265494	0.891882593392443	0.939312263686653	1	UP
FLJ32255	-0.0207960943722521	0.920359854727443	0.955930272498665	1	DOWN
FIP1L1	0.206479959652844	0.0185688253488189	0.0526303292835022	1	UP
HNRNPA0	-0.189018694049792	0.00929123559110075	0.029284110256706	1	DOWN
DGKQ	0.188017894684238	0.198201085848316	0.346795723092027	1	UP
AQP1	1.6843528002128	0.00398711002884504	0.0140155015876526	1	UP
CPSF1	-0.0570888439980427	0.514674047023299	0.674730531936287	1	DOWN
LY6G5B	0.327227991565264	0.109056776484393	0.220694507348545	1	UP
RTCA	0.519924698906623	2.249848491574e-06	1.56762587038264e-05	1	UP
MAPRE3	0.295809907805016	0.0106909110103962	0.0329834233585046	1	UP
LOC101930100	0.132547563411778	0.769461575823261	0.863850934759318	1	UP
AOX1	-0.478044565817679	3.49290834417659e-06	2.3586924524157e-05	1	DOWN
CHLSN	0.471513116925518	0.00273307590683633	0.0100934525759499	1	UP
SCYL2	0.259542678239992	0.00452288456150859	0.015666396164516	1	UP
CKAP4	-0.0708921686279528	0.145813271721211	0.275552189047106	1	DOWN
DRC4	-0.32287209131358	0.0491772126607551	0.117193255303524	1	DOWN
GALNS	0.129384384321205	0.241960383355174	0.401074730427348	1	UP
RARG	-0.555702106101138	6.09100899413402e-06	3.94713771184891e-05	1	DOWN
HACE1	0.306908326177377	0.00164233439103606	0.00643006618392363	1	UP
NUS1	0.243569950872683	6.02712910400595e-05	0.000325114007771519	1	UP
ALG13	0.177969463472688	0.138140236595134	0.263951415977295	1	UP
LAMTOR2	0.205872818038473	0.10448275405564	0.21377322368088	1	UP
ARHGEF2	0.046170144176123	0.7353533340716	0.843797259147744	1	UP
GON4L	0.25039082098998	0.00354011122550811	0.0126347610076112	1	UP
CUEDC1	-0.20500413532185	0.0286091047737541	0.0750735741938479	1	DOWN
ZNF844	0.938827702713337	4.6640615171895e-11	5.44429345596975e-10	1	UP
IFT88	-0.104941629990477	0.45753182927504	0.625051282364682	1	DOWN
MMP11	-0.235563888848265	0.126614912165761	0.247620281340871	1	DOWN
SMARCB1	-0.25484025213584	0.160726443739997	0.296939125349872	1	DOWN
P2RX6	0.664818647325459	0.202412774260441	0.351972815145311	1	UP
FCHSD1	0.562238564643391	3.3836408049776e-07	2.60923123120231e-06	1	UP
PLCG2	-0.175258188421309	0.629563683285166	0.767852412120344	1	DOWN
EEF1A1	-0.504464514891613	0.000561534000377125	0.00248156814662074	1	DOWN
TARS1	0.175986016171605	0.0182007293240251	0.0517855364169102	1	UP
CA5B	0.346491843590841	0.00102250879768318	0.00421216494735451	1	UP
PMM2	0.525260968090377	6.0565718095832e-13	8.27254434974356e-12	1	UP
CASP8	-0.191225877248194	0.179601338091371	0.322252164981177	1	DOWN
THBS3	0.0954025806908934	0.344157121484922	0.513941775610066	1	UP
PRELID1	-0.596308665291216	5.63998432819611e-06	3.67629289701227e-05	1	DOWN
HOXA11-AS	-0.627191616234154	0.00386311889785183	0.0136427006825163	1	DOWN
SLC23A2	-0.309461345171311	0.000104381504341761	0.00053968412137488	1	DOWN
RIC8A	-0.0471698454028104	0.610669327923372	0.752603639845549	1	DOWN
VPS9D1-AS1	-0.696937514915274	0.143872782792465	0.272562347159663	1	DOWN
ANAPC5	0.0251149386633488	0.741028761078337	0.846998863113426	1	UP
SUPV3L1	-0.0360867956900513	0.773413183919353	0.866201187384218	1	DOWN
TDP2	-0.0501260595769982	0.524579305154376	0.682490164042487	1	DOWN
BTN3A3	-0.277741784467351	0.364880745725073	0.535132448789548	1	DOWN
USP27X-DT	0.136117487176515	0.832701451041474	0.903338238045217	1	UP
PGD	-0.145232541042337	0.0997733994492465	0.20647649941874	1	DOWN
PEX14	0.132096677432848	0.294038008338384	0.460454324320434	1	UP
CLIC3	1.10315173440254	7.24222716894754e-16	1.22837353073311e-14	1	UP
CHCHD2	0.0365396533575681	0.673727065297816	0.801332598553294	1	UP
PIP4K2A	-0.488657210101439	1.80239001227298e-13	2.55606850513806e-12	1	DOWN
TRIP4	0.270158618895402	0.0248480043414154	0.0668675066550827	1	UP
MIF4GD-DT	-4.28241005148644	0.0240257638756088	0.065042396734062	1	DOWN
FILIP1	-0.891179668248127	0.0873332485638773	0.185732564385076	1	DOWN
NACA3P	-0.288654816366127	0.377528366193489	0.54820283572591	1	DOWN
TRIM3	0.283933902479314	0.153181371623074	0.286219808808513	1	UP
CHORDC1	0.241836180213767	0.00101391402877422	0.00418152729161423	1	UP
CDK7	1.07676874775295	5.47918122806467e-12	6.92735327443242e-11	1	UP
METTL25B	-0.157537900084358	0.531131087236978	0.687772792227393	1	DOWN
ICE2	-0.189177668926344	0.0999618339702966	0.206748026721734	1	DOWN
CCNB1	-1.96219407853112	3.92975389387455e-81	6.3807723056608e-79	1	DOWN
KGD4	0.13351423316494	0.392787549410679	0.563335934550786	1	UP
ABCB7	0.0488270234718119	0.73992912003484	0.846411439374929	1	UP
NUDT13	-1.02967327858529	0.0338253210711517	0.0859672379175542	1	DOWN
RLIM	0.0213785235110508	0.759811212555749	0.857814986925244	1	UP
SAR1B	-0.434511085630282	4.16965646060321e-11	4.90282388219504e-10	1	DOWN
ZNF343	0.53835393663676	0.00139303558499928	0.00556098266265873	1	UP
TMEM138	-0.322218501802318	0.0830504308767226	0.178436184448338	1	DOWN
MTA2	-0.309971272505655	7.46550856533734e-06	4.75260195055903e-05	1	DOWN
FADS1	-0.819758635185631	3.12480910821252e-31	1.13744625750073e-29	1	DOWN
ROM1	-0.078901255226339	0.862187246424015	0.922172148477051	1	DOWN
DUSP8	0.850709930354461	1.16493269768999e-05	7.18806251678823e-05	1	UP
CCNL1	0.140049368732075	0.122324860317463	0.241414509485874	1	UP
PTX3	-3.20559349239179	1.21363299297817e-24	3.30286447863042e-23	1	DOWN
MAOB	0.37992135517418	0.560414420251748	0.712586782847163	1	UP
PARVB	-0.367846497609493	0.017254491931031	0.0494437166161668	1	DOWN
NEU3	0.120241353865345	0.884105165492307	0.93557438097022	1	UP
RPS7P1	-0.015500873822758	0.810236057243534	0.889585265402394	1	DOWN
ZBTB6	-0.25581398760986	0.0666092482810951	0.149212563464595	1	DOWN
TMEM92-AS1	0.059035319280417	0.926744121444166	0.959274338130572	1	UP
ABCA7	0.0471670233632948	0.774072406135782	0.866402319035565	1	UP
GCA	0.434720819791659	0.0211659899094324	0.0586519118276525	1	UP
INO80B	-0.113991939129299	0.753287534695701	0.854119903011971	1	DOWN
MOGS	0.0209140800082299	0.885114941702131	0.935957560554478	1	UP
JAK3	0.368324505133074	0.180396217099032	0.323397312157066	1	UP
NDUFC1	-0.286798715680035	0.176621223463126	0.318243263292221	1	DOWN
RPS6KB1	0.298040213611303	8.56454875880489e-05	0.000448591134880353	1	UP
ENOX2	-0.358751828933666	0.0121806897241672	0.0368403405617288	1	DOWN
PRDX3	-0.155626272771598	0.0180552078227645	0.0514626840723412	1	DOWN
NSD1	0.382633948280933	0.0464904848775647	0.111841850668501	1	UP
GHITM	0.127810554333596	0.0526077652349868	0.123632007966895	1	UP
DAB2	-0.200593807390213	7.45653912804141e-05	0.00039499430696234	1	DOWN
ALDH1A3-AS1	-0.232036218406602	0.535027177665193	0.690760095098696	1	DOWN
SRGAP3	-0.619803145220868	0.328964358397418	0.498413078549076	1	DOWN
FAM217B	-0.516549324797599	0.375029555347445	0.545830607747601	1	DOWN
RIBC2	-4.14498066452781	0.000844947879022208	0.00356610449759052	1	DOWN
MATN1-AS1	0.32571119817241	0.614849438139589	0.755902877693012	1	UP
PSG9	0.292563288746867	0.419542243826273	0.588621841313929	1	UP
TYW2	0.0445109725738133	0.788878691897918	0.876525140444165	1	UP
YIF1B	0.172993941636666	0.473206856925895	0.638745728641714	1	UP
OIP5	-2.21234797412894	1.30974852130904e-07	1.06392219682051e-06	1	DOWN
VPS18	0.152775641317366	0.161006862002795	0.297232921018895	1	UP
TSNAX	-0.228017848770759	0.0293977506130625	0.0767666957190759	1	DOWN
SEMA3F	0.679296640997346	0.0112377176453868	0.0344607771374742	1	UP
PCDHGC4	-0.0428361526053374	0.878529254925757	0.93254196143177	1	DOWN
TMEM98	-0.111900335513116	0.606640220623873	0.749791124549743	1	DOWN
ACSS1	-0.134859808383769	0.443454678815452	0.611673361734548	1	DOWN
NEIL2	0.410696333549589	0.161970375028391	0.298550241012153	1	UP
ANKRD33B	-0.376388188464402	0.748048581761536	0.850850063363712	1	DOWN
CMBL	-0.476465637188048	1.91767040293696e-05	0.000113761309494425	1	DOWN
MTHFD1	-0.580043456730229	1.10488326406517e-15	1.84585757791974e-14	1	DOWN
ZFYVE21	-0.345431177418147	0.000105137416478891	0.000543056125128767	1	DOWN
LGALS9	1.15958089234636	2.17356930664349e-05	0.000127839845544587	1	UP
HOXA4	0.00190677801818646	0.997145842546718	0.998570385962086	1	UP
MBOAT7	-0.0195506586843154	0.826245931144517	0.899576580348785	1	DOWN
PPP1R12C	0.219404787397832	0.0428984597338474	0.104681803717296	1	UP
TRIM13	-0.290658734857391	0.00523199798699474	0.0177858393107648	1	DOWN
ABL1	0.202257531676591	0.0025488829947178	0.00948349849553731	1	UP
MXRA7	0.159539772986167	0.0381159381896827	0.0949514605721608	1	UP
TMEM35B	0.841974071960492	4.9776505218304e-05	0.00027340185363349	1	UP
P3H3	-0.166354977579355	0.0435151919402545	0.105954176702379	1	DOWN
EXT2	0.337781775787829	0.00305692897113713	0.0110994172266087	1	UP
ERVMER34-1	0.409943667906066	0.649443219131244	0.784510905263363	1	UP
NRF1	-0.0910268858830685	0.498584947606176	0.659803212257953	1	DOWN
ZNF737	0.404664329683466	0.00784587057723234	0.0252912504375607	1	UP
RGL2	-0.0472106948242187	0.680816126818484	0.806498389101887	1	DOWN
RN7SKP70	0.102105099889627	0.884886349293417	0.93585279812933	1	UP
TARBP1	-0.169079955643618	0.0483257890057562	0.115518851606771	1	DOWN
PLSCR3	0.573411799398483	2.81682281552767e-07	2.20031927065894e-06	1	UP
H1-2	-1.17940606398346	1.26344887600972e-53	1.04931607512738e-51	1	DOWN
INTS5	-0.188762582884038	0.210481816940296	0.362449086821284	1	DOWN
RPS27L	0.115019711794681	0.0691688978830229	0.153612992670595	1	UP
AGO2	0.688512504759069	1.12411446907557e-32	4.32036654058805e-31	1	UP
RAB3GAP2	0.214644299498181	0.00195936226812673	0.00751652352978481	1	UP
PSMB3	-0.048703571371157	0.623260832340149	0.762766115188643	1	DOWN
ITPRIPL2	-0.570103835695289	3.90289017514539e-15	6.30879932002528e-14	1	DOWN
ZBTB39	0.691505608899024	1.90605766948317e-08	1.71723437541779e-07	1	UP
KLF9	-0.2509501275664	0.00126571913005359	0.00512493896004607	1	DOWN
NUP188	-0.323189854321746	1.07940585514995e-06	7.83056928352004e-06	1	DOWN
SMCO3	1.28689395584382	0.259496633153519	0.421441430175489	1	UP
CRYGN	-0.0600442858825656	0.930077681079514	0.960819938299793	1	DOWN
CHMP1B	0.339797245868956	0.599888920139669	0.744183602449855	1	UP
TPM3	0.00543113696249721	0.9787120942773	0.987251743292005	1	UP
SIRT4	-0.16583542142747	0.715751026049528	0.830447300994333	1	DOWN
KIF13A	-0.0820988905490048	0.132905677570097	0.256527306873978	1	DOWN
PLEKHG2	0.532485502077234	0.00106474398038932	0.00437741543687228	1	UP
KLC4	0.0258329533447521	0.875720496993299	0.930791181380565	1	UP
IARS2	0.0182089637661598	0.777814455856905	0.869015839461881	1	UP
GIGYF2	0.0251572927032307	0.691040653069978	0.814138959523419	1	UP
RAB12	-0.976774488238288	6.03560531486898e-25	1.67089142538643e-23	1	DOWN
RAPGEF1	-0.0150490572244582	0.847399370294389	0.913092410942963	1	DOWN
LY96	-0.343107719382032	0.13362866535084	0.257544390902239	1	DOWN
ELOC	0.295447342792631	0.0313645822487525	0.0808940885376981	1	UP
SAP30-DT	0.191446078074521	0.742610573282076	0.847801026583922	1	UP
LSM7	0.020819286968143	0.935238984685047	0.963639740286312	1	UP
HOXA11	-0.575802828001641	4.55156687411832e-11	5.33452497144232e-10	1	DOWN
POLR2J	-0.426098763915325	0.00120580242506273	0.00490708274981175	1	DOWN
TULP4	-0.0822675167802362	0.323197370589691	0.492555088678549	1	DOWN
H6PD	-0.464916055020851	0.00926406844598645	0.0292112269502401	1	DOWN
LIMD1	-0.519058407592671	1.9756664409124e-10	2.1744368421649e-09	1	DOWN
ZDHHC24	0.0655367985840523	0.628386123915487	0.766914155653987	1	UP
ROMO1	0.16520086337099	0.171243326295341	0.311040385657865	1	UP
ERGIC3	0.128096956857072	0.0938190809609088	0.196746414013364	1	UP
IMPACT	-0.515948902642608	1.91395228195985e-05	0.000113634036263771	1	DOWN
KIAA1217	-0.356563080349451	0.14565256617102	0.275422274187961	1	DOWN
ZRANB1	0.198905345296787	0.0124384014956774	0.0375065315600391	1	UP
MRPL32	0.349985601537577	0.00721807870824896	0.0234823177426623	1	UP
ZNF804A	1.31358032923766	3.44540341103463e-41	1.78457077752192e-39	1	UP
DCLK2	0.95181805589232	2.05424216334991e-26	6.12079453661228e-25	1	UP
SEMA3A	0.0253192110590089	0.714662258445222	0.829858119469016	1	UP
MTMR2	0.240666393170431	0.0203046485587823	0.0566728741789015	1	UP
GTSE1	-2.91658771246475	1.31140687692892e-73	1.80487055033332e-71	1	DOWN
PSME3	0.354269328668471	0.00892679331085573	0.028326985097755	1	UP
TUBG1	-0.33534698594798	9.65445751874718e-05	0.00050203873912708	1	DOWN
NTPCR	-0.0153311254365889	0.895938315023624	0.940706695666949	1	DOWN
RPL27	-0.0623864248546826	0.381606414487826	0.55158783531621	1	DOWN
ARL2-SNX15	1.04132683676606	0.781367729830875	0.871732036114103	1	UP
DDX39B	-0.174528450473524	0.129289894027023	0.251293646077271	1	DOWN
SLK	0.179856169908944	0.00564550372602825	0.0189993419526861	1	UP
CTNND1	0.447303255701982	1.64055030050549e-16	2.91248063791214e-15	1	UP
ZBTB26	0.0598037505358459	0.704966591842627	0.822947524295864	1	UP
CYB5R4	0.553110566477666	1.95153926279735e-10	2.15280106005225e-09	1	UP
MCC	0.178328271892929	0.0732477887681765	0.161209837875254	1	UP
ZNF524	0.641725709242832	0.0768524636181258	0.167510550791182	1	UP
GOLGA7	-0.00064128554979773	0.997552872001994	0.998727764535182	1	DOWN
ZFTA	0.572433359666752	4.40422419334169e-09	4.30618699715702e-08	1	UP
PLPP5	-0.0866405994776841	0.758059787984214	0.857194569904075	1	DOWN
GINS4	-2.59076224279248	6.54105615345284e-14	9.53832517391998e-13	1	DOWN
KDELR1	0.0812924773851047	0.13566094825001	0.260360317655041	1	UP
FAAP20	0.101980977921451	0.467409542339634	0.633158539215415	1	UP
SMARCD2	-0.301647337529825	0.00729044206038325	0.0236963963595588	1	DOWN
CATSPERG	0.980787941687953	0.183578546467289	0.327760510872102	1	UP
ZW10	-0.0995115195427612	0.348102556283456	0.517906933064164	1	DOWN
OCEL1	-0.224269300985502	0.378138205179299	0.54858700964221	1	DOWN
MYO9B	0.25885805553647	4.21791605400063e-05	0.000234164828645267	1	UP
KCNK6	0.407449665086644	0.000112871165630519	0.000579020665433664	1	UP
BUD23	0.427044896315256	0.00189108590309698	0.00729527025778282	1	UP
GNG12	-2.39651804262545	0	0	1	DOWN
SPRING1	0.00265544138330554	0.980002896455952	0.988139956508859	1	UP
CALB2	0.526411875125069	0.150971855905876	0.283079575670924	1	UP
SLC6A16	1.3241467374451	4.53065115486443e-09	4.42082645772761e-08	1	UP
MRPL39	-0.18423555504284	0.148967274739178	0.280193425387981	1	DOWN
VSTM5	0.784205296402146	0.0131528556889909	0.0392710573474396	1	UP
GPR156	0.367825827721189	0.671947570197536	0.800520555393619	1	UP
ZNF532	0.332009964907759	0.039733414955224	0.0983197910133462	1	UP
MXI1	0.504122396521006	0.0788349290644857	0.171134679271576	1	UP
SMNDC1	0.0910927512686133	0.267423136294588	0.430876546169371	1	UP
NOTCH1	0.0479911895317008	0.518343601566937	0.677546156370093	1	UP
PARK7	-0.00565277020121299	0.93732934845016	0.964247479475286	1	DOWN
GPATCH1	-0.243842534052653	0.10378080493848	0.212758747647322	1	DOWN
AAMDC	0.0971189598714258	0.529610587325978	0.686737227255096	1	UP
ERRFI1	1.16330717143184	8.1869202660585e-33	3.1633471862249e-31	1	UP
CXCL16	0.938669437487508	0.103101305631824	0.211756248960416	1	UP
SSTR1	-0.921340016816348	1.31587673205443e-60	1.28484693614315e-58	1	DOWN
LAGE3	0.215725873617486	0.456957996869236	0.624621643280111	1	UP
ANXA4	0.163281789433804	0.0282539102199529	0.0743440015638273	1	UP
SMIM10L2B	0.203715104186088	0.564053132505323	0.715137025604003	1	UP
CEP43	-0.521673152513738	0.00332670939783526	0.0119291011186395	1	DOWN
SFT2D2	-0.0892663983014938	0.122502080786669	0.241643129872803	1	DOWN
CGA	0.16948977599788	0.72835590342822	0.839084116744357	1	UP
PACSIN2	0.323010399037336	0.083654322648129	0.179399064090361	1	UP
RHBDD3	-0.034513718093236	0.870495779664631	0.927956204858912	1	DOWN
MTFR1	-0.181849977077802	0.050069160042089	0.118867355319845	1	DOWN
COQ9	-0.0780938229669795	0.667034010458938	0.79709819607559	1	DOWN
MCTS1	-0.225892258936593	0.0559934587740772	0.130000353706101	1	DOWN
KICS2	-0.0569166330517153	0.777976960668994	0.869089754068308	1	DOWN
TMA7	0.128536787186316	0.0988479818052577	0.205046481722948	1	UP
LOC124902477	-1.46180730960949	2.22273443911599e-15	3.68357057106252e-14	1	DOWN
MINDY1	-0.561823885951281	0.00861028274264805	0.027491647351747	1	DOWN
GHR	0.344708058143771	0.42204839347991	0.590704245440986	1	UP
TMED2	-0.476900058569145	0.0203455116454447	0.0567631732205471	1	DOWN
TPBG	-0.697679335019372	5.13809101496995e-17	9.43463192596325e-16	1	DOWN
DOCK3	-0.263189399726753	0.662544343690122	0.793767891781293	1	DOWN
WASL	-0.239920063651193	0.000904216540111838	0.00378091239038084	1	DOWN
TAF6	-0.168097660877426	0.0949202855607915	0.198571142875156	1	DOWN
FAS	0.644803600520834	7.18364011431833e-07	5.33183273199867e-06	1	UP
IKBKG	-0.0514652348233776	0.717222930022664	0.831691343591728	1	DOWN
EFS	0.0257079783795529	0.871878268077371	0.928352097023618	1	UP
ELP5	0.264632238025111	0.135529946329191	0.260202372047714	1	UP
PIERCE2	-0.038884077386728	0.944402263953843	0.967823770937997	1	DOWN
GABARAP	-0.0262849635273969	0.859126564321445	0.920397211135681	1	DOWN
MAGI2-AS3	-0.616163267134839	1.0467243393313e-10	1.18173542403724e-09	1	DOWN
GPN2	-0.0505016218215317	0.62590142336261	0.765090633481059	1	DOWN
SEC24A	0.0654742107273456	0.272649974026174	0.436523905899872	1	UP
GLYR1P1	0.434594743611358	0.379152219743336	0.54934971937544	1	UP
CCN5	-0.647568154416429	0.163714104568159	0.300895539834822	1	DOWN
C1QTNF7	0.279678357711855	0.515000966309835	0.674791818310221	1	UP
ZNF701	0.0674049270296929	0.639901296696135	0.777142082406576	1	UP
IPO5	-0.0398254440540616	0.651379699059171	0.785864754642184	1	DOWN
LITAF	-1.2171353512998	2.69601890638565e-08	2.38726527059921e-07	1	DOWN
H1-0	-0.400392031683769	8.14334871000061e-09	7.72175408190412e-08	1	DOWN
OAT	-1.40624956259786	9.88728901429885e-54	8.25902968471865e-52	1	DOWN
ZNF527	-0.168338230519375	0.613866249237944	0.755298524285869	1	DOWN
KRR1	-0.521438231839119	9.60701014247359e-11	1.09143792113904e-09	1	DOWN
BPNT1	-0.0765630186283342	0.48180403110751	0.645936548245165	1	DOWN
C1orf115	0.545469415533844	3.38994533026295e-08	2.96179564495949e-07	1	UP
SPATA17	2.17522426254952	0.000217289986264207	0.001048433252589	1	UP
BROX	-0.347775330233727	1.97177229125322e-06	1.38320783402429e-05	1	DOWN
UBE3A	-0.169889693830394	0.108502712645801	0.219912019697682	1	DOWN
ZC3H11B	-0.218437131874988	0.0295613962578717	0.0771522010696232	1	DOWN
UBE2D4	0.108504819659326	0.444715609238668	0.612872903786763	1	UP
NEK10	0.431565132335253	0.00454064701738049	0.0157166203708181	1	UP
MIR4527HG	-0.56277545884089	0.390047858939189	0.560463518895319	1	DOWN
RPL24	0.0468798706571321	0.518598093785879	0.677784304359206	1	UP
CYB561D2	0.960343136462428	0.00111632230092507	0.00457125915859116	1	UP
JMJD6	0.537278707755595	2.31684712243213e-07	1.83054990520868e-06	1	UP
RRP12	0.235706560613044	0.0228959804129959	0.0624990202017763	1	UP
RBMX2P1	1.29425895638925	0.0852272669947816	0.182192194577158	1	UP
PLAG1	0.372593206773307	0.00315415806637025	0.0114037373572971	1	UP
CCDC68	-0.178550700110579	0.249248474318244	0.408823660972068	1	DOWN
KBTBD3	-0.230983176228225	0.401759449345226	0.572679601744709	1	DOWN
UBN2	0.166567404030503	0.0667603366638623	0.14945834626328	1	UP
ZFP36L2	-0.943513158047178	3.9849255110264e-41	2.04932948611539e-39	1	DOWN
SGSH	0.253733507068891	0.343861637689223	0.513712863253072	1	UP
RPL24P4	0.244358396645211	0.147772886708912	0.27834541004047	1	UP
FOXK1	0.118747336048619	0.0970042398782165	0.202193606011843	1	UP
COX6C	0.181825346596524	0.0303564205753197	0.0787294748266233	1	UP
RPS26P21	0.167627196023186	0.758517417366888	0.857344400951961	1	UP
CMPK1	0.28914020031695	3.40137566494677e-05	0.000192682398017036	1	UP
INO80D	0.479805463596936	7.7153453567809e-11	8.82076390433867e-10	1	UP
PMF1-BGLAP	0.905863348018056	0.109796281636347	0.221973428361339	1	UP
FRRS1L	-0.858690159350422	0.00294584906742614	0.0107710881795653	1	DOWN
SCHIP1	1.2355697829929	0.000239376534481557	0.00114468242878656	1	UP
PTPN23-DT	0.0503040900584614	0.891525660312876	0.939179765916748	1	UP
ONECUT2	-0.539287973802118	0.0764331762117328	0.166769426733835	1	DOWN
VPS4B	0.235320058495635	0.000983215744965341	0.00406769273704384	1	UP
CCND3	0.519162222074793	0.0563999443271885	0.130719421888084	1	UP
BYSL	0.198361970517183	0.335664055445134	0.50554254433406	1	UP
USF1	-0.314637068242116	0.0237894389798137	0.0645113872578885	1	DOWN
PITPNC1	0.846528934731632	4.06722769491409e-06	2.70480936121507e-05	1	UP
SFRP1	-0.714896791152069	1.13295704635443e-08	1.05288503388218e-07	1	DOWN
BPNT2	-0.217018591252286	0.00118463368707708	0.00482637197968731	1	DOWN
RPS9	0.0546892789257487	0.446572688960615	0.614494565622724	1	UP
BRCC3	0.21889549890217	0.200922990642796	0.349908187247415	1	UP
INTS6L	0.778870050320306	5.79271225019533e-07	4.35311933060701e-06	1	UP
LIPG	1.64721270129588	0.000109465966149902	0.000563151540346114	1	UP
SLC49A4	0.0198824138885984	0.842506991271886	0.909958683935966	1	UP
PHF2	-0.102955829444723	0.248285490236276	0.407677947892788	1	DOWN
RPS26	0.220075740439783	0.220914979764551	0.375794803722991	1	UP
DORIP1	0.689314308987647	0.000104613908505043	0.000540692271747631	1	UP
ITGA5	0.88866999413841	1.00536087591309e-30	3.53490754691486e-29	1	UP
AGAP2-AS1	-0.266073625753463	0.113243106432035	0.227699475587775	1	DOWN
ADAMTS13	-1.15433159811443	0.0131139595354432	0.0391711098070876	1	DOWN
ZNF208	2.66601259050204	0.0149492945834531	0.0437844053557926	1	UP
SLC2A6	-0.518977475302083	0.0129891390327492	0.0388705835912733	1	DOWN
CACFD1	0.342235795098549	0.141512749361644	0.26914987378588	1	UP
YBX1	-0.213699836715518	0.000172788789454593	0.000852208462937994	1	DOWN
SNRNP25	-0.291724751993496	0.0672258872436529	0.15038410163437	1	DOWN
POLR3K	-0.421049994540285	0.0522060470551463	0.122911624840309	1	DOWN
PAPPA-AS1	1.22032865963499	0.016408158502118	0.0474418364373964	1	UP
LINC02844	-0.904601497775718	0.0298553618253388	0.0777649303781491	1	DOWN
C1orf50	0.172505582745365	0.382554056154474	0.552497368127954	1	UP
EXO5	0.534764777865129	0.0122823823099114	0.0371090752165021	1	UP
MT-ND2	0.382878278474585	1.2051365019721e-17	2.30667915099322e-16	1	UP
PIK3CD	-0.229778400249315	0.0060989963625097	0.0202799347525604	1	DOWN
TFIP11	0.131945376008267	0.186599242748024	0.332209641117617	1	UP
SRRD	-0.286719596545334	0.0282803922643816	0.074386594214157	1	DOWN
PATZ1	-0.616603266770171	0.000153712115318369	0.000769679063917446	1	DOWN
TRIOBP	-0.246886160931545	0.000836439592066834	0.00353535786632285	1	DOWN
PIK3IP1	0.0657838579941129	0.870925289790715	0.927956204858912	1	UP
ZNF274	0.247548523326029	0.0273644325673897	0.0724520731094446	1	UP
CXXC5	-0.435799618198878	0.134109769229016	0.258058625183557	1	DOWN
TANGO6	-0.169306148989117	0.156088275355051	0.290263302179918	1	DOWN
MBLAC2	-0.271247586961902	0.202579795433519	0.35215693778537	1	DOWN
SIK3	0.12622675067985	0.279574242032748	0.444800987737008	1	UP
MPZL3	1.06548184172337	0.000283968746388793	0.00133668806321318	1	UP
UBXN6	0.0714291067800335	0.409834621424079	0.58012734980893	1	UP
CHAF1A	-1.12917341072564	5.16057384250574e-15	8.24949696881089e-14	1	DOWN
HDGFL2	-0.0726443617346213	0.461003420765132	0.627759787312067	1	DOWN
GSTA1	1.20867808766434	0.0129354808632413	0.0387505079507886	1	UP
MARS1	0.297747998615171	0.00138311494636046	0.00552748730361035	1	UP
MBD6	-0.234400903472326	0.112116869526762	0.22587493120469	1	DOWN
BEND3	0.130637506341922	0.467725943321749	0.633349663319209	1	UP
CEP295NL	0.0763589620260732	0.670211623527041	0.799342177634512	1	UP
DNAJC22	-1.39397653411585	1.01055086009592e-07	8.31468732888306e-07	1	DOWN
KIF15	-1.51612344419745	4.24370069558097e-16	7.30068080379055e-15	1	DOWN
PLB1	0.386384321992355	0.113682900191521	0.228393103109644	1	UP
SPDYA	1.16148305274569	8.73397378651073e-05	0.000456802950375919	1	UP
KIAA1143	-0.763121824023892	1.95319204869957e-14	2.99316843009093e-13	1	DOWN
SEMA6A	-0.0653626557347977	0.841027006172381	0.908890313056916	1	DOWN
H4C8	-0.910272081069845	1.01263687123584e-14	1.59061037241621e-13	1	DOWN
ARHGAP31	-0.26721352371894	0.000135171391962365	0.000683710810377367	1	DOWN
COX5B	0.150173058080867	0.0964272377277066	0.201310316729715	1	UP
REV1	-0.13956836189292	0.217860943526164	0.371613372863149	1	DOWN
MED29	-0.0982532530532512	0.543868678919763	0.698012196411995	1	DOWN
NR2F1-AS1	0.241070119526322	0.0468074134046917	0.112529351374347	1	UP
OGA	0.771941582936584	3.38237611908902e-43	1.91681244301786e-41	1	UP
PHF23	-0.0185687764044053	0.838687593447792	0.90765179457156	1	DOWN
ARL4D	1.34959433506563	7.15862589219533e-19	1.49493212092651e-17	1	UP
ARPC4	0.229451132808999	0.0039680893957527	0.0139554295103486	1	UP
EIF3G	-0.012955679165921	0.88033197011434	0.933301879876089	1	DOWN
PPAN	0.013476613697879	0.946819467089269	0.969220664369698	1	UP
SHFL	0.33433955470077	0.0758748844527425	0.165917061921345	1	UP
LINC02809	-0.434344164252345	0.506712621066766	0.667624369715156	1	DOWN
DNMT1	-0.840805132813831	1.00087560940197e-25	2.88695677274808e-24	1	DOWN
ZNF426	0.38939964755444	1.3601522740799e-05	8.29348544840871e-05	1	UP
CHD2	0.0735260195431121	0.589486745451352	0.7361055243823	1	UP
NUP214	-0.11882242845216	0.184359907237883	0.328789956743755	1	DOWN
LOC100420114	1.26498306840852	0.00368273604727177	0.0130759750906939	1	UP
UBE2O	-0.107213823738353	0.297596157761699	0.464316372101093	1	DOWN
CENPF	-2.46940798438022	8.01989728241722e-269	9.65796130235094e-266	1	DOWN
ORAI3	-1.24873412183581	0.0485598711072335	0.115951536247626	1	DOWN
HOXA7	0.0907972788916162	0.524607344971555	0.682490164042487	1	UP
ARID1A	0.0979217036367256	0.104190866279931	0.213327034373942	1	UP
RDH10	0.0809099997795286	0.363727325695057	0.534223354367239	1	UP
CHKA	0.054716537283691	0.739496036121102	0.846212183602669	1	UP
EXPH5	0.823251659873292	0.0190902230992583	0.0538393469959761	1	UP
ADRA1B	-1.37612592248286	0.00489577885995267	0.0168169480164431	1	DOWN
IPO11	-0.263496824777893	0.0118304961584345	0.0359014069688234	1	DOWN
PSRC1	-0.711437587776361	0.0116586501294835	0.0354469078521284	1	DOWN
CAPG	-0.283674512848134	0.104255021171569	0.213379122766043	1	DOWN
BACH1-IT3	0.259420439341417	0.659581616924589	0.791399364511561	1	UP
PLD2	0.1744020675375	0.285746926789488	0.451588893157796	1	UP
SHBG	0.672720395832837	0.289976758931027	0.456476486199594	1	UP
CCNH	-0.111514759788119	0.323223299836598	0.492555088678549	1	DOWN
UBE2C	-2.45952679827645	3.32683287455723e-29	1.09512669408261e-27	1	DOWN
SNHG29	-0.0257733991591995	0.67235734207864	0.80081680131919	1	DOWN
STX2	-0.186433518349279	0.00626994886523548	0.0208005121789527	1	DOWN
ADGRD1	0.714354498190757	0.000317354568231015	0.00147382397202422	1	UP
RBM39	0.0427987276899831	0.580327109635205	0.729434379519731	1	UP
EIF2A	0.367324406653164	0.00964257188836329	0.030167743312132	1	UP
KARS1	-0.222515893669402	0.00220078658486639	0.00833863842105511	1	DOWN
WNT5B	0.141425764570252	0.271202527248566	0.435170744089388	1	UP
KLHL36	-0.336466680876542	1.41067427736763e-05	8.57260470237158e-05	1	DOWN
ZNF839	-0.475937624336763	0.00391214049925217	0.0137787819533739	1	DOWN
NFE2L1-DT	0.0852462937862896	0.914420601709564	0.951832609328309	1	UP
KPNA3	-0.321443545782385	1.69852322016369e-07	1.36060748639609e-06	1	DOWN
LEAP2	-0.313219706710101	0.552380728992094	0.70551903864588	1	DOWN
FLT1	-1.29666911140811	0.00030063212413281	0.00140414829535981	1	DOWN
ZNF800	-0.0285259892054147	0.927145850160522	0.959274338130572	1	DOWN
LYSMD1	0.329965962000215	0.0315423088821624	0.081295821486482	1	UP
EIF5A	-0.384359728842049	0.426343458319846	0.594872001176025	1	DOWN
ATP6V1G1	0.633310251915461	8.6280813218872e-21	1.98226396156744e-19	1	UP
TIMM50	-0.0140771501805243	0.886325117346481	0.936511380620488	1	DOWN
RPS16	0.052598095929118	0.474180272666133	0.639274103955433	1	UP
EIF2B3	0.0698360971287311	0.476716413594809	0.641436582202848	1	UP
TIGAR	0.173473013421489	0.0313137586576185	0.0807918454492492	1	UP
ASH1L-AS1	-0.50056373237058	0.412629306639067	0.582087671831429	1	DOWN
PRSS35	-0.271920280621534	0.165033805164386	0.302507748324575	1	DOWN
MTCO2P11	0.610445584049212	0.22616747286675	0.382486383896712	1	UP
COPRS	-0.141430863393007	0.234943760904093	0.392959755651047	1	DOWN
PWAR1	0.614379171178774	0.116838729432334	0.233338374658189	1	UP
PERP	-0.0264175089932093	0.728579648804259	0.839161515660298	1	DOWN
ARFGEF3	0.544589151954398	0.357596287628327	0.528008986667718	1	UP
KLF12	0.079705605925341	0.251704023257179	0.412027054835693	1	UP
MAP10	-0.159481210185975	0.730470946327611	0.840448697880598	1	DOWN
GLRX3	0.010175363085147	0.901351501756659	0.943393246316034	1	UP
HNRNPD	-0.504826846056526	2.56167374597371e-07	2.01627163960055e-06	1	DOWN
COPS4	-0.180780803989233	0.0474832526808614	0.113832197161766	1	DOWN
AP1AR	-0.00533030801661678	0.962042430702089	0.978014433069004	1	DOWN
TXNIP	1.08233423595132	3.36260562538686e-42	1.7997412552765e-40	1	UP
MMP3	0.207259974212535	0.000395875489891905	0.00180125840819519	1	UP
ACOT8	0.335449259933018	0.027500178625838	0.0727714853180709	1	UP
PLK2	0.222710536811842	0.0862149668097648	0.183759953594087	1	UP
CACNA2D1	0.181331515714994	0.0188578321852764	0.0533818869558138	1	UP
APMAP	-0.14873282333189	0.0387734818217407	0.0963072509119929	1	DOWN
STRA6	-0.974589040815193	0.124290612535619	0.244370563503705	1	DOWN
USP8	-0.317584004977079	5.17507757151065e-06	3.39084200801757e-05	1	DOWN
SECISBP2L	0.322922167012109	4.90917741078397e-07	3.70844342724721e-06	1	UP
TMOD3	0.0784481057912929	0.352708698948994	0.523036778708252	1	UP
MGAT4EP	0.231928734697783	0.667680070407315	0.797491253156668	1	UP
EDRF1	0.0201164461754416	0.886464918686642	0.936511380620488	1	UP
GRN	0.600244305938616	4.95208806535202e-10	5.26567551165818e-09	1	UP
RACK1P1	0.234952743108356	0.711131772794855	0.827420712452371	1	UP
TMEM11-DT	0.12439039570098	0.681715963213634	0.807070950810495	1	UP
MECOM	1.49323750395674	1.1874156291884e-05	7.31429806368353e-05	1	UP
MYNN	-0.0699351976577722	0.594303815408969	0.739028222181448	1	DOWN
ZNF337-AS1	-0.385004345503028	0.179352191566867	0.321885062137704	1	DOWN
RPS29	0.00306555813578112	0.969004462760481	0.981983414540793	1	UP
MRPL54	0.134015663172561	0.370630545863366	0.540844392433758	1	UP
MTMR9	0.226024947439699	0.0665223565843833	0.149064130097833	1	UP
VPS35P1	0.235337791549917	0.556098037561982	0.708782213865603	1	UP
UHMK1	-0.0879654741393517	0.831063092138848	0.902529231220994	1	DOWN
ZNF318	-0.837843546576759	1.04929097587273e-21	2.48171913131536e-20	1	DOWN
E2F3-IT1	0.330112366738488	0.425227278591747	0.593658526029305	1	UP
ABCF2	-0.102827572222699	0.169115277710082	0.308532366896654	1	DOWN
ZNF77	0.0243799369234097	0.929750259312257	0.960819938299793	1	UP
GJC1	0.219740975562002	0.0813951626276963	0.175899730093142	1	UP
KANK2	-0.479729395854214	8.28485702656402e-10	8.59472138484398e-09	1	DOWN
HSDL1	0.707698104142312	0.000557591207452781	0.00246791746980096	1	UP
ZCCHC14	-0.697830131465004	6.35316356899577e-07	4.74958958797506e-06	1	DOWN
VIPAS39	0.0318683735949522	0.828422437875877	0.900792524435237	1	UP
CDH13	0.0207483774325024	0.819155410125928	0.894941534223959	1	UP
TAF1C	0.393512277136722	0.0157610327322308	0.045851707083329	1	UP
MAP1LC3B	0.345724753335757	1.18363382778004e-08	1.09575223864506e-07	1	UP
MBTPS1	-0.267957873540949	0.0194130265654007	0.0545156717638176	1	DOWN
SLC15A3	0.180027849371298	0.381798114295745	0.551736454968781	1	UP
NTAQ1	0.238486798508305	0.333059708445533	0.50272047699461	1	UP
COMMD9	0.399699653374538	0.185532622342499	0.33055503951072	1	UP
ACOT9	0.152584800246923	0.114558019185783	0.229672299563506	1	UP
RWDD2A	0.476809109141073	0.0060317863992304	0.0200795543089792	1	UP
RAMAC	0.528226983648679	7.79131719429348e-05	0.000411221054692239	1	UP
MYO1C	-0.112069742038752	0.0542224185316822	0.126647514175099	1	DOWN
CYRIA	0.386218078332653	0.374673293179531	0.545569071979219	1	UP
MMP12	0.447481752472005	0.0199996753237224	0.0559348380304069	1	UP
SLC48A1	-0.0274921671925816	0.84665601003244	0.912789167485735	1	DOWN
TMEM254	0.308201973667573	0.0742287477518648	0.162922180097539	1	UP
RASSF3	0.905657598096324	6.74946560425368e-39	3.13622274749421e-37	1	UP
NOSIP	0.0652717931800311	0.639336114080559	0.776586213715908	1	UP
RPL13A	0.0993563636839776	0.310760431232342	0.478355239852852	1	UP
CDKN2C	-0.929501888098493	2.31316419585044e-11	2.79027844693111e-10	1	DOWN
KIRREL3	-0.378700582894989	0.00435934668895493	0.015187532514741	1	DOWN
TXNRD2	-0.115582380034594	0.373871540108679	0.544801068546905	1	DOWN
GYG1	-0.307885287783549	0.00011601461014186	0.000593250931054501	1	DOWN
HPS3	-0.0626653245867343	0.580607146872727	0.729653376898073	1	DOWN
ZNF850	0.144976030810357	0.381957879389285	0.551912140291427	1	UP
ATP8B1-AS1	-0.910676082287354	0.0704720952079495	0.155979820470222	1	DOWN
LINC00667	-0.251583263228004	0.253438698879965	0.414303465782169	1	DOWN
CYTIP	-0.340927432650571	0.700187080280937	0.820433268234803	1	DOWN
POC1B-GALNT4	2.10810893203904	0.271110486248498	0.435168014748089	1	UP
CENPA	-2.45809776498148	1.64391445057436e-13	2.33591029746805e-12	1	DOWN
CUX1	-0.1854326404831	0.0400800353560491	0.0989403127656757	1	DOWN
CCDC50	0.27075616637665	5.42993674146158e-05	0.000295596163562941	1	UP
CAMK4	-1.11780128695875	0.006414295691599	0.021197008658255	1	DOWN
EMSY	-0.0529122494813277	0.734469310059072	0.843236354942691	1	DOWN
MYO1B-AS1	0.662765305489696	0.275353496016589	0.439574226515447	1	UP
ADPGK	0.59000453729142	9.32407919933561e-06	5.84311658758018e-05	1	UP
ZCCHC18	0.869206036067175	0.129503642100123	0.251506132507577	1	UP
ZNF606	0.186156029741748	0.302341485340174	0.469019103481864	1	UP
ZNF708	0.717802429018965	8.69895635914564e-07	6.38438894596311e-06	1	UP
IST1	0.374418490874889	0.0992819617057749	0.205754141490055	1	UP
AGO3	0.0171115689657693	0.880712434026629	0.933624954820923	1	UP
APBA3	0.0625418839124289	0.780697891620643	0.871186504386866	1	UP
PTPN1	0.100386383666112	0.121402458613812	0.240230158197317	1	UP
CDC42SE2	0.203397027926239	0.726858816674055	0.838027505964319	1	UP
RAPGEF6	0.289474767721429	0.000562186141289006	0.00248293151826633	1	UP
ZNF774	-0.241684682868449	0.335593665325415	0.505541963683683	1	DOWN
DECR2	0.144327346552002	0.605154616194221	0.74840302598397	1	UP
RPL17P47	0.50408795428003	0.110467035625254	0.22301748139432	1	UP
LNCOG	0.297264149756421	0.362597173328911	0.532996821460288	1	UP
RABL6	-0.0325296554987802	0.871727060340117	0.928352097023618	1	DOWN
ZNF136	0.460304170027903	0.0589732574825521	0.135187586275438	1	UP
TMEM92	2.16555343321753	0.00639042101354307	0.0211419354548331	1	UP
CCDC17	0.21720213935303	0.629855275736527	0.768039708857358	1	UP
COX7A1	-0.162200117205893	0.244702004923964	0.404135848360709	1	DOWN
GOLGA8A	0.811837281727247	9.86698344680301e-30	3.31599483231978e-28	1	UP
EMC3	-0.0121279561336746	0.883917578945016	0.935512885113112	1	DOWN
HIBCH	0.397885912321071	0.000810063157443793	0.00344098256561442	1	UP
ZNF544	0.366766377031154	0.0494652146703993	0.117763067084339	1	UP
TMEM229B	-0.176019382390958	0.724741007126663	0.836742743878566	1	DOWN
SLC25A29	0.749972303388462	1.76174460741145e-05	0.00010542017110436	1	UP
MYH3	0.164163078793531	0.591909833269562	0.737847651928475	1	UP
XG	0.166027936300979	0.647684953872643	0.783462076929159	1	UP
RPL34P18	0.252773241045991	0.229954160897634	0.386717977322438	1	UP
SUMO1	-0.0959268857841091	0.296000203375367	0.46263237497052	1	DOWN
TMED7	-0.188764612691146	0.0431867399785871	0.105331912140179	1	DOWN
ANAPC2	-0.163868188515293	0.223593585980024	0.379109575383941	1	DOWN
ACBD7	-0.728404731033919	0.123368133273531	0.242920410673906	1	DOWN
UTS2B	0.529026707366369	0.417118765922664	0.586556066983012	1	UP
COPS7B	0.105293189404705	0.430232051234964	0.599025279159501	1	UP
NIPAL4	2.16502840470986	4.61725551947845e-23	1.16446700718993e-21	1	UP
P2RX5	0.690920726982346	0.0299755639293059	0.0780217713152737	1	UP
ITGAE	0.40374189564062	0.000610199735494664	0.00267131062636577	1	UP
PDXP	-0.267760999026307	0.0922921357215216	0.194135902956581	1	DOWN
ANO6	-0.0785986220628763	0.13039608811352	0.252831593898897	1	DOWN
EPHA6	0.962613663188154	0.145621166890667	0.275422274187961	1	UP
BCL2L2	0.23371468898687	0.871397728471246	0.928293265617631	1	UP
RAB2B	0.33682422493114	0.00506782684708739	0.0173111530039982	1	UP
AJUBA	0.266566145295112	0.265157756531466	0.428139016447242	1	UP
BEX1	-0.101390243421012	0.395877435549123	0.566867302925127	1	DOWN
EIF4A3	-0.141664821364029	0.0990400734866	0.205320095460853	1	DOWN
RAB40B	-0.0253507818116238	0.938040009096961	0.964350766494541	1	DOWN
TTYH2	-0.724291710164813	0.487825811772298	0.650757142781986	1	DOWN
HERPUD2-AS1	-0.623643632509127	0.000674910904875455	0.00291835352673704	1	DOWN
LAMP2	0.112155222509373	0.0980378527061591	0.203701654846399	1	UP
PLIN2	-0.261884847472683	0.000874686987115979	0.00367338031119239	1	DOWN
SKIL	0.593512166621381	6.08953604812647e-09	5.87449168434417e-08	1	UP
PCDHA11	1.27580950487211	0.120519443386043	0.238906238185419	1	UP
DHCR7	-0.381899017064741	0.00184509391187406	0.00713498852568693	1	DOWN
GFOD2	0.0240681180213036	0.861151476898915	0.921541764859762	1	UP
NADSYN1	0.30744923235763	0.000227596277444841	0.00109341549380166	1	UP
PPA1	0.0258701191175756	0.733945481012856	0.842969809737465	1	UP
GUCY1B1	0.149634867524503	0.835102622322398	0.905195619200493	1	UP
RBBP6	0.110366016382316	0.142320768554673	0.270366429128905	1	UP
METTL22	0.574364752158997	0.000199650565258686	0.000971758275026363	1	UP
PAM	0.213196421849845	3.60617618231452e-05	0.000203169013686655	1	UP
TP53BP1	0.243361552772679	0.00507365880090167	0.0173209173947153	1	UP
BDP1	0.0746054880348367	0.244929296505104	0.404280212883525	1	UP
GTF2H2	-0.20415371890036	0.0209158342397846	0.0580466980538838	1	DOWN
DNAJC6	-0.0649899186851849	0.485705355950782	0.649119402464141	1	DOWN
IVNS1ABP	0.459357980948617	0.000244564248738991	0.00116640196651061	1	UP
LEPR	-0.0269432072560045	0.785919751135445	0.874603694216898	1	DOWN
EIF4BP3	0.118490798662675	0.527707683251388	0.685412882497376	1	UP
HSD17B4	-0.342361681023185	1.15400561371765e-06	8.32577889357652e-06	1	DOWN
GBF1	-0.273625332316005	8.04929768424567e-06	5.09730065008914e-05	1	DOWN
ARHGAP21	-0.0853033147411952	0.138887029315423	0.264783174226541	1	DOWN
ELOB	0.0891711519079466	0.289614076290896	0.456004904824552	1	UP
GGA2	-0.241331497123783	0.0432071630333633	0.105363940768669	1	DOWN
CPEB3	0.156561438530382	0.608247925279885	0.7506226104372	1	UP
ADA	-0.052309604965589	0.822215238679987	0.89660673212832	1	DOWN
TRIM4	-0.091919209480312	0.366402540738414	0.536497891839582	1	DOWN
GIGYF1	0.0430664603799003	0.584500946981128	0.732260354124342	1	UP
MEPCE	-0.238695060719683	0.112377542578389	0.226330351427915	1	DOWN
H3C1	-1.84003219440962	7.63818248805381e-12	9.56493718673012e-11	1	DOWN
MALL	-2.4619588420892	8.81556243082852e-14	1.28169854258947e-12	1	DOWN
NPHP1	0.379187448940247	0.0526211963670992	0.123632007966895	1	UP
H2BC9	-2.20699317377804	1.62804268737551e-27	5.05953653231473e-26	1	DOWN
MRPL50	-0.183664130836036	0.106138613151865	0.216053384383052	1	DOWN
AEN	0.508623664193017	3.78805344654455e-10	4.06091694035722e-09	1	UP
FKRP	-0.184517955964117	0.810721094282025	0.889810350743897	1	DOWN
NUDT16L1	-1.18568734446545	0.00233919505266285	0.00879846634722302	1	DOWN
BACH1	-0.015383643064851	0.846797817511764	0.91287394709903	1	DOWN
MCM10	-2.27508856952789	3.11060040959263e-24	8.23283635879544e-23	1	DOWN
TUBGCP5	-0.205176114812416	0.0829273915545053	0.178251336509617	1	DOWN
ANKRD27	0.188978566404151	0.0520222277408627	0.12255839795944	1	UP
CALCRL	0.404354363650723	0.163088087172812	0.300107465312899	1	UP
ATP1B1	0.0610147131219628	0.495792233028928	0.657384847963501	1	UP
PIM2	-0.213191046203111	0.357900333229845	0.528227780454038	1	DOWN
SCML2	-0.30249430718138	0.460386231007392	0.627290347377694	1	DOWN
GINS2	-2.5708566693984	9.36621054739678e-22	2.21887063312182e-20	1	DOWN
CLPTM1L	0.219460588186876	0.00860895074421521	0.027491647351747	1	UP
CDADC1	-0.138269317757463	0.507030238606619	0.667921055433387	1	DOWN
CAB39L	0.0215357398481628	0.880975764391562	0.933698626418956	1	UP
EML4	-0.0506034942924582	0.673388318938919	0.801180190761265	1	DOWN
ANKRD30B	-0.0521658690020783	0.753758064757552	0.854519321707961	1	DOWN
ZDHHC20	0.205966020748646	0.744147956144156	0.848630081818101	1	UP
SLC36A4	-0.173400776407934	0.0687039826007633	0.152791820954698	1	DOWN
ARPC3	0.198853278802144	0.00285936442877014	0.0104768446653543	1	UP
DYNC1LI2	0.219894219238393	0.000672132845328896	0.00290802687829339	1	UP
FBXL8	-0.109928275366022	0.907935631792181	0.947607815616698	1	DOWN
FHOD1	-0.82061129100218	1.69142443987703e-15	2.80951431961643e-14	1	DOWN
DUSP28	0.255838826554045	0.463304744904181	0.629841662145844	1	UP
CCDC9B	-0.0491333525648511	0.486765878423351	0.650055790508811	1	DOWN
DCAF8	0.0538818908997562	0.732549886798413	0.841835261560546	1	UP
SYT11	-0.0205051386275632	0.820112234703541	0.895306395300012	1	DOWN
ZNF726	-1.37947945157832	0.000155519519197953	0.000776844995482067	1	DOWN
NUDT19	-0.026740672743172	0.852657389705045	0.916797019243125	1	DOWN
LOC100130691	-0.0205876390871398	0.963351132154192	0.978725197606878	1	DOWN
MRPS24	-0.253393514910778	0.112544596297197	0.226575388575578	1	DOWN
RRP9	-0.102366254627241	0.560555655913442	0.712680033272702	1	DOWN
FN1	0.530049147212871	5.92480875708417e-30	2.01457438467349e-28	1	UP
STAT1	0.0509125153175232	0.391640126263815	0.562140694345952	1	UP
SLC9A1	0.22089323201308	0.0936163018235142	0.196378164849993	1	UP
GLS	0.397480572812961	8.71134877188794e-12	1.0861751605052e-10	1	UP
CLCN3	-0.326250518191812	5.60523152056065e-05	0.000304172740156297	1	DOWN
AADAT	-0.0674617167588376	0.70169476324397	0.821267597281818	1	DOWN
HSF2	0.0253004502496836	0.854544913982276	0.917494244354624	1	UP
RNF126	-0.0680589111056991	0.673798510668763	0.801338348915669	1	DOWN
TBC1D32	-0.219005067591743	0.121067261295249	0.239794818116453	1	DOWN
EIF4A2P4	0.25991343321052	0.58437041260697	0.732223778078845	1	UP
HECW2	0.120463508611032	0.133233224315514	0.257022203255038	1	UP
STK17A	0.29649386789493	3.37461983841018e-05	0.000191391802530869	1	UP
IDH1	-0.193842187773297	0.00354732469164718	0.0126542555218448	1	DOWN
IRAK1BP1	-0.129506517314855	0.573817495397772	0.723833504363932	1	DOWN
RBBP4P2	-0.605872209906698	0.379318860330151	0.549472418868385	1	DOWN
BTBD19	0.725381878814249	0.0191444645501521	0.0539607289280765	1	UP
ZNF582-DT	-0.0542832523784001	0.920595004915276	0.95605594078553	1	DOWN
NPM1	-0.151220029927503	0.00672798016329999	0.0220968275772382	1	DOWN
SLC9A9	-0.948811948061191	0.0128681017244379	0.0385722750507887	1	DOWN
PPP4R3A	-0.016006944332802	0.839085104275177	0.907876446345547	1	DOWN
GOLGA8N	-0.458080940016223	0.0896808039946866	0.189581231499008	1	DOWN
GREM1-AS1	-1.18497064729113	0.00310522660691033	0.0112427408225256	1	DOWN
MRGPRF-AS1	-0.144493949869575	0.794447935183572	0.879602138472096	1	DOWN
ACTR8	0.0141542955640532	0.912978647416537	0.951289717836862	1	UP
SMC4	-1.70120865604542	1.92932559234566e-75	2.7334004053909e-73	1	DOWN
SELENOK	0.0902688449113213	0.436108151068172	0.605049816732542	1	UP
WDR81	-0.388835188618383	0.000120666447174053	0.000615513882143396	1	DOWN
AMPD2	-0.0783156972813924	0.394017014553425	0.564874987828526	1	DOWN
CCDC117	-0.137436870311458	0.177391725044657	0.319204219359299	1	DOWN
ATXN2-AS	0.0299310246282794	0.968431193427837	0.981746697735929	1	UP
EVL	0.273913318701734	0.0344210411821656	0.0871625494241805	1	UP
CLASRP	-0.0740889391740003	0.587247521251578	0.734237232186066	1	DOWN
SNRNP70	0.409486585072383	2.21711685757016e-06	1.54556467480687e-05	1	UP
CLPTM1	0.280509293510905	0.0664089391873276	0.148879239869077	1	UP
PLCG1	0.118817745685324	0.0562166037125728	0.130357211208342	1	UP
RELB	0.837016560741487	0.00263263166362648	0.00976199411809907	1	UP
ROBO2	0.549991658123211	0.207364927289814	0.358448632089127	1	UP
AP3M1	-0.0688622472223927	0.365745057978471	0.536040536169165	1	DOWN
DGAT1	0.404850623820252	0.0231643554585987	0.0630992773819172	1	UP
EFL1	-0.0187162204765552	0.851408314332005	0.916128098797427	1	DOWN
RPL7AP60	0.563025358648399	0.232057910523759	0.389349688259473	1	UP
FAM168B	-0.0185919385206082	0.75753790585611	0.856922135227135	1	DOWN
PTPN14	0.233455826646021	0.555133366626483	0.708052275473902	1	UP
ARL2BP	0.116861275291397	0.684645575960609	0.8090950221014	1	UP
ZNF423	0.0441298488960473	0.88966177398571	0.938088456466071	1	UP
CENPW	-1.50662470821095	4.49439050564732e-13	6.20921961731448e-12	1	DOWN
UBL7-DT	-0.365437782894218	0.435722610398107	0.604631020055987	1	DOWN
PAGR1	-0.565112970714378	0.00281438628001518	0.0103356279879287	1	DOWN
LINC02210	0.286420607664517	0.120184558987905	0.238405911041073	1	UP
NAXE	0.228186287784898	0.0342612943038203	0.0868309301972128	1	UP
POGLUT1	0.0426942823930714	0.683955920252305	0.808462789988412	1	UP
OSBPL8	0.103501733562533	0.092379692156271	0.19426352318834	1	UP
CEP15	-0.203244110586863	0.422310468633196	0.590947075045731	1	DOWN
CDK17	0.213839768607345	0.0114251768248274	0.034900538381583	1	UP
H2BC7	-2.58943327374214	4.65549169827797e-31	1.68612808350413e-29	1	DOWN
DNAJC2	-0.126843231700889	0.224787137955466	0.380775868080464	1	DOWN
SWSAP1	0.105010300601835	0.812092078088166	0.890675669433218	1	UP
SLC66A2	-0.363819954074676	0.126019511588273	0.24679603766935	1	DOWN
PHLPP2	0.896569989044528	6.84545627038786e-35	2.85082675975144e-33	1	UP
MARCHF3	-1.05184194286014	0.0580069348926693	0.133438111450806	1	DOWN
LINC01772	-0.0621434480812125	0.817552237556516	0.894220964647987	1	DOWN
NPIPA1	0.151281982236072	0.506009163095599	0.666940753000228	1	UP
RNF207	-0.00304773177964129	0.990714254649068	0.994706572218001	1	DOWN
H2AP	0.621837751525961	0.233154109417728	0.390871233781391	1	UP
PTMA	-0.851268139274006	0.0859433369007968	0.183415251200394	1	DOWN
SIN3B	0.124500116930674	0.181859055671181	0.325373927634547	1	UP
XNDC1N	-0.204886256543517	0.424638720535973	0.593123347232297	1	DOWN
PTBP1	-0.286448217987181	0.020373617978764	0.0567967457768668	1	DOWN
PPIAP41	0.0357493025886279	0.918844190055805	0.955061309824961	1	UP
NCLN	-0.399518222216007	0.0691078655671203	0.153524637249878	1	DOWN
LGR4	0.232522179301532	0.0296947448942006	0.0774303064716876	1	UP
ZSWIM6	0.259890054212119	0.000154727697404044	0.000773692026015862	1	UP
NDUFS2	0.0419616564036885	0.650838432915797	0.785474043265925	1	UP
FHIP2B	0.195261928584314	0.0735820444514425	0.161846898686118	1	UP
HCCS	0.148733481671714	0.133518742889275	0.2574608029147	1	UP
GPR150	-0.456764025543193	0.421350456956005	0.59018469065341	1	DOWN
LINC03011	-0.400582246797299	0.734283886749883	0.843090453473904	1	DOWN
DBI	-0.622470153601268	3.45960510395142e-13	4.81645022709075e-12	1	DOWN
APOL2	-0.524060575616524	2.12578845490672e-08	1.90215287689517e-07	1	DOWN
MOV10	0.00116444503322796	0.987948693631243	0.99298433278809	1	UP
RHOC	0.303384029066218	0.0369092686927713	0.0924555108128338	1	UP
PPM1J	0.802162790261928	0.204733370516463	0.354833525705614	1	UP
MICAL3	-0.148276682642178	0.151004168791005	0.283103430617386	1	DOWN
MCM3AP	-0.146385690712031	0.0188840194239951	0.0534037112908323	1	DOWN
DLGAP1	0.970294117396903	0.00234962975083959	0.0088285230185603	1	UP
VAV2	-0.0318316626538873	0.827701266922794	0.900211560796365	1	DOWN
EMB	0.536757961329117	0.517247223793331	0.676814526533632	1	UP
C21orf58	-1.93140510246516	5.18295478089857e-14	7.60394716129596e-13	1	DOWN
PCNT	-0.403930939144456	6.83669352318287e-07	5.09154352159553e-06	1	DOWN
ASPN	0.912477609293474	9.02593027879112e-06	5.67596686069671e-05	1	UP
CRTC2	0.122797305102449	0.420731321015697	0.589597830364406	1	UP
ANO10	0.353908729132098	2.93196184372239e-05	0.00016806735661893	1	UP
RANBP3	-0.545292418227889	4.10734725761619e-07	3.13385824814211e-06	1	DOWN
FAM225A	-0.860440589305691	5.89594167211288e-11	6.83806204684617e-10	1	DOWN
PIPOX	1.16329687788365	0.0418501280008864	0.102573982316962	1	UP
SDAD1	0.0131515076425634	0.884343302434018	0.935576625347087	1	UP
ISOC1	-0.211288541925242	0.162206700325694	0.298830759853394	1	DOWN
JUNB	0.659758871701177	1.11944705583919e-08	1.04166963322164e-07	1	UP
SCAND1	0.0155483525063309	0.93107533912754	0.961403380733317	1	UP
TMEM37	0.334449356662513	0.299256702670007	0.465908059716039	1	UP
SRPK2	0.144345018010621	0.061538657833753	0.140156839141933	1	UP
KCP	-0.402682537348442	0.463428864911803	0.629891885519231	1	DOWN
ZGLP1	0.517381320563275	0.178074608935354	0.320109640411935	1	UP
KATNAL2	-1.00036653561099	0.0235020222780139	0.0638638066828843	1	DOWN
MVB12A	0.0910328184305157	0.537920772534383	0.692803851743758	1	UP
SCUBE3	-0.514902941105326	2.74998722774881e-06	1.89058351228345e-05	1	DOWN
RAF1	-0.0752467382689081	0.224492966207172	0.380411333801576	1	DOWN
DHX30	-0.187422977696401	0.0673098411533716	0.150525304009188	1	DOWN
RN7SL657P	-0.644120892175504	0.606825806776589	0.749805726882072	1	DOWN
ASB6	0.261607844362246	0.0129606572914833	0.0387933841174866	1	UP
CIZ1	-0.341267614790761	0.00100712753615037	0.00415947414258617	1	DOWN
NTMT1	-0.224614715515344	0.164815207446361	0.302405353327497	1	DOWN
PTGES2	-0.440629235589013	0.0483451618828738	0.115518851606771	1	DOWN
DHPS	0.149670795195187	0.245539205201829	0.404823715966706	1	UP
RC3H1	0.130634587373748	0.0667406205045045	0.149437357748775	1	UP
C8orf88	0.580570736011139	0.000253161287568454	0.00120382815618681	1	UP
RSU1	-0.0975549600687469	0.654908809667159	0.788249361530725	1	DOWN
DUSP5	0.108745787360031	0.121350380886483	0.240190981261549	1	UP
MINDY3	0.308833894152944	0.00224223516992289	0.00848012050263169	1	UP
KIF11	-2.4888034403227	4.35636380925105e-125	1.70145441641857e-122	1	DOWN
TACC2	0.0684774585676149	0.658262218315434	0.79066971298116	1	UP
ZNF813	-0.331788416636453	0.164971712219786	0.302507748324575	1	DOWN
SNCG	0.0893584246940282	0.89225513888481	0.939371703641994	1	UP
GPR137	0.161621704874243	0.374516128050978	0.545412936255637	1	UP
FOXN3-AS1	0.38426187356918	0.510235149553964	0.670553669171002	1	UP
DEPDC1B	-2.43593382393343	4.00934340256204e-15	6.47363368831554e-14	1	DOWN
BST1	0.145691910691323	0.419220013371679	0.588379777497254	1	UP
DUSP12	-0.0445070311813277	0.752778189879788	0.853743338718633	1	DOWN
FKBP2	0.157732763051937	0.212532710577188	0.364893691404413	1	UP
PTPRM	0.0189834013971457	0.79332516823457	0.879099916122826	1	UP
STPG4	0.261341788453024	0.684862036891985	0.809124214397298	1	UP
TAF15	-0.127800670143254	0.248204318277672	0.407590977662573	1	DOWN
TSIX	0.791752553917512	0.166507248464914	0.304628750401957	1	UP
PARP4P2	-0.148548321661305	0.66644493177162	0.796723668847756	1	DOWN
INE1	0.2338608959138	0.265053666485053	0.428108923032916	1	UP
DGAT2	-1.20805345386931	0.264063189952099	0.426843082550088	1	DOWN
RPL7AP66	-0.103322849392106	0.584359761645109	0.732223778078845	1	DOWN
NIFK-AS1	-0.969618559562736	0.00246040332810401	0.00919691890699199	1	DOWN
ARHGAP17	0.254665727524801	0.0183098425062009	0.0520549939124748	1	UP
MSANTD4	0.3849515555343	7.09061686800462e-06	4.53592316775276e-05	1	UP
ZBTB4	-0.160088079792638	0.0113026012134071	0.0345993993375215	1	DOWN
ZBED3-AS1	-0.380858868172717	0.335845355036561	0.505621986092593	1	DOWN
MRE11	-0.173174784962329	0.0975707198334746	0.20294240110763	1	DOWN
PPP2R3A	0.0834360654057255	0.221480187365488	0.376367235217103	1	UP
FERMT2	0.921017107887614	9.132983579465e-42	4.79929984388541e-40	1	UP
PCDH1	0.200825055344548	0.766236681191109	0.861971530429139	1	UP
HSPB1	0.696375918235739	2.23401674792397e-19	4.81847403347004e-18	1	UP
UBE2Q2P6	1.54979412379548	0.00435770637848195	0.015187532514741	1	UP
DLG1	-0.0422962657339077	0.494643356654404	0.656631558608561	1	DOWN
PARD6G-AS1	-0.668833166366152	0.434566086752201	0.603551474824485	1	DOWN
LINC01140	0.428886608707327	0.488786317800039	0.651601045003466	1	UP
RN7SL381P	-0.335048848322086	0.581005830223772	0.729779682969468	1	DOWN
HSPA5P1	0.301379629929042	0.392313141479429	0.562823112034074	1	UP
UFC1	-0.441052616025016	1.26980002900193e-05	7.78196786221666e-05	1	DOWN
NUF2	-2.00055013986869	7.39324240423034e-26	2.15837870673803e-24	1	DOWN
DBH-AS1	-0.712664065229039	0.212103747505836	0.364590371738651	1	DOWN
METTL21AP1	0.745309742792024	0.205546024912104	0.355900503954567	1	UP
CDKN2AIP	0.254239402619003	0.671028042327542	0.799820706010831	1	UP
ACOT1	0.0229514260050326	0.898430938511743	0.941905505835258	1	UP
PCDH9	0.647498886735194	5.96976108398363e-20	1.31307484664608e-18	1	UP
CMSS1	-1.44596632261753	2.0305157880802e-08	1.82254556854329e-07	1	DOWN
MRPS23	0.138039985895265	0.197923062259746	0.34650412988792	1	UP
FMC1-LUC7L2	0.195055524411369	0.783285338137416	0.872673468310114	1	UP
PUM1	0.102594746044824	0.163676287653671	0.300895539834822	1	UP
PKIG	-0.405601467483324	6.44005332249388e-08	5.4328462665847e-07	1	DOWN
NT5DC3	0.946136838494731	2.33315238137038e-39	1.10545524797323e-37	1	UP
RBM12	0.279563776632447	0.0492897925673622	0.117442175167511	1	UP
FAM221A	0.361066698653001	0.444371715648295	0.612632671516267	1	UP
TMEM120B	-0.363228863969246	0.338552442638737	0.508663768438386	1	DOWN
RBM34	-0.013083954474379	0.916940318232781	0.953562502790869	1	DOWN
GALNT3	-0.496723274076494	0.000844838627329301	0.00356610449759052	1	DOWN
ITGB3	1.39345809296992	1.84019870642289e-157	1.02279659640451e-154	1	UP
SLC25A11	-0.254881192913405	0.0225826140114362	0.061830495467841	1	DOWN
RNF167	-0.103738356203961	0.621417384447726	0.761283708261622	1	DOWN
RPL26P19	0.00354691674998914	0.974431158320355	0.984858348642289	1	UP
DUSP14	-0.427511939213919	5.90857909230973e-08	5.01968703485996e-07	1	DOWN
LRRC27	0.0530541123968821	0.767488511989867	0.86260049391037	1	UP
ESYT1	0.186230487149395	0.00426692490114402	0.014912051208327	1	UP
RNFT2	-0.512621855229974	0.122662575240487	0.241893678329732	1	DOWN
TMBIM6	-0.314363101099488	0.170893597713689	0.310717586884816	1	DOWN
HRK	1.94486340631743	0.00673149036776813	0.0221033327208855	1	UP
OASL	0.965300148989684	0.0940254416077603	0.197064779793146	1	UP
TBX3	-0.124652076422055	0.0330529496430647	0.0843752296929744	1	DOWN
INSIG1	-0.477906564148109	0.00141988886699361	0.00565100909306655	1	DOWN
ABCA1	1.20175716010231	3.00533768233217e-94	6.89367219799717e-92	1	UP
PMEL	0.448955732063739	0.471137348891968	0.636894838993249	1	UP
DIRAS2	-0.30408169495807	0.328483238318575	0.497945166992733	1	DOWN
MIR22HG	1.02387074191734	6.68786125064378e-06	4.29873425943535e-05	1	UP
MANBAL	0.126876462836851	0.194504905048815	0.342445222083385	1	UP
NOP56	-0.0502363663463309	0.647530391603771	0.783462076929159	1	DOWN
MAPRE1	0.409572948677931	2.54025692475903e-12	3.30119180033208e-11	1	UP
IL1R1	-0.286526928127948	0.000584810740551912	0.00257420043000782	1	DOWN
IDH3B	-0.0111064299503705	0.921250726624645	0.956393265118732	1	DOWN
UFSP1	-1.11229134668059	0.112389910860613	0.226330351427915	1	DOWN
TBC1D9	-0.0397294109338899	0.641139534527208	0.778318835135474	1	DOWN
SNHG18	0.126427565551674	0.200578732995919	0.34964575036478	1	UP
SPECC1L-ADORA2A	-1.32063265695016	0.00633665634636786	0.0209892218806277	1	DOWN
ZNF816	0.0475642369836041	0.839532554903646	0.908126070910361	1	UP
SP1	-0.252458216117216	0.0102631615106345	0.031839859341509	1	DOWN
TENT5C	1.15958878574163	1.85626969059889e-53	1.53285447421969e-51	1	UP
CD58	-0.0387217132443431	0.808803190687908	0.88848459966788	1	DOWN
DKK3	0.291568332695774	6.33893921266167e-08	5.35382878797041e-07	1	UP
FNIP1	0.162276630568128	0.021478773070035	0.0593706483617207	1	UP
NDUFAF6	0.0962722583944413	0.593827311073662	0.739028222181448	1	UP
KMT2C	0.0810781298628722	0.168542940380055	0.307682419332008	1	UP
DRAM2	-0.050506922695461	0.75508400079934	0.855619767548911	1	DOWN
TIMM8A	-0.358727746605898	0.0488738038480511	0.116585562794352	1	DOWN
TMEM35A	0.15574178970853	0.786712323998434	0.875067518838401	1	UP
WWOX	0.083570091435033	0.755081140031018	0.855619767548911	1	UP
POC1A	-1.72149290716964	1.59935690773071e-09	1.62419583089364e-08	1	DOWN
DUSP7	-0.81428718789638	2.62320189714427e-12	3.40286271235474e-11	1	DOWN
TEX264	0.363852857811835	0.0099804483060826	0.0310701116913399	1	UP
RAD54L2	0.037943584198989	0.936175609729463	0.963786687768075	1	UP
RN7SL329P	0.157354143433734	0.809900306319641	0.889351772539904	1	UP
MAPK8IP2	0.388050252652354	0.345624733597264	0.51538778508039	1	UP
PPM1M	0.135142464603884	0.654341746223322	0.787859737933113	1	UP
TTC3	0.0637904172625434	0.244377399033225	0.403830508110822	1	UP
MRPL12	-0.473425556516997	0.000298586927476905	0.00139730559875931	1	DOWN
PRELID3B	-0.260861795091774	0.0151307119819665	0.0442263296523453	1	DOWN
IL4I1	-0.693353983916992	0.405406198057281	0.576456259778192	1	DOWN
CYTOR	0.46752897428451	1.51526085307165e-05	9.15045323348868e-05	1	UP
HNRNPH3	-0.414188338975618	2.06711584284526e-10	2.27162669543398e-09	1	DOWN
CHCHD3	-0.333972064012515	0.000226068467762268	0.00108679821278527	1	DOWN
POLR2H	0.205019316671775	0.174972426718245	0.31610533047948	1	UP
KLF15	0.315249631141865	0.429019473810904	0.597740109529635	1	UP
CAMK2N2	-0.00601624393543338	0.992292236939028	0.995599188780524	1	DOWN
MFAP1	-0.211918068075268	0.0613195756973263	0.139723933838231	1	DOWN
LRRN4CL	-0.264104567246538	0.198024732030861	0.346615237715355	1	DOWN
FAM234B	0.69142231658985	1.3544890891513e-07	1.09718171677833e-06	1	UP
ZNF576	0.35094319059849	0.058716625977538	0.134724893138087	1	UP
PIP4K2C	0.713286773796095	4.41269502706005e-12	5.62823087696777e-11	1	UP
STX3	0.131076575656908	0.136099456607639	0.260914466362031	1	UP
MRPL16	-0.369212317006446	0.00447089236628611	0.0154974491689135	1	DOWN
SLC25A6	0.0221444071739206	0.701183390710613	0.820935038415221	1	UP
PPP1R14B	-0.226821318230797	0.0474935670011054	0.113838038933981	1	DOWN
CHST14	-0.875892481675933	8.82069519513783e-08	7.30893728583353e-07	1	DOWN
TCEAL3	0.128628917166292	0.576645238347796	0.726259398584975	1	UP
LEMD3	0.267829452771534	0.00243975499090039	0.00912851250453481	1	UP
NDUFA1	0.238323641435719	0.0109998204706729	0.0338209373663179	1	UP
ARL9	1.47737090481413	0.0316199379191648	0.0814219035762385	1	UP
RPL7P18	0.423904132112392	0.611366180179662	0.75278242649714	1	UP
UPF3B	0.0558590272693161	0.689229854128008	0.812535537771565	1	UP
LINC02614	0.540652904826475	1.49752083652905e-06	1.06656843808188e-05	1	UP
ALDH1A2	0.0712880428747325	0.542868603831148	0.697234984777462	1	UP
JARID2	0.0953755353535145	0.331044459248996	0.500619870302139	1	UP
ABTB2	0.506985111399718	0.128969524276302	0.250805893596668	1	UP
TAF1D	-0.0191764130910588	0.896540948366122	0.941026839876757	1	DOWN
UBL3	0.112949318960753	0.206854042191351	0.357822332260859	1	UP
ETFB	-0.0972512177406741	0.324407014754872	0.493838172360967	1	DOWN
RPS7P3	-0.266435911627071	0.746429003066723	0.850030313464756	1	DOWN
SWI5	0.00713243975078183	0.968704140676823	0.981837350755717	1	UP
SDHD	-0.890840639985564	2.42013719485465e-05	0.000141135603724151	1	DOWN
EHMT2	-0.288036745645993	0.000568140965570548	0.0025084647398289	1	DOWN
FLYWCH1	-0.0350032765090852	0.758584478590751	0.857344400951961	1	DOWN
XDH	1.14715793805777	0.20050510208235	0.349643927861957	1	UP
PRXL2C	-0.523275463175252	2.41620224127504e-06	1.67304928551345e-05	1	DOWN
ARHGAP20	2.42398120186738	2.69404133255041e-07	2.11584735308076e-06	1	UP
CFAP68	-0.649970386775339	0.054450651297022	0.127036868242374	1	DOWN
H2AC17	-2.71537955599382	2.05177456180613e-27	6.34907798558038e-26	1	DOWN
RASSF8	0.663921596163679	0.338177890143309	0.508163532334508	1	UP
RABGEF1	0.0960184870752848	0.447482599337302	0.615441860326346	1	UP
FAM110A	-0.0765498403087747	0.856781964346615	0.919094173484332	1	DOWN
PHF20L1	0.254426557845392	0.00361671392470423	0.0128636802672658	1	UP
PGS1	-0.176801954863264	0.362775510412633	0.533096288486166	1	DOWN
ATXN7L3	0.467346090820841	5.4589619196791e-10	5.76241480652174e-09	1	UP
TCAF2	0.586866982379064	0.306513531929772	0.473596574348326	1	UP
TMT1B	-0.609605423642379	0.407008463341607	0.578052020024527	1	DOWN
MGMT	0.0362645762402668	0.846092915179573	0.912387600332663	1	UP
FUT1	1.23741013749433	0.0232584462267443	0.0632971386860041	1	UP
DHX36	0.296931383766153	2.28535240698332e-05	0.00013397820540899	1	UP
GTPBP6	-0.172085392975492	0.224487128104152	0.380411333801576	1	DOWN
ERN1	0.443677263321144	0.000446929462445492	0.00201076514999994	1	UP
IFT25	-0.33198620146973	0.00538161023559658	0.0182258377114146	1	DOWN
ADM2	1.31285504068562	0.0087076304578549	0.0277717871874776	1	UP
PTGER4	-0.431728180885682	0.443407809229594	0.611673361734548	1	DOWN
GORAB	0.0290058279425264	0.900897773122531	0.943383706568074	1	UP
LRRC8A	0.696436949936093	0.000268557582186514	0.00126869095134924	1	UP
SGTB	-0.00396199002111957	0.974130386105774	0.984623222327379	1	DOWN
CDK9	0.144286085144703	0.131878537414997	0.254940051138906	1	UP
ACTR6	0.0267145941918905	0.85194404297558	0.916370924081884	1	UP
STIMATE-MUSTN1	-0.301270699511769	0.749825862486764	0.851731924131129	1	DOWN
TMEM70	0.0531210972007804	0.695559607760702	0.817786140138445	1	UP
CCDC85B	-0.766576773098317	0.000669333844927811	0.00289683839264804	1	DOWN
SUGCT	0.332130726488953	0.244897728649325	0.404274283380328	1	UP
GOPC	0.815920103683059	0.224328463665988	0.380221748585174	1	UP
ROS1	1.76454082453937	2.71651892737737e-12	3.52075471027178e-11	1	UP
TMEM204	-0.507881251162486	0.000457638951544019	0.0020557477428544	1	DOWN
CCDC6	0.57632390309473	1.52676259206725e-20	3.45277718590983e-19	1	UP
CUL2	-0.266168045643407	0.000880456455319622	0.00369546216550214	1	DOWN
TRIM16	0.489269282718026	0.0495956963239325	0.11801983760365	1	UP
ZNF880	0.356960036967793	0.15787245382994	0.292789377604782	1	UP
RPLP2	0.219108588310553	0.0309450418239555	0.0799690270740309	1	UP
JUN	0.00858220096563412	0.903561778627706	0.944639793346847	1	UP
CACNA1A	-0.0565616961760687	0.665997341770986	0.796452133890477	1	DOWN
EIF2AK3	-0.110285640066228	0.335449040619822	0.505376781275756	1	DOWN
COMMD6	0.653992006982629	0.00522557235218029	0.0177686512570478	1	UP
SLC9A3-OT1	-0.584628839460381	0.0876393585036133	0.186137032589024	1	DOWN
ZNF7	0.0213395987988292	0.956751306394303	0.97489868345114	1	UP
THSD1	-0.115384181237432	0.682899162280884	0.807906327803607	1	DOWN
TMEM181	-0.0591147431676827	0.35317036197041	0.523399128380104	1	DOWN
TBC1D4	-0.0743260256189289	0.317590940713411	0.485816310389489	1	DOWN
PSMA1	-0.42060548020109	2.99372849689831e-07	2.32718507308647e-06	1	DOWN
RBM15B	0.0168606829710413	0.844169888167534	0.911060422248621	1	UP
DARS1	-0.306718563239184	0.00221183600782447	0.00837391725152513	1	DOWN
ZZEF1	-0.00965684400407681	0.903520764258866	0.944639793346847	1	DOWN
FHL1	-0.387427755401296	0.354667208487045	0.52507897037663	1	DOWN
ZNF563	-0.215792138516428	0.695711463039336	0.817786140138445	1	DOWN
XIST	0.525067267814056	1.74206070932593e-23	4.46356725362926e-22	1	UP
TMEM183BP	0.0500954347928167	0.71519363202555	0.830274998104211	1	UP
ZNF688	0.192345774945684	0.507658834768982	0.668566282807487	1	UP
LOC100422526	0.966050647865803	0.101112677127326	0.208561132909933	1	UP
FRA10AC1	0.06611374122977	0.65619612449192	0.789106282352728	1	UP
MYEOV	-0.506887897136325	0.0823340506994286	0.177239589849165	1	DOWN
RNASEH2C	-0.244650253776271	0.149710503890043	0.281225333642924	1	DOWN
APOL1	-0.543623156122358	0.0172734600943282	0.0494784483296604	1	DOWN
SAMM50	-0.207052740839746	0.0142735899565434	0.0421040311210469	1	DOWN
PNPLA3	-0.217897039157816	0.338581190824776	0.508663768438386	1	DOWN
MYH9	0.493920903040479	1.24766829214604e-24	3.38274943523498e-23	1	UP
TXN2	-0.0159140154626215	0.891786625053647	0.939312263686653	1	DOWN
RELA	0.525327272246085	0.0365368474462714	0.0916497105443617	1	UP
PRDX6-AS1	0.385271861296821	0.175272198229185	0.316488633838555	1	UP
ABCE1P1	-0.0553743942224906	0.93723059343396	0.964247479475286	1	DOWN
IL20RB	0.778327486244009	0.156788742508383	0.291265473452712	1	UP
DDX60L	-0.661712414066014	6.18306446453847e-19	1.29966249204804e-17	1	DOWN
RGS2	2.67268211079929	5.52067308119693e-55	4.72066548499271e-53	1	UP
RO60	0.172315383219258	0.119232967995053	0.236908513749005	1	UP
CCDC146	1.06603921589241	5.01176191630176e-06	3.29354122112218e-05	1	UP
NDUFB7	0.164778378405721	0.32461707150945	0.494001821860053	1	UP
TECR	-0.106196281021984	0.344624062679824	0.514388224688042	1	DOWN
ATP2C2-AS1	0.479282178272286	0.0789658977964496	0.171354618752411	1	UP
POLRMTP1	-0.812324054517488	0.173447976773561	0.314176073245767	1	DOWN
VIM	0.0806947088243061	0.0831275774733028	0.178553302330753	1	UP
UBQLN2	-0.140173020834948	0.119407435445502	0.237157346017448	1	DOWN
KEAP1	-0.387159438501231	0.0266232756941257	0.0708512687238563	1	DOWN
ZFAND5	0.0190052197569166	0.768794616796524	0.863504664023517	1	UP
EXOSC3	-0.527990922937738	0.0188496937489265	0.053369303363193	1	DOWN
ZNF614	-0.0821313705424631	0.629040904570894	0.76747028275241	1	DOWN
SCAMP2	0.287132838110589	0.00892633976632488	0.028326985097755	1	UP
TSPAN12	0.284740193845537	0.411869233475894	0.581370415315219	1	UP
SSBP1	-0.217443234084884	0.024628538289261	0.066388175119961	1	DOWN
ERGIC1	-0.161651564825157	0.00126237385261638	0.00511282638569487	1	DOWN
ZNF571	0.129439835187849	0.525327011432028	0.683241890217284	1	UP
CSNK1A1	0.127117929541656	0.0222570823719999	0.0610664699748947	1	UP
VAMP2	0.371735526250867	3.93382225263801e-05	0.000219489055493714	1	UP
HMGXB3	0.171120958300641	0.0656720776912288	0.147570703578906	1	UP
DDX11	-0.868732514780037	0.00112939709378785	0.004616949760206	1	DOWN
SGCB	-0.0797951921914712	0.258083577551746	0.419799106070491	1	DOWN
LINC00954	-0.196936445304351	0.767747937187397	0.862731371718124	1	DOWN
GOLT1B	0.137573835629064	0.264860129510023	0.427891976696405	1	UP
LDHB	-0.0430216692240795	0.459439116768519	0.626774392657075	1	DOWN
CDC14A	0.631362435104941	0.00586592830170878	0.0195906008523211	1	UP
RAPGEF3	-0.452558008874692	0.0111387971018041	0.0342045807305931	1	DOWN
SAR1A	-0.302472879767577	0.21394923900819	0.366411525587503	1	DOWN
SH3PXD2A	0.124454966480671	0.0115093156149395	0.0350814427233686	1	UP
MTPAP	-0.213763491858369	0.0132263287117717	0.0394578192018606	1	DOWN
PITRM1	0.0633899354496741	0.364732193035444	0.535101007264488	1	UP
AGPAT2	0.168748727471999	0.223230569151474	0.378716242640051	1	UP
STAG1-DT	-0.782439960574278	0.233650211592163	0.391521243937656	1	DOWN
ASPSCR1	0.159919679161884	0.383384318176098	0.55330937600747	1	UP
SNRNP48	0.0399912695703773	0.760606240056587	0.858559199540863	1	UP
TMEM223	-0.486866530650974	0.0419755609436677	0.102811666304566	1	DOWN
MTFMT	0.353411461286108	0.0951787898590691	0.199020213030445	1	UP
RCHY1	0.407899849212143	0.0328496318940842	0.0839748859899895	1	UP
NAT1	0.0113912941323022	0.962406741574611	0.978217972404613	1	UP
CFAP418	0.169979821677443	0.560710402928084	0.712680033272702	1	UP
PLA2G6	0.184355704067006	0.554350084201139	0.707302937205603	1	UP
PPP3CA	-0.5910437396395	3.21985958005129e-14	4.83681816957601e-13	1	DOWN
MAML2	0.126946704236134	0.058420148570942	0.134217737201698	1	UP
ZNF14	0.0464525244122074	0.824744257362391	0.898280016818202	1	UP
LRRC69	0.264254218611861	0.507456586637433	0.668421760413594	1	UP
FKBP8	0.19477130447114	0.0116061892991386	0.0353171281452626	1	UP
KXD1	-0.471931619485707	0.000811041557070953	0.00344412622428221	1	DOWN
SUGP1	0.133660595221037	0.332667916475897	0.502338982339936	1	UP
SCN3B	0.838719712963639	0.210135083493434	0.361981415134535	1	UP
CLMP	-0.891953177184466	9.04546887594166e-51	6.84377333645199e-49	1	DOWN
HOMER1	0.66014834635888	3.01809288981019e-11	3.59262441109119e-10	1	UP
WASHC1	0.40381432101421	0.167007784228549	0.305420082243326	1	UP
LYPD6	-0.305728166193174	0.533428721808667	0.689373856095247	1	DOWN
CDKL5	0.823289913331262	2.89509570922724e-08	2.5463802856995e-07	1	UP
SAAL1	-0.654321391109564	1.46520292672575e-05	8.8629750917178e-05	1	DOWN
CCDC78	-0.805986524326688	0.147526990432677	0.277990942592596	1	DOWN
MARF1	-0.161116779223047	0.0363646324090396	0.0912969602055301	1	DOWN
BMERB1	-0.0720268962344992	0.672838722487565	0.800855973862763	1	DOWN
PTCHD4	0.108721668777383	0.474044401149228	0.639269843319102	1	UP
HEXIM1	0.0276422122172206	0.769871572391168	0.863941527979298	1	UP
CREBBP	-0.141742368095735	0.0162227455174063	0.0469903578817475	1	DOWN
RAD50	-0.397983551618456	3.64979014000233e-07	2.80697803689056e-06	1	DOWN
GAPLINC	-0.879851133897748	0.195914502815315	0.344088536726315	1	DOWN
RHBDD2	0.414580588707991	0.0407724571818717	0.100443705887356	1	UP
PSMD2P1	-0.0954765580870769	0.685266202671417	0.809315290520157	1	DOWN
KMT2E	0.270111498926543	4.11077790730791e-05	0.000228702983025034	1	UP
HDX	0.282761682092801	0.0200969291604156	0.056174221140651	1	UP
TARS3	0.217453923909017	0.136935173399074	0.262203549859549	1	UP
MRPL30	0.459637376875643	0.282217866920641	0.447763030077037	1	UP
CSTF1	-0.21591115413584	0.0732172553693979	0.161175815733553	1	DOWN
PFDN4	-0.206295693985429	0.185837742626894	0.330935455169593	1	DOWN
POM121	0.104624667162713	0.171197774884847	0.310996737254673	1	UP
DOK5	-1.18663436502599	0.0266812056284564	0.0709420611843281	1	DOWN
DNHD1	0.48907106553003	6.24470015104877e-05	0.000335847271614461	1	UP
COMMD8	0.306391627850888	0.00195624861732932	0.00750677416310704	1	UP
FEM1B	0.0994307579788939	0.169158535241011	0.308533382906456	1	UP
TFAP4	-1.32044169110125	9.70988675485527e-05	0.00050455797732619	1	DOWN
TRIM52	-0.159238945253389	0.364157050178386	0.534691478574259	1	DOWN
PCDH10-DT	2.39160678799294	4.07173843270395e-08	3.51918014898354e-07	1	UP
SLC25A28	0.0997024042048307	0.560728031108089	0.712680033272702	1	UP
YTHDC2	-0.172288714496616	0.0370552029163334	0.092788899210524	1	DOWN
KRT34	-1.58548631215462	1.70446447914096e-55	1.46614382071822e-53	1	DOWN
PCDHGA7	-0.0735163929991939	0.679612809944306	0.80536402865254	1	DOWN
NPY1R	-1.44733555618643	0.0387241123134132	0.0962177006604426	1	DOWN
STK39	-0.0591242724000556	0.509587399953926	0.669946098683969	1	DOWN
NCOA6	-0.147253293753429	0.212767481989162	0.365145177885219	1	DOWN
GASK1B	-0.492907353986569	2.58628838079702e-10	2.82497758056672e-09	1	DOWN
ASB5	1.2489988427637	0.00968719463162835	0.0302942327681587	1	UP
TMEM51	-0.0416062148626039	0.853420608450916	0.917003584855691	1	DOWN
HDAC3	-0.140353057090401	0.517738582179287	0.677089615481708	1	DOWN
GPHN	-0.201761115766407	0.323303840602563	0.492625875215905	1	DOWN
EIF5	0.0203043565914576	0.938707370660182	0.964606429169472	1	UP
ALMS1-IT1	0.717496634442839	0.0301640841206043	0.0783781091815351	1	UP
CCDC121	-0.911192700585542	0.127443542447602	0.248540706060769	1	DOWN
ACSF3	0.376785021123344	0.0835624718265362	0.179269786277505	1	UP
RIC1	1.11243976778259	1.10383444837922e-31	4.12183762623465e-30	1	UP
PAX8	-0.747877102466433	0.021158906681341	0.0586435290471919	1	DOWN
CHCHD5	-0.293591708529275	0.175530674480081	0.316797024717329	1	DOWN
SLAIN2	0.253621463467049	0.000558163789682913	0.00246893937089311	1	UP
DPP3	0.420814883026946	0.000422849141665996	0.00191195023348414	1	UP
KYAT1	-0.261917151747719	0.152941726928958	0.285882925346058	1	DOWN
ACVR1C	0.722114368319103	0.0862140534007459	0.183759953594087	1	UP
TNFAIP6	1.49861215501734	1.35122622558107e-07	1.09515256230354e-06	1	UP
OXCT1	-0.570831659407144	0.000684601940793749	0.00295054656916507	1	DOWN
ABHD17A	0.0398464040233517	0.787059257096909	0.875109127052969	1	UP
H4C4	-2.172530191953	4.89387499410918e-43	2.74113905193301e-41	1	DOWN
F8A3	-0.23392308308162	0.15049828111604	0.282411460902207	1	DOWN
GLT8D2	-0.532207266441681	0.00263541985464134	0.00976774873542498	1	DOWN
FBXO44	0.258048316057978	0.31889956261139	0.487560048592594	1	UP
PUS1	0.348693940528269	0.0371140415440271	0.0929040385159771	1	UP
EIF3CL	-0.468889694189723	3.24240021715203e-09	3.21591801908469e-08	1	DOWN
CYC1	-0.0651322967185534	0.606893789852458	0.749805726882072	1	DOWN
PER1	-0.193719933047175	0.315234052224305	0.483222589456081	1	DOWN
MGRN1	0.189665886160029	0.0702912390833148	0.155603354165592	1	UP
FAM184B	-0.520130518221739	0.131013721340346	0.253602846861154	1	DOWN
TMEM144	-0.376584077533361	0.00218103345219473	0.00826813074965006	1	DOWN
DISC1	-0.17746620385559	0.231835484133121	0.389112030337716	1	DOWN
KLHL9	-0.121241521197619	0.070691344228719	0.156345365082525	1	DOWN
PDPR	-0.343160558102005	0.278914704242091	0.443996077440236	1	DOWN
HAT1	-0.500621662794302	3.53978073412646e-08	3.08338585827978e-07	1	DOWN
HOXD9	0.434371321721284	3.26590135383927e-05	0.000185882396472356	1	UP
FBXL3	0.270042366387935	0.00317812870892599	0.0114760464699374	1	UP
MYCBP2	0.281299777903146	1.80410978902785e-05	0.000107554416506772	1	UP
SLC19A1	-0.313172232479663	0.171130308481184	0.310996737254673	1	DOWN
ZNG1B	0.131435181469822	0.217040544345658	0.370345130043583	1	UP
DDX19B	-0.14039710314078	0.290831667821796	0.457423642979187	1	DOWN
SNHG11	-0.0437705447013012	0.873343537525741	0.929479929647564	1	DOWN
H2BC5	-1.40949991026702	1.62907204596357e-39	7.79527156828462e-38	1	DOWN
VAT1L	0.355158859187488	0.000141664357158142	0.000713058733992445	1	UP
ZNF337	0.0990224239941475	0.456412642831113	0.624112329821387	1	UP
ERCC6L2	-0.215833009879383	0.0092942898048137	0.0292873488812392	1	DOWN
OXLD1	-0.216064118239208	0.391520773365152	0.562086723989953	1	DOWN
RXRB	-0.037069384228831	0.76372297112449	0.860354444256504	1	DOWN
RPEL1	0.30081310948696	0.5870334800118	0.734108966537857	1	UP
COLQ	0.147031996151088	0.686395739484678	0.81024930613725	1	UP
ANKRD28	-0.186364494492679	0.00382690387092372	0.0135247218974612	1	DOWN
RANGRF	-0.205251797779811	0.356854846786144	0.527462732423355	1	DOWN
ERC1	-0.140792891607583	0.0654576177463443	0.14718033826862	1	DOWN
SMARCE1	-0.115155209101453	0.105060983998422	0.21447044494437	1	DOWN
CISD3	-0.504956643927781	0.00131711360312812	0.00530221178354113	1	DOWN
PHF10	0.535081201343402	8.76552724870811e-08	7.26739152444526e-07	1	UP
PUDP	-0.350456646914618	0.0139638456749315	0.0413805843757291	1	DOWN
ERMARD	-0.505959454941335	0.00374905423291414	0.0132885903163704	1	DOWN
SERGEF	0.290737121187462	0.150215295716293	0.281965302358956	1	UP
L2HGDH	-0.52629010658545	0.00494974647363035	0.0169579863182627	1	DOWN
TRAF6	0.574095170501322	2.02458887436212e-07	1.61019999028107e-06	1	UP
ZNF654	0.383061049531309	0.000235514249241525	0.00112920252680467	1	UP
TVP23C	0.10838541811617	0.351487041221354	0.521599839052145	1	UP
EIF2AK3-DT	-0.610985330673056	0.411879476299025	0.581370415315219	1	DOWN
TP53INP2	0.334763541873025	1.80533592714701e-06	1.27387253335945e-05	1	UP
SDF4	0.0467555868222063	0.594253443702612	0.739028222181448	1	UP
SH2D5	-0.274567641936276	0.0357263479977971	0.0899475818111506	1	DOWN
CD109-AS1	-1.6244369857815	0.0153624007405193	0.0448036434109474	1	DOWN
RPL10AP9	-0.00178471963519779	0.996821710300813	0.998549184497231	1	DOWN
LMTK2	-0.233391885558389	0.00692706788502175	0.0226477506801922	1	DOWN
LPCAT4	-0.243750595940206	0.0590656287059734	0.135377858910392	1	DOWN
ANKRD17	-0.161292761133448	0.00201677091789058	0.00772445177165035	1	DOWN
UTP3	0.0204878280634878	0.816675048511142	0.893691590067894	1	UP
ENAM	0.554104006234267	0.0193591281638382	0.0544066046471462	1	UP
JCHAIN	-0.153908972817587	0.418290999582117	0.587607974624397	1	DOWN
GRSF1	-0.140231529463402	0.0174322124200252	0.0498936228325974	1	DOWN
ZNF132	-0.0183102465447321	0.925568447399491	0.958809292714698	1	DOWN
ZSCAN5A	0.000143199543872334	0.999634072857134	0.999841638071598	1	UP
ZNF304	0.28876058003264	0.0397800368321681	0.0984079347030793	1	UP
MCCC2	-0.42022868868698	4.80961876308595e-05	0.000264675555008968	1	DOWN
LINC03015	0.273704173385178	0.717957076545771	0.832012647406811	1	UP
UST	0.491536048603434	2.97508033266408e-09	2.95483751802946e-08	1	UP
CTNNBL1	-0.128228097327432	0.225151127000328	0.38121370079458	1	DOWN
LPIN3	-0.31834771327265	0.0753658498809087	0.164941980407241	1	DOWN
CCDC28A	-0.275638386087897	0.124047279808952	0.244024944257986	1	DOWN
FRY	0.448862053500036	2.33440892844162e-11	2.81121195207582e-10	1	UP
COX17	0.116022071341919	0.628519585166619	0.766993457629016	1	UP
GTF2B	-0.11144849481024	0.500531821047136	0.661606288149457	1	DOWN
KYAT3	-0.275204470994555	0.0161851623450762	0.046928527497732	1	DOWN
PARP9	0.362917623431913	0.000840246588090868	0.00354937253566242	1	UP
FNBP1L	0.979145748671327	1.05324128241477e-19	2.30263082786321e-18	1	UP
TTLL7	0.0455093061032111	0.736220246630865	0.844489867375312	1	UP
ADCY5	0.0890003836470271	0.897555417513891	0.941496327011346	1	UP
MTX1	-0.220355254371933	0.196019285251252	0.344129959875304	1	DOWN
RPL23AP42	-0.128548513285661	0.0737284389585718	0.162070226861929	1	DOWN
CD83	-0.316524680801542	0.486639191448573	0.64994666872674	1	DOWN
HSPE1	-0.134152864039162	0.160776509311161	0.296955692236144	1	DOWN
CLDN7	-0.137600673513136	0.782256334524501	0.872252028565861	1	DOWN
FBXO9	0.0398915260691769	0.695886016369544	0.817786140138445	1	UP
HNRNPA3P5	-0.411632759247664	0.00505948634901715	0.0172888714186916	1	DOWN
JDP2	-0.444761836601538	0.206393482960001	0.357196673323949	1	DOWN
PTGR2	-0.432811056137158	0.0250164981147619	0.0672708251314522	1	DOWN
YIPF4	0.000222703368036685	0.997835301305601	0.99894131895859	1	UP
DNAJB12	0.120999587280855	0.329765943074109	0.4990520099868	1	UP
ARID5B	0.717269837335063	7.33856131869327e-41	3.73413907100128e-39	1	UP
CARD10	-0.421025741330065	0.177046228093155	0.318775858730898	1	DOWN
ASAH1	0.0778077859742801	0.277011519889496	0.441598838822185	1	UP
BNIP3L	0.764643302341867	0.00265419784436178	0.00983230275541453	1	UP
PIK3R3	-0.43693206612658	0.000675185542688828	0.00291866774675329	1	DOWN
SH3BP5-AS1	0.509263072713374	6.61765299261759e-05	0.000353667542146142	1	UP
IPO8P1	2.61109167322015	3.02397776117073e-28	9.68946843163597e-27	1	UP
SPIN1	-0.337914819947865	0.536469891929194	0.691500870970797	1	DOWN
TLCD5	-0.469095371517899	0.170765272453435	0.31064060325083	1	DOWN
UAP1L1	0.188877461075031	0.0571726054292646	0.131926438651059	1	UP
SNX21	-0.52973578456906	4.41453161986827e-05	0.000244569354852602	1	DOWN
SARDH	0.0568380685932281	0.817175444543642	0.893940248173881	1	UP
USB1	0.128956301740811	0.164141696122638	0.301437495319385	1	UP
LY6E	-0.0167996750034567	0.975967170485939	0.985525262557981	1	DOWN
DAAM2-AS1	0.875646337934476	0.297582981791609	0.464316372101093	1	UP
UTP14A	0.126079399480857	0.309311001173502	0.476711291852696	1	UP
ADAM15	0.173392537756795	0.176256852850853	0.317790116100771	1	UP
SLC7A14	-0.802709295044051	2.21842968459965e-05	0.000130319216959957	1	DOWN
CLDN11	-0.620085425260553	0.532952741202566	0.688943560525832	1	DOWN
EPB41L2	-0.136799227315679	0.114291642715213	0.229297310686873	1	DOWN
ZEB2	0.132310651270673	0.0309334152420823	0.079953279138496	1	UP
IPMK	0.29456727133296	0.0178033805186761	0.0508351416469845	1	UP
PNPLA6	-0.291788595607674	0.00299949429456861	0.0109210612372918	1	DOWN
SRPX2	0.349736252487449	6.87416969825027e-06	4.41112905459213e-05	1	UP
MIDEAS	-0.354406384536707	0.000961902319137427	0.00399323482156132	1	DOWN
CEP57L1	-0.91842494680223	3.89652822826314e-05	0.000217576234260551	1	DOWN
FNDC10	-0.621591772183416	0.082190732597821	0.177084624693353	1	DOWN
ADGRL1-AS1	-0.377519491642622	0.197707300563767	0.346231151098944	1	DOWN
PTCD1	-0.116246896252145	0.489827673162647	0.652697068222537	1	DOWN
PCGF1	0.0389178907249868	0.833782947682559	0.904104252792126	1	UP
SEPTIN9	-0.519321146371356	2.87886216701828e-05	0.000165417245230939	1	DOWN
IFI16	-0.282483875710458	0.00164685926832989	0.0064442900857393	1	DOWN
TTC31	0.160770393367128	0.604629916906529	0.747987298285847	1	UP
NDUFS7	0.00461611024181374	0.978233407680911	0.986906658363365	1	UP
MANBA	0.382247495711368	2.20090260402608e-07	1.74466503185852e-06	1	UP
NFKB1	-0.338406650071728	4.42054395598597e-06	2.92496706538248e-05	1	DOWN
GBE1	0.431305046637941	3.20041169209031e-12	4.12570467104345e-11	1	UP
RPN2	0.230719025298736	0.000246236642872654	0.00117360347168625	1	UP
HPCAL1	-0.554958191148246	5.02201369105271e-05	0.000275524373004566	1	DOWN
ODC1	0.880349329559273	1.11223497288207e-18	2.29285415023093e-17	1	UP
SDE2	0.506690876996176	6.38924363461857e-09	6.1472010495255e-08	1	UP
SS18L2	0.0241775152753487	0.8900134168878	0.938229424881682	1	UP
SLC38A10	-0.0394739375310555	0.654992618729565	0.788249361530725	1	DOWN
ODF2L	0.405257114265425	2.27020434240725e-05	0.000133198225546598	1	UP
NIF3L1	-0.330180774675604	0.129365876311964	0.251373709638859	1	DOWN
ATP2A1	0.553462766401421	0.0669314484153483	0.14977181186903	1	UP
KCNH2	0.465565940958423	0.398387960132889	0.569390209858607	1	UP
RPS17	-0.160511522071237	0.0916881988863881	0.193034114526106	1	DOWN
PDCD2L	-0.133081630510254	0.671679535941397	0.8002932345524	1	DOWN
LRFN3	-0.696153135255767	0.000236755075391249	0.00113402306744413	1	DOWN
CAPNS1	0.0620097839003387	0.591085929932453	0.737314007203615	1	UP
IGFLR1	-1.16230399761564	0.314114503061575	0.481921026821577	1	DOWN
BOLA1	-0.643172311938496	0.0812592728944486	0.17563232913516	1	DOWN
NDRG3	0.0147379247452606	0.953883818375788	0.973005933461461	1	UP
PIP4P2	-0.197705528084677	0.261954446977766	0.424312601025005	1	DOWN
TMEM9B	-0.183693934345811	0.20280809515556	0.352384247095467	1	DOWN
DNAJC11	0.0572289694706365	0.527375876804317	0.685043487253859	1	UP
AZIN1	0.0670944080516951	0.295493054155699	0.462189644507415	1	UP
ATP6V1C1	0.367515504677041	1.2961453255747e-08	1.19303159871847e-07	1	UP
KLF10	0.865393356369241	8.48466911285632e-31	3.02745563826881e-29	1	UP
PTPRN2	-0.863877578518886	0.101335647426371	0.208931579534668	1	DOWN
EVI2A	-1.78280024689849	0.0254122076963735	0.0680753882730522	1	DOWN
IFITM2	0.211120298604803	0.132119610338999	0.255180498397337	1	UP
NOG	-0.518379590816302	0.057868814502886	0.133162776812294	1	DOWN
ETV7	-0.0543999287226516	0.924513877009504	0.958335129234943	1	DOWN
MATCAP1	0.581504950475352	0.000690766129565881	0.00297533869995724	1	UP
UPP1	1.4634546573966	1.57433565599213e-37	7.0218285693649e-36	1	UP
HSFX1	0.182396449784481	0.784087465159954	0.873081211205617	1	UP
PLXNA2	0.0648531327819141	0.821325472586549	0.895910357997689	1	UP
DNAH10	-0.0922526770740078	0.887865941608121	0.937217466228294	1	DOWN
EBLN2	0.19578707144418	0.413254830931236	0.582458359678854	1	UP
GAB3	0.584620575116776	0.302358450490419	0.469019103481864	1	UP
AGPAT3	0.669126712965617	2.12172132928835e-05	0.000125101974804194	1	UP
RRP1	0.0763450456803832	0.491012617554833	0.653733493300616	1	UP
CSTB	-0.0139974475353336	0.873416965388649	0.929479929647564	1	DOWN
G6PD	-0.0336009619082761	0.720614446286645	0.834045714720822	1	DOWN
SMTN	0.660768412239809	2.15095662780572e-24	5.74555900710175e-23	1	UP
STAMBP	-0.102462219708906	0.680789560801048	0.806498389101887	1	DOWN
BDNF	1.27044393498237	3.25745757060949e-68	3.98928130109133e-66	1	UP
LOC107984948	-1.38642290373204	0.0111243244959394	0.0341746626893751	1	DOWN
PPP1R18	1.24388033339485	4.45793917202257e-10	4.76139534182544e-09	1	UP
UVRAG	0.11009603404344	0.272004500086471	0.435973494981099	1	UP
GFPT1	0.593399616299266	4.71841451911284e-18	9.23926940592136e-17	1	UP
AP3S1	-0.277519593743872	0.00582001255614365	0.0194777678204798	1	DOWN
MELTF	-0.377956582993853	0.0322764502670942	0.0828025888176422	1	DOWN
TBC1D16	0.679068789756616	0.00170150919757204	0.00663836647249286	1	UP
PPP1R3C	-0.411126006126353	3.69825612737495e-06	2.48228050611683e-05	1	DOWN
LMLN	0.433753678057569	0.0560742710704084	0.130089788286799	1	UP
SNORA73A	0.542635880000308	0.000148387536630126	0.000744306939202343	1	UP
MRPL47	-0.0429643666105896	0.659311276046638	0.791272091200894	1	DOWN
NDUFB5	-0.349101449660706	0.00373392660268302	0.0132447160862475	1	DOWN
TRA2B	-0.0457992318304298	0.472998939878154	0.638745728641714	1	DOWN
TMEM200B	-0.592924049023407	0.00036481030125584	0.00167467397187044	1	DOWN
CFL1	0.473064989967155	8.75320324352958e-06	5.50925697178772e-05	1	UP
ANXA11	-0.0830316367819295	0.192259796424703	0.339360732641185	1	DOWN
DAG1	-0.20546371469826	0.00148805755131569	0.00588503548824933	1	DOWN
ARV1	-0.317072844666942	0.0266274472658822	0.0708512687238563	1	DOWN
LOC100288073	-0.0279715027627677	0.895853380544257	0.940706695666949	1	DOWN
MHENCR	-1.12631674941559	0.0130600642491206	0.0390585654933861	1	DOWN
PRRX1	-0.588738601774518	1.23073458460984e-26	3.69757702332574e-25	1	DOWN
DHCR24	-0.502946885975934	0.0275443662600571	0.072861731067927	1	DOWN
DNAJC16	0.553275562359583	0.036024247650903	0.0905902035729201	1	UP
RAD18	-0.504442997600379	4.08099184587043e-07	3.11868922076539e-06	1	DOWN
NUP155	-0.506913224710834	4.64961064711066e-13	6.41140491043856e-12	1	DOWN
ZNF213	0.125463374978288	0.72382935864019	0.836192241609444	1	UP
PGAM1P6	0.878353840038534	0.23446213950427	0.392436853210237	1	UP
PXN	-0.177002579365751	0.0519010817662936	0.122332822150499	1	DOWN
RPLP0	-0.0183756708290505	0.917389618181433	0.953961097527516	1	DOWN
GCN1	-0.208812553603052	0.000393524212664891	0.00179225288283024	1	DOWN
SFT2D1	-0.0538698216285325	0.755399537512724	0.855789647261492	1	DOWN
ZNF358	0.0106451317538463	0.983520348430972	0.990775622924442	1	UP
FOXJ3	0.0281047102732712	0.690187837134193	0.813465821256522	1	UP
GK	0.0454594403289475	0.706741371999516	0.824170397576259	1	UP
IGF2BP2	-0.704221226416689	1.65007549316687e-24	4.43220092040045e-23	1	DOWN
MSRA	0.0942987646350589	0.521986471007568	0.680669318458048	1	UP
RFTN2	0.887835340042218	3.71302944094552e-05	0.000208254978821654	1	UP
PRDM10	-0.180671280107641	0.0871589699792799	0.185389207413979	1	DOWN
FABP4	-0.656321744504454	0.000940559109563625	0.00391588006116507	1	DOWN
NFRKB	-0.0128635256342004	0.881494830981387	0.934043246994576	1	DOWN
LPXN	-0.683364513068449	0.00266069093920127	0.009851305345221	1	DOWN
ROCK2	-0.0279451303369883	0.663403913084682	0.794391889322065	1	DOWN
GRHL1	3.20739537676985	1.06263238087796e-07	8.72505712276557e-07	1	UP
KIDINS220	0.271514051313229	0.23170096825076	0.388976613869857	1	UP
DCP1A	0.397891405251613	1.90910227785736e-06	1.34250301787429e-05	1	UP
SEC31B	0.400875138332687	0.00301657913648114	0.0109694476852765	1	UP
MTHFSD	-0.132105427861043	0.47422679778753	0.639277187950335	1	DOWN
CLCN7	-0.0098653532501971	0.930102423145513	0.960819938299793	1	DOWN
CIAO3	0.105087514816848	0.683848039742101	0.80843324789865	1	UP
FOXF1	-1.03215089848317	1.07888875140419e-11	1.33713733675317e-10	1	DOWN
BCAP29	0.215470818663298	0.38712618749305	0.557429308037272	1	UP
SUOX	-0.208901401758881	0.673731609273207	0.801332598553294	1	DOWN
CAV2	-0.500063005802455	2.51850563441504e-12	3.27882206512899e-11	1	DOWN
MET	0.446132150925246	7.13022644785558e-08	5.97326970422962e-07	1	UP
COL6A2	0.194610983932846	0.0141477377556411	0.0418220973100486	1	UP
TNS2	-0.779676911294235	5.85016991064752e-16	9.96943459655275e-15	1	DOWN
CSPG5	3.6575247595155	0.00175665329758358	0.0068313769653876	1	UP
EGF	1.65221240105841	1.45583334710833e-13	2.07887823113266e-12	1	UP
RND2	0.0285287130075422	0.951309343618035	0.97161434197641	1	UP
KLHL18	0.729731988974472	8.62083371546317e-17	1.54949835848456e-15	1	UP
KIF23-AS1	0.268430833277812	0.200045423440082	0.349052935780322	1	UP
ZNF764	0.258508133594653	0.176623400549095	0.318243263292221	1	UP
TXNDC9	-0.109169626550348	0.193607788270357	0.341198310767674	1	DOWN
PLIN3	0.330663266653066	0.152430585004656	0.285185704803506	1	UP
GLI2	0.179464590126711	0.579444842679427	0.728705719394343	1	UP
ZNF100	0.458897473700429	0.0743183290810276	0.163044507901917	1	UP
WIPI1	-0.282465790495016	0.00285746415526883	0.0104725372832335	1	DOWN
MTSS2	-0.0113320081062758	0.880867115914447	0.933651950423916	1	DOWN
VPS4A	-0.135345085594939	0.0570119467369067	0.131755754991073	1	DOWN
CAPN10-DT	-0.0407955549283845	0.908356725434029	0.94788703126174	1	DOWN
MRPS15	0.0198965508921631	0.876885511804046	0.931892376164161	1	UP
CCDC30	0.676938879617795	0.13873476628857	0.264737370610871	1	UP
ADAM8	-0.121567825867435	0.706050728403048	0.823564377766765	1	DOWN
WT1	-0.767674615083584	2.3250040136561e-12	3.03510686552342e-11	1	DOWN
ZFP90	0.00890402445051746	0.962445722209452	0.978217972404613	1	UP
ARFGAP3	0.324414671469225	7.35090346427848e-06	4.68997377316946e-05	1	UP
FBXL20	0.202361991495759	0.0305757018236641	0.0791419428718914	1	UP
BCL6	0.592841631978607	5.05715014695633e-12	6.41623149900491e-11	1	UP
SF3A3P1	-1.03193504077855	0.126286794539479	0.247218974246818	1	DOWN
PHF13	0.0723572691723525	0.46713786157622	0.63302206282909	1	UP
RPL26P6	0.245847018969909	0.622652580306553	0.762150807895138	1	UP
PSD2	1.00236138226494	0.0939750962648368	0.196987832335822	1	UP
CDH24	-0.381210276257835	0.0324550899051873	0.0831434908117196	1	DOWN
PI15	1.2071645920572	0.0827110544810386	0.177918643689415	1	UP
HOXB7	0.00494218445793299	0.99453447619376	0.997087395273763	1	UP
RNF185	0.0966934681259097	0.900931198961125	0.943383706568074	1	UP
ZNF418	0.169291563098952	0.713139934784079	0.828756348819037	1	UP
LYPD6B	-0.567038266528214	0.271066196603698	0.435145257400582	1	DOWN
LYPD1	-0.517891056421038	0.00307912522703018	0.0111603809018844	1	DOWN
GAL3ST4	0.158433942389444	0.65733319200193	0.789947771943442	1	UP
SHISAL1	0.134517545469659	0.493090608219522	0.655343579941345	1	UP
NCK1-DT	-0.44096811806569	0.345867032970722	0.515695882527848	1	DOWN
RN7SK	0.387204815901258	2.7331338538497e-08	2.41273777165437e-07	1	UP
UBLCP1	-0.0591242480164917	0.544393265719555	0.698298161096511	1	DOWN
MEA1	0.0721591654036442	0.506153441085525	0.667070075433372	1	UP
DESI1	-0.103699710018875	0.198085604835247	0.346637814903627	1	DOWN
RPL35A	-0.087409941243011	0.0987313477742553	0.204877470804963	1	DOWN
USP18	0.148266048134147	0.716872852098482	0.831422920198649	1	UP
PMM1	0.166052642119311	0.281577246021516	0.446922177188346	1	UP
CDK10	0.182706402277165	0.098312841791671	0.204243656804405	1	UP
POLR3H	-0.220071605961982	0.0796259279493299	0.172540753455656	1	DOWN
RPS3AP47	-0.0604498898306945	0.677161699929984	0.803808458925243	1	DOWN
XPO6	-0.432121240470307	4.087302586694e-08	3.53052060252929e-07	1	DOWN
NSMCE1	-0.164977910810004	0.564109896773397	0.715146251274003	1	DOWN
GSTM2	0.17771285412284	0.268635760576659	0.432492800366901	1	UP
SEC62	0.205913592067112	0.00585616994210829	0.0195670547591692	1	UP
CEP170	0.228436163723382	0.0188653359439567	0.0533822145537729	1	UP
NAT8L	-0.0588029961181146	0.891193026492841	0.938949433205603	1	DOWN
EBPL	0.564850074700653	0.171190305160522	0.310996737254673	1	UP
PCYT2	-0.724761897021597	1.34238097407917e-09	1.37190576070849e-08	1	DOWN
CFDP1	-0.185435753667539	0.0474783389377884	0.113832197161766	1	DOWN
SNHG25	-0.616646129219573	0.340727561321288	0.510455524430223	1	DOWN
UQCC5	-0.182835966041115	0.380870748484107	0.550892121543773	1	DOWN
COA6	-0.323440948368683	0.091215732845748	0.192291547097579	1	DOWN
TMEM141	-0.140399277844647	0.483313366409297	0.647239501249259	1	DOWN
LINC00926	0.0321037634205481	0.948717269996903	0.970249841751263	1	UP
LNC-LBCS	-0.618962273425912	0.267343833435703	0.430796803855859	1	DOWN
SETD2	0.185217329179019	0.412336190547708	0.581901395469231	1	UP
TTC17	0.186308141038118	0.0265954807357566	0.0708183696540296	1	UP
OR5P2	2.44319629789932	2.40654729627776e-05	0.000140399737499031	1	UP
ZNF623	-0.0214890331906615	0.824234144825752	0.897995146779022	1	DOWN
C14orf119	-0.100290617941132	0.245119629122758	0.404548168165027	1	DOWN
IDUA	0.209944095592853	0.29869498227874	0.465521795555194	1	UP
TMEM175	-0.272507347868487	0.147819364338506	0.278396668064088	1	DOWN
FGFRL1	0.827553076110346	0.000402448787032823	0.00182656640119702	1	UP
RBL1	-1.01368453991103	5.49180879872335e-15	8.76929601661338e-14	1	DOWN
PSMF1	0.143353819809339	0.329624618207071	0.498942637237916	1	UP
GZF1	0.0368188897034473	0.747899602047895	0.85081454374511	1	UP
CENPB	-0.353533273674189	4.48605875424294e-05	0.000248098105846019	1	DOWN
NAPB	0.201988424538312	0.188693694606906	0.334645480310133	1	UP
METTL6	-0.0224361879315199	0.873648961800276	0.929614987627994	1	DOWN
SMG1P6	0.0901792091204272	0.762341548037026	0.859396030164838	1	UP
ABCB5	0.296913442481849	0.540735815922246	0.695334870607971	1	UP
DGKA	0.449317483623534	6.8844012955125e-06	4.41573382696188e-05	1	UP
RUNX1	0.249872238712463	0.0184829966501453	0.0524580624921395	1	UP
IGF2BP1	0.120651181722414	0.708093702698665	0.82554756738188	1	UP
CCDC24	0.665498273305136	0.0993515900778029	0.205868917151467	1	UP
CLIC6	-0.240436895030107	0.327536561812068	0.496874958507894	1	DOWN
SNF8	0.161114607089439	0.13880694455287	0.264757349554389	1	UP
ATP8B3	-0.0406797044666331	0.8977364627526	0.941496327011346	1	DOWN
SLC29A4	1.28295309810619	0.000189678738070966	0.000927821187450923	1	UP
KIFBP	0.0944938397732664	0.200237634386997	0.349219654178915	1	UP
SMG5	-0.139440127563304	0.0524820035370114	0.123420249489561	1	DOWN
ZNF12	0.114265174202035	0.184650794793174	0.32922746891501	1	UP
NAGA	-0.0584086184800924	0.709700225727254	0.826418223896137	1	DOWN
SOHLH2	0.100980503731344	0.83188058208528	0.902990031676886	1	UP
MTRF1	0.125626966554674	0.416913008126879	0.586527441631769	1	UP
SPART-AS1	0.733294922045151	0.158288800237457	0.293410909726974	1	UP
FBXL13	0.580348255693683	0.392658488554126	0.56324864040586	1	UP
TAS2R18P	0.0182550374654297	0.955615999935273	0.974119607773785	1	UP
SPIN2B	0.220589441892084	0.585024603901082	0.732657217818612	1	UP
NAPEPLD	-0.52094244151001	0.00216364030499745	0.00821296717822909	1	DOWN
C19orf47	-0.179447528483943	0.502884308162495	0.663739646922757	1	DOWN
CNOT1	-0.145187579771549	0.0179520319108656	0.0511988974035758	1	DOWN
PARP10	0.11874370189801	0.384642043949094	0.554681386798559	1	UP
DCXR	0.33518107542769	0.221021766234966	0.375851440793304	1	UP
ZNF808	0.816380970087367	0.0129225616277862	0.038727486122592	1	UP
ANKRD35	-0.396492037952758	0.0689173569656832	0.153194247936983	1	DOWN
LIMS4	1.06177813662452	3.00716455827531e-40	1.49335171930022e-38	1	UP
ZBTB34	0.525597897244088	1.4523796318297e-05	8.78908628960259e-05	1	UP
NPHP3-ACAD11	1.10652999794141	0.00120350167913957	0.00489909937049181	1	UP
ZNF354C	-0.49180990023658	5.0694845691132e-05	0.000277707056513476	1	DOWN
CNKSR3	-0.741331238998216	1.46179334740236e-08	1.33529555393878e-07	1	DOWN
FKBP1C	0.00275221118657141	0.983113046506678	0.990446642154769	1	UP
ZDHHC16	-0.198625324773047	0.165471104197854	0.303031672381598	1	DOWN
SARS1	0.277462584318084	0.000118458529510563	0.00060510576527294	1	UP
CANT1	-0.106168241473503	0.229879985840663	0.386638230375165	1	DOWN
ERLIN2	0.223472831163204	0.00191085994604005	0.0073656540624766	1	UP
TCAIM	-0.020700762027842	0.872513872569028	0.928954392727844	1	DOWN
EDC3	0.0973189292698335	0.332947783214101	0.502604033764439	1	UP
PLPBP	-0.0189926497825542	0.874084069484523	0.92987256243528	1	DOWN
PSME4	0.274056601581106	5.56166960062756e-08	4.74449158197573e-07	1	UP
THAP5	-0.321098139303683	0.0120000723258866	0.036347316114313	1	DOWN
CRACR2B	-0.297583755558046	0.61924309231017	0.759664941633129	1	DOWN
SUMO4	0.851686760094395	0.00138586394536239	0.00553694218259107	1	UP
RHEBL1	-2.96374168745078	0.00713030269154719	0.0232438538677078	1	DOWN
TUBA1A	0.900167057755618	2.30225740176625e-39	1.09440531950408e-37	1	UP
TUBA1C	-0.249392719130024	2.27225700779199e-06	1.58171416279393e-05	1	DOWN
YY2	-1.14993762953959	7.45090864444261e-06	4.74539800885148e-05	1	DOWN
SLC35A4	-0.0496032800799664	0.77740332503116	0.868784738227925	1	DOWN
SMARCE1P5	0.0542374957128004	0.926566369610152	0.959224199959618	1	UP
PCDHGB2	-0.299495439203642	0.228729703406588	0.385442808014335	1	DOWN
SEPTIN10	-0.0737417473339381	0.484063110335467	0.647883301607653	1	DOWN
CYBRD1	-1.30941120550754	0.00508600674095493	0.0173548721165383	1	DOWN
NUDT18	-0.161258955818164	0.643313973781507	0.780303024602699	1	DOWN
POMZP3	0.166299228413526	0.573224746921497	0.723401521069125	1	UP
CLUH	-0.440076002546988	0.000268084211025741	0.00126686884680608	1	DOWN
MDH2	0.1323241672072	0.0736681048657905	0.161986881225736	1	UP
MRPL45	-0.133203223329135	0.267198150555846	0.430610067322687	1	DOWN
NOL12	-0.200082088812028	0.226276935477647	0.38258966535136	1	DOWN
C7orf25	0.16398638632598	0.676669282921549	0.80349612222673	1	UP
SCRN1	-0.167113447624684	0.00674986268609524	0.0221535920228849	1	DOWN
KITLG	-0.117121259551049	0.229864241830463	0.386638230375165	1	DOWN
NSUN5P1	-0.0665454889307052	0.602660705701494	0.746148891200505	1	DOWN
RAET1E-AS1	-0.593589200203177	0.361830598457788	0.532394220506211	1	DOWN
ZNF266	0.0727774422290439	0.717956888540664	0.832012647406811	1	UP
ATG4D	0.461615803856713	0.00425940306453262	0.0148929672599954	1	UP
METTL26	0.167108350577337	0.513139201238409	0.673329210668868	1	UP
YIPF2	0.0623131607985332	0.66966059819282	0.798849703193366	1	UP
CLK4	0.168736674016183	0.133997936578237	0.257978590185653	1	UP
PCDHB15	0.257150929193925	0.719212579708759	0.832866494861069	1	UP
RPS3A	0.0283801485471379	0.664145413908249	0.794895260592025	1	UP
TPM1	1.44603782001216	1.10379311831902e-95	2.61490399226691e-93	1	UP
RN7SL812P	-0.133380672875178	0.878084041667295	0.932206324282551	1	DOWN
LAG3	-0.453584040523113	0.175104150256133	0.316264226390623	1	DOWN
SLC11A2	0.459958349785353	1.1144067040919e-05	6.90578528337566e-05	1	UP
MDM1	-0.105121428000798	0.546890928554463	0.700382914617205	1	DOWN
PTPRQ	-0.793250832883257	4.50781197724361e-06	2.98134512051018e-05	1	DOWN
EHHADH	-0.145030709500426	0.361316842791566	0.531818058176912	1	DOWN
ETV3	0.183935830425075	0.0752801895381092	0.164779463649684	1	UP
KDM5A	0.201221900340696	0.00263319168724311	0.00976199411809907	1	UP
TM9SF1	0.13078822528336	0.800611770887882	0.883448434720585	1	UP
FSCN1	0.387121779765493	1.28073078831656e-05	7.83566495426021e-05	1	UP
KIF2A	0.211995210115076	0.0694326478260597	0.15408034301818	1	UP
TMEM106C	-0.406663035654235	0.0772534920992118	0.16823240119435	1	DOWN
GPR161	0.342527738129724	0.300713467875908	0.467621900815102	1	UP
SLC38A2	-0.926654175807963	2.21801816654767e-60	2.12268745197221e-58	1	DOWN
STEEP1	0.0927505385528721	0.538644504012658	0.693509597958564	1	UP
SLC4A4	-0.363430320165304	0.0831316496795649	0.178553302330753	1	DOWN
ZDHHC23	0.416276486977838	0.45919797263089	0.626557445235482	1	UP
PBK	-2.80268256261758	4.69592946115458e-80	7.45723919155438e-78	1	DOWN
SCARA3	-1.08164653777177	2.90416552417831e-31	1.05980040378537e-29	1	DOWN
COL12A1	-0.352063063231522	1.59225511303227e-17	3.02361085918914e-16	1	DOWN
SPTSSA	0.19116423071196	0.236590296157603	0.39471483799086	1	UP
RRP7A	0.00756900230352353	0.940039305774438	0.965220122761575	1	UP
LIN54	-0.474128948059342	0.000501153225641169	0.00223523619251251	1	DOWN
FGFR1OP2	0.498181437015724	1.67039461644474e-09	1.69276806467342e-08	1	UP
PABPC4	-0.499341952657168	1.14599726732546e-08	1.06363561400901e-07	1	DOWN
WIPF1	-0.0909205750709186	0.329953797657609	0.499240568443889	1	DOWN
LAMA1	-0.202992912531243	0.00489181288859995	0.016807320031659	1	DOWN
INTS6	0.299371775169947	0.00691001171873379	0.0225970987434764	1	UP
CPS1	-0.728044109890854	0.000643859622429499	0.00280287038275056	1	DOWN
DGKH	0.0372129110032286	0.78663482604568	0.875067518838401	1	UP
KATNAL1	0.212270571458037	0.00428028977574694	0.0149479138591878	1	UP
RNF135	-0.372942447969701	0.0161954225214337	0.0469300282448844	1	DOWN
TMEM79	0.0930844491620222	0.85436735064719	0.917460020409712	1	UP
PFDN2	-0.00750946256645156	0.948958903454909	0.970364962605006	1	DOWN
NAMPT	0.327286394486292	5.58253361435912e-05	0.000303168708234136	1	UP
ZNRF3	-0.351851524536728	0.367372842263423	0.53755619112482	1	DOWN
IRF2BPL	0.284150922670933	0.00459695160501929	0.0158886743946744	1	UP
PCDHA12	1.72252654194898	0.0864741607251407	0.184186526815498	1	UP
DNAL1	0.288453218496014	0.731975280738516	0.84136246731879	1	UP
VMAC	0.153956209603628	0.544562774966999	0.698364873934407	1	UP
RUNDC3B	0.166129167133005	0.81956669462035	0.895026911384989	1	UP
DDR2	0.0162806033697848	0.733379534595233	0.842386746239227	1	UP
USP15	0.393577862061987	7.75235121078272e-06	4.91787652971998e-05	1	UP
ZMYM3	-0.109072892696853	0.326590396350915	0.496116663267852	1	DOWN
NCSTN	0.229988772428299	0.0074478585647194	0.0241619699244921	1	UP
PEX19	0.703208916743067	0.127611350236238	0.248800812501872	1	UP
PEA15	-0.34180444122698	1.00992592781958e-07	8.31468732888306e-07	1	DOWN
FBXW9	0.409649806043628	0.130090694278865	0.252341023224682	1	UP
RFX1	-0.404718235336496	0.0216065405666953	0.0596781570583551	1	DOWN
PODNL1	-0.552498585428501	0.208111674103261	0.359395530887455	1	DOWN
DNAJB1	0.381970040214519	0.00182523581983414	0.00706576020155991	1	UP
HPRT1	-0.337497597763153	0.00167453951869575	0.00654374542581728	1	DOWN
AVEN	0.619087175211283	9.64643748793445e-11	1.09505630901917e-09	1	UP
ROBO1	-0.113091677682771	0.118308306062105	0.235560858185402	1	DOWN
PCDH7	0.242960210368555	0.545743498782267	0.699347282158601	1	UP
UFSP2	-0.0819425496103043	0.540970301816495	0.695474585694752	1	DOWN
ZNF609	0.148785760694474	0.024290746067269	0.0656490689018336	1	UP
ZNF771	-0.973532106422823	7.00622369576965e-05	0.000372779597303267	1	DOWN
LRP2BP	0.117614243443559	0.777850659707939	0.869015839461881	1	UP
HCLS1	0.608944865330283	0.155855371871014	0.289941552382598	1	UP
TFB1M	-0.14910024364703	0.357591573703235	0.528008986667718	1	DOWN
ZNF75A	0.00504008920849085	0.970337576218677	0.982576435704303	1	UP
TMPPE	0.314702741641233	0.0277441458550754	0.0732427204515336	1	UP
MUC1	0.886295232765089	0.00188081242256377	0.00725951397395006	1	UP
AGA-DT	-0.290057456294885	0.442036440508015	0.610286481492436	1	DOWN
ACP3	-1.07247640565205	0.00270251202735141	0.00999334731506019	1	DOWN
ST6GALNAC2	-0.731360348302642	0.117637943121065	0.23473983927679	1	DOWN
CCL26	-0.619414268956715	0.153711544024941	0.287136184424046	1	DOWN
FARP2	0.0369999488622488	0.659783128815517	0.791509712312223	1	UP
GDPD1	0.763083858011059	0.000747703507829794	0.00320150026419211	1	UP
ATP6V1D	0.344746780114554	0.0039373361091569	0.013854016097742	1	UP
PLEK2	-0.0181111279226534	0.970434102967244	0.982605326652161	1	DOWN
IRF1	-0.445325619755755	5.19944637806759e-06	3.404494771611e-05	1	DOWN
IDS	-0.0367919721257908	0.681315998299241	0.806857154209249	1	DOWN
MAP3K5	-0.0528356928771437	0.460184587696342	0.62725031344449	1	DOWN
STX18	0.00769422382553556	0.959802076188005	0.976767591760061	1	UP
GSTK1	0.229469759402353	0.0353570091678812	0.089107802491289	1	UP
RPL23	-0.0184921252571646	0.815136270835776	0.89252418925957	1	DOWN
LINC02535	-0.850779347338575	0.0815515441448937	0.176132321691505	1	DOWN
PPP2CB	0.34089980660383	1.05789211480319e-07	8.69107387778334e-07	1	UP
NPLOC4	-0.0597703759667829	0.47612831425471	0.641135360133333	1	DOWN
RPUSD3	-0.435676637607448	0.0071859820542762	0.0233936982803211	1	DOWN
HPS1	-0.0649003918152505	0.494196929874623	0.65621977704844	1	DOWN
FKTN	-0.770648137441434	0.00042622103510787	0.00192538923986991	1	DOWN
VPS37A	0.0278100497638503	0.818629916694031	0.894722502355577	1	UP
GRIP1	0.181303923105406	0.20859052624924	0.360093381295875	1	UP
MAGI1	0.859805241678135	1.05574939385022e-22	2.60352124411767e-21	1	UP
ANP32A	-0.454385454615185	0.00208959515853315	0.00795907739482408	1	DOWN
RBM28	-0.605705641865546	5.12934320626607e-12	6.50211742752201e-11	1	DOWN
USP42	0.575428518126828	3.18575473245711e-06	2.16748312800083e-05	1	UP
IMPDH1	-0.183738975107036	0.0749514344595666	0.164196624726432	1	DOWN
PPP2R3B	0.13531114491104	0.381481657001748	0.551499742430198	1	UP
ASAP1-IT2	-0.283502726125921	0.134053005191496	0.25801225066567	1	DOWN
LOC105369147	0.431823008199824	0.262568837615486	0.425068401981332	1	UP
VKORC1	0.214837812739729	0.0251353775740921	0.0675025722585402	1	UP
ZNF668	0.370911176983104	0.0280135402614074	0.073859454537055	1	UP
ZNF646	-0.102523116129694	0.498517609254587	0.659774518851363	1	DOWN
RNPS1	0.173451406836429	0.042406056754819	0.103707890702977	1	UP
SNRPC	-0.754372082539051	0.00032731836500784	0.00151605054254112	1	DOWN
UPF3A	0.299739598930953	0.162783611666297	0.299705181830763	1	UP
CUEDC2	-0.169135807711451	0.138133256293094	0.263951415977295	1	DOWN
MRFAP1	-0.359722119462118	0.700587616747995	0.820569918108711	1	DOWN
UBFD1	0.834773730031536	0.00255276552000579	0.00949061346272284	1	UP
RAB7B	-1.13597503875486	0.00088300222089181	0.00370507116553645	1	DOWN
SPAG9	0.169982235227758	0.00280049134860222	0.0102950649907532	1	UP
BICD2	-0.0265896345348792	0.767571777122237	0.86260049391037	1	DOWN
PSMG2	0.0473695380020765	0.722629161536197	0.835295101469013	1	UP
PITPNM1	0.260143792002976	0.050943870790079	0.12052879449696	1	UP
OCRL	0.238104544448032	0.00260254336926612	0.00966324620484705	1	UP
DLL1	0.281977737784451	0.741929035611283	0.847558616096336	1	UP
MRPL17	-0.0644118266338789	0.616929411969023	0.757519494635428	1	DOWN
POLDIP2	-0.255457459050627	0.000819109691505484	0.00347226581165906	1	DOWN
MT-CO2	0.462872409296771	1.23884032592946e-28	4.00502942953168e-27	1	UP
HK2	1.17410284309876	1.48122827989902e-66	1.69882776768419e-64	1	UP
CALD1	0.40155896660401	5.37637949257233e-22	1.28419933962252e-20	1	UP
CYREN	-0.130503038381735	0.481614175493533	0.64580184189079	1	DOWN
DPY19L1	0.0861771976282488	0.257558115030089	0.419329914409623	1	UP
PARP12	0.535869930967492	0.000459979748073035	0.00206562067725402	1	UP
RHBDF2	0.409197567932362	0.00501536951350682	0.0171543443407543	1	UP
NIPAL3	-0.266531343683073	1.71301282486054e-05	0.000102716798058339	1	DOWN
STPG1	-0.410584296062614	0.0412251790763963	0.101368906386422	1	DOWN
ZFP30	-0.247578214895299	0.282908645047778	0.448329074414458	1	DOWN
GNA13	0.223162333558574	0.000602824548086747	0.00264269216435536	1	UP
BICC1	0.190613083824436	0.00240307278539488	0.00900825027801334	1	UP
CISD1	0.106757297752022	0.377255516998835	0.547966577158525	1	UP
NPC2	-0.327392430874841	0.000823819976137104	0.00348916250737318	1	DOWN
THOC1	-0.301960496325181	0.0352559492282948	0.0889151347815163	1	DOWN
TMEM171	-0.610983730747609	0.000554488219796074	0.00245568779168651	1	DOWN
NUBP2	-0.00373995999181916	0.985621850188402	0.991936858908879	1	DOWN
NUP205	-0.304277090306171	1.40427375128001e-05	8.53848925430575e-05	1	DOWN
EPB41	0.629623841985384	0.0108085540894757	0.0333037132509623	1	UP
CCZ1	0.22768363397552	0.0125009751283849	0.0376357482458938	1	UP
SEC24C	0.0294363997251986	0.6836978531087	0.808387962303537	1	UP
CDCA4	-0.264460402534731	0.0965944051610008	0.201529475828415	1	DOWN
GPR37	-0.0604320518812391	0.696648396929612	0.81827732943427	1	DOWN
AKAP13	0.732639408132513	0.000407846757545969	0.00184874325385721	1	UP
YIF1A	0.0298530793217444	0.870932956305864	0.927956204858912	1	UP
LINC01920	-0.349438974981128	0.374147231267432	0.545082961069368	1	DOWN
ZNF518B	0.234654961951658	0.00153434025986006	0.0060449157838707	1	UP
ASPHD2	1.01362353179436	0.0777325824112622	0.169122786574097	1	UP
FAM131A	-0.362106040625013	0.388743807012641	0.559022776691842	1	DOWN
CSRP2	0.883716135320145	6.42430212082049e-12	8.07283390851973e-11	1	UP
SNURF	0.571768592651125	0.0518343933185128	0.122235446776408	1	UP
VDAC3	-0.249211984461284	0.000387196023853203	0.00176510086457496	1	DOWN
C1QTNF3	0.263446712312315	0.453779531124865	0.62186514976628	1	UP
H2AC12	-2.57282711566549	9.26261235968753e-21	2.11459733348885e-19	1	DOWN
TTC39C	-0.197836116088525	0.0517361122919552	0.122083370138969	1	DOWN
PCSK5	1.09025738017557	0.00277541434260647	0.0102172858925703	1	UP
GLYCTK	-0.58189083838763	0.0855987053856921	0.182823956773372	1	DOWN
MLXIP	0.0755777925346187	0.397585264127228	0.568524109628198	1	UP
PEX11B	0.0535889823297636	0.879178257978585	0.932719172007789	1	UP
CHD1L	-0.280480638200916	0.00132087810899969	0.00531403383996507	1	DOWN
KHDRBS3	0.62256453324967	3.72518576985708e-11	4.4125130787053e-10	1	UP
USP30	0.0771380275177807	0.69967120467949	0.820094782936435	1	UP
TAOK3	0.0901658091008293	0.400916347496226	0.571872681637347	1	UP
TAF9B	-0.736663893068482	4.96792176419115e-12	6.30856216294607e-11	1	DOWN
ATP10D	0.176375655073135	0.00667345306562311	0.0219476718824123	1	UP
OCIAD2	0.74621476898101	7.12788186970521e-12	8.93365315690459e-11	1	UP
CENPC	-0.0792150426090962	0.542582202890738	0.697090840782915	1	DOWN
EPHA5	0.537695178097181	0.0152061424566713	0.0444286220463722	1	UP
IMPA1	0.427465348684393	0.000473110861855786	0.0021186628647902	1	UP
LRRCC1	-0.696068364433845	0.0115873081684279	0.0352670999035281	1	DOWN
PRR19	-0.293692122851272	0.565947754259499	0.716784487011746	1	DOWN
ALDH1L2	0.453110545711828	6.6096308922732e-08	5.56294560420734e-07	1	UP
RBM5	0.0961819086260081	0.286099170464424	0.4519972791496	1	UP
PNO1	0.213738756037365	0.189893008519188	0.336292140454753	1	UP
ORC4	-0.118762513390101	0.464904211119127	0.631184775919063	1	DOWN
ORC2	-0.367775284671828	0.0001081341854031	0.000557410822323159	1	DOWN
RAB27A	-0.232853432802964	0.138676066229319	0.264660305478062	1	DOWN
KIF3C	0.228220889284436	0.015016074054861	0.0439532684153932	1	UP
RAB10	-0.0514449561562603	0.464710468750801	0.631115045747125	1	DOWN
MILIP	-0.823735421014012	0.118911300792136	0.236431921814414	1	DOWN
VCAN	1.5074773192214	4.0350602663332e-116	1.35606176532049e-113	1	UP
RARRES1	-0.900361707885162	0.0537217374498987	0.125721915447528	1	DOWN
CA12	-1.1084721130258	3.40048760625279e-16	5.89921325305631e-15	1	DOWN
MGLL	-0.57017958028307	2.70086500596505e-24	7.17466915463253e-23	1	DOWN
ZFP64	0.219841625960053	0.0616525408180971	0.140358440108073	1	UP
TM9SF3	0.0305298138901204	0.655500269564605	0.788597602021155	1	UP
RFX3	0.108981484187909	0.471927373584815	0.637724188860498	1	UP
ATIC	-0.341403421502922	1.90904485045272e-07	1.52501974206148e-06	1	DOWN
VCF1	-0.0249031593902876	0.819070420794418	0.894941534223959	1	DOWN
SLC39A11	-0.283399333490719	0.0419422979206834	0.102765030052865	1	DOWN
SURF4	-0.281436144551804	0.212408794129092	0.364767615443792	1	DOWN
H2AC15	-1.30615706496732	7.24184628608084e-05	0.000384184730837571	1	DOWN
GMPPA	-0.341987923533941	0.0025108668272339	0.00936375136009215	1	DOWN
EAF1	0.698323235751529	2.14485511836074e-19	4.6400151669807e-18	1	UP
GRIP2	-1.00384834495837	0.0881928921951182	0.187038184378621	1	DOWN
NELFB	-0.124822465357448	0.27252027804325	0.436412958555298	1	DOWN
MSANTD1	0.320667695614664	0.640776103053146	0.778029091044242	1	UP
SRPX	0.0182611283297147	0.927106148532337	0.959274338130572	1	UP
SP3	-0.0896037846372801	0.526453267623971	0.684337156646038	1	DOWN
PDP2	0.219086376947656	0.737510592329019	0.845054664702028	1	UP
ATR	-0.094888667192909	0.220280958247198	0.37512139142473	1	DOWN
UFL1	-0.0964163414686409	0.360509912940426	0.531008944236275	1	DOWN
MIR3936HG	0.424780970720639	0.219565882852908	0.37412410955163	1	UP
RRP15	-0.187100942663816	0.0468868272633959	0.112645310188418	1	DOWN
SNAPC5	-0.0606106224040418	0.813008584767158	0.891275000642558	1	DOWN
RPL4	-0.0433199331249077	0.421907754431759	0.590635261065844	1	DOWN
ZWILCH	-0.833285320685732	0.000215308433555676	0.00103991382797897	1	DOWN
RNASE4	-0.350117985113599	0.334189547115439	0.503970957146251	1	DOWN
RASL10B	-0.859747988081269	0.000212532781945495	0.00102822605687792	1	DOWN
H4C14	-1.9668064424933	0.00767935675825347	0.0248172591758095	1	DOWN
TINCR	-0.26587043045981	0.739475700190649	0.846212183602669	1	DOWN
SLC7A4	-0.00549725610122965	0.987773018035554	0.99292625790427	1	DOWN
BCL2L13	-0.212184728150917	0.00305578485237911	0.0110980514957855	1	DOWN
ERO1A	0.586364535118752	9.71849733733711e-11	1.10237052607424e-09	1	UP
ZNF823	0.392981388645113	0.0371376143677927	0.0929469458311348	1	UP
RNF182	-0.0566891312259372	0.843839317472239	0.910907744587385	1	DOWN
NRIP1	0.264474394462143	0.000113584276516755	0.000582058999980009	1	UP
RAD1	0.0814886103670132	0.492652302561138	0.654951096992733	1	UP
LIMCH1	0.176482055380019	0.199570175811307	0.348476149184292	1	UP
TMEM230	-0.0205299359525677	0.780633456331422	0.871186504386866	1	DOWN
SLC8B1	0.0952373305675614	0.499482334071015	0.660748737610787	1	UP
SH3BGRL3	-0.0486099876833815	0.458164273069659	0.625501361372663	1	DOWN
MKNK1	0.236774729247189	0.0267708874855333	0.0711412458722769	1	UP
GARS1	0.344216200024314	1.7365304762127e-06	1.22652013253909e-05	1	UP
NOD1	-0.350395799526822	0.18752256778497	0.333196683519071	1	DOWN
MAP3K10	0.513246296036241	0.00887451335051762	0.0282106450568258	1	UP
BLOC1S3	0.0372061184398957	0.863107666518751	0.92261031798672	1	UP
SGIP1	0.466287902438083	1.5491306836193e-14	2.39940916494989e-13	1	UP
MSMO1	-0.530687628983802	6.62299600573157e-18	1.28641015159714e-16	1	DOWN
PINX1	-0.127663452079334	0.551794817495101	0.704913976982117	1	DOWN
CRTC1	0.370852959024694	0.0212014479910907	0.058727645182912	1	UP
IFITM3	0.634661674476719	0.00016549643017823	0.000819879640900104	1	UP
SIRT3	-0.160041360434558	0.545593564514738	0.699279166368291	1	DOWN
COPE	0.194597943109324	0.0693639194454688	0.153951466734214	1	UP
SPP1	-0.394773911247677	0.0324536058550188	0.0831434908117196	1	DOWN
EIF4A1P10	0.157572692370023	0.188067025419892	0.333721396129092	1	UP
NRDE2	-0.0598840955860391	0.663800936007728	0.794596065826178	1	DOWN
DZIP1L	0.16114910443841	0.229597686271712	0.38638828046029	1	UP
TIPARP	0.797814493682059	2.79854746366891e-07	2.18959444490955e-06	1	UP
ZNF76	-0.274327686214446	0.0888461005829109	0.188284939070779	1	DOWN
GMPS	-0.37460027319764	1.64079484195549e-07	1.31582276698661e-06	1	DOWN
FIGN	-0.163095597571404	0.0652576045226898	0.14691348231148	1	DOWN
NLRP10	-1.53724479935741	0.000252263157196077	0.00119995223325889	1	DOWN
WDPCP	-0.128084486342013	0.37711113996683	0.547966577158525	1	DOWN
S100A16	-0.211180270317314	0.297042913830773	0.463860724850713	1	DOWN
DPYD	-0.999681500633501	5.45116007279839e-35	2.28332504962346e-33	1	DOWN
JRKL	-0.176616611387348	0.14519353755294	0.274840093735506	1	DOWN
EFCAB6	-0.019503299197543	0.963210205637109	0.978719637298682	1	DOWN
ZCCHC2	0.23988764719625	0.105239748273225	0.214653437162509	1	UP
INAFM2	-0.538302947596599	0.0495975692870366	0.11801983760365	1	DOWN
MPV17	-0.137763222550616	0.350600095859892	0.520604396349291	1	DOWN
GTF3C2	0.156081389479267	0.136646960682809	0.261790432033312	1	UP
ATL2	-0.367026894577949	0.0052521582766743	0.0178459767825583	1	DOWN
SYVN1	0.287979634987491	0.0315776535181222	0.0813565111410918	1	UP
NCBP3	0.153251113027999	0.0440095327685854	0.106869729127681	1	UP
HDHD3	-0.289207702722151	0.25229041018393	0.412799900086953	1	DOWN
MBD3	-0.308649004666767	0.0159660373709842	0.0463676057170604	1	DOWN
KRT10	-0.268027873055305	0.0165515453889834	0.0477703979261432	1	DOWN
CHROMR	-0.24425584432532	0.30599476647775	0.472934108948208	1	DOWN
REV3L	0.0848013837921519	0.178499318462272	0.32071287468585	1	UP
QNG1	-0.673619646031949	5.88003977999958e-06	3.81898673531568e-05	1	DOWN
HNRNPK	-0.263235950185238	5.74556796863687e-05	0.000311087308785206	1	DOWN
GKAP1	0.503006342744551	0.105045013395261	0.214468139103549	1	UP
KIF27	-0.23089336939481	0.238604213455066	0.397105780103554	1	DOWN
ZNF766	0.165945749105466	0.59096878405702	0.737231517473066	1	UP
NOS3	0.34466770983832	0.581748895231927	0.730649511993445	1	UP
SH3KBP1	-0.274820150357443	0.00544364703629946	0.0184057424711192	1	DOWN
ZNF529	0.209768622503715	0.135868693401406	0.260610364792105	1	UP
ZNF284	0.0683218143036017	0.597988964116028	0.742400216532708	1	UP
LURAP1	-0.282127708948417	0.466502752510245	0.632582460028671	1	DOWN
FAM167B	-0.54697671301456	0.0707464836004663	0.156424287017489	1	DOWN
RAB11FIP3	0.197519572714456	0.0226723050767485	0.0620290573010399	1	UP
NID1	-0.602463301833646	2.94267989708167e-34	1.19116714825566e-32	1	DOWN
ANKRD40	-0.228088812431422	0.000595383060962419	0.00261436664052504	1	DOWN
PIERCE1	0.865239110007569	0.0739462467640039	0.162450169046309	1	UP
C5orf63	-0.312082241794581	0.402073998054164	0.573014925629263	1	DOWN
ARRB1	-0.322998852388692	0.00119597198976369	0.00487119256597381	1	DOWN
PRRC1	0.453442965332343	5.49639937536751e-08	4.69158106163236e-07	1	UP
EIF6	0.202088128048251	0.0398131704339992	0.0984497135423892	1	UP
GSKIP	0.984311358338485	1.5027973751595e-05	9.08277911686739e-05	1	UP
VRK1	-0.903941689124596	5.15564601968215e-09	5.00028460606891e-08	1	DOWN
CCSER2	0.204543646460128	0.367954018244114	0.538188615146325	1	UP
ACBD6	0.0973995924212758	0.241904358169508	0.401027862786229	1	UP
BMPR1A	-0.0138888158080361	0.843754046019203	0.910883738161027	1	DOWN
FOSL2-AS1	-0.376751485098555	0.446191093488453	0.614144917801851	1	DOWN
MIR5689HG	-0.583170218863603	0.382985173437751	0.552841331945525	1	DOWN
ZRANB2-DT	-1.10410154498868	0.0557392539565927	0.129583004975341	1	DOWN
MTND2P2	-0.13657086393392	0.747692876244623	0.850800807707564	1	DOWN
SULT1C4	2.03349876533354	0.000366086053659077	0.00167999668511506	1	UP
SH3GLB1	-0.301082494788603	4.28383806531257e-06	2.84101624056136e-05	1	DOWN
RAB22A	-0.200135771714356	0.00352875922152822	0.0126035836654237	1	DOWN
CYB5D2	-0.338511293124149	0.236510035486812	0.394665880233247	1	DOWN
HNRNPUL2-BSCL2	-0.606652788171957	0.599872645285675	0.744183602449855	1	DOWN
TBL1XR1	0.170563583280558	0.157794712200777	0.292682760366247	1	UP
PKP2	-0.504894726234567	0.00575836182961442	0.0193206609704569	1	DOWN
CILK1	-0.183167277504947	0.0161536849185968	0.04684665879162	1	DOWN
RIMOC1	-1.07067825208307	9.30535772796754e-30	3.14186272259016e-28	1	DOWN
RBPMS2	0.367195910192431	0.481968781148827	0.646097482039119	1	UP
NAV2	-0.0181810710742484	0.837455086211243	0.906657435633703	1	DOWN
ANKDD1A	0.573388986941534	0.120141261116783	0.238357647164341	1	UP
SAMTOR	0.281317482796864	0.0160077154794071	0.0464419787980149	1	UP
MAGED1	0.147441600374306	0.0127402809030616	0.0382308986541641	1	UP
POLR3E	-0.0841365739066911	0.439575308950352	0.608458121613174	1	DOWN
EXOSC5	-0.473858472862881	0.189156216154783	0.335192701367599	1	DOWN
FHIP1B	0.979146188406233	2.54820823869937e-17	4.7637978340808e-16	1	UP
FAIM	-0.04657159804758	0.794725981760324	0.879724361653759	1	DOWN
CIPC	0.076018133828207	0.726777572095817	0.838000693717119	1	UP
SHISA4	0.161522442179372	0.336115318307543	0.505800527425003	1	UP
PRMT6	-0.00561217487860593	0.96841462341612	0.981746697735929	1	DOWN
MT-ATP6	0.437857135289473	6.57071334097462e-08	5.53664014521424e-07	1	UP
CAPZA2	0.245839862018187	7.71081567424725e-05	0.000407418637325583	1	UP
LCA5L	-0.358276518167094	0.587094133712408	0.734108966537857	1	DOWN
PRRG1	0.327623054398443	0.646946027784301	0.78306533608434	1	UP
TSPAN18	1.72314931346162	0.0237995620286644	0.0645267299955402	1	UP
FRAT1	-0.879520220472814	0.118667586358306	0.236077270162979	1	DOWN
PTPN20	0.0406542523814156	0.92710189186208	0.959274338130572	1	UP
KLF6	0.398244801035706	0.00770787653215432	0.0248964067425485	1	UP
SHLD2P1	0.524927436437096	0.000101106401956325	0.000524251386677737	1	UP
SYT15	0.235470917614246	0.331420941917967	0.501034540154269	1	UP
AGAP9	0.288126461937113	0.242795015640718	0.402043173028992	1	UP
LINC00865	0.37308340296185	0.46103485037319	0.627759787312067	1	UP
PPIAP30	-0.0739370456120376	0.853405428860609	0.917003584855691	1	DOWN
CLCN4	-0.509571691921504	0.0817998440595273	0.176500540314619	1	DOWN
NFATC3	-0.193036390372906	0.264355287515452	0.427267448818454	1	DOWN
QRSL1	-0.358351376462491	0.00354333514815634	0.0126431447471623	1	DOWN
LOC100421100	0.356461098201955	0.176640316577877	0.318243263292221	1	UP
GCAWKR	-0.78376009381001	0.30802776380756	0.475250205163166	1	DOWN
UPF1	-0.0673098694964141	0.380434028252007	0.550425725097092	1	DOWN
RGMB	1.09206808188927	1.01298144882776e-96	2.43976581950166e-94	1	UP
FAM53A	0.272930210271039	0.58348577661942	0.731686303187022	1	UP
FAM174A	0.506043579878156	0.007501585214635	0.0243061452772848	1	UP
PPP2R5E	-0.252210882863954	0.000624030758895416	0.0027244315700295	1	DOWN
TLR6	-0.532095800798444	0.190726484349161	0.337321124630696	1	DOWN
SRP14P2	0.59907834008517	0.351462597876832	0.521599839052145	1	UP
LOC107985020	-0.570598818752558	0.0928093603693678	0.195053529188152	1	DOWN
ARHGDIB	0.863022411867962	6.59823324140862e-09	6.34404980516274e-08	1	UP
MGP	1.02678991491564	9.69380082569523e-05	0.000503903294000438	1	UP
CDK4	-0.38557997558495	2.67811262875183e-06	1.84468091506638e-05	1	DOWN
BLOC1S1	0.0896617548281949	0.461418172449887	0.628163354693671	1	UP
SMARCD3	0.27571414093049	0.0322425404513429	0.0827302826815263	1	UP
ACSL4	0.222033718400458	0.00225383433518372	0.00851730124940898	1	UP
EMD	-0.0865753357438545	0.441124398979685	0.609497940159639	1	DOWN
GRIN2D	0.117531769436926	0.808092512967394	0.888041437634358	1	UP
RSF1	0.230392731411721	0.000632665589596027	0.00276046208793846	1	UP
LINC02035	-0.409934109527924	0.00202607484872981	0.00775334121104323	1	DOWN
ZNF28	0.405177149409637	0.0173382771966334	0.0496542694745441	1	UP
COL8A1	-0.195283794966702	0.165145355992466	0.302588505064933	1	DOWN
NXPE3	-0.455581170051299	3.52204506851831e-09	3.47895237765947e-08	1	DOWN
NSD3	-0.0545058384035136	0.368271285281257	0.538489157502727	1	DOWN
ARHGEF11	-0.13867632240536	0.0415378988017198	0.101999010294588	1	DOWN
XPA	0.184827526543031	0.228464772571016	0.385199443288269	1	UP
NCBP1	-0.157558351249459	0.0268615986557706	0.0713314499359667	1	DOWN
TRMO	0.0238329543868476	0.907270110979131	0.947186849715317	1	UP
RABEPK	-0.385807600775717	0.0105348054591823	0.0325574152460743	1	DOWN
ANP32B	-0.603016233036528	3.16216669892845e-16	5.49236429882392e-15	1	DOWN
PITX1	-0.787256902000651	0.0106798343797359	0.0329562858470133	1	DOWN
DDX5	0.381854510810557	5.36370333353008e-09	5.1985832912705e-08	1	UP
UTP6	0.166518812069402	0.0691482023179154	0.15359063505936	1	UP
SENP5	0.308133815676415	5.82873088949127e-06	3.78736466205208e-05	1	UP
KLHL15	-0.342293380020312	0.0067881296626221	0.0222539160060236	1	DOWN
MAST3	0.33414236120088	0.00715243280041964	0.023300226870799	1	UP
MAP4	0.0486677345677362	0.431646773442806	0.600366063830226	1	UP
CYB5A	-1.56574870233712	1.36527169872299e-18	2.79851649904198e-17	1	DOWN
SLC24A1	-0.402491977797698	0.060083140049296	0.137365101614245	1	DOWN
RNF208	-0.219523006032714	0.626997975451096	0.765783277826554	1	DOWN
MTMR4	-0.250615994494916	0.0126358537711428	0.0379627282425748	1	DOWN
RAD51C	-0.719475285245969	0.00380107574478388	0.0134511801632823	1	DOWN
MSS51	0.483596681050239	0.0617710189959261	0.140558827155456	1	UP
MTND2P28	0.23293800283479	0.000713323270527355	0.00306336837515329	1	UP
PPP3CB-AS1	-0.191990547982774	0.419908797344009	0.588907417548357	1	DOWN
NUP54	-0.520351935129318	1.40446951473841e-05	8.53848925430575e-05	1	DOWN
BMP2K	-0.118275770616708	0.128859603310047	0.250772147773862	1	DOWN
G3BP2	0.122550956866469	0.246491182283432	0.405838449946209	1	UP
SEPTIN11	-0.0369820931360957	0.91929060247005	0.955250485100647	1	DOWN
RNF103-CHMP3	-0.0881537614207806	0.896550932905902	0.941026839876757	1	DOWN
MOB1B	0.438781024214769	1.09280291936558e-08	1.01818794247273e-07	1	UP
RASL11A	0.300292975878979	0.329959633880533	0.499240568443889	1	UP
ZNF407-AS1	-0.46718465540412	0.0645643106935663	0.145624918656583	1	DOWN
AFF1	-0.227157956195322	0.000492856281246818	0.00220026756882847	1	DOWN
MAPK14	1.27982820426169	2.04081188604768e-05	0.000120670100512582	1	UP
TOMM20	0.191487952574133	0.00135952176658251	0.00544826651383357	1	UP
RPS2P47	-0.241968355797022	0.484155952166573	0.647888738995508	1	DOWN
STXBP5-AS1	-0.252577905835053	0.522304226368394	0.68083036641675	1	DOWN
SLF2	-0.622702699515335	7.63053769247307e-16	1.28969473911027e-14	1	DOWN
ATXN7L1	-0.473482958526603	2.33785855100703e-05	0.00013683432126611	1	DOWN
OGFRL1	-0.514741736526924	4.19517958000177e-13	5.80694828645647e-12	1	DOWN
MSRB2	0.222984418612946	0.0680153973354497	0.151540318670149	1	UP
ICAM3	-0.536589376355259	0.113390853467522	0.227933123307715	1	DOWN
RALGAPB	0.263951216467943	0.000150036741319164	0.000752318164053865	1	UP
ZFP3	0.153201966969202	0.417086386777124	0.586556066983012	1	UP
EIF3E	-0.127579900811036	0.0984342374590081	0.204437074665152	1	DOWN
TMED5	-0.496197760708658	2.77637074647465e-08	2.44791541533284e-07	1	DOWN
CREB3	0.28181788996641	0.00230684631625864	0.00869489726558519	1	UP
LOX	0.546008484603156	2.72026528558938e-08	2.40431520746496e-07	1	UP
DR1	-0.298154585664982	1.13622414384319e-05	7.02892769806419e-05	1	DOWN
ABCB1	1.13347928909724	0.0113913751554724	0.0348265983326517	1	UP
FBXO45	-0.349056149258069	0.00823727104523399	0.0264173998834169	1	DOWN
NOP9	-0.123141358056683	0.114823745627842	0.230077363847469	1	DOWN
C1orf220	-0.240273163755252	0.748468155084394	0.850925443247941	1	DOWN
TIMP3	-0.360345386993645	5.97400421870206e-07	4.47771446911118e-06	1	DOWN
RBM33	0.27751727362606	0.531144676624979	0.687772792227393	1	UP
ZNF470	0.0212552028533546	0.85724438767427	0.919334964473535	1	UP
SERTAD1	0.484752702651255	0.0144874819157477	0.0426045179414876	1	UP
GALK2	-0.49615633433371	2.91242939543345e-05	0.000167013957116702	1	DOWN
LINC00607	0.534104745752186	0.389904635368665	0.560313433344529	1	UP
ANKRD34B	5.46095165166474	3.06141075858923e-06	2.08779834225451e-05	1	UP
ZMYM6	0.21304677881692	0.028794217073382	0.075490247289374	1	UP
DTL	-2.62507855906407	5.36156957053216e-45	3.24184275580587e-43	1	DOWN
DDX28	-0.165620140192278	0.465759224682749	0.631870686809088	1	DOWN
SLC22A13	0.802168543559112	0.16098275510403	0.297232921018895	1	UP
NUDT7	-0.520021262673001	0.185496859340957	0.330532073284361	1	DOWN
CNIH3	-0.547890425458535	0.194087309423303	0.341876610004407	1	DOWN
PCGF6	-0.201512606688878	0.441476887188139	0.609805247252514	1	DOWN
WDTC1	0.115936637397641	0.512503208851757	0.672800133640692	1	UP
OPTN	-0.00857062428802725	0.878822233361386	0.932610207468765	1	DOWN
ITIH5	2.40620441123054	0.00297392144688331	0.010852560310331	1	UP
TMEM185B	-0.29061554708989	0.0206780544210614	0.0575093465047649	1	DOWN
CD27-AS1	0.527875531086102	0.000662870984355251	0.00287144742053889	1	UP
S100A11	0.218873148466824	6.6610671972345e-05	0.000355724619612845	1	UP
AFMID	-0.269381088435296	0.254081079660792	0.415086014144504	1	DOWN
CDK3	-0.413762967454119	0.492644158572436	0.654951096992733	1	DOWN
ATF7-NPFF	0.21612768028408	0.594206553496509	0.739028222181448	1	UP
LOC101927855	0.359483743444567	0.536048023902781	0.691500870970797	1	UP
NBPF20	-0.196740911870373	0.254089743348023	0.415086014144504	1	DOWN
PCCB	-0.169849177775227	0.125815549654957	0.246563670743665	1	DOWN
LAMP1	0.393491871190121	0.00420720330553342	0.0147240382952298	1	UP
UGP2	0.550395879568604	2.53904726536637e-11	3.04496033458999e-10	1	UP
HYAL2	-0.289286595954883	0.0848147526496072	0.181417701382397	1	DOWN
TAPT1	0.120453805089467	0.24556672162232	0.404823715966706	1	UP
TMEM169	-0.369859226621379	0.582845723805708	0.7315184605451	1	DOWN
FAM223A	0.064750156629201	0.914976984763895	0.952274570170907	1	UP
RFWD3	-0.232687022296933	0.00580036299721849	0.0194255030527936	1	DOWN
TMEM183A	0.229749223971474	0.00487622703728487	0.0167577543200484	1	UP
COL4A1	0.179407721036269	8.42734008960866e-05	0.000442205851978703	1	UP
MIAT	1.77247033256087	1.88193128985505e-05	0.000111870790085131	1	UP
ZNF260	-0.0657566778372846	0.791682568907244	0.878359706390664	1	DOWN
ZNF430	0.131799858752702	0.285929015591773	0.451827250335343	1	UP
NRBP1	0.256137392654716	0.00307273689317989	0.0111456126614816	1	UP
ZFR	-0.189806131613905	0.00701177959049669	0.022878127537202	1	DOWN
MAGEF1	-0.423659240972166	0.000694424787316182	0.00298931563941202	1	DOWN
TNIP3	0.831579225732537	0.245264904887813	0.40455691593811	1	UP
PSG8-AS1	-0.469744099732501	0.0437933727400759	0.106416349330223	1	DOWN
PAK1	-0.0250541372429797	0.800104057322425	0.883208828340894	1	DOWN
INTS4	-0.118592335533188	0.292456880791024	0.459182397411439	1	DOWN
CAPN5	-0.139781096801777	0.295108015788192	0.461787323893358	1	DOWN
PGAM4	0.204288423892782	0.329173013464235	0.498602974384671	1	UP
FNBP1	-0.0437608811867962	0.554512643682253	0.707385435544866	1	DOWN
SESTD1	0.0802494494187967	0.399406209177192	0.570394221644392	1	UP
MMP10	-0.0632742759788961	0.892493394267997	0.939371703641994	1	DOWN
NR1D1	-0.589494311237446	0.000926914123664657	0.00386575353566463	1	DOWN
CHMP4A	-0.0826730923856393	0.81325667559356	0.891479346051925	1	DOWN
KIAA1191P2	0.389385647913901	0.460842911385458	0.627675863565623	1	UP
ZBTB45	0.603992937558016	0.0019963177592028	0.00764914351863385	1	UP
PDE10A	0.811174869503125	0.00902567977265234	0.0285842863016873	1	UP
COPZ2	-0.0464011564390153	0.726137855687058	0.837797856489715	1	DOWN
PRKAR2B	-1.0659704801096	9.05006303100729e-08	7.49040440212408e-07	1	DOWN
KDM1B	-0.832304391188821	2.47049312002385e-08	2.19428986339672e-07	1	DOWN
ALDH1A1	0.10741470351901	0.2132827825436	0.365713139987463	1	UP
TMC1	0.155945290785966	0.760966711643021	0.858582913019464	1	UP
ADGRF4	0.0192112333909666	0.963717692950712	0.978822348947901	1	UP
NBL1	0.218403967635298	0.627446727078328	0.766137106295642	1	UP
SLC25A27	-0.213595662552611	0.525383237192411	0.683253524178144	1	DOWN
PLAT	0.672576287248056	4.34890387493339e-15	6.99844208203368e-14	1	UP
JPH1	-0.394991464238374	0.0529748039818986	0.124215299747269	1	DOWN
IKBKB	0.216793163994365	0.00842870057526982	0.0269834187003155	1	UP
NIPAL2	0.0115604864083905	0.886595191237557	0.936511380620488	1	UP
FUCA2	0.011335300218831	0.856012728847663	0.918457143149333	1	UP
TLCD2	0.503553182997777	0.000121431316668998	0.000618542106867709	1	UP
FAT3	-0.138268204689008	0.262582909451758	0.425068401981332	1	DOWN
ARHGAP12	0.122758699615564	0.104683170846228	0.214001485627223	1	UP
LSAMP	-0.770344947138995	0.0149483562173268	0.0437844053557926	1	DOWN
AHNAK2	-0.0625037319270134	0.637890983907495	0.775417446874765	1	DOWN
CEP76	-0.465987795681077	0.0105617789921722	0.0326128778239061	1	DOWN
PYROXD1	0.597524710735195	5.01893290969502e-05	0.000275459929654397	1	UP
PAAF1	-0.330539375296723	0.0193161225059619	0.054317432639357	1	DOWN
C11orf68	-1.07994734543346	1.99563865529921e-12	2.62172492797535e-11	1	DOWN
HOXC6	-0.335084456274084	0.398484790285382	0.569450199481626	1	DOWN
WDR11	0.305972438156632	1.00525529156187e-05	6.27242841898126e-05	1	UP
GEMIN4	-0.344259557060702	0.0206694440860132	0.0574964651562997	1	DOWN
CCNT2	0.195148849024011	0.240932459340223	0.399894640667943	1	UP
PRMT2	0.0480415068493405	0.594057850449355	0.739028222181448	1	UP
OLFML1	0.428830167015006	0.102150143188469	0.210310830491034	1	UP
RBM12B	0.0399857471159471	0.796705760314532	0.881112984194881	1	UP
FGF11	0.864498985483558	4.90717172361863e-05	0.000269735787668364	1	UP
MTRR	-0.970210082126032	1.6167697473791e-07	1.29727593666715e-06	1	DOWN
FASTKD3	-0.514695862206327	0.00457611738368343	0.0158280211372928	1	DOWN
SENP3	-0.354447184521534	0.207467901966687	0.358583740141202	1	DOWN
MTX3	-0.365265048947461	0.000504389289169279	0.00224897550687604	1	DOWN
TNFSF13	0.380215443866573	0.362495070171764	0.532900941917819	1	UP
EIF5AL1	-0.343763157836696	0.00170340590482498	0.00664217990572741	1	DOWN
WASHC2FP	-0.0453465263215361	0.874185968119632	0.929888890252559	1	DOWN
LOC102724023	-0.425339211384001	0.228340890899276	0.385080431133789	1	DOWN
KCND3	-0.457412068270661	0.293474501951975	0.459928427253876	1	DOWN
ARMC9	0.0909783461436334	0.136176401896747	0.261018118738842	1	UP
EIF4E2	0.276777617656537	0.00164476538585702	0.00643783981338564	1	UP
RAP2C	0.453195878737884	1.00208746710924e-07	8.25608095051062e-07	1	UP
MRPS6	-0.830655917841232	3.50512616432686e-40	1.73467733563998e-38	1	DOWN
UBA6-DT	0.0315392187642024	0.866217527616567	0.924955107760824	1	UP
TMCC2	0.630135376548855	0.00507187186901158	0.0173189084071565	1	UP
ELP6	0.172319645712481	0.211080977758472	0.363307671461134	1	UP
HTR1B	1.84553463617709	9.6656201466822e-07	7.0615711192975e-06	1	UP
CREM	-0.0801700055238357	0.643896837184525	0.780682372191759	1	DOWN
KHDC1	-0.0464625357235777	0.877067760008424	0.932017515985127	1	DOWN
RPS2P49	0.0190034489424564	0.970149971544877	0.982524159982831	1	UP
SNX14	0.107164973616928	0.162589315613804	0.299423754292734	1	UP
NT5E	0.182707981058423	0.000395009499151732	0.00179845062137419	1	UP
VPS53	0.0512483807951448	0.649849201380887	0.784777039267588	1	UP
ELMOD2	0.180187932886386	0.0621512115310215	0.141173712328638	1	UP
AGAP5	0.387586539631161	0.110359320692141	0.222831150387331	1	UP
TRMT11	-0.0421770599634169	0.74890654775424	0.851155998552617	1	DOWN
EGR3	0.392250016870716	0.355615255953992	0.526128341964077	1	UP
DNAJC1	0.220703372711031	0.0833073314841029	0.178855184560507	1	UP
LINC02802	0.0809374358571388	0.890664844770843	0.938598240485922	1	UP
SEPTIN7	-0.794619312397364	5.72506699811719e-20	1.26309836930979e-18	1	DOWN
EEPD1	0.0657081677457769	0.729410229258199	0.839763163082396	1	UP
MTIF2	-0.299927568112276	0.00282096709102227	0.0103545327488857	1	DOWN
MIF	0.13776311819032	0.213123199323691	0.36560343701646	1	UP
SLC39A3	-0.0397951457107578	0.826837368322448	0.899678247844868	1	DOWN
HGH1	-0.238900297879952	0.433185543116877	0.602103991003868	1	DOWN
SMIM26	0.135153640712564	0.296627166794247	0.463342016508744	1	UP
RPS3AP21	0.04031400004877	0.837825979659936	0.90692308854425	1	UP
RPA2	-0.517024779170276	0.00578538848670077	0.0193843378208469	1	DOWN
PDCD6IP	0.0887472864622194	0.672769602764012	0.80083966470698	1	UP
USP47	0.264957247579841	0.000142174304298041	0.000715376347984328	1	UP
EIF2AK1	0.0177824392362044	0.842453400728589	0.909958683935966	1	UP
NAXD-AS1	-1.27067569864671	0.019373429036893	0.0544362090243323	1	DOWN
IKBKGP1	-0.230217923172579	0.433193218079525	0.602103991003868	1	DOWN
USP46-DT	-0.381735927025465	0.321260119188456	0.490442634945318	1	DOWN
VAV3	0.581245145977645	0.310251100159659	0.477723883687505	1	UP
TTC27	-0.0698156765449442	0.503135147738585	0.664000549768976	1	DOWN
GJA5	-1.28255614390154	6.8346747676959e-05	0.000364188366769814	1	DOWN
SNX29P2	0.119022662087538	0.494812391820714	0.656795616258027	1	UP
RBL2	-0.082975933218062	0.432041499020453	0.600792119163257	1	DOWN
PCDHB7	0.0852778804120944	0.886132528310404	0.936511380620488	1	UP
GLIPR1	0.750880385325034	5.74493506219814e-40	2.7952881004655e-38	1	UP
ACSS2	-0.396563347821954	0.000677104996590622	0.00292381353837901	1	DOWN
SAE1	-0.988303168889476	1.6724110892096e-48	1.16192368510423e-46	1	DOWN
ZNF341	-0.392858662876607	0.115470535298539	0.23108498900418	1	DOWN
GGT7	0.340554053360977	0.0200777682210601	0.0561315203255058	1	UP
LMTK3	1.07441002460583	0.102101201852669	0.210240021084771	1	UP
PRKD3	-0.276493899645415	0.00278868924242189	0.01025689698199	1	DOWN
DCAF17	-0.0735162266258885	0.51934864981724	0.678581133680736	1	DOWN
CDR2L	-0.124257766728506	0.227433053016923	0.384108705078528	1	DOWN
IFT20	0.126955165541293	0.400755618626616	0.571756288357511	1	UP
TMEM97	-1.21955419405171	1.05479633580898e-08	9.8595484144732e-08	1	DOWN
SRSF8	-0.402049452242957	0.00177836330408666	0.00690651118176735	1	DOWN
DYNLL1	0.528708436987637	0.00271847115351051	0.0100472190893556	1	UP
PCDH10	2.57115872338971	0	0	1	UP
TMTC1	-0.37554524963714	3.80554202314091e-09	3.74617764144478e-08	1	DOWN
ZGRF1	-1.03792366457264	1.16648402754875e-09	1.19722021889964e-08	1	DOWN
ZNF669	0.413029432536654	0.120991109576152	0.239676836803972	1	UP
HES4	1.05111008403458	0.00904262100190609	0.0286191231052442	1	UP
TPX2	-2.06662591281207	4.027136781024e-147	1.87729527814767e-144	1	DOWN
FAM86B1	-0.825983064010661	0.203946353174578	0.354034862482929	1	DOWN
MMS22L	-0.894399682986767	8.76911959558886e-18	1.69188981676708e-16	1	DOWN
FAXC	-0.0292892783213405	0.906830287444714	0.946932905835939	1	DOWN
MTATP6P1	0.640022090672668	0.560216911979558	0.712398327614977	1	UP
ABCB6	0.0969870937673136	0.539147944821507	0.693910487229747	1	UP
UXS1	-0.681844211044878	5.93109667268658e-10	6.23347476487227e-09	1	DOWN
CGAS	-0.465599916275511	0.0510342364935841	0.120689870594319	1	DOWN
SHC3	-0.926139004324786	4.47767372325625e-16	7.69403840365946e-15	1	DOWN
RNF19A	0.477302261024452	1.76112828698303e-08	1.59062905469949e-07	1	UP
GNB2	-0.380488750569363	5.65660881405907e-06	3.68546681568835e-05	1	DOWN
ABCG4	1.59658148926605	0.00603697710104696	0.020092205455373	1	UP
CCND2	0.0174682964056476	0.948434671101135	0.970127665151586	1	UP
RANBP6	0.48211117648805	9.46214672401647e-06	5.92450096658414e-05	1	UP
TASOR2	-0.357012983565858	4.99832258689567e-09	4.85421772199122e-08	1	DOWN
GABRA5	0.00172024099736684	0.987227948037895	0.992654541963235	1	UP
PPP1CC	0.0672998588719088	0.606911465458418	0.749805726882072	1	UP
ZNF630	-1.08781565330365	0.00126077535437181	0.00510778375274097	1	DOWN
CYP20A1	-0.215968357525865	0.0310325252968607	0.080137781105242	1	DOWN
VAMP5	-0.393134555163143	0.0093671160292832	0.0294718471019315	1	DOWN
TMEM150A	-0.273870360813995	0.240927096845124	0.399894640667943	1	DOWN
RNF181	0.18339458838538	0.12258618737756	0.241776033000289	1	UP
LOC124900414	1.11965811670298	0.0164855981636742	0.0475990767359153	1	UP
FGFR1	-0.358713821127066	0.00312930963049979	0.0113223969630327	1	DOWN
DDAH1	0.402607478207559	0.590191492723944	0.736579779027007	1	UP
CHMP4B	0.0280899899086747	0.720651745582961	0.834045714720822	1	UP
TGIF2	0.0582088874479248	0.760886282507773	0.858559199540863	1	UP
SH2D4A	-1.71090797568034	3.65755842804084e-47	2.39164601102345e-45	1	DOWN
INTS10	-0.479349114636908	2.36603421560312e-05	0.000138315373987381	1	DOWN
TBC1D22A	0.0169637877841151	0.900950697830322	0.943383706568074	1	UP
PLXNB2	-0.0329228752061546	0.619757627363057	0.759959055835684	1	DOWN
C1D	0.363862584940365	0.0352958505755645	0.0889847063271952	1	UP
TBC1D9B	-0.000407462211150721	0.997237983323589	0.998570385962086	1	DOWN
TAF1B	-0.0463887363838369	0.672353056793031	0.80081680131919	1	DOWN
CERT1	0.028948124045324	0.802981182706502	0.88498177785934	1	UP
HMGCR	-0.222908288687939	0.000642529864939145	0.00279843251303062	1	DOWN
SSH2	-0.0879694378861339	0.294198451540538	0.460613415299276	1	DOWN
AP1M1	-0.282878438125056	0.0266268724817909	0.0708512687238563	1	DOWN
ZNF845	-0.116613558573288	0.681802101411288	0.807070950810495	1	DOWN
IRAG1	0.453216807786208	9.81782645946889e-15	1.54382383205424e-13	1	UP
TMEM38A	0.329789019648681	0.421203347795874	0.590035825804399	1	UP
IFT172	-0.339308764980249	0.00213370850585428	0.00811000042559185	1	DOWN
PRKAG2	0.236398595071945	0.0150693157352596	0.0440782918063623	1	UP
RHEB	0.162254743911253	0.0452893726558551	0.109480883949442	1	UP
SUPT4H1	0.129671866256847	0.218048834176432	0.371889968450799	1	UP
RHOBTB2	-0.729264845858201	6.73924975122349e-07	5.02782127800365e-06	1	DOWN
DLAT	-0.0307942145753674	0.870998405833941	0.927956204858912	1	DOWN
DIXDC1	0.718345314984349	3.9933603730215e-11	4.71086128575785e-10	1	UP
ENKD1	-0.0504598429505976	0.860963005850907	0.921451838724682	1	DOWN
DOCK1	-0.515448920575721	2.01466152151059e-15	3.34258021209524e-14	1	DOWN
C12orf60	0.355021904766637	0.411823951774223	0.581370415315219	1	UP
NEK7	0.639299135319119	2.20920759582686e-18	4.42178102040083e-17	1	UP
NUBPL	-0.0207609413187333	0.900790105224169	0.943383706568074	1	DOWN
RBM43	-0.115207142343712	0.487612771972439	0.650585556991387	1	DOWN
PRKCH	-0.678496198072401	0.199496189388983	0.348389055330537	1	DOWN
PCNX1	0.51127870182698	0.000208485919765254	0.00101135616869006	1	UP
ILF2	-0.228513519501076	0.0431746791266191	0.105320271448139	1	DOWN
RIT1	0.610534821452128	3.44064820495539e-13	4.79467764800485e-12	1	UP
INTS3	-0.0826045838205322	0.342336675511527	0.512228960221275	1	DOWN
LOC100996361	0.237773252227968	0.587580589858794	0.734392191962511	1	UP
IFNGR1	0.0334804441684283	0.775166701150284	0.86715699011633	1	UP
DEPDC1	-1.90923343098689	5.17981663302924e-40	2.53740780216629e-38	1	DOWN
CCDC15	-1.60459965918228	3.74835611305779e-08	3.25525806429075e-07	1	DOWN
EI24	-0.0977283385062125	0.24373583508765	0.403185273907009	1	DOWN
B3GAT3	0.30872537563616	0.0143557464944452	0.0422945754518303	1	UP
HID1	-0.113499701196825	0.691323583555087	0.814339509777842	1	DOWN
MRPL58	0.044633711928526	0.831068315763863	0.902529231220994	1	UP
ATP5PD	0.121940991158741	0.0728748591056216	0.160633707891296	1	UP
ITM2B	0.363700948924446	0.000310733552439589	0.00144572136712959	1	UP
SFT2D3	-0.409310448487141	0.0676615261952542	0.151054644685249	1	DOWN
ALKBH3	0.205181694590888	0.175646297068099	0.316966113752635	1	UP
ADSL	0.109550140653318	0.24441708209875	0.403849903202497	1	UP
NOLC1	-0.553756313675761	1.93844758702404e-08	1.7453274816252e-07	1	DOWN
ZCCHC24	-0.645526119804561	5.53461740956886e-18	1.07645701461211e-16	1	DOWN
EEF1G	0.113038590934095	0.187005963550854	0.332687822143714	1	UP
NUDC	-0.187676995406589	0.0184879186404032	0.0524580624921395	1	DOWN
YIPF3	-0.0439678833524178	0.637745170161337	0.775320444195283	1	DOWN
ZBTB10	1.74087827203014	0.018286584311287	0.0519991007245983	1	UP
LNPK	-0.386546201194625	0.000253703042260538	0.00120600745516679	1	DOWN
LINC00654	-0.555952212837734	0.00203183798620765	0.00776980437647175	1	DOWN
UBA7	-0.0412323228766788	0.713559096069973	0.829170207786335	1	DOWN
SORT1	0.402269536124095	5.84592231891885e-16	9.96943459655275e-15	1	UP
TSEN54	-0.177219083403825	0.485784942429402	0.649165729891556	1	DOWN
ARHGAP27	0.247699758026963	0.24531342584914	0.40459076888221	1	UP
UROD	-0.00834954635923191	0.936003997350764	0.963786687768075	1	DOWN
TMEM17	0.238615292328662	0.323194216157992	0.492555088678549	1	UP
RECK	0.236160213652231	0.000196648974009034	0.00095843990671317	1	UP
CLTA	-0.0337437743341816	0.695897253659519	0.817786140138445	1	DOWN
TMEM192	-0.103287672806207	0.148453646306017	0.279409174624675	1	DOWN
MIR4435-2HG	0.190965309238329	0.0305824303838123	0.0791451829291675	1	UP
LOC100421468	-0.183363712006905	0.725659116004817	0.837445260240318	1	DOWN
SIMC1	-0.100840728241549	0.747545185563577	0.850800807707564	1	DOWN
WDR6	-0.598264941365446	0.0321202843203323	0.0825044843073448	1	DOWN
CDHR3	-0.68986656711709	0.000890234835117889	0.00373216814687804	1	DOWN
TGFBI	1.06947339224517	1.14463912971357e-10	1.2902636554985e-09	1	UP
FAM53C	0.0925574107308638	0.256583703388194	0.41827093751295	1	UP
ZNF169	-0.199839093450828	0.488971508788582	0.651736512959214	1	DOWN
ETF1	-0.0556448427950027	0.604303498518292	0.747862452435372	1	DOWN
HRH1	-0.658698863500925	0.0187416073843905	0.0530736759380418	1	DOWN
RPL31P46	1.30382705515225	0.00994041909453553	0.0309721854970101	1	UP
WNK3	0.449502881351658	0.0153382494619843	0.0447422371770559	1	UP
SDHAF3	-0.208743653360596	0.463227010427814	0.629795232636404	1	DOWN
APOL3	-0.137781630939902	0.590251089435491	0.73659054347429	1	DOWN
CDC42EP1	-0.137762124915015	0.12284552131636	0.242155316947581	1	DOWN
KAT2A	0.126334303406784	0.338998355644877	0.509116079103491	1	UP
LINC00632	0.44645806897039	0.473475625458103	0.638860528804393	1	UP
ZNF579	0.167974307965428	0.359526819073933	0.529830926212259	1	UP
TCIM	2.52689908422106	0.00339898468649297	0.0121671359188779	1	UP
PNMA1	0.105329380663259	0.359373220647554	0.529738759686367	1	UP
MAMSTR	-0.546237366917696	0.192505137465324	0.339718608302277	1	DOWN
PM20D2	-1.06244789024231	1.29805758687971e-26	3.89174900165948e-25	1	DOWN
SOWAHC	0.260140724547238	0.0474617967641202	0.113818523902805	1	UP
ZNF770	-0.0749572741149422	0.259867006369829	0.421900697567734	1	DOWN
DGKZP1	-0.312927677726968	0.017504720765285	0.0500813145474428	1	DOWN
SDC4	-0.992328486657528	5.08774433515232e-44	2.97663940839215e-42	1	DOWN
ERCC3	0.126875734119454	0.24663572711002	0.405987653305123	1	UP
EDC4	0.354628215744332	5.15278766973122e-05	0.000281736415494839	1	UP
TSPAN17	-0.873572602447023	0.00424241560405149	0.0148371606713814	1	DOWN
SLC35G1	-0.15756939489586	0.317216299068486	0.485500184054087	1	DOWN
TRIM41	0.00749880051279855	0.953374196433789	0.972760750735345	1	UP
FAM193B	0.110506205148653	0.479555158847824	0.643865294559774	1	UP
HIGD2A	0.156384060608157	0.1754821907781	0.316788649460877	1	UP
RFXAP	1.1595770920038	8.39268316797295e-09	7.94254515130171e-08	1	UP
POSTN	0.452645310849437	3.41049089353744e-16	5.90947288998915e-15	1	UP
TPT1	-0.0502853764813685	0.701944884462504	0.821493266939395	1	DOWN
GPALPP1	0.0704518689515426	0.564871523073226	0.715797823564643	1	UP
RFC3	-1.7529960315948	1.13591161833816e-24	3.09718090501976e-23	1	DOWN
MRPL52	-0.0467841060076138	0.730292219778065	0.840309966399619	1	DOWN
SMPDL3A	0.169418375987666	0.29373332548761	0.46008457474761	1	UP
LRRK2	-0.489363360188252	0.000176554879059177	0.000869595963627869	1	DOWN
ARPC1A	-0.36714449650607	2.26146210341903e-06	1.57495849910884e-05	1	DOWN
IDH3G	-0.356736103088195	0.00286037176657892	0.0104778789350651	1	DOWN
NEK3	0.11031753197015	0.518262978033174	0.677546156370093	1	UP
POLR1H	0.18264687020567	0.337086093629173	0.506997412472438	1	UP
RPS6P1	0.140892474919692	0.536335010829033	0.691500870970797	1	UP
RAB6D	-0.137462152164441	0.803841911676049	0.885145299651353	1	DOWN
CEP95	0.27033194907076	0.015083812299541	0.0441068740470795	1	UP
KCTD3	0.0770719127981056	0.409309922075822	0.579839004403265	1	UP
VPS45	0.10151828142818	0.439765416268158	0.608546397633932	1	UP
RPS10-NUDT3	-0.153928798688161	0.804749196817633	0.885714443504312	1	DOWN
ZNF287	-0.0996734801430981	0.70276358622605	0.821852924217257	1	DOWN
NDUFA9	-0.0647551744084756	0.483155857538432	0.647088535429831	1	DOWN
PSMG4	0.00794184330590631	0.971787622700351	0.983424575325124	1	UP
CLSTN3	0.658669912670002	7.6072728325216e-08	6.35449131229882e-07	1	UP
DROSHA	-0.0142062912248498	0.861858157439194	0.922024891409075	1	DOWN
PITPNA-AS1	-1.18140403125018	0.00114024662864479	0.00465866667530276	1	DOWN
ARRDC3	1.50510087303585	7.43051206216224e-48	5.01767896309844e-46	1	UP
BTF3	0.0854209562395285	0.149612774426345	0.281187957242179	1	UP
SLC30A5	0.00318939407978172	0.967994221234946	0.981510278632206	1	UP
FBXL17	-0.104009456058172	0.299446936218455	0.466053599923844	1	DOWN
ZMIZ1-AS1	-0.603245138562909	0.0189246598882837	0.0534977034517973	1	DOWN
AMPD3	0.219628359130906	0.204640316985659	0.354799906509869	1	UP
LYVE1	0.853198316569896	0.067443422793626	0.150777367387173	1	UP
RAB29	-0.164527610328168	0.28437179772724	0.449963002452804	1	DOWN
TNKS2	0.27867882522531	5.27660309532139e-05	0.000287744118228262	1	UP
LINC02612	0.429210912786304	0.482440620579667	0.646490115726703	1	UP
TMEM168	0.0675139053901643	0.683051218898011	0.80802006911388	1	UP
TYSND1	-0.658444229931383	0.0360356670638051	0.0905969771640653	1	DOWN
JRK	-0.522366540187958	0.614603787083235	0.755819872958883	1	DOWN
LRRC37A15P	0.650726337405169	0.0236717046820968	0.0642524050264803	1	UP
RPL18AP6	0.0835167778087109	0.609863254217488	0.751973881117485	1	UP
RPL21P28	0.325964608358243	0.21188087932443	0.364337290232906	1	UP
TMEM109	-0.0602902958325012	0.603216982915623	0.746581759173832	1	DOWN
CCDC86	-0.255357306026419	0.0115284748308059	0.0351176201053912	1	DOWN
PRPF19	-0.399034576860726	3.0651759980502e-06	2.08938011074639e-05	1	DOWN
PNRC2	0.320743219214067	0.000108400569547212	0.000558266796338831	1	UP
LYPLAL1	-0.110153647556082	0.582430935037315	0.731124864682439	1	DOWN
SETD5	0.140261288867	0.290135649130984	0.456577400151568	1	UP
NEDD9	0.888110672547593	7.50583252976526e-11	8.60164836539554e-10	1	UP
SMIM8	-0.152389413988189	0.440674957946071	0.609119887902195	1	DOWN
REPS1	0.308103448386368	0.0104182665927793	0.0322455280643079	1	UP
TVP23B	-0.41207959762533	0.0860847081594512	0.183563541037661	1	DOWN
CLINT1	0.33289127694793	1.53761463458659e-06	1.09296945816089e-05	1	UP
SMOX	0.412735659503142	0.0137495131225425	0.0408499617873893	1	UP
IL7R	-0.0978723568649647	0.335218829220982	0.505135276441336	1	DOWN
ZNF600	0.499979402361984	0.00194248191757249	0.00746762601512106	1	UP
CYP11A1	-0.101471964861666	0.882215807274241	0.934190710846344	1	DOWN
BTBD8	-0.178372853408041	0.682088875211955	0.8073442817338	1	DOWN
LINC00994	3.31268246798371	0.000491274869212367	0.00219388539400121	1	UP
P4HA3	-0.527007731955206	0.226051497825579	0.382424513589024	1	DOWN
BMPR1AP1	-0.515098452401276	0.0567773926296438	0.131383522960926	1	DOWN
STK24	0.00522387950076122	0.95718457509146	0.975133894582072	1	UP
ACP5	0.339215142596937	0.191388711006867	0.33823630460563	1	UP
ZC2HC1C	-0.830027320620715	0.0565939522544758	0.131084982213404	1	DOWN
ASXL2	-0.029344852163584	0.691289401586913	0.814339509777842	1	DOWN
SLIRP	-0.0498406299225869	0.6827654884345	0.807873481666371	1	DOWN
RBM25	0.239969659853049	0.00413859904885009	0.014509193317548	1	UP
RITA1	-0.361496939058397	0.00388958163414441	0.0137160429953687	1	DOWN
NDUFS1	-0.0816646619166448	0.210565562267915	0.36255009416581	1	DOWN
CDKN1B	-0.0692179407573128	0.776529278546738	0.868076475924724	1	DOWN
ACAD10	-0.31422043831612	0.0376316496878352	0.0940043162729311	1	DOWN
PPT1	-0.306046269930233	0.000237652038911071	0.00113681218613171	1	DOWN
DPP9	-0.299993870713189	0.014451460674613	0.0425158913291597	1	DOWN
KCNK1	0.217458011504337	0.397122717813818	0.56808754653806	1	UP
CAP1	0.584006296130864	1.27586485456851e-12	1.70559879864658e-11	1	UP
DPH2	0.0363578055281961	0.893835169385481	0.940066903630049	1	UP
MMACHC	-0.573612125665602	0.000383983372636796	0.00175266699872847	1	DOWN
CACUL1	0.115408105076809	0.0553268303094519	0.128769209985809	1	UP
BEND7	0.151654467288731	0.775072158578314	0.867153707096325	1	UP
SLC13A3	-0.068230275025008	0.774470545199938	0.866713687654635	1	DOWN
FAM83D	-1.95628223951349	5.38038857518104e-25	1.49523067884502e-23	1	DOWN
TMEM216	-0.200924408949395	0.419997370693601	0.588962800359693	1	DOWN
PLCL1	1.7576381795737	2.6793786964376e-07	2.10547588592821e-06	1	UP
LSM3	-0.974596132364966	1.82280261142066e-18	3.66870759577158e-17	1	DOWN
PTGR3	0.182918095311437	0.120261232739137	0.238525264111072	1	UP
INHBE	2.39035761415173	0.00224717065490013	0.00849656282939869	1	UP
MAPKAPK3	-0.241552053666347	0.216772498954143	0.370106259733734	1	DOWN
ACVR2B	1.84506751546669	0.00547279171157501	0.0184869829415546	1	UP
CISH	0.754645745704928	0.248708556245107	0.40814073884829	1	UP
HEMK1	-0.367058146026802	0.242944291861126	0.402116858603114	1	DOWN
CXorf38	-0.211994440283372	0.106844568067436	0.217221560655954	1	DOWN
ZNF585B	0.00148970991483395	0.996101726240158	0.998104704333416	1	UP
PCDH19	3.7112744289425	1.94360997706669e-17	3.657175492004e-16	1	UP
PIGA	0.481814297512582	0.00936176805309269	0.0294678523492142	1	UP
HAUS2	0.0362042703730893	0.922880628074396	0.957466290207703	1	UP
MBNL2	-0.458186904602319	0.0192906997398309	0.0542603374775555	1	DOWN
SAP30L	-0.462753451144226	2.91039649068649e-05	0.000166963635120724	1	DOWN
GALNT10	0.177074868304047	0.0352022644837461	0.0888186786617828	1	UP
WDR12	-0.593263884458903	1.33024033297905e-08	1.22207902427719e-07	1	DOWN
ABI2	-0.0545835997006339	0.651111049463306	0.785671824966119	1	DOWN
ITGAV	0.922590356219376	4.7959818786412e-60	4.55965356106868e-58	1	UP
MRPL20	0.0679546464182412	0.500808490414759	0.661823712375164	1	UP
EIF3J	0.00501330809196218	0.962735114315896	0.978436728701738	1	UP
SPG11	-0.142742899402435	0.0556877727374111	0.129484151862965	1	DOWN
PRELID2	-0.117899953655117	0.422468627051394	0.590947075045731	1	DOWN
CCDC120	0.141441803788109	0.63014246213315	0.76823447522832	1	UP
BACE1	-0.210065561954	0.00139404119575656	0.00556192416341194	1	DOWN
ZNF569	0.0265239396430646	0.895510699815496	0.940618194725522	1	UP
NPIPB15	0.268376358645368	0.346931163475536	0.516642852780809	1	UP
EFNB2	1.18439392154287	3.28687206609147e-32	1.25326090308939e-30	1	UP
SLC35C1	0.0851987962034029	0.410286070312417	0.580332878396431	1	UP
CHURC1	-0.220260843674027	0.0926626456935831	0.194773511697159	1	DOWN
ZNF608	0.400674099824173	0.17728627288971	0.31908879431177	1	UP
SMIM10L1	0.027702967566142	0.82520002725661	0.898708688965655	1	UP
SATB1	0.978730262333157	7.21697339510956e-13	9.79272136457542e-12	1	UP
ABR	-0.131598330312191	0.0985011242073337	0.204546593752002	1	DOWN
ZYX	0.580584420932578	1.69229758128767e-06	1.19644776649648e-05	1	UP
ATP9A	0.418686109391762	0.141240911603472	0.268668212923756	1	UP
CCNJ	0.280018140179268	0.053797723974072	0.125858978330794	1	UP
MBD4	-0.185178792140674	0.388763375876006	0.559022776691842	1	DOWN
RPL19P9	0.046628656909575	0.843914627434896	0.910920995000126	1	UP
PPFIBP1	0.564442814583165	0.000797305712084592	0.00339277527836703	1	UP
PRPF40B	-0.0413260140513964	0.803931281573008	0.88515131047707	1	DOWN
ST7L	0.015780404704399	0.909739361605574	0.948873584594886	1	UP
TGFBR1	0.545333489251571	0.265572400302554	0.428563568595445	1	UP
IL1RAPL1	-0.758010952821091	0.0612981094483255	0.139697047727133	1	DOWN
LIN7B	0.421779917627125	0.201605957920616	0.350759414629283	1	UP
ZNF860	0.0721739327886658	0.896198216955071	0.94086163699366	1	UP
PPP1R37	-0.464694633192917	3.57482087787024e-05	0.0002015596430203	1	DOWN
DACT3	0.37643131070844	0.0441224115725292	0.107125834952053	1	UP
ADARB1	-0.393659277094733	0.164050312324341	0.301307964336433	1	DOWN
MIPOL1	0.207611490827216	0.165760530705194	0.303446342693281	1	UP
MBIP	-0.375560563025578	0.00817981280018491	0.0262739441599182	1	DOWN
FBLN5	0.844601726343883	9.15386662297616e-27	2.76741687382068e-25	1	UP
AARS2	-0.518793185123766	0.000560087624671118	0.0024759333937358	1	DOWN
CCDC157	0.60540062376128	0.28258470042257	0.448061389708861	1	UP
PABIR1	-0.582814639139843	6.64996887634302e-05	0.000355263217123967	1	DOWN
SEMA4B	0.922716821582506	0.0131836869651645	0.0393387281300005	1	UP
DET1	-0.172598811305676	0.431567995072741	0.600364757103984	1	DOWN
MFGE8	0.283216570173505	0.00438147474204393	0.0152570340957294	1	UP
ZNF710	-0.23346710535337	0.136841579410806	0.262059059642931	1	DOWN
KLHL23	2.05071705515758	1.26329606795023e-10	1.41738287872273e-09	1	UP
CERCAM	0.258052646161131	0.00760335982255696	0.0246028107469258	1	UP
SELENOH	0.227943664142234	0.0348359864475957	0.0880095874395464	1	UP
STK38L	2.44887145073349	7.58066196933493e-34	3.04083694346152e-32	1	UP
AKR7L	0.411707838805896	0.502430182393781	0.66333203653577	1	UP
SACM1L	0.154011877668186	0.0639096126255863	0.144417894803877	1	UP
PRKD2	0.132949033938442	0.34191799943227	0.511708472431207	1	UP
TMEM178A	0.987958499618725	0.0906520866774749	0.191270740922206	1	UP
SLC1A5	-0.0680286518738903	0.706179059344189	0.823616736170912	1	DOWN
DHODH	-0.466244670124939	0.129931496805382	0.252133753234131	1	DOWN
NPTN	0.367913985817413	0.000191775830820245	0.000936900788094442	1	UP
CDK2	-0.430993677837665	0.000185902846673054	0.000911908362957333	1	DOWN
MSC	1.00288986283564	0.00012324350980275	0.000627330736230905	1	UP
LMO4	0.773769471715895	8.96766039714537e-10	9.28307022916531e-09	1	UP
MPPE1P2	-0.341558313505284	0.402120672662076	0.573024932515498	1	DOWN
NMNAT2	-0.278107064136533	0.127562188582444	0.248738522089448	1	DOWN
MIR1915HG	0.435339309553744	0.189011050349675	0.334976537724203	1	UP
GABBR1	0.684237051282135	8.14157333554527e-17	1.46517903202945e-15	1	UP
COL6A3	0.134074846984723	0.00145993695039573	0.00579125689546217	1	UP
UQCR10	-0.0399696007791363	0.823589358692525	0.897631029675366	1	DOWN
PRKAA2	0.986873199897377	0.000580017090478004	0.00255621438685503	1	UP
NOL9	-0.340306136052277	1.43420182063623e-05	8.6936453481603e-05	1	DOWN
PLPP3	1.10251273607311	4.8880873273784e-09	4.75354979595863e-08	1	UP
ALDH1B1	1.63214158679245	8.54332764071908e-187	5.36780990156658e-184	1	UP
UNC13A	-1.27532834100424	0.0367783803125509	0.0921755764649104	1	DOWN
FCHO1	0.168538098580097	0.64648051775273	0.78256742855124	1	UP
RABEP1	-0.0854761822235493	0.216401521586018	0.369560197168464	1	DOWN
MAP1S	0.300561203910331	0.1703754054348	0.310048480536242	1	UP
DGKI	1.45730879639965	4.6559620460819e-58	4.258437185312e-56	1	UP
XXYLT1	-0.0943930795888711	0.468630405324481	0.634158440616544	1	DOWN
CCT8P1	0.13351643865199	0.644169494638131	0.780947430118761	1	UP
DCUN1D5	0.102712331719534	0.375550172665709	0.546148288738267	1	UP
YAP1	0.550386652737209	4.81002634266378e-25	1.34188592042151e-23	1	UP
TXN	-0.0883958385218772	0.124725030451194	0.244924774432695	1	DOWN
CFAP300	0.909565754998145	0.00407774309762761	0.0143027828892759	1	UP
TRIM29	0.406147883897071	0.511364952692654	0.671671962494232	1	UP
HSPA14	-0.179623118651355	0.0866891176179236	0.184579996861148	1	DOWN
CROCCP3	-0.141364193015249	0.387367686368877	0.557665913101877	1	DOWN
ANAPC13	-0.0759922091300328	0.790106973947053	0.877485081502372	1	DOWN
VIT	-1.92420900850301	0.00054140295801316	0.00240362953801787	1	DOWN
PSMB10	-0.130575950689628	0.49426132500666	0.656244984166781	1	DOWN
AP4E1	0.318099059841866	1.01030365333842e-05	6.30120763676889e-05	1	UP
RSBN1	-0.229639888947226	0.0500853160821685	0.118867355319845	1	DOWN
RPS8	0.0787924358107907	0.151371479920568	0.283585635359809	1	UP
ADAMTS4	0.67491422126106	4.86915397783047e-06	3.20565576918579e-05	1	UP
DMTN	0.143558823374989	0.433782263273874	0.602774773496295	1	UP
B4GALT3	0.269762222497647	0.00954682615183561	0.0299524934260044	1	UP
PHTF2	0.0434231216083022	0.529194624256717	0.68641876987109	1	UP
SDCBPP3	-0.423733672060892	0.334202040158641	0.503970957146251	1	DOWN
MED28	-0.339725163560775	0.00142471931890694	0.00566867259843728	1	DOWN
ITCH	-0.21777323070728	0.203542894701647	0.353448494512557	1	DOWN
SERPINB9	0.127805822494548	0.33202867237352	0.501688241788973	1	UP
ARL6IP1	-0.897792716662777	2.18792159879302e-11	2.64804480939346e-10	1	DOWN
SMAGP	-0.456921206911323	0.0828918022138766	0.178209266775148	1	DOWN
MED12L	-0.449564482745123	0.00812331225790709	0.0261040661416534	1	DOWN
DDB2	-0.227368848896814	0.0509237384846619	0.120500891573907	1	DOWN
PCGF2	-0.18647886640913	0.360685742947299	0.53121378631588	1	DOWN
PPID	-0.0370450274241808	0.747994003916105	0.850850063363712	1	DOWN
LRRC8D	1.01584772190434	0.223943381147486	0.379613583690595	1	UP
RSL1D1	-0.0457371752084539	0.503643119058696	0.664491051407585	1	DOWN
GRAMD4	0.0970741176906175	0.534236035410116	0.690155603768023	1	UP
NBPF1	0.336885913817755	0.000191660830112346	0.00093665561581113	1	UP
RFESD	-1.09678118380514	0.0189328527026125	0.0535103959330047	1	DOWN
LINC02015	-2.15358445467285	0.000213768482022124	0.00103316666678987	1	DOWN
UPRT	0.081080790327079	0.8354180826826	0.905425568670702	1	UP
RBMX	-0.257470098028176	0.00918899011386644	0.0290124745762473	1	DOWN
PDLIM4	-0.0135508307963013	0.909641784074163	0.94884029317567	1	DOWN
KIF3A	0.674860430385682	1.59659851145912e-17	3.0278799329522e-16	1	UP
COL11A1	0.036231189261415	0.717865032798232	0.832012647406811	1	UP
SETD1A	-0.398872194008494	6.61135139386569e-05	0.000353592298270737	1	DOWN
BCL7C	-0.617054925452012	4.21735321289941e-07	3.20763006734786e-06	1	DOWN
FANK1	0.84545125396857	4.41548298948473e-05	0.000244569354852602	1	UP
EPM2A-DT	-0.889118448672053	0.280569787291922	0.445746921301183	1	DOWN
PJA1	0.380439461281277	0.00263912900607232	0.00977898801711567	1	UP
TPRG1	0.736078175886279	0.142872542440066	0.271143305845499	1	UP
SEPTIN8	-0.130279571880712	0.239615896696149	0.398239140098453	1	DOWN
NPTXR	0.0474910427774496	0.761127850973884	0.858630645934707	1	UP
CCDC184	-0.159945048587431	0.831317230227973	0.902649732814219	1	DOWN
SLF1	-0.603568405570291	3.54172897454656e-05	0.000199849767322032	1	DOWN
PCDHGC5	-0.541575124524079	0.0582347790096218	0.133834413401407	1	DOWN
NCOA1	0.158603641972257	0.0233412581865643	0.0634866407028121	1	UP
MSH2	-0.604614184498007	0.000167554465052817	0.000829222457013102	1	DOWN
SMG6	0.0732890112950935	0.523555434813041	0.681796844956588	1	UP
EXOC5	0.0607832792748912	0.369903736544892	0.540111033324263	1	UP
GPR143	-0.50161890936038	0.457288829973907	0.624837451016729	1	DOWN
ATAD1	0.407555981953694	3.2999171342294e-05	0.000187449302306404	1	UP
PGRMC1	-0.326771492611586	1.32207305361174e-07	1.0727275518104e-06	1	DOWN
CLTC	-0.234890055599432	1.28570518294227e-07	1.04556700048952e-06	1	DOWN
STAMBPL1	-0.353694240071266	0.00019591069461823	0.000955163781352241	1	DOWN
MAGI1-IT1	0.833186031535853	5.38090888269764e-06	3.52012287296802e-05	1	UP
LOXL4	-0.469175610808555	8.59753257769919e-05	0.000450155591595402	1	DOWN
GOLGB1	0.319831630023421	3.35610031702585e-06	2.27161619116349e-05	1	UP
LOC100421402	-0.216244711171494	0.146840494373882	0.276950141503128	1	DOWN
OSBPL9	-0.0646477800965137	0.352630025409547	0.522991875448652	1	DOWN
AVPI1	0.0561691367861959	0.734928807684197	0.843500290036412	1	UP
DDX43	0.163320546319009	0.81287646285343	0.891248861006309	1	UP
MCM6	-1.54697656662665	5.31359747252229e-43	2.9533383490546e-41	1	DOWN
SPATC1L	-0.232777681954687	0.195904957559271	0.344088536726315	1	DOWN
NOPCHAP1	0.0916569577801958	0.711852700799321	0.827926227706317	1	UP
ABTB3	1.10984176230991	0.0373937128008906	0.0935231124412721	1	UP
TMEM263	1.76072515051858	0.00684167986887002	0.0224091377572622	1	UP
TIMM13	0.186796722052499	0.399027178071461	0.569909245929105	1	UP
CDC34	0.321771053826501	0.00808817299753005	0.0260084975494675	1	UP
TFRC	0.243588489460065	2.00879862773905e-05	0.00011887448390441	1	UP
ACIN1	0.155928027645795	0.248990481511936	0.408556994246507	1	UP
YY1	-0.395354309556587	1.50922309413584e-05	9.11780222966431e-05	1	DOWN
CCNB1IP1	0.241593838140135	0.21577791684494	0.368843940894988	1	UP
TRIP11	-0.24280115081632	0.000408259412486553	0.00185003348066578	1	DOWN
RPS3AP6	-0.0410076959956265	0.504089678781423	0.664956636063016	1	DOWN
ANKAR	-0.113643582501667	0.600039816434746	0.744243016676553	1	DOWN
INPP1	0.428599271791272	0.0778091544812203	0.169263900558199	1	UP
ZNF415	0.495447171898808	0.0827673434472	0.178013228182094	1	UP
CAVIN3	-0.0260297783564095	0.846979023142254	0.912933084465482	1	DOWN
ZNHIT2	0.0779862766561679	0.847378404744275	0.913092410942963	1	UP
BRAP	0.0916070702433887	0.36384291031093	0.534338810660899	1	UP
RPL30	-0.291109164852709	2.44499245258903e-05	0.000142355301903159	1	DOWN
DPRXP4	-1.10032522822706	0.169554047723958	0.308981783563546	1	DOWN
RNF40	-0.623354276418658	3.96998466093597e-08	3.43534421168777e-07	1	DOWN
CCP110	-0.560048485147811	0.00010973642144189	0.000564262977108063	1	DOWN
WBP1	-0.182325660150727	0.622432321008037	0.762074851384152	1	DOWN
VPS35L	-0.351969428881872	2.32031469390882e-06	1.61283634640098e-05	1	DOWN
RAPGEF4	0.888105074354798	0.138348292324513	0.264235871247874	1	UP
SCN1A	6.73628059213581	8.55183160755913e-07	6.28598771926943e-06	1	UP
PKP4	-0.211651567029764	0.082895487596882	0.178209266775148	1	DOWN
RFTN1	-0.177004221368168	0.0348935059787239	0.0881228496438323	1	DOWN
TBC1D5	-0.907369672229935	0.000381935277037419	0.00174386941183815	1	DOWN
HACL1	-0.0432265930480198	0.759581148477893	0.857667155273467	1	DOWN
ZNF492	-0.701396173752415	0.278973214997902	0.444026079874641	1	DOWN
GSEC	-0.383227389922171	0.261701468022558	0.424120526933358	1	DOWN
CEP126	-0.452211416025027	0.00513376201302625	0.0174892747064408	1	DOWN
H2AC21	-1.90012344021961	5.74279789892778e-10	6.04436798524438e-09	1	DOWN
POU6F1	0.34523574595456	0.14711248821685	0.277318362538703	1	UP
PDLIM5	1.16673294773533	2.73093196797683e-09	2.72546256002992e-08	1	UP
TK2	-0.265636995197323	0.114216207751882	0.22924144697534	1	DOWN
GBP2	-0.544063057482503	4.28172836653419e-14	6.3331890097017e-13	1	DOWN
DNAI3	0.0416440146815447	0.875008894829975	0.930240089692339	1	UP
C1orf52	0.446346636205287	8.11250385221431e-05	0.000426459778713529	1	UP
TMEM198	-0.138921857337126	0.667342652793209	0.797335152998319	1	DOWN
C8orf33	-0.0174245300653631	0.933528002504556	0.962775703981825	1	DOWN
ABCC6	0.487388439800038	0.388094961481627	0.558379160530764	1	UP
WDR75	-0.181429522762596	0.0413083367784885	0.101521560337744	1	DOWN
MRPL19	-0.281953344455814	0.000734259180567119	0.0031448664547645	1	DOWN
LANCL1	-0.210587519164102	0.00920453573445468	0.0290425209385599	1	DOWN
EVA1A	0.136844167885434	0.441127877387701	0.609497940159639	1	UP
POLR3D	0.553063955282105	3.15929911454511e-11	3.75761576167007e-10	1	UP
FEN1	-1.66237401654812	2.10474705546249e-47	1.39521558249947e-45	1	DOWN
CAVIN2	-0.994743987634344	4.67668596685803e-07	3.54207489030741e-06	1	DOWN
PHYHIP	0.0102789864182897	0.987211729068384	0.992654541963235	1	UP
ACOT11	-0.619264464822786	0.0242326129895541	0.0655409863956665	1	DOWN
ADAM23	0.990594990174626	1.44912329305473e-30	5.03396170863796e-29	1	UP
PARS2	-0.50604164555531	0.08228652337397	0.177188476819929	1	DOWN
ZNF234	-0.0117671398638568	0.925712678986215	0.958889966599512	1	DOWN
GTF2I	-0.0059181522115042	0.929982829575862	0.960819938299793	1	DOWN
EEF1B2	0.0776616166529874	0.300626939249309	0.46753765595047	1	UP
ENO3	-0.174171933295927	0.622907463621618	0.762398217734903	1	DOWN
DST	0.195851820711687	2.43625136272343e-05	0.000141903540680033	1	UP
HIKESHI	0.111514398161034	0.468608149853395	0.634158440616544	1	UP
PFN1	0.261998276404986	0.000162451255407102	0.000806452453413958	1	UP
RMRP	0.56120943494731	3.57135126418051e-18	7.03128026139953e-17	1	UP
ACTR3	0.374285238382042	2.76134551149344e-10	3.00483463754456e-09	1	UP
MTG1	0.0439462747583126	0.737822821900317	0.84534033134714	1	UP
BRCA2	-1.93192133251704	2.41038088866453e-61	2.38578179603364e-59	1	DOWN
RCC1	-0.221397391623648	0.269860636346824	0.434071443745193	1	DOWN
SMARCC2	-0.510811952819481	5.27099865420936e-12	6.67582835687813e-11	1	DOWN
NTF3	-0.0283746571636946	0.946178516608697	0.968956448265453	1	DOWN
UBE2L3	-0.0997857508846195	0.138874670829035	0.264783174226541	1	DOWN
ZFP36L1	-2.07114998309962	2.08045885383667e-53	1.7082222100451e-51	1	DOWN
BRWD1	0.518587914572377	6.82248646971631e-15	1.08223657490527e-13	1	UP
TMEM87B	0.245692920868645	0.000196888589653359	0.000959284224234892	1	UP
MYL9	0.500372106655293	3.82657927193624e-26	1.13315362825309e-24	1	UP
CEP112	-0.147111491492235	0.253839959493444	0.414865556959937	1	DOWN
TM9SF4	-0.248927703047569	0.194602849845563	0.342575926802075	1	DOWN
PLCB4	0.954585326097862	1.56631008452252e-18	3.18799253963872e-17	1	UP
PRKRA	0.4351256666695	0.000635902591336303	0.00277239273120382	1	UP
INTS8	0.222408203076467	0.0330221512992111	0.0843115032552826	1	UP
RN7SL749P	0.00300180244864243	0.99512168900643	0.997296386670294	1	UP
ZNF709	0.668897179052806	0.227772258089653	0.384269376096083	1	UP
GEM	-0.378224145439657	0.00674870794100359	0.0221535920228849	1	DOWN
ANKRD46	1.03001342408934	4.28650145577254e-12	5.47694363725632e-11	1	UP
CYP2R1	0.41221090215811	0.105288290702123	0.2146918426607	1	UP
SLC10A3	0.491312015335696	0.122465103807336	0.241636157170919	1	UP
FAM66B	-2.03089200054048	0.0145447481823284	0.0427468285505039	1	DOWN
IL1RAP	0.491524735197851	0.0488639397866	0.116581276845989	1	UP
NCDN	-0.116706550673443	0.235388422548397	0.39347577724082	1	DOWN
NPIPA6	-0.0747080107897888	0.687871325001742	0.811331090238343	1	DOWN
CDK19	-0.689669312890807	3.0598860591136e-14	4.60608473335944e-13	1	DOWN
GTF3C6	0.186533975843685	0.0234991327848546	0.0638638066828843	1	UP
MED8	0.114500361947385	0.30234474372904	0.469019103481864	1	UP
MLYCD	-0.201158175813232	0.19745810663145	0.34591672917094	1	DOWN
PLXNB1	0.987512962107192	4.09174855538686e-26	1.20856156005335e-24	1	UP
CCDC51	0.0604418869415532	0.748411211435887	0.850925443247941	1	UP
CTR9	-0.171413125573036	0.0229152553935934	0.0625398216605889	1	DOWN
SHISA5	-0.717344763222052	0.109600026019598	0.221700724525365	1	DOWN
BRICD5	-0.482010323256478	0.209240363276193	0.360870329359621	1	DOWN
FRMD4A	-0.0857309480617428	0.332313149959176	0.502013101616146	1	DOWN
RPL5P30	0.670785375185577	0.250993652260359	0.411376802632919	1	UP
PLPP7	-0.445671046429488	0.10461495611819	0.213952834823657	1	DOWN
LIPT2-AS1	-0.283228120428453	0.606780413006034	0.749805726882072	1	DOWN
GVINP1	1.07778646991147	0.00340958726495596	0.0122020667572755	1	UP
ZNF526	-0.0967606291161814	0.580621096272598	0.729653376898073	1	DOWN
SBNO1-AS1	-0.578699434421091	0.320537378828925	0.489649647088456	1	DOWN
ARFRP1	-0.0407853302350663	0.798230964189958	0.882033618558578	1	DOWN
SYAP1	-0.023442900896926	0.747506415939418	0.850800807707564	1	DOWN
WDR76	-1.71489937686196	1.94312145028205e-25	5.49511704070957e-24	1	DOWN
ECM2	0.337611025230182	0.140651337181025	0.267704345062458	1	UP
CCDC71	-0.13071629530189	0.374176387364759	0.545082961069368	1	DOWN
PHB1	0.0688493182037465	0.609851935681283	0.751973881117485	1	UP
PBX3	-0.497621686613204	0.0032356425502956	0.011654603812144	1	DOWN
SNRPD1	-0.480356213144158	2.10305899132017e-05	0.000124096796584597	1	DOWN
AKTIP	0.362633391368019	0.0718819165531358	0.158600773075634	1	UP
MAPRE2	-0.40505560479908	0.203954067550369	0.354034862482929	1	DOWN
EVA1C	0.154841922214518	0.378547611370418	0.548762520106711	1	UP
DCAF16	0.0976813291931192	0.302161214433	0.468964849078647	1	UP
FZD5	1.42215229666222	3.46361784737839e-08	3.0206844606195e-07	1	UP
FAM156A	0.153233365627447	0.353585759594329	0.523746188181391	1	UP
KBTBD7	-0.0665142771532921	0.739659231728702	0.846236684166849	1	DOWN
ABT1	-0.139496839780906	0.313322136655556	0.48097253320239	1	DOWN
TRAF2	-0.277877249376332	0.122085087110361	0.24101797729943	1	DOWN
DTNBP1	-0.0561100222311982	0.770878942845648	0.864650202791288	1	DOWN
KATNIP	0.147178105637375	0.104904463675567	0.214302290723158	1	UP
NMT1	-0.332343884433415	0.0151338454176768	0.0442263296523453	1	DOWN
MYCBPAP	-0.764029539003238	0.257146426559938	0.418848400610648	1	DOWN
RSAD1	-0.50381810882456	0.0280235579326744	0.0738723888517106	1	DOWN
PPP2R1B	0.403637143603746	7.73916177569608e-06	4.91166564868617e-05	1	UP
RDX	-0.0578451474350133	0.410823404341974	0.58060918491062	1	DOWN
AMOTL1	-0.243679216319391	0.000307248312599556	0.00143088796821662	1	DOWN
R3HCC1L	0.142468694923052	0.243038508023905	0.402169870543164	1	UP
ZNF331	-0.478864381501176	0.100145722253345	0.207039460984705	1	DOWN
TRAM1	0.678321084434858	1.13137776063187e-22	2.78527087204279e-21	1	UP
MGAT5B	-0.496753463291658	0.487227769581752	0.650373659202117	1	DOWN
COL5A3	0.210335709003232	0.350327846691432	0.520253592902876	1	UP
WHR1	0.358186342541165	0.0864920139955509	0.184187458628014	1	UP
DXO	-0.16321160575143	0.49624711367712	0.657793711222534	1	DOWN
OR7A19P	-0.549030900047384	0.286648700673046	0.452568597555576	1	DOWN
CRELD1	0.687276502356073	0.000189469737206408	0.000927201887019913	1	UP
LTBP1	1.1720119064087	2.66053624232012e-39	1.25645128228e-37	1	UP
LOC392787	0.145645507985532	0.622044613407086	0.761793788842864	1	UP
B3GALT9	-0.462302565586901	0.275406895500025	0.439574226515447	1	DOWN
BIVM-ERCC5	-0.942645102242095	0.0956534468758727	0.199954861970669	1	DOWN
SLFN13	0.233797947947657	0.438677587422231	0.60744823839006	1	UP
ZFYVE28	-0.270173010027806	0.171781077425051	0.311860345460981	1	DOWN
MOSPD2	-0.0517259569012714	0.497484853162323	0.658769688724341	1	DOWN
RIMBP3B	0.402602703818085	0.909251659108468	0.94850182096127	1	UP
DOCK6	0.566061270876361	2.11078793815785e-06	1.47642771027682e-05	1	UP
ECSIT	-0.211971261662784	0.347618557041174	0.51744722583102	1	DOWN
FXR2	0.368495913668787	8.27826770557696e-07	6.10353299047412e-06	1	UP
ADGRL1	-0.732642813296859	0.00239462672315136	0.00898090606032169	1	DOWN
VDR	0.0649656447740696	0.649125886180542	0.784389847077098	1	UP
PCDHB10	0.0575975390299902	0.925156763531759	0.958744702865394	1	UP
SLC25A2	-0.717175446591551	0.211179412361348	0.363433808268887	1	DOWN
LTV1	-0.0887114858386995	0.352092036389306	0.522283105918894	1	DOWN
MAP7	1.18756667848526	0.00596173714373773	0.0198784179658869	1	UP
RETSAT	0.0710745674409454	0.440497212523628	0.609054362218196	1	UP
ZFYVE16	0.274889191848702	7.06822123974288e-05	0.000375663350994941	1	UP
C3orf33	0.239232485804675	0.447478114716078	0.615441860326346	1	UP
SH3BGRL2	0.796696183629472	2.78845334499575e-06	1.91429640325575e-05	1	UP
CAPRIN1	0.0183144455433859	0.738132166315068	0.845560676608724	1	UP
ZNF189	0.349330546334067	0.000163997237702381	0.000813568170970514	1	UP
PRPF4	-0.352818545381818	0.00179314466429925	0.00696017554224777	1	DOWN
STX17	-0.125269848902898	0.327238548293209	0.49657925668226	1	DOWN
FPGS	-0.0760260586437305	0.677703008566799	0.804128924936268	1	DOWN
USP20	0.223044529729835	0.0843672022364759	0.180727903871822	1	UP
S1PR1	1.4925788642436	7.84239785345355e-75	1.0897162632717e-72	1	UP
AGFG2	-1.10549164017544	5.81350751390964e-16	9.93037790585203e-15	1	DOWN
DCUN1D3	0.640960173816231	1.82793993360866e-18	3.67393045626964e-17	1	UP
NCR3LG1	0.0282698376167377	0.746989318504159	0.850448486701615	1	UP
TMEM242	0.125947833979991	0.293306762771361	0.459895583247711	1	UP
POLR2I	-0.15738525652647	0.447008278675636	0.614976831220641	1	DOWN
FSD1	0.0834872149157873	0.777595097404588	0.868931855288718	1	UP
TBCB	0.0373030011845507	0.811648528388302	0.890256765369211	1	UP
TMEM178B	0.0405330472689459	0.754950265531282	0.855602406649875	1	UP
PPP2R2A	0.257738154647846	0.011240812473217	0.0344607771374742	1	UP
H4C13	-2.90230495685092	4.94807294001791e-18	9.64974386723331e-17	1	DOWN
MKRN1	0.0344990014415779	0.715700877367871	0.830447300994333	1	UP
SLC18B1	-0.382459340406578	0.129796424822824	0.251988529300459	1	DOWN
BORA	-1.16224025227017	3.86850804228644e-06	2.58216211173586e-05	1	DOWN
NUP160	0.171828679747875	0.0166581269444603	0.048039631306006	1	UP
TXNL4A	0.157500377176487	0.271363776231819	0.435315147845058	1	UP
IGFBP4	-0.0748852867675628	0.158453500310018	0.293490327221234	1	DOWN
UACA	-0.966954716214633	3.99492377045133e-70	5.1545217327493e-68	1	DOWN
FKBP10	0.218397497504436	0.0425255368233299	0.103947316074753	1	UP
SMIM7	-0.113012997387769	0.403489451554669	0.574409030087333	1	DOWN
SMAP1	0.0365319649345002	0.70091885321311	0.820691812330469	1	UP
ACOT13	-0.578942801795571	7.46910495550858e-05	0.000395514971462274	1	DOWN
RPS12	0.0747143383507137	0.199138160876997	0.347974070475633	1	UP
IPCEF1	0.339700208009184	0.347686150634503	0.51744722583102	1	UP
PFN2	-0.331104453230063	0.660064362524996	0.791715645986779	1	DOWN
NUCB2	0.129772929380302	0.057038544268504	0.131755754991073	1	UP
SPTLC2	0.191448878504688	0.00181400273859703	0.00702603955386376	1	UP
LOC105376070	-0.781625795221293	0.297416581119215	0.464193434901585	1	DOWN
MCAM	0.882366605102052	2.35857105036997e-18	4.70120141364089e-17	1	UP
SCARB1	0.547257798828996	8.36238295066355e-11	9.53034668927752e-10	1	UP
KHDC1-AS1	-0.375897881478302	0.278468233194849	0.443514739522924	1	DOWN
CLIC1	0.342301939526275	0.0141364689676723	0.0418105020572723	1	UP
H2AC7	-4.15537828249106	3.25630718149249e-05	0.000185482440203973	1	DOWN
ZFP28	0.142928389761126	0.352993565582982	0.523244436992479	1	UP
CAMK2G	-0.2512183474796	0.0183220616606255	0.0520794872261407	1	DOWN
SAP18	0.170621655729184	0.0324449365684837	0.0831434908117196	1	UP
SLC25A17	-0.177508557172738	0.145208228888699	0.274840093735506	1	DOWN
LATS2	0.698547221963671	2.92176948101591e-24	7.74724601287356e-23	1	UP
RABL2B	0.380648544330206	0.0137563861115826	0.0408619806163371	1	UP
TIRAP	0.141008265969233	0.53208739493104	0.688379967595014	1	UP
SLC20A1	-1.18018087334183	1.61206209997805e-60	1.55306062711885e-58	1	DOWN
PLEKHH1	1.67605825490248	0.000942943235846191	0.00392354526381034	1	UP
ACVR2B-AS1	-0.885497453763449	0.324307089963814	0.493790091356767	1	DOWN
ATG10	0.231766358149019	0.346081064602287	0.515908548026372	1	UP
TNPO1P3	-0.16660834475997	0.620908832617	0.760983253341385	1	DOWN
ZNF689	-0.257203512841037	0.187313879864783	0.33294869347183	1	DOWN
PRR14	-0.0699477640975871	0.711791523981947	0.827921709035988	1	DOWN
TCEAL7	-0.480750177507534	0.000371400733403219	0.00170330434732146	1	DOWN
CEP72	-1.63601555010103	4.1515826349741e-06	2.75836876588555e-05	1	DOWN
BKGD	-0.0525600007326698	0.747828652653898	0.850800807707564	1	DOWN
PTK2	0.304121750137044	0.000395414098748412	0.00179972571370498	1	UP
SLC1A2	0.654589351177333	0.0124825154567628	0.0375880039311688	1	UP
ABHD12	-0.11312978314321	0.151541209648161	0.283852497812777	1	DOWN
PYGB	-0.054718788427117	0.368680515330994	0.53884287690285	1	DOWN
TRPC4AP	0.0890412767819609	0.161022933919394	0.297232921018895	1	UP
SNORA53	0.888091327097135	5.9683071501129e-06	3.87109545001264e-05	1	UP
MIR381HG	0.0477775316111105	0.874392432995016	0.929901912802874	1	UP
HNRNPA1P33	-0.182170146304739	0.659217894907032	0.791272091200894	1	DOWN
UBE2R2	0.0532624891556265	0.393100885513897	0.563673436848713	1	UP
RPL7AP6	-0.0131049130171241	0.855467421568099	0.918110635653962	1	DOWN
TMEM185A	0.0224181678013512	0.894747071596223	0.940294519063124	1	UP
OTUD4	0.197050993581809	0.0139973855266168	0.0414585403248902	1	UP
TMEM184C	0.106048160095933	0.239464432060807	0.398078972473337	1	UP
EPS8	0.298737432602203	4.84762337100337e-07	3.66961788027081e-06	1	UP
CDH11	0.300806532102932	8.03074371474312e-08	6.68119041000304e-07	1	UP
CMTM3	-0.591972024966352	2.42808823831441e-05	0.000141539077868299	1	DOWN
TIMP1	0.0929245739648134	0.319251657971645	0.487943491205525	1	UP
IRF2-DT	-0.610222480738532	0.293700791562515	0.460083483888336	1	DOWN
BBS5	0.0598285960128477	0.790760626465386	0.877941134991648	1	UP
XIRP2	1.25534193150438	0.0275544545835923	0.0728750774501267	1	UP
NOP10	-0.0106374341716801	0.896890117795803	0.941246121442785	1	DOWN
ENO1P1	-0.604657733643425	0.222234417881689	0.377461833356727	1	DOWN
MAP3K8	-0.192052630867239	0.15409789516156	0.287560522078991	1	DOWN
STN1	-0.139485034741382	0.46541056417186	0.631634866909049	1	DOWN
C5AR1	-0.16011391940647	0.807543643541854	0.887573257744397	1	DOWN
LUZP1	0.741440525980423	1.66687882583765e-36	7.27736130277338e-35	1	UP
HEXIM2	0.144810733318118	0.77222097951934	0.865603891951131	1	UP
TVP23C-CDRT4	0.342965226925882	0.0244310536927802	0.0659296278084718	1	UP
LINC01599	-0.329716519104645	0.54091808916047	0.695474585694752	1	DOWN
IFT46	-0.295668939535679	0.0498292108086737	0.118473498748954	1	DOWN
KCND2	-0.604846716997072	1.4866373488072e-05	8.98886875632337e-05	1	DOWN
CPSF2	-0.479203365526716	1.17666723281129e-12	1.57590529947692e-11	1	DOWN
SS18L1	0.191107870312482	0.051376810467858	0.121354411257113	1	UP
LCE2A	-3.58675129253591	0.00683896002615604	0.0224053074899073	1	DOWN
MMP24OS	-0.020147927811819	0.824517739978083	0.898100991966781	1	DOWN
VSIG10L	0.544300497869462	0.158080515597869	0.293100016795587	1	UP
CEP250	-0.211599897942155	0.0440070603113478	0.106869729127681	1	DOWN
MKS1	-0.323578547309771	0.131939661945677	0.254940051138906	1	DOWN
MICU2	0.0566114764216727	0.60976427631313	0.751973881117485	1	UP
MALAT1	0.474587922298105	5.35630964947548e-17	9.79797857526204e-16	1	UP
CTNNAL1	-0.985581256672442	1.02578623284741e-38	4.72090345569361e-37	1	DOWN
GPAT4	-0.225550868160751	0.170843863887572	0.310705345713479	1	DOWN
FKBP15	-0.0323605220933539	0.701604448047798	0.821235503274035	1	DOWN
INO80C	0.165136468439401	0.32226299830021	0.491558221283126	1	UP
POLR2D	-0.170743117036527	0.134014620200934	0.257978590185653	1	DOWN
LPCAT1	-0.206451159290067	0.0102450098148468	0.0318046480847156	1	DOWN
ABITRAM	-0.265108334632224	0.0709159453875705	0.156770128009145	1	DOWN
BMF	1.7383441070928	0.0659127702664265	0.147950519279299	1	UP
FAM174B	-0.744773593461134	3.28141005530622e-05	0.000186544676275492	1	DOWN
STRBP	0.0641998422977898	0.703483212770566	0.822119507833474	1	UP
ZBTB44	0.00965122751420675	0.913577575703793	0.951383089909055	1	UP
CHD3	0.122398372059371	0.0706146807332446	0.156199717017621	1	UP
PABPC1L	-0.0185976404681983	0.926319715376836	0.959161377636894	1	DOWN
STK4	-0.613140914883546	0.314144078102502	0.481921026821577	1	DOWN
SLC2A10	-0.299228800123015	0.000137250720864068	0.000692048209074197	1	DOWN
ZNF665	-0.271254198846596	0.482339661207606	0.646414768071141	1	DOWN
LRRC34	-0.790421917068238	0.0181403251340262	0.0516340040401443	1	DOWN
DUSP1	0.267953563539565	9.58711591655572e-07	7.01485630937452e-06	1	UP
RPF2	-0.200118736344489	0.0397826554934184	0.0984079347030793	1	DOWN
ADAM32	1.00253483785108	7.40277569748309e-07	5.48602623611939e-06	1	UP
ACSL5	-0.591401168697442	0.00475470482988592	0.0163712746001147	1	DOWN
LRRC8B	0.769507182592844	0.138064957366608	0.263877357347554	1	UP
LOC100507053	0.144015293014673	0.647870169490239	0.783462076929159	1	UP
SKIC3	-0.0252645905394017	0.709210589074394	0.826256808641925	1	DOWN
TAFA2	1.59733389420459	3.72168791136891e-09	3.66862974128186e-08	1	UP
BGN	0.273084592707704	0.238103835294314	0.396638446551946	1	UP
ACTG1P14	0.815345805143894	0.236143508638514	0.394236349738351	1	UP
TMED4	0.313772127525942	2.8414812237546e-06	1.94515609495394e-05	1	UP
C5orf46	2.90742478269208	2.8008104818775e-14	4.22489689703672e-13	1	UP
DHX16	-0.0552445237109063	0.519672304340278	0.678819892436171	1	DOWN
C6orf136	0.3855741794661	0.102170324239136	0.210322415324751	1	UP
PPP1R10	0.172651481071765	0.0219264935694661	0.0603929482054385	1	UP
MRPS18B	-0.411917329044287	0.000447069984482689	0.00201077134944268	1	DOWN
ZBED2	4.57698833128893	0.000542624796691872	0.00240831416983853	1	UP
KMT2B	0.00174198640944226	0.986422158229039	0.992465822500024	1	UP
DKFZP434A062	-1.43921535083418	0.0718867250463913	0.158600773075634	1	DOWN
SERINC3	0.0101728810907104	0.860008206592777	0.921000340408494	1	UP
PPP1R3D	-0.127056049747137	0.43657434658356	0.6054640962072	1	DOWN
OSER1	-0.0744695565010122	0.489670103877099	0.652547276939133	1	DOWN
VSTM2L	0.658109354431361	0.177166072214822	0.318912171098205	1	UP
PARP11	0.287661680786499	0.190730808204098	0.337321124630696	1	UP
MTUS1	-0.51715433375843	7.41428270600729e-06	4.72623729089155e-05	1	DOWN
NDUFAB1	0.00379974994736188	0.972588931563858	0.983689919633317	1	UP
TP53	-0.11063018057849	0.504352514925734	0.665121207628379	1	DOWN
HSPB6	0.138313771592069	0.0660338641439419	0.148199312120532	1	UP
ARHGAP33	-1.22407362544393	0.0029547625848894	0.0107908198418592	1	DOWN
SMARCD1	-0.0894009955489765	0.692896832628504	0.815660812016497	1	DOWN
HSPB7	0.325021937707942	0.00195116462285557	0.00749701674152774	1	UP
TRIM17	0.423137172398733	0.668921836034786	0.798363846427048	1	UP
DHRS1	0.647354644026771	3.73732837675107e-05	0.000209333846404766	1	UP
LRRC32	-0.05035143381115	0.88832738462002	0.937249209706443	1	DOWN
CREBZF	-0.00382327485709074	0.977138854093955	0.986008908631502	1	DOWN
DPF2	-0.0624488539026758	0.522418207879244	0.68083036641675	1	DOWN
RAB30	0.0373613278193881	0.813479156995809	0.891541753348205	1	UP
CCDC90B	-0.499355885461568	0.000945359558376338	0.00393246717849639	1	DOWN
SYTL2	1.13331678639102	2.91455682293772e-09	2.90070665621715e-08	1	UP
PRCP	0.142867651204548	0.315144187753727	0.483147534185138	1	UP
TIMM17B	-0.0463160944393058	0.787256726161719	0.875194011059543	1	DOWN
ELK1	-0.323738804271433	0.000358877093812272	0.00165058334903919	1	DOWN
ADGRB2	-0.150844911582257	0.263501277296956	0.426268550119592	1	DOWN
ZNF516-DT	-0.0236462435741921	0.974835893734927	0.985025800949739	1	DOWN
ANKRD53	-0.00427994541583823	0.993834376670373	0.996731249723337	1	DOWN
TPRKB	-0.314245044165625	0.150790387848969	0.282812705360863	1	DOWN
EXOC6B	-0.0352652697839549	0.564016412136859	0.715137025604003	1	DOWN
ZNHIT6	-0.00799255976857437	0.926439312784982	0.959161377636894	1	DOWN
YWHAG	0.316116317420639	9.01043589001529e-10	9.32067351801081e-09	1	UP
CHFR	0.474850910727582	4.369819711132e-07	3.3183533707603e-06	1	UP
PRDX2	0.168159396885144	0.0673294531462528	0.150545865297308	1	UP
MAP2K7	0.100695055147422	0.423894922833253	0.592313433558629	1	UP
NBPF9	0.271677839433416	0.00145520147407934	0.00577564309308447	1	UP
VHL	-0.20855889379121	0.420029798664936	0.588962800359693	1	DOWN
RARA-AS1	-0.299757484186957	0.60949127748025	0.751724546537784	1	DOWN
PIEZO1	-0.00700112869392625	0.923302975828357	0.957698198657449	1	DOWN
SIRT5	-0.212681572678047	0.366239452762696	0.536421142102892	1	DOWN
MTREX	-0.278350979833704	0.000422400412249856	0.00191051904770663	1	DOWN
SIK1	1.80089234713585	1.48313755430408e-12	1.96992838210002e-11	1	UP
NUP107	-0.410135980519522	1.15217599382618e-05	7.11542533623168e-05	1	DOWN
LOC644456	-0.367101780483521	0.116256059301216	0.232399545298364	1	DOWN
CAV1	-0.193187395077104	0.0177139691574312	0.0506298592353715	1	DOWN
ATP6V1E1	0.0739599071526257	0.524440084730574	0.682456881084334	1	UP
TBC1D3D	-0.251042320847193	0.529000701862926	0.686290433846947	1	DOWN
CNN2	0.54739912433955	1.58517353510622e-10	1.7675418793071e-09	1	UP
MYLK	0.212506573870106	2.15884915446557e-05	0.000127077511735975	1	UP
FDFT1	-0.240197617540857	0.000607438056705922	0.00266002647195675	1	DOWN
MPP4	-0.0711924672858788	0.768347967663515	0.86320426655566	1	DOWN
ZNF446	-0.310896976364862	0.223291651434806	0.378730945408965	1	DOWN
GALT	-0.123466951147589	0.494982496212134	0.6569007303482	1	DOWN
TRNAU1AP	-0.361682701537514	0.0402698928057695	0.099375037728172	1	DOWN
NRP2	0.410168895603122	2.39428841527633e-08	2.12922227010205e-07	1	UP
C11orf52	0.337328058957115	0.756794628827243	0.856616683421988	1	UP
NPAT	0.354327260751983	0.00326744674709388	0.0117398987922063	1	UP
GPR21	0.139069696839573	0.736584020554042	0.84467548454934	1	UP
ZXDC	0.167186555261436	0.101195144132279	0.208683403538108	1	UP
KHSRP	-0.775539454522465	2.29228246935193e-23	5.84228817717897e-22	1	DOWN
SEMA6A-AS1	-0.106892312173112	0.802394442544445	0.884537500130428	1	DOWN
LETR1	0.193976860926697	0.807109168991373	0.887543501698093	1	UP
USP34	0.0274190131865317	0.719386190261824	0.833000788098848	1	UP
IGFBP5	-0.589296999057161	6.26088852068126e-41	3.19703533612597e-39	1	DOWN
EFHD1	1.79381272561208	9.61369985926825e-28	3.03999073668021e-26	1	UP
PXDC1	0.811750416014683	1.95355678816674e-30	6.72163074899942e-29	1	UP
TUBE1	0.0184613219508388	0.89294867700258	0.939606984896485	1	UP
SAMD4A	0.323069997724477	9.67626516818025e-06	6.04808425369259e-05	1	UP
MCM3	-1.1896734194069	9.02958991005648e-21	2.06793349905271e-19	1	DOWN
PICALM	0.328793406129635	4.86375970325667e-07	3.67797966885202e-06	1	UP
SLIT2	-1.67654276913586	4.54802893791812e-108	1.34129726901744e-105	1	DOWN
ANKRD12	0.0971296111264462	0.349780646818224	0.519761452665312	1	UP
RPL7P9	-0.00930568786701323	0.859408842301834	0.920601910332248	1	DOWN
CDH8	1.34221101869997	3.70681778520112e-06	2.48687204335847e-05	1	UP
ERICH1	0.49977666977667	0.00127646760349105	0.00516411907560167	1	UP
COX10-DT	-0.325687617740844	0.221303687462679	0.376242304414491	1	DOWN
RN7SKP30	-0.889127517170839	0.100243925848751	0.207183205440546	1	DOWN
IQCM	1.78807741888408	0.0235833749493579	0.0640257498860571	1	UP
XRCC6P2	-0.240262825097772	0.30368111884588	0.470515261975106	1	DOWN
CASTOR1	0.0105516909825726	0.99025177910373	0.994449510759416	1	UP
RPL13AP5	0.057938862574539	0.337821937513269	0.507785862663391	1	UP
SCAMP1	0.73547456075329	0.124137719126819	0.244169617408692	1	UP
SLC35F6	0.275538205939156	0.686808848276839	0.810607208955292	1	UP
S1PR3	-1.3053279790436	3.94617652546637e-108	1.18804577019822e-105	1	DOWN
LITATS1	0.334251980677404	0.229491975377206	0.386255361772188	1	UP
SEC14L1P1	0.520218721095955	0.105934576429297	0.215796527203238	1	UP
RIMS1	0.805454389705391	2.82485797417264e-05	0.000162572770150414	1	UP
RPL21P80	0.159190999942514	0.587676375880872	0.734392191962511	1	UP
KRABD5	0.290028177016865	0.0320467229776374	0.0823448068545231	1	UP
HMGA2-AS1	-1.08212169559112	0.0684977796495102	0.152450548854932	1	DOWN
HJURP	-2.21663244500737	3.90669339021302e-41	2.01627236364173e-39	1	DOWN
SPC25	-3.11688123247064	9.23520608488587e-21	2.11167663184629e-19	1	DOWN
ZNF333	-0.0825060163344707	0.783298564628779	0.872673468310114	1	DOWN
ZNF768	-0.278187880129835	0.10185042003784	0.209813317172748	1	DOWN
MAD2L1BP	-0.0270790355636673	0.868153106843888	0.926222262606203	1	DOWN
HINT1	-0.00807565526356605	0.920383010151557	0.955930272498665	1	DOWN
PCBP1	-0.394205903236284	1.71462861015028e-09	1.73516092754074e-08	1	DOWN
MSANTD3-TMEFF1	-0.446234776433348	0.148379854718585	0.279306666736782	1	DOWN
STRIP1	0.0610860617324193	0.547359707869338	0.70061072970946	1	UP
ZNF468	0.242042737281116	0.0138057818167887	0.0409834332445385	1	UP
CFAP20DC	0.0459838366714465	0.900490518318488	0.943311959421564	1	UP
RPP14	-0.305808195470011	0.0633135420438425	0.1432529590968	1	DOWN
ABHD6	0.186510685710541	0.214856026158839	0.367528933951395	1	UP
RGPD5	0.695831447361775	2.84428937365233e-18	5.63824770077501e-17	1	UP
SLMAP	-0.0360659223124634	0.721947312607622	0.834867381657683	1	DOWN
RPL9	0.0748465428757943	0.591553518313751	0.737642582893435	1	UP
SMIM14	0.00416996932158115	0.962936909472175	0.97851074318138	1	UP
NDRG1	-0.325620945027352	0.00446396727836177	0.0154771571832068	1	DOWN
TMEM119	-3.91236870099569	1.29402918736596e-05	7.91032816693126e-05	1	DOWN
RNPEPL1	-0.195509279020073	0.301074963047429	0.468032948687435	1	DOWN
EP400	-0.0804258022605004	0.209609369730873	0.361301417811351	1	DOWN
SGO2	-1.94047223694002	1.48888350635774e-58	1.37922150963947e-56	1	DOWN
SORBS2	0.455213707967639	0.128149670427235	0.249614622906588	1	UP
NFASC	-0.0338992511571354	0.744695726484542	0.848868169882416	1	DOWN
CLASP2	0.270627223508581	0.0139496609496247	0.0413595712726768	1	UP
PKMYT1	-2.29249338390926	7.76515657811893e-05	0.000409990053746426	1	DOWN
TIGD5	-0.248128700109515	0.352932172368778	0.523244436992479	1	DOWN
PDXDC1	0.358050738879371	2.9006842843677e-06	1.98099189949894e-05	1	UP
AKR7A3	-0.296661127632107	0.549892443114913	0.702918681596958	1	DOWN
SEC63	-0.0634486515674965	0.282970429568069	0.448377815535983	1	DOWN
DRC9	0.141657520500298	0.455554292194039	0.623292470791144	1	UP
MYO19	-0.472784081808698	1.24498604597741e-05	7.64286038675427e-05	1	DOWN
ZNF143	0.157892391330709	0.24808510947662	0.407590977662573	1	UP
TMX3	0.0696623850547248	0.301961417130145	0.468873868853537	1	UP
CROCC	0.38370033751758	0.0212294337410674	0.0587938955523505	1	UP
LEO1	0.102995055105983	0.268311096146192	0.43202421952063	1	UP
RPS26P19	0.0284145794707138	0.905733918910451	0.946178539165369	1	UP
TMEM41B	0.10782847147999	0.448188243308394	0.615955140660923	1	UP
PKD1L2	-1.13435840709542	2.70945101162534e-05	0.000156679778187266	1	DOWN
MX1	1.27678247112534	1.67070300161132e-47	1.11259580996706e-45	1	UP
TMEM164	-0.281175363725734	0.0607890170357702	0.138689940824742	1	DOWN
PTGFR	0.429866248161599	0.0141302743740567	0.0418007359221071	1	UP
SCYL3	0.0780388281609082	0.622547777449352	0.762150807895138	1	UP
PYGO1	-0.0890496063526862	0.359196342932481	0.5295599216198	1	DOWN
KLC1	0.349437307760474	4.87159789320995e-11	5.67737589957879e-10	1	UP
XRCC3	-1.77708388046566	3.09372342904196e-08	2.71118236950184e-07	1	DOWN
TUBGCP3	-0.875626630386229	3.50296616102061e-16	6.06243880154597e-15	1	DOWN
F10	0.178924280156045	0.246450193653266	0.405817200146234	1	UP
ZNF16	-0.281298421707546	0.165171414364123	0.302597883997964	1	DOWN
RNF34	-0.127271994014681	0.256678771111202	0.418322422615088	1	DOWN
ARMC10	-0.0568413890330579	0.649330859573781	0.784479891352291	1	DOWN
ACYP2	0.156185840893445	0.41074312507492	0.58060918491062	1	UP
TMPO-AS1	-2.84871922999686	4.34347412185969e-07	3.30008120583567e-06	1	DOWN
TRABD	0.148128094778709	0.319163202087488	0.487859893522984	1	UP
YDJC	-0.0297010396072583	0.951018158648266	0.971520544548763	1	DOWN
PRKRIP1	0.246009305048743	0.0387038857609318	0.0962005251343697	1	UP
UBE2F-SCLY	-0.146761814615548	0.629455461265055	0.767811333733545	1	DOWN
EIF1AD	0.506873393053729	1.05915127078001e-06	7.70296679116352e-06	1	UP
GGACT	0.680622516470529	0.287140633507477	0.45309776095398	1	UP
PCED1B	-0.393586157393263	0.154851931003588	0.288520533126979	1	DOWN
FMNL3	0.237177862985	0.00182944157332388	0.0070801446641948	1	UP
CFAP410	0.159061889284579	0.437278544140308	0.606033589850541	1	UP
GATD3	-0.248927677708455	0.121701568506872	0.240589516620083	1	DOWN
SUSD3	-0.714563127510123	0.0598821713866948	0.136945285442179	1	DOWN
ZNF66	-0.0682154221905524	0.829610283800712	0.901744882377141	1	DOWN
CDK2AP2	0.325260709238327	0.321949151948319	0.491198223331658	1	UP
HOXC4	0.15719399397974	0.74228681351956	0.847699284192442	1	UP
NDUFV1	0.133867268861659	0.326629735893837	0.496124270906226	1	UP
PIM3	-0.473540480400988	0.000197996920872286	0.000964034199301013	1	DOWN
GET3	0.0404074387308386	0.693941808921548	0.816491864576233	1	UP
NUDT8	0.855602102629047	0.135464156923647	0.260110620741911	1	UP
FOXO3	0.0244733081167705	0.714107264664872	0.829546951902899	1	UP
SRPK1	-0.0700944831065758	0.563697710374731	0.714937301441569	1	DOWN
FKBP5	-0.145877992600584	0.547928509485705	0.701214567001233	1	DOWN
COMT	0.0376196826770502	0.840602772305828	0.908567738413726	1	UP
IGF2	0.0882787960173752	0.591813610375832	0.737839572387296	1	UP
PRIM2	-0.79065411234461	9.1813459370061e-14	1.32945521178031e-12	1	DOWN
ZNF620	2.3478451635773	0.00039904587717853	0.00181282991861268	1	UP
FAM149B1	-0.308010548401312	0.00710537721290897	0.0231678262869466	1	DOWN
APOBEC3D	-0.511786780123758	0.0410027869451942	0.100959494657523	1	DOWN
ARHGEF3	0.329609669021284	0.123786583376223	0.243545257504397	1	UP
TASOR	-0.306037687133831	4.22189801764165e-06	2.80251025507301e-05	1	DOWN
UVSSA	-0.180175776398651	0.348011104615534	0.517824183772558	1	DOWN
SCARNA13	0.367128066357928	0.0653242981017733	0.146949164363127	1	UP
ATP5MGL	0.639649790788499	0.281000047938138	0.446370019438933	1	UP
CORO1B	-0.0380223544289696	0.744606840314247	0.848868169882416	1	DOWN
POFUT3	0.169727198952168	0.156489579269977	0.290859281032854	1	UP
ACBD3	0.109531787931518	0.083630329643256	0.179388732918909	1	UP
WRAP53	-0.655888690366124	0.0231268862986503	0.0630340690120324	1	DOWN
PDE6B	-0.670163015177317	0.274911169801647	0.439025451961941	1	DOWN
H3C7	-3.0660220372621	9.74483158602742e-31	3.44347367168128e-29	1	DOWN
ZNF414	-0.0122423285052657	0.963990830232267	0.979020075407889	1	DOWN
NOXA1	1.56227046571141	0.0190772503116334	0.0538390549555726	1	UP
C1S	0.233512355722582	0.187962582206	0.333691311481438	1	UP
GAS6-DT	0.0108741314518058	0.966782347963112	0.98066620406785	1	UP
PFKP	0.461917395932609	1.23636161518191e-09	1.26534431310154e-08	1	UP
BPESC1	1.48443564769893	0.00634651339113687	0.0210159177395323	1	UP
EPHA4	-0.92914567769069	1.90885284057153e-06	1.34250301787429e-05	1	DOWN
MACF1	0.46001852847193	3.51637387322192e-20	7.80570181903686e-19	1	UP
SKP1	0.0655094552591328	0.607817396931512	0.750283522939889	1	UP
GNPDA1	-0.231677415109974	0.00324359083346333	0.0116774118421471	1	DOWN
MYO10	0.434666843829694	3.70128463514068e-13	5.13806573126013e-12	1	UP
SPIN3	0.178114805814145	0.541852460249843	0.696398959718115	1	UP
UBE2I	-0.300083904254878	0.246084593163153	0.405530209648609	1	DOWN
NUBP1	-0.165249546342575	0.286408936435935	0.452288879951448	1	DOWN
NPIPB2	-0.688908018649101	0.179854564482603	0.322666457025214	1	DOWN
DCAF11	-0.0124185099860508	0.924674283954934	0.95836391575936	1	DOWN
CMPK2	1.04045354111787	0.0502287252350916	0.11916849587462	1	UP
C1orf35	0.146027677561	0.394841147950551	0.565607596058031	1	UP
RSAD2	1.88256654778667	2.89303887512741e-05	0.000166099740899747	1	UP
SDHC	-0.0471870045136283	0.494908512827091	0.656862869109505	1	DOWN
USP21	-0.0914265700884917	0.520436762012198	0.679388586073918	1	DOWN
MBOAT2	-0.176340551459574	0.0197301341279644	0.0552665571396033	1	DOWN
FAM91A1	0.386037576323976	3.45367078434737e-08	3.01382829134081e-07	1	UP
DOLK	-0.0574088558396526	0.676260455054903	0.803142655818409	1	DOWN
KRT18P28	0.00977960968580313	0.985345521616015	0.991897176585811	1	UP
CBL	0.497463233156499	8.85995948857742e-14	1.28623123765096e-12	1	UP
PHYHD1	-0.58790710108554	0.16649675694572	0.304628750401957	1	DOWN
CNNM3	-0.311585935839636	0.0912658216667783	0.192369076561641	1	DOWN
SF3B3	-0.38397180818672	5.82122474994823e-09	5.626924338562e-08	1	DOWN
GSTM4	-0.131563412664859	0.424753882097748	0.593179421647884	1	DOWN
TET2	0.282238932052371	0.000781287992755272	0.00333344930124194	1	UP
PPP6C	-0.778253378590933	1.30139470528621e-05	7.94644945815142e-05	1	DOWN
ABCC3	0.730825487567037	1.11189674893005e-10	1.25433410763374e-09	1	UP
LUC7L3	0.219936568307093	0.0121653893657375	0.0368094727228376	1	UP
ENG	0.315897758175354	4.39763656637889e-06	2.91247690287541e-05	1	UP
CDC37L1	0.578594327193271	1.53533395531709e-05	9.26392943143518e-05	1	UP
AK1	0.0244965164453354	0.879088644152833	0.932719172007789	1	UP
IFT56	-0.390095630803409	0.1359750174183	0.260745087143293	1	DOWN
PCNA	-1.17590019090972	1.83072628270916e-12	2.42047808887741e-11	1	DOWN
TNKS1BP1	0.0678547905595787	0.610753842019664	0.752603639845549	1	UP
BTBD3	-0.386121657545412	4.28259774166686e-09	4.19010290892538e-08	1	DOWN
THSD4	-0.107020192647976	0.142883370564766	0.271143305845499	1	DOWN
TRAFD1	0.396704236035664	2.94326095124266e-07	2.28918536094767e-06	1	UP
KIF14	-2.41226920531212	2.62749348900631e-69	3.330693720143e-67	1	DOWN
NEK11	0.220329331762201	0.213896072890934	0.3664073197424	1	UP
DDX59	-0.0904886361266	0.636923308465951	0.774501744416144	1	DOWN
MAP3K2	0.327957792109227	2.32104805706e-05	0.000135905451671694	1	UP
TMEM42	-0.21159025415072	0.304967867426926	0.472002854470013	1	DOWN
LINC00662	0.458174245384254	0.00472408885182448	0.0162774935616871	1	UP
MRPS10	-0.188258615572352	0.0219197019036256	0.0603929482054385	1	DOWN
CPEB1	-0.136540335523689	0.698635113610276	0.819408263237971	1	DOWN
LMO3	0.724641804620427	0.342861270460543	0.512642340344057	1	UP
EWSR1P1	-0.283494068505089	0.0775040836648068	0.168701839590318	1	DOWN
KLHL2	-0.000468276387324572	0.997248447092862	0.998570385962086	1	DOWN
AKAP10	-0.15866561408324	0.123156906223851	0.242603660283652	1	DOWN
FTSJ3	0.0137590519589134	0.865028037278103	0.924252877390452	1	UP
DRG2	0.0858149246507039	0.459717387436778	0.626975646729266	1	UP
MED31	-0.235725056508681	0.304172972060591	0.471013002911881	1	DOWN
USP48	0.0641343894776194	0.400345294973373	0.571283682992023	1	UP
MPHOSPH9	-0.377780362721894	0.000475541144426314	0.00212822702945329	1	DOWN
ZNF717	-0.158738998594188	0.195590452667728	0.343776880077565	1	DOWN
ZNF285	0.34832279539755	0.19007363074442	0.336447089403186	1	UP
SLC16A13	-0.346541024981104	0.198403273577685	0.347067631820739	1	DOWN
NCAM2	1.5114719183027	5.1761764016641e-25	1.44125096686798e-23	1	UP
CD47	-0.2885506063362	0.000931953772976743	0.00388452955676	1	DOWN
ANXA7	-0.158168816113684	0.223492948312224	0.379027883588775	1	DOWN
TENT2	0.0452158372108788	0.650453581836027	0.785140720941566	1	UP
RICTOR	0.257697596445189	0.0414212178205904	0.101747071005499	1	UP
CFAP97	-0.653887697291133	2.61452226336712e-08	2.31936533013617e-07	1	DOWN
RPL7AP49	0.733606647294674	0.121471676106664	0.240332309887377	1	UP
RPL9P3	0.0662566431275476	0.695804053525847	0.817786140138445	1	UP
PRMT5	-0.160123713119661	0.074266264871565	0.162979771246619	1	DOWN
RBM23	0.104759758268966	0.405836397445295	0.576954429855579	1	UP
RN7SL473P	1.63754705262896	2.13522676699585e-05	0.000125789490460078	1	UP
ZNRF1	-0.365288990282212	0.00537879514563591	0.0182205739919326	1	DOWN
POLR1D	0.154380668050072	0.135042510097	0.259462133504338	1	UP
KIF18B	-3.22396679412527	1.18511556380433e-52	9.56765643158457e-51	1	DOWN
ALG8	-0.217818416592032	0.0435766826678779	0.106076821868586	1	DOWN
SNHG5	0.0690797926204653	0.537771941608374	0.692694743576309	1	UP
C6orf163	-0.132725644868552	0.804257527414658	0.885375602092574	1	DOWN
GDI1	-0.0648931074988643	0.452890786099668	0.620941627127733	1	DOWN
TRAK1	0.234616850755882	0.000614503192011263	0.00268770751445362	1	UP
SNORC	1.19395138928464	0.0450540702612003	0.109003242816776	1	UP
TOP2B	-0.135896920607187	0.0230284258058726	0.0628012419929543	1	DOWN
RARB	-0.101424739649346	0.672699600096662	0.80083966470698	1	DOWN
PLCL2	0.546475555759974	0.0144602999269742	0.0425332371757997	1	UP
CDC14C	0.177959865882087	0.624469150012802	0.763662832092325	1	UP
LZTS1	-0.682466308847605	0.132929833445147	0.256539666548587	1	DOWN
CHKB	-0.00439033622380452	0.985463043712521	0.991897176585811	1	DOWN
NEFH	-0.170743224711964	0.66081230017442	0.792152513464998	1	DOWN
TOM1	0.399014363843842	0.00139865167394112	0.00557877873036796	1	UP
HMGXB4	0.0109978190944915	0.919570143545633	0.955403562037382	1	UP
AP1B1	-0.137264787213622	0.141722479949502	0.269477836546086	1	DOWN
OAZ1	-0.0108438415374115	0.877835401832152	0.932104498973109	1	DOWN
TRMT1	0.176130639363984	0.196033342308041	0.344129959875304	1	UP
LINC02910	-0.164260998061178	0.493584468047507	0.6558283512095	1	DOWN
MSTO1	-0.164845724779473	0.412945827237834	0.582197582910241	1	DOWN
NT5C	-0.00255537052827668	0.99013283109742	0.994449510759416	1	DOWN
SLC12A6	-0.414598575821283	4.45757509945982e-05	0.00024661721961062	1	DOWN
NUP85	-0.167423931661155	0.158417449591659	0.293461167036157	1	DOWN
MIF4GD	-0.568220164793849	0.132401942695112	0.255691630881607	1	DOWN
SLC25A19	-0.169399443577383	0.594321981182172	0.739028222181448	1	DOWN
ZNF572	-0.947001260930019	0.0190789426633096	0.0538390549555726	1	DOWN
NFIL3	0.123313398142223	0.187514783525891	0.333196683519071	1	UP
RAD51D	-0.328050696144881	0.0129511847790904	0.0387810964033642	1	DOWN
TRERF1	-0.603597469121333	8.90926749286951e-12	1.10989503913325e-10	1	DOWN
ZCCHC3	0.170598409126647	0.309445880838229	0.476788828659052	1	UP
ZBTB43	0.618468846616645	0.336396973259666	0.506118965182242	1	UP
SEC23B	-0.162651867684165	0.0436626596400228	0.106200043678654	1	DOWN
QTRT1	0.265974820087927	0.119608343345935	0.237458465406252	1	UP
HTATIP2	0.553774945920306	1.6689293830818e-08	1.51588299905186e-07	1	UP
PLEKHM1	0.0221356133675166	0.789757054695008	0.877199589162747	1	UP
FBXO28	-0.20351027073952	0.0159041596815208	0.0462157674557927	1	DOWN
NUDT21	-0.565961729500649	9.20670672327578e-18	1.77158613659199e-16	1	DOWN
KCNIP4-IT1	0.824261955685038	2.39986018749983e-05	0.000140122745735596	1	UP
GLUD2	-0.339519857576375	0.0159895164821856	0.0464125196425317	1	DOWN
KNSTRN	-0.826494634785592	0.000228443251973808	0.00109698894255482	1	DOWN
RPS27AP12	0.00542190052722332	0.987659683007269	0.992881396809603	1	UP
PKN1	-0.397785483876098	1.06440455595627e-06	7.7301378937692e-06	1	DOWN
ADGRE5	0.474195974967819	7.63975546659792e-13	1.03469640344711e-11	1	UP
TRIR	0.0444172562655735	0.740141482445166	0.846526392354012	1	UP
SMG1	0.266376959071332	1.41486294280703e-07	1.14416252862364e-06	1	UP
FCHO2	-0.166943480565578	0.0463971356402568	0.1116730524879	1	DOWN
RPL7AP28	-0.00135037132533745	0.998171833597754	0.999001396725614	1	DOWN
DDIT4	0.335335732615619	0.103247779778633	0.211966709132125	1	UP
OVCH1	0.144683221354244	0.652094141169861	0.78626720350819	1	UP
GBP5	0.152935718398425	0.796788075389849	0.881112984194881	1	UP
BRD10	-0.0935792237110599	0.62631274737762	0.765205065298781	1	DOWN
TOX-DT	0.704250427273942	0.322660231908657	0.492112191167494	1	UP
CHP1	0.132618098372808	0.0612569583737004	0.139647311162383	1	UP
MBTD1	-0.0444527105471798	0.678738924177954	0.804865688307068	1	DOWN
FRMD8	-0.252012075811887	0.068667754709704	0.152734758089877	1	DOWN
KLHDC2	-0.215911625215755	0.0571882326317184	0.13193281445737	1	DOWN
ZNF22	-0.610092815841083	2.79213756074157e-08	2.4588165685726e-07	1	DOWN
ZNF22-AS1	-0.0624765089629602	0.870807749417419	0.927956204858912	1	DOWN
RRBP1	0.385449902502328	0.00112502562461305	0.00460168279119252	1	UP
BMP2	1.90987596896187	5.59290164882827e-32	2.11578590908946e-30	1	UP
ZNF133	0.151246797212426	0.663068939381813	0.794133038538586	1	UP
NRSN2	1.32789432851944	5.86143882552658e-05	0.000316957880603833	1	UP
AP5S1	-0.290678855285406	0.0502527655891672	0.11918639677155	1	DOWN
FLRT3	2.331784158434	1.93890693717848e-09	1.95801147094104e-08	1	UP
ZNF747	-0.678730382930467	0.00116358717830796	0.00474196229941577	1	DOWN
ULK2	-0.193962273528654	0.109830689461392	0.221995712594976	1	DOWN
MIR130AHG	0.123231023081709	0.726730854926595	0.838000693717119	1	UP
DEDD	0.216343395246282	0.0493794013993446	0.117616899558584	1	UP
SPATA2L	0.492706385597824	0.102504148552865	0.210769415301288	1	UP
NIT1	-0.226463335211271	0.104260603823336	0.213379122766043	1	DOWN
LOC124903398	-1.02616346359321	0.288355039314378	0.454468172443241	1	DOWN
PPP1R12A-AS1	0.241815608325014	0.604714940548997	0.747987298285847	1	UP
DPP6	-0.974562228538584	0.0151320776095519	0.0442263296523453	1	DOWN
XPO7	-0.345286963669479	2.21561635249407e-06	1.54526408831524e-05	1	DOWN
LRCH2	-0.0325328048780997	0.767091760887842	0.862396377515964	1	DOWN
CBR1	-0.670669521926444	5.96692494034106e-08	5.06033053479276e-07	1	DOWN
RPEP6	0.717889700753811	0.176796598903538	0.318382467776162	1	UP
MAP3K9	0.470923400712822	0.0127409873308736	0.0382308986541641	1	UP
SGMS1	0.260189800669983	0.271175910225153	0.435170744089388	1	UP
RORB	-0.712753972361926	0.0263177406452807	0.0701434286361032	1	DOWN
PJA2	0.206421106932852	0.000343139356752426	0.00158172467126932	1	UP
ARMCX6	0.0950481984717386	0.549275985350226	0.702379193371924	1	UP
MLLT3	-0.590286837772334	4.16442051432526e-09	4.08000276966199e-08	1	DOWN
RRM2	-1.98312602146018	4.82407279741508e-15	7.72867804827553e-14	1	DOWN
TAF3	0.045907886193959	0.75121179028756	0.852636002312718	1	UP
DNAJC18	0.113847988983592	0.450547584512246	0.618456094482458	1	UP
RIOX1	0.211669972008188	0.220942791926757	0.375794803722991	1	UP
SPATA24	0.221619535229705	0.519667188282188	0.678819892436171	1	UP
RNF212-DT	0.0820163396199922	0.822139752549105	0.896592073359529	1	UP
CADPS2	0.759672068306896	4.5197977280607e-08	3.89246704220531e-07	1	UP
DGCR8	0.346187585588332	0.00134709499643385	0.00540446135298878	1	UP
N4BP2	-0.138336538202386	0.248093934992197	0.407590977662573	1	DOWN
SSU72	-0.486966486467606	3.11511605173556e-10	3.36950165146935e-09	1	DOWN
ATAD3B	-0.138571557074378	0.278998545824974	0.444026079874641	1	DOWN
PHB2	-0.0524142912714249	0.5586257427058	0.711063208653353	1	DOWN
LOC100130357	-0.269687844266811	0.649969824463605	0.784810524250677	1	DOWN
TCTN1	-0.192171623191886	0.285500629658494	0.451318227950762	1	DOWN
PNMA8B	-0.290033974639956	0.600549476393854	0.744649623682447	1	DOWN
FAM216A	-0.256525457963464	0.138208808208304	0.264047526099709	1	DOWN
ZBTB48	0.179823389971865	0.294064975375634	0.460454324320434	1	UP
ZNF404	0.107291985597447	0.685736654223814	0.809738551249251	1	UP
TMTC2	0.529359787886965	0.00148768499123812	0.00588503548824933	1	UP
HMBOX1	0.791408005621092	7.42965806196614e-07	5.50030679577217e-06	1	UP
LINC01117	0.614351279002386	0.234265026747379	0.392233101787322	1	UP
RPL26P32	-0.166703397645055	0.356247634942524	0.526932914283973	1	DOWN
AFG2A	-0.0931656525142844	0.335668950260694	0.50554254433406	1	DOWN
BRD4	-0.0601939054187823	0.329193203141938	0.498602974384671	1	DOWN
APEX2	-0.509127532858962	0.00186775249844548	0.00721681587033038	1	DOWN
RAB3GAP1	0.225636904011211	0.000106359491782167	0.000548732958137842	1	UP
RPL7AP62	-0.191698695284061	0.722426775891702	0.835183147072879	1	DOWN
RNF121	0.0971995163103066	0.641545309614239	0.778680603832972	1	UP
PTPRE	0.22254550494367	0.14296483529361	0.271197542269438	1	UP
TAF9	0.300364552502413	0.142524485680406	0.270682263446911	1	UP
SCLY	-0.326651534707766	0.125772961943243	0.246513640721796	1	DOWN
PREPL	-0.223291780383043	0.161120768057257	0.297325529203859	1	DOWN
PREB	-0.113560984556709	0.389284312887138	0.559687416506039	1	DOWN
ACTR2	-0.0600648202945691	0.871443252464797	0.928293265617631	1	DOWN
SLC5A6	0.210181074263434	0.120966707465922	0.239661350368802	1	UP
NBEAL1	0.234792518163749	0.000103388778297714	0.000534934205220288	1	UP
TMEM63B	0.246316708958234	0.0109122520080503	0.0335659756850436	1	UP
B4GAT1	-0.16617272886415	0.237411889765434	0.395805170627629	1	DOWN
TMEM14B	-0.190374415512978	0.231440501569696	0.388674803972537	1	DOWN
FRS3	0.0878517287552305	0.815424655504087	0.892704673991634	1	UP
KAT5	-0.0605392683156646	0.653738520649719	0.787527122533269	1	DOWN
ERCC8	-0.177967231491753	0.232256204542041	0.389637150201652	1	DOWN
HPSE	-2.51299121157203	0.000680907860323728	0.00293637704850438	1	DOWN
COQ2	-1.1876085649403	1.05284918812349e-13	1.51390284751966e-12	1	DOWN
USP33	-0.0767094027255397	0.275562600012636	0.439758170124606	1	DOWN
PLA2G4A	-0.881519140089042	0.423634952354333	0.59206467083873	1	DOWN
GADD45A	0.383822526087816	0.019113069286767	0.0538918004225042	1	UP
ZNG1E	0.217039853793906	0.177418687053913	0.319207849429295	1	UP
BRMS1L	0.164933912892766	0.655901718292948	0.788990762760042	1	UP
LINC02677	-0.946397920006896	0.183531365232012	0.327740331068452	1	DOWN
PSME2	0.327267513714038	0.0101010607448343	0.031404997595439	1	UP
IMPG2	1.40213866237346	0.000462736287246867	0.00207735386362363	1	UP
REC8	0.457520492875946	0.0483546836460701	0.115518851606771	1	UP
LINC01615	-1.14246023755025	0.00324975013817228	0.0116966722905922	1	DOWN
NUTM2A-AS1	0.367780403643418	0.000950999861729703	0.00395137981651982	1	UP
MIR600HG	0.394774190927842	0.312552641875996	0.480295430428543	1	UP
THBS4	-2.29841598313654	0.00232615578436313	0.00875625872358208	1	DOWN
KBTBD2	0.313367816453684	0.000304750901665591	0.00142063073547402	1	UP
TRIAP1	0.0147764377532311	0.897453831125984	0.941496327011346	1	UP
RIOX2	-0.286978204995703	0.0441604603290188	0.107182198893962	1	DOWN
CSRNP2	0.444164585323342	1.27936894002955e-06	9.19351593852164e-06	1	UP
NKIRAS1	0.152666283481777	0.49264421456996	0.654951096992733	1	UP
NRAS	0.68971392886045	1.10467856733102e-30	3.86530507905583e-29	1	UP
CPEB4	0.839205968962241	1.45015656954801e-12	1.92789444218384e-11	1	UP
MIGA1	0.570466924211415	5.28620121384456e-10	5.59230554474874e-09	1	UP
P2RY12	1.49388503483847	0.00871533435687081	0.0277902243581509	1	UP
EFCAB6-DT	-1.53379009284765	0.230904053881622	0.388089611845001	1	DOWN
POPDC3	-1.01362617776243	8.1620874344506e-09	7.73444757477021e-08	1	DOWN
UPK3BL1	10.3133024552967	0.00830219235900908	0.0266137936512955	1	UP
MOCOS	-0.0855463861677941	0.886910951014892	0.936554633037355	1	DOWN
RBM27-POU4F3	-0.146142779300187	0.722768561557566	0.835295101469013	1	DOWN
MGST3	0.128256792780005	0.0805384550389901	0.174260774998347	1	UP
ABHD11	-0.508955436584775	0.0255648784015088	0.0684017881466772	1	DOWN
HEMK2	0.185849604512198	0.155827028895948	0.28992614839389	1	UP
TNPO1P1	0.175819642303971	0.530425586507389	0.687336814079831	1	UP
PDC-AS1	0.611974454845914	0.240755836246306	0.399719966635497	1	UP
TP53INP1	1.0079428601652	5.47697566274095e-42	2.9098446802305e-40	1	UP
DSN1	-1.4122736251493	1.17134878901819e-21	2.76136400491058e-20	1	DOWN
KIAA1755	0.211435723945192	0.564207422982165	0.715207146448708	1	UP
MTCL2	-0.233997780971194	0.000136069388159117	0.000687050568933403	1	DOWN
ACTG2	1.93030987563464	0	0	1	UP
FBXO41	0.351285175101417	0.0093955950402741	0.0295485840972799	1	UP
FADD	0.0402626521117694	0.743488178299101	0.848266829670007	1	UP
FRS2	-0.186550363503942	0.757209923418017	0.856752317829139	1	DOWN
SGPL1	0.661067767622263	1.75987110006969e-17	3.32443101530812e-16	1	UP
TNFSF12-TNFSF13	-7.78127770570915	3.3847814088591e-10	3.65025941338977e-09	1	DOWN
CCT2	0.357453378357556	1.2242540272899e-08	1.12973786388035e-07	1	UP
IER5L	0.0817219339225551	0.611241908412075	0.752774571200179	1	UP
PCBD1	0.298650964920079	0.0208563706962275	0.0579495121959592	1	UP
H2AX	-1.50760804554205	1.90955568918276e-30	6.58591629221481e-29	1	DOWN
ZNF776	-0.0955571313587556	0.511656865893169	0.671933239642147	1	DOWN
ZNF385A	0.375164518865904	0.0203067014392327	0.0566728741789015	1	UP
FOXO4	0.483572877838257	0.0112630017189787	0.0345126458526211	1	UP
PTP4A3	-0.952494761173568	0.0297634519220905	0.0775674740714391	1	DOWN
TMUB2	0.238614164266968	0.121786152138589	0.240671041356113	1	UP
COL4A5	0.0883266690675841	0.160250327159748	0.296286780678802	1	UP
AGRN	0.647659090413599	5.45880439713791e-05	0.000297007463640964	1	UP
NHS	-0.905171319251288	3.32980640393307e-11	3.95715726506882e-10	1	DOWN
BEX4	0.0893480828127899	0.652242167221736	0.786314470553208	1	UP
DGKZ	-0.0451342104743559	0.673601052495069	0.801332598553294	1	DOWN
PAMR1	0.463868506603723	2.30448583339238e-18	4.59974099148526e-17	1	UP
ARMCX3	-0.518969616250859	0.410007730743184	0.580267946491949	1	DOWN
BBOF1	0.919770554764878	5.98930510204483e-08	5.07633126273606e-07	1	UP
IFI27L2	0.45747209134198	0.00203775647930115	0.00778625565372314	1	UP
NEK9	-0.562999199055815	1.54833711440083e-09	1.57459673752332e-08	1	DOWN
VPS33A	0.231972270161065	0.0215888940899527	0.0596408159995998	1	UP
SETD1B	-0.145791274396842	0.0932417074502197	0.195771820203091	1	DOWN
TRPV2	0.173373037757414	0.0612721223502902	0.139659848593698	1	UP
LIN7C	-0.793462054079391	7.69703754243092e-20	1.6904238529737e-18	1	DOWN
ZNF85	0.0633514331262824	0.877444605140392	0.932104498973109	1	UP
ETHE1	0.383902552988682	0.0044238945158337	0.0153603314868604	1	UP
JCAD	0.158970231112121	0.00408202318655231	0.0143143210552942	1	UP
STK32C	-0.0258927954213449	0.925398248278674	0.9587704391938	1	DOWN
CYRIB	0.360533005224526	0.000271068394006071	0.00127887997446351	1	UP
ASAP1	0.04722245705612	0.743791343457587	0.848411769224532	1	UP
OAZ2	-0.595383272817431	0.274475820490813	0.438524055490629	1	DOWN
BLOC1S4	0.1217789793643	0.566258433215563	0.716989452238509	1	UP
FAM76A	-0.31315381044915	0.0123490336666355	0.0372714882031223	1	DOWN
BRWD3	0.487057072197565	1.69994368811099e-08	1.54308330633743e-07	1	UP
PIGO	0.00235990408158985	0.9873448664514	0.992677857734374	1	UP
STOML2	-0.766874174832532	2.93567736243202e-09	2.91770794804024e-08	1	DOWN
VCP	-0.120507127328094	0.0489251266465038	0.11668872836584	1	DOWN
MRGBP	-0.502594904803708	3.67197579093807e-05	0.000206411719874279	1	DOWN
PSMA7	-0.264732324096744	0.000662804865744848	0.00287144742053889	1	DOWN
MTG2	0.0217706477067475	0.900257144212257	0.943204233380071	1	UP
SLCO4A1	-2.37951609005527	6.80197825736953e-06	4.36674312737659e-05	1	DOWN
CFAP20	-0.211168479276998	0.116347338046044	0.232549845380827	1	DOWN
TBXA2R	-0.0467211651235043	0.879212550071974	0.932719172007789	1	DOWN
DBF4	-0.406635637398302	0.0335789929000966	0.085461434730415	1	DOWN
CHEK2	-0.625159426213365	0.000379497247442211	0.00173438163276009	1	DOWN
TRAIP	-2.04670021284897	6.67631427717179e-06	4.29369904848285e-05	1	DOWN
KREMEN1	0.288959184513613	0.619720166600271	0.759959055835684	1	UP
SAMD3	-1.10235627564697	0.0171348880749721	0.0491821070261019	1	DOWN
TMEM200A	-1.57926524334363	1.15741654214108e-64	1.23895010744302e-62	1	DOWN
ZFYVE27	0.452652815157572	0.00090309678129171	0.00377732317986874	1	UP
MARVELD1	-0.768158993076508	7.79919415143711e-05	0.000411486508515581	1	DOWN
PI4K2A	-0.425542551561011	2.45463199610946e-06	1.69884516167518e-05	1	DOWN
TMED8	0.00989308668775331	0.921524537945738	0.956562187396804	1	UP
SAMD15	0.554173282794891	0.174369175527096	0.315386999195345	1	UP
SOX9	1.16025026580461	0.0339892096927985	0.0863382086958395	1	UP
ICE1	0.139176089640706	0.0416906270187969	0.102267241077023	1	UP
RPS3AP49	-0.291120134492386	0.379779963359835	0.549859668090803	1	DOWN
ERH	-0.337352336998362	3.72203977134675e-05	0.0002086392425746	1	DOWN
SHPK	0.478462250511359	0.001254387817854	0.00508618360151744	1	UP
VEPH1	-0.803275633471137	7.99368123242903e-06	5.06652138113298e-05	1	DOWN
SLC25A23	0.578719462700725	6.39160487349072e-05	0.000342854795942147	1	UP
CHTOP	-0.00940417531268608	0.944527701498135	0.967823770937997	1	DOWN
RCN2	-1.0783267111227	1.60478629119499e-26	4.80140097185482e-25	1	DOWN
ITPR3	-0.693004178635403	1.26117929748906e-16	2.24726288878106e-15	1	DOWN
TIMM10B	-0.496902447739304	0.000510258462438987	0.00227374191819482	1	DOWN
SNAP23	-0.825187701296498	4.07902439922524e-07	3.11868922076539e-06	1	DOWN
DLG5	-0.0436441670914614	0.523355283369846	0.681659053625745	1	DOWN
MOSPD3	0.467855606504907	0.0681131057483133	0.151734621730981	1	UP
DOHH	0.405925587580417	0.12182073007576	0.240671041356113	1	UP
MAU2	0.0550865058938639	0.619650585893755	0.759956769647005	1	UP
RPSAP15	-0.119278525230886	0.266081770369762	0.429166066263932	1	DOWN
ZNF671	0.25309923478425	0.486914187029079	0.65019376425404	1	UP
DUSP4	-1.16741325202359	0.00323073124932162	0.0116398148302036	1	DOWN
ZNF793-AS1	0.411628717006971	0.454945621817482	0.622771886580421	1	UP
MECP2	-0.0231156308093818	0.744544793175059	0.848868169882416	1	DOWN
SNX18	0.197357484989704	0.0030735300425926	0.0111456920064004	1	UP
AURKB	-2.01453912005067	9.59318726150903e-20	2.10047195630405e-18	1	DOWN
TMEM107	-0.949292983954513	0.00262565595470458	0.00974155435210164	1	DOWN
LIN52	-0.405188465252925	0.0374664603624604	0.0936688599190141	1	DOWN
C3orf38	0.101544030348148	0.311788559718331	0.479580252952592	1	UP
ASB9	-1.1075602711673	0.259386701405243	0.421310241880091	1	DOWN
GMDS-DT	-0.00724922963720352	0.97276943238857	0.983798101158039	1	DOWN
RGS17	0.716372566855844	0.327078917190079	0.49657925668226	1	UP
YTHDF1	0.0799705796349057	0.403653739915891	0.574436162981025	1	UP
GMPPB	-0.196603677556591	0.147556378983609	0.278010069451386	1	DOWN
SCML1	-0.405210410398521	0.00170598493158788	0.00665044193320109	1	DOWN
LIX1L	0.0444624096184411	0.567626379314973	0.718218090139276	1	UP
MILR1	-0.451071008677795	0.0679446504183566	0.151429386674224	1	DOWN
C9orf40	-0.793588050279982	3.53672488944286e-05	0.00019964535694273	1	DOWN
RNF20	-0.114721262268453	0.227735290344564	0.384269376096083	1	DOWN
POLR1E	-0.498570464282652	0.00387450156638582	0.0136762144933663	1	DOWN
PLAA	-0.00346790066686227	0.970581215247243	0.982682680872778	1	DOWN
CSPG4	0.693645171583135	7.80073928699748e-42	4.12924847752383e-40	1	UP
SPINT1	1.04971181403763	0.0276061935345608	0.0729451641557759	1	UP
FBN1	0.378836583358982	1.18460881056008e-14	1.85330434424295e-13	1	UP
ZFYVE19	-0.102149252012662	0.583164781353649	0.731648936424466	1	DOWN
UBE2NL	-0.113096869394605	0.870730340078668	0.927956204858912	1	DOWN
ACP6	0.52322234588065	0.000889261697235737	0.00372917028054371	1	UP
ZNF622	0.317021003662685	0.000297552639324326	0.00139381951081875	1	UP
PSMB8	0.103680357741597	0.314598046886706	0.482503969822749	1	UP
BACE1-AS	0.195624789123567	0.494556273307569	0.656576270607963	1	UP
TAP2	-0.00954182466901822	0.902401667979242	0.943927707507109	1	DOWN
RBPMS-AS1	0.584615883255327	0.29620920477737	0.462908967042043	1	UP
GNA12	-0.443298337226438	2.5121731671107e-10	2.74817671748045e-09	1	DOWN
VGLL3	0.409293587486865	2.2023992246692e-09	2.21534488745738e-08	1	UP
CFAP44	0.652578492522584	0.000594319212132622	0.00261048842994788	1	UP
LNP1	-0.767454813968139	0.094936545991589	0.198571142875156	1	DOWN
ZBTB46	-0.0299947782496121	0.880230360837732	0.933301879876089	1	DOWN
HELZ2	0.542694362897912	3.88702110326078e-05	0.000217213232649735	1	UP
GDI2P2	-0.260396030254663	0.441976811254659	0.610262459338914	1	DOWN
TTI2	-0.0939665600995966	0.548241856004531	0.701491328238133	1	DOWN
ASH2L	-0.165206374956726	0.212235228049869	0.364618819710919	1	DOWN
C21orf91	-0.380429602633983	0.02824533597997	0.0743349754592144	1	DOWN
BTG3	-0.00887874037366034	0.927500794485973	0.959366829941793	1	DOWN
CFAP298	-0.249698640590668	0.19921529386613	0.347982619564782	1	DOWN
RPS6KA6	0.159648800566368	0.0185145762661877	0.0525099095810123	1	UP
UBA5	-0.101698723924753	0.247169975398652	0.406631752559873	1	DOWN
TRIQK	-0.281148134070737	0.0819894016611478	0.176760979174287	1	DOWN
PTPN18	-0.185930584265301	0.211346844557973	0.363604376492972	1	DOWN
EPN2	-0.183302408587488	0.0446762083845508	0.108234012969848	1	DOWN
GTF3C2-AS2	-0.792079410793519	0.282336832118851	0.447864935340232	1	DOWN
RUNX1T1	-0.160772379513125	0.0895554050472945	0.189399262159879	1	DOWN
BDH1	-0.56645224517693	0.00322169608414815	0.01161241642593	1	DOWN
HIVEP1	0.622221448060853	9.05896083952275e-09	8.53396630325575e-08	1	UP
ZNF121	0.459607035985187	1.17889300463228e-08	1.09206300063725e-07	1	UP
CD248	-0.0256988650825875	0.6921633369434	0.815025547250631	1	DOWN
FZD4	-0.245813738188883	0.000292678662558484	0.00137276837151336	1	DOWN
UCP3	0.832636029043987	0.00106350405262199	0.00437356205590221	1	UP
FHOD3	0.564762096362208	0.0805012447448542	0.174228469044165	1	UP
TPGS2	-0.0484465556689217	0.673958915604315	0.801371456558406	1	DOWN
IL13RA1	0.0451072800119502	0.48215395467234	0.646274715713456	1	UP
WDR44	0.378598271651073	8.43806526781406e-07	6.20552067100158e-06	1	UP
EID2B	-0.294121362758993	0.36453258796169	0.535026149205858	1	DOWN
LCDR	-0.73998814639535	0.345943250795993	0.515756310456298	1	DOWN
KCMF1	-0.500676254452158	1.01004991699593e-10	1.14211512914775e-09	1	DOWN
LOC105378482	-0.101606776545484	0.903605508103967	0.944639793346847	1	DOWN
FUNDC1	-1.75392558244691	1.83386786913757e-10	2.02763768759809e-09	1	DOWN
PLSCR1	0.438663429881971	7.41553560499358e-05	0.000392966281729968	1	UP
CENPP	-1.68497407185516	4.15469112206938e-07	3.16163461848471e-06	1	DOWN
C3orf62	0.131369038249824	0.45607720702912	0.623889787843413	1	UP
ABRACL	0.934095609497253	4.67288736682211e-15	7.49477195759671e-14	1	UP
TMEM205	0.0189249217818051	0.925557437541014	0.958809292714698	1	UP
CAPS	0.193793643248517	0.47331391679102	0.638745728641714	1	UP
RAB3D	-0.716058123808562	0.0897719174577421	0.189718335651043	1	DOWN
DBP	-0.538729255389844	0.0964863433857529	0.201404614801028	1	DOWN
TCF3	0.233403496798119	0.0272003969011554	0.0720837952720698	1	UP
LLGL1	0.116541837178552	0.401117175681881	0.572034330758596	1	UP
EBAG9	-0.498763658212947	0.0222234042146396	0.0610004512212036	1	DOWN
LRP12	0.621821266434993	0.00141877927440756	0.00564814856596795	1	UP
DRAM1	-0.865024038764105	1.01146705090012e-66	1.16933682820461e-64	1	DOWN
APPL2	-0.208424794628293	0.00484162930160569	0.016650734183128	1	DOWN
PWP1	0.0598633589125013	0.524148075999323	0.682206152015592	1	UP
PLXNC1	-1.6177651936082	0.00959077418558098	0.0300692459129471	1	DOWN
AAK1	0.354998300887086	6.09741041226174e-10	6.39431624583414e-09	1	UP
THADA	-0.236235949721762	0.0315695047907886	0.0813500202802579	1	DOWN
FER1L5	-0.123207037886612	0.727297135368694	0.838465967547906	1	DOWN
KDM2A	0.0849962351005202	0.244177703754346	0.403663323825806	1	UP
LOC124904411	1.42732955597325	0.043613965578569	0.106123154836824	1	UP
RHOA	-0.206744060222553	0.0002979948482895	0.00139540372565958	1	DOWN
SURF1	-0.13156570430493	0.437026359617023	0.605800280366964	1	DOWN
SURF2	-0.379221239239504	0.190069599585585	0.336447089403186	1	DOWN
FIS1	0.119615823228336	0.27605541446989	0.440463375787168	1	UP
SURF6	-0.094497022023107	0.516459148993106	0.676092695324555	1	DOWN
MED22	0.40934184630806	0.23749440234643	0.395897059442642	1	UP
SLC44A1	-0.848487055413747	7.60321299793963e-08	6.35449131229882e-07	1	DOWN
CRIPT	0.0891520192458285	0.42961286377102	0.598286771963417	1	UP
KIAA0408	-0.339499436151502	0.260553499994947	0.422825224977763	1	DOWN
CEBPZOS	-0.150544093317377	0.0701290423585818	0.155339483618005	1	DOWN
HEXA	0.159086524390631	0.0104875036295328	0.0324498803892684	1	UP
RPL11P3	0.816222461029917	0.000304037771543616	0.00141776374203833	1	UP
NDUFS3	-0.0480602709375951	0.727550392359993	0.838546053024971	1	DOWN
TOP3B	0.0978149989999464	0.500540855250849	0.661606288149457	1	UP
CTDSPL	0.655357544706172	0.0345882118896442	0.0874906791558285	1	UP
GOLGA4	-0.335512878926338	1.09343724630661e-06	7.92043190294578e-06	1	DOWN
SLC22A14	0.349411365046247	0.621937703599741	0.761727413740135	1	UP
MAPK1	-0.00395600265513164	0.94313349881518	0.967297529551325	1	DOWN
GGT1	-0.138012412930953	0.748295739350758	0.850925443247941	1	DOWN
PPM1F	0.0503848651399082	0.593095179797802	0.738545320401382	1	UP
CWC15	0.0228768947445913	0.886475786653079	0.936511380620488	1	UP
EPG5	-0.745110671966665	9.68891751368032e-48	6.48215495324974e-46	1	DOWN
PSTPIP2	-0.062612431892548	0.594942873224158	0.739571566534392	1	DOWN
SMG7	-0.278780702469784	0.158375271579543	0.293452194781221	1	DOWN
MIIP	0.528759530524649	0.00887993691838078	0.0282154723851189	1	UP
LIN7A	-0.737376179288744	0.114015804375848	0.228902804811806	1	DOWN
RAB13	-0.00113880409957702	0.989698118331941	0.99429172477574	1	DOWN
JTB	-0.210492345136126	0.161194742942846	0.297424059022864	1	DOWN
SCAMP3	0.157992610365748	0.219144063178504	0.373537491978363	1	UP
TRIM62	0.539527807116297	0.00459585951838539	0.0158886743946744	1	UP
C1RL	-0.0109907219543695	0.936628411531246	0.964115476532377	1	DOWN
TMEM117	-0.833727668136849	0.000125846432616165	0.000639453866995851	1	DOWN
PRICKLE1	0.950847220816804	7.30616660739635e-40	3.53115095797608e-38	1	UP
CNRIP1	-0.899753833165956	3.55267111543936e-19	7.56106778928044e-18	1	DOWN
BAG1	0.287992359117022	0.0618602379902378	0.140711836801027	1	UP
RPIA	-1.41756521968475	2.75481140110398e-14	4.16420288256837e-13	1	DOWN
ZC3HAV1L	0.262347274694266	0.131696892242872	0.254648303355723	1	UP
BRIX1	-0.246874838699037	0.0147368014631713	0.0432746825830568	1	DOWN
PGM2	-0.276644877728986	0.00082264118694472	0.00348519137863915	1	DOWN
FGD1	-0.479777566241232	0.000135711037020979	0.00068572034824831	1	DOWN
PIN4	0.0619257931570225	0.738206721943135	0.845579053487654	1	UP
GOLGA8F	2.03411656405273	0.00220685276860811	0.00835943102468042	1	UP
RPS4XP11	-0.160105073664614	0.791943753219122	0.878420312319183	1	DOWN
EFHD2	-1.08475092307795	5.26638134943007e-21	1.22158068829236e-19	1	DOWN
ARHGEF19	-0.164357278917576	0.601002356073623	0.745069841158065	1	DOWN
SUFU	-0.213451534478624	0.122711753873919	0.24192463236453	1	DOWN
PPP4R2	0.253719634146298	0.000598040054049408	0.00262523597237788	1	UP
GTPBP8	-0.290054499229527	0.0905419241781418	0.191076139570663	1	DOWN
NDUFS5	0.16447196538916	0.0374714330628898	0.0936688599190141	1	UP
RYBP	0.146939803722239	0.0274461062746612	0.0726416999588148	1	UP
RMP64	0.131145994481013	0.333686213925921	0.503420395784987	1	UP
ZSCAN16-AS1	-0.061173064228373	0.803617749037864	0.885145299651353	1	DOWN
KAT2B	-0.175881286952173	0.0538542623847915	0.125909714564411	1	DOWN
ELL	0.159968285571724	0.2646470758019	0.427691220354871	1	UP
ISYNA1	-0.138601021825875	0.297172635153991	0.463912903814446	1	DOWN
PPFIBP2	0.0676741937661451	0.624296650327813	0.763556610888833	1	UP
FARP1	-0.0100460863342901	0.835587370536489	0.905489267575865	1	DOWN
DNAI4	-0.212204165167182	0.396401332618995	0.567224047695524	1	DOWN
DYNLT5	-1.07316558057359	0.00905845326846813	0.0286504066935069	1	DOWN
RPL7P22	-0.167573727155681	0.647848946085524	0.783462076929159	1	DOWN
GPR3	0.586252273593014	0.159043374220642	0.294394236052581	1	UP
RNF6	-0.0281565412709716	0.791558402297704	0.878359706390664	1	DOWN
ABHD14A-ACY1	-0.136123674875501	0.870953114319809	0.927956204858912	1	DOWN
EIF1B	-0.00608503888001457	0.958839127540594	0.976051599709681	1	DOWN
CLCN6	-0.11181953770386	0.372638665166913	0.543281007902246	1	DOWN
MRC2	0.213735872645369	0.000676755945807656	0.00292370707709012	1	UP
ZNF674	0.200500002487243	0.314624241065654	0.482503969822749	1	UP
FBXW4P1	0.0058608551576997	0.987388521699114	0.992677857734374	1	UP
ITIH3	0.88968850248012	0.000251578882110232	0.00119748564735671	1	UP
FBRSL1	0.0341592006001469	0.769900975525389	0.863941527979298	1	UP
HCP5	0.510637459926509	0.00181114458309202	0.00701873166271461	1	UP
SPAG7	0.194602910049783	0.169274214271206	0.308627513302195	1	UP
KPNB1	-0.398925169614159	7.02809513074712e-17	1.27591711977923e-15	1	DOWN
TUBD1	-0.463396620999537	0.0477592083890375	0.114398859676775	1	DOWN
LOC101928893	-0.49626522701341	0.263663687952778	0.426435809133251	1	DOWN
RTEL1P1	-0.497461692097881	0.383533453624832	0.553414072724158	1	DOWN
PHF19	-1.85456209265222	4.42684493150494e-44	2.61111575939502e-42	1	DOWN
FBXW2	-0.611421123544064	9.60649172313024e-21	2.18964372067753e-19	1	DOWN
TRIM32	0.468890560373387	0.59469716897022	0.73939333982523	1	UP
NEK6	-0.164282960596265	0.0163579844204741	0.047325171743798	1	DOWN
SPON2	1.08037394095587	2.22809331930987e-34	9.09553010094546e-33	1	UP
SVEP1	-0.482979907075271	1.94865684489308e-12	2.5646666726366e-11	1	DOWN
PGM5	1.43074933152837	2.85241549906887e-05	0.000163962833639794	1	UP
ZNF107	0.194295710529128	0.244834712819571	0.404216432646592	1	UP
GIHCG	-0.499925659914398	0.124775052512056	0.244989712479853	1	DOWN
OXR1	-0.0635711960452036	0.473761584818051	0.639127022237272	1	DOWN
PDGFRL	-0.500826073733085	0.135333527125088	0.2598943256458	1	DOWN
ENPP1	-0.572577754862144	0.0107578371971248	0.0331686591285792	1	DOWN
CSPP1	0.0286444890875137	0.765304788194646	0.861392592429382	1	UP
ZDHHC2	0.26721421612966	0.000322514994199929	0.00149572021218972	1	UP
TGM2	0.123254075654485	0.0355739260367394	0.0895919841681633	1	UP
ZBTB37	-0.0733135375061842	0.740419431834426	0.846592673282798	1	DOWN
TMEM140	-0.108672176489474	0.583356413024785	0.731648936424466	1	DOWN
RPL13AP26	0.857689114010061	0.165038480921109	0.302507748324575	1	UP
ABL2	0.640236812968058	5.00665140606791e-33	1.94492256637332e-31	1	UP
ZNF718	-0.312060982705436	0.223274893730841	0.378730945408965	1	DOWN
SMIM20	-0.445266816967991	0.0219547429284387	0.060431998106451	1	DOWN
PLCD3	-0.453396549262822	3.37643660483017e-05	0.000191419715089842	1	DOWN
ZBED9-AS1	0.879249275817038	0.0311208748319774	0.0803228723337927	1	UP
MPP7	0.131996177899413	0.656181069642709	0.789106282352728	1	UP
MKX	0.570766733382453	0.000549438342561789	0.00243630975402283	1	UP
RN7SL775P	-0.585397755840307	0.359066108682951	0.529421930066047	1	DOWN
MICU1	0.00478510819289447	0.956842022029467	0.974922376108569	1	UP
RNF152	0.610732438740825	5.24985719019569e-08	4.48909386127325e-07	1	UP
SMCO4	-0.0494899418432427	0.886557133846792	0.936511380620488	1	DOWN
ZNF560	0.450625877101277	0.576136443552592	0.725934932930378	1	UP
ZNF335	0.035536282526333	0.778582108890858	0.869564112804837	1	UP
TFIP11-DT	-0.389350692073291	0.457064562503466	0.624649138711707	1	DOWN
TADA3	-0.0996935353921308	0.278489567949001	0.443514739522924	1	DOWN
EOLA1	-0.0777777271777069	0.741004251242782	0.846998863113426	1	DOWN
CDC42SE1	0.20424573734005	0.00325935820300042	0.0117195783507238	1	UP
TTC4	0.0996151890801637	0.439352829603666	0.608208424236285	1	UP
MBD5	0.0447077036603927	0.631047980672866	0.768845322376156	1	UP
DNAJC3-DT	-0.415371460776887	0.377911565499887	0.548389462660046	1	DOWN
ZNF491	0.282545036516854	0.181766508760567	0.325294784481123	1	UP
PIDD1	-0.141219505803953	0.571204262102333	0.721734090376918	1	DOWN
MARK4	0.251181343785565	0.00820592448008782	0.0263285556531415	1	UP
NPPB	2.28152546352621	1.87606355776615e-23	4.78992835216937e-22	1	UP
DNAAF9	0.345302990535229	7.52955685719078e-07	5.57140942873855e-06	1	UP
CCM2	0.109497576988614	0.323473476164036	0.492780434750842	1	UP
HOXC8	0.575680655223374	0.192527366074286	0.339718608302277	1	UP
CRYZL1	0.129010818639923	0.308199475670752	0.47537523993148	1	UP
EOLA1-DT	0.817324509190595	0.0226190150127221	0.0619067018842513	1	UP
CBLL1-AS1	0.155221085730814	0.739634820823662	0.846236684166849	1	UP
SLC39A1	-0.347562524276784	0.230476172057069	0.387415512666826	1	DOWN
FYCO1	-0.680449650089578	0.000161780510077464	0.000803951221158677	1	DOWN
RPL26P4	0.18558531153121	0.577422548716406	0.727048292367412	1	UP
SALL2	-0.267707274034554	0.114269002339301	0.229283720189564	1	DOWN
SINHCAF	0.767104160985469	8.90874041284492e-09	8.40830018582295e-08	1	UP
DDX60	-0.0956586519231697	0.288191322988152	0.454259686791207	1	DOWN
MT-ND3	0.487537440099087	1.00767224046869e-10	1.14031883688434e-09	1	UP
KTI12	0.108963717851576	0.453758162379314	0.62186514976628	1	UP
SELENOT	-0.895779671615211	0.0947069562033446	0.19826310648914	1	DOWN
TOX	0.627482835860764	0.000401904631363005	0.00182482824352657	1	UP
UBE4B	-0.157834969181353	0.0174859208173217	0.0500374340061616	1	DOWN
NOL11	-0.031327290414073	0.801769854988518	0.884003453441213	1	DOWN
THAP2	0.477681703778361	0.0253727643716091	0.0680010789937172	1	UP
MAPK8IP1	-0.0353878377706545	0.893859024489431	0.940066903630049	1	DOWN
UQCC4	-0.173053265991291	0.440348537394008	0.609012319073242	1	DOWN
STMN1	-0.77947039805903	5.18543628226335e-05	0.000283200074508646	1	DOWN
EMX2	-0.151050105044096	0.123675443183314	0.243359726231219	1	DOWN
DCPS	-0.729325913520518	0.00123720152129533	0.00502213460231427	1	DOWN
PUS3	0.22697956190824	0.284823803990189	0.450455187087157	1	UP
KMT5B	0.000972311467538025	0.995000061960289	0.997277423733398	1	UP
SART3	-0.170739442699916	0.0463594531976186	0.111619536514293	1	DOWN
PCYOX1L	-0.0982588879699107	0.568116016622892	0.718711770657219	1	DOWN
COPB1	0.165393647574032	0.00817923509708586	0.0262739441599182	1	UP
AP2B1P1	0.0218591167598187	0.94227266123593	0.966757701634393	1	UP
TBC1D3	-0.218977031146699	0.348485257376102	0.518316226259989	1	DOWN
LOC105370921	-0.515692766516162	0.424182531010149	0.592658005958394	1	DOWN
ABHD10	-0.237531781761104	0.174143280663025	0.315080073727479	1	DOWN
PHLDB2	0.368018580841015	1.74812906881361e-08	1.57987574568014e-07	1	UP
REN	0.162443729291278	0.419099978290407	0.588344063170261	1	UP
ZNF581	0.0617452601942052	0.800142034354933	0.883208828340894	1	UP
MRPL36	-0.354970169157704	0.202776640979598	0.352384247095467	1	DOWN
OAS3	-0.0054185450258437	0.960107128539677	0.97700923276719	1	DOWN
OAS2	0.620039334147446	3.53006869399843e-06	2.37933874519456e-05	1	UP
ACVRL1	1.1090338300384	0.000838053579682146	0.00354114394151658	1	UP
GDF11	-0.0426416997108419	0.601043180349733	0.745069841158065	1	DOWN
PGK1	0.136448900762933	0.0128489025304681	0.0385227158646877	1	UP
PLA2G4C	-0.620087775401959	2.64439681005854e-06	1.82319552968301e-05	1	DOWN
ZNF175	-0.207149315150591	0.0875009438281399	0.185897697627235	1	DOWN
SRI	-0.199776517828629	0.0432993491183539	0.105517520085891	1	DOWN
RIPOR3	-2.323018441975	7.34011254789001e-11	8.42509661870997e-10	1	DOWN
CSPG4P13	0.600982702518015	0.183757192686371	0.327998417923758	1	UP
THSD7A	0.54769616552038	0.130662099130142	0.253177526753779	1	UP
PIAS2	0.105336400336814	0.168264816982373	0.307252321229754	1	UP
MBOAT1	-0.603020157665565	0.000278065885597364	0.00130975557782513	1	DOWN
CCN1	0.157686595555567	0.00121215600524478	0.00492738858840853	1	UP
PRKACB	-0.0381283998530512	0.601499689545862	0.745350026893093	1	DOWN
MOB4	0.126460784435838	0.210349610369343	0.362264595333974	1	UP
CCDC92	1.52634468552255	1.31165024929171e-41	6.84283673375975e-40	1	UP
KDM3A	0.744475942728842	1.24519609645501e-11	1.52882997365092e-10	1	UP
PIP5K1A	0.0322363955917555	0.709730531831975	0.826418223896137	1	UP
PPP3R1	0.545493221338173	4.55888235290913e-21	1.05917056080209e-19	1	UP
PEX39	-0.713740850410381	0.0879401920503669	0.18666623315509	1	DOWN
PSG3	0.0881294446807666	0.848664351834453	0.91427229374979	1	UP
FANCG	-1.23858984788804	4.83332136986663e-05	0.00026587867192974	1	DOWN
CAPZB	0.233992195081401	0.00492185789876555	0.01689046983972	1	UP
ST6GAL1	-0.23047807153609	0.388267749659096	0.558470127493336	1	DOWN
CDKL2	-0.166299887264528	0.769711846650533	0.863930555024998	1	DOWN
USO1	-0.0932746500725419	0.0907688258142529	0.19146114462732	1	DOWN
DUS3L	-0.225605190560872	0.256490964036172	0.418205000709322	1	DOWN
SCARB2	0.00247868985807353	0.961641860590173	0.977813574964016	1	UP
CNOT6L	0.361719291582297	0.130965083683049	0.253560614188604	1	UP
CCNG2	0.314169504707373	0.0337207897721364	0.0857468120705865	1	UP
ABCB10P4	0.902857060921669	0.0154319703699568	0.0449702367042238	1	UP
VAPA	-0.0923003897472966	0.202048355392483	0.351408275513481	1	DOWN
TRAPPC2	0.745855335075729	2.9596535618744e-11	3.52596484935259e-10	1	UP
USP14	0.169497529300232	0.00628939531741429	0.0208554501450101	1	UP
PPP1R13L	1.13936680195285	4.72277008709611e-19	9.96332124505487e-18	1	UP
TOP6BL	0.519695831807298	0.0129554456225809	0.0387858182498273	1	UP
DOT1L	0.115907583909923	0.269938390728226	0.434106352594435	1	UP
SVIL	0.354704521156225	0.0252678242789839	0.0678204548023024	1	UP
GATAD1	0.0860962890266084	0.386492409761323	0.556738617769226	1	UP
FAM171A1	-0.554728006328884	2.07593327314924e-08	1.86099948699005e-07	1	DOWN
PLEKHJ1	-0.161598887669283	0.630384647929467	0.768361044806742	1	DOWN
KIF20B	-1.95056561378568	2.60753350437375e-87	5.30724882700071e-85	1	DOWN
CEP55	-3.18858728080078	1.19417625677003e-117	4.10881930632945e-115	1	DOWN
MRPL37	0.148057684553982	0.226864224196377	0.383485191702169	1	UP
SPAG1	-0.0991498691542349	0.635289801443833	0.772905617163229	1	DOWN
RGP1	0.146407693189985	0.102492524132516	0.210769415301288	1	UP
MPDZ	-0.0413471561542756	0.566874086444425	0.717706099807989	1	DOWN
RPS10P3	0.0727551465115	0.688408276814611	0.811765647347854	1	UP
PRKCSH	0.11575528611878	0.0932459648784082	0.195771820203091	1	UP
NPIPB9	0.922599741996397	0.363313954362545	0.533724708192857	1	UP
WDR45	0.051791894787493	0.709755489362325	0.826418223896137	1	UP
TCF20	0.329248277147573	0.00536287102856515	0.0181751522593328	1	UP
DMC1	-2.96121601389371	0.00630420905089959	0.0208949827969151	1	DOWN
DDX17	0.149897849241319	0.000582788518035713	0.00256608070509875	1	UP
TIMM44	-0.388610248123343	0.0145414411296752	0.0427458026372938	1	DOWN
EOLA2	0.0488187849490563	0.780232763297038	0.871003759166126	1	UP
CCDC61	0.0913973076971607	0.699007656066655	0.819408263237971	1	UP
HSCB	0.0448314473697002	0.846094127192445	0.912387600332663	1	UP
ZNF398	-0.0798204632003419	0.474810644182642	0.639885164513976	1	DOWN
KIN	0.286778481988262	0.0472050167628471	0.113296744268378	1	UP
LINC00622	-0.550184147733434	0.32943402233968	0.498857515121395	1	DOWN
PTGER4P2-CDK2AP2P2	-0.489085004371534	0.398071679712516	0.569163336650398	1	DOWN
MALSU1	0.106844511679631	0.4686197081718	0.634158440616544	1	UP
PSMA2	-0.382909072288552	0.00158958243810369	0.00623705018002618	1	DOWN
SEMA5A	0.292736415911304	1.13847653094871e-08	1.05733446971336e-07	1	UP
CDKN1A	1.19615119852501	8.97954984121053e-85	1.60201820685597e-82	1	UP
SOX4	1.30563825452942	3.65646916596489e-77	5.39179958340394e-75	1	UP
GLO1	-0.808988261371583	2.75008439173205e-29	9.1359700103264e-28	1	DOWN
RFNG	-0.222892860346127	0.126669659405359	0.247666519830448	1	DOWN
TOLLIP	0.0542630648484568	0.820814580753978	0.895755286699572	1	UP
MRPS21	-0.015599395427862	0.864115349227859	0.923482540429803	1	DOWN
BMI1	-0.888290425323043	9.84694482090684e-17	1.76241222513315e-15	1	DOWN
MGAT2	-0.336071213025315	0.00491918808184478	0.0168861472875812	1	DOWN
THAP11	-0.90671481147262	2.27472924147633e-08	2.02664070706378e-07	1	DOWN
MMADHC	0.0464115279300544	0.518230736665613	0.677546156370093	1	UP
ZNF610	0.20907048458207	0.357871274070038	0.528227780454038	1	UP
ZNF528	0.287491397448574	0.243938864335962	0.403474937452099	1	UP
RPS6P25	-0.232884738841772	0.713610814077825	0.829170207786335	1	DOWN
SIKE1	0.293113013513009	0.00139135630246216	0.00555581374050309	1	UP
FERMT3	0.308469848728761	0.460436668242909	0.627299923897264	1	UP
PLCB3	0.107806666150594	0.253129740854017	0.413845218359701	1	UP
GRPEL1	0.497936301428715	0.0145281931705801	0.042715548221374	1	UP
GLI4	-0.0777072819425109	0.797104485646526	0.881395433627512	1	DOWN
RINL	0.68657640265973	0.230469856503836	0.387415512666826	1	UP
DNAH14	0.167249846804302	0.407878244847513	0.578832221967142	1	UP
ZNF787	0.0106846603134356	0.947929540555835	0.969944756112184	1	UP
CACNG8	-0.32566073031788	0.552801751191262	0.705701246154146	1	DOWN
PKDCC	-0.166865301333062	0.397339033493751	0.568284478723099	1	DOWN
RNLS	0.406133433509491	0.0653560556138971	0.146974845888022	1	UP
SERPINH1	0.365266752501657	1.06083022578039e-05	6.59641032390379e-05	1	UP
TENM4	-1.00049878497663	0.0336546168297041	0.0856084553071979	1	DOWN
RAB3IL1	-0.339789075994315	0.0995435815681464	0.206089440865513	1	DOWN
BEST1	-0.232944624587072	0.368263494871393	0.538489157502727	1	DOWN
FTH1	0.147998444496782	0.0015119285931874	0.00596475023209149	1	UP
VWCE	0.0135019554940423	0.975351445604183	0.985237224970365	1	UP
SSR2	0.142221752416571	0.163440165603325	0.300610914749494	1	UP
PIN1	-0.0445264359786528	0.868306538925432	0.9262491912609	1	DOWN
DCLRE1B	-0.814485609342299	5.48649403054786e-05	0.000298401675707366	1	DOWN
CAP2P1	0.668178496914327	0.0248293029374632	0.0668296250231478	1	UP
SCARF2	0.02898017463477	0.862579676395064	0.922345736600773	1	UP
SLC45A3	0.0765923340768332	0.675673742938583	0.802643753325562	1	UP
DUSP23	-0.465718965456857	0.131973863656726	0.254940051138906	1	DOWN
RNF166	-0.556269390338531	0.00158831877248639	0.0062337845141773	1	DOWN
TAGLN2	-0.225175526612134	0.000550368731317851	0.00243968666756879	1	DOWN
ELK4	-0.0718010701593165	0.190139603759285	0.336481436924495	1	DOWN
NOP58	-0.138761276428468	0.188763221767973	0.334701511382697	1	DOWN
NPDC1	0.355027370128289	0.00982412358213641	0.0306428685269703	1	UP
SMARCA2	-0.301504434056568	0.000307619384555134	0.00143215455096851	1	DOWN
FZD7	1.27250911228774	4.9411595960576e-14	7.26395700128468e-13	1	UP
SNRPE	-0.382688266178391	0.000163418681726477	0.0008109764318782	1	DOWN
C12orf43	0.229857645856597	0.105448046571123	0.214910249895693	1	UP
BCR	0.0794434369607446	0.396663120268576	0.567491187376445	1	UP
MST1L	-0.138128130240569	0.87739272634882	0.932104498973109	1	DOWN
CBX1	-0.109259485420095	0.0900517174985825	0.190198387835723	1	DOWN
POLM	0.197841694054081	0.182665746448624	0.326493840683867	1	UP
CDCA7L	-0.750543564064177	1.94541609884994e-08	1.75051108620675e-07	1	DOWN
LRWD1	-0.146466613695972	0.321594650567573	0.490901478330199	1	DOWN
LINC00467	0.897034297546595	5.06620178649351e-05	0.000277632468777466	1	UP
FPGT	-1.08952653785153	2.73090311551828e-07	2.14246910544814e-06	1	DOWN
DHCR7-DT	-1.13049460427674	0.0730781889680968	0.161008219054424	1	DOWN
PKD1P5	0.182700210393283	0.154325573205009	0.287774181819542	1	UP
TNS2-AS1	1.16435966954682	0.00127170882304249	0.00514630753340437	1	UP
MGAM	1.14028483348148	1.06605745850402e-17	2.04861653362255e-16	1	UP
ZNF350	0.338662991952867	0.0570838635351554	0.131818298489379	1	UP
TAS2R12P	0.590617376302323	0.111490963956754	0.224801998066004	1	UP
RNF144A	-0.42447488566755	0.412948946427927	0.582197582910241	1	DOWN
CHRNB1	1.0772488385219	4.73993457183903e-05	0.000261039613177004	1	UP
ZNF830	-0.0651095264243164	0.668838572782599	0.798330405160761	1	DOWN
FAM169A	0.52643711973861	0.000831340753465646	0.00351887058742662	1	UP
MT-ND5	0.634982734609786	5.7566449094663e-46	3.64865243801305e-44	1	UP
DBF4B	-0.965040503627255	5.01386644024032e-08	4.30257624275017e-07	1	DOWN
SCN5A	-0.709897571842342	0.416805614694616	0.586433447371424	1	DOWN
ARSI	0.0714187154643752	0.659498082381381	0.791388443823761	1	UP
NXN	-0.0653238174176567	0.492271576304598	0.654803865644814	1	DOWN
PEDS1-UBE2V1	1.02280751109728	3.50926822408455e-05	0.000198327865100688	1	UP
TLCD3A	0.600581791219836	0.0124594366274461	0.0375498057775232	1	UP
ZNFX1	0.105497850304629	0.134276317580473	0.258241557806151	1	UP
GLOD4	-0.0955987252528927	0.336704305687732	0.506475894815594	1	DOWN
CSE1L	-0.889133321874299	4.05686063751997e-43	2.29006613565629e-41	1	DOWN
EIF4A1	-0.0418435843932786	0.928453171120694	0.960077050151352	1	DOWN
MIR100HG	0.46330330856352	0.000274423739997329	0.00129344340075062	1	UP
CX3CL1	-0.0541209245231258	0.937347829461603	0.964247479475286	1	DOWN
UBL5	0.241700915279214	0.00790252608333678	0.0254455000958779	1	UP
LOC102724434	0.629525812370318	0.0559598410062518	0.129949487768174	1	UP
STYX	0.33197587373546	0.000386792195030596	0.00176437310933938	1	UP
MLLT6	-0.143118529927442	0.115251288333054	0.230774056768874	1	DOWN
MAD1L1	-0.208045110661827	0.13158421873727	0.254486555804643	1	DOWN
RPS15AP19	-0.119094817110653	0.431909973447225	0.600667022065812	1	DOWN
CDC26	-0.285847275833942	0.154559667087701	0.288051870294937	1	DOWN
RN7SL430P	-0.0584246015919547	0.935299356256025	0.963639740286312	1	DOWN
STEAP1	-1.07015393745278	5.73409744587565e-11	6.66104840758433e-10	1	DOWN
ZNF641	-1.0466675926337	0.130618126410827	0.253160212548667	1	DOWN
PROCA1	-0.18919816480336	0.814115498000896	0.891879543750356	1	DOWN
RSKR	-0.368188638522143	0.085406473841815	0.182494300382681	1	DOWN
SMIM12	0.526475053901094	0.00569763301103847	0.0191435700168605	1	UP
RPL13	0.104196188220134	0.155797412764954	0.289908371345139	1	UP
SPATA33	-0.485353890268111	0.163858039224852	0.300993075484726	1	DOWN
ANKRD11	0.0427781813098763	0.866907871788409	0.925440323204129	1	UP
TTN-AS1	0.156738059359639	0.216163301806747	0.369240647093298	1	UP
SMG1P1	0.283342701765319	1.82934550545106e-06	1.28955472679382e-05	1	UP
PPFIA3	0.038321110199102	0.95337142176839	0.972760750735345	1	UP
AGBL2	0.179046079422721	0.750953452544638	0.852633314335553	1	UP
ADAMTS7P1	0.936334065709324	0.0263799386288198	0.0702703213133779	1	UP
DCTN4	-0.10753174384674	0.15293972663009	0.285882925346058	1	DOWN
SNX6	0.193469681657802	0.00403523334102841	0.0141639924729661	1	UP
DEAF1	-0.181950851146367	0.126228073163095	0.247137499699212	1	DOWN
HAND2-AS1	-0.376502464140857	0.00146148544957113	0.00579580851584863	1	DOWN
EAPP	0.186612931746457	0.121287984831775	0.240133260556786	1	UP
SLC41A1	0.0282587693128103	0.738491360178808	0.845666693976218	1	UP
FBXO10	-0.0483813153624811	0.77942016089642	0.870298311320829	1	DOWN
ANGEL2	-0.231463564529299	0.0114306515805	0.034907934486434	1	DOWN
CPNE3	-0.114816840459843	0.113062681523331	0.227368328791213	1	DOWN
CD44	-0.538742091464249	4.38471679081807e-24	1.15206440625658e-22	1	DOWN
PHTF1	-0.312724811298014	0.00195268654121506	0.00750087007099916	1	DOWN
CRYZ	0.292930502741278	0.105548603040415	0.215070905603079	1	UP
ZC3H4	-0.498734179230909	1.56077299150709e-08	1.42211415512415e-07	1	DOWN
TMEM160	0.275920895776975	0.410993415096695	0.580644814358312	1	UP
EIF2S3	-0.124343525385382	0.0263655270446536	0.0702578335464299	1	DOWN
WNT2B	1.40518627746303	0.000628669202302678	0.00274385341059378	1	UP
FLJ46284	0.0978742878578166	0.832176568833913	0.90301415764746	1	UP
LAMTOR5	0.0422506759022614	0.831222231657609	0.902614402591231	1	UP
CRISPLD1	0.648732567384581	0.20445168618073	0.354557940357342	1	UP
MPI	-0.323490884199642	0.0172165970786452	0.0493547003339619	1	DOWN
MARK2	-0.329448592769223	0.00350276577857925	0.0125169308274601	1	DOWN
BFAR	-0.115948707923327	0.193224817316098	0.340648021841519	1	DOWN
CORO7-PAM16	1.15792892157984	0.4677235833898	0.633349663319209	1	UP
DNAJA3	-0.254088954260965	0.0253278344331147	0.0679262422439437	1	DOWN
SNAI3-AS1	-0.347221056117713	0.125674418174131	0.246399415518099	1	DOWN
CLEC2D	0.128674621750524	0.41762884341322	0.586963082684735	1	UP
GSTM3	0.0903095446162509	0.366010101962	0.536213704729609	1	UP
DUS4L	-0.505627442557178	0.0275135253378955	0.0727934739395694	1	DOWN
CARMIL1	0.0879155970399215	0.407404787954226	0.57844857742394	1	UP
EPS8L1	-0.618402654062172	0.409114480997759	0.579638919756045	1	DOWN
TRIM28	-0.250060503429791	0.000187654267571731	0.00091956318096951	1	DOWN
MICAL1	0.50925799255771	8.0825519965701e-05	0.000425039879557622	1	UP
FBXL14	-0.673584529421996	0.364938778134454	0.535132448789548	1	DOWN
TUT1	-0.198193269296498	0.379864380869425	0.549861289690834	1	DOWN
MAGEH1	0.131945442976564	0.409128571137752	0.579638919756045	1	UP
ZNF286A	-0.415939756905211	0.290331061319844	0.456771011320462	1	DOWN
TET3	0.476365356340468	6.21985556344708e-06	4.01981810140312e-05	1	UP
VMP1	0.596084159960975	3.09765367010066e-27	9.48393923445437e-26	1	UP
CCT7	-0.313058032516272	0.000499447166474666	0.00222900278033521	1	DOWN
ISG15	0.969253592847411	6.34547456683222e-12	7.98071827374172e-11	1	UP
EXD3	0.0553957411733631	0.780682398937368	0.871186504386866	1	UP
NONO	0.188917006023918	0.193028916863768	0.340385708065688	1	UP
SEMA4F	0.502907758423857	0.0576149813925059	0.13268431810408	1	UP
VCF2	-0.464691080364948	0.200231234380379	0.349219654178915	1	DOWN
STK16	-0.317716134060191	0.0469007236963983	0.112651404001408	1	DOWN
SLX1A-SULT1A3	0.0516833428483342	0.91653690472454	0.953348795089205	1	UP
TMX2	-0.0134763163999196	0.944464562431462	0.967823770937997	1	DOWN
ZNF419	0.262537448502681	0.187304005995396	0.33294869347183	1	UP
HACL2	0.0204982494665375	0.871819107061246	0.928352097023618	1	UP
FGF2	0.655306552757556	1.28130950131904e-05	7.83588810984403e-05	1	UP
BBS7	0.415110769843936	3.22571831382885e-07	2.49410676046767e-06	1	UP
BLTP1	0.406907348137848	8.77340233178371e-13	1.18379493087401e-11	1	UP
NFKBIE	0.324378487093195	0.257618853971382	0.41938155443736	1	UP
SHROOM1	-0.403934585995179	0.0681397769443629	0.151770640663223	1	DOWN
IDNK	0.176080439116098	0.710575273049993	0.82709280305094	1	UP
UQCRQ	-0.0553260571700317	0.484585998773792	0.648222925879855	1	DOWN
NIN	-0.305738592143051	3.05754737179563e-07	2.37296547098919e-06	1	DOWN
PYGL	-0.188218640141564	0.0164051066676847	0.0474418364373964	1	DOWN
OSER1-DT	-1.35092835388948	0.00585088838787255	0.0195539287911994	1	DOWN
ENO1	-0.476449811407433	7.64311193635943e-24	1.9829553068641e-22	1	DOWN
ZRSR2P1	0.518010944258805	0.411003792545234	0.580644814358312	1	UP
HCG11	-0.3398364091691	0.0917140273087763	0.19306036542449	1	DOWN
LINC00578	-0.103596725593629	0.776201204949576	0.867776853839264	1	DOWN
CTSD	0.0289710863781269	0.726679142030433	0.838000693717119	1	UP
CD276	0.309461501814231	0.0573179955644259	0.132147790986203	1	UP
TTC23	-0.164006133476646	0.293195219041337	0.459789919735905	1	DOWN
HROB	-1.23930529985204	0.000129115575423076	0.000654913717247761	1	DOWN
MME	0.119887728309972	0.0816108370648733	0.176234041605571	1	UP
MAN2A2	-0.364170163731143	0.0759149947990182	0.165942760526488	1	DOWN
BORCS6	-0.231404965357701	0.270869682437054	0.435023091897963	1	DOWN
KLHL41	-1.01969211283114	0.163787305093384	0.300901391546465	1	DOWN
TEX30	-0.141277407627759	0.27640322969222	0.440775002458869	1	DOWN
GTF2A2	0.0625222961979362	0.673738223819979	0.801332598553294	1	UP
CRIM1-DT	-0.197694376816186	0.339292153897518	0.509342284361449	1	DOWN
NUB1	-0.123459799244329	0.189787570584113	0.336210343909459	1	DOWN
PGM3	-0.108135692408635	0.326348113271182	0.495833326669374	1	DOWN
OARD1	-0.454459341660608	0.0335720795216697	0.0854588904646202	1	DOWN
GNB4	0.119438165151511	0.0644150053371404	0.145383433882338	1	UP
AEBP1	0.154010396377361	0.0190694473792581	0.0538332846410742	1	UP
POLD2	-0.33643351946588	0.0154252779093061	0.0449598005379957	1	DOWN
SNHG21	-0.457143250343129	0.259563238633598	0.421502231879326	1	DOWN
MIPEP	-0.305277378524115	0.000907194205620735	0.0037900732770816	1	DOWN
GPD1L	-0.452626830198088	0.13567459205207	0.260360317655041	1	DOWN
SOCS2-AS1	-0.6388170030553	0.0140113616169522	0.0414914317062656	1	DOWN
STIM1	-0.297304800455975	0.00499784304567729	0.0171024934532518	1	DOWN
SCCPDH	-0.255956502329258	0.000351411324087977	0.00161727549184565	1	DOWN
RRM1	-1.31147535728269	6.5909021680273e-67	7.68105864759375e-65	1	DOWN
EBLN3P	-0.0409636632577936	0.697993580964621	0.819155848989303	1	DOWN
DDX54	-0.150075674362284	0.207186056784177	0.358310879199155	1	DOWN
MED13L	0.140162299628912	0.0083800888283811	0.0268456359252794	1	UP
FOXE1	-0.0360086715804623	0.944399497665231	0.967823770937997	1	DOWN
TAF7	-0.542904986673563	2.75602439246643e-15	4.54131225718727e-14	1	DOWN
ZNF852	0.467809604814004	0.0360480093577789	0.0906052075345612	1	UP
RPL5P1	0.374564091876608	0.385087039177689	0.555156903746686	1	UP
FOXD2-AS1	-0.160899422854499	0.653719761139818	0.787527122533269	1	DOWN
COL7A1	0.191874695578374	0.00975844048670459	0.0304642954144239	1	UP
ZNG1DP	0.267769800101504	0.325456649236553	0.494758472345616	1	UP
RPL7L1P8	-0.382661198333706	0.466971276542601	0.632920832612749	1	DOWN
WDR7	0.0804646774296838	0.596190883013481	0.74080433795596	1	UP
KIF4B	-2.2353699994015	0.00565917020492759	0.0190339590503091	1	DOWN
DDX41	-0.00100263665197015	0.993581040389821	0.996546336387653	1	DOWN
LINC01547	-1.23728028861719	0.0443094825012118	0.107525832346769	1	DOWN
PTTG1IP	-0.121574786315553	0.122485342064421	0.241643095996307	1	DOWN
USP19	-0.311713908831955	0.00595210882257765	0.0198508942061088	1	DOWN
INCA1	0.258052459843142	0.67313975342245	0.801120860002689	1	UP
PEX10	0.172783494133704	0.21474917842145	0.367433149108261	1	UP
RNF213	0.038025121793502	0.406865391734849	0.577905619811313	1	UP
RER1	-0.0407751813153559	0.544590254263846	0.698364873934407	1	DOWN
PLEKHG1	2.44141766450293	0.00106878005466002	0.00439026167421602	1	UP
RPL10P9	0.0120023433014774	0.913043276340549	0.951289717836862	1	UP
ABHD5	0.027762316078199	0.887948969461858	0.937217466228294	1	UP
CFL2	0.365463668910978	1.54543089933045e-09	1.57274802297354e-08	1	UP
GTF2A1	-0.627299096364693	6.93712426427043e-13	9.42184048336203e-12	1	DOWN
SUGT1	0.194979759661642	0.0128104882927901	0.0384234882355977	1	UP
PXN-AS1	-0.12731071637058	0.808547105889398	0.888473441351053	1	DOWN
ECD	0.0308176811740241	0.76807815833554	0.862968237140949	1	UP
P4HA1	0.252895070315506	0.00136208819031803	0.00545552562036748	1	UP
MEX3A	1.27828326728363	7.38305001576433e-23	1.84270217232833e-21	1	UP
LINC03014	-0.306606816507404	0.677205321015089	0.803808458925243	1	DOWN
RN7SL328P	0.0967929313468468	0.871738495289111	0.928352097023618	1	UP
RDH14	0.0822203125204598	0.530406674949646	0.687336814079831	1	UP
ADIPOR1	-0.198666928157932	0.00570745122347255	0.0191676452778066	1	DOWN
PXDN	-0.24544956780599	1.64898009207895e-06	1.16753607597417e-05	1	DOWN
CYB5R1	0.0929618415650428	0.266017984435255	0.429138858347161	1	UP
CACHD1	0.847767464021085	1.4372134512362e-18	2.93764803165691e-17	1	UP
ADCY7	-0.493542983626894	0.0013358851259861	0.0053669379915555	1	DOWN
CEP89	0.0883387396570378	0.528737261717016	0.686071847811134	1	UP
PODXL	-0.589481264674896	1.45025370474764e-15	2.41169347379841e-14	1	DOWN
GRIA1	-0.101482739977975	0.616900115203725	0.757519494635428	1	DOWN
TICRR	-1.38343778637965	2.79788293199208e-15	4.59979593290302e-14	1	DOWN
NDUFA11	0.318478415267054	0.033847590094541	0.0860087083622669	1	UP
CROT	-0.276148523537469	0.00235338804064617	0.00883948828232796	1	DOWN
MLF2	-0.034619323721038	0.610505766129881	0.75258603445855	1	DOWN
ZNF37A	-0.0938398946524965	0.175881206318341	0.317231566713223	1	DOWN
MLEC	-0.27813344295801	1.1711466432507e-08	1.08558307515176e-07	1	DOWN
VMA21	0.0775512548389375	0.320830351217741	0.48989004706758	1	UP
USP45	0.060964721106936	0.594341979011337	0.739028222181448	1	UP
TTLL3	1.1068634271399	1.87864691452872e-07	1.50156673461585e-06	1	UP
ATP5MF-PTCD1	0.615320793073726	0.534020539088688	0.689953581615613	1	UP
SPRED3	0.596076734573787	0.55044420847771	0.703375122178034	1	UP
THAP3	-0.0539380040504471	0.816697193165636	0.893691590067894	1	DOWN
TNC	0.851777311077209	1.0890270557629e-51	8.50677296369171e-50	1	UP
NFATC2IP	-0.0777792284228449	0.410428054918589	0.580342056910815	1	DOWN
LRRFIP2	-0.139584273118929	0.0696788902589677	0.154531866656283	1	DOWN
OSTF1	-0.37438427216264	0.000134850638700417	0.000682327233844442	1	DOWN
AURKAIP1	0.171819923662755	0.301676169977796	0.468680644169974	1	UP
TNFAIP1	-0.183302457130092	0.745727426356045	0.849547263560994	1	DOWN
SPTLC1P1	0.270381161539067	0.356934333981592	0.527462732423355	1	UP
PLAAT3	-0.239128360424483	0.384099786627877	0.553954692271402	1	DOWN
MTCO2P19	-0.395410437532114	0.561321617116074	0.713112851775331	1	DOWN
OXCT2P1	-0.747272168733317	0.0290262849351994	0.0759889209417693	1	DOWN
TRIO	0.287180592883998	0.00192741965857777	0.00741584650961157	1	UP
PCDHGA10	0.00049682768776816	0.997276427539074	0.998570385962086	1	UP
GANAB	-0.0747296170699579	0.345016518520046	0.514746408128555	1	DOWN
RTTN	-0.66808248655181	7.34004211823679e-07	5.44232676504053e-06	1	DOWN
RRP8	0.111484702351844	0.421758921091484	0.590527872172564	1	UP
TRIM22	0.021447315100903	0.739848789456415	0.846386546582857	1	UP
ALAD	-0.260595224686974	0.0157800648635035	0.0458920743293397	1	DOWN
ASTN2	0.808598318330462	0.000448775414185923	0.0020178137866835	1	UP
TET1	0.808223786053351	2.82336120825918e-21	6.57011156530651e-20	1	UP
FLOT1	-0.0290792236787403	0.741176410788381	0.8471006257753	1	DOWN
TCF19	-2.28691722607685	5.38854616674654e-43	2.98352033163426e-41	1	DOWN
UTP4	-0.0934102382898475	0.289239438529942	0.455514290126002	1	DOWN
CES2	0.160468988003324	0.377569913776208	0.54820283572591	1	UP
SSH3	0.357122632662516	0.212149074968698	0.364618819710919	1	UP
MLH1	-0.764686007903498	9.77799019608673e-08	8.06516759838181e-07	1	DOWN
UNG	-0.555711037014099	6.48277541032105e-05	0.000347358500016869	1	DOWN
CDC42	0.0822899323023898	0.118310200588862	0.235560858185402	1	UP
C9orf72	0.354076480682008	0.0258587163450457	0.0690826580110083	1	UP
MOSPD1	-0.606677137067209	7.14048339606664e-17	1.29307174882906e-15	1	DOWN
GREM2	0.413739040600079	0.0357954903833697	0.0901028795558397	1	UP
ARB2A	-0.159632541818259	0.100342561139686	0.207357407554641	1	DOWN
SSR4	0.276214997922696	0.0290967774152421	0.0761458765714711	1	UP
MPZL1	1.0710880291235	0.0453185705573909	0.109533143188636	1	UP
VPS13A	0.281753718023825	0.00114236598427205	0.00466468800189754	1	UP
CD2BP2	0.0219194053797785	0.791318716384254	0.878290842585933	1	UP
RAB3B	-0.607507238694275	7.59630569918767e-34	3.04083694346152e-32	1	DOWN
ERGIC2	-0.146831200275787	0.0549016862992002	0.127985847509234	1	DOWN
CPPED1	0.0928901497261055	0.395677082185048	0.566636558780708	1	UP
AGBL3	3.20154040130794	3.6693595276511e-45	2.23738036008802e-43	1	UP
ULBP1	1.23655918216437	1.40408443109466e-08	1.28420405783221e-07	1	UP
ZNF214	-0.137073069093284	0.751150420372703	0.852633314335553	1	DOWN
HERC1	-0.376742756522875	1.94226303673433e-09	1.96003094579943e-08	1	DOWN
CSK	-0.245792968583142	0.0291964267272344	0.0763237269600695	1	DOWN
ARID5A	-0.283403028770046	0.161826046755022	0.298360321721973	1	DOWN
UBE3D	-0.148827612880278	0.320679983947656	0.489763945046246	1	DOWN
SNCAIP	1.75940170295667	2.63283596222956e-30	9.03731888127776e-29	1	UP
CENPI	-1.91812725105869	7.93178246684012e-34	3.15763604485693e-32	1	DOWN
DRP2	-0.41854502271727	0.00784853317789854	0.0252941911136958	1	DOWN
TAF7L	-0.223985004720963	0.568659637370647	0.719259965439968	1	DOWN
HDGF	-0.485472766979229	5.98828338655583e-17	1.09068051111065e-15	1	DOWN
CRABP2	-0.594737057682126	0.0434689413097756	0.105859398528407	1	DOWN
CTIF	0.0837723885580229	0.381002509248826	0.551027548154002	1	UP
XPR1	-0.128454818742092	0.106009832915742	0.215888964975393	1	DOWN
FMC1	-0.213863858403973	0.415500632331361	0.58488209992407	1	DOWN
TLN2	0.271788870036844	0.0025907584729278	0.00962443462526469	1	UP
TMEM225B	0.466522926726203	0.419887122709104	0.588907417548357	1	UP
RN7SL81P	0.0575368123372847	0.875256814473831	0.930366769103445	1	UP
HMG20B	-0.215321754000857	0.0292308907566049	0.0763861848686614	1	DOWN
HERC6	0.761940131277537	4.12549371355084e-07	3.14438342059722e-06	1	UP
ZNF528-AS1	0.654448074467214	0.134742082418996	0.258999445735157	1	UP
FAM72B	-2.56379665372883	0.000644288431809251	0.00280355679857738	1	DOWN
ASAH2	1.06583014076658	0.159194068133432	0.294635435271033	1	UP
SUMO2	-0.468368197861712	8.43338184843281e-12	1.05333449517461e-10	1	DOWN
NANOS1	-0.792068530970452	0.248148951938068	0.407590977662573	1	DOWN
FBLN7	-0.916482937848856	0.0250740913776024	0.0674006128157984	1	DOWN
CMTM6	-0.340385436055129	4.18291760921502e-06	2.77791095453889e-05	1	DOWN
ALDH9A1	-0.129005861879159	0.0759748393491836	0.166023348470445	1	DOWN
SUSD1	0.405860685295851	2.18781907612271e-05	0.000128625604023797	1	UP
TNFSF13B	-0.0289905346640859	0.960235204392198	0.977067385480142	1	DOWN
ADGRL3	0.831506936263918	0.0432899464019636	0.105512399300856	1	UP
PDE1A	-0.528700712879263	0.178241270150216	0.320368730714026	1	DOWN
DNMT3A	0.259397513919495	0.025108778417247	0.0674562106167757	1	UP
PCSK4	0.947124756406424	0.196997617136367	0.345528894919	1	UP
TMEM214	-0.404478136953878	0.000261237464826319	0.00123958134625446	1	DOWN
REEP6	-0.0200784109756181	0.976112552583237	0.985525262557981	1	DOWN
ATAD2B	0.529107579248434	1.1936989871044e-08	1.10295038763719e-07	1	UP
PDZD8	0.0514151604390739	0.472622158846046	0.638364596456137	1	UP
ZNF503	0.318925668837761	0.0198552962380083	0.0555726181907074	1	UP
NUP50-DT	-0.124834318119646	0.620000051654522	0.760127322173538	1	DOWN
MAPKAP1	-0.381414935937182	0.00659915514807151	0.021723095909973	1	DOWN
ADAMTSL5	-0.0438153449210718	0.853370231249642	0.917003584855691	1	DOWN
SENP6	0.0635413810162754	0.339526467979962	0.509471601159194	1	UP
ZNF530	-0.0102463839369095	0.981414037427652	0.989217706275162	1	DOWN
SNX30	0.527814682593583	6.45548914656116e-16	1.09621943192662e-14	1	UP
NDUFB1	0.16833826358411	0.183703893814949	0.327943788699176	1	UP
UGCG	-0.544998709949668	4.90339614905789e-17	9.02662136943128e-16	1	DOWN
INIP	-0.400690889933694	0.00723465529659375	0.023520360785394	1	DOWN
BLOC1S6	-0.459542848478276	0.508853454226578	0.669346556255988	1	DOWN
CYP51A1	-0.418740560253495	3.58062494242339e-05	0.000201808155393761	1	DOWN
KRIT1	-0.210693673880894	0.0340730152244491	0.0865054713648127	1	DOWN
PTPN3	0.154682862453374	0.632523304976194	0.770253162569392	1	UP
BCL7A	0.201636650215984	0.388774403553596	0.559022776691842	1	UP
MAP3K14	-0.56916107288065	0.0148665078745901	0.0435861037321366	1	DOWN
RAB6B	-0.317883252373199	0.105042692922141	0.214468139103549	1	DOWN
USP43	1.32934174908015	0.0499307514476147	0.118636844651345	1	UP
PGGT1B	0.101594656706194	0.234758330882834	0.392829971426572	1	UP
ZNF79	0.0218523137334593	0.895008558749666	0.940364161879557	1	UP
STARD4	0.903426281830842	4.0979528366628e-26	1.20856156005335e-24	1	UP
INTS9	0.0138670689771845	0.924063047154336	0.958005243878852	1	UP
CEP120	0.501745192506489	2.60418253884194e-06	1.79804308976612e-05	1	UP
PROM2	0.372687194220622	0.644799742620827	0.781292350992116	1	UP
PRKD1	0.405258715018125	8.12752237816068e-05	0.000427093912315636	1	UP
FZD3	1.55317903612322	0.0014676247003481	0.00581377317563881	1	UP
CDIN1	-0.332063255136471	0.0319257473169479	0.0821201797197484	1	DOWN
PCDHGA1	-1.30391308930315	3.83139288026608e-08	3.32337686150811e-07	1	DOWN
UQCC6	0.809240357934697	0.000419816732697667	0.00189942755297871	1	UP
HARS2	-0.165420042477093	0.126628875448691	0.247620281340871	1	DOWN
CCDC88B	0.149272078456078	0.805863165377813	0.886737881891021	1	UP
FES	-0.289022423417615	0.244802293722935	0.404209088961396	1	DOWN
GLRX5	-0.217822647137419	0.0632493763908524	0.143217915735539	1	DOWN
SLC33A2	0.142949067204566	0.629388676853215	0.76779467914957	1	UP
NPR2	0.119937591184767	0.216659981022102	0.369957861957981	1	UP
SLC43A2	0.959258848507201	0.000266000781267138	0.00125784597188855	1	UP
MTMR11	0.441162709645418	0.00891664117356334	0.0283134215774915	1	UP
KIFC2	0.464118108637102	0.0057763915733571	0.0193631720312186	1	UP
SARS2	-0.272971604783105	0.167859200726789	0.306860633738498	1	DOWN
NDUFC2	0.0291743344689746	0.832619976731084	0.903317663944512	1	UP
KCTD14	-1.97108206935452	0.00035094543446685	0.00161564589789119	1	DOWN
LAMA3	0.0402709500822858	0.751123377674655	0.852633314335553	1	UP
CEP41	0.12782095071624	0.528203955706387	0.685687689895167	1	UP
ZNF862	-0.292781357034312	0.0847066392009853	0.181293786003175	1	DOWN
TBCC	0.411508420424125	0.00186891194712383	0.00721936555677265	1	UP
NTRK3	2.2119040680078	0.0113772947648861	0.034803828672178	1	UP
PKN3	-0.780986873881581	0.00290098736088232	0.0106158947460396	1	DOWN
ZDHHC12	-0.243731571409191	0.499920849029351	0.660997901755643	1	DOWN
ZER1	0.0443130732283561	0.648245499891662	0.783814960315207	1	UP
LINC01943	-0.180042805501078	0.754250357468322	0.854876228688213	1	DOWN
PITRM1-AS1	1.67846785445104	0.0373121154606285	0.0933351879040233	1	UP
C18orf54	-0.710684132778314	1.36695328554482e-07	1.10665781117133e-06	1	DOWN
DCTN5	-0.655464138471422	0.00498659765607398	0.0170680537015455	1	DOWN
TERF2IP	0.617202367355833	0.00195448375810898	0.00750577857784557	1	UP
TSPAN5-DT	-1.16495417033467	0.00088360243004879	0.00370651341556896	1	DOWN
LINC01116	-0.048259929035217	0.780447075977763	0.871108418549058	1	DOWN
GADD45GIP1	-0.0121409793750864	0.935044617656887	0.963583382283368	1	DOWN
EMSY-DT	-1.3764840987619	0.0269593288486912	0.0715367721616666	1	DOWN
RN7SL192P	0.734429232450384	0.17509688957547	0.316264226390623	1	UP
TNS3	-0.661475145429647	5.51414623364153e-34	2.22583595593167e-32	1	DOWN
EXOSC4	0.167807148193392	0.460590351010621	0.627391004096002	1	UP
RPS6	0.140351691825184	0.0451704114434297	0.109248136530377	1	UP
MYO5C	2.43918186489901	0.0052654768096377	0.0178828214749881	1	UP
EXOG	-0.231281472748403	0.238263458356934	0.396755414908035	1	DOWN
ACTG1	0.283015813228641	0.0209710032618218	0.0581673643256405	1	UP
ST6GALNAC3	-1.07276096871542	5.16598580889019e-05	0.00028224446474205	1	DOWN
PTP4A2	-0.114000656047636	0.266923270182477	0.430215054361697	1	DOWN
GIPC3	0.836256818051705	0.013362257658001	0.0398222283802377	1	UP
RNF227	0.0472386096290585	0.925321419119349	0.958759577521597	1	UP
ZNF205	0.187629618478907	0.452490298533343	0.620569166186328	1	UP
TRAF3IP1	0.0675535341384536	0.540180045576628	0.694897635883659	1	UP
PWAR5	0.212695643223	0.0679371188719803	0.151429386674224	1	UP
MAFB	0.82798556678523	0.0218432921444348	0.0602284706695721	1	UP
RN7SL566P	-0.137777756011349	0.827093568456395	0.899821513043993	1	DOWN
TNRC6A	0.375679332524769	4.23983574040123e-07	3.22303347104357e-06	1	UP
PAIP1P1	0.0461644268569207	0.933105753602603	0.962615023223245	1	UP
TBC1D3E	0.313195086676962	0.826138318882275	0.899527188529819	1	UP
GART	-0.22979475670856	0.00583994968362264	0.0195309217491393	1	DOWN
MCUB	-0.640649926913051	0.00228379411836038	0.00861475040574937	1	DOWN
MRPL34	-0.302810165080951	0.0682670848690242	0.152007341054279	1	DOWN
PGLS	0.106110627229655	0.352962203010609	0.523244436992479	1	UP
DDA1	-0.625157243922948	0.228742476059161	0.385442808014335	1	DOWN
CIT	-2.43739070710963	1.41335417805752e-76	2.04243812271092e-74	1	DOWN
RBM19	0.00458787330087439	0.955426541263052	0.974119607773785	1	UP
CALML4	-0.632450931640759	0.0249930408389696	0.0672202555674576	1	DOWN
SDHAF4	-0.287945860192013	0.294472238755596	0.460842356752991	1	DOWN
VPS13C	0.0367278225354685	0.468151236431459	0.633866159249603	1	UP
ADAMTS19	1.50785089721363	3.56318393476596e-10	3.83121808343027e-09	1	UP
ISLR	-0.746416008396033	7.0828041896493e-08	5.93698395270429e-07	1	DOWN
MAGI3	0.211881694411371	0.0316785384633065	0.0815437405296121	1	UP
NUDCD1	0.0693333861152845	0.416383142183942	0.586067282331757	1	UP
HSD17B14	0.388187335368547	0.00419679547779321	0.0146918341689897	1	UP
TRIP6	-0.1005085308188	0.271277216123853	0.43524226159718	1	DOWN
PPP1R15A	-0.0896196195510827	0.201725626042642	0.35092536679213	1	DOWN
ACAT1	-0.34575389040806	0.00277635789142207	0.0102172858925703	1	DOWN
STAP2	0.316406942796347	0.047265069524356	0.113403207653407	1	UP
GRAMD1C	-0.930825924670295	0.0629355538726611	0.142641419230525	1	DOWN
C2orf69	0.111453653000412	0.30588217515422	0.472911448930527	1	UP
RPRD1B	-0.180389289696778	0.483669818008884	0.647596825724672	1	DOWN
LYRM9	-0.191042496137041	0.499582329998368	0.660820526389603	1	DOWN
HSPA13	0.278118217909809	0.00599019125918755	0.0199548764145964	1	UP
GALNT1	-0.138635779073618	0.220388761348319	0.375172339526983	1	DOWN
C20orf203	2.04307391744408	0.0741095152819015	0.162709906614822	1	UP
ZNF511	-0.27694357699285	0.105382637762489	0.214823599704575	1	DOWN
ITGBL1	-0.961767182889984	2.51495381580917e-25	7.07073883117866e-24	1	DOWN
AUH	-0.050852779424585	0.825698960979801	0.899184301817566	1	DOWN
TAS2R15P	0.287987318378841	0.276228102518167	0.440641606081249	1	UP
ERLEC1	0.557561408597483	9.77707799929506e-15	1.53909100400668e-13	1	UP
PPAN-P2RY11	-0.913309735390005	0.565300485557523	0.716153004014356	1	DOWN
PDCL	0.075772513219877	0.626208867096636	0.765205065298781	1	UP
CTSV	-1.5692147391231	0.0512847659649978	0.121176611013764	1	DOWN
RPL35	0.0440724805932309	0.604894533106664	0.748145403793598	1	UP
MEIS3	0.293743973871764	0.00158002834780884	0.00620630324930295	1	UP
ICAM2	0.251360165432468	0.669444933892285	0.798724301492521	1	UP
LINC00548	-0.23160883169437	0.756321595521153	0.856391830434904	1	DOWN
ALG9	0.561873989753679	2.26181355437873e-10	2.48181227595498e-09	1	UP
BAD	0.313093998952225	0.0533495935534449	0.124952184188141	1	UP
TAF1	-0.00423961708566838	0.963593178508856	0.978764674395971	1	DOWN
RNF133	1.91315666145242	0.00873585291201123	0.0278433635711236	1	UP
EGFR	-0.550593435152907	1.22729790549889e-24	3.33377481811362e-23	1	DOWN
ADCK2	0.137003427234066	0.584245436880602	0.732194155611966	1	UP
CYCS	0.124728099749109	0.0377449274564247	0.0942384151127839	1	UP
NME6	-0.471694316972145	0.00482237988666387	0.0165884817286788	1	DOWN
DPH7	-0.15967681718631	0.251537467897857	0.411866876982512	1	DOWN
SEC16A	0.10407529301082	0.332389423705772	0.502075840072344	1	UP
ANXA8L1	0.129804266551902	0.524316256705628	0.682357188909675	1	UP
PTPRH	-0.168383486935774	0.536872950632979	0.691906805457699	1	DOWN
NKAP	-0.128856854625118	0.339577223885223	0.509471601159194	1	DOWN
AGPAT5	-0.50794291381997	0.0055752257248141	0.0187934655818261	1	DOWN
ACTR1A	0.259046390229308	0.325501709748355	0.494774924537023	1	UP
DTNB	-0.0126899936463477	0.960299500102031	0.977067385480142	1	DOWN
IL17RD	0.297082412333418	0.636325831781253	0.773970591286162	1	UP
INPP5E	0.0259258409207257	0.855187559346968	0.917878447721556	1	UP
SHQ1	0.116255326300247	0.424938269805893	0.593369691464389	1	UP
PLGLB2	0.429796298749276	0.118413363932069	0.235733781813243	1	UP
LINC00863	-0.750533074432883	0.0549580773840943	0.128096641335088	1	DOWN
KPNA5	0.585877969711142	1.84702688940296e-06	1.3013839872629e-05	1	UP
ANKRD36B	0.39129966547945	0.000373279564662124	0.00171001663696044	1	UP
ARHGEF12	0.0809996618662699	0.512130176450741	0.672427422635952	1	UP
HCAR1	-1.89756879956335	0.00171801684251148	0.0066955397494966	1	DOWN
VN1R1	-0.340658667519215	0.474536605434015	0.63957549758692	1	DOWN
TXNDC12	-2.24795700168883	3.36224218934635e-93	7.47504028896063e-91	1	DOWN
MTURN	0.812779490760841	0.392687706877658	0.56324864040586	1	UP
PAXBP1-AS1	0.162458946875002	0.841677676484144	0.909389465635317	1	UP
RNASET2	0.263572166479186	0.158392299445957	0.293452194781221	1	UP
IMPDH1P10	0.847895561780736	0.21291748661248	0.365337283191279	1	UP
EDEM3	-0.284375830830933	0.633966387851706	0.771696231399681	1	DOWN
ENSA	-0.118673523079077	0.31378239612132	0.481570667624171	1	DOWN
KIF20A	-3.00370458484861	6.10020718546881e-86	1.15992228996329e-83	1	DOWN
BRD8	-0.268495722890484	0.0197261747379526	0.0552661789721119	1	DOWN
NME5	0.713253105936021	0.0515015489103466	0.121589427103973	1	UP
KANK1	0.332376503868467	5.71212343403311e-06	3.71995924944626e-05	1	UP
NBPF14	0.284012093294824	0.00330505507803926	0.0118661741447815	1	UP
USE1	0.126783877692064	0.496415762452671	0.65786860528501	1	UP
MKNK2	-0.0396902230304099	0.793956911172093	0.879260581143989	1	DOWN
NAA40	0.0318627001755755	0.82811406504092	0.900524972075125	1	UP
B4GALT1	-0.244183148870238	4.45550110456247e-05	0.000246596884190089	1	DOWN
DNAJA1	0.0910037268377208	0.106058541008126	0.215927300099807	1	UP
CHMP5	0.367463934600261	0.00298880196999775	0.010898606426555	1	UP
APEX1	-0.592928516156472	0.398587555723247	0.569450199481626	1	DOWN
NR3C1	-0.168513281108211	0.43064397426109	0.599310099388195	1	DOWN
C5orf15	0.68548207467635	9.51437847062586e-14	1.37629913192207e-12	1	UP
PCDHGB5	0.200185348197886	0.112558626709852	0.226575388575578	1	UP
ZNF101P2	-0.204417062134354	0.679434288377034	0.805323564742169	1	DOWN
TTC33	0.0607959990798003	0.711753306527702	0.827921709035988	1	UP
PTAFR	-0.13890088003956	0.851464707975105	0.916128098797427	1	DOWN
SLC8A1	0.988263278373028	1.2492609391473e-70	1.62640268753312e-68	1	UP
AP2A2	-0.119459846697835	0.200860685789094	0.349841842875521	1	DOWN
RNF149	0.189520101395229	0.0171359704433204	0.0491821070261019	1	UP
ZNF567	0.441580159785922	0.00687885654134761	0.022511583049292	1	UP
COXFA4	0.537282803619097	8.13240805616025e-09	7.71644312669546e-08	1	UP
IWS1	0.179369260045689	0.0380651797016466	0.0948904453801095	1	UP
GNPTAB	-0.00772593719635971	0.894460265097984	0.940198231810515	1	DOWN
SPSB2	-0.367480687888815	0.104107795090124	0.213217367750479	1	DOWN
ENO2	0.856763319102068	0.00098262359105629	0.00406757190328114	1	UP
ATN1	-0.069707014587258	0.384968887115397	0.555097324656217	1	DOWN
C12orf57	0.216607996111452	0.266584120715627	0.429812242381069	1	UP
IFI35	0.0950468543703705	0.561024596929542	0.712802947619118	1	UP
FGFR3	-0.86723949901712	0.350170209804201	0.520096644899372	1	DOWN
SCAF4	0.0800096180063442	0.374698847096654	0.545569071979219	1	UP
RIPOR1	-0.0847477256364783	0.272507963762575	0.436412958555298	1	DOWN
HOXA2	-1.4074022267204	0.00747854384238479	0.0242452301756495	1	DOWN
HOXA3	-0.463009257390264	0.0336604555432495	0.0856084553071979	1	DOWN
HOXA1	-1.45029989651484	0.00451138373733551	0.015630306014921	1	DOWN
DNAJB6	0.519558094044845	0.000103314472217996	0.000534741202730036	1	UP
FGD5-AS1	-0.856124068632702	9.32441409205933e-25	2.5617320920979e-23	1	DOWN
NAMPTP1	0.372234735564832	7.03576410556503e-05	0.000374213570443578	1	UP
RPL21P99	-0.494399570984286	0.333258020536577	0.502967274650034	1	DOWN
ETV5	-0.104150294588931	0.20072869058502	0.349738402175564	1	DOWN
CLN8	0.0249836710009926	0.782372402442904	0.872314141478467	1	UP
EXTL2	0.0330846739960531	0.787193050183145	0.875190549945886	1	UP
SLC30A7	0.284891674155819	0.000683943276311417	0.00294858719748696	1	UP
RN7SL314P	-0.720836412863097	0.0171471514425806	0.0491946566402089	1	DOWN
NXPH4	0.465036818528707	0.468276659634412	0.633917190480271	1	UP
PLCXD1	0.0774445659970861	0.826565818802765	0.899654749941081	1	UP
CCDC88A	-0.354241625826769	1.03747292220065e-08	9.71018212352435e-08	1	DOWN
OSBP2	0.3532489805109	0.349325470585493	0.519352096237753	1	UP
POLE4	0.081808357374101	0.555334972833922	0.70822866146574	1	UP
RAB31	-0.270040520831235	0.548934368210589	0.702128744469041	1	DOWN
WDR86	-0.153870331999226	0.758651856992537	0.857344400951961	1	DOWN
EPOR	0.578787979262718	0.00565657997753144	0.0190321856240528	1	UP
FAM9C	1.82380718008897	0.0130913379438728	0.0391116238633256	1	UP
TPCN2	-0.238631510839861	0.346997671686083	0.516688650544625	1	DOWN
TMEM259	0.160241203819562	0.52828435477047	0.685689794241606	1	UP
INF2	-0.0644497432941706	0.312783602739355	0.480548144076804	1	DOWN
HYAL3	-0.587986695689622	0.051697185559058	0.122011436961285	1	DOWN
TTC38	-0.111347227979533	0.462687328250901	0.629357547115377	1	DOWN
LOC119746555	0.0540427533218348	0.727815836122573	0.838729397751779	1	UP
DENND1A	-0.14687548717792	0.13770249309577	0.263289061620399	1	DOWN
ALG2	0.464824372536534	0.035986655299481	0.0905210018681984	1	UP
PHF1	0.140178021383723	0.238556512819774	0.397105780103554	1	UP
CUTA	-0.19809956876962	0.0241550818533816	0.0653584058673057	1	DOWN
UCHL1	0.224705015189782	0.0115840688034024	0.0352646678487399	1	UP
NUDT2	-0.185621541467034	0.312737541678326	0.480528465156139	1	DOWN
FAM219A	0.480622336017863	0.0663093009584113	0.14872508274872	1	UP
AP5Z1	0.391704454135775	0.000443715875384537	0.00199692871852443	1	UP
AKT3-IT1	0.329053570189737	0.414661800162269	0.584042658298728	1	UP
PRKG1	-0.523846320148416	0.000309670522147853	0.00144123952191904	1	DOWN
LOC729998	0.065716435826061	0.241386747731179	0.400353482321045	1	UP
SERHL2	0.411896525030216	0.394572021064569	0.565390210848199	1	UP
IFTAP	-0.0226411341009533	0.902516725754855	0.943927707507109	1	DOWN
WARS2	-0.666166638538075	8.69131743350581e-07	6.38202379225571e-06	1	DOWN
MAP7D1	0.0373234665639294	0.651717210669576	0.786009465146557	1	UP
ZBTB18	0.288118639674025	0.00203381251341322	0.00777521342597172	1	UP
KLHL28	1.2227076110337	1.39558310735745e-14	2.17089036430813e-13	1	UP
ALDH16A1	-0.637217844361536	7.35117809630067e-05	0.000389698733197509	1	DOWN
SCIN	-0.850224346631556	6.690092968978e-06	4.29873425943535e-05	1	DOWN
ELAC2	-0.252168898886169	0.00913064289649351	0.0288534704782917	1	DOWN
ARHGAP44	0.518346238977157	0.165086671441677	0.30251933667305	1	UP
DPY19L4	-0.387584035348656	2.74700275604914e-06	1.88943059627159e-05	1	DOWN
RIPK2	0.592446128743723	1.06939554625096e-08	9.98511009677404e-08	1	UP
ATE1	0.369744248779922	0.135054609938387	0.259462133504338	1	UP
RPL7A	-0.00172568131564256	0.976971549276011	0.985941364007033	1	DOWN
CSMD2	0.0734748483667423	0.69528993966219	0.81767862288886	1	UP
TMEM54	-0.513732293231196	0.0678966926611978	0.151392548317693	1	DOWN
TTF1	-0.0920416776687283	0.504495148077187	0.665127213289246	1	DOWN
MTFP1	-0.414504808397203	0.229862181735693	0.386638230375165	1	DOWN
SGMS2	0.00768025469355497	0.922566616252512	0.957209231150564	1	UP
IPO9	-0.350358601243458	1.05396763954386e-06	7.66912706900721e-06	1	DOWN
AMACR	0.166153851560645	0.261157755887503	0.423615527032249	1	UP
METAP1	0.250371113509418	0.00294637821422889	0.0107710881795653	1	UP
ANKRD54	-0.233822280018414	0.119883019369725	0.237938403091869	1	DOWN
PARVA	0.100839067276132	0.10545488769015	0.214910249895693	1	UP
CFAP58	0.487719402849807	0.0842923114172268	0.18059424644779	1	UP
GOT1	-0.140100822863166	0.273062813321489	0.436846088266228	1	DOWN
H4C11	-1.11296916678554	9.35749622231425e-16	1.57605102457649e-14	1	DOWN
GPR108	0.393725512598655	0.00149985044655304	0.00592518830047512	1	UP
TRIP10	0.0206942969255164	0.851694746987084	0.916170968342292	1	UP
C3	-0.0309474151771288	0.92173593706606	0.956690801302998	1	DOWN
NICOL1	0.164076351583905	0.738575831753778	0.845666693976218	1	UP
STX6	0.111859042887477	0.8402209543491	0.908485735084663	1	UP
CDC42EP5	0.103711368490707	0.787526618361872	0.875359369429076	1	UP
LENG8	-0.0300276628527646	0.888412825749021	0.937249209706443	1	DOWN
DNAAF4	0.193453386196537	0.583220864430481	0.731648936424466	1	UP
MCMDC2	-0.883079865276153	0.197283364418338	0.345778277648199	1	DOWN
RPL10P16	0.0779335357214732	0.176714900310636	0.318337948689728	1	UP
P4HTM	0.0429572073483084	0.771797354111766	0.865397545334352	1	UP
PAFAH1B1	0.0278410042168208	0.684761525556599	0.809116010287687	1	UP
MGAT1	-0.224603342335176	0.279865642902716	0.445020236908128	1	DOWN
OFD1	0.392148046636557	0.00131416529144952	0.00529292157935814	1	UP
TOP3A	-0.244302163241447	0.0192496951982913	0.0541892125144022	1	DOWN
CASKIN2	0.365018974779102	0.00442691271588207	0.0153640393276116	1	UP
CHD9NB	-0.19368314838693	0.650195783211543	0.784895101761758	1	DOWN
TGFBRAP1	-0.09710921600754	0.311603396384026	0.479397496129624	1	DOWN
GCC2	0.513530346083452	0.00964902378056673	0.0301813945136298	1	UP
CALCOCO2	0.578569055126079	0.000533237787742691	0.00237102131405219	1	UP
CDO1	-0.208160600872415	0.688832388216459	0.8121332171099	1	DOWN
EPB41L4A	1.20410099915479	0.146675158850613	0.276780014799429	1	UP
PA2G4	-0.537052957988026	3.387443140665e-07	2.61077017737333e-06	1	DOWN
UGDH-AS1	0.0134814000016212	0.974820791633702	0.985025800949739	1	UP
CLK3	0.315256489416278	0.00109921983009464	0.00450633355026884	1	UP
RAMACL	0.3795606716021	0.247125726136423	0.406605245177895	1	UP
LINC01535	0.479012069660328	0.188118088220025	0.333721396129092	1	UP
LOC100132249	-1.06479695068641	0.050504210658465	0.119727005108592	1	DOWN
RN7SKP9	0.222410853031551	0.712397645077871	0.828226739261489	1	UP
EPOP	0.695689806809623	0.0779691399008051	0.169509860193551	1	UP
MRAS	0.34225274140739	0.00626018298001236	0.0207776537078913	1	UP
PTPRU	0.140372071361715	0.673899148617323	0.801371456558406	1	UP
MYO1B	-0.441730868942468	2.79223054895082e-13	3.90993446345817e-12	1	DOWN
APBA2	0.382449290467133	0.00744531913085361	0.02416175763754	1	UP
RPL21	0.0480414379310951	0.700523272735122	0.820569918108711	1	UP
TSNAX-DT	-0.0413633219735276	0.915596851310295	0.952645265914398	1	DOWN
NABP1	-0.0144168304675147	0.759484913258643	0.857667155273467	1	DOWN
BRD3OS	-0.234805068922289	0.23931046692162	0.397914573407471	1	DOWN
TSPAN33	0.444279007694808	0.58312616861183	0.731648936424466	1	UP
GNG5	0.43873548978104	0.000849659099265485	0.00357971534795496	1	UP
IL12A	-0.0319422848757805	0.947184265063551	0.96952541538698	1	DOWN
ZSCAN31	-0.434634132723156	0.106619757644906	0.216825516145023	1	DOWN
MYO7A	0.0286625766207408	0.971659652387905	0.983424575325124	1	UP
ZNF507	-0.11413232494747	0.172315941623485	0.312653511578085	1	DOWN
PTOV1-AS1	0.236918280274002	0.549107450695237	0.702225820353705	1	UP
CARD8-AS1	-0.156023367908644	0.683387120785664	0.808285094325882	1	DOWN
YPEL4	-0.502522717233753	0.486583740889728	0.649932677659438	1	DOWN
PRRT1	-0.754445143325509	0.000350245052590796	0.00161293539037272	1	DOWN
MRPL38	0.127679016863158	0.272461031763514	0.436412958555298	1	UP
AGPAT1	0.126150806106623	0.0874303616895865	0.185809584120267	1	UP
PJVK	-0.916048589227227	0.0238968623630078	0.0647176832848249	1	DOWN
RDH11	0.253387341114258	0.00493237628179184	0.0169225473998513	1	UP
WDR82	0.0756507375236789	0.243496310320001	0.402881289264293	1	UP
GTPBP3	0.290248781011129	0.449710690416255	0.617636303669008	1	UP
LIG3	0.0826737332672303	0.364887888989589	0.535132448789548	1	UP
TNPO1	-0.438760763003762	3.9391567255626e-11	4.65071518309683e-10	1	DOWN
PWWP2A	-0.0397524169951817	0.803810891523029	0.885145299651353	1	DOWN
ZDHHC14	0.252253228078959	0.421083030363407	0.589924466483916	1	UP
ARAP3	0.0882195222232265	0.601688479172311	0.745412669484783	1	UP
WDR55	0.109075318589267	0.214150718231866	0.366669671702452	1	UP
CHST2	0.14619235502863	0.299123003288608	0.465908059716039	1	UP
KIF22	-1.80358274236175	4.73205020330253e-28	1.50955535293432e-26	1	DOWN
LINC00852	0.270952501737798	0.364622432491624	0.535048616159267	1	UP
BORCS8	0.308263509243559	0.118904315235495	0.236431921814414	1	UP
DYRK1B	0.588078854756697	0.00113272219887551	0.00462923317193156	1	UP
KLF3	0.251293897392954	0.0046091867447141	0.0159271539091017	1	UP
FBL	-0.728942554210321	7.30959496165551e-11	8.39673742375865e-10	1	DOWN
MTND5P14	0.560815610022426	0.199166127400317	0.347980861692901	1	UP
PHLDB3	0.104951892149447	0.643168410652494	0.780191950166977	1	UP
PRR15	0.428634730178547	0.181086506084167	0.324442238875996	1	UP
REEP2	0.985076206075536	0.000100518465101051	0.000521764489646296	1	UP
MATN2	-0.318973268759678	0.00981893690344036	0.0306333025025079	1	DOWN
UBXN8	0.0777644051182676	0.762308962802982	0.859396030164838	1	UP
PDE7A	0.173625218260376	0.154560528840007	0.288051870294937	1	UP
MLX	0.138052947569273	0.0972347620892583	0.202519422379079	1	UP
HSD17B1	-0.0137587606609759	0.973289494215095	0.983979745410826	1	DOWN
NAGLU	-0.046924095702687	0.773899676790437	0.866296550847393	1	DOWN
NRP1	-0.988281484741777	1.05574117956557e-34	4.35900451025773e-33	1	DOWN
PRTFDC1	-0.764675043643995	1.06449203574844e-06	7.7301378937692e-06	1	DOWN
UBN1	0.0638040938868316	0.760817562517578	0.858559199540863	1	UP
UBE2G1	0.156120529858026	0.0458188748038899	0.110520540776333	1	UP
SERPINF1	0.186168104786966	0.197105434946441	0.345598614039007	1	UP
RPA1	-0.772008450429637	2.05816617606182e-14	3.13740078167398e-13	1	DOWN
MYBBP1A	0.0799678072797808	0.514728282963215	0.674736203099793	1	UP
METTL14	-0.0980033501190864	0.385656228316824	0.555755699581813	1	DOWN
APBB1IP	-0.616716828376494	7.74547460133185e-07	5.72531219763921e-06	1	DOWN
CCNA2	-1.68754221548089	5.20520891814326e-50	3.81829817645118e-48	1	DOWN
SPPL2A	-0.0728027178384196	0.316557729479038	0.484682370193593	1	DOWN
TAB2	-0.0127928090953361	0.984249489654921	0.991246036309378	1	DOWN
GLCE	-0.7223036054702	0.000344408033206563	0.00158706648210078	1	DOWN
SHF	0.5717292007236	0.127887512505171	0.249198409419558	1	UP
SCARNA6	0.761888095564438	0.000224145347203284	0.00107862950797025	1	UP
LOC124903619	0.195586193911582	0.78163700760849	0.871882413885961	1	UP
ZUP1	0.234282224927083	0.117750095677658	0.234931193240071	1	UP
DNTTIP1	-0.0114279380457904	0.939758050164908	0.965137060829585	1	DOWN
HS3ST3A1	0.698573455456504	0.0157630116109597	0.045851707083329	1	UP
DHX35	-0.0138346998552551	0.926322619849116	0.959161377636894	1	DOWN
MAPKBP1	0.793504537347448	4.87889200971049e-09	4.74780258803544e-08	1	UP
THBS1	0.757629213601835	1.05940992700947e-65	1.15109269588074e-63	1	UP
KIF23	-1.45524191801348	3.20586330240684e-46	2.05901913702583e-44	1	DOWN
NDUFAF1	-0.0551936883141881	0.643608070723153	0.780523008288629	1	DOWN
NUSAP1	-2.86305120507227	5.61322609183407e-39	2.62513690139463e-37	1	DOWN
ITGA11	1.05201692585836	1.18020483783486e-70	1.55046728286832e-68	1	UP
IFNAR2-IL10RB	0.0516879467038424	0.93140957860986	0.96146707098573	1	UP
PLEKHA3	0.870682537664139	8.95128941589384e-23	2.22259593383302e-21	1	UP
VN1R53P	-0.473585643151532	0.00380859691915457	0.0134666097574511	1	DOWN
MBNL3	-1.48028873567803	0.00955263892014877	0.0299642250998632	1	DOWN
RFX2	0.738322455890657	2.70472924250821e-08	2.39204665137614e-07	1	UP
TBRG1	0.597742019087337	0.0639192343205036	0.144417894803877	1	UP
NRGN	-1.97791142156625	0.00875418858047888	0.0278833544581222	1	DOWN
XRCC1	-0.538169686798247	0.000206354669174279	0.0010020266546497	1	DOWN
HMG20A	-0.0590559547511016	0.600358722279591	0.744574656339029	1	DOWN
SCAPER	0.218082211313186	0.047002289438707	0.11286641486852	1	UP
VPS26BP1	0.0377187346272922	0.895925600645224	0.940706695666949	1	UP
H2BC26	-2.54098414732964	3.94328183875378e-06	2.62479805858272e-05	1	DOWN
POT1-AS1	0.837391965588266	0.158382294176921	0.293452194781221	1	UP
ATP6V1G2	-0.379778538872394	0.282241605492473	0.447763030077037	1	DOWN
HERC4	-0.261689419908032	0.000300091614707128	0.00140253037649829	1	DOWN
ZNF134	0.153132234475054	0.291705169908553	0.458647743482592	1	UP
TAB1	-0.020891094511736	0.891541625413186	0.939179765916748	1	DOWN
ASCC2	0.121571444565224	0.260903914643182	0.423298806613745	1	UP
MICU3	-0.291145518301613	0.0130382584989112	0.0390094976330778	1	DOWN
RBFOX2	0.237751602667554	0.000155079682294117	0.000775183842556999	1	UP
LEPROTL1	-0.102227240406674	0.281197155753721	0.446541687670341	1	DOWN
SLC9D1	-0.0685680859610221	0.349754948537269	0.519761452665312	1	DOWN
LOC101928446	-1.0620308187424	0.0142708919605963	0.0421040311210469	1	DOWN
PTGDS	0.114383646087928	0.329540477065712	0.498892375362331	1	UP
FBXO32	0.0331645522695086	0.64574228466036	0.782066858500408	1	UP
ATAD2	-1.19401369800938	1.29332287280498e-44	7.69127935592789e-43	1	DOWN
AMANZI	-0.842525863263927	0.286254644115018	0.452144044388034	1	DOWN
EWSR1	-0.0875946533869266	0.2637038036983	0.426452961867069	1	DOWN
RAD54B	-0.685897658440274	2.89585624218497e-06	1.97862971895106e-05	1	DOWN
ZNF165	-0.161308008499332	0.891963265278371	0.939312263686653	1	DOWN
GPATCH4	-0.142479403781346	0.231276991245108	0.388490503368948	1	DOWN
OSGIN1	-0.0317405839944744	0.873418069783968	0.929479929647564	1	DOWN
PPP1R35	0.0997063486601169	0.678439222890264	0.804804236577508	1	UP
NUTF2	-0.226087651868326	0.248194931205138	0.407590977662573	1	DOWN
ELMO3	0.684488610431246	0.235309595604119	0.39338951481665	1	UP
PHKB	0.0212601978874581	0.818835820601476	0.894879864139146	1	UP
LYRM1	-0.506747622254245	0.124823693181761	0.2450519209577	1	DOWN
MOXD1	-0.0450191409290526	0.618536831404194	0.759163592395958	1	DOWN
SYDE1	-0.116680830320353	0.327816423158103	0.497090779754223	1	DOWN
BUB1	-2.54311734134408	1.68654481918328e-85	3.12804635832571e-83	1	DOWN
NBPF15	0.419660038286832	0.0190114553438956	0.053690549379448	1	UP
ZNF44	1.03132039466345	1.69097635249797e-11	2.05866042712284e-10	1	UP
INKA2	-0.0266818053702878	0.772102259010022	0.865561737386509	1	DOWN
GPAA1	-0.094623369727923	0.476307010992901	0.64124395526909	1	DOWN
NPRL3	-0.654068652127038	0.00097449561124583	0.00404203102127253	1	DOWN
CDC123	-0.113198033928829	0.229108116834284	0.385878950626135	1	DOWN
SCLT1	-0.416911734077716	0.000261905269410865	0.0012417300027088	1	DOWN
UPF2	0.0787268995567873	0.273192152612959	0.437004626678091	1	UP
RAB9B	0.0985756627541979	0.687163373686482	0.810760770178262	1	UP
SMYD3	0.248638403262502	0.0141833581346339	0.0418961877198273	1	UP
ADK	-0.61862987577269	3.03843428290474e-10	3.28901976196677e-09	1	DOWN
KCNMA1	-0.620178829027384	9.516096859767e-05	0.000495378658935493	1	DOWN
ZNF473	-0.239379997129435	0.20727868490158	0.358405711869706	1	DOWN
CCR10	-1.65130822931904	0.007374092069902	0.0239575100049806	1	DOWN
IFI27	1.37235566003363	2.54091274258519e-16	4.44536683330491e-15	1	UP
IFI27L1	0.112384915344457	0.514334268651007	0.67446864938981	1	UP
MTHFD2L	0.0858143652771572	0.694112711688766	0.816590840069062	1	UP
AJM1	-0.147710361583934	0.675447506676009	0.802440966702977	1	DOWN
PTGES3L	1.48090175947026	6.07453088384235e-06	3.93822547341435e-05	1	UP
SLC16A7	0.91801203230491	0.227445726202821	0.384108705078528	1	UP
STAM2	0.332967606911728	5.37641740379762e-05	0.000292855664916244	1	UP
TBPL1	0.0213475083481628	0.902543783257514	0.943927707507109	1	UP
CNEP1R1	0.988454823927632	7.74926661284343e-05	0.000409300628005118	1	UP
CACNA2D3	0.745412695862372	0.000239889953175383	0.00114675809240406	1	UP
STK11	-0.406087983053344	0.000849021606575306	0.00357932752450071	1	DOWN
PEX1	-0.193174121873493	0.164652974781269	0.302146049341475	1	DOWN
AMDHD2	0.151295288211851	0.501488600473561	0.662371973808924	1	UP
TBC1D24	1.23629290082265	1.87635893750595e-06	1.32076293258151e-05	1	UP
CCNF	-1.75187273271983	3.22322532303978e-29	1.06344358774538e-27	1	DOWN
TEDC2	-0.0308360652474071	0.936156449436631	0.963786687768075	1	DOWN
CATSPER2	0.195184851726445	0.608629522320633	0.751029393480955	1	UP
BTBD7	-0.237904629048872	0.000425980575728835	0.00192490472165647	1	DOWN
FH	-0.531331815840742	5.88501964675661e-11	6.83087702130761e-10	1	DOWN
DDIAS	-1.89658723344254	1.57155417904031e-12	2.08544806623614e-11	1	DOWN
PKNOX2	-0.0960570650127896	0.836762918468576	0.906043828472156	1	DOWN
PCF11	0.172514591267617	0.017034088863604	0.0489480250880774	1	UP
PLEC	0.125974937083977	0.057529052628995	0.13252866882538	1	UP
POGLUT3	-0.865491212811396	2.93716447657465e-05	0.000168298825737432	1	DOWN
ZKSCAN2	0.412797523391613	0.000769454915922378	0.00328684392255226	1	UP
ZC3HC1	-0.199823481554817	0.30197281139159	0.468873868853537	1	DOWN
RAD23B	-0.338803646919631	7.15734529073283e-09	6.84972164214438e-08	1	DOWN
PTBP3	0.85617256921541	2.78899104630189e-08	2.45754326890906e-07	1	UP
NSL1	-0.360755227121902	0.0195735167024658	0.0549023466357402	1	DOWN
GPRIN3	2.16275610197641	3.51286845162688e-08	3.06178902258505e-07	1	UP
TMEM179B	0.257118467777841	0.0569533250585189	0.131706273070996	1	UP
NELFCD	-0.187702193302762	0.038583681804851	0.0959512623923424	1	DOWN
TPD52L2	-0.10203743334827	0.132768445456446	0.256296661139607	1	DOWN
DNAJC5	-0.101410313028792	0.13568428152101	0.260360317655041	1	DOWN
SH3TC1	0.573503067826323	0.399992453574197	0.570892932997602	1	UP
DCTN2	0.110794626303748	0.469395034678369	0.63501475811057	1	UP
RDXP3	0.753272798991077	0.174400215249464	0.315386999195345	1	UP
TECPR2	-0.0824451839769667	0.340819768633938	0.510507124331224	1	DOWN
ZNF257	0.0325541089684457	0.948306285066055	0.970127665151586	1	UP
PCNX3	-0.148515488413821	0.11654718623478	0.232852673617974	1	DOWN
RACGAP1	-1.3627275600075	5.61958102872217e-21	1.3014193180459e-19	1	DOWN
POLR2M	-0.168239053334671	0.578250634191046	0.727710521178682	1	DOWN
NEDD8-MDP1	-1.88251878903853	0.0412597596758674	0.101436676943852	1	DOWN
NEURL1B	-2.76015154353599	6.64022702689581e-24	1.72897154532741e-22	1	DOWN
SLC10A5	-0.62087781877064	0.249108947192104	0.408704972283503	1	DOWN
EFCAB7	-0.518551300924583	0.0141292698057569	0.0418007359221071	1	DOWN
OR2W3	0.212505525469203	0.752691148615533	0.853711623000005	1	UP
DPF3	-0.94143223398082	3.79944478965636e-06	2.54193410441315e-05	1	DOWN
STT3A	-0.0237813863891455	0.729679427194051	0.839805463713064	1	DOWN
TOR4A	-0.274403832225814	0.0279680053223366	0.0737528549111471	1	DOWN
DCDC2	-0.564914258239642	0.271584912404743	0.435494182108404	1	DOWN
NOC2L	-0.0968262604358262	0.293450308347451	0.459928427253876	1	DOWN
ADAM20	0.48085518838449	0.46185453463987	0.628579758907587	1	UP
ZNF703	0.791075342354429	1.79135513687148e-14	2.75099607682569e-13	1	UP
RBM38	0.698694956189966	0.173499758670723	0.314230481582983	1	UP
TCEAL4	0.80120594536387	8.2947192686272e-11	9.46069361885806e-10	1	UP
FN3KRP	0.106556445731841	0.789789208677358	0.877199589162747	1	UP
ZNF670	0.631739405851241	0.00236258374082181	0.00886797341262753	1	UP
NARF	0.430454085774314	0.00755381020442136	0.0244534299426732	1	UP
RPTOR	-0.521651213842225	6.21098695664425e-08	5.25497497133876e-07	1	DOWN
TRIM65	-1.59406120502685	0.0450381190732253	0.108982896638844	1	DOWN
PSMD1	-0.296671319832716	1.22823765819762e-05	7.54966499303012e-05	1	DOWN
ADAMTS14	-1.3664198416009	0.0110259700350379	0.0338869189656173	1	DOWN
RNF144B	-0.333149722378576	0.172544114005367	0.312931098329764	1	DOWN
TTC1	-0.00187788912171126	0.991361016706701	0.995252059820031	1	DOWN
RASGRF2	0.0766990677952055	0.820778065556667	0.895755286699572	1	UP
MSH3	-0.319830762288063	0.00116017038895007	0.0047307060639722	1	DOWN
RASA1	0.0300679992310075	0.726274985435245	0.837889175676571	1	UP
RPS15AP30	-0.13881887481201	0.745533038671265	0.849413379890271	1	DOWN
USP40	-0.418968131207946	2.61039989499207e-05	0.000151497545712974	1	DOWN
C9orf78P2	-0.657794739430478	0.309908988585276	0.477389847447928	1	DOWN
H2AC4	-2.8099015162916	1.09803484154194e-24	2.99956550002317e-23	1	DOWN
ZFC3H1	0.366017496785803	1.53987068200812e-09	1.5681938848273e-08	1	UP
ADIPOR2	0.0779959200348053	0.292696047619669	0.4592918153527	1	UP
CDKL3	0.564635535287287	0.153802436584566	0.287231715053446	1	UP
LINC00957	0.201371493743872	0.714635648943094	0.829858119469016	1	UP
SLC35F2	-0.597506232517692	0.0247229762640552	0.0665806429354942	1	DOWN
SFXN5	-0.239032597359656	0.0892455641187168	0.188909864813179	1	DOWN
TEX261	-0.368880018680764	1.47846396822229e-07	1.19359121814415e-06	1	DOWN
DUSP11	-0.0400776021145727	0.746030661388982	0.849825720300503	1	DOWN
MFAP2	1.18405072327826	3.19087489233722e-17	5.93453450053606e-16	1	UP
TRHDE	0.149345438031737	0.0684324302408978	0.152352033494256	1	UP
ZFP82	0.00065923339649488	0.996772054328581	0.998549184497231	1	UP
BBS12	-0.249518054488688	0.385129731323184	0.555163067067465	1	DOWN
SYNPO	-0.892524765463795	7.70438370778895e-06	4.89174204574948e-05	1	DOWN
AURKA	-1.30478361573295	7.91106475530002e-15	1.25079646366346e-13	1	DOWN
CASS4	-1.69448218911347	0.043236659202606	0.105400297256555	1	DOWN
SLC27A5	-0.342707063935531	0.46317775709827	0.629787520495587	1	DOWN
TMEM132B	-0.208581523306493	0.169593595880367	0.309014885142754	1	DOWN
SH3BGRL	-0.266169302131872	0.000133697599972245	0.000676901109579262	1	DOWN
COX7B	0.0429408463013098	0.627103882379636	0.76584790030154	1	UP
TRIM47	-0.667140450301483	0.154164293419929	0.28761269718028	1	DOWN
ZRANB2	0.507834271477782	1.64652845621016e-10	1.83171537495712e-09	1	UP
FOXM1	-1.43301580555841	1.65668276339925e-24	4.44169250721383e-23	1	DOWN
ITFG2	0.083602746686843	0.573299979471302	0.723433287053771	1	UP
KIAA0513	0.246106207028904	0.103806019255518	0.212780253086736	1	UP
NDOR1	0.0624770611399672	0.757414086379124	0.856849143750174	1	UP
GPR157	0.677462093330267	3.82445797263084e-06	2.55630167264053e-05	1	UP
TMEM47	-0.381190334676302	5.76530483838232e-09	5.57660108564009e-08	1	DOWN
PPAT	-0.681086160187807	4.87373342213324e-07	3.68359423029537e-06	1	DOWN
KRT18P17	-0.11614337757899	0.862772442195559	0.922388441382557	1	DOWN
RPL31P10	0.454540317788873	0.509192950370154	0.669610276257994	1	UP
ITGA1	2.17203840000204	0	0	1	UP
UROS	-0.197711219176402	0.04553244778397	0.109939749862348	1	DOWN
SESN1	0.196345500981948	0.0973754372948333	0.202762600050092	1	UP
CAMSAP2	0.0602958861453043	0.67721043439311	0.803808458925243	1	UP
LAMTOR1	-0.281789644952842	0.020484688676493	0.0570484170483716	1	DOWN
BCL10	-0.0503028771020126	0.654080517233421	0.787676462878347	1	DOWN
FAM187A	-0.750196626455698	0.188103061209333	0.333721396129092	1	DOWN
C19orf44	0.0857565107250392	0.697489044636583	0.818798877663953	1	UP
PDHA1	0.102149402920075	0.170433146623271	0.31011450539573	1	UP
FSTL3	0.490801861347886	0.548368066172456	0.701590697145477	1	UP
GGPS1	0.0583888464424759	0.59257655371421	0.738126156018564	1	UP
RNF217	1.19217379244831	4.08895136083027e-07	3.12312030208025e-06	1	UP
RSPO3	-1.37231252464962	5.36714437230598e-05	0.000292460796848393	1	DOWN
ARHGAP18	-0.321737444358019	2.5955347054318e-06	1.79292887324068e-05	1	DOWN
MIR4453HG	0.136416132495781	0.668462547607704	0.798079335383256	1	UP
C14orf132	-1.04157801068856	4.53199504792989e-06	2.99419504199539e-05	1	DOWN
MUC12-AS1	-0.0360443542662832	0.940352024415759	0.965335448236992	1	DOWN
WDR46	0.0617903402463764	0.57008990572329	0.720515062760824	1	UP
ZNF571-AS1	0.607661079979633	0.213528205430571	0.365907280526169	1	UP
THBS2	-0.685601700925512	2.48924976767957e-35	1.05800436449228e-33	1	DOWN
GPKOW	-0.11949555189978	0.346886107285746	0.516642852780809	1	DOWN
RHOBTB3	-0.865456773746847	1.63159267731979e-46	1.05731595425777e-44	1	DOWN
ARSK	-0.281986814754261	0.0136114071353679	0.0404812604472528	1	DOWN
TIGD6	-0.0523732759430231	0.808792198430435	0.88848459966788	1	DOWN
TMEM186	-0.0610294916539088	0.820155425990005	0.895306395300012	1	DOWN
GPX8	0.267542785418583	0.667964001852777	0.797615913962525	1	UP
TXK	-0.766591483490092	0.33070591270369	0.500160245366931	1	DOWN
ARHGEF10L	0.356363295984764	0.0081890836324107	0.0262920345638674	1	UP
KRTAP2-3	-1.36900345131955	0.00372279533551441	0.0132084741943331	1	DOWN
KRT23	-0.419117887628506	0.530945696846172	0.687764096909648	1	DOWN
VPS51	-0.0333219256109687	0.803823547374701	0.885145299651353	1	DOWN
ESYT2	0.171564246145632	0.0437298325004485	0.106315580327049	1	UP
PIGG	0.208550514199205	0.0224996443521481	0.061626679403505	1	UP
PSMD8	0.085454798162383	0.213345312968999	0.365723976004152	1	UP
PDLIM1	0.227144715284089	0.000659907865511656	0.00286204338670737	1	UP
RFX8	-1.0766341225775	0.278549252438309	0.443560908758788	1	DOWN
MYL6B	-0.102215283616559	0.409546117729172	0.579946197678027	1	DOWN
ZNF799	0.303567781240985	0.119180613785411	0.236865914436713	1	UP
VAPB	0.619991939966373	0.0461438956639125	0.111177950479091	1	UP
DLG2	0.558759516825739	0.32456496981613	0.493974552797567	1	UP
NCOA5	-0.0894760682055286	0.448109343903206	0.615955140660923	1	DOWN
RNF26	-0.415977272583363	5.11551434491268e-06	3.35561950968376e-05	1	DOWN
LOC100996437	0.144816430288114	0.702759204290339	0.821852924217257	1	UP
EFCAB11	-0.181278141482438	0.394316794439633	0.565136566145704	1	DOWN
SETX	0.0037547373003506	0.947631108420679	0.969845407067085	1	UP
SH3GL2	0.0996832770528997	0.851227390894724	0.916128098797427	1	UP
TGOLN2	-0.0683047725366264	0.860285355555887	0.921128622220261	1	DOWN
CRYGS	0.100517476463665	0.800211278767374	0.883208828340894	1	UP
SH2B2	-0.195308281728676	0.756135922608847	0.856341709844863	1	DOWN
MGAT5	-0.372787162004194	1.86151646393009e-11	2.25867123595749e-10	1	DOWN
ORAI2	-0.0716610464724949	0.493919458580939	0.656058469332185	1	DOWN
ALKBH4	-0.082319229498812	0.661226549666929	0.792517613770987	1	DOWN
ZFAND3	0.305000757758845	0.15231356503447	0.285040576057126	1	UP
LONP2	-0.0303101392996496	0.580251313482752	0.729402551421299	1	DOWN
ZSWIM4	1.68014605275646	1.71632099912833e-28	5.52395428917673e-27	1	UP
LOC128966597	-2.79968873386238	7.70948967886857e-13	1.04316325233455e-11	1	DOWN
DPRXP3	0.537112528217444	0.31319848195384	0.48087879969347	1	UP
C15orf39	0.51503840081656	0.104218513099565	0.213353411644966	1	UP
PANX2	0.0909917725636502	0.782800288911122	0.872521941770507	1	UP
TBC1D8	-0.921802743755651	1.04163912096114e-05	6.4854489172811e-05	1	DOWN
FAM120C	-1.24083736937698	4.42770686380476e-24	1.16124849163054e-22	1	DOWN
VRK2	-0.0199167937286866	0.851538287018025	0.91613305509525	1	DOWN
ABCB9	-0.559781910251221	0.000137426550555326	0.000692693087574125	1	DOWN
TECTA	0.900648614003027	0.183544564344127	0.327740331068452	1	UP
FNBP4	0.354525284761325	1.87198259744851e-06	1.31832458653647e-05	1	UP
CBLB	1.01868560224809	2.44906524604628e-72	3.27698535839026e-70	1	UP
ZDBF2	0.00104095061372076	0.992021100991932	0.995492041117072	1	UP
EXOC1	0.225213087628991	0.00258345594545843	0.00959977420103363	1	UP
HSP90AB3P	0.200315211261643	0.527110900610418	0.684945564672345	1	UP
GET4	0.0812686088244659	0.616138075289122	0.756998072266885	1	UP
LRRC39	0.391342195456915	0.476881811785465	0.641598234826674	1	UP
GOLIM4	-0.530332462794438	1.35544940719905e-11	1.66278432796549e-10	1	DOWN
CIP2A	-1.44029766200315	4.82316151857065e-37	2.12498497270928e-35	1	DOWN
TLK2P1	0.369302595692535	0.00961890889988287	0.0301197946938694	1	UP
OR7E38P	0.147355603943741	0.557546396184987	0.71018977269892	1	UP
HMGN1	0.224161092074937	0.0284362039618424	0.0747420122685676	1	UP
FBLIM1	0.922298772892496	3.11575782281544e-61	3.06298070051061e-59	1	UP
HSPB2-C11orf52	1.64804979313558	0.310821833386016	0.478398797982886	1	UP
RALY	0.267084078448644	0.00922000893367172	0.0290786445003252	1	UP
DYNLRB1	0.0617169122846568	0.411058334538416	0.580665101897815	1	UP
PIK3CB	0.306488590752906	0.00186387523395464	0.00720376063275702	1	UP
EIF2S2	0.084453957042982	0.160345914536477	0.296425586665809	1	UP
MPND	-0.161401972342021	0.594284474194339	0.739028222181448	1	DOWN
ARPC1B	-0.146221650310921	0.32562290101305	0.49485503654849	1	DOWN
ANP32E	-0.649821430931672	4.82243466069438e-20	1.06558108993417e-18	1	DOWN
ENAH	1.08618953765172	5.3333461573846e-22	1.27602955828419e-20	1	UP
ZNF276	0.134003739422509	0.504461167488586	0.665127213289246	1	UP
NPM2	0.680606381543124	0.0282739699009955	0.0743832403129958	1	UP
CDK5	0.252906112764998	0.108002553120662	0.219051915108307	1	UP
INTS1	-0.0531762458907502	0.554235997750929	0.707282268058873	1	DOWN
ANXA2	0.00415770986343552	0.949997235786814	0.971029145165883	1	UP
CNTLN	-0.357178861373609	0.000749389207529621	0.00320681771928059	1	DOWN
CMC4	-0.653452649183106	0.0387828695055799	0.0963140139586072	1	DOWN
AFDN	0.345192191960527	0.000114593938956443	0.000586608930874799	1	UP
KATNA1	-0.128329623768077	0.412625621619742	0.582087671831429	1	DOWN
CBR3-AS1	0.299271558625363	0.323957050988382	0.493361085871336	1	UP
SPATS2L	-0.482579348140523	1.60403337240391e-06	1.13682620228587e-05	1	DOWN
SLC16A1	-0.460756793021177	5.08254477616104e-10	5.3886907234265e-09	1	DOWN
POLR3F	0.274902361554725	0.0891696530610655	0.188804491778089	1	UP
RN7SL861P	0.204623406551154	0.710385964395122	0.827019058364127	1	UP
RPSAP36	-0.00821803904027687	0.985886944353234	0.99206547126583	1	DOWN
NXT1	-0.391311942588132	0.0678537356886127	0.151320113338911	1	DOWN
RPPH1	0.406332561802503	2.63714265116189e-11	3.15736109792382e-10	1	UP
NPIPB6	0.709067664096984	0.193058062537504	0.340395566340833	1	UP
SPATA7	0.207476658971596	0.275583003850836	0.439758170124606	1	UP
ERCC5	0.113744973528642	0.434286853251306	0.603275912365147	1	UP
HMGN5	0.125158393088676	0.698379192969394	0.819213328382015	1	UP
BIVM	0.0104183042789679	0.901313555809393	0.943393246316034	1	UP
ZNF649	0.730060603168205	3.2339504074331e-05	0.000184281614108106	1	UP
CLTB	0.0378840575659289	0.856044513257101	0.918457143149333	1	UP
RPS18	0.00487325659273528	0.943427631736908	0.967529193906796	1	UP
ARL10	-0.432489560971607	5.61557928669011e-08	4.7876540573427e-07	1	DOWN
SPEN-AS1	0.0938490909590143	0.836723275078142	0.906043828472156	1	UP
PRPS1	-1.2351579407187	4.23959345482559e-62	4.25460868164476e-60	1	DOWN
PHETA1	-0.326075050740543	0.362397561144123	0.532900941917819	1	DOWN
SHCBP1	-1.90427342124038	3.19794472630619e-81	5.31189646435066e-79	1	DOWN
NPTX1	-1.06519324694417	0.000303443760230635	0.00141545054199255	1	DOWN
MDFIC	-1.67125873163252	3.02205365935152e-63	3.07547165009076e-61	1	DOWN
TAFA5	0.680489804439704	0.057176339718468	0.131926438651059	1	UP
ENTREP3	-0.0211916195316494	0.903969299455689	0.944816226532702	1	DOWN
EIF3I	-0.0796424323937253	0.202571466992811	0.35215693778537	1	DOWN
ZNF91	0.63051160925278	3.25618352448501e-14	4.88630406150913e-13	1	UP
PVT1	0.100335201237088	0.417028365869225	0.586556066983012	1	UP
CLEC16A	-0.169489606515597	0.0410522940698591	0.101029751635479	1	DOWN
KRT18P31	0.354218068214126	0.294230991460889	0.46061445754537	1	UP
ZNF324B	-0.171097603353742	0.517624255903464	0.677089615481708	1	DOWN
EEF1A1P19	0.0713319060230777	0.905276101547394	0.945788385154814	1	UP
TCP11L1	0.680177957726024	2.04431246616406e-10	2.24827697477449e-09	1	UP
TMEM39A	0.0210448873530555	0.861963966315607	0.922069825836615	1	UP
P2RX4	0.252259576144792	0.0766460121288361	0.167136188512722	1	UP
PRDM1	0.52555817818883	1.57239528063257e-05	9.46778508350886e-05	1	UP
HSPBP1	0.048137660143078	0.786042049868392	0.874603694216898	1	UP
CTPS2	0.160814441610868	0.102223342368627	0.2103562620986	1	UP
ZNF2	-0.35934419790596	0.221481348577001	0.376367235217103	1	DOWN
SNX11	0.698430631872101	3.07915377180654e-08	2.7016910234594e-07	1	UP
RPS9P4	0.0926560388591117	0.586690949218585	0.733858816511536	1	UP
PIBF1	-0.0292593000617568	0.812178166527696	0.890702488008783	1	DOWN
H4C2	-1.72343928090047	1.07759397742703e-30	3.77968703101893e-29	1	DOWN
LINC02057	-0.444932465894377	0.510799696065022	0.671112501848862	1	DOWN
ARSG	0.422117147783553	0.369347928241224	0.539408480142893	1	UP
ABCA8	0.982653442564907	0.0424027389915953	0.103707890702977	1	UP
HOMER2	-0.338080232802295	0.535910725759241	0.691468383745249	1	DOWN
ATP5MF	0.138730455665144	0.174523774657855	0.315570954401985	1	UP
ATG2B	0.0318115851863482	0.596572158290666	0.741086930237979	1	UP
GPX7	-0.0996168883682543	0.584207756338423	0.732194155611966	1	DOWN
MORN1	0.187993801703881	0.480228189282461	0.644481571630836	1	UP
TUBB3	0.191935984097534	0.538768469958655	0.693607408407352	1	UP
MROH8	0.189812849023812	0.571884595243465	0.722277948423642	1	UP
KIF3B	0.337985696374157	4.76259400302602e-08	4.09424425566502e-07	1	UP
ALKBH2	-0.186010655467901	0.515645501388724	0.675391384081252	1	DOWN
RGN	-0.529042346645261	0.0305047040376689	0.0790431196070205	1	DOWN
UBA1	0.0140420313859775	0.799266322218167	0.882772670618674	1	UP
ANKDD1B	-0.317071075601602	0.588778816962946	0.73541466656625	1	DOWN
SP100	0.158267281656059	0.0494371472837979	0.117715639380155	1	UP
ADCK1	-0.430398350134407	0.0387590546435113	0.0962879660741588	1	DOWN
GNAI3	0.131574467969775	0.013079489296789	0.0390923887958424	1	UP
LINC01278	0.359388647904155	0.000442513738579113	0.00199213895208933	1	UP
OGFR	0.173780595600766	0.0771302333052274	0.168014621871245	1	UP
NR1D2	-0.219600988235107	0.00286427743445844	0.010489526914688	1	DOWN
HLA-B	0.405071231996514	6.4437744799157e-08	5.4328462665847e-07	1	UP
RPL7AP76	-0.573910111783083	0.365848853016219	0.536057826561208	1	DOWN
PRPH2	0.713050065413615	0.0283075394841552	0.0744444500610604	1	UP
SLC12A7	0.593193441135697	2.80048189557115e-06	1.91981802053599e-05	1	UP
DHDDS	0.103331517892107	0.201189095864415	0.350230660439948	1	UP
TANC2	0.482643983433945	1.49601529660093e-09	1.52568221956105e-08	1	UP
CAPZA1	0.00987661199022472	0.883034872856094	0.934989518438116	1	UP
RBM7	0.177610021270871	0.0869683804100713	0.185038289944926	1	UP
FUS	-0.209326973769255	0.00010514642849009	0.000543056125128767	1	DOWN
WNK1	0.145398844434549	0.343332206085459	0.513134110056983	1	UP
SHROOM2	0.155034112649454	0.681680107852484	0.807070950810495	1	UP
NPY4R2	1.30811891650702	0.0945010263918996	0.197918019186861	1	UP
ZNF790-AS1	0.280909767130364	0.437403450228939	0.606100254029085	1	UP
NOMO1	0.143656027730522	0.328467962624827	0.497945166992733	1	UP
KAT8	0.193345853582394	0.171190313085302	0.310996737254673	1	UP
SFR1	-0.631696749373902	0.0334901241467955	0.0853103797012765	1	DOWN
ANKRD9	-0.631746691820024	0.000301893130733352	0.00140867214472963	1	DOWN
COP1	0.0726286592706709	0.447648451281487	0.615463352236078	1	UP
HDDC2	0.227860209302484	0.0370201400359988	0.0927171652790673	1	UP
TPD52L1	1.19946500685394	2.15226051267982e-13	3.03141487999377e-12	1	UP
TRAF3	-0.323484350514554	0.146232674650518	0.276128104191119	1	DOWN
LRRC37A3	-0.410615589121224	0.149173199533961	0.280471234252572	1	DOWN
INPP5A	-0.15409430071814	0.12654724984047	0.247558589666952	1	DOWN
DDX6	-0.290482446464138	0.000176519246353141	0.000869595963627869	1	DOWN
SPOCD1	0.839419674606938	1.61729640355556e-35	6.93517813880754e-34	1	UP
SEMA4C	0.449299369869585	0.0373010286490196	0.0933236089001008	1	UP
TNFSF15	1.54932939398569	0.0576317098072359	0.132701695096298	1	UP
ZFP41	-0.332354636202783	0.100079119130406	0.206931370804621	1	DOWN
ABTB1	0.0256645834351524	0.885664761299745	0.936333416163773	1	UP
WDR5B	-0.4669441778389	0.047341689907793	0.113549337901663	1	DOWN
AKNA	-0.0405002679268792	0.753870147117006	0.854579345465003	1	DOWN
GAPDHP62	-0.0154860380632592	0.974504560033476	0.98486365459429	1	DOWN
TBC1D22A-DT	-1.09301471996103	0.0656824200813459	0.147570996983136	1	DOWN
ALAS1	0.0565334005571288	0.455087614856359	0.622771886580421	1	UP
ATP5MG	-0.0293418211946485	0.700722863685837	0.820661812393551	1	DOWN
DAP3	-0.0642155802888588	0.6773564701528	0.803915764633551	1	DOWN
PTPRA	-0.156915878804023	0.0374287714545851	0.0935945970393164	1	DOWN
GSTCD	-0.843040906145693	0.00253181288127012	0.00942241255401352	1	DOWN
WDFY2	-0.0441885105630571	0.618208973429641	0.758832742294381	1	DOWN
MCRS1	-0.673698196466941	0.000129943477241017	0.000658740583719588	1	DOWN
RSRC2	0.350746164382801	0.000871292885528418	0.00366338477997416	1	UP
CYP27B1	0.151228488681711	0.821133446789995	0.895910357997689	1	UP
ADGRL4	0.0451372764974108	0.843389161013183	0.910625879094554	1	UP
FUBP1	0.0361997221921729	0.653454550244027	0.787381948267859	1	UP
NEXN	0.925781834074874	1.30581032927184e-06	9.36489581553715e-06	1	UP
DNAJB4	0.604171897838373	3.25348575430228e-06	2.21044300119522e-05	1	UP
MRPL40	-0.125902900306283	0.390866025146973	0.561415856216967	1	DOWN
LETM2	-0.402699225076416	0.20807797267652	0.359380277656076	1	DOWN
ZMYM1	-0.192653974833086	0.0454769661344856	0.109875393849829	1	DOWN
SAMHD1	-0.147019721953176	0.0580505836912299	0.133517266420812	1	DOWN
CRNKL1	-0.0104130633815697	0.908565386428309	0.947991220164296	1	DOWN
FRMPD4	0.339171104653806	0.00794360149194829	0.0255720617420683	1	UP
GPATCH2L	0.271021086201891	0.644355121806127	0.781031495889724	1	UP
FAM124A	-0.232954494615273	0.0126040157968339	0.0378907077761695	1	DOWN
DUT-AS1	-1.21165703195939	0.0215492966401643	0.0595541950175969	1	DOWN
DNPH1	0.407208204458801	0.414572481004204	0.583973771614363	1	UP
RTKN	-0.004287777623489	0.981714556691482	0.989382597025497	1	DOWN
ZBTB49	0.252713390828543	0.410248523738371	0.580332878396431	1	UP
TMEM219	0.298234273576116	0.023490013403204	0.0638551888054366	1	UP
GUCA1B	1.27597328197579	0.045034922490188	0.108982896638844	1	UP
S1PR2	0.64004559945076	2.67393467651909e-08	2.36916186452344e-07	1	UP
ALOX12-AS1	-0.11551938477698	0.784392593555937	0.873219117901306	1	DOWN
TBP	-0.302737706720688	0.164294048337038	0.301563989904552	1	DOWN
GBA2	-0.249437544814655	0.00906732706623329	0.028672197687995	1	DOWN
NDST1	0.0519896841766152	0.894005931572983	0.940066903630049	1	UP
CEP68	-0.0701925648322885	0.663840447216071	0.794596065826178	1	DOWN
OXNAD1	-0.537444910371914	0.00931069606797107	0.0293326507255832	1	DOWN
DPH3	0.215029980432095	0.0336555128645391	0.0856084553071979	1	UP
TENM3	-0.323432855099738	3.51035763522784e-06	2.36715717156685e-05	1	DOWN
H2AC11	-3.05245763364322	1.92361748151253e-66	2.18883434845178e-64	1	DOWN
TLE1	-0.72263202916069	1.09746779810417e-08	1.02187546072187e-07	1	DOWN
MAML3	0.399597108566617	8.63972190702432e-05	0.000452200729005463	1	UP
ZNF892	0.250877023195982	0.344042791993945	0.513877249313127	1	UP
FCSK	0.021236842053145	0.914206756814041	0.951708944721031	1	UP
PCBP2-OT1	-0.080171256043142	0.844734684102217	0.91149910482214	1	DOWN
ABHD4	0.475686906658987	1.29106876693435e-07	1.04933828745603e-06	1	UP
ZC4H2	-0.0366410294367311	0.846953414866257	0.912933084465482	1	DOWN
TNFRSF21	-0.613340110312142	2.04611525715175e-13	2.88472308108292e-12	1	DOWN
ACVR2A	0.439719736918193	0.0553013162035088	0.128769209985809	1	UP
PKD1	0.287210030727465	0.0114258146206677	0.034900538381583	1	UP
ZNF780A	0.0406871016157057	0.741797820566868	0.84747571389136	1	UP
TAF13	0.623958432080134	1.18170582534068e-13	1.69413004781728e-12	1	UP
ATAD3A	-0.410602265956922	0.00138070858480724	0.00552245218905326	1	DOWN
FLCN	0.0694133093201274	0.422571142051988	0.590977990302263	1	UP
HOXB5	0.240068309110054	0.724659095368801	0.836742743878566	1	UP
CCZ1B	0.205394571824972	0.018107866542192	0.0515822549578586	1	UP
C19orf53	0.0607056015265511	0.545477240023929	0.699254111202501	1	UP
MED25	0.0195247785749738	0.881902425117846	0.934177501291142	1	UP
SNAPC2	0.0326545148020019	0.86227032349171	0.92219275050168	1	UP
GUSBP11	0.201903562322344	0.273654415181369	0.437647183907256	1	UP
TSPAN13	0.997989557537936	8.79371613969112e-17	1.57860859546182e-15	1	UP
RARRES2	0.439043808848461	0.00643243682390724	0.0212517477234302	1	UP
SLC26A2	-0.126063789981495	0.106956936375831	0.217411042395006	1	DOWN
LSM11	1.11533694380041	1.41924195087212e-18	2.90502343230213e-17	1	UP
DVL3	0.119024534456711	0.0762706735090701	0.166518734382773	1	UP
MAPK11	0.353424041786992	0.0317288025052748	0.0816585796979031	1	UP
TCP1	0.300476110840107	0.00654991761261672	0.0215905245027199	1	UP
CMYA5	-0.842271379628711	1.65513175594874e-10	1.8384557267652e-09	1	DOWN
MED27	-0.0271910708361856	0.882074043672938	0.934177501291142	1	DOWN
NKX3-1	-0.676884073639978	0.0448628405410144	0.108649724930149	1	DOWN
ERICH6-AS1	-0.814039253696711	0.299154132886331	0.465908059716039	1	DOWN
SCG5	0.834013019975971	3.65591208465164e-10	3.92508064898223e-09	1	UP
GREM1	0.113972851679035	0.460065737735268	0.627149323272555	1	UP
NYAP1	-1.12211710878149	5.14104435635218e-05	0.000281200726698128	1	DOWN
TSC22D4	-0.272487420823328	0.0772710946147377	0.168245380183453	1	DOWN
ACAT2	-0.912312699521929	5.57137620256462e-32	2.11317473761841e-30	1	DOWN
RIMKLB	-0.189447521684655	0.414417064591683	0.583868675091587	1	DOWN
CLEC18B	1.54849704521429	0.0304992946495881	0.0790431196070205	1	UP
CD200	1.50857147281271	5.01710485705691e-35	2.10762157817818e-33	1	UP
ABCF3	0.0322698632986803	0.793592800958377	0.879202397887612	1	UP
ARHGAP23P1	-1.05589080764727	3.53659020789948e-06	2.38151281893548e-05	1	DOWN
CRELD2	-0.240584509031793	0.0957312001920799	0.200088454436758	1	DOWN
NR2C2AP	-1.33704564824943	7.5171686489579e-05	0.000397768598118237	1	DOWN
ADRA2C	-1.0063892351279	0.0191698389878348	0.0540111801936441	1	DOWN
WNT4	0.824962987942142	6.56791991124645e-06	4.23340814618298e-05	1	UP
ALPL	0.463683805903058	0.365626831833576	0.535978225484582	1	UP
GPR176	-0.895799092383107	2.38806618712777e-08	2.12499658067632e-07	1	DOWN
P2RY11	0.288204759452875	0.462427849874869	0.62912303318977	1	UP
WNK4	-0.193888216737531	0.0959542900296159	0.200496738753323	1	DOWN
PTPMT1	-0.0254057180491862	0.840444922519792	0.908533032266122	1	DOWN
STAT5A	-0.400244043141702	0.143906023089109	0.272589584435799	1	DOWN
FANCB	-0.97109617025886	3.79656061407876e-06	2.5411809835133e-05	1	DOWN
DNAJC8	-0.00429135518917549	0.951828070948068	0.971868283253483	1	DOWN
TMEM147-AS1	-0.194709078188223	0.478870012524554	0.64337584148311	1	DOWN
VARS1	-0.217588243634297	0.00586770517056661	0.0195920072596715	1	DOWN
CARD16	-0.0442022043173873	0.735985606025056	0.844373451307406	1	DOWN
LSM2	-0.777659915687278	2.56466947769559e-05	0.000148963177741877	1	DOWN
TPRG1L	-0.104758842063152	0.186702411915155	0.332352371838619	1	DOWN
FMNL2	1.29101704062187	1.77679893606719e-93	4.01195647267296e-91	1	UP
AP3S2	-0.159789888472924	0.0679752512824647	0.151474226103762	1	DOWN
ARF6	-0.487741828328073	1.56813090290162e-09	1.59360475934116e-08	1	DOWN
RPUSD4	0.0305581442945448	0.860991954063626	0.921451838724682	1	UP
NEMF	0.146723587528253	0.124570167473573	0.244750887024347	1	UP
EML5	0.568296314552727	0.13718966740195	0.262551699592846	1	UP
ADAMTS5	-0.910727243565868	5.27338928612971e-66	5.773162770747e-64	1	DOWN
ADAMTS1	-0.65496527721832	2.64541567001798e-43	1.51701991458055e-41	1	DOWN
RN7SL444P	-0.466304034660738	0.567375738137202	0.718089577143169	1	DOWN
SLC46A3	1.12023213404554	1.68680393708492e-06	1.19314751320676e-05	1	UP
RPL36A	0.0776743277756452	0.612873043227132	0.754204917625418	1	UP
PPP1R12A	0.810204436557859	1.16107139758339e-34	4.76665987684022e-33	1	UP
EDEM2	-0.0738293497992045	0.527098070987969	0.684945564672345	1	DOWN
ETV1	-1.04925806204062	6.79821327132129e-08	5.71833410849034e-07	1	DOWN
OXA1L	-0.0841237509254894	0.382221098168042	0.55212685821935	1	DOWN
SLC7A7	0.223455952836013	0.438183489914509	0.606880353915523	1	UP
H4C5	-0.14596759201862	0.178679247388215	0.320896403667778	1	DOWN
GPRC5C	0.597180704437804	0.0275828192557058	0.0729100642151462	1	UP
TMEM182	-0.81590107597165	0.0898069114405824	0.189764538269901	1	DOWN
ZNF69	0.298586603284855	0.0179420066506605	0.0511867788418471	1	UP
GPR35	0.471885514483715	0.428587274985485	0.597195517386486	1	UP
ANKRD16	0.172710039071206	0.431343393704502	0.600110078215438	1	UP
TCAF1	-0.0323643311262419	0.674898027159222	0.801985970765391	1	DOWN
ECHDC3	-0.774677015148075	0.138834637522588	0.264757349554389	1	DOWN
DFFA	0.0353861186648229	0.648993864477968	0.784389847077098	1	UP
ACER3	0.107484459889301	0.22871709608819	0.385442808014335	1	UP
KLF4	0.452609104128132	0.361436533311639	0.531940049178786	1	UP
TOR1A	0.0644587597831004	0.559360364780329	0.711496930854725	1	UP
SMC2	-1.11562045348074	4.28637103923295e-24	1.12827591781339e-22	1	DOWN
RALGPS1	0.34725541235284	0.204405557276268	0.354520488262044	1	UP
ERCC4	-0.547109598669696	1.14625612829187e-06	8.27813458767907e-06	1	DOWN
FOSL1	-0.769918538663755	4.8964815735557e-09	4.75851077467743e-08	1	DOWN
AAAS	-0.316595475797069	0.0424336612850525	0.103757840817309	1	DOWN
CBX5	-0.566966716353379	3.74778544685554e-29	1.22810085017028e-27	1	DOWN
TRPC4	0.887751569169913	1.21743330807057e-32	4.66661239653257e-31	1	UP
DPY19L2	0.190026506760365	0.298476743175207	0.465345497424201	1	UP
C12orf75-AS1	0.777982247391868	0.0395411095668638	0.0979109962903956	1	UP
ATP6V1B2	-0.167702317491803	0.0526710749120612	0.123683734734189	1	DOWN
AKIRIN2	0.137682771081418	0.187049063807375	0.332720942377602	1	UP
FAM47E-STBD1	-0.537291059414975	0.355640065752447	0.526128341964077	1	DOWN
THOC6	0.426672656971044	0.0075482396342335	0.02444634938465	1	UP
CCDC25	0.102309550221034	0.534912721461768	0.690735746389421	1	UP
LCA5	0.282256777519693	0.0695944006168962	0.154368178559442	1	UP
ICA1	0.3056891658286	0.178656419023347	0.320896403667778	1	UP
IMMT	-0.236245578899022	0.00158243099412229	0.00621236356861212	1	DOWN
PTCD3	-0.171055911597273	0.0211908055536179	0.058709419297418	1	DOWN
TIGD1	-0.431012136170775	0.100163426908063	0.207046442890633	1	DOWN
IL17RA	-0.0277445531306091	0.790684202149908	0.877923734557689	1	DOWN
PNPLA2	0.299395705765593	0.0230134408034949	0.0627722221689892	1	UP
MTCO3P11	0.860886494038975	0.0783673615681162	0.170221966334112	1	UP
ATP13A3	0.205870800338149	0.125021009290589	0.245305988493999	1	UP
HYKK	-0.0911437350861835	0.794578743686352	0.879679569831569	1	DOWN
SGTA	-0.68347760993708	1.17279520440647e-13	1.68302517367209e-12	1	DOWN
STRN	-0.0340462108060403	0.670239372112475	0.799342177634512	1	DOWN
WTAP	-0.365696380311534	1.25553130451955e-06	9.03120103614336e-06	1	DOWN
GORASP2	-0.0882475595447567	0.215887237977655	0.368894081696436	1	DOWN
RBM39P1	0.0221243455529826	0.94901169583396	0.970364962605006	1	UP
GANC	-0.220403238145099	0.0331347435085285	0.0845392264197997	1	DOWN
GCHFR	-0.0867254706870671	0.904602304326004	0.945221106277302	1	DOWN
TM7SF3	0.00443356086697621	0.95910067148003	0.97619128071263	1	UP
ELL2	-0.579151707169718	1.286426864862e-22	3.16159092246952e-21	1	DOWN
UHRF2	0.0478879672029038	0.626614694966377	0.765385719440733	1	UP
EPRS1	-0.191958312655533	0.000348736255723447	0.00160649908557843	1	DOWN
CGREF1	0.915021828233174	0.0605618724641851	0.13828086885447	1	UP
HADHB	0.147424007224677	0.0251739488306774	0.0675935961635301	1	UP
SCDAL	0.0521471559123487	0.806127604671417	0.886893796353761	1	UP
RPL14	0.270998625635111	0.00563610488229328	0.0189721294325693	1	UP
MVB12B	0.748427173811557	2.0456055300011e-07	1.62602010528305e-06	1	UP
CTBP1-DT	-0.828248119454693	0.0519701319931358	0.122475599711808	1	DOWN
ZSCAN16	0.632543838139805	0.0274203975032196	0.0725869507820162	1	UP
NOB1	-1.00020729157013	3.84399150817558e-10	4.11782959856526e-09	1	DOWN
ZC3H8	-0.355148936893132	0.146198252733192	0.276099183252399	1	DOWN
CORIN	1.5981381240592	6.37283370095938e-13	8.68096048682946e-12	1	UP
NOX4	1.56839037085121	1.51163639440158e-35	6.50138617127894e-34	1	UP
LINC03099	-0.113659597914162	0.769878317169216	0.863941527979298	1	DOWN
LINC00665	0.0443764644081025	0.78702981378159	0.875109127052969	1	UP
ANKRD36C	0.290700697005999	0.000135377233497192	0.000684272963017811	1	UP
LINC02901	-1.34590391468634	0.0847873246179936	0.181412737348923	1	DOWN
WLS	-0.269800890237812	0.025512550842566	0.0682870665356402	1	DOWN
TGDS	-0.00567992424455954	0.971731089245079	0.983424575325124	1	DOWN
AFF4	0.455361740426236	1.98256324504015e-12	2.60691732976117e-11	1	UP
MYORG	1.00775845528948	5.92764212492377e-06	3.84817413959e-05	1	UP
ULK3	0.165596929483363	0.284168440834559	0.449832198324046	1	UP
LINS1	-0.0435600730878214	0.767906695513408	0.862842676064401	1	DOWN
UBALD1	-0.289262770538308	0.317486960822803	0.485760092202258	1	DOWN
TTC39A	1.51368526481053	0.0245428060903802	0.0661941192258463	1	UP
EPS15	0.0516948390031759	0.408679320160836	0.579510047017922	1	UP
INTS13	0.933803127941779	3.96946154280654e-18	7.8044474496731e-17	1	UP
PRR11	-3.19473189826007	4.67167344515201e-56	4.16730573801801e-54	1	DOWN
FXYD5	0.0924488984560649	0.486154747106387	0.649539779071228	1	UP
COPS6	-0.271248520980275	0.0193933179273266	0.0544815002659014	1	DOWN
PAFAH1B2	0.29858898357522	1.08863376521945e-06	7.88959204673334e-06	1	UP
ANKS3	0.141021848312218	0.285544430015488	0.451318227950762	1	UP
RAB35	0.172394849165702	0.0580693219622016	0.1335178634329	1	UP
C2CD5	-0.515200678449198	7.06453891351111e-08	5.92511037952113e-07	1	DOWN
REXO1	0.0594490552653375	0.644665724363144	0.78122133188862	1	UP
DNM1L	-0.0753020130629172	0.327205038695702	0.49657925668226	1	DOWN
STX4	0.0139464406139596	0.893759264418961	0.940066903630049	1	UP
MAZ	-1.05031291603711	0.000902711423258009	0.00377732317986874	1	DOWN
PAK4	0.0812409157591159	0.72603987638413	0.837751697031864	1	UP
PYCARD	-0.0298570920660794	0.896649580433618	0.941062029693239	1	DOWN
GTPBP4	0.115549446435218	0.100464627293777	0.207502195238025	1	UP
DNAJB6P8	0.719286868519576	0.103012230203892	0.211633457304015	1	UP
HIBADH	-0.307398407898272	0.00321990770480343	0.0116095025554178	1	DOWN
OTUD7B	0.976240983083073	1.00644184439774e-44	6.00995499726931e-43	1	UP
GPATCH2	0.302141017794891	0.000569191665149113	0.00251233621046727	1	UP
PCDHGB3	0.756416386962039	0.00763571786531474	0.0246964545370777	1	UP
JPX	-0.0626983611882848	0.605689923932994	0.748872783261097	1	DOWN
SGK1	0.858199858640658	8.79065309091768e-38	3.94514682661029e-36	1	UP
CRIM1	-0.223128089269239	9.07557147695929e-07	6.65403771758187e-06	1	DOWN
INTS15	-0.0544841186604555	0.710735480471011	0.82709280305094	1	DOWN
USP44	-1.24603949558614	4.07721988575971e-12	5.21876922667082e-11	1	DOWN
PKP3	-0.981156977653119	0.0641048162592164	0.144814553659831	1	DOWN
DPH6	-0.247223118310559	0.20280465565077	0.352384247095467	1	DOWN
MAP7D2	0.0253654003807666	0.964655488411495	0.979350483357363	1	UP
COX7A2L	0.329557232024819	0.430506439427048	0.599291836640042	1	UP
CCDC74A	-0.314804426649629	0.246427373055044	0.405817200146234	1	DOWN
H3-3A	0.14858585594168	0.242195221758128	0.401325897216685	1	UP
CADM4	0.522692519078697	4.67925985573415e-08	4.02499905804846e-07	1	UP
C2	0.339060110710544	0.280027939410195	0.445130761458226	1	UP
BORCS7	-0.0713002594935934	0.672362483593228	0.80081680131919	1	DOWN
WBP1L	0.150271131602692	0.0600847558856581	0.137365101614245	1	UP
RPL7P23	0.0946633402893	0.443464245442728	0.611673361734548	1	UP
ZNF837	0.0196943532887185	0.972523823698247	0.983689919633317	1	UP
ZNF280C	0.0912057506346244	0.544018659969338	0.698012196411995	1	UP
TAGLN	0.836020496961086	3.34825410495683e-75	4.69763301657584e-73	1	UP
JPH2	0.984841492620263	2.16458357993733e-40	1.08236668905448e-38	1	UP
SNX1	-0.146571185153717	0.149586876839401	0.281175852914436	1	DOWN
RAP2B	0.598132657056947	8.56311709439922e-11	9.75142672428393e-10	1	UP
COL3A1	0.110451666404914	0.0824184415079777	0.177394831431603	1	UP
TRABD2A	-0.681449087304549	0.163105946478964	0.300107465312899	1	DOWN
ITGA6	-0.504682020074075	1.21286332505785e-13	1.73707511500604e-12	1	DOWN
MTA1-DT	-0.845165860254066	0.102412219977987	0.210649339536052	1	DOWN
AP1G2-AS1	0.0998716013581212	0.527265549241335	0.685043487253859	1	UP
CNTRL	-0.637173652680462	1.06271678134661e-05	6.60529901386661e-05	1	DOWN
RAB14	-0.14670011974557	0.0598210338315651	0.136835445306025	1	DOWN
GLE1	-0.493938118616771	3.4384989887578e-05	0.000194404338366741	1	DOWN
ROBO3	0.417578232183886	0.187075324387689	0.332720942377602	1	UP
NAP1L1	-0.216348010311564	0.0223373892255095	0.0612519187282425	1	DOWN
RPS10P6	1.04453187326189	0.0207780071332526	0.0577539875134898	1	UP
HLA-DPB1	-0.103252418272711	0.645461059368768	0.781857315082822	1	DOWN
ZNF17	-0.243525379193954	0.643657372484644	0.780523008288629	1	DOWN
ZNF34	0.563596009428676	0.342779264586774	0.512572759990011	1	UP
ZNF207	-0.36629507013664	0.0563878237672528	0.130712294074522	1	DOWN
ASB13	-1.04425137251664	4.61919534701164e-06	3.04942859569051e-05	1	DOWN
SRA1	0.0933538795808541	0.485364810586754	0.648985745645934	1	UP
PHACTR2	-0.0800173415472248	0.177073870437864	0.318785910265052	1	DOWN
SNHG1	-0.165418934615493	0.261918444113881	0.424312601025005	1	DOWN
ADGRG6	-0.725152330485093	0.0022953226659888	0.00865371976159774	1	DOWN
TBK1	-0.0972828897100922	0.212776035317053	0.365145177885219	1	DOWN
MAP4K5	0.0717786151342479	0.305752645311795	0.472812357132237	1	UP
GPR78	0.545319977095432	0.230227650513967	0.387132857525871	1	UP
EIF3A	0.056014910168708	0.296325570078724	0.462993236827529	1	UP
CCDC144CP	2.02099896913519	8.71663920401073e-39	4.03731260054997e-37	1	UP
ZNF782	0.129333950009533	0.446640600582235	0.614529498144709	1	UP
HDAC2	0.05964873650452	0.42679753755834	0.595218221893029	1	UP
HAND2	-0.488737888941495	0.339917516217605	0.50966466350494	1	DOWN
HMGB2	-1.04877513603353	7.74833280706577e-09	7.38596025032371e-08	1	DOWN
SAP30	-0.639751662369922	2.02165807639267e-05	0.000119586495546257	1	DOWN
CSTF2T	-0.201487743067955	0.178074970539862	0.320109640411935	1	DOWN
CCDC69	0.17365946434647	0.718378923187324	0.832351059722547	1	UP
MAD2L1	-2.82199986689806	3.67579611617018e-53	3.00106947315115e-51	1	DOWN
SNW1	-0.259809959572609	0.0101135738915789	0.031437138375394	1	DOWN
TCEA2	0.0310624681920103	0.881736852747485	0.934177501291142	1	UP
RGS19	0.928392226590093	0.0804673277620345	0.174181149414194	1	UP
LGMN	0.45816431529597	9.36184682777612e-05	0.000487876121558575	1	UP
ITPK1	-1.10208527949437	4.58868567396196e-33	1.78736109634567e-31	1	DOWN
PCSK9	-1.25708960547368	0.000804736050192867	0.003419359206509	1	DOWN
CAAP1	-0.123114454876775	0.54629651103104	0.699869758945883	1	DOWN
RCL1	0.377845301564271	0.0604208073640482	0.138002384576871	1	UP
IPP	-0.254243792147708	0.0337936448041619	0.0859018401169646	1	DOWN
ZNF577	0.236388794265868	0.355667273728259	0.526128341964077	1	UP
RBIS	0.258539623791464	0.0417890604449729	0.102462855085878	1	UP
FLAD1	0.154412284372911	0.476644601753486	0.64139967780423	1	UP
ZBTB7B	-0.0103062012433051	0.97550402395152	0.985322475020858	1	DOWN
THOC2	0.12065464762599	0.0792495468882034	0.17180246055827	1	UP
GRIA3	0.230004244806663	0.0593031795113295	0.135802447422382	1	UP
NCL	-0.250972887685066	3.27457080518909e-05	0.000186302451597589	1	DOWN
MAVS	-0.456613332881827	4.3179989808235e-15	6.95645521425645e-14	1	DOWN
LOC285638	0.978617049287723	6.21314084016278e-05	0.000334398876280046	1	UP
SZT2	-0.0762402637574047	0.315771568868741	0.483904023512426	1	DOWN
SPC24	-2.23672150394455	5.94274853814974e-28	1.89160042125114e-26	1	DOWN
RN7SL834P	0.923085087688621	0.0500556917900819	0.118855537636949	1	UP
DHFR2	-0.864300394577824	0.000339736992395701	0.0015680419281732	1	DOWN
BLTP2	-0.0592995433384462	0.316329515859901	0.484502155134227	1	DOWN
MOCS2-DT	-0.0474899194916861	0.908323004086546	0.94788703126174	1	DOWN
KLHL26	0.690590664916822	0.0462393020796264	0.11136735905878	1	UP
NAP1L1P1	0.0273608801916053	0.944577489392955	0.967823770937997	1	UP
CCDC124	-0.136176463398714	0.197185844649217	0.34569120963555	1	DOWN
NR2C2	0.0434304284463757	0.527326723293058	0.685043487253859	1	UP
SHC2	0.491607817120485	0.0422340853987615	0.103374791344428	1	UP
CAVIN1	-0.120420938514568	0.008218581368358	0.0263633117323288	1	DOWN
LINC00547	0.828437658723426	0.0015013329385	0.00592942396672957	1	UP
THEM4	-0.0202899145661238	0.906690296290315	0.94688789249771	1	DOWN
BAZ2B	0.597290951809776	7.72427807537832e-16	1.30401334658052e-14	1	UP
HEATR5A	0.0427420893532506	0.65157738609786	0.785928149929095	1	UP
ACAD11	0.172518331535338	0.172866779909385	0.313472647138612	1	UP
CCDC89	0.346191988200495	0.442655368919139	0.610907529008736	1	UP
ATG5	-0.0983272541081007	0.287196663508277	0.453136694438051	1	DOWN
ARHGAP4	0.435263497845196	0.390585074961888	0.561123861047246	1	UP
PIAS3	0.219798527297794	0.0037996511013265	0.0134511801632823	1	UP
SLC12A2-DT	-0.270325379425715	0.217476192007922	0.371000879554537	1	DOWN
ARHGAP6	-0.0258797381749811	0.900114806390092	0.943197221966663	1	DOWN
WWC3	-0.0900238097529177	0.28122454497874	0.446541687670341	1	DOWN
DPY30	-0.0903555785227353	0.403707263942654	0.574436162981025	1	DOWN
ADAMTS7	1.07644929966258	2.03608622749285e-40	1.0252084346167e-38	1	UP
ABHD17C	-0.903882044970149	5.03137468786973e-08	4.31503831539498e-07	1	DOWN
TFPI	-1.41728621057383	1.36528198844242e-84	2.37707108614234e-82	1	DOWN
MTHFS	0.055799583015869	0.865615939077466	0.924675926641666	1	UP
GTF3C4	-0.663707365782108	1.19088742185019e-18	2.45149773976597e-17	1	DOWN
DDX31	0.00797108548206055	0.950921107035388	0.971520544548763	1	UP
LINC01592	2.12204867730425	0.00715025621030139	0.0232983883867115	1	UP
MRPS2	-1.09578467656093	0.00415589738150874	0.0145627723230317	1	DOWN
ZSCAN20	0.302011585935807	0.0329006211570001	0.084083633962077	1	UP
NMNAT1	-0.407355882287278	0.00325472661386968	0.0117067255085044	1	DOWN
CHRNA9	3.98506965099266	5.90163078876552e-10	6.20702085359902e-09	1	UP
RHBDL2	0.442131483727723	0.104533816021147	0.213847420062514	1	UP
PODN	0.0870019804295699	0.68129467663119	0.806857154209249	1	UP
TCEA3	-0.0213545916206407	0.919816875221023	0.95559120516312	1	DOWN
PSIP1	-1.06694330847213	2.84890789743105e-40	1.4196402767509e-38	1	DOWN
BMPR2	-0.289437109302825	2.52246664750387e-05	0.000146629788910211	1	DOWN
AIMP1	-0.310904249247765	0.0018565592877384	0.00717740456583938	1	DOWN
NFX1	-0.253567999099574	0.00196447575566871	0.00753413990052243	1	DOWN
CEP290	-0.114002112304542	0.173347016834221	0.314032561147214	1	DOWN
HLA-A	0.307727538683779	1.02921384006418e-06	7.49655705784651e-06	1	UP
INA	0.716744292491542	0.001037884391948	0.00427428536564279	1	UP
NADK	-0.157367227338326	0.122905297895482	0.24224010636765	1	DOWN
PDE1C	-0.682475237754758	1.19830973451221e-11	1.4762808161497e-10	1	DOWN
SPSB1	1.52460802005032	6.47708088036107e-79	9.95747827681892e-77	1	UP
SLC25A53	-0.18396674416017	0.614238096627941	0.755498743243712	1	DOWN
ELN	0.429988777592038	0.325602114742706	0.49485503654849	1	UP
RFC2	-1.33210295022878	2.52931479982727e-14	3.83940421977982e-13	1	DOWN
TBC1D7	0.0380549461639145	0.801220265096125	0.883831135831649	1	UP
CHSY1	0.344120308153532	1.01052779872597e-06	7.37159879827814e-06	1	UP
NDUFB2-AS1	0.564679747806338	0.284956758281162	0.450586509893979	1	UP
MIR137HG	0.337195603632686	0.000410009445975891	0.00185738134915285	1	UP
CHAF1B	-1.34818319915127	2.4642514383618e-12	3.21108183370301e-11	1	DOWN
MSANTD2	0.176309506760184	0.159823678770294	0.295611414553887	1	UP
NRG1	1.53978544090539	8.96435254671536e-45	5.37526384450555e-43	1	UP
LINC01637	-0.42489415034442	0.575415447047781	0.725469257135534	1	DOWN
RPL7L1P9	2.41426986137627	2.66415713759881e-10	2.90564036192003e-09	1	UP
SNX19	0.0532142763468072	0.495792105784988	0.657384847963501	1	UP
ADD1	0.210790016949822	0.0253307397033155	0.0679262422439437	1	UP
OSBPL6	0.175865481405884	0.557998737131288	0.710578053426528	1	UP
FKBP7	-0.100266707440285	0.45994414468383	0.627143332013044	1	DOWN
PLEKHH3	0.36287051313882	0.0489368416727408	0.116694096271833	1	UP
OPHN1	0.336852727503968	6.3788585264231e-06	4.11521806095269e-05	1	UP
SLC25A40	-0.429422866734939	0.000307131804376418	0.00143080648131645	1	DOWN
PGR	-0.318458281206193	1.12987979870084e-05	6.99566965339582e-05	1	DOWN
DENND6A	0.305062673563401	0.00154413573033995	0.00608019221775003	1	UP
RENBP	0.356352976513231	0.182882760443001	0.3268008867518	1	UP
NAA10	0.201619830900719	0.102416598130254	0.210649339536052	1	UP
ELF4	-0.555752752845897	3.24859012210122e-09	3.21764056576318e-08	1	DOWN
MGAT3	1.57385376156885	0.178764496747454	0.320989779137358	1	UP
GNAZ	0.418142273290358	0.0603858108612505	0.137966063676827	1	UP
FAM88B	0.067430428205417	0.878156563983538	0.93221483186117	1	UP
SLC2A9	2.29628071505599	4.07057923694619e-09	3.99619161366232e-08	1	UP
VPS13D	0.266082659467543	2.41944429387679e-07	1.90848195910554e-06	1	UP
PPP2R1A	0.0586178745179499	0.466944128031659	0.632920832612749	1	UP
LINC00327	-0.173178314342003	0.458134131184436	0.625501361372663	1	DOWN
WDR25	-0.248778172318173	0.308964411444087	0.476300907806539	1	DOWN
ZNF575	-0.807203245574742	0.205433381078554	0.355790722670923	1	DOWN
SGF29	0.544804082522524	0.0220945059463138	0.0607126270070699	1	UP
INSIG1-DT	-0.292790294136061	0.708928605771787	0.826256808641925	1	DOWN
TBC1D14	-0.247552913623789	0.00299835079911852	0.0109196490418502	1	DOWN
TMEM128	-0.141901424634088	0.437410528632574	0.606100254029085	1	DOWN
DMPK	0.298014123765049	0.0405778641892035	0.100032534185974	1	UP
TRAM2	-0.096913926980481	0.0506494920477603	0.119989476980686	1	DOWN
RPL7	0.0774563981622557	0.561028352793568	0.712802947619118	1	UP
TERF1	0.283690734720324	0.0114990507719029	0.0350681493266764	1	UP
TAS2R10	0.602928589020631	0.239152499029703	0.397789222315635	1	UP
RPL13AP22	-0.113972523808228	0.743696226810664	0.848370237893977	1	DOWN
TUT7	0.339941733687088	0.00620983870439147	0.0206200319662595	1	UP
LOC101928389	0.37451153714112	0.480221768964585	0.644481571630836	1	UP
SPOUT1	-0.297426729794182	0.0841635277954103	0.18037181375819	1	DOWN
AHCYL2	0.116892152763202	0.68768179813593	0.811173754376159	1	UP
RPL39	0.152138059925506	0.0895853054319071	0.189434774480025	1	UP
OVCA2	0.255532133705943	0.565828935510928	0.716696813661883	1	UP
TRIP13	-2.86577184410765	1.39246058248391e-64	1.47959175569669e-62	1	DOWN
SEL1L	0.315459147707075	7.29733664875773e-09	6.97445845973531e-08	1	UP
ADTRP	0.729596385414082	0.327694035509501	0.496957341499402	1	UP
SMIM30	-0.349277353918368	0.00438522295504842	0.0152627304728817	1	DOWN
SH3D21	0.0714663566356538	0.6957933914375	0.817786140138445	1	UP
LINC01265	-0.0223770537647139	0.951392139663517	0.971630233941872	1	DOWN
ESRRA	0.557225523353666	0.0154506742435714	0.0450156640108569	1	UP
TTLL7-IT1	0.395993896716345	0.311167622129603	0.478829017931519	1	UP
TTL	-0.403287190110502	1.25601164562535e-10	1.41030491771033e-09	1	DOWN
RANBP9	-0.110004698907041	0.150743953046119	0.28279902187063	1	DOWN
C17orf67	-0.480070897528278	0.160926047164545	0.297193905121385	1	DOWN
SAYSD1	-0.0919267083794942	0.687157578308746	0.810760770178262	1	DOWN
CKLF	-0.437387290512104	0.00560101480389828	0.0188715935955081	1	DOWN
AFTPH	1.29960830241577	1.23871150412376e-05	7.6075732877571e-05	1	UP
MKI67	-1.89647865824301	1.30135103748512e-12	1.73645649517059e-11	1	DOWN
GASK1A	0.513696888734034	0.472406884568891	0.638133472509352	1	UP
KCNC4	-0.857139001780961	1.49219776044627e-13	2.12660254794961e-12	1	DOWN
OSBPL10	0.179067660501626	0.330217100432164	0.499577818084716	1	UP
RBMS3	-0.516019735412428	5.98887392879937e-12	7.55193866885512e-11	1	DOWN
THRB	0.663203646391383	1.58434068201034e-06	1.12342037270517e-05	1	UP
NGLY1	0.603049825892358	1.30188236384762e-10	1.45841101084976e-09	1	UP
OXSM	-0.318916572208328	0.417856506918802	0.587225943935	1	DOWN
SETBP1	-0.142304139715014	0.586489475625348	0.733797351710987	1	DOWN
CPSF4	0.0408858704139143	0.836083447303122	0.905772080871248	1	UP
TP53BP2	0.275931978271514	0.070172866943768	0.155365114172574	1	UP
ATP8B2	-0.130081521272447	0.0378247948123757	0.0944215080037383	1	DOWN
CSNK2A3	0.0866086237603516	0.370346678405973	0.540502761798146	1	UP
AKR1A1	0.182820319199775	0.0555174746298895	0.129138601259878	1	UP
TAF2	0.049855637256002	0.484348082691004	0.648024640585844	1	UP
CFAP263	-0.0748480129039978	0.760832196712057	0.858559199540863	1	DOWN
NME3	0.243247180883175	0.497354737237162	0.658680126676587	1	UP
PSD3	0.0240273239043272	0.887992633561539	0.937217466228294	1	UP
CARNMT1	-0.459665389473696	1.78609061139941e-05	0.00010674439795423	1	DOWN
LRP1	0.131119386663673	0.00321804023270426	0.0116056649370625	1	UP
CSMD1	5.53938701986337	0.000213657719539613	0.00103297681668349	1	UP
ZNF30	-0.0303874624520808	0.931277531475741	0.961415316999281	1	DOWN
ARHGEF37	0.0647392539666725	0.800688989321807	0.883466181926352	1	UP
ERVK3-1	0.124841077882863	0.425778209801207	0.594198059858739	1	UP
PLAGL1	-0.0866554610981059	0.744977084742977	0.849094080891297	1	DOWN
RPL22L1	-0.543816211011133	0.000200205319813833	0.000973832162953862	1	DOWN
LOC107984761	-0.500541729328555	0.482715082159172	0.646678006144637	1	DOWN
TGIF2-RAB5IF	0.432844951876645	0.901257710676115	0.943393246316034	1	UP
LYN	0.419280145463013	1.22936277497818e-07	1.00370177746947e-06	1	UP
CELSR3	0.117051834324967	0.698342166056434	0.819213328382015	1	UP
OR5P1P	2.62877946157229	3.41947789353869e-05	0.000193404598980539	1	UP
GOLGA5	0.237824685166489	0.00353580116352251	0.0126224957050553	1	UP
SERPINB8	0.25607889975575	0.041448224641163	0.101796107119213	1	UP
TUB	-0.935854079476657	0.0207578718310712	0.0577091200136225	1	DOWN
C9orf43	-0.555696086560767	0.596184654406455	0.74080433795596	1	DOWN
PALM2AKAP2	-0.0435728900478446	0.743193228569841	0.848198179281533	1	DOWN
CDCA2	-2.22439002809665	1.2532581698314e-48	8.8778597118792e-47	1	DOWN
SPIDR	-0.10595539501359	0.303914714827495	0.47072578177622	1	DOWN
HLA-H	0.656538433254791	0.000387772100679859	0.00176716954491474	1	UP
C1orf116	2.51132368387609	0.000661370514848323	0.0028675263456565	1	UP
TTN	4.11695911537073	1.73727434534038e-52	1.38703599803944e-50	1	UP
CCDC87	0.0480755278043388	0.938989087644659	0.964814836622307	1	UP
NXF1	0.0616257385621133	0.638154970019991	0.775609924880414	1	UP
COX6B1	0.0797347744787558	0.301957243205247	0.468873868853537	1	UP
UBA2	-0.296620269133581	8.91487476845081e-05	0.000465590369638174	1	DOWN
ZNF311	-0.278266857045178	0.516969287936082	0.676613517111381	1	DOWN
GDPD5	-0.0526014253860925	0.743952230281507	0.848528309376327	1	DOWN
ZFAND2B	0.217577061931	0.128609211469771	0.250408476818871	1	UP
BAG2	0.168707312097578	0.0189504175134047	0.0535286324249827	1	UP
ZNF347	-0.362029203737234	0.257937561987967	0.41968552604483	1	DOWN
ZNF451	0.372732616021375	1.59518375557696e-07	1.28209123758858e-06	1	UP
TCP1P3	0.274950526432793	0.668661378245174	0.79825077050979	1	UP
KCNE3	0.0297926431508188	0.958830410700138	0.976051599709681	1	UP
MID1IP1	-0.00533691680487291	0.966186503282588	0.980211860512267	1	DOWN
MIA3	-0.0116916468002843	0.937755013129985	0.964350766494541	1	DOWN
TOMM40L	-0.131166260839446	0.774684123766012	0.866878601759457	1	DOWN
IFT52	-0.079136740594947	0.589845565017846	0.73629675135665	1	DOWN
DISP1	1.58909376800811	5.43165689400272e-40	2.65178627619031e-38	1	UP
MPZ	-0.573062256147959	0.0483478031856116	0.115518851606771	1	DOWN
RAB35-AS1	-0.525580950679895	0.160500951397471	0.296636302422925	1	DOWN
LSM1	-0.654909976371683	0.00299335835165766	0.0109069645839145	1	DOWN
TCEAL9	-0.0669466136399978	0.496631176697209	0.65788067884513	1	DOWN
PGBD2	-0.0344420380307127	0.877616697746437	0.932104498973109	1	DOWN
RASA4B	0.591874947588098	0.661587147610332	0.792818299205316	1	UP
ATP6V0E2	0.147170637287069	0.659654480792209	0.791421079446095	1	UP
PRKCE	-0.0660578674873648	0.614940215365332	0.755902877693012	1	DOWN
JAGN1	-0.0354431046910327	0.817647727318316	0.894228265811527	1	DOWN
HMBS	-0.590477657136885	0.000180140884941741	0.000885748869783293	1	DOWN
DACT1	1.51975842999803	1.1634397925864e-11	1.43699730279197e-10	1	UP
TOE1	-0.5237442915903	0.00947579067424596	0.0297727499877685	1	DOWN
RALGDS	0.258329430375617	0.0620323323043196	0.140992329998384	1	UP
PRKX	0.099473111352961	0.409390193564395	0.579839036283355	1	UP
MT2A	-1.24098933389108	7.5721884707079e-43	4.17655326680152e-41	1	DOWN
RABGEF1P2	-0.00987728719755158	0.984422443050157	0.991351130628419	1	DOWN
FOXL1	0.0186349388032959	0.948443959121279	0.970127665151586	1	UP
PRKDC	-0.57223773728759	9.83006350830914e-23	2.43243574929067e-21	1	DOWN
DHX34	0.0197717378199054	0.883345272800423	0.935181138259261	1	UP
ENTPD7	1.09621025933574	5.71818007504334e-51	4.37213863833076e-49	1	UP
TRPV3	0.0362752431574653	0.931132912375857	0.961403380733317	1	UP
SRR	-0.462278569398956	0.000500729836205666	0.0022340373149145	1	DOWN
ATP23	-1.00431036939754	0.0152177134100195	0.0444534417805118	1	DOWN
LINC03140	0.756393401002466	0.153786210927494	0.287231715053446	1	UP
ZNF653	0.473281411850809	0.108606302064332	0.220046697740751	1	UP
IFT122	-0.179901753556006	0.113837563383579	0.228640254128714	1	DOWN
RFC4	-0.952517939015382	4.44421024767659e-08	3.83193808407962e-07	1	DOWN
BTAF1	0.250335156137462	3.89927751135328e-05	0.000217645652053172	1	UP
FSBP	-0.044515436279142	0.926126806440943	0.959161377636894	1	DOWN
LINC01561	0.0585718664544553	0.919963173518398	0.955674489290085	1	UP
GREB1L	-0.284446720309463	8.90562343156211e-05	0.000465275358674997	1	DOWN
ESCO1	-0.204130454022808	0.108762947503656	0.220161556853247	1	DOWN
OSBPL1A	0.186630369805968	0.0222245779309139	0.0610004512212036	1	UP
LOC100506076	0.866922698077413	4.13872858120601e-10	4.42699975773561e-09	1	UP
CAMKK1	0.117168236422808	0.543969371702078	0.698012196411995	1	UP
GAREM1	-0.407896625132836	0.583995015880108	0.732194155611966	1	DOWN
ELAVL1	-0.280989431285139	0.00328994563649777	0.0118148619266971	1	DOWN
NAV3	0.444297478298036	1.03535912999027e-12	1.39181160813855e-11	1	UP
KAT7	-0.0918794173101747	0.28264569083754	0.44809472467645	1	DOWN
LPP-AS2	-0.799694187360065	0.00349716522718772	0.0125000085822631	1	DOWN
TBC1D2	-0.493886019525517	0.000281892880747644	0.00132734898002092	1	DOWN
NANS	-0.172904468289824	0.0767397081937841	0.167292007717605	1	DOWN
PSME3IP1	-0.0565014313706672	0.65762422820179	0.790166103080076	1	DOWN
PDXDC2P	-0.407301035555797	0.535689458780822	0.691368077953171	1	DOWN
IHO1	-0.433875118054377	0.225024878314955	0.38104458829733	1	DOWN
SERAC1	0.838662007551892	5.53577417238764e-23	1.3912603924378e-21	1	UP
CCDC186	0.00341940199915165	0.969285484379726	0.98199274640854	1	UP
ELL3	0.111076275383566	0.831543642549447	0.902759911237477	1	UP
TTBK2	0.411834623329013	9.69907833964673e-08	8.01380109126558e-07	1	UP
AKR1B1	-0.865092205588866	7.64944252397253e-30	2.58880781999829e-28	1	DOWN
UNC79	1.20061686127051	0.0854806110744638	0.182625711211868	1	UP
ACACA	-0.397308502983488	9.96986693592995e-11	1.12911087062009e-09	1	DOWN
TRPC6	1.01796472368959	1.89935133129277e-19	4.12125016344021e-18	1	UP
ZNF277	0.0736568964211577	0.634236006609176	0.771818486863933	1	UP
RYR3	-0.0404028809891026	0.957751475160367	0.975367622800737	1	DOWN
HMGN2	-0.91679425938725	2.15140091620889e-07	1.70636084742781e-06	1	DOWN
UBE2J1	0.456085533666054	2.4067136835536e-12	3.13893677265642e-11	1	UP
SELENOM	0.720827473488822	1.25702039534192e-09	1.285576909631e-08	1	UP
GJC2	-0.383614257368661	0.368811493699127	0.53884287690285	1	DOWN
DENND4B	-0.505088717398268	3.89916962078269e-06	2.60022612782329e-05	1	DOWN
OPA1	0.0256776952894574	0.717276950742766	0.831691343591728	1	UP
TSC22D3	-0.250358862416757	0.247225613776886	0.406676988581648	1	DOWN
AFAP1L1	0.414669241657047	0.0344443695232999	0.0872031506624399	1	UP
ATP6V0D1-DT	-0.287177246827164	0.467707175510997	0.633349663319209	1	DOWN
KANSL1-AS1	-0.928290923318523	0.199206602246661	0.347982619564782	1	DOWN
LCNL1	-0.544604187528395	0.00568287273987314	0.0191028597264263	1	DOWN
RCAN3	0.205707099692207	0.128961474172241	0.250805893596668	1	UP
TMEM53	-0.330858741775051	0.299326002644714	0.465915560557816	1	DOWN
PLPPR4	-0.745823723635188	0.0461452734740564	0.111177950479091	1	DOWN
UNC93B1	-0.283607764120289	0.292461187669601	0.459182397411439	1	DOWN
CDC73	0.0418454615084508	0.530079275154087	0.687196160873034	1	UP
TIMM17A	-0.66273863916905	5.24641577804319e-17	9.60911969689508e-16	1	DOWN
ZNF516-AS1	1.22467332074867	0.196833768151748	0.345325334898739	1	UP
ABCC1	-0.0332887834627565	0.743299909076808	0.848230893240088	1	DOWN
NOMO3	0.235787493935648	0.000396602038830693	0.00180399624272658	1	UP
LMF1	0.210742119906955	0.183972962670336	0.328343001549836	1	UP
PHEX	1.07507922613895	0.0572944744830238	0.132114640299055	1	UP
SMS	0.0145428294315198	0.873261453973297	0.929479929647564	1	UP
UBL4A	-0.440558007095005	0.000513994483372785	0.00228827303734446	1	DOWN
AAGAB	-0.00834146122762069	0.962299682571648	0.978207140745842	1	DOWN
IQCH	0.0266641212827392	0.936092414438141	0.963786687768075	1	UP
RAB33A	0.314332702359173	0.113293234964007	0.227768577972296	1	UP
RBMX2	-0.190499741583526	0.256213169800944	0.417846351065731	1	DOWN
RTL8C	0.624334514394302	0.271624150741658	0.435508776474836	1	UP
ITGA7	0.596140825608345	1.92578194595957e-06	1.35357368195826e-05	1	UP
MEF2A	0.763828795838648	0.000648553567107486	0.00282041757396036	1	UP
SOX11	-0.0623929759981393	0.910764835427095	0.949600478842493	1	DOWN
OTUD5	0.0932897415660509	0.368475089894989	0.538623662155825	1	UP
CS	-0.0186362155329252	0.768557536849432	0.86330547726476	1	DOWN
TAPT1-AS1	0.862602247696307	0.0221156686803703	0.0607592258745307	1	UP
PPP1R9B	-0.147562354903341	0.0544320600973726	0.127013999752484	1	DOWN
ZNF594-DT	-0.564901164740922	0.239581438428503	0.398227670431366	1	DOWN
LINC02984	0.811150112484816	0.0844508941591654	0.180880372238639	1	UP
FAAP24	-0.540730258521	0.265220432858329	0.428139016447242	1	DOWN
DENND3	-0.30817666011673	0.00239508765812134	0.00898090606032169	1	DOWN
RHPN2	1.54921276294012	6.87789925276901e-09	6.59976906386222e-08	1	UP
C19orf12	-0.25979087173623	0.103173537010765	0.211844385243331	1	DOWN
CIRSR	0.0848110182869754	0.485685740792714	0.649119402464141	1	UP
MYC	0.0590866081016995	0.937166814595407	0.964247479475286	1	UP
SLC71A2	-0.592130794535479	8.31667675415252e-12	1.0396565378396e-10	1	DOWN
PDE5A	0.00173891720083119	0.982408944010736	0.989944330932233	1	UP
PRDM5	-0.445457542675707	0.000110745643370754	0.000568722563024437	1	DOWN
PSKH1	0.0623382447452639	0.524577762989514	0.682490164042487	1	UP
PEG10	-1.28050006357932	0.151877066539529	0.284407864268852	1	DOWN
GTPBP2	0.359276793156299	6.98324788112148e-06	4.47516253348499e-05	1	UP
RPL15P3	0.0656110584484923	0.482541462945855	0.646505347768455	1	UP
PSG7	-0.602332735010204	0.118119981778692	0.235375833329163	1	DOWN
POLD3	-0.780146829360964	8.09997542730429e-06	5.12265842013017e-05	1	DOWN
WRAP73	0.0292615148958843	0.877304935857272	0.932104498973109	1	UP
LRRC42	0.218464138260538	0.186898766346134	0.332660927758096	1	UP
ZNF235	0.281951350319662	0.170839899985989	0.310705345713479	1	UP
TGFBR3L	0.315606911091815	0.684992432284032	0.809124214397298	1	UP
VPS28	0.0914065793120059	0.591237192447501	0.737439035737859	1	UP
ZNF431	0.705680972485899	0.000162354556159674	0.000806249378372319	1	UP
AMZ2	-0.798797938411768	9.63574718487132e-06	6.02536488829838e-05	1	DOWN
CD4	0.473522072279806	0.122995120788463	0.242351034976013	1	UP
ZNF512B	0.191935591820284	0.250791741423974	0.411139132764362	1	UP
KIAA1671	-0.139628524948487	0.133676507548564	0.257567894744573	1	DOWN
ARRDC1	0.472202891216235	0.0135019707996953	0.0401784005799551	1	UP
LOC101929270	0.359246542959706	0.550749545278793	0.703703066209004	1	UP
RPL26P30	-0.283914785785013	0.263380836284207	0.426169126093727	1	DOWN
PLPP4	-0.169612623559863	0.464029414330233	0.630374098755473	1	DOWN
ARL15	0.295985629229872	0.000899251439212924	0.00376559911563778	1	UP
PFDN1	-0.0666225321063368	0.527349039771941	0.685043487253859	1	DOWN
HOXA13	-1.1626431979122	5.93038294010514e-06	3.84822469095013e-05	1	DOWN
ABCC4	0.156361314059149	0.0138700898628008	0.0411464310430376	1	UP
ZBTB20	-0.556915199410709	1.35557307419281e-10	1.51620638507433e-09	1	DOWN
EIF4A1P2	-0.0144606291071273	0.937776647501887	0.964350766494541	1	DOWN
PIGF	-0.237909976816219	0.0543978889635268	0.126954763147921	1	DOWN
LOC103344931	0.209200483021808	0.223655651602435	0.379170321598638	1	UP
EGLN2	0.184688596512328	0.0696952744750388	0.154537436756089	1	UP
RPL7AP39	0.378669794048026	0.69331290853242	0.816017660954716	1	UP
LOC105376805	-0.885562733223316	0.10868234366342	0.220097310299713	1	DOWN
NRAV	0.232757443705911	0.271193011274531	0.435170744089388	1	UP
FBH1	0.0711060796712008	0.474158173748589	0.639274103955433	1	UP
INTS7	-0.288073845888253	0.00594199082487532	0.0198228356249298	1	DOWN
SMYD2	0.0315206255316887	0.818581857198691	0.894722502355577	1	UP
TAF1A	-0.11190202654411	0.657761630603983	0.79026549084288	1	DOWN
ITGB1	0.248295066469473	0.000891172847749152	0.00373501705998347	1	UP
ITGB1-DT	-0.0611773493309916	0.87769471681632	0.932104498973109	1	DOWN
MAT2A	0.00584858805481504	0.913427613487477	0.951383089909055	1	UP
ACP1	-0.11998453789407	0.231272435242734	0.388490503368948	1	DOWN
IFI30	0.279637493414406	0.067476841127408	0.150828744181311	1	UP
PTAR1	0.534768192871229	1.93254384093285e-20	4.34326454826137e-19	1	UP
LRRC28	-0.419608160415808	0.00717491007080112	0.0233629169520385	1	DOWN
ATP7B	1.23726685844885	7.22109183867358e-29	2.3397309004635e-27	1	UP
THNSL1	-0.880338915267521	0.00124713866048449	0.00506105048656596	1	DOWN
DNAJC7	0.253828081677112	0.00280573114606758	0.0103117041688257	1	UP
RN7SL118P	-0.745368807243322	0.298945329423555	0.465724337591612	1	DOWN
GNPDA2	-0.148536292625244	0.357351173923892	0.527938057120758	1	DOWN
NKIRAS2	0.0231088462172049	0.87885294359192	0.932610207468765	1	UP
POLR2J3-UPK3BL2	0.362347476616545	0.0614941112613174	0.140077459306005	1	UP
PRKAR2A	0.127142239684923	0.152280919548724	0.285016392746874	1	UP
MATR3	-0.251117058128105	0.542705076312831	0.697128824850422	1	DOWN
BID	-0.158264173164328	0.382621206224439	0.552539127725529	1	DOWN
NEB	2.1333042826836	6.10824063056128e-07	4.57358473327674e-06	1	UP
GPC6	1.0046742494841	0.0332604809686137	0.0848300759755448	1	UP
MAPKAPK2	-0.13837982045615	0.101706730819152	0.209577066457659	1	DOWN
EVI5L	-0.201556737232683	0.117891368555109	0.235081110662512	1	DOWN
B3GALNT2	0.268486649713386	0.00627365930590178	0.0208080446705501	1	UP
CARM1	-0.330354579652705	0.000185182652201505	0.000908684043111697	1	DOWN
CCDC81	1.54303081556784	2.49748895831082e-45	1.5292886837521e-43	1	UP
LRRC58	-0.075777779947304	0.274257890732269	0.438224323194606	1	DOWN
FKBPL	-0.592972518902493	0.0482260364323377	0.115325906417957	1	DOWN
E4F1	-0.0166643294335282	0.913501939833783	0.951383089909055	1	DOWN
CCDC125	0.00557817485451549	0.976051955792304	0.985525262557981	1	UP
ZNF598	-0.25516430431159	0.0423103110081971	0.103543828006682	1	DOWN
AIFM2	-0.0784991187051921	0.513427624825863	0.673585347831007	1	DOWN
DCTPP1	-0.324624565485259	0.20160332911733	0.350759414629283	1	DOWN
MYL6	0.483898115773766	3.30733609299152e-10	3.56940357578943e-09	1	UP
PUF60	0.145466155396895	0.29363847634105	0.460083483888336	1	UP
HSPA1L	0.463452452132434	0.238058818754617	0.396609175677078	1	UP
AGO1	-0.21565304337766	0.00301591077888978	0.0109694476852765	1	DOWN
RRS1-DT	0.638590193267788	0.362644178351234	0.533011698673076	1	UP
PSEN1	0.361058178077021	5.14607590092718e-06	3.3741353377631e-05	1	UP
CPOX	-0.271861098630579	0.0119988462407558	0.036347316114313	1	DOWN
SNRPB	-0.047054445266118	0.733275292797842	0.842333963133674	1	DOWN
STK35	-0.006937281054548	0.942233158925003	0.966757701634393	1	DOWN
COL9A2	-0.599239232201411	0.297716195185807	0.464410269498068	1	DOWN
ADGRG1	0.035219790965242	0.892092140762308	0.939348843351509	1	UP
IPO7	0.136935715888329	0.0141553797552741	0.0418321866755554	1	UP
FKBP1B	0.621089449338448	0.0273196494826631	0.0723600173522662	1	UP
SPEF2	-0.579640753106073	0.126938564184303	0.248058038002348	1	DOWN
IGSF10	-0.715233967582134	5.42995627501209e-09	5.25926931167558e-08	1	DOWN
ST20-MTHFS	0.0671480374027616	0.899330570626545	0.942711887140882	1	UP
LINC00310	-0.646452416943745	0.0220421849761601	0.0606264969719242	1	DOWN
TMEM237	-0.133576149846427	0.172326151803989	0.312653511578085	1	DOWN
CATSPERT	-0.791567722466943	0.0790722046401754	0.171495186740984	1	DOWN
BLCAP	0.5182700650232	2.62386681089405e-11	3.14407125076533e-10	1	UP
CAMK1G	-0.909369346945328	3.72345192217573e-06	2.49687256275459e-05	1	DOWN
MGAT4C	2.76677099870086	0.000326374492859001	0.00151216344863912	1	UP
NT5C3A	0.423432221650039	0.000315172565516156	0.00146495939024573	1	UP
FKBP9	0.548136968042439	0.00241607580659578	0.00904995113559244	1	UP
INHBA	1.66868660908932	2.54003771347608e-94	5.92033628991014e-92	1	UP
ANOS1	4.0800291397609	1.13410024048984e-27	3.56540162893019e-26	1	UP
ARL4A	0.577401538964661	9.10398498393618e-06	5.72007334795051e-05	1	UP
SIK2	-0.319152029788761	4.76115568133688e-05	0.000262108421908569	1	DOWN
UBE2E1	0.0132857848455697	0.883609225165959	0.935323535956144	1	UP
LOC401957	0.267368278682278	0.556821642229858	0.7094542013634	1	UP
SNHG15	0.101105437552807	0.726554661489489	0.838000693717119	1	UP
ZFP2	-0.469164709859451	0.491620344056334	0.65418099373463	1	DOWN
CAMLG	0.0481901177753984	0.653979876275448	0.787676462878347	1	UP
RP9	0.219357597252729	0.301795440312544	0.468749560184499	1	UP
PTTG1	-1.73035358735185	1.93251585566017e-41	1.00456067014911e-39	1	DOWN
APRT	0.22581001293118	0.201165629937257	0.350230660439948	1	UP
GPRASP1	1.96860663351364	1.02623816380604e-08	9.62997902932538e-08	1	UP
TBKBP1	0.270903917238539	0.0944108360376821	0.197786458622868	1	UP
MAGEE1	-0.137935597352442	0.747804628487521	0.850800807707564	1	DOWN
COL8A2	-0.613572071168624	0.0204155453017528	0.0568887476196741	1	DOWN
PWWP2B	0.152391355654239	0.465530215048022	0.63167860447502	1	UP
CCDC77	-0.636341572531332	0.00474834975405561	0.0163571876748171	1	DOWN
ZNF540	0.126196098691623	0.750979507805562	0.852633314335553	1	UP
GOT2	-0.167713285371081	0.00561919236568818	0.0189240151192169	1	DOWN
KISS1	0.147603309398207	0.588017030542738	0.734754354377268	1	UP
LOC100420580	0.0338524583896325	0.946618305793977	0.969140073491476	1	UP
PGAP3	0.221355408146176	0.292718678250527	0.4592918153527	1	UP
UBQLNL	0.648217633138505	0.380041672649762	0.550023256030216	1	UP
BCLAF1P2	-0.297200169015557	0.00538796965797441	0.0182430997018248	1	DOWN
LOC112268198	-0.136474126062254	0.542709797215919	0.697128824850422	1	DOWN
RPS15AP29	-0.115282612948975	0.752572098594592	0.853643594724525	1	DOWN
MTHFD2	0.92999377866117	2.72184373497983e-10	2.96631702972802e-09	1	UP
ARL6IP6	-0.642788044817283	0.00024193734259069	0.00115539872365435	1	DOWN
FOXD1	-0.126343864368815	0.640626011499402	0.777956848082173	1	DOWN
RPS6KL1	0.313021239994934	0.25106749741921	0.411451168655591	1	UP
RNASEK-C17orf49	-0.0717397506139146	0.897098606215615	0.941328199130254	1	DOWN
MARS2	0.540128561992891	0.00205319585505121	0.00783903125530912	1	UP
C19orf18	1.08922977840176	0.0289783205859371	0.0758908500883249	1	UP
MAT2B	-0.382622908410083	0.000336078742133882	0.00155314163817612	1	DOWN
RAB4B	0.474806684624502	0.00571934652115808	0.0192031311750129	1	UP
CWF19L1	-0.0381184825977097	0.722806483832252	0.835295101469013	1	DOWN
CCDC102B	-1.35735898230605	7.58375453879396e-09	7.23385061650901e-08	1	DOWN
BAMBI	0.161675878755414	0.288091326629527	0.454224028744335	1	UP
SCFD1	0.0880526860801982	0.259763522509992	0.421780074583359	1	UP
RN7SL166P	0.0848231371518711	0.895487813026127	0.940618194725522	1	UP
PEX7	-0.0134833625347678	0.949801484576109	0.970897733154796	1	DOWN
NIPSNAP2	0.272618719658897	0.00960244440686885	0.0300809291980015	1	UP
ZNF512	-0.603524133446356	0.0316420722742317	0.0814643838294891	1	DOWN
DTX3	-0.183571362958861	0.2273530710087	0.384086886736816	1	DOWN
PIK3C2B	0.603084522132316	4.12977747667353e-07	3.14598915737529e-06	1	UP
ACKR3	-2.2042991240227	0.0136286627261714	0.0405242397234368	1	DOWN
EFEMP2	-0.0296801903807096	0.733214757606847	0.842331382635865	1	DOWN
ZNF662	-0.0795813077830923	0.739520702146433	0.846212183602669	1	DOWN
STOX2	-0.311634905860516	0.0548379039687429	0.127857784809988	1	DOWN
MAP3K11	0.0706882385112743	0.597688869043628	0.742113920224082	1	UP
FAM151B-DT	-0.331201694086683	0.490599958394766	0.653244264144731	1	DOWN
HPSE2	-0.263153638552514	0.492295196459032	0.654803865644814	1	DOWN
GXYLT2	-0.826963684315799	0.00318736732850028	0.011503657658381	1	DOWN
NINJ1	-0.130747415616951	0.527860513686743	0.68548816348734	1	DOWN
MTHFR	-0.181354213869385	0.12894581845319	0.250805893596668	1	DOWN
GYPC	0.104811271164675	0.22708598628926	0.383815156475567	1	UP
MPRIP	-0.433393765888992	4.61630884055024e-11	5.39727176818702e-10	1	DOWN
IMP4	-0.134046479014223	0.238028949740543	0.396605136942302	1	DOWN
SAP130	0.0726306737001763	0.473199511787691	0.638745728641714	1	UP
BIN1	-0.152917865821632	0.15205790567249	0.284637816634297	1	DOWN
VMA22	-0.389497924760346	0.264773114146264	0.427799225461501	1	DOWN
CEP83	-0.281562803565579	0.0711458847706515	0.157182262776439	1	DOWN
MRPL35	-0.206105348088967	0.0303189333356906	0.0786604857511786	1	DOWN
UCK1	-0.166987503009402	0.22837592096318	0.385094566375603	1	DOWN
POMT1	0.109688313696937	0.288182731115731	0.454259686791207	1	UP
DARS1-AS1	0.731483151688252	0.168576068044124	0.307704024163905	1	UP
EXOSC2	-0.876659089304549	0.00125146696138074	0.00507576454081198	1	DOWN
CCNL2	-0.0248086765659413	0.901973936773821	0.943634645646745	1	DOWN
RNF130	-0.346984538536747	0.00699117584547392	0.0228212067185326	1	DOWN
CD74	0.181820417940188	0.654273281332384	0.787842945465735	1	UP
FOXN2	-1.29134475562433	6.11114301473025e-25	1.68856840737795e-23	1	DOWN
RNF13	0.662995184685636	0.00252709971220682	0.00940983797730677	1	UP
ZNF684	-0.364554521910263	0.504651721295144	0.665272945122799	1	DOWN
LINC00839	-0.31378459350963	0.119195137345774	0.236865914436713	1	DOWN
ADAM11	-1.03707484942168	0.202051855320844	0.351408275513481	1	DOWN
SRRM3	0.654571265849972	0.112231437830946	0.226074227501394	1	UP
GRIPAP1	0.138708051958114	0.131021995340487	0.253602846861154	1	UP
RABGGTA	0.528360524757912	0.000939122664046391	0.00391102640292058	1	UP
RUFY3	0.0245225878099884	0.766668007227999	0.862054106166497	1	UP
PNN	0.00698667785636556	0.915571826795647	0.952645265914398	1	UP
HMOX2	0.180878370061993	0.229157884290621	0.385917793483716	1	UP
PITX1-AS1	-0.236772974800324	0.70084184355661	0.820668137204163	1	DOWN
UQCC2	-0.331680484503148	0.0711819439606108	0.157213857890079	1	DOWN
HAGLR	-0.106995179734381	0.733028666322277	0.842184548976246	1	DOWN
CCT8	0.181199030318861	0.001456389979472	0.0057787730898819	1	UP
MAP3K7CL	0.482458852141322	0.00276729012346135	0.010196356342208	1	UP
VWF	-1.74986717241693	0.00310651609607258	0.0112427408225256	1	DOWN
ITGA10	-0.89807580063726	0.112015043084805	0.225732727320948	1	DOWN
CELSR2	0.401988892548602	0.013055961964527	0.0390543792898737	1	UP
VAX2	0.203249325074828	0.702927298084459	0.821889202288678	1	UP
GSPT2	-0.0112319274737372	0.945509460083448	0.968497108567189	1	DOWN
ATG16L2	-0.11229571065775	0.450607170355394	0.618456094482458	1	DOWN
NEMP2	-1.39266424160149	6.25059123997808e-10	6.54545608760313e-09	1	DOWN
C2CD3	0.161737855940605	0.0400443222136331	0.0988859364848277	1	UP
TRANK1	0.334082584004613	1.82456407334584e-05	0.000108639371338775	1	UP
RPL12P12	-0.151626789413718	0.765837816808125	0.861744081279209	1	DOWN
BBS9	0.095864433706549	0.332107607331349	0.501755047939919	1	UP
SLC41A3	0.196603961885852	0.110699050167599	0.223423460051952	1	UP
HSPB3	1.27674270110114	0.000119833288367688	0.000611479819986391	1	UP
CDK6	0.909224830065609	3.75439896937815e-38	1.70612639957496e-36	1	UP
PMPCB	-0.0930174073470046	0.292628966813991	0.4592918153527	1	DOWN
FTCDNL1	-1.11606913704957	0.101029133148579	0.208448315695333	1	DOWN
NALCN	0.466552020088695	0.00889226666164877	0.0282484382342243	1	UP
ACYP1	0.0898938976242027	0.727874633323946	0.838730270804907	1	UP
TBC1D22B	0.217952933108407	0.0309790656119853	0.0800426385050598	1	UP
PPM1H	1.41639912685234	2.50462447492794e-24	6.67792034818887e-23	1	UP
DHRS4L2	0.079754238791156	0.765282082581553	0.861392592429382	1	UP
RBM26	0.00266671953382383	0.967775389270923	0.98135724863898	1	UP
SAMD11	-0.850157665243023	0.0965901802533934	0.201529475828415	1	DOWN
GNS	0.154584513487403	0.00136388894413542	0.00546122447539511	1	UP
APPBP2	-0.12862132298527	0.0971430741394443	0.202424594720852	1	DOWN
C1orf159	-0.422543479961296	0.0822253014803403	0.177084624693353	1	DOWN
ZNF182	-0.0663876421857634	0.68937659142917	0.812642232053425	1	DOWN
MDM2	0.438440050426458	0.000381218513749504	0.00174162179570295	1	UP
ZMYND19	-0.253985644955383	0.0769398419625703	0.167650430669648	1	DOWN
CC2D1A	0.11804665517754	0.257386085932992	0.419144278546052	1	UP
VAMP7	0.484768851811658	0.0608529047531039	0.138813784780916	1	UP
TRIM56	0.094987428612798	0.381345027861893	0.551412547291597	1	UP
ADISSP	-0.489655913984805	0.00149696457369264	0.0059170227172955	1	DOWN
CDC25B	-1.03149100068639	3.30551590169777e-05	0.000187693557152984	1	DOWN
RAPGEF2	0.58994625531433	3.82810394260669e-17	7.11053085791893e-16	1	UP
ZNF546	0.279469850921282	0.694888273712404	0.817339284015786	1	UP
LOC730098	-0.833666786043956	0.191212464404937	0.338048852840194	1	DOWN
TSPYL4	0.358694027820025	0.000265480196271505	0.00125609975248699	1	UP
LAMTOR4	0.0567997529955758	0.741343274639479	0.847224330708985	1	UP
MYZAP	0.0131212976539055	0.980536170364325	0.988539709636868	1	UP
AP3M2	-0.232369371434651	0.0642532541968611	0.145104512642419	1	DOWN
FDX2	0.484023534987058	0.0194839929342179	0.0546937027762982	1	UP
RN7SKP16	0.580388134912489	0.080634047538234	0.174411408617725	1	UP
OSGEP	-0.0525184652735633	0.700347195963323	0.820554348051401	1	DOWN
TIMM9	-0.166185588910506	0.398831425345184	0.569742282291741	1	DOWN
GSTZ1	0.322774636914019	0.200669332363792	0.34967753250387	1	UP
KIAA0586	-0.752472678504636	1.89255083314362e-12	2.497648592672e-11	1	DOWN
ENTREP2	0.612741811063404	0.117047084190514	0.233657606525365	1	UP
SLC6A9	0.455804118659707	0.0216565100125825	0.0597933179579346	1	UP
ANAPC7	-0.025184755493306	0.841978885614692	0.909646895635311	1	DOWN
TPK1	0.0671880756432707	0.780021878810577	0.870835612692495	1	UP
LMBRD2	-0.728031853280207	4.67493905841809e-12	5.95745540857141e-11	1	DOWN
ZNF474	0.314673930327686	0.654723977822029	0.788219389475526	1	UP
NDUFAF2	-0.103939923178669	0.37314790150884	0.543913690206198	1	DOWN
TMEM161B	0.296728572457584	0.0253608182434654	0.0679816702719938	1	UP
ELOVL7	0.449236716699092	0.457749953933118	0.625053820682934	1	UP
ADO	-0.367311980826642	0.001115318552662	0.00456844342531705	1	DOWN
ZNF619	-0.576527129843178	0.0916709190212353	0.193026721126178	1	DOWN
UBE2A	0.255325386696429	0.174778410350967	0.315833788668479	1	UP
TSHZ2	0.696981060739362	0.137396789722947	0.262808869395937	1	UP
B4GALT7	-0.162307181175105	0.431097577979372	0.599854550958182	1	DOWN
ANAPC4	0.00229079766436399	0.984552486928976	0.991413001784589	1	UP
CEMIP	-1.73741829932346	1.92634641266575e-157	1.03102340775677e-154	1	DOWN
VBP1	0.0923711289723718	0.628306116329616	0.766914155653987	1	UP
TMBIM4	-0.066384272416901	0.644832459364955	0.781292350992116	1	DOWN
FAM210B	0.144235950978783	0.0636456203838587	0.14386717662555	1	UP
TLE3	-0.749270637330993	3.20101668220779e-06	2.17684197998046e-05	1	DOWN
TLCD1	0.0276197972798844	0.95189424130993	0.971868283253483	1	UP
GGNBP2	0.0664684970254321	0.37843707176488	0.5487451459035	1	UP
NEK8	-0.476075827726486	0.175716214952896	0.317013111396292	1	DOWN
MGC16275	-1.45796913522192	0.142256527250561	0.270351009376362	1	DOWN
ZNF23	0.8770859208668	8.87382666424093e-10	9.1925210842255e-09	1	UP
PRRT2	-0.178765152266351	0.572835449814449	0.723099675512631	1	DOWN
RRP36	0.049370396414895	0.55004255192921	0.703048374131348	1	UP
IRGQ	0.319050933192765	7.33545604220602e-08	6.14163819617145e-07	1	UP
SLC25A39	-0.559052827947045	0.000242413619180372	0.00115729078651323	1	DOWN
SRRM2-AS1	0.286962011819732	0.45851287716838	0.625804018099232	1	UP
PDPK2P	0.117551140744223	0.536470399661979	0.691500870970797	1	UP
NSMCE3	0.280119479779514	0.00523910367208007	0.0178058060125186	1	UP
FAM43A	-1.05715762279743	2.35368467159062e-09	2.36038148432728e-08	1	DOWN
PAM16	0.0410924803758463	0.858615204689943	0.920251888611626	1	UP
NOC2LP1	-3.25087771143943	0.00294797963476674	0.010772894562098	1	DOWN
TOMM40P4	-0.442036759122543	0.446057851124345	0.614075950750385	1	DOWN
ADAMTS7P3	1.22444892573739	0.00223639333053755	0.00846024084282674	1	UP
ARCN1	0.0765408483917481	0.736285571965885	0.844489867375312	1	UP
XKR5	-1.91556012704975	0.00947717458610027	0.0297727499877685	1	DOWN
BTBD6	-0.76037827961416	0.0244986067597033	0.0660995829507977	1	DOWN
ESR1	-0.122917437307754	0.79584462092375	0.880406538847823	1	DOWN
RCC2	-0.188490511765209	0.0054544007276236	0.0184334763598898	1	DOWN
CYP2U1	-0.157909765994948	0.023217811016552	0.0632103592690642	1	DOWN
AIFM1	-0.230137761078161	0.0208932012560055	0.0580183803517555	1	DOWN
SERPINE1	0.455764419388724	3.54127735810713e-23	8.96234660280318e-22	1	UP
AP1S1	1.01427853195109	0.000329608505689294	0.00152470311002432	1	UP
SMIM29-AS1	-0.284868064555059	0.147681436879442	0.278209417852277	1	DOWN
RMI1	-0.808299816660907	3.64116425950749e-08	3.16787867032768e-07	1	DOWN
HIF1AN	-0.301983886323651	2.70021289280295e-06	1.8581322149474e-05	1	DOWN
NDUFB8	0.0549443051542295	0.763324200596619	0.860101210356471	1	UP
IKBIP	-0.0811470207104506	0.301686205250093	0.468680644169974	1	DOWN
RPUSD2	-0.274647249853091	0.236428794349074	0.394575875636733	1	DOWN
NFS1	-0.196444196360576	0.148594510542394	0.279601467688559	1	DOWN
LOC102724642	-0.381594184465689	0.00255197478263214	0.00949061346272284	1	DOWN
RPL5	-0.0632209664347137	0.307775282481782	0.47497443476551	1	DOWN
VEZT	0.279181551093762	0.0675635557593884	0.150931588667808	1	UP
LMNB2	-1.58297591463866	3.60776960148273e-66	4.01045219315592e-64	1	DOWN
BMAL2	0.814053020165411	0.00521918544301251	0.0177564115873268	1	UP
L3HYPDH	0.608219954236009	1.15535971437404e-06	8.33138883853256e-06	1	UP
TXNL1	-0.0320236384151998	0.712102914359918	0.828084364048821	1	DOWN
UBXN11	0.156408683604371	0.445702004985571	0.613764024589907	1	UP
ZMYM4	0.149304178756627	0.0082029017067467	0.0263247018796795	1	UP
ZNF791	-0.515485517740826	0.402827437141725	0.573805746095128	1	DOWN
OLFM1	-3.67437477543692	0.00399606480100172	0.0140401489033007	1	DOWN
CAMSAP1	-0.0736885690123544	0.39614029477351	0.567040675564233	1	DOWN
QRICH2	0.739196652630608	0.00818814137880208	0.0262920345638674	1	UP
ZSCAN18	0.552849944873703	0.0538442346996227	0.125906640071885	1	UP
A1BG	0.345128032000094	0.260061723038343	0.422121976819847	1	UP
ZNF211	0.336592555789838	0.0116803306075351	0.0355053549872717	1	UP
RPL34P24	0.405690693538365	0.446098493597505	0.614075950750385	1	UP
CAP1P1	0.380327035974966	0.0347341336705002	0.0878136748902027	1	UP
CALU	-0.640379587512203	7.55961465495951e-11	8.65641770038192e-10	1	DOWN
CCDC136	0.303198929972656	0.0301622251201641	0.0783781091815351	1	UP
FLNC	-0.0779432631733601	0.12652896435868	0.247558589666952	1	DOWN
DNAJB9	0.0506495242088528	0.619248879283695	0.759664941633129	1	UP
EIF3EP3	-0.178684088953482	0.343806596247351	0.513704529019287	1	DOWN
MIER3	0.544609858698761	0.0100711125135603	0.0313321091352982	1	UP
SETD9	0.351024785707782	0.291377389728749	0.458182226220909	1	UP
KIF5B	-0.354445319460722	9.47988957063753e-08	7.83717872913518e-07	1	DOWN
DDX10	0.190829954054085	0.0508067313975265	0.120283105410494	1	UP
PDE4DIP	-0.0458631468497335	0.763817229528045	0.860354444256504	1	DOWN
PCYT1A	-0.220642681487215	0.000455129921163798	0.00204511271478173	1	DOWN
PLBD1-AS1	1.01949470241286	0.0227091624190803	0.0621181347942702	1	UP
MTND5P11	0.636086589595556	0.00332219841998624	0.0119158821958851	1	UP
SLC35E4	0.551694223911285	0.0113032844974354	0.0345993993375215	1	UP
UMAD1	0.986436575003493	0.120692654052727	0.239183974727915	1	UP
SLC2A3	0.282909127212113	0.305324900608833	0.472353081971764	1	UP
MTLN	-0.480980740700788	0.0622134243134968	0.141292817028814	1	DOWN
LOC646870	0.606462713074033	0.136477893713029	0.261501198892467	1	UP
ADAM19	2.06220858501092	0	0	1	UP
ISCA1	-0.178950758166656	0.0930353441076518	0.195414790363325	1	DOWN
PACC1	0.285459675519653	0.270465586903866	0.434538384929787	1	UP
RARA	0.0730452270207571	0.540058539629438	0.694851642686371	1	UP
RNF44	0.529218982100744	0.00597268108003676	0.0199058404687724	1	UP
MMUT	-0.289995990803848	0.000989832601506352	0.00409389551355704	1	DOWN
POLR2L	-0.092749145438024	0.234063821696583	0.391990397791871	1	DOWN
FAM20C	-0.771143301492286	5.9093910294764e-11	6.84816437585914e-10	1	DOWN
NECTIN3	0.667877304524691	8.00514958280092e-21	1.84207669778752e-19	1	UP
TATDN1	0.120389506141735	0.457691474435485	0.625053820682934	1	UP
NDUFB9	0.0454169862536115	0.853328511387968	0.917003584855691	1	UP
GTF2F2	0.233033759229376	0.00774075787145919	0.0249858592808704	1	UP
CIBAR1	-0.324044278720879	0.00338567124713363	0.0121254857973552	1	DOWN
EIF2B5	-0.00506602009008812	0.965779232891978	0.980020763606627	1	DOWN
MAPK6	-0.31487770851724	6.23638991379972e-06	4.02870230864192e-05	1	DOWN
ECE2	-0.000299960089701967	0.999350156124028	0.999834471486315	1	DOWN
MYCBP	0.162985163565805	0.365866607388637	0.536057826561208	1	UP
LYRM4	0.320237654793578	0.238186451077356	0.396684615018886	1	UP
PMAIP1	0.168260550725854	0.161070083847491	0.297269959346117	1	UP
LINC02980	0.0153830880734698	0.968093014769987	0.981541581171759	1	UP
RN7SL431P	-0.0349994660229927	0.955449880445636	0.974119607773785	1	DOWN
MYPN	-1.30288840900906	6.19463505022258e-40	3.00398225203914e-38	1	DOWN
DNA2	-0.674216500363775	0.00015430647019983	0.000772120083399496	1	DOWN
TMEM260	-0.301314642543817	0.141062632426118	0.268364415638472	1	DOWN
SDK1	-0.212813238625447	0.71718273095298	0.831691343591728	1	DOWN
MED9	-0.139096385377018	0.493301686030588	0.655512888719819	1	DOWN
NCOR1	-0.0023543558349811	0.969597258144268	0.982239746052774	1	DOWN
ATAT1	0.20302920038219	0.238283872810659	0.396755414908035	1	UP
ATXN3	0.20702514448643	0.335267675020011	0.505156205996682	1	UP
ZBTB11	-0.0111153365019537	0.895985534506947	0.940706695666949	1	DOWN
DMXL1	0.0538158597097145	0.418030629416138	0.587356405026019	1	UP
RPL17P36	0.0141541703880484	0.938136895064317	0.964350766494541	1	UP
CNN3-DT	-0.107465215779909	0.809010246412739	0.888644502197514	1	DOWN
LOC101927687	0.257699142709516	0.710217750062002	0.826889840972123	1	UP
GTF2IRD2B	0.0437310736901443	0.759055732724434	0.857551770960918	1	UP
TMEM102	0.396335132539208	0.064177840179798	0.144956856586161	1	UP
DTX2P1-UPK3BP1-PMS2P11	0.615232129517031	0.137604580570752	0.263171492036519	1	UP
TNFRSF10B	0.264617204026948	2.71581649792287e-05	0.00015697650529998	1	UP
ATP11C	-0.15168968624171	0.368328233330887	0.538517938068054	1	DOWN
STAG2	-0.195480603725806	0.00168323952857142	0.00657418768307719	1	DOWN
RHOU	-0.238373495182615	0.461644225427412	0.628352708076814	1	DOWN
CAPS2	-0.158858007333002	0.545210463277607	0.699036146289122	1	DOWN
LZTR1	0.160712749647558	0.261372855067983	0.423810369754291	1	UP
MAF	0.336739482044349	0.512114307507229	0.672427422635952	1	UP
SLC7A11	-0.176259470198774	0.00217358941563675	0.00824207311607627	1	DOWN
NOCT	0.171680308727088	0.145696426606808	0.275439437584378	1	UP
SNAP29	-0.578895624442959	3.87467084975404e-14	5.76651580327452e-13	1	DOWN
CRKL	-1.19092621393006	3.80844699616617e-53	3.09190267087625e-51	1	DOWN
RASAL2-AS1	0.236134996338215	0.456261424440775	0.624023646090634	1	UP
DNM3	0.708316683888878	0.0202277300738926	0.0564852033425743	1	UP
RPL12	0.0558788242600884	0.375156483768422	0.545854967819517	1	UP
ZNF71	1.06614899330037	0.161265481946862	0.297509466174954	1	UP
S100A6	-0.115960260901942	0.272098694322361	0.436076104208987	1	DOWN
SREBF1	0.214738486966059	0.0304952404328425	0.0790431196070205	1	UP
ATG16L1	-0.227158113762542	0.187419890395553	0.333096154975543	1	DOWN
ZRSR2	0.102508691026697	0.519797435767496	0.678819986793056	1	UP
NPIPB3	0.307689018850158	0.257950788341996	0.41968552604483	1	UP
SH3TC2	-0.539602909870258	0.00771932081920315	0.0249278000353754	1	DOWN
SLC50A1	-0.321872066471278	0.103303912778798	0.212051824370229	1	DOWN
ESF1	0.00763205340984236	0.940310455048723	0.965335448236992	1	UP
P2RX7	-1.87363820036213	3.10906149947841e-07	2.40777319019092e-06	1	DOWN
FHIT	0.00340730833384075	0.991930194349513	0.995492041117072	1	UP
NIPSNAP3A	0.475834405028655	4.23156226788421e-06	2.80763573614301e-05	1	UP
GBP1	-0.115371280852823	0.0928616526184935	0.195135050456573	1	DOWN
RBBP5	-0.249164562500179	0.0203720022532372	0.0567967457768668	1	DOWN
GBP3	-0.182458409864252	0.222522094141876	0.377824789383651	1	DOWN
MIR181A2HG	1.13704685872434	2.29134030184854e-07	1.81138723752808e-06	1	UP
LOC105374971	1.75802406279839	5.35115698845516e-07	4.02968054404198e-06	1	UP
HMGN3	-1.3940519653221	9.06690200606881e-25	2.4957295407562e-23	1	DOWN
CASP8AP2	-0.248856443146246	0.0339473000976415	0.0862469116932168	1	DOWN
HPX	1.09851345624823	0.0559347741732999	0.129912153902018	1	UP
ELF2	-0.198060947946097	0.203721280333781	0.353715754187609	1	DOWN
GCDH	-0.515867188487162	0.00641440169279281	0.021197008658255	1	DOWN
ILK	0.7771203599572	2.62481934057756e-37	1.16353571443823e-35	1	UP
PMS1	-0.148841970662968	0.307569310735413	0.474757969390884	1	DOWN
YIPF6	-0.550983629173605	0.4721883431781	0.637957530597113	1	DOWN
EML3	-0.447252357270583	0.00478376114220522	0.0164595553014304	1	DOWN
NKAPL	-0.379841225131484	0.442355342091643	0.610668422675424	1	DOWN
ADCY9	-0.253161163760908	0.000667861300927517	0.00289133123418321	1	DOWN
SHANK2	-0.140865835906159	0.59404038242501	0.739028222181448	1	DOWN
UBE2E2	0.0854369324308392	0.61072191398611	0.752603639845549	1	UP
BACE2	0.246081556884581	0.0789941728343305	0.171365153583544	1	UP
WEE1	0.260076862996701	0.0177993548397602	0.0508336910650938	1	UP
MFAP4	-0.214312689844136	0.482977046576156	0.646968974793477	1	DOWN
PPARA	0.722470441881237	0.0162321881883126	0.0470082868756123	1	UP
TMEM232	1.15596228008894	0.058258936626941	0.133868642581638	1	UP
IFIH1	0.100856492532725	0.531953979440789	0.68832977765928	1	UP
PMPCA	-0.0137397614038481	0.888373371233979	0.937249209706443	1	DOWN
ENTR1	-0.159306096488156	0.175707126315724	0.317013111396292	1	DOWN
PIGL	0.395181299173915	0.0134891683569613	0.040150766617188	1	UP
GALK1	-0.104989402119929	0.60470756773373	0.747987298285847	1	DOWN
SACS	-0.731634809056836	9.54273283128295e-05	0.000496586359902304	1	DOWN
MYO15B	-0.813215732218278	0.16914447240746	0.308533382906456	1	DOWN
TXNDC11	-0.0217144517187886	0.820706339635677	0.895755286699572	1	DOWN
BANK1	1.48983745973658	0.00120871409340471	0.00491477978722326	1	UP
SDC1	-0.103008761714014	0.824010933751108	0.89788734758236	1	DOWN
TUBA4A	0.265797524287408	0.0692595509064926	0.153767056406472	1	UP
LDAF1	0.648653864084442	9.5463818037028e-06	5.97206768161512e-05	1	UP
ZNF696	0.119922937282479	0.813516329911522	0.891541753348205	1	UP
GGCX	-0.0556179369631955	0.522436366562545	0.68083036641675	1	DOWN
CCT4	0.172348516304761	0.065699979887089	0.147587503396288	1	UP
NISCH	0.294949149279074	6.79436475330995e-05	0.000362252657911242	1	UP
XPNPEP3	-0.0675416555847031	0.464951728140762	0.631189988103537	1	DOWN
LCOR	0.668884249267438	1.38493130152359e-14	2.15664248257731e-13	1	UP
PCBP4	0.333846022063809	0.0305431004021207	0.0791284230747663	1	UP
SIPA1	-0.147439103684561	0.420624965269128	0.589592594875848	1	DOWN
RPL18AP3	0.0637278125636478	0.408619485118549	0.579485787973322	1	UP
MAGI2	0.216824267681721	0.076094749011012	0.166209978530552	1	UP
LUZP2	2.25904084189212	0.000211790444396289	0.00102532117653962	1	UP
IFT140	0.275824011665072	0.0183575295018996	0.0521565834491495	1	UP
CMKLR2	-0.444432661772989	0.292751257938836	0.459293065733809	1	DOWN
EXOC8	0.307037806689129	0.0023350371589397	0.00878511376824723	1	UP
SLC30A4	0.223197842551572	0.00553427323250852	0.0186728420459913	1	UP
GNPAT	0.0210375061614507	0.832331794753726	0.903072810720482	1	UP
MED23	0.0398149369745582	0.614808972930094	0.755902877693012	1	UP
NCOR2	0.0181492615443801	0.73939729643017	0.846212183602669	1	UP
EME1	-3.45503884735145	1.05385083297473e-08	9.85708633483354e-08	1	DOWN
EPHB1	0.31409147501654	0.369057932014388	0.539039435571045	1	UP
IPO4	-0.131340928565507	0.350797435604693	0.520803849048662	1	DOWN
ANKRD39	-0.13398058754192	0.590641987766718	0.736979162320331	1	DOWN
CCDC112	0.817869144646632	8.40142369229215e-06	5.3017019116731e-05	1	UP
F2RL2	-0.180903718755944	0.286232911614275	0.452144044388034	1	DOWN
FBXL18	-0.0931346695673814	0.591686504716523	0.737744752343268	1	DOWN
JMJD7-PLA2G4B	0.570990869132222	0.0534028880394388	0.125036476840235	1	UP
CD274	2.22880371096552	3.45780979110333e-14	5.17811495245951e-13	1	UP
TELO2	-0.596594272229584	0.00054486646041017	0.00241752079195191	1	DOWN
ATG7	0.00331029151225394	0.97751160081208	0.986316166969374	1	UP
PCDHA4	0.256114502435886	0.574714407996128	0.72477510340798	1	UP
PCDHA5	1.53800533966864	0.0362471864278141	0.0910337315030138	1	UP
PCDHA7	0.898357446146946	0.289911642397243	0.456423700215989	1	UP
PCDHA9	-0.0982489308410793	0.895962520931251	0.940706695666949	1	DOWN
CRY1	0.253734525516819	0.00932710850678571	0.0293779522736618	1	UP
SIN3A	-0.234972096916422	0.00304461770434167	0.0110630551786375	1	DOWN
SHKBP1	-1.0543841988547	1.54693952776237e-18	3.15300749163526e-17	1	DOWN
ST13P15	0.255088326127988	0.205903708349458	0.356477116252308	1	UP
U2AF1	0.321159781929026	0.124493631681337	0.244669858755202	1	UP
TMEM18	-0.108197120289174	0.500557879870896	0.661606288149457	1	DOWN
LINC01359	0.398652184976774	0.415005652535109	0.584470001440879	1	UP
RABEP2	0.322187932879167	0.0426825951471903	0.104292393279141	1	UP
SLC25A22	0.074066243406485	0.585784446132634	0.733188517407683	1	UP
DEPDC7	0.531735785848257	0.0012903363137156	0.0052143876033289	1	UP
ZNF706	0.0527140121965338	0.84454984420484	0.911402419431271	1	UP
PEAR1	-1.01652487994977	1.6201253242283e-10	1.8037312065041e-09	1	DOWN
ZFP69B	0.229866614274297	0.392240426660777	0.562823112034074	1	UP
MANEAL	-0.102898156000207	0.880808969000773	0.933651950423916	1	DOWN
ETFRF1	-0.197119283904249	0.572517963502374	0.722825187014923	1	DOWN
KIF7	-0.00243686165213456	0.985457952779718	0.991897176585811	1	DOWN
PTGS1	0.563857730542769	4.49886318733399e-05	0.000248711063198789	1	UP
TAS2R3	0.148609406339023	0.806506130319795	0.887107633524993	1	UP
LDLRAD3	-2.01733370323956	3.2804922302391e-06	2.22565226381151e-05	1	DOWN
GVQW3	-0.550873879214451	0.0972384867113877	0.202519422379079	1	DOWN
TAS2R5	0.365538122629247	0.656742678181585	0.78956642615658	1	UP
TAS2R4	0.927342349406096	0.092018582380587	0.193616851191302	1	UP
ATP2B4	-0.450979115998594	1.16543907523416e-10	1.31268589837949e-09	1	DOWN
RAC1	-1.02459895543414	7.04061604602775e-56	6.20389893177726e-54	1	DOWN
MCFD2	-0.0843137782328126	0.219066121419307	0.37349274665295	1	DOWN
IGF2BP3	0.371193264160605	0.0530111294145131	0.124280310053395	1	UP
RAPGEF5	-0.977402519258701	0.0207158672799692	0.0576034246801684	1	DOWN
GPNMB	0.0285338739935234	0.770278750958224	0.864298332952659	1	UP
XYLT1	0.379288813588587	0.0292183625701949	0.0763672558332224	1	UP
PSMD6-AS2	0.563688780246653	0.0167046452444675	0.0481545638196289	1	UP
ZSCAN9	0.294968101109158	0.187093652879413	0.332720942377602	1	UP
ARHGAP22	-0.567115955460936	2.21683086411752e-05	0.000130278254645638	1	DOWN
CHDH	-0.517018221409422	0.248102928832119	0.407590977662573	1	DOWN
SYT1	1.63129430749273	0.000784426095357629	0.00334585050295546	1	UP
PCDHB5	1.05761200888598	0.033385583518064	0.0851040866854018	1	UP
ABCA13	4.4522933567638	3.64507425125867e-07	2.80484387672732e-06	1	UP
CHTF18	-1.37088835842385	3.81929283283613e-08	3.31487091455345e-07	1	DOWN
CITED4	0.751241324273267	0.0266372333791164	0.0708554272590756	1	UP
WDR24	-0.184375359947871	0.361213327093363	0.531774020968438	1	DOWN
SLC35B2	-0.107690556006612	0.29205267147454	0.45901540197615	1	DOWN
ARHGAP42	0.797042969916406	9.43381727242327e-13	1.27171728921445e-11	1	UP
TIMM23B	0.326229935903107	0.0141857343099519	0.0418961877198273	1	UP
E2F7	-1.23048022541949	2.36440483600905e-25	6.67344029007164e-24	1	DOWN
OTOGL	2.60135076104478	0.00137000799489299	0.00548268776909405	1	UP
ISCA2	0.394525925958679	0.0895403557917659	0.189399262159879	1	UP
SV2A	-0.122958189289416	0.3360569663034	0.505765384300191	1	DOWN
STC1	-0.734499546033155	2.46570695400503e-26	7.33167308484088e-25	1	DOWN
PRDM6	-0.410377927695852	0.46665569559637	0.632730480114763	1	DOWN
VPS26A	-0.273735857788393	0.00780560028118046	0.0251726689719569	1	DOWN
ZWINT	-0.792317013732062	0.000287949281784213	0.00135278123246543	1	DOWN
DDX46	-0.285421511241109	4.19221927333675e-05	0.000232827673785509	1	DOWN
AK5	-0.927331545732486	7.59488558745241e-10	7.90163366625448e-09	1	DOWN
CYB561D1	1.31349325096722	0.00112651417412337	0.00460646755242128	1	UP
RASA2-IT1	0.748926215155269	0.0853967707269416	0.182494300382681	1	UP
RAP1GDS1	0.1583265074144	0.0126089500956276	0.0378976576189506	1	UP
SLC30A1	0.215307636209438	0.0450011521378758	0.108965364044359	1	UP
TRNT1	-0.120208252892539	0.469595015893386	0.635049177942578	1	DOWN
SYNGR1	0.302200022626895	0.0382539880533765	0.0952461029220096	1	UP
EIF2B1	-0.108039367174873	0.292349005404101	0.459182397411439	1	DOWN
WIPF2	0.227548939715662	0.105193360289305	0.214619405554249	1	UP
HOPX	2.65655573273227	0.000317385661956915	0.00147382397202422	1	UP
USP31	0.379645932984753	0.0560021126077177	0.130000353706101	1	UP
PREX2	2.12147735478553	1.54383848703684e-11	1.89067881153978e-10	1	UP
NDUFA2	-0.282892875040393	0.164204942249839	0.301438722110318	1	DOWN
FAM106A	0.576229460761549	0.135820309181405	0.260552142304591	1	UP
CUL3	-0.239288713342834	7.05820093469896e-05	0.000375268806870253	1	DOWN
ARL8A	0.230720148232969	0.0261799030066209	0.0698533564159303	1	UP
MAFK	0.548517375724734	2.92551739100969e-09	2.9096112744309e-08	1	UP
DOCK2	0.180851602068423	0.128059420173567	0.249472456312782	1	UP
ATL1	0.602261197873824	3.01285582342866e-05	0.000172226184748289	1	UP
GDF7	-0.298492561809431	0.131927769058595	0.254940051138906	1	DOWN
SRD5A3	-0.108839034950284	0.52817714640536	0.685687689895167	1	DOWN
ZNF112	-0.0800067949795591	0.65641878553861	0.789242688228509	1	DOWN
TACC1	-0.0994505382779368	0.244220361235141	0.403663323825806	1	DOWN
MAP2	0.283584552284997	0.243628929613404	0.403054569186411	1	UP
RPL7L1	-0.16864251819666	0.0114022686692741	0.0348507158501861	1	DOWN
GRWD1	-0.161055172083064	0.142983466511027	0.271197542269438	1	DOWN
LGALS3BP	0.689031987125446	0.00300453298618961	0.0109366514315935	1	UP
PSMD11	-0.533685579502068	3.43438226331448e-12	4.41157849663623e-11	1	DOWN
MZF1	0.425043726169873	0.0523065920878643	0.123107909163148	1	UP
DDO	-1.04716954179841	0.00855402122978633	0.0273361700114202	1	DOWN
EEF1AKMT2	-0.223690337854477	0.172425916581806	0.312795244856098	1	DOWN
H1-5	-3.10103979844015	4.71716068491575e-131	1.94764825879193e-128	1	DOWN
WWP2	0.22871026987516	0.00461345941855	0.0159381071139053	1	UP
TMEM44	0.125377709395716	0.447516647173846	0.615441860326346	1	UP
RUBCN	0.0843070289001254	0.335044163332011	0.504924726698393	1	UP
SGO1	-2.1598168054312	2.93354162084015e-17	5.46296520138673e-16	1	DOWN
TST	0.506309365986274	5.06544743068147e-05	0.000277632468777466	1	UP
SLFN12	-0.0296159341965534	0.798071152831106	0.881930784287145	1	DOWN
FAM86B3P	0.736506404208663	0.00309221655787831	0.011202211450965	1	UP
MBLAC1	0.243538731742212	0.546477479142538	0.700039540030921	1	UP
AVL9	0.349460924640484	0.112586306774859	0.226599543064553	1	UP
COPS2	-0.0255634112152726	0.692148730048065	0.815025547250631	1	DOWN
AGFG1	1.22459774664761	0.00707226992814889	0.0230702872983475	1	UP
C10orf88	0.0965376051817389	0.531234604133011	0.687772792227393	1	UP
HELLS	-1.62725591216137	4.76395472391534e-12	6.06554270619388e-11	1	DOWN
ELAPOR1	0.336681330161515	0.439922798519987	0.608705894428603	1	UP
PAG1	2.0959606245619	1.99894127617246e-86	3.8515600509291e-84	1	UP
CCL5	1.87434850491208	0.0088401062820459	0.0281136390585047	1	UP
NDUFAB1P1	-0.0104590343687863	0.986980007325938	0.992654541963235	1	DOWN
SELENOO	-0.176422416755785	0.239255169912539	0.397914197307642	1	DOWN
AP2A1	-0.416491143869629	7.62742876669501e-08	6.3676472043622e-07	1	DOWN
ZNF585A	-0.827220305378838	0.107134051900163	0.217626396402763	1	DOWN
POFUT4	-0.319995128270934	0.0137426518327391	0.0408379727811871	1	DOWN
SCAF8	-0.0292326245934426	0.838620275399281	0.907646914304599	1	DOWN
LMF2	-0.0292492772643016	0.750734700473147	0.852563234305497	1	DOWN
MACO1	0.749041301431662	3.8638326932402e-20	8.56384144938867e-19	1	UP
NXT2	-0.468896653337284	0.0483779416244949	0.115555311473649	1	DOWN
MZT2B	-0.997818472922462	2.77513732835615e-14	4.19054436071836e-13	1	DOWN
RBM22	0.162094220612321	0.0586498061065636	0.134599784492546	1	UP
PDE6D	0.166825848468144	0.234542979127421	0.392516571090951	1	UP
BUB1B	-2.43777455447019	8.10422049335961e-42	4.27423687407079e-40	1	DOWN
CERS2	0.0578996782909298	0.381618931388241	0.55158783531621	1	UP
EIF4A2	0.161307325505392	0.00584566163154073	0.0195409799300012	1	UP
COX20	1.09166269538113	1.21436108754321e-05	7.46754556429231e-05	1	UP
DRC8	0.228426715951541	0.352642227830023	0.522991875448652	1	UP
ANXA9	-0.256902203173185	0.573401308922195	0.723497975660058	1	DOWN
SELENBP1	-0.050498917166321	0.713019059266464	0.82868251773039	1	DOWN
PLCXD3	2.63873279481197	3.48904308092323e-113	1.14591276278231e-110	1	UP
ABCD3	0.244532247676426	0.00284096205371808	0.010417341445897	1	UP
PRRC2C	-0.00115448156992927	0.990122261375609	0.994449510759416	1	DOWN
F3	1.21606747165034	5.12561079141904e-112	1.61022177275645e-109	1	UP
KIF18A	-1.34448207159446	5.89111163342383e-23	1.47799399678139e-21	1	DOWN
ZNF587B	0.188118198141233	0.0669770193161023	0.149850581535376	1	UP
GRAMD1B	0.0746165990630631	0.579934888568803	0.729195081763488	1	UP
CYLD-AS1	0.226100548168728	0.664289627531311	0.794936188096636	1	UP
RNF168	-0.131719265916314	0.117905033722453	0.235081110662512	1	DOWN
NUDT16	-0.462698038977229	0.579617441962925	0.728859350313804	1	DOWN
ZNF736	0.196178997110541	0.376743674844167	0.547553338547024	1	UP
CCDC34	-1.051694502431	1.49895699367574e-06	1.06706539485754e-05	1	DOWN
BTG3-AS1	0.672159581906667	0.215509616923065	0.368472488660106	1	UP
MTND1P11	0.85689713960797	0.0179615947053073	0.0512160625663764	1	UP
SNORD3D	-0.176928126250857	0.889942659711347	0.938229424881682	1	DOWN
LINC00921	-0.91470531932402	0.120932265753082	0.239625966323569	1	DOWN
C9	2.29129860804162	5.90648203184562e-12	7.4545477591442e-11	1	UP
KIFC3	0.114384128742673	0.155503269386627	0.28958476107038	1	UP
RPL36AP21	-0.440932503580885	0.416966340431209	0.586545369957306	1	DOWN
NLRC5	0.488670989648504	1.58038936629012e-08	1.43908044941768e-07	1	UP
ATF1	-0.248560364829944	0.0416966704328987	0.102267241077023	1	DOWN
KATNB1	-1.26263939753477	1.586551261505e-14	2.45211254331644e-13	1	DOWN
TACSTD2	-1.04727707342526	8.23108822492767e-08	6.8399917158384e-07	1	DOWN
ARID2	0.133141782919929	0.126003110342073	0.24679603766935	1	UP
TMEM120A	0.145054500513241	0.366263055091636	0.536421142102892	1	UP
TSPAN5	-0.446993616955116	5.86715907193716e-13	8.03661760649895e-12	1	DOWN
NAA38	-0.0215348553014791	0.899576882173977	0.942901684506865	1	DOWN
PYCR1	0.328371469320197	0.104091391570802	0.213217367750479	1	UP
PPIP5K1	0.0727528974714817	0.714038723047064	0.829534012923316	1	UP
TIMELESS	-1.20468024019401	8.11359175085275e-23	2.01806393100814e-21	1	DOWN
CPSF6	0.0613594063039678	0.494134569245001	0.656197267061157	1	UP
SNED1	-0.233972353134796	0.339499371259183	0.509471601159194	1	DOWN
APOBEC3G	-0.235776491788701	0.401298291443781	0.572191574706865	1	DOWN
HDAC4	0.0937563466925596	0.442996095392885	0.611261011603417	1	UP
EFEMP1	-0.090860647119841	0.766638424286367	0.862054106166497	1	DOWN
ZNF710-AS1	-0.0440466814445147	0.867694873729801	0.926006839987398	1	DOWN
LOC100420707	0.0642479055970726	0.910671400918199	0.949571571878844	1	UP
CDC40	-0.160285588069234	0.25368788221871	0.414663905207847	1	DOWN
STIP1	0.113012616982937	0.125680582090091	0.246399415518099	1	UP
CRACD	1.08822949672282	7.4506675365651e-10	7.75717554545405e-09	1	UP
NPRL2	-0.0164980447662554	0.930483020293362	0.960999099699515	1	DOWN
TUSC2	0.552916165219697	2.97862020025468e-05	0.000170538987772902	1	UP
RXYLT1	0.00955679743378441	0.948559842901094	0.97017752776302	1	UP
SLC16A1-AS1	-0.0839841363511003	0.458515877353447	0.625804018099232	1	DOWN
PLCH1	0.855784455833374	0.0645087621764016	0.145522341899966	1	UP
MAP3K20	0.32611705361479	2.47386005229184e-09	2.47403125367954e-08	1	UP
BATF2	-0.607857792967344	0.405509895368302	0.576546979335629	1	DOWN
TRIM36	1.71669533994289	1.59670999873053e-05	9.59819309137058e-05	1	UP
MRPL51	-0.48156237137546	0.0375605410624662	0.0938429078308608	1	DOWN
ATL3	-0.251426491289162	7.18800080793218e-06	4.59212200156622e-05	1	DOWN
ZC3H12C	0.00710234352014484	0.957140694614873	0.975133894582072	1	UP
ACBD4	-0.539818744620181	0.0620104366197682	0.140964734873725	1	DOWN
YWHAZ	0.206296701451761	0.0238323065167899	0.0645861524374556	1	UP
OSR2	0.100863596728429	0.530278324074791	0.687269243157382	1	UP
GCNT1	-0.0176103695308421	0.976569979837888	0.985674962333852	1	DOWN
COA7	-0.362254771852464	0.000333899782314746	0.00154405944135373	1	DOWN
ZYG11B	-0.37224678763408	8.3302894851214e-07	6.13875641761802e-06	1	DOWN
SLC4A3	0.488761388959267	3.00776889231752e-06	2.05218452610389e-05	1	UP
MYO15A	1.27282446308701	0.0626689959229305	0.142081841870453	1	UP
C19orf25	0.111072870727289	0.661105453065065	0.792438196934576	1	UP
TRIM34	-0.779384487908884	0.121875198672194	0.24073312333705	1	DOWN
TFEB	0.216072618281967	0.461630920419013	0.628352708076814	1	UP
AARSD1	0.442077785705243	0.116564237536377	0.232854547503205	1	UP
CC2D1B	-0.236090564313571	0.0938495315234989	0.196781715038607	1	DOWN
CDK5RAP1	0.0774447586130783	0.535964950572311	0.69147660929564	1	UP
F11R	1.52370531260467	1.99664300353824e-05	0.000118203556100496	1	UP
PRKCA	-0.329894731943292	4.90635371328698e-10	5.22103958105377e-09	1	DOWN
UBE2W	-0.0348930796243812	0.816281848175259	0.893507725191688	1	DOWN
LAPTM4B	-0.0511213591779185	0.780356916535514	0.871075065723367	1	DOWN
MTRES1	-0.130243457305996	0.431118217857012	0.599854550958182	1	DOWN
IRF7	0.854073546873869	0.0175490002983693	0.0501980608297179	1	UP
FAAP100	0.108880834037117	0.48624113919382	0.649595146758796	1	UP
CERS4	0.550322463466174	0.00282822905251399	0.0103759172474942	1	UP
YJEFN3	0.4276102595858	0.688715930100151	0.812062165949517	1	UP
FNDC1	0.170803538805107	0.782693533366012	0.87247024457515	1	UP
COL1A2	0.206419148681728	0.0153903720547952	0.0448761635520269	1	UP
ARMH3	0.0938342933293481	0.409500053516469	0.579937796292287	1	UP
SNX9	-0.592063327138535	8.97657350633895e-18	1.72960618320139e-16	1	DOWN
NUDT14	0.144022273965415	0.59987328634643	0.744183602449855	1	UP
ZNF761	0.223683373090846	0.035824874980466	0.0901454411183552	1	UP
BTBD9	0.540325628823436	2.19801934942385e-08	1.96192573307746e-07	1	UP
RTN4IP1	-0.808271425564853	0.000506938237323057	0.00225964357419972	1	DOWN
MGARP	0.24698554471709	0.000858537924941261	0.00361396200213404	1	UP
HCFC1R1	-0.832945820595451	0.0209359272538824	0.0580812218748041	1	DOWN
GPSM2	-1.77599044339421	5.3021055369284e-48	3.59721723540621e-46	1	DOWN
FAM199X	0.560087792190848	1.64269843705524e-11	2.00326034716331e-10	1	UP
NRK	-0.978634818635249	1.8031061413857e-05	0.000107554416506772	1	DOWN
OXCT2	-1.13163505646205	0.115735894812513	0.23155190584738	1	DOWN
RPL10A	-0.00952031620434193	0.881364044913742	0.934020768264119	1	DOWN
COLGALT2	0.0875247154681819	0.769228944518064	0.863656862499459	1	UP
CDC42BPB	0.171146982529154	0.0129356065569583	0.0387505079507886	1	UP
PLXNB3	0.725535767752999	1.00417012060365e-06	7.33262375585818e-06	1	UP
GCAT	-0.404396362147622	0.0409547556206117	0.100858414020699	1	DOWN
LAP3	-0.0431352140568371	0.676867957449208	0.803599971500042	1	DOWN
ZNF613	0.457889109072392	0.0699446364871017	0.154978525279838	1	UP
B3GALT6	-0.257185185628426	0.0526635293327706	0.123683734734189	1	DOWN
AMIGO3	-4.18477414326196	0.000959456503360773	0.00398422584197314	1	DOWN
ATG4C	-0.311447917971097	0.145144700186072	0.274791833144102	1	DOWN
CARD11	0.0125303954165286	0.969210290966175	0.98199274640854	1	UP
OIP5-AS1	-0.754427023522609	1.09365856522971e-25	3.14829879006664e-24	1	DOWN
PPP1R14A	0.572147450666863	0.073267243199667	0.161228099813977	1	UP
SPINT2	1.42048090592423	0.00226008439425324	0.0085386874722493	1	UP
NEURL2	-0.505160533463517	0.393724271755367	0.564511305797878	1	DOWN
CNPY4	-0.261984840183982	0.130021477714185	0.252240619472102	1	DOWN
KCNJ2	1.36058420900622	2.83866793028857e-05	0.000163237525907681	1	UP
LZTFL1	0.371440496756686	0.00658950018143397	0.0216962558947146	1	UP
CDCP1	-0.498119245386827	0.0130671270417769	0.0390716020858096	1	DOWN
PTPA	-0.012925237191938	0.853762754055964	0.917303015528828	1	DOWN
WDR43	0.336197395327771	6.16782152515565e-06	3.99154450783808e-05	1	UP
ZDHHC3	-0.427463999866454	5.71547713132591e-05	0.000309574063061435	1	DOWN
NACA	-0.091953089384112	0.607934119624612	0.750363508942199	1	DOWN
CCDC80	-0.70533050884261	2.94921441356398e-13	4.12575967961404e-12	1	DOWN
DSG2	0.293563239837541	0.0220134115606822	0.0605704132641696	1	UP
LOC105375022	1.2678155862211	0.0461907013027148	0.111268848895738	1	UP
SLC67A2	0.528152452166161	0.0469049545274704	0.112651404001408	1	UP
TSGA10	0.743475206325992	0.00435941352647883	0.015187532514741	1	UP
TMEM127	0.283122805458229	1.42294239778161e-05	8.63626232269721e-05	1	UP
RTN4R	1.48764700079321	0.0158334229408315	0.046028725592025	1	UP
POLE	-1.20927904568807	1.61119687680465e-18	3.27474065635781e-17	1	DOWN
WDR73	0.135655737193526	0.201252032271012	0.350270157575382	1	UP
B3GNT9	-0.595184545698568	1.36502423221527e-08	1.250853847796e-07	1	DOWN
AKAP9	0.415068795029808	8.96302156553766e-14	1.29914367746825e-12	1	UP
PRANCR	-0.754369194899453	0.499328838765718	0.660626840707706	1	DOWN
NPEPPS	0.118474992110098	0.0529307788029213	0.124152359110699	1	UP
RAD51-AS1	0.460977466968755	0.0425107859361199	0.103928839039565	1	UP
SNRNP40	-0.490025429577368	0.00081848708329332	0.00347064461287317	1	DOWN
RNF139	-0.448184490010012	8.00980907906246e-05	0.000421367859488648	1	DOWN
LOC441711	-0.145422206138129	0.457721383722461	0.625053820682934	1	DOWN
GMIP	-0.0516915073247494	0.748223792905053	0.850925443247941	1	DOWN
DKC1	-0.229746259869815	0.0406709302235325	0.100213389532558	1	DOWN
PLXNA3	0.278398305194219	8.14683760925226e-05	0.000427953290771735	1	UP
SLC6A8	-0.358974729149628	0.000470080087040193	0.00210731933634152	1	DOWN
PNCK	1.19490221887287	0.0611737706316166	0.139479671725701	1	UP
CDC25C	-2.47884963956073	1.06819531396649e-13	1.53444239384988e-12	1	DOWN
CPEB2	0.395163172274686	2.88290494074237e-08	2.53720214973617e-07	1	UP
HNRNPA2B1	-0.237446516449993	0.0266678455438474	0.0709195870360947	1	DOWN
CBX3	-0.39061290081613	5.94048463347082e-08	5.04086573331103e-07	1	DOWN
GLB1	0.0951600234709652	0.295208884544988	0.461895148393203	1	UP
TCIRG1	0.221701075821653	0.0124776688477838	0.0375812406251196	1	UP
FAM161A	-0.129781457248517	0.61663862321998	0.757291131482275	1	DOWN
ZNF282	0.0104984308699204	0.937789068541048	0.964350766494541	1	UP
ZNF212	-0.00521222002533839	0.979090841222183	0.987495934289626	1	DOWN
VPS37C	0.7138828347047	2.95691920175726e-08	2.59917514504831e-07	1	UP
AIP	-0.105034286771943	0.472829272638547	0.638584655971929	1	DOWN
NUP98	-0.0287804134791136	0.63655435412776	0.774118233737294	1	DOWN
NDUFS8	0.185105137967158	0.174613528331868	0.315614771472648	1	UP
CDCA7	-2.07866302778529	4.74584490191218e-13	6.53163854071742e-12	1	DOWN
UBR3	0.0698950814708371	0.312000041094302	0.479741801177184	1	UP
H2BC12L	-1.14006990909526	0.00121647005768313	0.0049435345341898	1	DOWN
ZNF879	-0.732043639314476	0.181113801191105	0.324442238875996	1	DOWN
STIMATE	0.281357816478053	0.00174000150193424	0.00677573745741086	1	UP
CD68	-0.136877453583342	0.59650693891394	0.74106961608024	1	DOWN
SLC35D4	-0.656143501367778	0.000152167065798951	0.000762206678634538	1	DOWN
SCAF11	0.0500069777694511	0.411861789411067	0.581370415315219	1	UP
RFC5	-1.00973106419647	7.64151528035387e-08	6.37572386353313e-07	1	DOWN
AMIGO2	0.890902382426007	3.27572489283071e-28	1.04728983244019e-26	1	UP
NHSL1	-0.272233934008953	0.0633570852699678	0.143327056862289	1	DOWN
AHI1	0.0448679337534234	0.552784551809221	0.705701246154146	1	UP
AAR2	-0.182161042376066	0.127033654047719	0.248109654634895	1	DOWN
HECA	0.41654605443503	3.45135040024641e-08	3.01362324072271e-07	1	UP
FAR2	0.828710206693497	0.000182937488182344	0.000898277146355098	1	UP
ANKRD44	0.436953996886058	0.060285791994524	0.137759326393559	1	UP
NAT9	0.193594848132133	0.130153511053837	0.25242898781895	1	UP
SLC38A12	-0.304200260569253	0.0131178640058421	0.0391746750875024	1	DOWN
ZNF594	0.0831567020923432	0.634082143217757	0.771696231399681	1	UP
NHERF1	-0.314960972802837	0.128896275831593	0.250798449177642	1	DOWN
MAGOHB	-0.117790755680964	0.436700961517636	0.605562729008902	1	DOWN
TRPV4	0.100028687091449	0.705307625805969	0.823029756179107	1	UP
PCGF5	-0.317089820430181	5.37434131538139e-06	3.51741876578698e-05	1	DOWN
TMEM220-AS1	-0.0430390415048034	0.938398871114417	0.964495169735024	1	DOWN
PCDHGA9	-0.332073183363519	0.0912091122436804	0.192291547097579	1	DOWN
TEX10	-0.211894638504509	0.010097826308809	0.0314016974367547	1	DOWN
XAF1	0.497427710537893	1.15995594450866e-09	1.19136626539408e-08	1	UP
GARNL3	0.380401606404071	0.199003906013182	0.347829775902286	1	UP
PDCD5	-0.434036307680444	0.000606258787304352	0.0026556670916445	1	DOWN
FGF5	-0.218628056196023	0.0560180549424832	0.130001110000614	1	DOWN
SEC31A	0.182589108650718	0.00456739714599783	0.0158016414069463	1	UP
GPAT3	0.202302386890216	0.282479900870061	0.447979387692647	1	UP
MOB3C	0.0310583645992402	0.870508269677609	0.927956204858912	1	UP
CBX6	0.106950048060314	0.134485110273033	0.258539886730823	1	UP
TMEM222	0.0855021770056515	0.513596944083146	0.673746317987068	1	UP
PHIP	-0.0314776409640393	0.681184725076087	0.806857154209249	1	DOWN
DNMT3B	0.313513634951485	0.2924900676889	0.459182397411439	1	UP
SRP14-DT	-0.132560536803392	0.771125157785122	0.86484514203747	1	DOWN
FIG4	0.302393498676207	0.0040741676341528	0.0142937112117364	1	UP
ZBTB24	-0.480295253591724	0.0132580843467466	0.0395362313031026	1	DOWN
C2CD2L	0.242175392775112	0.120143734132244	0.238357647164341	1	UP
ARNT2	-0.368829412100022	0.487831439191561	0.650757142781986	1	DOWN
EBF3	-0.963614766388342	2.35107563880575e-11	2.82657188489034e-10	1	DOWN
LINC01089	0.0330769154643267	0.907409909548646	0.947231350640702	1	UP
ANO8	0.17995895977007	0.375375932367209	0.545949838832381	1	UP
TMEM263-DT	-1.25559340372731	0.030493290507803	0.0790431196070205	1	DOWN
SKP2	-0.546432729409077	3.9899345703448e-05	0.000222448088256376	1	DOWN
TTI1	-0.369458491345326	0.00441439101520917	0.015331017678632	1	DOWN
CHD1	0.305310657404116	3.53292899293525e-06	2.38015649775792e-05	1	UP
SNTA1	0.236344826224196	0.539489703497094	0.694226687910642	1	UP
GRB7	-0.152837982867443	0.672716850934159	0.80083966470698	1	DOWN
ERBB2	-0.0243606427487967	0.816420184413925	0.89359146292249	1	DOWN
MNS1	-2.02642549389597	0.000613100170735446	0.00268238285416226	1	DOWN
MRPS11	-0.353979078096565	0.00546869040285703	0.0184774479802869	1	DOWN
APBB3	0.209815631675438	0.298302141429864	0.465123461998594	1	UP
ANTKMT	0.343045386209808	0.223574554410465	0.379109575383941	1	UP
POLR3A	0.24263047575899	0.00169698953634809	0.00662252114225392	1	UP
SLC39A14	-0.267819532234912	0.0298988402407827	0.077850115372892	1	DOWN
AR	-0.233075629671638	0.624026750465202	0.76340982420519	1	DOWN
DHRSX	-0.145605638612625	0.302759163450724	0.469388764191226	1	DOWN
HSPBAP1	-0.338216696765654	0.0565227790104671	0.130965550622137	1	DOWN
MED24	-0.160969077321061	0.167926575090278	0.306906151085065	1	DOWN
NSMCE2	-0.037628385248206	0.766307567088071	0.861984171556762	1	DOWN
PTS	0.223052699430749	0.0416456691662587	0.102176836183634	1	UP
NOM1	0.121961024669395	0.127318009287241	0.248453315177469	1	UP
CNOT10	-0.228320996748206	0.0458167031914683	0.110520540776333	1	DOWN
MTA1	-0.241088206371357	0.0123137700225275	0.037188357491232	1	DOWN
NDUFAF4	0.212612617587436	0.162080258481718	0.298676589558698	1	UP
MON1B	-0.486400075855306	0.000286330132540507	0.00134692602387463	1	DOWN
MEAK7	0.0434554622993946	0.592667581575652	0.738140069064014	1	UP
ACCS	-0.00974142841221013	0.938650577102334	0.964606429169472	1	DOWN
TBC1D31	-0.536737925235639	0.000621879398700509	0.00271585953176822	1	DOWN
RNF11	-0.114864849787156	0.174380392817783	0.315386999195345	1	DOWN
BHLHE41	-1.33391385850273	1.74188036701458e-37	7.7452040565316e-36	1	DOWN
RGPD8	0.617547021213061	0.000896651545386645	0.00375688938312044	1	UP
SSPN	-0.769003160069623	9.34046054558172e-09	8.78769500938812e-08	1	DOWN
APLF	-0.0278498167693566	0.877848066968734	0.932104498973109	1	DOWN
GSTO2	-0.177564341541973	0.398929423347396	0.569825946109837	1	DOWN
EDIL3	1.15978686594437	9.50609782646939e-84	1.61614846694481e-81	1	UP
ZNF790	-0.170833735779365	0.419247565489532	0.588379777497254	1	DOWN
ETNK2	0.254944495870863	0.117620555739174	0.23473983927679	1	UP
PPFIA4	0.519619201128085	0.0973969301007932	0.202766810734502	1	UP
MTERF1	-0.262493188244983	0.122689599811715	0.241913959186669	1	DOWN
CETN3	-0.51529855096432	0.00493995033831946	0.0169347704092784	1	DOWN
ZNF592	0.029246280529997	0.74710586876351	0.850470958333734	1	UP
SMARCA5	-0.212606517706708	0.000252087372606931	0.00119951090600684	1	DOWN
KRT18P15	-0.102256186220425	0.861419509711753	0.92169208757919	1	DOWN
PSG1	-0.00634007287969221	0.966957324118665	0.980734158537256	1	DOWN
RCN3	0.0209948695208213	0.819412028350283	0.895026911384989	1	UP
TNFSF12	0.862611199414561	0.00623674346909995	0.0207046128812229	1	UP
PRKAR1A	-0.147948636863731	0.784044997198754	0.873081211205617	1	DOWN
EFNB3	-1.49248280970875	0.0249100109769073	0.0670218895228612	1	DOWN
WDR27	-0.234700592669847	0.105973525680877	0.215845443215554	1	DOWN
HACD1	-0.0112009644114813	0.897872948141274	0.941496327011346	1	DOWN
ARL5B	-0.312808411144056	8.36380515200454e-05	0.000439031413917972	1	DOWN
CACNB2	1.05615018422077	0.0984051411242126	0.204406021903981	1	UP
GDPGP1	-0.775075497497727	0.200796501546336	0.349814375388318	1	DOWN
MIS12	-0.639945401997552	0.00640289998409844	0.021173525782656	1	DOWN
PUM2	0.0443948543993035	0.703673223000018	0.822251293407719	1	UP
ZNF232	-0.129339257407806	0.667155217919356	0.79717711709547	1	DOWN
RUVBL2	-0.411816167199447	0.000698360547506631	0.00300446807740945	1	DOWN
KRT8P3	0.40778276559724	0.584911383084276	0.73258401776312	1	UP
ACVR1	0.34465689997574	2.87780844103961e-06	1.96909137222838e-05	1	UP
CCDC85C	-0.0547714026029159	0.892478521329742	0.939371703641994	1	DOWN
SHC1	-0.0133135752859207	0.800159282062582	0.883208828340894	1	DOWN
GOLGA1	-0.285450338261576	0.0143191594478583	0.042212601628111	1	DOWN
PSMB1	-0.298725275774186	2.12182506570535e-05	0.000125101974804194	1	DOWN
PSMB7	-0.277764236115365	0.00199657943064749	0.00764914351863385	1	DOWN
PTMS	-0.102477245181111	0.124281189875152	0.244370563503705	1	DOWN
CREB3L2	-0.213194116328633	0.00010180657775864	0.000527503354316998	1	DOWN
RASGRF1	0.315913910154486	0.458306871977718	0.625636936231816	1	UP
MIATNB	0.00898529661403262	0.972260080691336	0.983689919633317	1	UP
MRPL41	-0.15247146153041	0.379027324953541	0.549303815212639	1	DOWN
PSMB2	-0.00709585743447443	0.960669975846059	0.977183402503483	1	DOWN
TMEM115	-0.284773790016721	0.0013566071089562	0.00543809412802387	1	DOWN
TRIM6	-0.901639900984277	7.87867458767661e-06	4.9958195026992e-05	1	DOWN
IFFO1	-0.687672858498389	1.44523168572168e-08	1.32100209300215e-07	1	DOWN
NCAPD2	-1.60934364258456	7.09760228798535e-44	4.13578430095469e-42	1	DOWN
ZNF140	0.19992208476374	0.511500910283111	0.671789480550871	1	UP
BRI3	-0.336183756867191	0.000159840296437355	0.00079512981886961	1	DOWN
CPA4	-1.26893863935967	5.98203840242584e-16	1.01821480510549e-14	1	DOWN
POT1	-0.735061020931831	0.000202357763177539	0.000983940792624029	1	DOWN
DOCK4	0.0449089312127865	0.52260490752215	0.680927194896997	1	UP
PAIP2	0.225927440551525	0.339731167898058	0.509617045794002	1	UP
SIL1	0.325721253186154	0.019492943656387	0.0547082013553017	1	UP
NDST2	-0.141348688512853	0.382035873778225	0.551969647267459	1	DOWN
CENPS-CORT	-0.135782020057485	0.874458291261463	0.929901912802874	1	DOWN
ZNF502	-0.0189686258966308	0.948360078754778	0.970127665151586	1	DOWN
ZKSCAN5	0.0464180330589631	0.654749536451748	0.788219389475526	1	UP
SH2B1	0.00909166746301739	0.94780162755655	0.969944756112184	1	UP
TRAPPC4	0.181567741152061	0.526350183904029	0.684292805370828	1	UP
IFT70B	-0.738006856718026	0.00281239090233059	0.0103309255031976	1	DOWN
ZNF454	0.184124349294337	0.452776838912516	0.620844302032903	1	UP
PARD6G	0.746401444660932	0.00394199577131394	0.0138670352705107	1	UP
NAE1	-0.219396176731237	0.00610714094157368	0.0203023450072881	1	DOWN
GPBP1L1	0.160651027901603	0.0737230167092422	0.162070226861929	1	UP
TMEM69	0.1836526199715	0.185873751099574	0.330958794620496	1	UP
GCFC2	0.175378398755606	0.182770559924397	0.326640781779305	1	UP
ZNF382	-0.357065332580303	0.430639254219992	0.599310099388195	1	DOWN
RPL26L1	0.0135573416404245	0.922390945184455	0.957169325938216	1	UP
YWHAQ	-0.459702065625652	3.28944598269896e-13	4.59282936193069e-12	1	DOWN
RTL8A	0.105507007430856	0.59066449781981	0.736979162320331	1	UP
ZFPM1	-0.258879912633387	0.281647850995797	0.446968273088103	1	DOWN
TUBA8	-0.516921492168952	0.547313474714788	0.70061072970946	1	DOWN
KCTD8	0.113992437324509	0.889355106938021	0.937990789567038	1	UP
LPAR1	-0.824767646228196	4.70248164738561e-13	6.47812795866248e-12	1	DOWN
NAGK	0.313995514935654	0.00952317024670455	0.0298847629175087	1	UP
SLC35E3	0.321990889724481	0.00209337910190852	0.00797138903865086	1	UP
MAF1	0.0364475186375081	0.752188793966626	0.85334108785816	1	UP
LACC1	0.874175931305471	1.69371556230542e-11	2.06025956152152e-10	1	UP
USP51	-0.781400162120384	0.0697321728395023	0.154578866345091	1	DOWN
RPL21P123	0.542780575027424	0.227530739822253	0.384182749371331	1	UP
NECAP1	0.340787834447547	0.000189724697869869	0.000927821187450923	1	UP
RUFY1	-0.43982074391489	0.000404236602642418	0.00183410459804885	1	DOWN
LOXL2-AS1	0.277108491213415	0.477907766243818	0.642262171486042	1	UP
BASP1	0.568909976368107	5.02882083391843e-16	8.61036609845441e-15	1	UP
DIRAS3	1.10215583627738	0.152603086608384	0.285397593448655	1	UP
NOP16	0.0494019297225426	0.807449177694459	0.887573257744397	1	UP
LOC124904863	-1.53232858288836	0.0663877801335998	0.148854896929504	1	DOWN
ZMAT2	-0.047868842659774	0.547866308868411	0.701197062213923	1	DOWN
DIS3L2	0.114329660567645	0.299311986537521	0.465915560557816	1	UP
RASGRP1	1.16117259880245	1.82400801813563e-25	5.17853435561454e-24	1	UP
PDE3A	1.52835627181139	5.48685321283336e-08	4.686200696138e-07	1	UP
HACD4	-0.788704485736664	1.14980710071175e-16	2.05134103856611e-15	1	DOWN
IRF2BP1	-0.118617982706805	0.513003609664299	0.673212419475008	1	DOWN
PLOD1	0.383191215215422	5.86530595168743e-08	4.98585507693147e-07	1	UP
CD24	1.34838669428584	2.61350378643954e-09	2.6100720952203e-08	1	UP
POM121C	0.174840773760033	0.0243807491887295	0.0658184581592247	1	UP
RPP21	-0.00199749309487312	0.994619752593206	0.997103714514355	1	DOWN
NDUFA6-DT	-0.843519913717405	0.0998667621484845	0.206640117383698	1	DOWN
ZEB1-AS1	0.147626875999971	0.615857083943153	0.756717177116104	1	UP
ZFX	-0.124316331265183	0.0692339760191198	0.153733894814428	1	DOWN
PDK2	-0.0365987896286309	0.887844646591396	0.937217466228294	1	DOWN
ITGA3	0.0129478797224265	0.902041051035482	0.943636544702023	1	UP
USP34-DT	-0.771778450956473	0.0988553621316018	0.205046481722948	1	DOWN
HOXC9	1.70224021550458	0.0176353730298473	0.0504151880621807	1	UP
ARSJ	0.149498030931824	0.0110073070616246	0.0338367569341708	1	UP
SLC2A13	-0.159352130438805	0.171923438279025	0.312079588816756	1	DOWN
FENDRR	-1.49889212164146	0.0269745242627869	0.0715639526567897	1	DOWN
OVGP1	0.694960136131055	0.0262393305333841	0.0699860770649564	1	UP
GIN1	-0.385635327066517	0.11846982788085	0.235782629023174	1	DOWN
ASPA	-2.46259083275748	0.0399571144965012	0.0987538097852662	1	DOWN
PPIP5K2	0.0554101337880625	0.53732312930546	0.692363490110852	1	UP
ZBTB25	-0.191049980867372	0.105259008796147	0.214662423950483	1	DOWN
SRM	-0.673515438934279	4.95558694613184e-10	5.26567551165818e-09	1	DOWN
DOCK7	0.382073257688648	1.96319566559018e-13	2.77322977159762e-12	1	UP
ADGRL2	1.44047834463989	3.0446061201696e-19	6.50852116014362e-18	1	UP
CARD19	0.0628767391258558	0.742960751138732	0.847999827399559	1	UP
XPO1	-0.720103253974226	7.07476732498956e-21	1.63058154088396e-19	1	DOWN
SDHB	-0.00765877577572126	0.929790802782575	0.960819938299793	1	DOWN
NLE1	-0.200011209655921	0.295838744387472	0.462530097927443	1	DOWN
EARS2	-0.178054297916869	0.185814859203133	0.330935455169593	1	DOWN
CLUAP1	0.0726579846543901	0.609293686350952	0.751720572138445	1	UP
FBXL15	-0.0738941716676585	0.836458871392507	0.905986145292544	1	DOWN
SLC12A9	0.302670612790162	0.00984156369559313	0.0306840209201761	1	UP
C11orf58	0.157526391168906	0.253947526979526	0.414994426369007	1	UP
SOX6	1.46899223166629	1.73561970611741e-17	3.28291104359983e-16	1	UP
R3HDM1	-0.493356049946718	2.68905632131152e-06	1.85133648876955e-05	1	DOWN
AATF	0.0604880871554784	0.487258955078309	0.650373659202117	1	UP
CNTROB	-0.287126980021513	0.0617735181831225	0.140558827155456	1	DOWN
UBE2E3	0.0946162913642347	0.842557848789061	0.909958683935966	1	UP
METTL23	0.0215020086166441	0.915102538234325	0.952336654185815	1	UP
RPH3AL	0.461139500708943	0.261095925266538	0.423562776832818	1	UP
SLC25A42	0.102029415761601	0.699019724734345	0.819408263237971	1	UP
ZNF687	0.157942929716463	0.345576958447593	0.515369724099708	1	UP
KIAA1586	0.116255973636165	0.316600884639201	0.484682370193593	1	UP
SNX27	-0.102871667989897	0.286822665666404	0.452694882213325	1	DOWN
TARS2	0.128280470123804	0.419411894365751	0.588496095298521	1	UP
CGN	0.97736701622503	0.0689273406744354	0.153194247936983	1	UP
SETDB1	0.0121421846019723	0.916796659348523	0.953529015334437	1	UP
RAB4A	-0.0468151845052979	0.865293020824466	0.924467650741857	1	DOWN
ZNF217	0.323214946544874	1.10658189586592e-06	8.01163075007936e-06	1	UP
RPL17	-0.226433330799061	0.0341096340033773	0.086559775475892	1	DOWN
SRGAP2C	0.149142564979854	0.610790636503259	0.752603639845549	1	UP
MCM9	0.330015940247489	0.00360781430482109	0.0128415085022093	1	UP
FAM184A	2.00069408071981	0.090131015130921	0.19033805343518	1	UP
PPP1R13B	0.238997518165864	0.117939108179587	0.235081110662512	1	UP
FAT1	-0.292941309048398	7.63971380060391e-11	8.74121172862447e-10	1	DOWN
FMR1	0.199405190796096	0.191714093869727	0.338548581867409	1	UP
COPG1	0.114227667569108	0.227130352135655	0.383845248358362	1	UP
SIAH2	-0.401473633162516	0.00129519573319338	0.00522963775925609	1	DOWN
FRAS1	0.17163822624878	0.42722563270375	0.595757755302701	1	UP
TIMM23	-0.0596812016878007	0.480791812874523	0.645166795531106	1	DOWN
RPS20P9	0.300747106385268	0.572301844965441	0.722677138381054	1	UP
ZNF433-AS1	0.243159792928429	0.168802238323726	0.308039038517005	1	UP
KLF5	0.56785895382706	3.87520565725347e-07	2.9666628978754e-06	1	UP
COQ6	-0.185747738955751	0.266770969653863	0.430065515670234	1	DOWN
VPS54	-0.274119747914699	0.00440765001900675	0.0153223359212573	1	DOWN
ZNF410	-0.0235050222624673	0.830612251985923	0.902529231220994	1	DOWN
RHOQ	0.208887288862393	0.37725511673267	0.547966577158525	1	UP
SH2B3	-1.46752980017609	2.18989085139564e-50	1.62287757402658e-48	1	DOWN
LIPE	-0.794228973187389	0.263331617684132	0.42613720124898	1	DOWN
CIC	-0.139706333550228	0.0660893787099829	0.148300871387882	1	DOWN
NBR1	-0.466949183068282	1.24510053482872e-10	1.39914057766795e-09	1	DOWN
CCDC102A	0.364304849942096	0.104700345295938	0.214006321056803	1	UP
EIF1	0.183765744697594	0.0047706691612676	0.0164223296925865	1	UP
RALGAPA2	0.17573184594058	0.103088354963496	0.211756248960416	1	UP
RPL7AP70	-0.376751307245065	0.147249020902476	0.277539533202254	1	DOWN
NUDT5	-0.376598539394233	0.00141104706695916	0.00562046338606031	1	DOWN
BORCS8-MEF2B	-0.360283936277893	0.647812211384742	0.783462076929159	1	DOWN
TM6SF2	-0.156941644320971	0.801890124562967	0.884048992223027	1	DOWN
NAXD	0.0392402282815448	0.704671323767534	0.822845515945147	1	UP
C3orf70	0.125279648772311	0.719001487266247	0.832688771636844	1	UP
ITGB1BP1	-0.105966174937437	0.366863826429894	0.537083290015034	1	DOWN
BLVRB	0.00953578808365729	0.953029622302152	0.972546506029828	1	UP
BBIP1	-0.491046027225661	0.000168067878813436	0.000830909653346891	1	DOWN
LINC00641	0.275592923540815	0.0114109740849293	0.0348699485094763	1	UP
SLC29A1	0.440851987453513	0.0118471892118714	0.0359445163344013	1	UP
PLOD2	0.0351520717069501	0.650071412032427	0.784810524250677	1	UP
STK32B	-1.48491770881513	6.40834089686881e-07	4.78588807755303e-06	1	DOWN
RAB6C	0.125740923155243	0.497724320925864	0.658934724033481	1	UP
MTR	-0.281130495660755	3.67230317484444e-05	0.000206411719874279	1	DOWN
PDGFD	-0.533555697523084	0.00181100821400208	0.00701873166271461	1	DOWN
EPHB4	0.396807082328011	9.53689411934936e-06	5.96871619396785e-05	1	UP
ZNF765	0.531742319847278	4.66615502621377e-09	4.54690534617769e-08	1	UP
XRCC6	-0.317704600639333	6.96105681826338e-09	6.67513152493192e-08	1	DOWN
ZNF124	0.451528968357567	0.0222968727415607	0.0611524213300994	1	UP
LSM10	-0.293659244253727	0.0818210659312781	0.176503392114181	1	DOWN
SDR42E1	0.191765735998228	0.831081342457807	0.902529231220994	1	UP
ARMCX2	0.0610560477142461	0.44470016030754	0.612872903786763	1	UP
CTAGE1	1.11775918180996	0.180195768376525	0.323158233905332	1	UP
TSPAN14	-1.45510536905051	0.019063457051955	0.0538268889913642	1	DOWN
LINC02693	-0.043448937678305	0.73535407541017	0.843797259147744	1	DOWN
CNTN3	-0.638223807170465	2.73702952166143e-13	3.83635437609402e-12	1	DOWN
RRS1	-0.170783058294432	0.199057221629876	0.347874701871247	1	DOWN
ACACB	-0.317248663987794	0.159736596808768	0.295488166984576	1	DOWN
TPD52	0.22976468625593	0.52391312382888	0.682113777035626	1	UP
LIMK2	0.281917751590036	0.130694327494792	0.253206023143483	1	UP
SLC61A1	0.0943059743191319	0.430013567153572	0.598778768446355	1	UP
SYDE2	0.638758446693732	6.24044806309226e-10	6.53957323856028e-09	1	UP
NAIP	0.0396369029029587	0.930541858839894	0.960999099699515	1	UP
RAP2A	0.0388832729912108	0.64970142056676	0.784757207339539	1	UP
CLYBL	-0.495851694888759	0.419748047158103	0.588796256016477	1	DOWN
TMTC4	1.02083244090798	7.24678473112426e-10	7.55579265147739e-09	1	UP
ARFGEF2	-0.0345298904737826	0.512992972040859	0.673212419475008	1	DOWN
TOX2	-0.347686795637921	0.428487626696486	0.597164762786225	1	DOWN
SRSF6	-0.0503220817920626	0.466830807445412	0.632890683117166	1	DOWN
COBLL1	0.0965284011144079	0.245188706310226	0.40455691593811	1	UP
LIPA	-0.0521822094533317	0.55551478195955	0.708351196867331	1	DOWN
RBM14	-0.116391071383379	0.363188526941334	0.533594693252259	1	DOWN
RNF103	0.927536469951392	1.08149004624532e-06	7.84175246276524e-06	1	UP
ACTA2	1.83764339988062	1.22923307321204e-276	1.61487701281702e-273	1	UP
F8	-0.223188784599812	0.370004771581087	0.540203975966689	1	DOWN
CA13	0.855325218427758	0.202425165502227	0.351972815145311	1	UP
DAW1	-1.47973761874756	0.0398042126240551	0.0984444081174431	1	DOWN
CKS2	-1.54671643490536	2.17627941151654e-45	1.33827292663087e-43	1	DOWN
UBOX5	-0.45062572462997	0.041357914781966	0.101608845038115	1	DOWN
MCTP2	-0.801433575481232	0.0423418904604282	0.103603565703293	1	DOWN
FURIN	0.224907184560465	0.000291276470391748	0.00136707901059797	1	UP
SLC7A8	-0.395241475386566	0.099466231470253	0.205988322008688	1	DOWN
COQ10B	-0.0749968135404632	0.793230546616758	0.879062471561255	1	DOWN
HSPA8	0.39671533920569	0.000195702490284444	0.000954470701012656	1	UP
FAM185A	0.224721811987345	0.50758745457406	0.668533203249156	1	UP
SPATS2	0.0446533937437678	0.652216502476847	0.786314470553208	1	UP
ORMDL2	0.504938184447883	3.92735919861987e-06	2.6166098561206e-05	1	UP
NR4A1	0.894342340149835	4.50195448864967e-09	4.39579353482949e-08	1	UP
LINC02728	-0.347340015594672	0.514908406530618	0.674791818310221	1	DOWN
SHANK3	0.634252334250402	0.00101230220057769	0.00417726416349178	1	UP
MTF2	0.509545301171551	0.0109058456173275	0.0335589371227134	1	UP
SLC44A3	0.392742213497176	0.415443708794859	0.58488209992407	1	UP
CCT4P2	0.169014027721852	0.758671643639014	0.857344400951961	1	UP
KLHDC8B	0.643158138422244	1.23814712162762e-05	7.60734015928603e-05	1	UP
POMK	-0.606849264637301	0.00108547326725217	0.00445376893386176	1	DOWN
NTAN1	-0.108313433320853	0.279896819130716	0.445020236908128	1	DOWN
PDSS1	-0.262171890298545	0.344129044139995	0.513941775610066	1	DOWN
TBX1	-0.262817765194753	0.577732221104743	0.727311466781483	1	DOWN
VPS33B	0.0824824259882112	0.591426909139095	0.737569602640247	1	UP
SLC25A34	-0.744236996842899	0.195302744949088	0.343389702793438	1	DOWN
FXR1	0.151467822321402	0.0589292756737997	0.135108196535313	1	UP
BCL2L12	-0.328567750363833	0.146282694825475	0.276150388363545	1	DOWN
IRF3	-0.00467424676268899	0.976297225993179	0.985525262557981	1	DOWN
PRMT1	-0.272866641299504	0.00242154285290359	0.00906572947339632	1	DOWN
RBM27	-0.00389298264148629	0.963278338240889	0.978720049632221	1	DOWN
RRAS	0.161518476443377	0.137665315821686	0.263252809175491	1	UP
TMEM8B	-0.0261338306839885	0.894976234222424	0.940364161879557	1	DOWN
DCTN3	0.125799095278903	0.516999962351662	0.676613517111381	1	UP
CD72	-0.906372363230167	0.0419565786182913	0.102782593255285	1	DOWN
GRHPR	0.308792023036785	0.000873142362708379	0.00366902596205257	1	UP
RPL15P18	-0.0642133834740843	0.740439055956078	0.846592673282798	1	DOWN
RBM4	0.110609343603354	0.303633764983659	0.470515261975106	1	UP
RPAP2	-0.0289684144395455	0.740678377629212	0.846799306575929	1	DOWN
RWDD3	0.0839443897288163	0.639231584081936	0.776524514254208	1	UP
CCDC18	-0.810580517713748	1.18790858056177e-07	9.72053618216203e-07	1	DOWN
ZNF644	0.0980017459901037	0.240648075311377	0.399625279835197	1	UP
ZNF184	0.163014888648219	0.38761201060567	0.557962064474802	1	UP
TRIM61	0.426171575118617	0.484663910254295	0.64826713875276	1	UP
CUL4B	-0.836692909310432	7.94022523478889e-46	4.96728116311404e-44	1	DOWN
GPR153	-0.236790369619768	0.263493274734824	0.426268550119592	1	DOWN
SF3A3	-0.0767634017072099	0.302441592839618	0.469097720095022	1	DOWN
ADGRE2	0.461383912784666	0.0877563226370059	0.186358062957733	1	UP
LARS2	0.192763387199999	0.188935450181822	0.334889230739738	1	UP
MRPS26	-0.324590059648052	0.162943062820503	0.299884131535798	1	DOWN
PEX16	0.256178967564233	0.270160744418137	0.434270624870578	1	UP
C4orf46	-0.699833297398597	4.38498136415158e-05	0.000243159499974499	1	DOWN
MXRA5Y	-0.292651661461977	0.595012110613649	0.739594014319443	1	DOWN
LRRC75B	0.0795218894782918	0.829584506977309	0.901744882377141	1	UP
DMAP1	0.210074369201446	0.556962741849615	0.709571416950435	1	UP
PPP6R2	0.00213489799147269	0.98357671347824	0.990775622924442	1	UP
MPST	0.310148369162571	0.00505608313304909	0.0172813286082527	1	UP
FTCD	0.114680707569938	0.78261232339193	0.872447017305931	1	UP
LSS	-0.320302676720235	0.000831564809083241	0.00351887058742662	1	DOWN
MMP17	0.26994203876549	0.204236334049062	0.354354575980669	1	UP
APRG1	0.109354824391219	0.742808202006057	0.847892679872791	1	UP
ZNF429	-0.830832509632209	0.0102673686617834	0.031839859341509	1	DOWN
PWP2	0.0422684558534297	0.794426343096132	0.879602138472096	1	UP
RUSC1	0.191448750932626	0.0815309519779824	0.176132321691505	1	UP
FDPS	-0.605343128736535	5.15579235208314e-17	9.45512122842049e-16	1	DOWN
ZNG1F	0.253301680514743	0.0764431999643572	0.166769426733835	1	UP
FAP	0.0913836849309869	0.32531799496616	0.494651761916664	1	UP
ADA2	0.688832985565567	5.08676654855021e-05	0.000278548175040163	1	UP
FOXS1	2.95913891154101	0.00153420798430865	0.0060449157838707	1	UP
DOCK11	-0.130520942444566	0.0445155512383378	0.107919212223172	1	DOWN
CCT6B	-0.242895729866162	0.438233921732932	0.606892036699818	1	DOWN
RINT1	0.23822350973714	0.0247192469417018	0.0665806429354942	1	UP
GARIN1B	2.22863412679739	1.57738992804714e-05	9.48995081191059e-05	1	UP
PNPLA8	-0.102876854777845	0.267919715696401	0.431532301775378	1	DOWN
HILPDA	0.0938914547331589	0.659153375665703	0.791272091200894	1	UP
FEM1A	0.0488014655278504	0.714489048986451	0.829858119469016	1	UP
ZSWIM8	-0.25939460391422	0.00147212761377984	0.00583001264640517	1	DOWN
DCUN1D1	0.135230170580141	0.119579489263277	0.237433800404454	1	UP
EIF4G2	0.0173851287098361	0.821906531645929	0.896405380287949	1	UP
CCHCR1	-0.428676403626753	0.00918358634645582	0.0290017496268866	1	DOWN
ZSWIM8-AS1	0.782785719243293	0.515317502726881	0.675084147575574	1	UP
RPS3AP26	-0.080339946955967	0.231238925862045	0.388490503368948	1	DOWN
PTGES	-0.52413246089723	0.040369322127497	0.0996033932157178	1	DOWN
MIGA2	-0.21385770154183	0.144948751891112	0.274492781231616	1	DOWN
SH3GLB2	0.149056959911587	0.304882070971609	0.471920609212802	1	UP
LAMC1	0.272161357106337	1.73954759264304e-10	1.92925573762737e-09	1	UP
H3C8	-3.56143549597251	2.29181429729709e-35	9.76961900007087e-34	1	DOWN
G6PC3	0.153468366004281	0.341365243442036	0.511145905396421	1	UP
KCNH1	3.31886813039203	5.70724040495143e-203	4.58196283844184e-200	1	UP
LINC00571	0.612402638939386	0.229283252575046	0.386083929499183	1	UP
VANGL1	-0.817059800843228	0.00114127763540822	0.00466156108233018	1	DOWN
SLC60A2	0.0106636883005985	0.914171686439037	0.951708944721031	1	UP
ABLIM3	0.348402312190148	7.41763880170511e-07	5.49422338920761e-06	1	UP
TMEM135	0.277566604244165	0.00637293428621485	0.0210889107785873	1	UP
H2BC6	-0.27259367743311			1	DOWN
MRPL28	-0.437008282923746	0.00972963879605691	0.0303875103180935	1	DOWN
LINC00370	1.02807710198473	0.026638816434749	0.0708554272590756	1	UP
TMEM86A	-0.081951054801708	0.81706068604191	0.893940248173881	1	DOWN
UEVLD	0.0160978405473604	0.86260484604245	0.922345736600773	1	UP
HCN2	0.843389946123868	0.27050773723814	0.434538384929787	1	UP
POLRMT	0.00821130328933754	0.957731347755458	0.975367622800737	1	UP
LOC105371401	-0.356186171808339	0.573658193563149	0.723758910003585	1	DOWN
LINC01474	1.3585099265552	0.0219331688521612	0.0603956217764065	1	UP
AHDC1	-0.190216788489703	0.0318634226894689	0.0819758449858492	1	DOWN
TNK1	1.13398961673954	0.0193487383447132	0.0543879824585587	1	UP
RAP2C-AS1	-0.191121129957413	0.479011436799933	0.643411996348541	1	DOWN
HMGCL	-0.023156805884294	0.83343062952631	0.903925700036378	1	DOWN
GALE	-0.0370931216801698	0.819613793580886	0.895026911384989	1	DOWN
H3-7	-1.06722080742023	0.252700810950277	0.413237458305132	1	DOWN
UQCRB	0.132399792784751	0.283113713544203	0.448555670916268	1	UP
SH3RF2	1.18185499679875	5.63408737793731e-26	1.65484139631244e-24	1	UP
MTERF3	-0.261460190127979	0.118496399281779	0.235801633988018	1	DOWN
LPCAT3	0.00722427107006106	0.951779669804889	0.971868283253483	1	UP
HTRA2	0.123672227338161	0.413490052054856	0.5827330546367	1	UP
WDR62	-2.37576432450596	8.3060868246624e-26	2.41511590952105e-24	1	DOWN
SF3B2	-0.114532136307974	0.116532571100066	0.232852673617974	1	DOWN
ST3GAL4	-0.256663121647191	0.155717232811412	0.289796488262423	1	DOWN
SCYL1	0.011295886843462	0.921861778720969	0.956752697809302	1	UP
HAUS8	-1.69722073615038	2.97159988876125e-10	3.22149962434275e-09	1	DOWN
TMEM50B	0.553660255245945	0.00225209379060011	0.00851294987391112	1	UP
MBNL1-AS1	0.962468454214955	7.68084056078961e-19	1.60167138447288e-17	1	UP
MYL12B	0.15950681446338	0.000849319360702577	0.00357932752450071	1	UP
BIRC2	0.17865854439615	0.349861509007839	0.519779256825714	1	UP
IRAK1	-0.168948643289671	0.0699367852704394	0.154978525279838	1	DOWN
MSX1	-0.303317748983212	0.389353113081358	0.559687838171561	1	DOWN
CTSS	0.203404346358208	0.62467950580893	0.763855435644343	1	UP
TMEM208	0.197214962192671	0.255157257258458	0.416547393204019	1	UP
LRP1B	1.27545008591429	1.66223185491349e-26	4.96299845771794e-25	1	UP
PACRGL	-0.209683829031977	0.353465590281673	0.523621860088207	1	DOWN
SEC11C	0.481853852832844	1.09553118514247e-05	6.80457553600558e-05	1	UP
ZNF326	-0.169393149945458	0.143577148336583	0.272216396039355	1	DOWN
KCNJ14	-0.293324870252489	0.602465958829972	0.746099543324357	1	DOWN
FBXL6	0.00361020036070038	0.988548281642422	0.993291003894774	1	UP
KIAA2012	2.34353073289498	1.96039047825411e-05	0.000116148566920957	1	UP
LINC02649	1.14878019212824	0.0380415476274604	0.0948478959220894	1	UP
DNM1	-0.357217488103299	0.00936425113879278	0.0294692493917018	1	DOWN
SPTBN1	-0.321812471087393	9.97994842505883e-10	1.02940924118862e-08	1	DOWN
AUP1	0.182319202008747	0.11590242319883	0.23183457016503	1	UP
LMCD1	1.06620206859464	2.68142940707673e-25	7.52414298284773e-24	1	UP
GAS1RR	-0.234240722950033	0.751837683104897	0.853145375622212	1	DOWN
NPIPB14P	-0.354951623769623	0.21507505558261	0.367816524050213	1	DOWN
LMBR1L	0.737215088512969	2.27396955893197e-09	2.28360904073147e-08	1	UP
MYG1	-0.0418928941070684	0.737432632754648	0.845054664702028	1	DOWN
FUOM	0.120401343745902	0.697661069220534	0.818934295451705	1	UP
SECISBP2	0.278387840350222	0.000772758399784706	0.00329997979766217	1	UP
FANCA	-1.40488181497721	1.10981844721563e-17	2.12987866941741e-16	1	DOWN
CSAD	0.146014417934034	0.27275640864626	0.436597569932112	1	UP
ZBTB3	-0.780784617155009	0.194412162850122	0.342323646319863	1	DOWN
CCDC148	0.115171771010692	0.704660903092142	0.822845515945147	1	UP
NR4A2	0.100445640008579	0.854302605449592	0.917460020409712	1	UP
PTPRR	-0.215643124410682	0.702434580384214	0.821734163452787	1	DOWN
FERMT1	-0.832809589025542	0.00522571225814497	0.0177686512570478	1	DOWN
PTK7	0.0650814265417688	0.472264836328898	0.638001229296897	1	UP
MRPL2	-0.427663351249969	0.00441229243024943	0.015331017678632	1	DOWN
CUL9	-0.25294286964567	0.0148135845339153	0.0434485711588411	1	DOWN
SRF	1.08138111442686	3.42088615423844e-51	2.64359496336362e-49	1	UP
CIDECP1	-0.41575911617093	0.0483520862914882	0.115518851606771	1	DOWN
CENATAC	0.188328836907446	0.0643618687253746	0.145327088273498	1	UP
OLFML2A	-0.194704123917574	0.142852186357105	0.271143305845499	1	DOWN
PRR14L	0.589606156042547	2.01399270287594e-12	2.64257262168601e-11	1	UP
LRRC23	0.0819304338204165	0.750144280315458	0.85202664425361	1	UP
ASNS	1.621110082134	2.51947162905026e-26	7.47615698386146e-25	1	UP
WDR1	0.574127588859543	3.75774217192484e-12	4.8183790706731e-11	1	UP
PAF1	-0.163375145189653	0.0999074129857905	0.206665047961302	1	DOWN
VPS41	-0.0282791492508515	0.674408647777547	0.801668122812646	1	DOWN
GALNT6	0.323545499456126	0.000135872454394052	0.000686295993865238	1	UP
NDUFA6	0.171112466240211	0.589862811601684	0.73629675135665	1	UP
TMEM121	-0.266242797381518	0.74348638981173	0.848266829670007	1	DOWN
RECQL	-0.598601564945716	1.51108064532041e-16	2.68593190719868e-15	1	DOWN
TMEM106A	0.651038624717999	0.0285675869200238	0.0749918616859698	1	UP
PAOX	0.277625256729141	0.282741820131957	0.44816299689886	1	UP
FAHD1	-0.55318652992831	0.513755756640721	0.673893477281933	1	DOWN
MFSD8	0.283763389755123	0.161617447664346	0.298051778483597	1	UP
HSPA4L	0.305384675491325	0.0156301831964093	0.0454836442551975	1	UP
MON1A	-0.350926159119555	0.0821750850737316	0.177082039129212	1	DOWN
ABHD18	0.0771883726252313	0.676513125549993	0.803376709452128	1	UP
NTM	0.0774915699148485	0.847764071562943	0.913370506087832	1	UP
KDELR3	-0.222127499752432	0.00276472728987631	0.0101938870379837	1	DOWN
MPP3	0.458760482647095	0.0134823426874534	0.0401387173828572	1	UP
TICAM2	-1.08508838636484	0.000248427155039829	0.00118365341822637	1	DOWN
BCAR1	-0.0245156913713188	0.851458096184658	0.916128098797427	1	DOWN
NAPRT	-0.303467328322065	0.381428598731771	0.551478207130848	1	DOWN
TRDMT1	0.457256686342124	0.000120938067070168	0.000616681724499294	1	UP
CUBN	1.83995622261107	6.35181684599989e-16	1.07988359107699e-14	1	UP
GIMAP2	-0.208900824330763	0.751333330693389	0.852706978862025	1	DOWN
ATXN1	0.886441465932126	2.34728390869845e-23	5.97193657827488e-22	1	UP
NUP153	0.107289046708187	0.121680609588803	0.240580994550252	1	UP
RIOK1	0.138259964296041	0.197709463626634	0.346231151098944	1	UP
SLC35B3	0.0110397834899187	0.912802393528442	0.951175900553758	1	UP
RPP40	-0.0151794182148589	0.935003840078529	0.963583382283368	1	DOWN
LIPH	-1.03272187298888	0.00215315116347757	0.00817959712497749	1	DOWN
RREB1	-0.0723515713647875	0.359621873742456	0.529916967212423	1	DOWN
SSR1	-0.283125401584894	0.0676861969076109	0.15108638114178	1	DOWN
PFKFB2	0.454171325991584	5.10240482252862e-06	3.3485400585995e-05	1	UP
HIC1	-0.153085738887699	0.109881672377406	0.222021818725656	1	DOWN
TIMM22	-0.19408662054367	0.176805709217611	0.318382467776162	1	DOWN
LINC02204	0.301973180754449	0.495845360411963	0.657384847963501	1	UP
YWHAB	0.103848478509197	0.52840143536879	0.685697798353386	1	UP
MTMR10	-1.67117823975778	1.45840460977038e-48	1.01813550800926e-46	1	DOWN
UBE2V2	0.0694429745345244	0.736320831010237	0.844489867375312	1	UP
ATF5	-0.472260767490491	0.000602661293906351	0.00264269216435536	1	DOWN
ZNF354A	0.00103737605168372	0.99334113723709	0.996374871535586	1	UP
ARID3B	0.607700053644025	0.0234498331105076	0.0637699545125979	1	UP
PACS2	-0.206446722928169	0.0523458459238672	0.123143883546516	1	DOWN
KLHL29	0.241580402240115	0.0181261516692656	0.0516075340260143	1	UP
MINDY2	1.09903027927101	3.80240924581916e-52	3.00265661264113e-50	1	UP
IVD	-0.224010869121532	0.0162909960339801	0.0471596922450013	1	DOWN
KLHDC3	0.183603329294787	0.111134290594074	0.224176665741899	1	UP
PEG13	-0.183179843619162	0.724327303761345	0.836577195225	1	DOWN
TACO1	-0.643562109819835	1.38094388588234e-05	8.40607417644722e-05	1	DOWN
IL17RB	-1.77078255141016	0.0731486327997246	0.161101146422574	1	DOWN
KCNQ3	-0.00654095630038891	0.987157820523104	0.992654541963235	1	DOWN
LRRC51	-0.338889190295528	0.305285977530786	0.472343432687087	1	DOWN
PSTK	0.195708914835344	0.531226546169199	0.687772792227393	1	UP
ORMDL1	0.210467028099399	0.398284088675525	0.569298057908013	1	UP
OSGEPL1	-0.606464296780428	0.0191896307739529	0.0540564043497843	1	DOWN
TSHZ1	0.0744632148711413	0.559016796490329	0.711224035027323	1	UP
CEP295	-0.374302799688577	0.000159707229874562	0.000794910816904916	1	DOWN
SNX17	-0.255410743217658	0.00139975217838842	0.00558162768484853	1	DOWN
GOLGA6L4	0.371632792193787	0.358771980512743	0.529150223554771	1	UP
DHX33	0.114817562293178	0.485380799871376	0.648985745645934	1	UP
GLIPR2	0.185588855096711	0.0860366302856584	0.183563541037661	1	UP
SLC25A51	-0.294764113039582	0.00591300104986677	0.0197341289079965	1	DOWN
TWIST1	-0.780567189878719	2.61768900474048e-06	1.80650543493337e-05	1	DOWN
SMU1	-0.0688640097958225	0.324907198633533	0.494287180487755	1	DOWN
NLGN1	-0.267284335901092	0.454027128489853	0.622086473291634	1	DOWN
SPATA2	0.365374472710954	0.0122517062556919	0.037039624916528	1	UP
FAM86C1P	-0.286401133534544	0.399738572777602	0.570702867166451	1	DOWN
ALG5	0.477016298306154	0.000153774877910075	0.000769726623026843	1	UP
HSPH1	0.262785194911331	1.43247380357082e-06	1.02225574989639e-05	1	UP
SMAD9	0.0146892953484085	0.921203861937859	0.956393265118732	1	UP
ELF1	-0.214506574869101	0.0302927278795366	0.0786604857511786	1	DOWN
CNN1	0.865423003388922	2.4588926190094e-06	1.70097928373886e-05	1	UP
CDC16	0.0259572437351536	0.710955376026095	0.827282078988091	1	UP
EXOSC8	-0.758756779092851	9.22352847520768e-07	6.75908772795265e-06	1	DOWN
LOC124900217	-0.48409162321006	0.508355859777041	0.6691183650276	1	DOWN
TRIM52-AS1	-1.06745508684542	0.00514176631268536	0.0175120586812671	1	DOWN
RPL9P11	-0.201473068093772	0.729605018142923	0.839786707860086	1	DOWN
SEC16B	-1.01110530821983	0.0817647918521992	0.176461022559159	1	DOWN
LINC01844	-0.000780043793926265	0.998359876710452	0.999051213790094	1	DOWN
FHL3	0.393309736056426	0.00353295716715993	0.0126154593581982	1	UP
KDM7A	1.32319291500372	9.62172004707234e-30	3.24110667599633e-28	1	UP
BAIAP2L1	0.996862841226389	7.55540369600894e-30	2.56298447913205e-28	1	UP
RALA	0.0572972173470245	0.461021930238894	0.627759787312067	1	UP
CAD	-0.393290187975635	5.04905107231173e-08	4.32762971802947e-07	1	DOWN
TRBV12-4	-1.62423157420353	0.00337216785813523	0.0120831137411139	1	DOWN
PCOTH	-1.00853809247342	9.31003746088671e-06	5.83684821463227e-05	1	DOWN
KCTD13	0.20152290207715	0.231866456872527	0.389118821073614	1	UP
AMZ1	0.0561521947347308	0.707735284583154	0.825196272189056	1	UP
TRPC1	-0.677175544768343	1.30525226252335e-06	9.36489581553715e-06	1	DOWN
RPS15A	0.0221177250597051	0.77825934717972	0.8693308271281	1	UP
TBCA	0.00828570502997038	0.933780898844115	0.962899084429592	1	UP
MAP6	1.01608779747278	1.44471787227059e-12	1.92331008693567e-11	1	UP
ANO1	-0.0119010531001983	0.938191642526244	0.964350766494541	1	DOWN
PPFIA1	0.258468958234316	0.00526118631609122	0.0178724502712351	1	UP
USF3	-0.0873673232246913	0.270397501380118	0.434538384929787	1	DOWN
C9orf78	-0.0176080783678858	0.839227302190629	0.907895923338582	1	DOWN
ECPAS	-0.00678858511091161	0.904018681355454	0.944816226532702	1	DOWN
ODF2	-0.292681433289571	0.0197042777793081	0.0552302838311749	1	DOWN
TOR1B	-0.298090825318685	0.00755217803947045	0.0244534299426732	1	DOWN
RPP38-DT	-0.316251395386642	0.474983017051666	0.640057775029245	1	DOWN
PEX12	-0.396298413374133	0.0935495328946391	0.196266594056392	1	DOWN
DOCK9	0.11209229887662	0.287979424076656	0.454123816819266	1	UP
TMED1	0.0188018094181525	0.92435076825455	0.958234788525574	1	UP
ULK1	0.803219087846361	1.86722383233226e-17	3.51802498057803e-16	1	UP
ABLIM1	0.151595103851925	0.476465837961695	0.641278553076693	1	UP
CLIP3	0.083326314050828	0.245737745295943	0.40505944533725	1	UP
USP27X	-0.348940150072011	0.229405688696945	0.386155108603326	1	DOWN
AGAP4	0.104954099431643	0.58836104011584	0.734993550372926	1	UP
CKAP2	-0.547919049850341	0.0103255903417571	0.0319998082840943	1	DOWN
OLR1	0.614510090828144	1.0822285882053e-14	1.69807658286154e-13	1	UP
VPS36	-0.00840305569821405	0.933503575716152	0.962775703981825	1	DOWN
DYNLT1	0.0883545869021905	0.269703945480741	0.433874175235688	1	UP
RNASEH2B	-0.589323087443786	0.000188498545840581	0.000922761682229755	1	DOWN
TIAM2	-0.235021306951105	0.0625109514029334	0.141857060101098	1	DOWN
LHFPL2	0.0236867298643666	0.77193040338895	0.865479576334372	1	UP
SSBP2	-0.107564104941271	0.380596386170974	0.550603757583878	1	DOWN
LOC124903574	0.0792424088671778	0.885590206655916	0.936323096018777	1	UP
REPIN1	-0.620297873222935	0.318808839917736	0.487472917749572	1	DOWN
MRPL23	-0.00483795291245833	0.985228033952773	0.991885907666959	1	DOWN
ZNF891	0.149729384769672	0.299942520850391	0.466674135315353	1	UP
ELP1	-0.0889161321948853	0.254503012824792	0.415714144719235	1	DOWN
GTF3C1	-0.145468943218341	0.0167183102034644	0.0481747359422261	1	DOWN
NR6A1	0.0856338042019899	0.854354264656994	0.917460020409712	1	UP
DNAJC10	-0.11944328141755	0.0577179395316152	0.132857907641187	1	DOWN
IL4R	0.246731117538292	0.283471694061339	0.449024383523009	1	UP
RTF2	-0.0399471539844559	0.741599384305017	0.847315994828574	1	DOWN
DCLK1	1.64549220623806	0.00632388709855611	0.0209553984089049	1	UP
ESPNL	-0.853604675278366	0.145656690769127	0.275422274187961	1	DOWN
HES6	1.0491071807372	0.0689994576722723	0.153307374357627	1	UP
H3C11	-2.09721716853221	3.21015110953272e-14	4.8272522043556e-13	1	DOWN
CLN3	0.119616763645548	0.400244208288775	0.571195837841308	1	UP
PVR	0.0499358671468725	0.772661211247744	0.865640495652992	1	UP
PARLP2	-0.722065524404183	0.166572745760228	0.304663048852178	1	DOWN
PET100	-0.0656325335585957	0.659517751641378	0.791388443823761	1	DOWN
RPP30	-0.647169686234419	1.43972102527463e-07	1.16361345281005e-06	1	DOWN
TNRC6B	-0.573203334897504	0.0243497259078432	0.0657592766014282	1	DOWN
KIAA1328	-0.261343180701778	0.279743025630047	0.444971542474387	1	DOWN
FOXRED2	-0.525388516549486	0.000429082511324009	0.0019364994913002	1	DOWN
EIF3D	0.0962205384293344	0.370359030331828	0.540502761798146	1	UP
SGSM3	0.0319726198224988	0.783981580438319	0.873081211205617	1	UP
GRK2	0.264307785325861	0.0169571535003469	0.0487560336716102	1	UP
OLFML3	-0.401941073089665	2.07728415361155e-05	0.000122625953038564	1	DOWN
ERBIN	-0.845305465868481	1.02008634438211e-15	1.70923470374008e-14	1	DOWN
AGMAT	-0.795410386650955	0.0471660352758093	0.113221989330684	1	DOWN
PCDHB2	0.621968344761047	0.333346073401825	0.502995103553281	1	UP
MARCHF2	0.0925962801527797	0.618934609432792	0.759529894778641	1	UP
HNRNPM	-0.432303541247318	1.20165691920961e-11	1.47914345310886e-10	1	DOWN
RTEL1-TNFRSF6B	-1.04627539291738	3.82642863404781e-07	2.93345995706233e-06	1	DOWN
TXLNG	-0.0163110765425408	0.878812309904523	0.932610207468765	1	DOWN
BAHCC1	-0.61393498057062	0.0135736932410169	0.0403774065512423	1	DOWN
CELF6	2.33597633655911	0.0143150954905278	0.042209231775886	1	UP
FLI1	-1.05070600289132	9.49753082652071e-12	1.18114301182488e-10	1	DOWN
ABHD17B	0.566577006610211	3.99691315015061e-05	0.000222751222263118	1	UP
IQCE	0.0699047916731925	0.585083254461865	0.732657217818612	1	UP
VIPR2	0.175355522702154	0.0931709686622354	0.195671220482192	1	UP
POLR2J2	0.19959648528177	0.300873666348654	0.467820674887497	1	UP
ZNF500	-0.0868668891237507	0.659942989045937	0.791635771121676	1	DOWN
CRISPLD2	0.840139738834992	3.54346716967699e-42	1.8895440615868e-40	1	UP
TSC2	-0.0297414798493236	0.730662803265815	0.840535597038234	1	DOWN
USP10	-0.237353589802672	0.0507939003766651	0.120275774085942	1	DOWN
PDGFRB	-0.77363496864637	2.66611999159651e-36	1.15699999995679e-34	1	DOWN
DIMT1	-0.036143873673183	0.693902964887289	0.816491864576233	1	DOWN
NOSTRIN	0.0513448652414661	0.916035511170885	0.952964449782626	1	UP
SPATA18	0.17356821087783	0.152013372697719	0.284626230740443	1	UP
RNF14	0.105803771222033	0.28792985424623	0.454113972620494	1	UP
DNASE1L1	-0.158199612460101	0.565482577384174	0.716320891109633	1	DOWN
KLHL42	0.498346788295434	1.2449200851198e-10	1.39914057766795e-09	1	UP
WDR74	1.28828909684321	0.0723509601911	0.159527574873602	1	UP
BCCIP	-0.264836379378402	0.00909920605207605	0.0287604170294294	1	DOWN
RPL32P27	0.972109253477755	0.0426192208568302	0.104158694503983	1	UP
DAZAP2	0.342228055779721	0.000235733503041586	0.00112987888970281	1	UP
PLGLB1	0.288721023401753	0.149695585882056	0.281225333642924	1	UP
CCBE1	-1.53885784992538	6.43920383774413e-17	1.17047716552504e-15	1	DOWN
SLC20A2	0.910738532424747	2.49735996343458e-43	1.43782266261327e-41	1	UP
FSIP1	0.552779919007708	0.0658612098542221	0.147857751064683	1	UP
NUTM2B-AS1	0.213347504836786	0.0410698532122887	0.10105575494139	1	UP
CCN2	1.99361400536394	0	0	1	UP
MTCYBP32	-0.0278923017386605	0.949133512594324	0.970389608126972	1	DOWN
LSM14B	-0.0189673222490133	0.852116421648222	0.91638346415323	1	DOWN
FBN2	0.277668392296875	1.93439401018337e-05	0.000114706310386376	1	UP
HTATSF1	-0.113380568459484	0.188705604737213	0.334645480310133	1	DOWN
SLC39A8	-0.273570661869333	0.0729712050574241	0.160821547092395	1	DOWN
SIPA1L3	-0.407149794980313	8.58436535999463e-06	5.41241988731599e-05	1	DOWN
ZNF574	0.027600413061124	0.868090589609989	0.926222262606203	1	UP
RPL38	0.0795844069843114	0.268848835839455	0.432717461438152	1	UP
PRICKLE3	0.191995634733964	0.451710247422405	0.61973462313692	1	UP
XRCC4	-0.288867452685434	0.176126539167582	0.317594786312794	1	DOWN
PACSIN3	0.266122339983353	0.060197864317653	0.137580157718552	1	UP
DDN	0.919401573949633	0.180068454843178	0.322986234555708	1	UP
PSMC3	-0.203626258974311	0.00997631816143686	0.0310639460786305	1	DOWN
TTC7B	-0.0338749314315287	0.715859250466155	0.830447300994333	1	DOWN
SLC39A13	-0.0836762623222518	0.355352292958553	0.525823877282823	1	DOWN
ENTPD1-AS1	0.343711785056279	0.173191729445981	0.313908651978411	1	UP
GNAI1	-0.193019215691646	0.0231682766444158	0.0630992773819172	1	DOWN
STYXL1	0.0474863238526507	0.791659766640264	0.878359706390664	1	UP
SPSB3	0.406902810130856	0.0978850973061419	0.203472028361775	1	UP
PPIB	0.233077593920657	0.00916848656294161	0.0289603932942228	1	UP
CIAO2A	-1.34268481183183	3.11238211152605e-15	5.09943694939489e-14	1	DOWN
DNAH1	0.151942352878823	0.195690278506342	0.343861893810208	1	UP
NPIPB11	0.428325975006824	0.235663101923387	0.393752744351355	1	UP
DOCK11P1	0.824198429508031	0.127683429376784	0.248907761759599	1	UP
TGFB3	-0.049384769563477	0.764515973547028	0.860974153189534	1	DOWN
JPT2	1.46607360095542	8.16289860850419e-24	2.11401519339595e-22	1	UP
DOK6	0.884442165516973	3.6432703077592e-05	0.00020517887458078	1	UP
TAS2R30	0.125734525378833	0.568082125373442	0.718711770657219	1	UP
LINC02482	-0.42029679293712	0.512684035804693	0.67291525898398	1	DOWN
CDS2	-0.00976161516525942	0.900363777766811	0.943247567964926	1	DOWN
HM13	0.159870177440694	0.106613927237277	0.216825516145023	1	UP
SNPH	-0.0527263137328722	0.750304760760271	0.852141944180028	1	DOWN
TLK2P2	0.980179807768959	0.0125105809189405	0.0376568225077295	1	UP
ASMER1	0.276804253634534	0.41885388176496	0.588112849337878	1	UP
BDNF-AS	-0.91474614338868	0.170975238147811	0.310826917407726	1	DOWN
FAM111A-DT	-0.523951941156898	0.0803959108699923	0.17407870961676	1	DOWN
NDUFB6	-0.141455206597518	0.302545856286289	0.469158726171602	1	DOWN
DYRK4	0.128771654488799	0.517702236437164	0.677089615481708	1	UP
ADNP	0.604110500434329	0.373907480302277	0.544801068546905	1	UP
PLAGL2	0.791163792947491	4.16046519157381e-14	6.16293079355173e-13	1	UP
IARS1	0.174076868395125	0.000793687419454793	0.00338036454422081	1	UP
SYS1-DBNDD2	6.20411147464123	2.66719497281866e-05	0.000154483505219248	1	UP
COX10	-0.119111364160411	0.54060627628113	0.695332789616104	1	DOWN
MUL1	0.211253484309641	0.0716430281351413	0.158135542932783	1	UP
TK1	-2.05193118535225	3.89302348331795e-48	2.65368313006734e-46	1	DOWN
IL15	-0.30111536958623	0.032903809428797	0.084083633962077	1	DOWN
NAA15	0.173810957012461	0.00636629910772374	0.0210717792958579	1	UP
SRSF5	0.231589073030635	0.0191594796856245	0.0539925196834945	1	UP
CAMTA1	-0.0456731054279962	0.728895915483706	0.839371653092281	1	DOWN
RPL4P6	0.534437597015814	0.019275121458256	0.0542337967666	1	UP
INSIG2	-0.0533051937978614	0.731887954755763	0.84136246731879	1	DOWN
ANKHD1-EIF4EBP3	-0.270574736954116	0.188809857691939	0.334743130107497	1	DOWN
STX16-NPEPL1	0.391156179624852	0.441899122359351	0.610213494239368	1	UP
BRK1	-0.0390886620414234	0.524745527428485	0.682608481129628	1	DOWN
NEK5	1.1737290664875	0.175826322962811	0.317172162418622	1	UP
ZNF785	0.623608083868516	0.000155271357982363	0.000775873580291538	1	UP
ERFE	-0.569225656470068	0.41841650448221	0.587727148743431	1	DOWN
PSORS1C1	0.0145071329491905	0.961422057945511	0.97765886703051	1	UP
TRAPPC6A	0.279926717243862	0.543365938516479	0.697537636803912	1	UP
TYW1B	0.379223655543261	0.0825067921907158	0.177532110474692	1	UP
PATJ	0.923874157808402	3.5054270768289e-20	7.79337333650068e-19	1	UP
CFLAR	0.515594594153392	7.00075895835843e-07	5.20143792839268e-06	1	UP
CASP10	-0.479231191888213	0.309935059771397	0.477389847447928	1	DOWN
BHMT2	-0.821048739499203	4.82655458107008e-18	9.43823278092608e-17	1	DOWN
AP3B1	0.0885452821702152	0.503450096741832	0.664355524428474	1	UP
ZBED3	-0.891437723270919	2.7924996814854e-06	1.91616395523008e-05	1	DOWN
MFSD2B	0.033596558569068	0.952230969945676	0.972143394326031	1	UP
NFYC	-0.426157419375471	0.0034367558386079	0.0122962512066657	1	DOWN
KDM4A	-0.000340205324775737	0.996417773781138	0.998282948482476	1	DOWN
SMPD4	-0.329844246721398	0.000947764850180573	0.00394020421460284	1	DOWN
FMN2	-0.421802676270093	3.54316023352437e-10	3.81252483504547e-09	1	DOWN
MEMO1	0.135840403736444	0.206296214856035	0.357071098441078	1	UP
DCAF4L1	1.47213343992693	0.0163085534078353	0.0472010625468912	1	UP
HOXD11	0.114733761162803	0.356618182730691	0.527324993670357	1	UP
HOXD10	0.352056907466027	5.02933588035802e-06	3.30208690627232e-05	1	UP
RPL22P2	-0.157589439109833	0.194274973731346	0.342165465617511	1	DOWN
ZNF195	0.223945510139845	0.445803020043133	0.613826809561802	1	UP
H2AC14	-3.46858011099163	6.51948665326134e-28	2.07061761815999e-26	1	DOWN
ST3GAL2	0.422850063917769	7.06919938241158e-06	4.52622952039122e-05	1	UP
TMLHE-AS1	0.163122626735828	0.714528740487333	0.829858119469016	1	UP
SMIM13	0.612676387425402	2.05837150048134e-12	2.69678391237134e-11	1	UP
CSRP1-AS1	-0.433591310002134	0.558184785764286	0.710672758308422	1	DOWN
TTPA	-0.061125378590174	0.871883929195526	0.928352097023618	1	DOWN
GGH	-0.384800591674559	4.21995778362976e-05	0.000234188210181389	1	DOWN
TAF4	0.0603768984571291	0.631525964526793	0.769362815155681	1	UP
CEP85	-0.0455384746963938	0.778313074623442	0.8693308271281	1	DOWN
ZNF384	-0.0742213107789176	0.536422445177674	0.691500870970797	1	DOWN
EMG1	-0.423828063979897	0.000440189886056982	0.00198476881229624	1	DOWN
KHDRBS1	-0.0782679379178394	0.270486635292063	0.434538384929787	1	DOWN
TMEM39B	-0.394179334079977	0.0332710085754162	0.0848419525186765	1	DOWN
SPEG	0.373863813115234	3.75697809724679e-06	2.51818601499598e-05	1	UP
CARS1	0.461522656559161	7.89170535730247e-09	7.51766869600382e-08	1	UP
ZCWPW2	-0.528141498448356	0.240631616221385	0.399625279835197	1	DOWN
CRACR2A	-0.466437433654415	0.00242076005061357	0.00906514731573379	1	DOWN
MKRN2	0.415081131861239	0.0224395775361168	0.0614971240232171	1	UP
FAM50B	-0.477369381936978	0.0216179898905322	0.0596983703244947	1	DOWN
MYLK4	0.405533162091148	0.409015728882625	0.579638919756045	1	UP
THBS3-AS1	0.0555461437748454	0.927306162211582	0.959366829941793	1	UP
MRPS22	0.0727632651400671	0.510543689690676	0.670898141285801	1	UP
PACS1	0.296840542496417	7.70234306694052e-06	4.89174204574948e-05	1	UP
ST7-OT4	0.0243835519218184	0.909898299843272	0.94888819936414	1	UP
DUSP6	-0.356561261705445	0.0192517761434462	0.0541892125144022	1	DOWN
ZNF141	0.413658966231706	0.0143627773298224	0.0423066643280195	1	UP
LIG4	0.203992594374501	0.103126693543198	0.211778293078408	1	UP
ZFP92	0.433304913877132	0.0464468597325523	0.111774116568712	1	UP
NDUFB4	-0.00763200236483567	0.939981562857554	0.965220122761575	1	DOWN
HDAC8	0.310307449229627	0.00690021925784689	0.0225752928447239	1	UP
IKBKE	-0.570668956261178	3.89438749430135e-05	0.000217540756397947	1	DOWN
RNF10	0.199754218517031	0.0434021676391981	0.105714600464192	1	UP
CPXM1	-0.774037930968473	6.30903600094157e-05	0.000338802970084008	1	DOWN
EBF4	0.39925651793579	0.217010997834028	0.370345130043583	1	UP
PLP2	-0.162219418088096	0.0587248011817045	0.134724893138087	1	DOWN
DNASE1	0.267061427998104	0.0290133512147217	0.075968823773137	1	UP
TRIM2	-0.454276548626494	3.65332617275485e-08	3.1746371931738e-07	1	DOWN
FMO5	0.371167331198221	0.301427100687201	0.468378820648467	1	UP
RPL37A	0.375683942467742	0.0331323762909521	0.0845392264197997	1	UP
VWA1	0.40897821466998	0.160771204701996	0.296955692236144	1	UP
WBP2	0.0521766429396497	0.761039989535954	0.858598554827393	1	UP
H3-3B	0.0301645894854272	0.86707859413349	0.925554200311941	1	UP
UNK	-0.509154169886341	6.0086416723204e-05	0.000324358912240202	1	DOWN
SWAP70	0.0796650774249185	0.231990561043935	0.389281885467476	1	UP
LINC00174	0.267555798565173	0.598342618953887	0.742775464865787	1	UP
SELENOS	0.298705081920178	0.000146814084303904	0.000736926131391357	1	UP
SNRPA1	-0.14464360997222	0.342662115167518	0.512524589425586	1	DOWN
PPP2R5C	-0.0996081104417247	0.134315441329267	0.258282427498235	1	DOWN
MUTYH	-0.46652165701653	0.140356224033965	0.267266806366429	1	DOWN
NASP	-0.740280483205922	4.80076227537661e-14	7.07194858730555e-13	1	DOWN
ASPM	-2.36768671157109	1.45815448039923e-190	1.00341859029758e-187	1	DOWN
PAIP1	0.300658161138904	0.00303724465408404	0.0110390398632214	1	UP
PTCD2	-0.460641212253879	0.00356906503248777	0.0127286670247978	1	DOWN
BLID	-0.00368713091590952	0.986526238064161	0.99250143875419	1	DOWN
RPL19	0.0870915218686416	0.0838864599367952	0.179858046371903	1	UP
BFSP1	-1.63389202923018	7.77455659548842e-08	6.48298426782476e-07	1	DOWN
JADE1	0.346045339634757	0.0571240979763054	0.131869063874695	1	UP
IFI44L	1.49715401669523	0.000780211933032224	0.00333082500568646	1	UP
GSN	0.317672964284441	4.71991540398036e-05	0.000260135383306332	1	UP
GSTT2B	-0.247659221500276	0.63599432383628	0.773632489373576	1	DOWN
RABGGTB	0.263712229878862	0.00445667145793519	0.0154555697716874	1	UP
MRRF	-0.13327125501944	0.276976687728715	0.441592024974367	1	DOWN
FNTB	-0.310003213908789	0.0191162804626501	0.0538918004225042	1	DOWN
ZNF329	0.353004926006494	0.0506859416121225	0.120056145260905	1	UP
ZNF101	0.728050211430012	0.0383556372743441	0.0954721042466647	1	UP
MDGA1	0.390478850195521	0.0150504032570521	0.0440359136399392	1	UP
RNF8	0.0873397236726603	0.612741440677113	0.754107184400014	1	UP
PCDHA13	1.37945549625478	0.163150570870471	0.300151355779653	1	UP
ALKBH6	0.0579902024030201	0.772416893984863	0.865619070171054	1	UP
LOC100631242	0.0620920011948066	0.878916228324483	0.932610207468765	1	UP
FAM98A	0.420932466325158	2.19206439147198e-06	1.53031509764066e-05	1	UP
TAS2R63P	-0.00205119701158571	0.996958178774516	0.998570385962086	1	DOWN
ATF6B	-0.278571819129986	0.00326098376388419	0.0117225065601718	1	DOWN
NCKIPSD	0.110645144265956	0.556469657721566	0.709068250042708	1	UP
HPS4	-0.213024428771713	0.0629592619266497	0.142672776243063	1	DOWN
SH3BP1	-0.0238859998994677	0.884350731800562	0.935576625347087	1	DOWN
LGALS1	0.20219609812459	0.00578467304847929	0.0193843378208469	1	UP
MAN2B1	0.109586106846599	0.270017772396366	0.434185693657493	1	UP
ATP6V0B	0.418229203115141	0.0390773540096418	0.0969287406099097	1	UP
B4GALT2	0.0434246239599191	0.640852305960413	0.778035509823904	1	UP
ERI3	-0.152190998998865	0.196030020823573	0.344129959875304	1	DOWN
ZSCAN23	-0.840688859858847	0.0347930367800542	0.0879318248528442	1	DOWN
HAUS1	-0.503063127908963	0.00960238874122954	0.0300809291980015	1	DOWN
ARK2N	0.194701943361646	0.0126167288281088	0.0379131520679976	1	UP
NMRK1	-0.162551558266533	0.553132817458371	0.705936796351755	1	DOWN
PINK1-AS	-0.8398674210324	3.74482079200299e-07	2.87547318093705e-06	1	DOWN
FRAT2	-0.543125237296568	0.0244092633190134	0.0658831274230599	1	DOWN
FBXL22	1.41227155985913	0.0115148163965221	0.0350908080443148	1	UP
ZNF786	0.0655738072085584	0.797897587861942	0.881867536687795	1	UP
ZNF517	-0.213966374270765	0.667477447003385	0.797430273366891	1	DOWN
ANO4	0.392447907855865	0.000558440416077331	0.00246940711527953	1	UP
QTRT2	0.270824278023641	0.099011643206325	0.205311702679667	1	UP
TEX9	-0.162852548547089	0.585997873084915	0.733372760366338	1	DOWN
TONSL	-1.21171637156668	3.77085378656857e-09	3.71456087728033e-08	1	DOWN
PARN	-0.675995443213723	7.97680863943247e-08	6.64014180002527e-07	1	DOWN
CYB5B	0.193099449603494	0.399892100754356	0.570806079415369	1	UP
ARMC5	0.490595192778843	0.0291533315964206	0.0762602562336627	1	UP
STARD4-AS1	0.233587027600596	0.752177714806744	0.85334108785816	1	UP
TDRKH-AS1	-0.20800854857484	0.861003679904462	0.921451838724682	1	DOWN
SNHG12	0.427764142943228	0.0376907217812676	0.0941356067164013	1	UP
LEKR1	0.432864069021441	0.448015622002843	0.615893621914296	1	UP
PPP1CB	0.180869971815434	0.00475448463219591	0.0163712746001147	1	UP
C1orf122	0.263104062247953	0.135998947320515	0.26075637358747	1	UP
SNORD17	0.484657514212792	0.00521965513964183	0.0177564115873268	1	UP
LINC02154	-0.312795767453135	0.057664073790292	0.132755062982876	1	DOWN
ACTN4P1	0.346384818911666	0.349864565161146	0.519779256825714	1	UP
EVA1B	-0.223948079565974	0.20767135837108	0.358763753714343	1	DOWN
RPS7P10	0.0626834712478573	0.713006580962202	0.82868251773039	1	UP
PDE4B	-0.124532242311752	0.389742111379079	0.560191292176156	1	DOWN
STING1	-0.276612403916073	0.0214202773054085	0.0592769872348637	1	DOWN
CCDC85A	-0.0890973742171692	0.736307016314813	0.844489867375312	1	DOWN
RASA3	-0.202057462499457	0.00956399353823053	0.0299933312979534	1	DOWN
MED12	-0.109791028317095	0.246228096991023	0.405624276690178	1	DOWN
ZNF93	1.03197287025815	2.15001609661295e-08	1.921452233281e-07	1	UP
PRKCI	-0.37434164837379	0.089464286468906	0.189289663801195	1	DOWN
NAP1L4	-0.186169557530948	0.0310154970758245	0.0801081230103199	1	DOWN
PLEKHN1	0.28902064512905	0.498326304174538	0.65958173856258	1	UP
RCAN1	-0.755913594606207	8.08871477208158e-34	3.21126420800415e-32	1	DOWN
SLC26A6	0.164671597625693	0.178268457915208	0.320377749699375	1	UP
SPDL1	0.293825106365767	0.0120535820905542	0.0364940948649903	1	UP
ABCG2	-0.959465253008968	0.0324149480414938	0.0831081392770858	1	DOWN
UMPS	-0.186316269685933	0.0848917914729607	0.181555613227136	1	DOWN
HOXA10	-0.237370058687145	0.0631356755151301	0.143005273803941	1	DOWN
DYNC1I1	-0.205967092175385	0.658821322912623	0.79114400344111	1	DOWN
ATMIN	-0.0290398945582691	0.691396528386083	0.814359053851763	1	DOWN
C16orf46	-0.557107402221508	0.353727884225116	0.523882645738458	1	DOWN
AKIP1	-0.143171559476569	0.226046707241651	0.382424513589024	1	DOWN
PRTG	1.07621228988229	0.0250962942746526	0.0674352079886584	1	UP
CENPN	-0.962007536285138	2.62209584727434e-12	3.40286271235474e-11	1	DOWN
RPL37P18	0.0882143400053653	0.894257410771468	0.940066903630049	1	UP
TAB3	-0.83848646403269	5.59984788965017e-14	8.19062771794885e-13	1	DOWN
LURAP1L	0.762737500839491	1.26013891179202e-17	2.40558354218051e-16	1	UP
PPP1R12BP1	-0.609520790613604	0.57478888713912	0.724805777316529	1	DOWN
HAUS6P1	-0.482782755842617	0.0732110341441696	0.161175815733553	1	DOWN
PARG	0.143425380773553	0.191485582399932	0.338283392574745	1	UP
PDIA4	-0.353473042306332	2.41118083327329e-09	2.41468982824895e-08	1	DOWN
KDM8	-0.00694499945364141	0.98487456897526	0.991668227164262	1	DOWN
HOXB4	-0.576590484327786	0.130642262487576	0.253173036771887	1	DOWN
PAQR7	0.187554697634473	0.0770049498371907	0.167767002879126	1	UP
PITPNM3	0.21355024168834	0.607584997936476	0.750231380605965	1	UP
AIDAP2	0.0240038325700301	0.926054505506371	0.959161377636894	1	UP
CHKB-CPT1B	-0.435666429130185	0.293355438626707	0.459895583247711	1	DOWN
ZNF699	0.668356820705862	1.70257477021491e-05	0.000102133283538297	1	UP
TDRD7	-0.0570452846941043	0.575698625202981	0.725618115811866	1	DOWN
CFAP119	0.0515895418058174	0.924022649952179	0.958005243878852	1	UP
CAPNS2	1.61972131671585	8.58007942880475e-08	7.11772260767264e-07	1	UP
FMO3	1.53945105094008	0.0018716009175093	0.00722782064642622	1	UP
AK9	0.22428515159695	0.509698663943888	0.670031419326219	1	UP
NRIP3	-0.0335159469636726	0.808677544721702	0.888481654282165	1	DOWN
PTPN2	-0.000155101317555328	0.998929257468479	0.999551772585306	1	DOWN
SCUBE2	-0.0298500991408231	0.944119407070022	0.96775922482401	1	DOWN
NSUN2	0.151014924678759	0.0662064551716304	0.148540519125172	1	UP
ZNF445	-0.135371210917407	0.0748578285838307	0.164053758092954	1	DOWN
TNFAIP2	-0.834750200625023	0.000249893016433805	0.00119024521439846	1	DOWN
SLC2A11	-0.313975174472521	0.0646135415952885	0.145690480510768	1	DOWN
ATF7	0.118912241660324	0.110986395661411	0.22390959147048	1	UP
ZNF433	0.991489525844289	0.00209921564997699	0.00798940357066565	1	UP
PDCD1LG2	0.510813012480507	2.10944409481218e-08	1.88869743581975e-07	1	UP
NIFK	-0.121049058615236	0.332818031110055	0.502513150932129	1	DOWN
C1QTNF6	-0.314762579007149	0.309075583076905	0.476421466778065	1	DOWN
CBS	0.541448111940436	0.0480861495571639	0.115051121278086	1	UP
HSF2BP	0.114020304570076	0.821575684024269	0.896112175246035	1	UP
PDXK	-0.187754600494181	0.00159331122543887	0.00624998385418488	1	DOWN
EXTL3-AS1	-0.504301293720219	0.346194229966093	0.516024014155751	1	DOWN
ZNF440	0.318941108024134	0.233817559737784	0.391756238350228	1	UP
ZNF439	0.184910524137348	0.456604814785158	0.624256970526047	1	UP
GAA	0.146110964027987	0.282898449895341	0.448329074414458	1	UP
CAB39	0.281769551989045	0.624254722820474	0.763556610888833	1	UP
MCRIP1	0.384512186873205	0.037941696417518	0.0946152640085509	1	UP
SEMA4G	0.547702895846785	0.0143731545670988	0.0423286033521795	1	UP
DAAM2	-0.133931395180302	0.495847681323241	0.657384847963501	1	DOWN
JMJD7	-1.33348748088174	0.0759691527407722	0.166023348470445	1	DOWN
SVBP	-0.0803098345702154	0.683984919410305	0.808462789988412	1	DOWN
AGBL5	-0.138659696017002	0.235967381864357	0.394124437739462	1	DOWN
UBXN7	-0.0728279058116227	0.213607968832886	0.366000564098178	1	DOWN
PIGX	-0.595889659255125	1.02780815722162e-06	7.49009363591005e-06	1	DOWN
DUS2	-0.0803782598417768	0.657990688307491	0.790409263236206	1	DOWN
NSUN3	0.0549637674433087	0.696915756288975	0.818452871255006	1	UP
ATP6V1H	0.170774762867008	0.143863843642242	0.272562347159663	1	UP
SYT15B	1.58258293355314	0.00945833550533108	0.0297329576653338	1	UP
CDH10	-0.561405923772955	0.000654628399546219	0.00284255859430361	1	DOWN
SOCS7	0.27085330960452	0.0238151457641957	0.0645568695251158	1	UP
EPN1	-0.273670109803147	0.000210768737588534	0.00102071683206833	1	DOWN
U2AF2	-0.356883611468876	7.95237320289763e-09	7.57047069532765e-08	1	DOWN
ISOC2	-0.0715472846250915	0.601961938786947	0.745667064753143	1	DOWN
PNMA2	-0.893448788289641	0.00215499492547165	0.00818444984704095	1	DOWN
IKZF2	1.2755759795879	1.13663687064911e-31	4.23338644787379e-30	1	UP
ZNF596	1.07833668157432	0.00676169847121852	0.0221873988663894	1	UP
NSUN7	0.702547444783723	0.0860607960007624	0.183563541037661	1	UP
PTPN11	-0.315074547204295	9.75168128693343e-11	1.10526702962725e-09	1	DOWN
FBXO30	0.355598354114344	0.000713221860188839	0.00306336837515329	1	UP
INTS6-AS1	-0.40168243002028	0.277917744747694	0.442701645651337	1	DOWN
ADH5P3	-0.712625450909232	0.00191810784576677	0.00738964982116118	1	DOWN
MYH9-DT	1.08518062173025	0.161788904492701	0.29832990415006	1	UP
LDB3	2.30033783264648	2.64245574662691e-15	4.36412891365777e-14	1	UP
BRMS1	0.185369414498807	0.173589069377172	0.314274071857869	1	UP
PABPC5	0.0517710738133646	0.929226677249262	0.960601953854288	1	UP
EEF1B2P3	0.0238907989225102	0.85769831990049	0.919615253607511	1	UP
RPL15	-0.179757409454059	0.124856515126072	0.245083061679824	1	DOWN
ALMS1	0.370886695030154	6.35221882719819e-07	4.74958958797506e-06	1	UP
FARSB	-0.602420492933906	2.79013303146742e-11	3.33224896179634e-10	1	DOWN
BCL9	0.342846854276013	0.0150709874621297	0.0440782918063623	1	UP
PPP2CA	0.275785103892235	3.13907393308876e-06	2.13773597582779e-05	1	UP
NEK2	-2.83880637483147	7.7187741248791e-34	3.08132610161956e-32	1	DOWN
FGF1	0.594861287263405	5.29430512649387e-10	5.59678152033379e-09	1	UP
ATXN1L	0.259608427650666	0.000200211428699462	0.000973832162953862	1	UP
OAS1	1.20623567906841	0.00210526924552563	0.00801033329833883	1	UP
TASP1	0.195679788329878	0.258247160327199	0.419978585852842	1	UP
NR2E3	0.734109454500508	0.308817129858322	0.476175452793706	1	UP
HAGHL	-0.386261947369673	0.284406758314574	0.449963002452804	1	DOWN
SLC7A5	1.46988325742061	1.21273293002653e-48	8.63310520778985e-47	1	UP
ZNF559-ZNF177	0.235963940576281	0.57999221206468	0.729203711201209	1	UP
C1QTNF3-AMACR	2.4938687081475	0.017614790495733	0.0503663113284206	1	UP
TAPBP	0.0893018036843637	0.136686308553896	0.261831103514363	1	UP
ETV4	0.149335464859879	0.490394597808417	0.65321781119615	1	UP
MRPS35	0.114486727953562	0.170070538753956	0.309669001846149	1	UP
PTGIR	-0.358563453094083	0.163763298097078	0.300895539834822	1	DOWN
VWA5A	-0.108596345936177	0.849856073286619	0.915078616724904	1	DOWN
STK10	0.07340085693244	0.625442653831215	0.76465920393527	1	UP
LOC102724428	1.81007992177299	1.03635493036082e-24	2.8418150092304e-23	1	UP
UBXN4	-0.339638715497704	7.23363718990071e-06	4.61719483353601e-05	1	DOWN
THSD7B	0.293051665998525	0.239302450833881	0.397914573407471	1	UP
SPOPL	0.0425203268961045	0.906360567169732	0.946716050319465	1	UP
P3H1	0.0893617667009093	0.344634059333584	0.514388224688042	1	UP
MRM1	-0.38470736592438	0.213159166305064	0.365621734394597	1	DOWN
NPM1P39	-0.0941135300183983	0.612658297252671	0.75406907874954	1	DOWN
MIRLET7A1HG	-0.0344150758134518	0.819708762531764	0.895026911384989	1	DOWN
ZNF875	0.289724708202298	0.25129218892258	0.411676082567671	1	UP
RORA	0.268729597816087	0.412936759849986	0.582197582910241	1	UP
LINC01191	1.65439145712532	0.00129671399580291	0.00523430557356085	1	UP
RAB7A	-0.545229429483343	9.79046570675856e-09	9.19311370554698e-08	1	DOWN
PPP1R3F	-0.843300621851035	0.00157946594193798	0.00620578094805485	1	DOWN
ARHGAP10	0.0265448210342391	0.792921578766231	0.878922277728834	1	UP
MTMR6	-0.995747953218714	5.40507500592232e-30	1.84218723845716e-28	1	DOWN
ADAP1	0.474475971127607	0.436980824059518	0.605795269424798	1	UP
NLK	0.408611517023083	4.00652526992784e-08	3.46488908891246e-07	1	UP
PGGHG	0.398157685325716	0.0450188000924777	0.108972643238927	1	UP
H2AZ2	-1.01468086095225	2.33301588748153e-33	9.18648844414049e-32	1	DOWN
FOXL2NB	-0.254449336831801	1.5710812435583e-05	9.46381619452313e-05	1	DOWN
WSB2	-0.947088047821063	1.82714820963411e-48	1.26335496542692e-46	1	DOWN
ANKEF1	-0.231980928942146	0.570276651514145	0.720688053435147	1	DOWN
ACTA2-AS1	-0.480328130203296	0.0974195534516396	0.202766810734502	1	DOWN
DMTF1	0.271357262909702	9.35762417811998e-05	0.000487831987727315	1	UP
LRRC59	-0.12784206860626	0.0340970465539393	0.0865512769631085	1	DOWN
VAT1	0.127723775608251	0.0203990073873738	0.0568536269537008	1	UP
SCAP	-0.0786528537604991	0.471443639016807	0.637130087667809	1	DOWN
COL1A1	0.410472820102464	3.62334556710907e-10	3.89300868329317e-09	1	UP
MRPL27	0.189665183900224	0.33589324418142	0.505624299131844	1	UP
PTGES3L-AARSD1	0.266384472895606	0.678622154258333	0.804865688307068	1	UP
SF3B1	-0.0419464888234375	0.447579526359678	0.615463352236078	1	DOWN
ST3GAL5	-0.191075926740159	0.141819969493366	0.269627730449761	1	DOWN
CHST10	0.403887718549253	0.0352165213807547	0.0888312009902751	1	UP
ZFPM2	1.46038626886629	7.96903820909466e-35	3.30921181493181e-33	1	UP
THTPA	-0.0422346671582389	0.937357178857437	0.964247479475286	1	DOWN
LOXL1-AS1	-0.702792542776171	4.50463186040199e-08	3.88171944034998e-07	1	DOWN
PPME1	-0.250610320488872	7.67999427325333e-05	0.000405938541487871	1	DOWN
DMAC2	-0.285538704904682	0.0881740262780046	0.187038184378621	1	DOWN
AGA	0.0544567670245728	0.562649360789602	0.714234532042387	1	UP
ZNF330	-0.182862116056471	0.108125127855798	0.219255568446197	1	DOWN
COCH-AS1	1.01140034343528	0.00582896324982771	0.0194986916489028	1	UP
MRPS34	-0.39268078634447	0.102742546785522	0.211109418967379	1	DOWN
SSRP1	-0.678879564372842	5.14458806879938e-23	1.29519934115366e-21	1	DOWN
SERPING1	0.192989578508793	0.0303044604074706	0.0786604857511786	1	UP
ADGRA2	-0.186358072566928	0.0197441131624442	0.0552895548341301	1	DOWN
BTN3A2	-0.1486068385614	0.558881408903719	0.711224035027323	1	DOWN
C22orf39	0.555069476934685	0.0861847464638042	0.183749744931902	1	UP
SUMO3	-0.656304932159411	7.10043097071945e-17	1.28743196935843e-15	1	DOWN
TLR3	-0.360730810758924	0.51987159710338	0.678834774531575	1	DOWN
IMMP2L	-4.40065080414621e-05	0.999867485209242	0.999961303034791	1	DOWN
NSA2	-0.074979842858019	0.348307738294633	0.51815885588797	1	DOWN
GFM2	0.384681018478687	0.0025052558745902	0.0093476510828048	1	UP
SDR39U1	0.155780310625042	0.468718368841187	0.634218085030336	1	UP
KHNYN	0.0953127081431682	0.318162976461648	0.486588334516592	1	UP
FKBP3	0.237101997524586	0.0853025222488109	0.182326098065015	1	UP
LMAN1	-0.25239517411678	0.000649629586739634	0.00282424703910182	1	DOWN
HACD3	-0.0429515077343942	0.935509218311854	0.963681631946494	1	DOWN
PPT2-EGFL8	-0.719852125641763	0.204495149485643	0.354590761365134	1	DOWN
ARL6	0.0497042431891088	0.839628567810763	0.908126070910361	1	UP
UBTF	-0.323403259036727	0.000398484415326483	0.00181084851757327	1	DOWN
CBFB	0.352580593382222	0.00252778292352812	0.00940983797730677	1	UP
NSRP1P1	0.0168538271068169	0.964712070485922	0.979350483357363	1	UP
SGSM2	-0.241340246325819	0.0341123743225524	0.086559775475892	1	DOWN
NORAD	-0.23896624472237	7.17692424116623e-06	4.58707351654548e-05	1	DOWN
SNHG17	-0.404137368849822	0.0947666202945499	0.198330547411519	1	DOWN
ZNF700	0.136278234587903	0.312249555524394	0.480033864562023	1	UP
S100A2	-0.0269702419031083	0.950988725372824	0.971520544548763	1	DOWN
PPP4R1	-0.0677373118034524	0.350186170844294	0.520096644899372	1	DOWN
JAZF1	0.025088592941174	0.697851872308891	0.819091732191016	1	UP
CMIP	-0.0625272357939829	0.763741441493897	0.860354444256504	1	DOWN
RGS11	0.937935919070923	0.206464459537003	0.357276721921833	1	UP
WBP4	0.337913869001569	0.00045304751082689	0.00203638867152703	1	UP
HNMT	-0.220057077107807	0.0779200062601915	0.169428530012944	1	DOWN
IGF2R	0.327993708221049	4.38532997210274e-14	6.47317706096596e-13	1	UP
CHST11	-0.476128468041275	0.309763765185147	0.477227736747394	1	DOWN
MAN1A1	-0.203062628104677	0.00992895729614759	0.0309431446811794	1	DOWN
ZNF833P	-1.69221380996996	0.0452471207300512	0.109397045619871	1	DOWN
RPAP1	-0.0396967939253118	0.777251868058523	0.868749844946532	1	DOWN
PGAM1	-0.181381459703509	0.00174586761113935	0.00679491862337052	1	DOWN
ELOF1	0.131145472936096	0.668996397392118	0.798386897242836	1	UP
LDLR	0.0145664818015637	0.868298545748801	0.9262491912609	1	UP
H3C15	-3.24669785890009	3.48502738843722e-81	5.72296940798935e-79	1	DOWN
ST20	-0.110426772163489	0.599377161185469	0.743740284757961	1	DOWN
PITPNB	-0.00411703573716356	0.963563149735383	0.978764674395971	1	DOWN
HGS	0.00176248710308413	0.982769394748213	0.990235279244485	1	UP
HS6ST3	0.000990364149231673	0.999018121869073	0.999571479549261	1	UP
DERL2	0.22830002522105	0.129472474449229	0.251479398960458	1	UP
THUMPD1	0.199017990468499	0.0364333235257819	0.0914376447153655	1	UP
EVC	-0.524409023973993	4.57339531674114e-11	5.35397932310475e-10	1	DOWN
C1QTNF9B	-0.288254207928468	0.647657755854388	0.783462076929159	1	DOWN
LOC124902453	-0.574378357463354	0.0334694226019086	0.0852743344872189	1	DOWN
PLEKHA5	-0.171615634347861	0.0194262937801214	0.0545423297875528	1	DOWN
ZNF525	0.412551099225906	0.118747900302311	0.236204529562106	1	UP
ZNF345	0.206865184455534	0.454805624504444	0.622687723809814	1	UP
CDC42BPA	-0.375800341411348	5.60337729325209e-07	4.21451825173034e-06	1	DOWN
GUK1	0.234586858329375	0.0849474844936254	0.18164783936333	1	UP
ITPKB	-0.546295695249431	1.79689711718087e-05	0.000107257167453039	1	DOWN
CNIH4	0.0651847505558003	0.773679408695055	0.866296550847393	1	UP
DUSP18	0.100368744577732	0.666664356644388	0.796854145398515	1	UP
ARL17A	2.29340038409248e-05	0.999937986358669	0.999961303034791	1	UP
RN7SL801P	0.776345068517465	0.295644080371052	0.462330531055855	1	UP
BCAP31	0.188819044332825	0.0705369227700481	0.156099398307805	1	UP
CISD2	0.349676005379175	0.194008248765254	0.341779008034461	1	UP
NCOA4	-0.28621929657036	2.82971250710272e-05	0.000162787322612028	1	DOWN
IRF2BP2	0.0335439402977398	0.619508858351318	0.759847437789416	1	UP
NT5DC2	-0.830213093359398	1.97305256084547e-16	3.47714421424121e-15	1	DOWN
NTHL1	-0.26352193631665	0.344403978581133	0.514204142419253	1	DOWN
VN1R83P	0.483176277292986	0.220696214689092	0.375563000291106	1	UP
JAM3	-0.262239613171296	0.214666534531806	0.367378741179433	1	DOWN
TFG	0.303929464479159	1.41841615549858e-06	1.01272390628014e-05	1	UP
GNAI2	-0.492677870270625	6.44292448899828e-15	1.02427614731039e-13	1	DOWN
LOC124900275	-0.158783284463512	0.209684467800963	0.361334395920787	1	DOWN
DES	-0.43016650573611	0.000265339411587366	0.00125609975248699	1	DOWN
BUB3	-0.954970796801797	5.77224713542321e-31	2.08536858385002e-29	1	DOWN
XKR8	0.155196537129678	0.572140154641302	0.722537566610282	1	UP
FAM234A	0.33755051442126	0.0132433343782621	0.0395003973375161	1	UP
CNNM4	-0.0616956721380959	0.712157903235093	0.828084364048821	1	DOWN
OVCH2	2.03440890307986	1.59358132201197e-08	1.45017907332462e-07	1	UP
AUNIP	-1.11055239726782	0.000585061562011424	0.00257452029008133	1	DOWN
ZNF154	0.38938324713687	0.049710255008646	0.118249036235382	1	UP
PRXL2B	0.702223901178274	0.164875404511854	0.302477398832145	1	UP
TNFRSF14	0.1873455029047	0.2350835082564	0.393147989562925	1	UP
DLGAP4	0.193534860205418	0.0325879294671692	0.0834239448591784	1	UP
KBTBD6	-0.354371040280298	0.00655964526631542	0.0216176587784548	1	DOWN
DSTN	0.164909072328284	0.00470137587766712	0.0162030963053107	1	UP
CCDC174	0.153583946866776	0.353223149604095	0.523423680776126	1	UP
MKKS	-0.666050143447112	0.00308005927330483	0.0111609670407543	1	DOWN
PCDHGA5	0.100991954468508	0.740801440126497	0.846873001445139	1	UP
TMEM240	0.160056165595532	0.681342319065495	0.806857154209249	1	UP
REXO5	-1.53738028696423	3.67001890537954e-07	2.82103421285318e-06	1	DOWN
SLC4A8	-0.0731626584720361	0.569501300343112	0.719834102270472	1	DOWN
UBE2Z	0.601588947825573	0.00228200808465064	0.00861026079145859	1	UP
CIART	0.0596916420926488	0.84729317614829	0.913092410942963	1	UP
CHML	0.168454392547066	0.0335473948009253	0.0854261501794135	1	UP
FAM98C	-0.0654356351096742	0.859046527607657	0.920396841200343	1	DOWN
SLC16A5	-1.11777345600093	0.000183712883106978	0.000901778150060781	1	DOWN
NANP	-0.302229013246749	0.0162602347866874	0.0470800747149709	1	DOWN
RELL2	0.324468476379722	0.155557859971215	0.28961177975316	1	UP
EMC4	0.0587815268424962	0.590791457321027	0.737073931602017	1	UP
L3MBTL3	0.555345405757445	3.91451814998528e-08	3.38937697935514e-07	1	UP
DMD	1.29973692790245	1.62479270388646e-59	1.51483092670085e-57	1	UP
EPC1	0.485563387460855	7.52725667386196e-09	7.18470186221791e-08	1	UP
MFAP3L	2.00161842116957	3.10304771527384e-05	0.000177031751020222	1	UP
ZNF570	0.240408649502848	0.40361934209498	0.574436162981025	1	UP
EXOSC10	-0.242435901702969	0.00216351037468962	0.00821296717822909	1	DOWN
PSMC2	-0.227336952411999	0.00057253890643974	0.00252633885098036	1	DOWN
NFXL1	0.0781374232501603	0.511005507748422	0.67132187204295	1	UP
HARS1	0.22978848294687	0.00181286739042649	0.00702352457347271	1	UP
KCTD12	-0.492266318453055	1.84741054095471e-05	0.000109954405796279	1	DOWN
TMA16	-0.196514094469871	0.0623188019812664	0.141465442574816	1	DOWN
SUZ12	-0.247173247037199	0.00205508844880236	0.00784211332813385	1	DOWN
YTHDF2	0.409849231245581	0.0718080100115868	0.158475496743653	1	UP
NBR2	0.0748125615175991	0.799592824938913	0.882941301133825	1	UP
CALM3	0.743918264026714	0.000553220315906202	0.00245157521777385	1	UP
TSPAN15	0.579186743187158	0.0878300357144759	0.186487194550381	1	UP
MACROH2A2	-0.0340262913296305	0.831078634131666	0.902529231220994	1	DOWN
DDX42	0.236763378737095	0.0873611148141832	0.1857371590672	1	UP
LINC01354	0.0948631935963323	0.879962462181536	0.933172197914829	1	UP
EXOSC1	0.102848013352063	0.537545339980426	0.692464584422993	1	UP
RPS27AP5	0.00802888755267013	0.95763510002676	0.975367622800737	1	UP
CHD7	1.20582975019396	6.75883910692641e-07	5.03983405233197e-06	1	UP
PRR5L	1.72947471811527	3.40267571659616e-11	4.04043276750461e-10	1	UP
PHF21A	-0.000457624436483431	0.996194713537283	0.998128669855597	1	DOWN
CORO6	1.0511877830852	1.99186573962052e-13	2.81098162141173e-12	1	UP
KMT2D	-0.159062250019321	0.0384739949791669	0.0957114307873887	1	DOWN
DDIT4L	-0.832955347478817	0.0266217910768531	0.0708512687238563	1	DOWN
TP53I13	0.216236629475586	0.164987673852083	0.302507748324575	1	UP
HNRNPUL2	-0.712664676669407	1.31188495751158e-18	2.69290476150566e-17	1	DOWN
CSKMT	-1.16906277468332	0.0807364931112207	0.174580736488142	1	DOWN
IP6K1	0.229994813749553	0.0674899646792432	0.150834747847161	1	UP
PRDM8	-0.5003587860127	0.0093981813173594	0.0295502868183552	1	DOWN
LINC00595	-0.793996677233874	0.163727465657031	0.300895539834822	1	DOWN
RAP1GAP2	-0.105269745197368	0.378562975776334	0.548762520106711	1	DOWN
PRKAA1	0.163875515281561	0.0397026337983318	0.0982604488816052	1	UP
CARD6	-0.206774110403613	0.0658287845077543	0.147807918726159	1	DOWN
THUMPD2	0.473371036062638	0.0828356663799825	0.178133662925168	1	UP
NRBF2	0.385353819416505	0.000696442034599082	0.00299710656402363	1	UP
RN7SKP56	-0.359899781705444	0.61571993488174	0.756612991409526	1	DOWN
METTL21A	-0.317464461449902	0.252331965816864	0.412821152272105	1	DOWN
ZDHHC11	-0.196115898483736	0.72476014982548	0.836742743878566	1	DOWN
PDCL3P6	-0.296167478587216	0.591443952348985	0.737569602640247	1	DOWN
NHLRC3	-0.234537134489263	0.0351903894731454	0.0888117915257464	1	DOWN
RPS3AP25	0.138716189166658	0.759614026566458	0.857667155273467	1	UP
SLC25A46	-0.083930358202103	0.450594387955028	0.618456094482458	1	DOWN
BPHL	-0.279793848595595	0.290195130015184	0.456621278729249	1	DOWN
LCLAT1	-0.362515338898115	0.139742206168299	0.266237919754527	1	DOWN
WASF3	-0.111905589331339	0.247803995868389	0.40744288818911	1	DOWN
RN7SL683P	1.29150756425504	0.0431072534237558	0.105173547058365	1	UP
EFNA3	-1.02756610765347	0.213279601047536	0.365713139987463	1	DOWN
FAM27B	-0.69148035962111	0.386358871801061	0.556623381023988	1	DOWN
LINC01138	0.669027011622077	0.296646622153408	0.463342016508744	1	UP
COL4A6	-0.54700563102786	0.000949395740135315	0.0039458492495529	1	DOWN
SEC23A	-0.0621614772092737	0.403700619520755	0.574436162981025	1	DOWN
GMPR2	-0.122519482209121	0.585121925876728	0.732657217818612	1	DOWN
UBE2M	-0.0431401949204162	0.67748420982933	0.803935319120024	1	DOWN
CHMP2A	0.337656149319263	0.00195528163321943	0.00750677416310704	1	UP
FIBCD1	-0.0312025078485856	0.915924846027141	0.952917922961714	1	DOWN
EVI5	-0.313195264360743	6.12509720376053e-05	0.000329783083798597	1	DOWN
TLNRD1	0.48373332036293	0.000617121041717982	0.00269752455349866	1	UP
MAN2C1	0.0307524793530453	0.731670266492867	0.841292729240008	1	UP
PDGFC	0.581282953957707	2.99113642276952e-19	6.40369073265812e-18	1	UP
CBR4	-0.295311174325852	0.00649824915043993	0.0214348775332133	1	DOWN
RBM41	-0.128754460630726	0.217030550614167	0.370345130043583	1	DOWN
BAZ2A	-0.0609649781061262	0.440238371443098	0.608967618045775	1	DOWN
LYPLA2	0.92986067825196	4.63674695552494e-11	5.41678498417873e-10	1	UP
AKT3	0.2453135738101	0.00019107417432201	0.000934104496998433	1	UP
ORC1	-2.59324443480515	8.4790086762288e-18	1.64029657804796e-16	1	DOWN
MINAR1	0.930672663413809	2.04352687588964e-08	1.83308546762763e-07	1	UP
CWC25	0.0686808032376447	0.537952530649554	0.692803851743758	1	UP
GRAMD1A	0.376533767155511	0.0052712699362229	0.017894085470603	1	UP
ZNF566-AS1	-0.298789141843759	0.626480142278677	0.765344875819525	1	DOWN
EFNA4	0.503062492658638	0.1551583905595	0.289054260922436	1	UP
SLC31A2	-0.0488075748778128	0.641435136280492	0.778612276723174	1	DOWN
STON1-GTF2A1L	0.288011331423097	0.540071527967152	0.694851642686371	1	UP
SRBD1	-0.771467758503743	5.98003767790199e-10	6.28034334908152e-09	1	DOWN
RWDD2B	-0.373404348386405	0.00175419360806186	0.00682364786812973	1	DOWN
USP16	-0.0692642250161774	0.462983700703426	0.629582898171188	1	DOWN
HSPD1	-0.141588826390258	0.016717205176629	0.0481747359422261	1	DOWN
TBX19	0.148509912044727	0.734211016658225	0.843073770498849	1	UP
UCK2	-0.247400181281021	0.00267516400571357	0.00989981947415283	1	DOWN
GFAP	-3.3477756961138	0.00347200105747863	0.0124131339143057	1	DOWN
OPLAH	0.119619740064017	0.689899920848021	0.813192802298104	1	UP
SAC3D1	-0.162915347252965	0.630183551060849	0.76823447522832	1	DOWN
NAALADL1	-0.0745399182799662	0.806209454719083	0.886916323853949	1	DOWN
KAZN	-0.0448249237301477	0.823033628762354	0.897296036910206	1	DOWN
MAP4K2	-0.0278422811607844	0.858817750043162	0.920339288533462	1	DOWN
SF1	-0.120879034476373	0.0794052609570024	0.172114208203036	1	DOWN
SLC35E2B	-0.0317039198737008	0.772437330832432	0.865619070171054	1	DOWN
ANXA8	1.01527197470186	0.00104466038950757	0.00429974004237365	1	UP
KIZ	0.174685518747817	0.294435743874809	0.460835149435164	1	UP
DHRS12	0.0426169241467076	0.903358744627819	0.944639793346847	1	UP
ABCC9	0.702141574472308	1.75852721381453e-18	3.5492285987198e-17	1	UP
DNAAF5	-0.310344511521378	0.0155368575714884	0.0452362054375109	1	DOWN
FCF1	-0.524989909755821	0.00190469322833594	0.00734580246668873	1	DOWN
FCRLB	-0.732185433176936	0.0305640628302161	0.0791374367037018	1	DOWN
ZNF41	-0.511246153405822	0.669334365512311	0.798710241327159	1	DOWN
NDUFB11	-0.0181492511851344	0.860611834848602	0.921373657237898	1	DOWN
KRABD4	0.0787986647113619	0.614195841652899	0.755498743243712	1	UP
DCAF15	0.124384855682501	0.46686144087115	0.632890683117166	1	UP
FUNDC2	0.34434593471201	0.0615855572896819	0.14024155190564	1	UP
ZNF20	0.486961581357001	0.0148747065751728	0.043601295074609	1	UP
LINC00847	-0.135188385211523	0.702971362755187	0.821889202288678	1	DOWN
EEF1A2	0.579923771921763	0.362123468530273	0.532679788653397	1	UP
GMEB2	0.0946490393435571	0.453837245829336	0.621885268298856	1	UP
SNX25	0.262469783534847	9.24708734082581e-05	0.000482417542102071	1	UP
ZC3H6	-0.408340061193506	0.15612496938036	0.290293609433297	1	DOWN
ZNF626	0.13323327543953	0.408567027408861	0.579468261172387	1	UP
TXNRD1-AS1	-0.446041254369629	0.117922784410563	0.235081110662512	1	DOWN
ZNF224	0.249645120671222	0.109982006414057	0.222162423076536	1	UP
PABPC3	-0.333934594599211	0.212319349434512	0.364700691629399	1	DOWN
SEMA3D	0.598997010900961	0.00307014074589758	0.0111411418426688	1	UP
TJP1	-0.0179660302204063	0.860925347918492	0.921451838724682	1	DOWN
GABPB1	0.616432101615295	9.29246934571019e-11	1.05653402450714e-09	1	UP
MTARC1	1.05926782002295	3.69627794910143e-05	0.000207517143133119	1	UP
TNFSF10	-1.37923596814791	0.0806072896587275	0.174379632164412	1	DOWN
POLR3GL	-0.362692891412846	0.00660731641893302	0.0217450078729221	1	DOWN
MAPDA	-0.409378308256075	0.05433479260379	0.126848479469688	1	DOWN
CHTF8	0.134940189616173	0.376859301046442	0.547666307262886	1	UP
SNTB2	0.331438249119195	1.18451608334038e-08	1.09586696032982e-07	1	UP
LCMT2	-0.196436922745022	0.265309851528163	0.428235526017367	1	DOWN
ZNF695	-1.43340140121236	0.0996224916405223	0.20622326696708	1	DOWN
TSR2	-0.499062421100693	0.000125779763913823	0.000639339911473323	1	DOWN
SCARNA9	0.162659701917072	0.203529333282359	0.353448494512557	1	UP
TNFRSF10A	0.484533820512718	0.00613466271888632	0.0203891469527659	1	UP
GSR	0.00710152655789361	0.927078880135319	0.959274338130572	1	UP
SC5D	-0.753729957577523	0.0178499496191342	0.0509580446357385	1	DOWN
SLC1A1	-0.378428704572728	0.000194333295336427	0.000948433114119117	1	DOWN
LIMK1	-0.0200582543455018	0.827494803969652	0.900122499974817	1	DOWN
EIF4H	-0.152950474045829	0.0438703666972814	0.106585519358173	1	DOWN
SPATA6L	0.897105316687072	0.05786385633238	0.133162776812294	1	UP
RMND1	0.0853577727901347	0.454339687678974	0.622396703635307	1	UP
BLM	-1.92486201737863	6.05279046212509e-13	8.27254434974356e-12	1	DOWN
FITM2	0.0136794309260568	0.912157910959971	0.950581011572344	1	UP
RN7SL535P	1.50546690661631	0.0138220253816045	0.0410148026261944	1	UP
COMMD4	-0.154984823947567	0.236398037772013	0.394570113634022	1	DOWN
UBE2Q2	-0.437414977918334	0.0286794339353825	0.0752308041024165	1	DOWN
KLF16	-0.427102233306608	0.0027202322685681	0.0100511573799738	1	DOWN
LINC00857	-1.45453093069398	0.000136850559715754	0.000690512373761299	1	DOWN
ZNF180	-0.0488448320021443	0.813746203316419	0.891677766463874	1	DOWN
ZNF226	0.102552552334295	0.36642683499112	0.536497891839582	1	UP
SORBS3	-0.296422332253492	0.00667919343659493	0.0219565569500076	1	DOWN
SERPINB6	-0.282071511108854	0.00134686912903389	0.00540446135298878	1	DOWN
H1-3	-2.32064328053985	1.20122686141226e-49	8.72308008757215e-48	1	DOWN
ABCC10	0.281836215231175	0.0144355998030607	0.0424778767570821	1	UP
PTK2B	-0.54362991033526	0.00367838687796648	0.0130637426329549	1	DOWN
ROR2	-0.155024136851592	0.404664748649504	0.575571878221849	1	DOWN
HPS6	-0.0334632232502238	0.850740427888255	0.915757908634128	1	DOWN
NOX5	-0.538409571461164	0.497704336355789	0.658934724033481	1	DOWN
PPP1R26-AS1	0.540231840238957	0.192936380800823	0.340324989380789	1	UP
XYLT2	-0.230539121273877	0.018332222172537	0.0520981204749916	1	DOWN
HEBP2	0.124940145708958	0.16954733789715	0.308981783563546	1	UP
TWSG1	-0.457390437708805	4.27120434405928e-10	4.56532351893496e-09	1	DOWN
TRMT61A	0.159614177766679	0.424237059027444	0.592676889018329	1	UP
BTRC	0.250366811071541	0.00959444280012449	0.0300692459129471	1	UP
BRD7	-0.0349800598830954	0.695226301972817	0.817670325531796	1	DOWN
CKB	-0.554853237286876	0.00996584009422852	0.0310380075865725	1	DOWN
RPS4XP6	-0.50376709758056	0.398561278610349	0.569450199481626	1	DOWN
POLL	-0.0171067317191587	0.901256391463739	0.943393246316034	1	DOWN
LOC728877	0.528727243063892	0.527797308403237	0.685467682550119	1	UP
LINC01291	-0.422181372881562	0.378679637365558	0.548876573678002	1	DOWN
TAS2R20	-0.0160469527314947	0.958523671492582	0.975878933122397	1	DOWN
LOC100419928	0.264403337035048	0.508540959843034	0.669240088397385	1	UP
MED20	-0.597595828937159	0.000340440353300183	0.00157078657265037	1	DOWN
STAU2	0.146996988147324	0.127202725704496	0.248355742358589	1	UP
LAMB1	0.283403499467525	2.19292817293799e-10	2.40805509324672e-09	1	UP
CCDC170	0.176853541079004	0.563514118733255	0.714767184219632	1	UP
COL11A2	0.76993365106806	0.0676569961750109	0.151054644685249	1	UP
LINC02731	-0.721729993184237	0.449435520750774	0.617317052596658	1	DOWN
DUSP2	2.83191196501113	6.3144307984795e-11	7.29415183603735e-10	1	UP
TLN1	0.0894870338820161	0.0621486640041161	0.141173712328638	1	UP
APTX	0.00333268495622264	0.974869490359364	0.985025800949739	1	UP
RNF38	0.904378474396637	0.047833342636205	0.114538464695244	1	UP
UBAP2	0.0398804399197592	0.577325587556233	0.726989549126448	1	UP
IL11RA	0.478085994263724	0.00466954819876483	0.0161126172445918	1	UP
TMEM220	-0.219354528116588	0.457650909268826	0.625053820682934	1	DOWN
PLK3	0.183971470468383	0.0975741334783625	0.20294240110763	1	UP
NET1	0.132966742089992	0.108758417595531	0.220161556853247	1	UP
ARHGEF6	0.222910196105314	0.146427303407854	0.276387272929323	1	UP
CAP1P2	0.44004740527946	0.0176106114846261	0.0503643274419814	1	UP
NR2C1	-0.00304776249123266	0.976275730843667	0.985525262557981	1	DOWN
CHST3	0.283736616981847	5.16461813742696e-05	0.00028224446474205	1	UP
SRGN	0.0233435033029763	0.690803876305195	0.813992728024003	1	UP
PLAU	-1.17852406526213	1.51553778935353e-29	5.05797611869466e-28	1	DOWN
TRNP1	-0.966290794178009	3.56554821484639e-16	6.16336570008914e-15	1	DOWN
ACTN1	0.387914226263029	5.95751648652357e-13	8.15265821465456e-12	1	UP
CDKL4	0.26744285407448	0.731130174289759	0.84087243522971	1	UP
UIMC1	0.0378382230167021	0.721262787610495	0.834438279061665	1	UP
FBXO27	0.0367628091732996	0.88680518527512	0.936511380620488	1	UP
DMKN	-0.285185043208494	0.272929713593594	0.436729851748536	1	DOWN
DNAJA4	0.589480630116455	1.27490093708336e-05	7.80660739058968e-05	1	UP
H2BC21	-0.979312784931878	2.47942518048194e-21	5.78839633007181e-20	1	DOWN
RNF138	-1.10113291156384	0.00132462632469715	0.00532763011917576	1	DOWN
USP32	0.331800749717114	1.32938364600848e-06	9.51978348288828e-06	1	UP
KCTD10	0.507093993646447	4.84075141531318e-18	9.45320252739064e-17	1	UP
PARL	0.0600616644754094	0.595828338375874	0.740481193487251	1	UP
DDIT3	-0.0496755205431064	0.80305017647672	0.88499032260086	1	DOWN
VPS37D	0.314079886946373	0.463354944418678	0.629850653917253	1	UP
BIRC5	-2.58716623390994	5.99266712214974e-17	1.09068051111065e-15	1	DOWN
KRT8P46	0.518945080964181	0.0604845553129899	0.138126154998106	1	UP
ATP5PO	0.0554123478405384	0.560734342143147	0.712680033272702	1	UP
PLEKHO2	0.0174966031793026	0.873377800534438	0.929479929647564	1	UP
HNRNPKP4	-0.341915159364714	0.000817143876298161	0.00346698360434079	1	DOWN
RASIP1	-0.201776271049015	0.638342184809117	0.775704920339434	1	DOWN
CCNJL	0.911141459501685	2.30860116718484e-05	0.000135231436834163	1	UP
ZNF841	0.818602787167108	3.16681961711349e-08	2.77020038056338e-07	1	UP
KIFC1	-2.57821876247055	1.21111721529985e-62	1.22390593554532e-60	1	DOWN
EYA4	-1.24102107264387	0.0354155170944617	0.0892241348556601	1	DOWN
KRAS	0.308418926437321	0.000319720936907023	0.00148371459834406	1	UP
IPO8	-0.141429457149132	0.0791780462900116	0.171673210343129	1	DOWN
LARS1	-0.175338098841768	0.00747942952896307	0.0242452301756495	1	DOWN
ZP3	-0.0515906789145629	0.920712807351608	0.956109570209693	1	DOWN
FLNB	0.560433450759006	2.63935239584001e-16	4.61200501478646e-15	1	UP
MFSD1	0.274569321138865	4.63683556580724e-05	0.000255849220166019	1	UP
PPIG	-0.199571006630088	0.0102618105144509	0.031839859341509	1	DOWN
SCART1	0.294797944496244	0.27972775624865	0.444971542474387	1	UP
ANG	0.182499580863794	0.678665362632822	0.804865688307068	1	UP
CDK15	-0.609052611405313	0.0196251059216394	0.0550363682657891	1	DOWN
KCTD21	0.645639809543014	0.399699750475426	0.570702867166451	1	UP
ZNF292	0.342905501494829	0.0172711926882453	0.0494784483296604	1	UP
LRRC66	0.0836933455930525	0.797433925604197	0.881624792204594	1	UP
SUV39H1	-1.26383811550148	0.000250536419224693	0.00119291657140561	1	DOWN
WDR13	-0.152290181023071	0.228062576907027	0.384655963921971	1	DOWN
SLC17A5	0.573423579666545	6.47435203102268e-14	9.45059204043523e-13	1	UP
BTN3A1	-0.0293459819783349	0.901189314887262	0.943393246316034	1	DOWN
ETNK1	0.0562418161699819	0.477197837973108	0.641696964029142	1	UP
SPECC1L	-0.0516601229625126	0.85332757330349	0.917003584855691	1	DOWN
CNTN4	0.75398965991491	0.00738437437308126	0.0239747459144905	1	UP
SNHG7	0.0216715384986655	0.894225720747556	0.940066903630049	1	UP
C12orf76	0.56248878881223	0.061796696203206	0.140589429602099	1	UP
RPL13AP25	0.11835363706076	0.531310380096074	0.687804918280782	1	UP
KIF9	-0.113245259730042	0.763889699995424	0.860354444256504	1	DOWN
TMEM40	-0.611707500612768	0.369893136567739	0.540111033324263	1	DOWN
ERO1B	0.710802807458313	0.000135359866810959	0.000684272963017811	1	UP
GABARAPL1	-0.555911130275381	0.372734115152767	0.543365348337803	1	DOWN
CPNE8	-0.256117372073866	0.0105321932907201	0.0325563048650687	1	DOWN
KIF21A	0.423439394393261	0.000161936744692398	0.000804450978875849	1	UP
RNF14P4	3.76915266166412	6.77630958691063e-05	0.000361478220156683	1	UP
VPS52	-0.217530134299812	0.0587899106987145	0.134810767605918	1	DOWN
MAP3K2-DT	-0.0595759354952967	0.893983673705038	0.940066903630049	1	DOWN
MED15	0.0242553051107566	0.729604576131932	0.839786707860086	1	UP
DCP1B	0.00149643607567314	0.991395294520057	0.995252059820031	1	UP
KLHL22	-0.661815149502645	2.05854075403767e-05	0.000121618857058865	1	DOWN
GLIS3	-0.0872782279320756	0.337193463400271	0.507106123384048	1	DOWN
ZDHHC5	-0.0599762407827564	0.383806794475397	0.553665784509827	1	DOWN
TEAD4	-0.0937690275130417	0.576551095259318	0.726204120769843	1	DOWN
H2BC12	-0.903599669809814	2.89313448338057e-18	5.7272173177168e-17	1	DOWN
SDCBP2-AS1	-0.611517559110671	0.0220890840673788	0.0607092723198347	1	DOWN
PDE4D	1.13298982618872	7.06330882330421e-08	5.92511037952113e-07	1	UP
LNPEP	-0.0607040243041241	0.339897182432451	0.50966466350494	1	DOWN
KCNE1	1.31575836421096	0.025500032134911	0.0682662031088549	1	UP
WDR59	0.120772320428217	0.249586880972326	0.40930322479926	1	UP
SEC11A	0.199645398496126	0.00977338234824319	0.0304977646975734	1	UP
CLK1	0.176793260930962	0.128348933467914	0.249960838780122	1	UP
PPP2R5CP	-0.131275468896293	0.61108527948963	0.75268571821145	1	DOWN
XRCC5	-0.274146523223115	2.51918458328102e-07	1.98390934130758e-06	1	DOWN
RPL7AP42	-0.431612869505826	0.298718677612851	0.465521795555194	1	DOWN
TEN1-CDK3	-0.129950726320666	0.647553043231787	0.783462076929159	1	DOWN
INTS6P1	0.184862768612905	0.628105516979808	0.766747155421119	1	UP
RN7SL608P	4.38863441903188	0.000677493077038932	0.00292426895349152	1	UP
C1orf226	-0.397877971402832	0.278853425414462	0.443947433145796	1	DOWN
GNA14	0.990569397137906	5.69727395523456e-13	7.81131934792169e-12	1	UP
CFAP70	0.2419912370692	0.571851011394334	0.722277948423642	1	UP
SLC4A2	0.0572296700722553	0.410014255181599	0.580267946491949	1	UP
DDX49	0.0644950403319913	0.656797508152073	0.789566657541437	1	UP
TMEM147	-0.0091773491994603	0.939153387402992	0.964858922320534	1	DOWN
ARMC6	-0.415799152086147	0.099404397603926	0.205889773509293	1	DOWN
ZNF469	-0.242803823042748	0.0319414078959103	0.0821326130789679	1	DOWN
GLUD1	-0.159889172122179	0.0385148469778945	0.0957965668980298	1	DOWN
DBNDD2	0.63466496976327	0.000556445310791486	0.00246360024088473	1	UP
CNPY3	-0.0330096443733991	0.748441625705206	0.850925443247941	1	DOWN
GPR180	-0.275342281320596	0.00520376301534912	0.0177106875494136	1	DOWN
ANKRD1	0.319373434532105	0.0102660931455463	0.031839859341509	1	UP
AMIGO1	0.492807237002538	0.0343478264764003	0.0870044593182227	1	UP
PROS1	0.809005347118885	4.66818610783533e-06	3.07895743698441e-05	1	UP
PTPN13	-0.150952793520563	0.0046812068776893	0.0161412838438292	1	DOWN
COX18	-0.26026786070459	0.0416062974780911	0.102114912509493	1	DOWN
CDS1	2.12908806654869	0.000714005433762548	0.00306482401933864	1	UP
WDFY3	0.390283721047438	5.31899577038192e-14	7.79561946022202e-13	1	UP
HDDC3	-0.333032613300227	0.212356901166417	0.364721842019954	1	DOWN
HHIPL1	-0.0637562821104981	0.626301151751709	0.765205065298781	1	DOWN
ZDHHC17	0.261596724187701	8.5459461901704e-05	0.000447779073220277	1	UP
C5	-1.27179395332596	5.54307539950179e-06	3.61965578844105e-05	1	DOWN
SEC61B	0.100978140640618	0.187633694794009	0.33335315016821	1	UP
LCMT1-AS1	-0.121880988727854	0.854416784629015	0.917460020409712	1	DOWN
ITGA4	-0.38645952231532	4.67679696845736e-11	5.45475326805305e-10	1	DOWN
PSMD14	-0.299141690842428	1.55775998878624e-05	9.39532120114773e-05	1	DOWN
ASB3	0.313322338182494	0.2376908615384	0.396178851221617	1	UP
DHX40	-0.11478912911335	0.220773683337181	0.375650594360721	1	DOWN
NDUFA8	-0.774512962000398	4.86752528629216e-12	6.1919549218493e-11	1	DOWN
DAZAP1	-0.201620425245381	0.0227975571736239	0.0623245362686415	1	DOWN
LOC105376292	1.01723969771742	0.000240452436328624	0.00114906685098709	1	UP
RASEF	2.5549508288736	1.95300749959325e-08	1.75624837440087e-07	1	UP
HGSNAT	0.159456094823912	0.037940989579008	0.0946152640085509	1	UP
OBSCN	0.378741717349484	0.000870522047394333	0.003662274849169	1	UP
LONRF1	1.35496686478901	4.46826941886908e-18	8.77322844729308e-17	1	UP
PHF7	-0.464269533385147	0.209641811694321	0.36130397385744	1	DOWN
ZNF493	0.431043780541547	0.174739843249609	0.315803586143084	1	UP
ZNF836	-0.264983088367023	0.501475465103313	0.662371973808924	1	DOWN
PROCR	0.222529890054216	0.191678650463521	0.338541698588162	1	UP
GIPR	0.380519637952318	0.271021536499168	0.435121900227694	1	UP
PPIA	-0.078306191080446	0.375745500560564	0.546267427424619	1	DOWN
ZNF471	0.472934126842534	0.00032853226090318	0.00152069817498778	1	UP
NINL	0.319032993837176	0.0383579708847924	0.0954721042466647	1	UP
BTBD10P1	-0.391917838468971	0.57807494482532	0.727679532027064	1	DOWN
GPER1	-1.19987910255278	1.05589329451239e-05	6.56853809685689e-05	1	DOWN
TMEM184A	0.629248912136041	0.0686089606585683	0.152627476982292	1	UP
ZNF225-AS1	-1.04111674927229	0.0343044945673238	0.086909931800911	1	DOWN
OPN3	-0.486798159521257	2.80735669450453e-06	1.92361837801256e-05	1	DOWN
ZNF566	0.565490225969355	0.0114626784725221	0.0349835621132876	1	UP
NDUFA13	0.467507226355254	0.0710029050102972	0.156938357342277	1	UP
TRMT5	-0.598711090341082	0.00228666221274784	0.00862331827672731	1	DOWN
CCDC137	-0.0456348634504477	0.952656294067706	0.972418220147291	1	DOWN
HMCES	-0.316358478150114	0.0231474565322701	0.0630663450882042	1	DOWN
MPHOSPH8	-0.286157751250697	0.00437257436390213	0.0152297112877199	1	DOWN
ZNF438	-0.631968972327234	0.018157690029711	0.0516732529774229	1	DOWN
GOLGA8G	1.95359348115049	0.000300765394929078	0.00140431687305981	1	UP
EFCAB14	-0.0531240496292044	0.42852388001475	0.597164762786225	1	DOWN
RRAGC	0.172072134256135	0.097407192509475	0.202766810734502	1	UP
NEXN-AS1	-1.94307892839271	9.65157415569674e-05	0.00050203873912708	1	DOWN
CIRBP-AS1	-0.223016890701513	0.732417677043363	0.84175026649862	1	DOWN
POC5	-0.237525607369208	0.195387483854535	0.343496901360327	1	DOWN
SMIM3	-0.398282234109521	0.0120396901162295	0.036459673484835	1	DOWN
SUPT16HP1	-0.435896000876009	0.12152687101156	0.240382712854366	1	DOWN
GDE1	-0.333348645874364	4.56389180759118e-05	0.000252113151802371	1	DOWN
VOPP1	0.0846172529834822	0.368375813175431	0.538533017318984	1	UP
CEP164	0.0743930491321495	0.473062987154364	0.638745728641714	1	UP
ZFAND1	-0.0430635812781914	0.826905318631338	0.89968444206757	1	DOWN
APOOL	-0.0509177396607918	0.680406402329643	0.80614519308565	1	DOWN
RMDN1	-0.378467322465225	0.000289827656205923	0.00136116329536295	1	DOWN
MEX3C	0.48119299497187	1.95731496736408e-08	1.75902727570761e-07	1	UP
PRRC2A	-0.157179283531381	0.00847390141003484	0.0271041056388697	1	DOWN
ZNF84	0.674271796238955	0.331260874032283	0.500894725399238	1	UP
MAK16	0.286773603260295	0.000541281465453505	0.00240362953801787	1	UP
ZNF667	-0.0207109411787741	0.938621357613008	0.964606429169472	1	DOWN
ZNF692	0.0738558993322415	0.705283925096546	0.823029756179107	1	UP
MORN4	0.236830229657331	0.114200522182397	0.22924144697534	1	UP
ZNF672	0.0109603819048044	0.957301402462327	0.975184165161645	1	UP
NAIF1	-0.199032088701572	0.473904692915722	0.639157225063194	1	DOWN
DUBR	-0.118997681130016	0.471409546595194	0.637130087667809	1	DOWN
LY6G5C	-0.772832543538108	0.228930970194349	0.385625533311404	1	DOWN
ABHD16A	-0.00391996390342635	0.982024461635604	0.989625906213118	1	DOWN
SPRYD3	0.687252944572919	2.19644641105565e-12	2.86987767506015e-11	1	UP
IGFBP6	-0.276176224278616	0.066419671255507	0.148880203088775	1	DOWN
OTUB1	0.268084131038782	0.16289681289122	0.299837198202907	1	UP
RCOR2	-0.444778004347799	0.421595485504583	0.590386164211804	1	DOWN
ANGPTL4	0.983374147449239	0.0188881342271533	0.0534048968336123	1	UP
CD320	-0.317267604600546	0.0801377385438217	0.173571711585247	1	DOWN
C18orf32	0.131252587483994	0.678777112495065	0.804865688307068	1	UP
LINC01684	0.285362333097228	0.523940414164795	0.682113777035626	1	UP
PROM1	1.1084947881147	0.0288780640525343	0.0756831526338725	1	UP
PPP3CC	-0.603119264537935	4.38873579480572e-08	3.7863654310888e-07	1	DOWN
PDLIM2	0.0865909140882976	0.33167378771794	0.501309267473272	1	UP
EPHX2	-0.293952481398608	0.417459993830151	0.586845223511855	1	DOWN
BZW2	0.123498387371648	0.258407643517902	0.420145010854771	1	UP
FBXO22	-0.0274003334491471	0.7617205551227	0.858964006404849	1	DOWN
GPRC5B	-0.569498669390782	6.74023790484587e-06	4.32903013168567e-05	1	DOWN
CRK	-0.108214533686723	0.546960119954478	0.700391252216446	1	DOWN
ANPEP	-0.412863655395402	1.03982807420118e-07	8.54752872598479e-07	1	DOWN
TMEM170A	0.314790573942848	0.0324553616821611	0.0831434908117196	1	UP
PEX11A	0.413629942688653	0.063261356131757	0.143222600260069	1	UP
DYRK2	0.193166030708027	0.0160159641509613	0.0464565832889486	1	UP
YEATS4	-0.491693267475077	0.0117367314229533	0.0356692966967609	1	DOWN
CALR	0.13046801286601	0.00493850580828146	0.0169347704092784	1	UP
LINC00311	-0.176291140846891	0.614941727272202	0.755902877693012	1	DOWN
TENT5B	0.118334300686439	0.674861223363806	0.801985970765391	1	UP
NEK1	0.100954135828316	0.242543388757376	0.401672531621916	1	UP
COX16	-0.292559818671186	0.181740189947248	0.325294784481123	1	DOWN
LTN1	0.127098240275263	0.111621219051355	0.225033236120415	1	UP
RUNDC1	0.745174529895304	1.52091825945712e-14	2.36077226288022e-13	1	UP
TSEN15	-0.0611964700189297	0.832072592787445	0.90301415764746	1	DOWN
CCDC152	-1.39881740476641	0.00737794299623562	0.0239646334543945	1	DOWN
SLC35D2	0.425665725280332	0.00363890641969846	0.0129330636180675	1	UP
HABP4	0.141592196497084	0.171766812112493	0.311860345460981	1	UP
DYRK1A	0.120888338752176	0.197937277159005	0.34650412988792	1	UP
SMARCC1	0.077414952160488	0.260287229500625	0.422440560816884	1	UP
KRT8P39	-0.408470070800233	0.561008370970199	0.712802947619118	1	DOWN
ZDHHC18	0.0470098628236366	0.888308547296868	0.937249209706443	1	UP
TLR1	1.19861202939768	0.00027222273102673	0.00128348798892896	1	UP
OSTM1	0.322248956498524	0.000763303041247513	0.00326249401037202	1	UP
PGLS-DT	-0.0912749909308284	0.703036557429048	0.821889202288678	1	DOWN
RN7SL648P	0.0473716447525955	0.840275436657782	0.908485735084663	1	UP
RNF145	-0.137771255039235	0.142710830898776	0.270964947749075	1	DOWN
C1QTNF2	-1.49557106119088	0.00029808395966446	0.00139540372565958	1	DOWN
FBXO38	0.146374808087633	0.0656303867193563	0.14749995621795	1	UP
TAOK2	0.00631081953608808	0.93589975232348	0.963786687768075	1	UP
ILF3	-0.54164213594238	1.03227386026555e-13	1.48579577238023e-12	1	DOWN
SLC44A2	0.179806701992016	0.00143883714473069	0.0057169743135835	1	UP
AP1M2	-0.165669595212278	0.531632783596497	0.688066436217423	1	DOWN
CDKN2D	-0.239994061392069	0.382985648226327	0.552841331945525	1	DOWN
ZNF624	-0.301206234542946	0.0392998039512567	0.0973830342508884	1	DOWN
OR2A20P	0.707822240269515	0.0141908210592971	0.0419026471450557	1	UP
PDE7B	0.0683070549837217	0.764736015811484	0.861006427129925	1	UP
GTF2H3	-0.0303757940457879	0.781644471739029	0.871882413885961	1	DOWN
FAIM2	-1.19216559628115	0.258609624932389	0.420331536373631	1	DOWN
PAN2	0.19421543516013	0.288105836791265	0.454224028744335	1	UP
WDR70	0.0685595267897287	0.581964055030759	0.730792714568083	1	UP
TBC1D25	-0.0685190795163961	0.66812092782715	0.797737381478158	1	DOWN
TAFAZZIN	-0.0697779293688203	0.772123476344162	0.865561737386509	1	DOWN
PHF12	0.137127383935636	0.340665927991867	0.510416104241625	1	UP
CLEC11A	-0.0563466961381383	0.732625375766012	0.841855065616622	1	DOWN
SUPT6H	0.0617783041277802	0.346604083170049	0.516421858530815	1	UP
RAB34	-0.0802791088736511	0.546106474442427	0.699688328944721	1	DOWN
HSPE1P26	-0.0635775721497707	0.913506765297971	0.951383089909055	1	DOWN
RAB40C	0.435427933547178	0.069994141935684	0.155064440458772	1	UP
PLEKHA6	-1.71164468732352	1.13492820518157e-27	3.56540162893019e-26	1	DOWN
TDP1	0.0905652228812181	0.532727744010262	0.688812245621863	1	UP
GPN1	0.114604336234562	0.342562394711443	0.512460576187895	1	UP
ZNF43	-0.403023943102281	0.118176150140951	0.235423703568636	1	DOWN
NFKBIZ	1.19064941185076	8.40585003664107e-26	2.4392156401506e-24	1	UP
ADGRB3	1.08971188738552	0.0217756606024373	0.0600833452840958	1	UP
ANKRD6	0.273688312964922	0.554839927163951	0.707740470248588	1	UP
ADHFE1	-0.151104566094679	0.676091341899359	0.803007806508395	1	DOWN
MTO1	-0.301661814665522	0.0505055583102882	0.119727005108592	1	DOWN
TRIM55	-0.683449365836204	0.00438484696158104	0.0152627304728817	1	DOWN
MAP3K4-AS1	-0.522136965467377	0.0846201150673777	0.181162264124248	1	DOWN
PYGM	-0.58891743562692	0.155659014551347	0.289725453282009	1	DOWN
PPP2R5B	0.3943083267593	0.00129926989750599	0.00524023145097936	1	UP
TSTD2	0.15143422538563	0.248162236991178	0.407590977662573	1	UP
GABBR2	-0.0558037950091196	0.760688262516445	0.858559199540863	1	DOWN
PIGK	-0.536908395646923	1.66645245474806e-09	1.6899582051624e-08	1	DOWN
B9D1	-0.160495616457937	0.394210107646112	0.565039701011105	1	DOWN
HSD3B7	-0.189876916662063	0.298650662971359	0.465521795555194	1	DOWN
OLFML2B	-0.0245120699388541	0.874933572427438	0.930228447259337	1	DOWN
SEC63P1	-0.199250124160933	0.377219126609132	0.547966577158525	1	DOWN
KCNMB4	-0.58886077869056	0.000112473512539662	0.000577185628448386	1	DOWN
PIGZ	0.704452876458252	0.000223933384102609	0.00107796846557855	1	UP
PLEKHO1	0.765956996144496	5.52551039416132e-09	5.34823514440892e-08	1	UP
GCLM	-0.142393633605712	0.147088064879502	0.277308496487108	1	DOWN
EML6	1.15588130926292	0.000129961207126465	0.000658740583719588	1	UP
TRIM37	-0.0924486746065847	0.317123051212021	0.48540887756222	1	DOWN
UCN2	-1.59305451003808	0.460043183040752	0.627149323272555	1	DOWN
DCAF1	-0.0427870034695514	0.670753490221838	0.799625366044859	1	DOWN
NAAA	-0.134483738234185	0.465393335345695	0.631634866909049	1	DOWN
TRPC3	1.55290740640488	5.0283350025657e-10	5.33904989875657e-09	1	UP
GRTP1	0.00919765904541452	0.978006023747207	0.9867461460009	1	UP
RAB20	-0.40109686992092	0.445088896262822	0.613328849041102	1	DOWN
BICRA	0.226031701410046	0.236961965895953	0.395191848720417	1	UP
ZNF599	0.168024508597682	0.545348363427124	0.699150922630001	1	UP
LPIN2	0.165433873623406	0.0237686682396788	0.0644851593201093	1	UP
METTL4	-0.0670532329520915	0.672605968561049	0.80083966470698	1	DOWN
MTCL3	-0.849094657525117	0.483144238821812	0.647088535429831	1	DOWN
MCOLN2	-0.479071191583409	0.0426883610993094	0.104292393279141	1	DOWN
KCTD20	0.945401682997925	0.0526233811503958	0.123632007966895	1	UP
ZNF24	0.172165117173734	0.0114944366440383	0.0350656753099003	1	UP
TCEAL1	0.578032710314291	0.350806495511707	0.520803849048662	1	UP
TWIST2	-0.726079273975436	4.16235586084457e-14	6.16293079355173e-13	1	DOWN
IDE	-0.0294761523294446	0.690709170235748	0.813947502167234	1	DOWN
IFIT3	-0.623510760234868	2.19341047802528e-19	4.73796335096313e-18	1	DOWN
COMMD3	-0.265052717224683	0.121646571273026	0.240546606659346	1	DOWN
AFG3L2	-0.248254330528991	0.000526422749488618	0.00234215983770321	1	DOWN
FUBP3	0.0603066860209683	0.458732081019381	0.625980859566674	1	UP
TMEM170B	0.536975121399423	0.000237174409253317	0.0011349031086489	1	UP
TAF4B	0.0477037680165053	0.930448971964866	0.960999099699515	1	UP
CNN3	0.0109255213950495	0.877773079022274	0.932104498973109	1	UP
TCF7	-0.437729510241672	0.310670049352107	0.478267059037744	1	DOWN
CCT7P1	-0.941787321036856	0.137392513452802	0.262808869395937	1	DOWN
NUP62	-0.271794170564045	0.0749571056203909	0.164196624726432	1	DOWN
SYT3	0.246068098008493	0.79145660499077	0.878359706390664	1	UP
ZNF611	0.0530005034646413	0.619124654885597	0.759664941633129	1	UP
JOSD1	-0.172405850164713	0.0387145204780849	0.0962104102199148	1	DOWN
RTCB	0.157783078530705	0.0858064899288877	0.183213591306495	1	UP
METTL9	0.0940644429482369	0.373459324077336	0.544257835038482	1	UP
FBXO7	-0.0693054666649295	0.287820739423418	0.454071780066355	1	DOWN
POLDIP3	-0.193884634641229	0.0678284620004153	0.151287097448372	1	DOWN
ATP6V0A1	0.326174927994241	0.000301339125382662	0.00140654124706229	1	UP
RAB36	0.518283397546216	0.0118242914493123	0.0358901146259215	1	UP
ZNF738	0.57917913597862	0.00494108254922349	0.0169347704092784	1	UP
ZNF138	1.28802085676841	0.00019401979817368	0.00094754312382827	1	UP
AKR1C2	-0.805635342691829	0.0104153119931495	0.0322432891201807	1	DOWN
MYLK3	1.51034363664133	0.0168316628290891	0.0484627135969649	1	UP
BRD7P5	-0.269043023320532	0.783799391135819	0.873081211205617	1	DOWN
CRIP2	0.0416739483987711	0.886676832611618	0.936511380620488	1	UP
POGZ	0.160978793925025	0.361311542569566	0.531818058176912	1	UP
C1orf56	-0.874368973032787	0.0082786299169542	0.0265441493077225	1	DOWN
NAP1L4P3	0.34348697340094	0.698408982469478	0.819213328382015	1	UP
LACTB2	-0.15549964580674	0.263255736238116	0.426062117188601	1	DOWN
RPL12P20	-0.150576244688011	0.798583108413025	0.88234790711541	1	DOWN
LOC732229	0.00679993203460107	0.958895893784398	0.976051599709681	1	UP
RAC3	-0.0201807094436279	0.967433537733587	0.981079442371092	1	DOWN
LIMS1	0.633855608204586	0.238742418741048	0.397290038372511	1	UP
RDM1P2	-0.403930467403506	0.310236311406295	0.477723883687505	1	DOWN
PTPRD	-0.0870511914216447	0.446315895626459	0.614244262525727	1	DOWN
PITHD1	0.173187770870526	0.102236157320452	0.2103562620986	1	UP
DYNC1I2P1	0.161509989719115	0.114926684066577	0.230219782568077	1	UP
PSME2P2	0.3730642361046	0.517730872435476	0.677089615481708	1	UP
NBPF3	-0.0552080619384231	0.571606607491341	0.722116188902646	1	DOWN
HSPG2	0.0573207684210627	0.258107747383317	0.419799106070491	1	UP
ABAT	-0.109081567946696	0.748368118181057	0.850925443247941	1	DOWN
SLC25A10	-1.30848121103327	0.000219780916896324	0.0010597444211107	1	DOWN
CAMK1D	0.731029619481487	0.00170222228985281	0.00663935608924776	1	UP
GPR162	-0.00542376272903684	0.987968219280822	0.99298433278809	1	DOWN
CNST	-0.0210464299215324	0.762825357200482	0.859740230611774	1	DOWN
TFB2M	-0.0220737984801835	0.854679461456315	0.917494244354624	1	DOWN
ZNF865	-0.270054815401765	0.107273224372831	0.217817249601206	1	DOWN
MLKL	-0.218482623717179	0.142566789962061	0.270727027824145	1	DOWN
IGFBP7	0.708778975574905	1.33636954577363e-33	5.27646893605867e-32	1	UP
MTCL1	0.705328120602642	2.9136079521965e-27	8.93939458963729e-26	1	UP
TRAM2-AS1	-0.772666808856446	0.0277863441522606	0.0733273300482684	1	DOWN
CTNS	-0.408764663068994	0.0161911812346311	0.0469300282448844	1	DOWN
PCDHGA12	-0.128033607436296	0.484201673320288	0.647888738995508	1	DOWN
INSYN1	-0.103068481379781	0.77277817802409	0.865684802483877	1	DOWN
LINC00452	1.90808757475723	0.0209048285314021	0.0580283667128874	1	UP
RPS3	-0.0559955634628514	0.422482937130218	0.590947075045731	1	DOWN
ATF7IP2	0.072602995769078	0.7447201340924	0.848868169882416	1	UP
CHST15	0.0910096208263445	0.321814130487476	0.491080886977246	1	UP
PRRX2	0.304162548975625	0.770493313020992	0.864471961682171	1	UP
HS3ST5	0.0816453416884197	0.897901287573984	0.941496327011346	1	UP
N4BP2L2	0.116885992619738	0.307742921767467	0.47497443476551	1	UP
ALKBH5	-0.577037343120334	1.7989784024523e-16	3.18201185971092e-15	1	DOWN
GOLGA8O	-0.228337209262839	0.673195033405421	0.801120860002689	1	DOWN
MIRLET7IHG	0.228287515322411	0.151873569831785	0.284407864268852	1	UP
STK3	0.233660294640326	0.00933629252904533	0.0293940660865434	1	UP
NR2F2	0.191673166566621	0.121890821635679	0.24073312333705	1	UP
OTUD1	0.181333392287517	0.220027052054755	0.374777337251681	1	UP
CEP192	-0.532379897318392	3.78138046003751e-11	4.46808904562568e-10	1	DOWN
NIPA1	1.22718485760409	0.235594327264551	0.393683351445424	1	UP
ALG10B	0.319948962078531	0.242009008577668	0.40110932250899	1	UP
RNASEH1P2	0.332425942812331	0.582188613579637	0.730947667666319	1	UP
ZIK1	-0.358184654284526	0.14377899156199	0.27245609848706	1	DOWN
TXNRD3	-0.296119225231336	0.0450648265726417	0.109011015868973	1	DOWN
FJX1	-1.69139032055143	1.23532325824425e-51	9.59766473381057e-50	1	DOWN
LINC01126	0.229290166124166	0.741998121992292	0.847570536788444	1	UP
FAM135A	-0.425802931616667	0.000127764887254905	0.000648517873452979	1	DOWN
GPSM1	0.0503102438447037	0.756907133860332	0.856616683421988	1	UP
SBF2-AS1	-0.960059004781139	3.03082890265926e-23	7.68394885479456e-22	1	DOWN
LIN9	-0.880750893606596	0.000276299711148388	0.00130186081702164	1	DOWN
RBFADN	-0.143275789761982	0.720218739305349	0.833831197059894	1	DOWN
QTMAN	0.506474868587978	3.68312273099824e-05	0.000206858945144406	1	UP
ZNF362	-0.583329785997842	2.7325462030607e-05	0.000157655197804493	1	DOWN
FNDC5	0.62066762986604	0.332903136632397	0.502589137847343	1	UP
TMSB10	0.12084687661589	0.0601859897745883	0.137574776689746	1	UP
TUBB6	0.183461212877453	0.156047912808452	0.29026237456493	1	UP
LYSMD3	0.138355386382527	0.123588540222959	0.243254970684007	1	UP
CLN8-AS1	-0.367275395260416	0.116985137282611	0.233566208741505	1	DOWN
MAMDC4	-0.160429372795752	0.695984802209422	0.817786140138445	1	DOWN
DOCK10	-0.519329575655918	3.21981293822174e-12	4.14701575492356e-11	1	DOWN
MRPL44	0.23286061334498	0.0138720788901584	0.0411464310430376	1	UP
DTX3L	0.438908830798986	6.96749992669627e-09	6.67687940588115e-08	1	UP
ZNF148	0.270171561557298	0.000554000863050318	0.00245428156711838	1	UP
LOC400499	-0.837040744860453	0.195046382399097	0.343147707821932	1	DOWN
MSL1	0.0457526266764385	0.647539482183886	0.783462076929159	1	UP
IFT74	-0.278040698469819	0.0739956217785524	0.162533930737477	1	DOWN
WAC	0.153382553277293	0.023131254003435	0.063034084782885	1	UP
CHCHD6	0.0798048766738378	0.72558496220698	0.837427385101275	1	UP
SYNCRIP	-0.167112424480813	0.00176083471860257	0.00684579567353396	1	DOWN
FBXO46	0.56703379997289	0.000818382614286428	0.00347064461287317	1	UP
ZDHHC13	0.0258529316527327	0.81500406526427	0.892447052143212	1	UP
SLC38A9	0.594764238747165	5.69195482682485e-05	0.000308531279829129	1	UP
ZNF503-AS2	0.101109100780042	0.877520179395005	0.932104498973109	1	UP
EML1	-0.0665098447480174	0.679979741688891	0.805705743452457	1	DOWN
WASHC2C	0.0712620790689441	0.229678055744348	0.386478526264738	1	UP
TMEM134	0.643190745760288	0.0119576377360683	0.0362452017401468	1	UP
CATSPERE	-0.102188778518276	0.666379584932113	0.796723668847756	1	DOWN
ZMAT3	-0.0265054530128746	0.616349774512256	0.757129428041195	1	DOWN
TNFRSF10C	0.128938160358164	0.807295522632401	0.887543501698093	1	UP
MST1	-0.446305571810739	0.307149554696472	0.474312696614524	1	DOWN
TNFRSF10D	-0.293669371981565	0.0001453552944912	0.000730417264182679	1	DOWN
MFF-DT	-0.210101643727973	0.704618012326448	0.822845515945147	1	DOWN
KMT5AP2	0.0331709245017195	0.867189760810878	0.925604493203191	1	UP
FAM131B-AS2	-0.0395516516326718	0.839141672737372	0.907876446345547	1	DOWN
IQCK	-0.125183491431887	0.612460032608668	0.753889261603736	1	DOWN
TIA1	0.193435699613736	0.00840848692368013	0.0269246719552629	1	UP
PCYOX1	-0.687812807336866	2.67714894113147e-27	8.23137858474274e-26	1	DOWN
PPP1R8	0.129689985382216	0.648738886710557	0.784250096357224	1	UP
PDE8B	0.0926440317959832	0.76467843881642	0.861006427129925	1	UP
HERPUD2	0.179440144827207	0.126999252475278	0.248109530555663	1	UP
STX12	0.780151302259282	1.40311088451102e-19	3.05827381479167e-18	1	UP
LRP2	1.07234411712973	0.000245544772847788	0.00117069201993513	1	UP
MRPS12	-0.0705079768905991	0.691958822017723	0.814954925589088	1	DOWN
PDLIM1P4	-0.0708848139567975	0.934877930632635	0.96354903185024	1	DOWN
PCDHB11	-0.307044214205381	0.704242327161026	0.82271672350881	1	DOWN
ACAA2	0.149830954132255	0.454388798308693	0.62240497861222	1	UP
C12orf75	0.357653187319475	0.0405084502950297	0.0998784533720311	1	UP
CTSF	0.194725237313638	0.118645863579418	0.236066553020263	1	UP
FAM8A1	-0.46690653298032	2.72530157425879e-08	2.40729419618666e-07	1	DOWN
VARS2	-0.0692998614863434	0.586343923396786	0.733740442580475	1	DOWN
TAF8	-0.448835309370085	0.019085591893578	0.0538393469959761	1	DOWN
UNC119B	-0.232865671445538	0.00510638210168681	0.0174120641225758	1	DOWN
SCRN3	-0.699313432980967	1.56993732570591e-06	1.1143008002837e-05	1	DOWN
GTF2H1	-0.195357601627371	0.0675750729140348	0.150931588667808	1	DOWN
NAPG	0.0714449717805702	0.803622675465569	0.885145299651353	1	UP
AP4B1	-0.113267727502324	0.540988846294008	0.695474585694752	1	DOWN
KDM5C	0.142703179481802	0.0258394962612781	0.0690470710931453	1	UP
TSPAN2	1.62076551838964	2.00994460099759e-14	3.07362004539854e-13	1	UP
HMMR	-2.19110246724574	1.00713794698051e-26	3.03844477490926e-25	1	DOWN
AMOT	0.20272632217845	0.0446999181543892	0.108273301583821	1	UP
TGFBR3	-1.92089240718566	4.49617154821606e-44	2.64122662777522e-42	1	DOWN
C10orf95-AS1	-0.216372895462469	0.441692151375691	0.609985978548367	1	DOWN
HDAC7	-0.143820327606707	0.0664703518203774	0.148970696984534	1	DOWN
SALL1	0.308753961733092	0.0155459053027193	0.0452475080623558	1	UP
SUPT20H	-0.0541344623975083	0.477497098855285	0.641889355865835	1	DOWN
CTBP2	-0.291356855075274	0.0526432776167628	0.123658648380988	1	DOWN
TBC1D30	-0.615093984265198	0.332567280274909	0.502291990724573	1	DOWN
LRIG3	1.12527360628303	8.71139839227314e-25	2.40245072837288e-23	1	UP
SYNE1	1.57535293134598	5.53281539569575e-152	2.75705914769653e-149	1	UP
MARCHF9	0.280053722558709	0.138800434353449	0.264757349554389	1	UP
PSMC5	-0.172794328979005	0.107934508542866	0.218944635451005	1	DOWN
POLR1F	0.375287705854748	0.000119474293306693	0.000609863303629467	1	UP
EMP3	-0.261975663057519	0.0115581544518741	0.0351931921584561	1	DOWN
PPIL4	0.0699453854190967	0.45481066533891	0.622687723809814	1	UP
IL19	1.45906014206251	0.00291184450923767	0.0106502315876977	1	UP
LTBP2	0.14405348027591	0.00682469672072379	0.0223636490501541	1	UP
PMP22	-0.76719581153845	1.11625337531704e-20	2.54031142152859e-19	1	DOWN
METAP2	0.166366601950981	0.0285314534723501	0.0749526225008098	1	UP
EXOC5P1	0.158825934863064	0.536131548009103	0.691500870970797	1	UP
LTA4H	0.0148178331173664	0.843096853309014	0.910378287915158	1	UP
ELK3	-0.192689270657082	0.477020157655709	0.64166604284489	1	DOWN
FCHSD2	-0.391615783515228	3.60301813359172e-06	2.42285784311466e-05	1	DOWN
MLH3	0.450488052519771	0.509335295993953	0.669736520692322	1	UP
FLVCR2	0.0645709640920023	0.831433041959386	0.902707655098053	1	UP
FHL2	0.443724183961551	1.93159222720057e-06	1.35699753404353e-05	1	UP
CSGALNACT2	0.43965176437157	1.83823136289905e-08	1.65819484552148e-07	1	UP
CNPPD1	0.432041286820435	6.50540483917072e-05	0.000348441828505768	1	UP
MLPH	-0.383053373889031	0.000123344219207644	0.000627622292876642	1	DOWN
RPS3P5	0.54617597475404	0.259280257477215	0.421232040562477	1	UP
GPBP1	-0.0563891380276328	0.497813901601918	0.658963881290585	1	DOWN
TINAGL1	0.305970017905219	0.000672321486428498	0.00290802687829339	1	UP
ZNF383	-0.324737216186672	0.165082910003386	0.30251933667305	1	DOWN
SMYD4	-0.311743227629179	0.0531372580221394	0.124544447652436	1	DOWN
TTC28-AS1	-0.0401346545184297	0.876227481635268	0.931261553071358	1	DOWN
RCAN2	-0.577601308317465	0.00491942980283141	0.0168861472875812	1	DOWN
CSDC2	0.357967328051566	0.0185517438436828	0.0525978517333844	1	UP
STARD5	-0.6144526276856	0.00390665111060231	0.0137661583026857	1	DOWN
LINC00960	0.296295515289488	0.0712218785034369	0.157278020515459	1	UP
SUCLG2	-0.635384194419819	2.66083625121464e-15	4.38946856921264e-14	1	DOWN
GNPNAT1	-0.0158026130590073	0.942829456036787	0.967144508385429	1	DOWN
DDHD1	0.953124259086138	1.68254024514007e-30	5.81683949342563e-29	1	UP
CDKN3	-1.88011351018344	5.5246985087659e-14	8.08889748228734e-13	1	DOWN
WDR35	0.34303177837113	0.00439995803318984	0.0153029587334841	1	UP
LDAH	-0.307510681487378	0.0619026013899188	0.140760251551674	1	DOWN
HS1BP3	-0.142118649202394	0.188063213872626	0.333721396129092	1	DOWN
SMC3	-0.154309572681108	0.0208930956131313	0.0580183803517555	1	DOWN
KDM4D	-1.04862315235078	0.075443288950822	0.165086457999444	1	DOWN
TOR3A	-0.21379845193939	0.0825394766428412	0.177575997761753	1	DOWN
USP39	-0.291700996741969	0.00837321558322346	0.0268355152790335	1	DOWN
C2orf68	0.14561195924878	0.34523214122039	0.515014934734784	1	UP
TNIP2	-0.27809280355746	0.185467220123853	0.330520014552941	1	DOWN
HIRIP3	-1.12425903401366	5.11633082725114e-05	0.000280060972668963	1	DOWN
PPP4C	0.020450877006175	0.835820771301001	0.905631028102714	1	UP
SREK1	-0.0367590376968358	0.573077913811228	0.723324017390035	1	DOWN
CST3	0.3401526453695	0.00438668910564813	0.0152641570589264	1	UP
RBX1	-0.182796743322578	0.0701683985166859	0.155365114172574	1	DOWN
IL2RB	-0.251540856443805	0.614985131342934	0.755902877693012	1	DOWN
ST13	0.388505061820741	0.00528925177215166	0.0179466957875942	1	UP
RASSF4	-0.401714315739345	0.0472825437325257	0.113426301374291	1	DOWN
DNMBP	-0.296547503636874	8.84072499587932e-05	0.000462051779079393	1	DOWN
FAH	0.131496568655841	0.176448467406829	0.318056230821515	1	UP
SULF2	0.864800009939099	0.000848482109472998	0.00357893022883663	1	UP
LAMA2	0.358704832941582	0.0585643633023985	0.13446355482729	1	UP
CCT5	-0.243812343517254	1.56007152511679e-05	9.40533734228733e-05	1	DOWN
SLC12A4	0.572426311878193	8.16222167436778e-13	1.10338882522253e-11	1	UP
DDX47	-0.0898079217154617	0.449046733621678	0.616900308733422	1	DOWN
GTF2H4	0.517171095243108	0.0167384425841019	0.0482231327318295	1	UP
RASA2	1.16345299879906	8.7006707254031e-64	9.04556781674822e-62	1	UP
STX7	0.0402209708959013	0.628401530489161	0.766914155653987	1	UP
NOMO2	0.191131742913852	0.000901959341540003	0.00377584427711315	1	UP
DDX51	-0.169860788364437	0.234065818458657	0.391990397791871	1	DOWN
AKR7A2	-0.398240890478305	0.0441377741870345	0.107145132668711	1	DOWN
MRTO4	-0.113097855431982	0.275328445801895	0.439574226515447	1	DOWN
LOC105370941	-0.332264322840776	0.578422265722164	0.727773645792246	1	DOWN
LOC100422300	0.555849847429622	0.119764856162637	0.237736529726136	1	UP
BLVRA	0.265033845656624	0.0126431701231	0.0379768138534438	1	UP
TMEM248	-0.28416401795352	0.000466414009915514	0.00209256406621828	1	DOWN
URGCP	0.0542039006560712	0.770891510121303	0.864650202791288	1	UP
HEATR5B	0.856493733535227	1.97456524910802e-31	7.27919449358674e-30	1	UP
ALG1	-0.0168395789105385	0.90754602102111	0.947269595505674	1	DOWN
DGKG	-1.8087608720024	0.0432209115784715	0.105379685038045	1	DOWN
AXIN1	0.164996300024293	0.220531480828178	0.375326867206218	1	UP
CMC2	-0.156295460934774	0.265202470559042	0.428139016447242	1	DOWN
RAB9A	-0.0482751289043453	0.709617385429112	0.826418223896137	1	DOWN
GJA1	-0.483412477195709	1.86450953736732e-18	3.74222601729099e-17	1	DOWN
FSAF1	-0.153146227552011	0.442607193339718	0.610899384045107	1	DOWN
HCN3	0.825905050269484	0.00579921810564128	0.0194255030527936	1	UP
TEPSIN	0.0745232577951088	0.663449983546329	0.794391889322065	1	UP
MOAP1	0.192086997863151	0.137856151513402	0.263547988559356	1	UP
IDI1	-1.1160900358434	8.12372346052665e-46	5.06016929862374e-44	1	DOWN
ZNF552	0.280821711377342	0.112445489569273	0.22641072450405	1	UP
PCMTD1	-0.152757012804908	0.758405425044417	0.857344400951961	1	DOWN
KCTD6	0.619887244280234	0.0811561847873128	0.175435755626246	1	UP
MPLKIP	-0.0737990023456588	0.497746276904676	0.658934724033481	1	DOWN
TAS2R13	0.451602371845163	0.142947500457273	0.271197542269438	1	UP
ACOX2	-0.253591779421475	0.204723110790119	0.354833525705614	1	DOWN
TAS2R19	-0.0859723397997314	0.766070460803039	0.861851633247545	1	DOWN
TAS2R50	0.346033660780612	0.433800958021	0.602774773496295	1	UP
TAS2R14	0.197593088897755	0.422277056997367	0.590947075045731	1	UP
TSSK1B	-0.0746417087106125	0.895389729124623	0.940618194725522	1	DOWN
ZNF143-AS1	0.364312588860776	0.339122744004257	0.509167507481278	1	UP
AQP3	0.129380118295538	0.897910343842666	0.941496327011346	1	UP
WNT5A	0.387989914674988	5.50246189720484e-10	5.79985972841044e-09	1	UP
TRIM27	-0.195477260440181	0.041565565510972	0.102049607067458	1	DOWN
SCOC	0.172645444113926	0.119176687441552	0.236865914436713	1	UP
CLGN	-0.559452096305357	0.0125634579629716	0.0378002354825948	1	DOWN
SPATA13	-0.859117429351301	9.62788770597461e-15	1.51891490435632e-13	1	DOWN
NAP1L5	-0.257503950257499	0.0437693462014495	0.106385213348907	1	DOWN
WNT9A	2.71389935158136	0.000398120020583428	0.0018097616915543	1	UP
LSM5	-0.487230861559509	0.00534796027475072	0.0181288702628249	1	DOWN
RN7SKP57	4.43558367252353	2.08448374156678e-09	2.10208475571399e-08	1	UP
EPHX1	0.209214083817153	0.0730081600079724	0.160878456888565	1	UP
NLGN3	0.981864074991794	0.00358625532702422	0.0127773608803814	1	UP
XPO5	0.051698386146923	0.480182546130869	0.644481571630836	1	UP
SENCR	-1.64006439405253	0.078848549052359	0.171138537452034	1	DOWN
NDUFB2	0.118809874483777	0.240994694880679	0.399932744111242	1	UP
ZNF8	0.0370397115094908	0.703052480358017	0.821889202288678	1	UP
GAS5	0.267063380411524	0.020656386851875	0.0574712064683184	1	UP
RPL17P18	0.0982738866299227	0.734063952432323	0.843005863763463	1	UP
ATP13A2	0.946184481291072	1.94865491160032e-12	2.5646666726366e-11	1	UP
JUND	-0.369257164605655	0.00970813564276903	0.0303334633888984	1	DOWN
TRPM4	0.654265205371525	5.83020289662997e-08	4.95893243432606e-07	1	UP
SKI	-0.428477750022429	9.75012727987532e-08	8.04677837358528e-07	1	DOWN
SENP8	-1.17759238388577	0.0422338814516998	0.103374791344428	1	DOWN
DLC1	0.694901330195971	6.08615280300981e-38	2.74846856738421e-36	1	UP
C8orf48	0.0445003022589239	0.908999007102126	0.948306717559401	1	UP
CDK14	-0.0152260906907614	0.811629215977801	0.890256765369211	1	DOWN
HSPA5	0.019786542237385	0.654926488376612	0.788249361530725	1	UP
LAS1L	-0.0229472809632391	0.817958464786139	0.894346304879484	1	DOWN
DCN	0.495373876061209	0.00125683972828816	0.00509326722195519	1	UP
ZNF846	0.670624223613575	1.50795817843693e-07	1.21604372972054e-06	1	UP
SCARNA5	0.559191140853188	0.000264391275214293	0.00125228394563151	1	UP
WDR54	-0.220385337814403	0.341264239265879	0.511100582612832	1	DOWN
ZKSCAN2-DT	-0.0419043117904562	0.864628508800465	0.923894304989317	1	DOWN
TFDP1	-0.324250213231537	0.052214688595575	0.122911624840309	1	DOWN
DDRGK1	0.608524795211262	2.50844533355506e-10	2.74617753903062e-09	1	UP
FEZ2	0.20056785061372	0.0613386067784411	0.13974526352755	1	UP
MFHAS1	0.170547211971962	0.337826168625946	0.507785862663391	1	UP
RFK	0.210002629626618	0.0331334901363449	0.0845392264197997	1	UP
ANKLE1	0.137962663738562	0.826315136674819	0.899584152485145	1	UP
NR2F6	-0.0455551482346577	0.75861717855403	0.857344400951961	1	DOWN
GPX4	-0.237184386038527	0.0107183774816346	0.0330611041594667	1	DOWN
TPM4	0.229736072925711	0.00110919103482623	0.0045446327315775	1	UP
RAB8A	-0.618432641942506	0.00129782493697558	0.00523732704949291	1	DOWN
ZC3H12B	0.125229750568671	0.629648542220336	0.767852412120344	1	UP
FAM50A	0.0864013623232128	0.325365044950696	0.494671253506839	1	UP
TDRD1	-0.95165540316127	0.167320129316408	0.305952573548198	1	DOWN
THAP7-AS1	-1.11771130872871	0.0820570024130234	0.176880331424612	1	DOWN
ATAD5	-1.68813456436309	5.39498405641718e-25	1.49640910939126e-23	1	DOWN
SMIM19	-0.0969687679743384	0.70916384644527	0.826256808641925	1	DOWN
TRIM7	0.321949340286165	0.675013319129436	0.801991077426579	1	UP
ARFIP2	-0.0572015509731927	0.61319967262882	0.754542614880712	1	DOWN
TRIM5	-0.547447595779911	3.82010836597021e-06	2.55457593691048e-05	1	DOWN
WDR45B	-0.593334198669124	0.0531953838549485	0.124651612143321	1	DOWN
STARD13	0.131158408411829	0.0764634302758491	0.166788382025101	1	UP
RAB5A	0.386801552234205	0.0585397169438729	0.134428325052583	1	UP
RETREG2	0.227016488518807	0.0915972053005976	0.192926863984687	1	UP
CHCHD1	-0.141457081818905	0.25927659389453	0.421232040562477	1	DOWN
VGLL4	0.356086105729081	2.10205094132588e-06	1.47102848199033e-05	1	UP
TRMT2B	-0.493563732587533	0.000730454029077008	0.00313042442888252	1	DOWN
RBAK	-0.05757351259308	0.832215248186899	0.90301415764746	1	DOWN
MTND6P4	-0.154660492405699	0.685982515906386	0.809896514490456	1	DOWN
HAUS5	-1.59953745614082	1.55958073011315e-06	1.10749391306463e-05	1	DOWN
FBXW10B	1.19411774523277	0.0581318909461592	0.133640463898019	1	UP
LOC339260	1.14963509645367	1.03151424257057e-08	9.66066903395159e-08	1	UP
TCOF1	-0.0748096438751382	0.462571145285206	0.629258742400124	1	DOWN
ATP5F1D	0.217402145360737	0.311013251615126	0.478642438667751	1	UP
CBARP	0.390512867795841	0.119953680045916	0.238045953082056	1	UP
TMEM65	1.32670209763027	1.43705836069062e-45	8.9128456525065e-44	1	UP
CIRBP	-0.0386789186396851	0.854249418886294	0.917460020409712	1	DOWN
MDC1	-0.641884065821882	5.79167453697915e-06	3.7666736603909e-05	1	DOWN
IER3	0.190294846062131	0.00178201225815248	0.0069188229829558	1	UP
MYOCD	1.18456786065485	1.52221418840849e-07	1.22685539524211e-06	1	UP
CYP2E1	0.276067261852763	0.329464820726496	0.498857515121395	1	UP
TAPBPL	-0.172931224468653	0.475630597441031	0.640631723704011	1	DOWN
TVP23CP1	-0.169976789161142	0.596440741306989	0.741051083537727	1	DOWN
ZNF443	0.353096911293127	0.29920810372765	0.465908059716039	1	UP
PEX5	0.201469790427721	0.265001905303574	0.428073164938738	1	UP
RNF215	0.0708459362448209	0.685946039008083	0.809896514490456	1	UP
SUSD2	-0.196593496343916	0.593454067035251	0.73874874507285	1	DOWN
SF3A1	-0.216392022880903	0.00337974780212052	0.0121072720596043	1	DOWN
TBC1D10A	0.220825587118744	0.0653150845541399	0.146949164363127	1	UP
GPC1	-0.127845071052481	0.252542534282834	0.413072118044282	1	DOWN
CABIN1	0.00985941789558023	0.894605730237329	0.94022544146669	1	UP
TNFAIP8	-0.631626880951427	0.0791182560128138	0.171569315372325	1	DOWN
RPL6P27	0.371538015487437	0.585242620373963	0.732744854186808	1	UP
GOLM2	0.27505229670052	0.13353828220753	0.2574608029147	1	UP
FBXW4	-0.390105908365142	0.014739325145236	0.0432746825830568	1	DOWN
KAZALD1	-1.5346158343417	0.0043258414557589	0.0150895986525448	1	DOWN
CPTP	-0.20346438886917	0.19632351596213	0.344597489271073	1	DOWN
HKDC1	-0.271177754361415	0.670752817390438	0.799625366044859	1	DOWN
HK1	-0.27083338200383	0.0109211852595022	0.0335863052106972	1	DOWN
NFATC1	-0.00424808298206371	0.989819441742703	0.99429172477574	1	DOWN
SLC45A4	0.35450641587498	0.128667184723679	0.250453864014263	1	UP
HIGD1A	0.257414771584212	0.578451878456144	0.727773645792246	1	UP
ELP3	-0.163329663476486	0.23232520892557	0.389707671988788	1	DOWN
HMCN1	1.74919405896054	7.20271485897162e-60	6.80303479915025e-58	1	UP
FAM83B	0.614472450566043	0.450451006457315	0.618456094482458	1	UP
LOXL2	-0.113667430694608	0.0371916469090962	0.0930660587849955	1	DOWN
ERBB3	-0.324556796396523	0.126328073301021	0.247266285693222	1	DOWN
TMEM14C	0.319608025407016	0.517507746478852	0.677032812272849	1	UP
GCNT2	0.839777610897943	0.148559487716187	0.279571969916215	1	UP
PAK1IP1	-0.385250205436326	0.00105726045969963	0.00434912351355518	1	DOWN
NSFL1C	-0.109136796509471	0.216342133613476	0.369502443310287	1	DOWN
FKBP1A	0.376080236284859	0.011243836538524	0.03446122626049	1	UP
SLC4A11	-0.0850820870990859	0.794883580031267	0.879724361653759	1	DOWN
ZNF33A	0.492999160186957	0.0166668932438168	0.0480553220802866	1	UP
PCDH18	-0.292969768296657	0.187193799329546	0.332858077286978	1	DOWN
ARID1B	-0.264965787006877	0.00210955964470196	0.00802454499225797	1	DOWN
PARAIL	0.153793293152434	0.2352620434518	0.393355523536036	1	UP
MYL5	0.187254289288243	0.438736144837438	0.607471115171584	1	UP
CCDC7	-0.274876466969402	0.234811798019703	0.392829971426572	1	DOWN
GPR68	-0.144740680538122	0.826753517349495	0.899654749941081	1	DOWN
CREBL2	0.162372530527635	0.0594947019937526	0.136210066304138	1	UP
DUSP16	0.315411519304061	0.0341338488662042	0.0865907399987407	1	UP
MANSC1	0.247876033120093	0.459974546813802	0.627143332013044	1	UP
GLTP	-0.0883418325263501	0.31735696302085	0.485612608281904	1	DOWN
GIT2	-0.349460679965442	1.10848293093147e-06	8.02137548066634e-06	1	DOWN
TCHP	-0.560079040907791	0.0560952993180723	0.130101913842071	1	DOWN
CASK	1.04500809292194	4.65641607781383e-45	2.82730540926419e-43	1	UP
EGLN1	-0.144272760178548	0.0663311883729015	0.148751086774798	1	DOWN
SYTL5	0.0151128479761501	0.849418432692319	0.91482048482811	1	UP
URB2	0.0564350104427177	0.623657158020179	0.76318651795661	1	UP
RNF139-DT	0.452182825413228	0.182079094359148	0.32572728306314	1	UP
LOC124900193	-0.358876460281711	0.340648705367484	0.510416104241625	1	DOWN
CCL28	-0.535562364394536	0.35520955967022	0.525720334575415	1	DOWN
TMEM267	-0.12494728422228	0.506540858362503	0.667519783348215	1	DOWN
PRPF18	0.139725946482567	0.312852420910406	0.480602778205196	1	UP
VDAC2	0.109635089064772	0.558295746161057	0.710705763545933	1	UP
SRP19	0.177956165954648	0.0494292119495786	0.117715639380155	1	UP
STIM2	0.285097773968292	0.37774293482123	0.548233720106618	1	UP
NSD2	-0.657679204775314	4.04998408558467e-16	6.97572348281097e-15	1	DOWN
SH3D19	0.428752437918603	1.205046351996e-11	1.48205317725057e-10	1	UP
TBC1D19	0.145739242359467	0.272230580666386	0.436239090841644	1	UP
ASRGL1	-1.16934205863678	0.0358041269124091	0.0901089233736022	1	DOWN
LSM8	0.18044883693898	0.118904193293518	0.236431921814414	1	UP
RTL6	-0.249227333361127	0.00360412224328885	0.0128346896347381	1	DOWN
KIAA1958	-0.0232034511816334	0.849681739702425	0.915027261378623	1	DOWN
CCNK	0.10367849450994	0.248344099801568	0.40772785574102	1	UP
PAPOLA	-0.000677203331622187	0.992018223848047	0.995492041117072	1	DOWN
TTLL1	-0.254772095821111	0.345459505687389	0.515300920384853	1	DOWN
RAB5IF	-0.081755005914033	0.346836069263102	0.516642852780809	1	DOWN
ATP2C1	0.538431593323905	2.5557213802869e-17	4.77167049955116e-16	1	UP
FRG1	-0.135654613647805	0.409629376409983	0.580007262247762	1	DOWN
SEPTIN7P6	-1.48551108009005	0.000114282197191333	0.000585220422257957	1	DOWN
LAMA4	0.437419715090815	2.82265299701784e-19	6.05360388882132e-18	1	UP
ADRA2A	-0.669969730744575	4.67616529191237e-05	0.000257822451863509	1	DOWN
ARVCF	1.66469113027192	4.4615101672248e-15	7.17166667703733e-14	1	UP
SLC35A5	0.723822624170862	0.01524723318125	0.0445147370943978	1	UP
HCN1	4.13659858611917	2.67951011434768e-05	0.000155089704612112	1	UP
ARPIN	-1.71802237249306	1.79152192866322e-42	9.80654673905765e-41	1	DOWN
STOM	-0.112733833607501	0.0751997540047595	0.164658305999456	1	DOWN
RPS14	0.0544553845535048	0.385227023348676	0.55524792683141	1	UP
ZNF200	0.420696066340545	0.0328120819252407	0.0838937360052465	1	UP
APOO	0.0510509310891034	0.807332318166316	0.887543501698093	1	UP
CAP2	0.464880047621969	0.00629098530644458	0.0208559368349233	1	UP
RBM24	0.0308495761064791	0.913805230643093	0.951466199871989	1	UP
MYO5A	0.221420328195341	0.00262985779443132	0.00975463937046381	1	UP
LETM1	0.240132171537248	0.000804168155779462	0.00341795118210853	1	UP
MIB2	0.161058653239966	0.344787907585754	0.514564706446528	1	UP
RTL8B	-0.175442667867598	0.123663210205078	0.243359726231219	1	DOWN
ATP6V0E2-AS1	0.00701728646069301	0.988528801203143	0.993291003894774	1	UP
CD177	0.101582187612796	0.867429634482575	0.925792145340302	1	UP
CSF1R	-0.911019410607065	0.171188378710956	0.310996737254673	1	DOWN
CDC7	-1.63864938615035	9.95869695274975e-16	1.67535657350625e-14	1	DOWN
NXPH3	0.495849056220269	0.404933859235088	0.57589796277987	1	UP
KPNA6	0.142880001169228	0.491870923362979	0.654454167527705	1	UP
CLEC2B	-0.356781591249225	0.00656170407269049	0.0216195133503079	1	DOWN
PRDM4	0.517931051490392	4.77631521218501e-10	5.09015716307416e-09	1	UP
GYS1	-0.0759680258222775	0.408135385539795	0.578976650627152	1	DOWN
REP15	1.01661029444248	0.0185704829435041	0.0526303292835022	1	UP
SRFBP1	-0.214611100158586	0.0864788308382227	0.184186526815498	1	DOWN
NDUFA9P1	-0.259111212305915	0.329556889849063	0.498892375362331	1	DOWN
GLCCI1	0.0603910411625636	0.793843532464021	0.879202397887612	1	UP
LYPLA1	-0.242566141382583	0.209159016385211	0.360817494702673	1	DOWN
H2BC11	-2.07202528197886	1.0140273464764e-36	4.44051793452438e-35	1	DOWN
CSDE1	-0.2829177588672	0.00519473806338248	0.0176841365733664	1	DOWN
UNC45A	0.0448797185537406	0.666138571612555	0.796555109505423	1	UP
SPTBN4	0.835684900948391	0.00374485869540123	0.0132769757132589	1	UP
BRSK1	1.12692791237162	1.70635522504226e-08	1.54793090753834e-07	1	UP
GOLGA2	0.371106412616506	3.11662036274501e-05	0.000177735915004057	1	UP
TRUB2	-0.121900128728252	0.249213988195441	0.408823660972068	1	DOWN
URM1	0.0471402239952766	0.814913708590639	0.892415732255481	1	UP
FANCE	-0.855373685451377	0.00380144071599508	0.0134511801632823	1	DOWN
TSN	0.587228830293064	0.304112973056389	0.470982378484394	1	UP
GEMIN6	-0.975201028782297	2.7855405121231e-07	2.18059837165173e-06	1	DOWN
POLR2C	-0.0250794419815946	0.792346023024165	0.878553853964721	1	DOWN
ACD	-0.103804068041202	0.705269776535329	0.823029756179107	1	DOWN
CTCF	-0.483056688644954	2.37373608549032e-09	2.37883912423167e-08	1	DOWN
KAT6B	0.0743977909519091	0.453045212271205	0.621094427713802	1	UP
JHY	0.0192910246780033	0.907131353873569	0.947110410723715	1	UP
EID3	-0.252691895340943	0.0111837929390479	0.0343208731709877	1	DOWN
MSH5-SAPCD1	-0.306541254025691	0.589938481222787	0.73632760339873	1	DOWN
RAPGEFL1	0.0588725457069389	0.847378156067738	0.913092410942963	1	UP
PKD1P2	-0.0687680497719568	0.786059980658022	0.874603694216898	1	DOWN
APOLD1	-1.52567430192346	1.73525488434416e-16	3.07683047038742e-15	1	DOWN
YAE1	-0.459066127586512	0.0201471957976167	0.0563038341658014	1	DOWN
HMGN1P8	0.818907837384396	0.131473131601278	0.254320511429912	1	UP
TATDN2	-0.345852057929524	0.0143371106124054	0.0422569009708078	1	DOWN
PCDHGB7	-0.266759582533935	0.162782666127709	0.299705181830763	1	DOWN
ADAP2	0.683064002883865	0.00976457072070435	0.0304768491328075	1	UP
HIPK1	0.0892038556490049	0.865981288032426	0.924813909499068	1	UP
PYGO2	-0.296470593990754	0.0127273637744656	0.038205885730121	1	DOWN
CLDN1	0.287579494026781	0.172249783415084	0.312593447209768	1	UP
PBXIP1	0.731836056877671	2.43129847239259e-22	5.92490627732636e-21	1	UP
MROH1	0.291996333365763	0.0166568608339455	0.048039631306006	1	UP
SERTAD2	0.0505269777663076	0.53275582792302	0.688812245621863	1	UP
JAK1	-0.127551799668349	0.00969000775546754	0.0302964738369237	1	DOWN
RAVER2	-0.234987257864662	0.104963477926731	0.21439253986137	1	DOWN
SELENON	0.499827815903588	0.352878268270137	0.523234542865971	1	UP
AK4	1.46465498839281	0.0277656805466451	0.0732861825716107	1	UP
DTX2	-0.0493002099879121	0.822998555385541	0.897296036910206	1	DOWN
PRR12	-0.0539812530626018	0.574974107853883	0.724976078230212	1	DOWN
HINT2	-0.923183012717609	0.000178955844982375	0.000880821156621356	1	DOWN
ARHGEF39	-1.32243604993721	0.000387012912342496	0.00176482284514402	1	DOWN
SARM1	0.796069044099039	1.15879284176132e-06	8.35197773381189e-06	1	UP
UBXN2A	0.492081305719611	1.53363251153747e-05	9.25752858154886e-05	1	UP
HMGN3-AS1	-0.100306494882789	0.846612648560293	0.912789167485735	1	DOWN
LOC105372480	0.281688990996587	0.305417276676518	0.47244541482042	1	UP
ARHGEF5	0.831663940297395	6.12673346481632e-07	4.58505568617611e-06	1	UP
SYT7	-0.792305663559533	0.0267100033666944	0.0710055663451252	1	DOWN
TMPO	-1.15292826160215	7.96050264922662e-32	2.98797983854478e-30	1	DOWN
THAP10	-0.93308233382193	0.000341049089687293	0.00157309300832144	1	DOWN
THY1	-0.260658624205274	0.0111069877847392	0.0341286584046919	1	DOWN
CHRAC1	-0.309538335574542	0.0580652350481319	0.1335178634329	1	DOWN
E2F4	0.232862732161108	0.0835086718113027	0.179180967534541	1	UP
MRPL10	-0.511919337168366	0.000312586800747956	0.00145387571857377	1	DOWN
IFNAR2	-0.0251685024057634	0.853327674738586	0.917003584855691	1	DOWN
BCYRN1	0.259036073737368	0.138362247438424	0.264235871247874	1	UP
CAVIN4	0.236244033798125	0.49126556597822	0.653889536147302	1	UP
PET117	0.149226888235195	0.602594806217145	0.746148891200505	1	UP
MLF1	0.392379438414096	0.112689993419426	0.226745070301326	1	UP
NDUFAF3	-0.38640965894427	0.0111971951169511	0.0343474138473913	1	DOWN
GRAMD2B	-0.0757965369061816	0.378275038093193	0.548639814559511	1	DOWN
PDZD11	0.0620388846914698	0.628090318383246	0.766747155421119	1	UP
ZCCHC10	0.337536176852298	0.0268551593974281	0.0713314499359667	1	UP
MRI1	0.0407623746592153	0.761688889492173	0.858964006404849	1	UP
RPL6P10	0.0114427681554312	0.873728059194002	0.929630701178952	1	UP
LRP4	-0.142307506590093	0.379357155729342	0.549472813214866	1	DOWN
PI4KA	-0.173788893069431	0.00506840276520078	0.0173111530039982	1	DOWN
LRRC8C	-1.21770752128971	1.33401487784789e-23	3.42412948486321e-22	1	DOWN
NLRX1	-0.401307348555917	0.104798708629748	0.214116518932347	1	DOWN
TMEM14A	-0.0307333370865992	0.810984284363568	0.889865899266357	1	DOWN
EFHC1	0.222827559876397	0.0604178107459011	0.138002384576871	1	UP
PPP2R2D	0.175828331038243	0.120664711783367	0.23916139761095	1	UP
MCTP1	0.590465675759205	5.17393325694199e-07	3.90232304259231e-06	1	UP
PDZRN3	1.05897206408614	4.12416780351682e-29	1.34837893503669e-27	1	UP
ENOSF1	-1.42334279950296	3.25230547331053e-35	1.3742417074506e-33	1	DOWN
HSD17B7	-0.421149726108365	0.0232113936257636	0.0632047954184869	1	DOWN
DAPK2	-0.322652446460661	0.32220246988055	0.491517776020672	1	DOWN
ARHGDIA	0.297356204748874	0.00164847241082856	0.00644885620164687	1	UP
TMEM60	-0.028769798809892	0.827425312782527	0.900114663882889	1	DOWN
ZNF490	-0.0836897971999342	0.531520380109432	0.688015139104389	1	DOWN
CD36	0.0228529638920244	0.936480772303251	0.964032172713654	1	UP
HMSD	-0.661150709351972	0.0541725145723227	0.126551407708476	1	DOWN
FAM200C	-0.462951645486607	0.0775504196433316	0.168751861807828	1	DOWN
ARIH2OS	0.75915045486298	0.364582076376927	0.535043727604648	1	UP
TRIM39-RPP21	-0.703126874497836	0.851596106089163	0.91613305509525	1	DOWN
PLPP2	0.436919789212937	0.0742149308802916	0.162916598230456	1	UP
RN7SL559P	-0.29544346322994	0.559187273261471	0.711339373758936	1	DOWN
TPGS1	-0.00581188534852195	0.988503214410259	0.993291003894774	1	DOWN
PINLYP	-0.59491945445408	0.0848096716163995	0.181417701382397	1	DOWN
MRPL13	-0.149755396169099	0.157047447929333	0.2916710795562	1	DOWN
MALT1	-0.0517590630423495	0.353750388008849	0.523882645738458	1	DOWN
MAP3K1	-0.06394906896159	0.508795907099149	0.66933178456894	1	DOWN
CLTCL1	0.684213190671688	1.98026199366585e-07	1.57755050002565e-06	1	UP
TXNDC15	0.0200818689652566	0.895416795290225	0.940618194725522	1	UP
UBQLN1	-0.200402472871499	0.00260042214894142	0.00965785157397904	1	DOWN
EFCAB10-AS1	-0.0944814377067712	0.745348714880263	0.84938366680346	1	DOWN
POLA1	-1.30526339589052	7.0150766899064e-23	1.75693021223288e-21	1	DOWN
ZNF595	0.145980956838179	0.351734812496223	0.521913931141074	1	UP
DCP2	1.0906802519491	0.101519311735361	0.209250545412595	1	UP
IQSEC1	-0.214894984008606	0.0400644383978808	0.0989187082330045	1	DOWN
RPL32	8.19122309820733e-05	0.999436458805929	0.999841638071598	1	UP
CAND2	-0.260531294481595	0.100839000694555	0.208115452590262	1	DOWN
LOC115308161	0.0716522346659496	0.926246904560568	0.959161377636894	1	UP
GLRX	-1.69646775068086	5.83514928869452e-202	4.43809170373287e-199	1	DOWN
ZBTB22	0.0438737488871436	0.761214836615399	0.85866174412061	1	UP
TMEM26	-1.79126174194161	1.4784117903875e-08	1.3496227910859e-07	1	DOWN
SMIM27	0.0292151695132506	0.947273312306886	0.969547888387762	1	UP
FAM3C	0.456415709753085	2.64641720001503e-06	1.8237184052178e-05	1	UP
SRGAP1	0.172289964224533	0.0303021008561349	0.0786604857511786	1	UP
POFUT1	-0.373733325365015	1.06117794309367e-06	7.71382417286048e-06	1	DOWN
CD59	0.302611308833888	0.568744878464539	0.719259965439968	1	UP
DDX23	-0.0893270750605917	0.275376510135435	0.439574226515447	1	DOWN
AACS	0.0827998649942664	0.56937903647443	0.719742517152903	1	UP
UBE3B	-0.207594935397709	0.123200301949212	0.24265606698488	1	DOWN
DARS2	-1.02532426715916	2.20400510195943e-22	5.38918404880131e-21	1	DOWN
PRDX6	0.581238384437746	2.84496271528343e-30	9.74231189539357e-29	1	UP
UTP25	0.328431050334336	2.81397612092438e-05	0.000162011031567642	1	UP
IRF6	0.0600410615800186	0.901869541876288	0.943634645646745	1	UP
HSD11B1	-0.440608381811868	0.0443922136227577	0.107708508909079	1	DOWN
MCF2L2	0.103458463366739	0.748814719764666	0.851118571285134	1	UP
HASPIN	-1.2301563796322	1.36776734839142e-05	8.33288615160388e-05	1	DOWN
MTAP	0.441535545776869	0.0427843625748325	0.104491604456465	1	UP
POLR2E	-0.458025842450628	0.000179892104227981	0.000885127953080883	1	DOWN
GOT1-DT	-1.11353269984661	0.114314463547866	0.229311259401751	1	DOWN
RHOT1P1	0.0382828774890458	0.939320745702348	0.964962258914099	1	UP
PSMB5	0.121782058382121	0.620528714708894	0.760646403957777	1	UP
C14orf93	-0.473669408463186	0.11543876539321	0.231053407021784	1	DOWN
RELN	1.53513368613273	1.10318852561985e-05	6.84801434009126e-05	1	UP
ELOA-AS1	-1.53979371507523	0.0198586257239508	0.0555726181907074	1	DOWN
LINC01563	0.397662525996116	0.476925350391539	0.641598234826674	1	UP
ZNF160	0.209689224715591	0.0502117384939202	0.119147755825228	1	UP
FTO	-0.0413880752417289	0.685645437280722	0.809697002054729	1	DOWN
TRMT6	-0.456283737566371	0.000966413936654797	0.00401081211906906	1	DOWN
ZDHHC7	-0.68224274927245	3.74116176310449e-15	6.07455377962056e-14	1	DOWN
AGPS	0.615077750159751	1.87352389453426e-13	2.65174278157831e-12	1	UP
CD46	0.592548150930707	4.54378111824239e-13	6.27145949758556e-12	1	UP
CACNG4	0.696382280479578	0.180332625254551	0.323323420292	1	UP
DPYSL3	0.785248819947271	8.94632299749246e-26	2.59084796867262e-24	1	UP
SMAD5	-0.192199946367004	0.0318218963168284	0.0818835868366252	1	DOWN
REL	-0.0838077575213092	0.7209611932302	0.834289734414608	1	DOWN
CYP3A5	0.68413726417869	0.129164584520871	0.25108385941769	1	UP
COPS7A	0.101815476982404	0.40534917301719	0.576431893256388	1	UP
ING4	0.141921076116645	0.44583255090725	0.613826809561802	1	UP
FAM162A	-0.0146820347510161	0.935773710353646	0.963786687768075	1	DOWN
NIT2	0.116269910610102	0.186983077868252	0.332687822143714	1	UP
OGG1	-0.39554378478061	0.213288377538879	0.365713139987463	1	DOWN
NUDT22	0.228541733887147	0.193653358701588	0.341237006047634	1	UP
H2AC20	-0.983641160293758	7.63763487772722e-18	1.48149612910116e-16	1	DOWN
STK26	0.500304571323223	0.379158127537931	0.54934971937544	1	UP
SMARCAD1	0.219312994160472	0.0310645381986241	0.0802061178324668	1	UP
FANCM	-0.196569592295708	0.0744412679248545	0.163289429687625	1	DOWN
CARD9	-0.327453240346279	0.255237529701911	0.4166138122688	1	DOWN
SPACA6	-0.0271482462516869	0.923478065292958	0.95781106161979	1	DOWN
TMED3	0.150790033172888	0.0214681893405873	0.0593706483617207	1	UP
MRPL3	-0.131004179734299	0.564012681066591	0.715137025604003	1	DOWN
PFKM	-0.190392188953471	0.13858548254107	0.264572817438258	1	DOWN
NUDT19P5	-0.34611024043411	0.47334634336891	0.638745728641714	1	DOWN
BMP1	0.344203228381678	1.21661996078052e-06	8.76439434358888e-06	1	UP
USP3-AS1	-0.836370387955795	0.241668825620483	0.400683363818449	1	DOWN
VPS35	0.0654936181823891	0.319124211906626	0.487851897414858	1	UP
ANK1	-0.143005559059818	0.515772465761278	0.675496456653637	1	DOWN
EXOC2	0.311966674770385	9.36710838585e-05	0.000487974344931213	1	UP
RPSAP12	-0.21012056760253	0.109956702013734	0.222142359960921	1	DOWN
C1QBP	-0.26267031405386	0.125953228957937	0.246733104469452	1	DOWN
CELF1	-0.528671942354903	1.87365196016612e-14	2.87432531596185e-13	1	DOWN
ARFGAP2	-0.004063782415217	0.96616310629231	0.980211860512267	1	DOWN
NR4A3	1.364106883453	0.000127105641690214	0.000645398323283655	1	UP
TIAL1	-0.100902780919584	0.183127487303194	0.327197739740165	1	DOWN
BAG3	0.140852872676276	0.0731538110044238	0.161101146422574	1	UP
SLC35F5	-0.103233106001105	0.197064077183753	0.345598614039007	1	DOWN
TSPAN6	0.0804102590822507	0.464765505282742	0.631115045747125	1	UP
ATOSB	0.788012908829898	2.78266675007195e-07	2.17952938782058e-06	1	UP
AHCTF1	0.104790840934722	0.391527573433179	0.562086723989953	1	UP
MYO7B	0.0909753323845934	0.892503874541871	0.939371703641994	1	UP
NLGN2	-0.151004792400642	0.0301549547444709	0.0783781091815351	1	DOWN
RANBP2	0.124784618325163	0.03218572769136	0.0826285220941274	1	UP
IFFO2	1.1333682758964	3.40006581504847e-38	1.54997952975601e-36	1	UP
ABCA9	0.95960149017166	0.00010212682232319	0.000528973014119146	1	UP
PDP1	0.518330376855148	0.00767993793053908	0.0248172591758095	1	UP
TMEM67	0.198406582087321	0.174561961669493	0.315600513960446	1	UP
DYNC2H1	-0.229377618667812	6.99903176930862e-05	0.000372534099809499	1	DOWN
PIP5K1C	0.474803138467304	6.78535982296243e-13	9.23307295683899e-12	1	UP
WRN	-0.0736137554178224	0.378424557621875	0.5487451459035	1	DOWN
SLC7A11-AS1	-1.40715528027482	0.0513994451779293	0.121388034362846	1	DOWN
QKI	0.400367376843858	0.0218083107982486	0.0601434922415058	1	UP
TMEM9	0.170177688180973	0.335704825601743	0.50554254433406	1	UP
TTC32	0.413246768245979	0.320818659203402	0.48989004706758	1	UP
BMS1P4-AGAP5	0.127025568711108	0.718421892458607	0.832351059722547	1	UP
CYLD	0.0179345643424515	0.884983747340372	0.935887313049083	1	UP
AMFR	0.11951556858654	0.0715748012429907	0.15803322425706	1	UP
CDKL1	-0.532040030226919	0.00547995277782812	0.0185025228019613	1	DOWN
MAPK8	-0.0316494353999081	0.814647385981644	0.892191691915175	1	DOWN
NBPF8	0.280813168979403	0.0190895109262613	0.0538393469959761	1	UP
DGKD	-0.277968472360917	0.0381125308740939	0.0949514605721608	1	DOWN
MT-CYB	0.447580548718038	5.19771808387518e-16	8.88902059527577e-15	1	UP
PGRMC2	0.508213188950633	1.18876535345137e-17	2.27836181999015e-16	1	UP
ECI2	-0.192231406472865	0.0159963252983502	0.0464182523868391	1	DOWN
ANKRD13B	0.371973073914773	0.181447421968686	0.324999590340788	1	UP
CDC25A	-0.096070682390969	0.572640578472987	0.722916834062474	1	DOWN
ZNF589	-0.201571632546206	0.764765491959468	0.861006427129925	1	DOWN
LDB1	0.267415418907775	0.000844592538986464	0.00356610449759052	1	UP
POLR2F	0.109329411624494	0.418208965017914	0.58754984964747	1	UP
KANSL1	0.307353880538113	2.47307685790323e-05	0.000143932475527828	1	UP
CCDC134	-0.208099339664818	0.469922260881408	0.635371125748244	1	DOWN
EMC10	-0.197035777641451	0.765855597250632	0.861744081279209	1	DOWN
JOSD2	-0.0669991472074346	0.840944506257563	0.908869124218685	1	DOWN
RPL23AP49	-0.608363669578591	0.223006954134884	0.378470169606953	1	DOWN
VASP	0.632272001652471	4.83937720219675e-16	8.29582917543834e-15	1	UP
SYMPK	0.0250282562440803	0.77583792599567	0.867504941857276	1	UP
ZNF146	-0.0581062312190874	0.420935947777144	0.589775584770943	1	DOWN
ZNF283	0.132864866856866	0.274169494618146	0.438179978624953	1	UP
TRAPPC9	-0.0898620563132417	0.409115715110975	0.579638919756045	1	DOWN
ELP2	-0.24833188095667	0.0616722204533994	0.140372540206658	1	DOWN
ZNF432	1.16892636019674	7.43459651695524e-26	2.16607569085726e-24	1	UP
NUDT12	-0.413826326988713	0.0112413053370738	0.0344607771374742	1	DOWN
TIMM23B-AGAP6	-0.626781846264289	0.0804119060223442	0.174087259015565	1	DOWN
COX14	0.000887059919935414	0.995594162736952	0.997665296838755	1	UP
CSPG4P10	1.02005985878784	0.00132688149247081	0.0053322481778909	1	UP
COL21A1	2.15665865201555	0.0222831942867292	0.0611265073343819	1	UP
PCCA	0.111169334428535	0.379814490822946	0.549859668090803	1	UP
ATP8A1	0.303007006396347	0.50892473761137	0.669379392301985	1	UP
DCBLD2	-0.984481656932481	6.26969732603292e-58	5.66271225365636e-56	1	DOWN
CCNDBP1	0.376701918671373	0.000157998826048555	0.000787324494906093	1	UP
HHAT	1.3124949055489	2.50243273573889e-34	1.01580492876862e-32	1	UP
SMAD3	-1.12201934695048	4.47604387157937e-67	5.26641130441907e-65	1	DOWN
ADAMTS9-AS2	-0.86995013228993	0.322851865630024	0.49230054977519	1	DOWN
SPRYD4	-0.130315884042209	0.402382069208059	0.573284361838279	1	DOWN
COX7C	0.125623356498138	0.348967830126287	0.518873764086323	1	UP
LRP8	-0.769368633303672	7.26009423227198e-11	8.34650928803201e-10	1	DOWN
NECAP2	-0.0225612691539116	0.913593740133413	0.951383089909055	1	DOWN
VEZF1	-0.482002777102342	1.79524359804599e-05	0.000107247065875827	1	DOWN
SRSF1	-0.250297901203636	0.00350970804384479	0.0125386380572561	1	DOWN
FABP3	-1.41021237498656	3.35852164914606e-07	2.59124379881525e-06	1	DOWN
H4C1	-2.51557528504979	4.09651677244086e-13	5.67581628749213e-12	1	DOWN
ZNF236	-0.162796833211707	0.102683380767369	0.211047864524143	1	DOWN
PIP4K2B	-0.093512068066061	0.177789826112407	0.319716373463215	1	DOWN
CLDN12	-0.600385103317732	0.0606780613376471	0.138480521855707	1	DOWN
MMP14	0.216077336856535	0.000653894937942273	0.00284022715605765	1	UP
BECN1	-0.605383415123071	1.60569816416319e-09	1.62949046139904e-08	1	DOWN
PHKA1	0.272990102246195	0.0929346370760096	0.195255540482806	1	UP
INPP5B	-0.236862913340904	0.0341622638924565	0.0866255264976117	1	DOWN
POLK	-0.0307912699196839	0.696267728903695	0.817954715655093	1	DOWN
RPA4	0.746485585960468	0.24244555319179	0.40157940116729	1	UP
ANKRD42	0.453455251952747	0.0267534399980746	0.0711079568534442	1	UP
IL18BP	0.447231784432049	0.0970625657882197	0.202286002048682	1	UP
NUMA1	0.440302834797801	1.16916166839251e-14	1.83248972559004e-13	1	UP
THAP12	-0.250032189175669	0.00286693373288718	0.0104965947235755	1	DOWN
PCMTD2	-0.5753880061598	0.00913827110767335	0.0288712627409243	1	DOWN
TNFRSF13C	0.126174214152561	0.817749018901955	0.894233149614238	1	UP
LOC101928188	-0.00395983874189075	0.992107044050679	0.995492041117072	1	DOWN
MID2	-0.298477345555118	0.0232300122809445	0.0632316646208192	1	DOWN
IGBP1	0.0610680144843592	0.536316502243329	0.691500870970797	1	UP
PRKACA	-0.164073345452018	0.391681866401591	0.562140694345952	1	DOWN
MRPL42P6	-1.26026849865344	0.227549013141816	0.384182749371331	1	DOWN
RPAP3	0.141498324151149	0.077294004077553	0.168269908545453	1	UP
MT-CO3	0.24543085069274	2.89560064957383e-06	1.97862971895106e-05	1	UP
GOLGA4-AS1	-0.581392366834251	0.0498280107203922	0.118473498748954	1	DOWN
CEP19	-2.04359260847406	8.81605668350936e-14	1.28169854258947e-12	1	DOWN
B4GALT5	0.0148933682636621	0.856829057171194	0.919094173484332	1	UP
SH3BP4	-1.16168240121483	7.37887893009642e-56	6.46255632841354e-54	1	DOWN
MPDU1	-0.0414057069950533	0.884003594651466	0.935535404343342	1	DOWN
KIF1C	0.329212034382008	9.25840130564185e-09	8.71616659725279e-08	1	UP
TBX2	1.06506363429329	1.65304831020027e-10	1.83755393313108e-09	1	UP
TRIM25	-0.408517013248038	0.000156386127436386	0.000780364615878182	1	DOWN
SPOP	0.258323069925022	0.0066598098526697	0.0219077878854837	1	UP
SCPEP1	-0.263229747570024	0.0123765061561042	0.0373466048155903	1	DOWN
PLRG1	-0.0771946544649152	0.357402890710468	0.527938057120758	1	DOWN
MRPS14	-0.542190384747602	0.000323806114095813	0.00150074475779301	1	DOWN
CENPL	-0.157904954109975	0.342477637134392	0.512386824125593	1	DOWN
TNFSF18	1.11361199926452	0.108490315266378	0.219912019697682	1	UP
CD164	0.912009902475477	0.000418874981102007	0.00189576021043066	1	UP
AFG1L	-0.864041629953593	2.42901469180944e-05	0.000141539077868299	1	DOWN
ADAMTS2	-0.366345837294515	4.85319405466432e-07	3.67191137612325e-06	1	DOWN
DUS1L	0.224570640366097	0.0778508898800301	0.169329200730932	1	UP
MT1E	-1.67142169144271	5.71601480943235e-14	8.35208594652244e-13	1	DOWN
DHRS7B	-0.0309243414910503	0.845521215800968	0.911975283082512	1	DOWN
MTARC2	0.233788182452617	0.44039711676115	0.609012319073242	1	UP
AMN1-AS1	-0.459620389682661	0.418494519029638	0.587779599037545	1	DOWN
H2AC16	-3.06137319282682	3.47172919399495e-29	1.14022633141866e-27	1	DOWN
B3GALT4	-0.0214886021166241	0.956131665607045	0.974473425466352	1	DOWN
PTDSS2	-0.61101422249753	1.01092696954173e-07	8.31468732888306e-07	1	DOWN
MICOS13	0.0874375400162262	0.501837303833042	0.662711402512226	1	UP
ZNF583	-0.263721475862382	0.463797601961477	0.630170385353857	1	DOWN
ATP5MC2	-0.200175581635021	0.495820773094049	0.657384847963501	1	DOWN
DNAJC14	-0.481296353275018	0.0170464221469579	0.0489737269275723	1	DOWN
RPL4P5	0.0428997047862768	0.830909853246498	0.902529231220994	1	UP
RIDA	-0.10027705790664	0.654984556847589	0.788249361530725	1	DOWN
TMOD1	1.0739382518022	7.91331893488154e-05	0.000417050955244249	1	UP
DAB2IP	0.0429001476385505	0.686449536712916	0.81024930613725	1	UP
FAM229A	0.481941436184479	0.0402280817225352	0.099288814512785	1	UP
PIAS4	0.0354803123115747	0.77685642609034	0.868375016509244	1	UP
PRX	-0.0247819164712428	0.93972675780791	0.965137060829585	1	DOWN
PLD3	0.283312881029531	0.00114646681379078	0.00467878902177085	1	UP
GPI	-0.17939769197902	0.181571767139905	0.325141710896997	1	DOWN
AKT2	-0.155604367959187	0.165566833904728	0.303168565225193	1	DOWN
SEMA7A	0.72192808690238	9.43734215247732e-07	6.91226717919157e-06	1	UP
PPCDC	-0.424179455726993	0.0732211771012925	0.161175815733553	1	DOWN
UBL7	-0.318046896281926	0.0245155039147155	0.066132825662041	1	DOWN
BTG1	0.896236801371179	6.97238196000777e-26	2.03963343530511e-24	1	UP
ARMH4	-0.432017865319597	0.156579621071836	0.290957132096334	1	DOWN
SYT16	1.549201860942	2.99048062047415e-68	3.69362696123692e-66	1	UP
SLC38A6	-0.110807412482187	0.298798385215624	0.46554560266857	1	DOWN
NAA30	-0.794530878437056	0.0017351549448089	0.00675868574324351	1	DOWN
PIK3R1	-0.554860531123194	4.9275273108546e-11	5.73330895081802e-10	1	DOWN
RNF115	0.226601749580689	0.00802942697247997	0.0258310884192583	1	UP
CPNE1	-0.32210829314685	0.0108647102207758	0.0334553435756299	1	DOWN
LRRC49	-0.47133185744841	0.0157950146317176	0.0459263091434509	1	DOWN
TUBGCP4	-0.436009777072026	0.000378620469242471	0.00173146974715916	1	DOWN
HBS1L	0.11226136454916	0.152504429468963	0.285286926893979	1	UP
SNX3	-0.0155814103723627	0.807245119742991	0.887543501698093	1	DOWN
DELEC1	0.649115978122976	0.225931397763193	0.382310846496007	1	UP
BCORL1	0.00702287445096596	0.943752854089048	0.967600318993879	1	UP
ATRAID	-0.201775444520153	0.0560975036433427	0.130101913842071	1	DOWN
EMILIN1	-0.090547261709248	0.228496384871772	0.385207799554594	1	DOWN
FBXO11	-0.0371782034107465	0.601166567963934	0.745069841158065	1	DOWN
GPC4	1.69480111464246	1.60612932537321e-60	1.55306062711885e-58	1	UP
RPL13P12	0.179509743148094	0.0285474523731546	0.0749526225008098	1	UP
HLX	-1.26198809805767	5.79732287610313e-15	9.24692195171814e-14	1	DOWN
PUM3	-0.0134474432245232	0.862107263937753	0.922154853528088	1	DOWN
AK6	0.020936465443217	0.871744922497527	0.928352097023618	1	UP
SRCAP	-0.206708529684906	0.00510519799367984	0.0174120641225758	1	DOWN
SCN8A	-0.0230127471326139	0.749312603746783	0.8513496687432	1	DOWN
EMX2OS	-1.0550216730608	8.30622692591456e-31	2.97112092342553e-29	1	DOWN
RPL17P50	-0.277272211431034	0.545663427734671	0.699306686253435	1	DOWN
RHOG2P	2.56493632400975	0.00633699917411795	0.0209892218806277	1	UP
LRMDA	0.0117633540373677	0.978917016871722	0.987389531012302	1	UP
CBX7	0.281471213889947	0.159283516288688	0.294725492175138	1	UP
TTLL12	-0.539385938933443	0.000136747083589011	0.000690231262642263	1	DOWN
TSPO	0.130461889283918	0.286329205839278	0.452212388369771	1	UP
SPOCK1	0.11643047864757	0.137188517948487	0.262551699592846	1	UP
SPRN	-0.104039501122998	0.589538782038431	0.7361055243823	1	DOWN
FBRS	0.302348004092682	0.0262232931576302	0.0699562136645586	1	UP
FAM229B	-0.885695976077878	4.41419813274817e-06	2.92210614825212e-05	1	DOWN
CEP63	-0.279206052139698	0.0502522673239645	0.11918639677155	1	DOWN
GCSH	-0.421840953811277	0.297623870650642	0.464316372101093	1	DOWN
UBAP1L	-2.20479984936321	2.32370287379431e-09	2.33193265480567e-08	1	DOWN
NECTIN1	0.058632506365121	0.773849048437076	0.866296550847393	1	UP
PSMD2	-0.0458877177477604	0.412698497599959	0.582108085889825	1	DOWN
GAS6	0.376253690202974	6.10507247480269e-08	5.16838912322049e-07	1	UP
SHB	-0.23532807221445	0.0297971858112303	0.0776413869740514	1	DOWN
ABCA2	0.0743192998679169	0.430281880697608	0.599036942000109	1	UP
H2BC20P	-0.311757092402383	0.0417976977877829	0.102462855085878	1	DOWN
MFSD2A	0.191819584952344	0.584098037605657	0.732194155611966	1	UP
RPS13P2	0.0847326228278502	0.67068821173703	0.799625366044859	1	UP
SEPTIN2	-0.00379565286339067	0.981709544167865	0.989382597025497	1	DOWN
FILIP1L	-1.52711449668934	6.04132459255126e-05	0.000325758140622979	1	DOWN
ERG28	-0.96312856524521	2.55751072425982e-15	4.22867133595866e-14	1	DOWN
H4C16	0.51918809472159	0.596832235534	0.741346281218999	1	UP
DCK	-0.196918976704479	0.0917775355847985	0.193165914176511	1	DOWN
RP2	0.0414968532429662	0.575470081865803	0.725474845419412	1	UP
PHC1	0.251996625029349	0.166569419192418	0.304663048852178	1	UP
PSMB6	-0.975145257226672	5.55958088179482e-07	4.18445329806338e-06	1	DOWN
KRT18	-0.176329913777085	0.00753245644867187	0.0244007012194031	1	DOWN
CDH6	1.78510109707803	1.98543150502014e-156	1.0246953813945e-153	1	UP
COPB2	0.0503211949041157	0.32176759958916	0.491061736367404	1	UP
MTMR14	0.0976620812419016	0.38696313809782	0.557250055670314	1	UP
THAP7	-0.866055593829358	0.0164591820547424	0.0475437619857085	1	DOWN
FNTA	0.10713777200063	0.341722663493118	0.511469105141279	1	UP
DHX37	0.0200913771987865	0.884219015345554	0.935576625347087	1	UP
UBC	0.54446917823588	5.05319635182724e-07	3.81524244933414e-06	1	UP
LMNB1	-1.64186699980351	6.20453050753898e-29	2.01940699019022e-27	1	DOWN
FPGT-TNNI3K	1.32328566742255	0.0493330112007304	0.117525773963362	1	UP
SF3B6	-0.092150074615274	0.434568756179418	0.603551474824485	1	DOWN
TP53I3	1.97593477602084	2.58470803260318e-190	1.69780071723402e-187	1	UP
HYDIN	0.987145786662337	5.91584854781455e-07	4.43872935433375e-06	1	UP
AASDH	-0.500122789684095	0.000511849694771739	0.00228012945103157	1	DOWN
TC2N	2.07810711927994	8.83789372292629e-08	7.31899152951334e-07	1	UP
CPSF7	-0.00253196492159317	0.973102675154148	0.983859704656307	1	DOWN
SCAMP4	0.0186723669598187	0.856947228547565	0.919152705391588	1	UP
SHTN1	0.619080511262665	1.12561501089561e-05	6.97225140268001e-05	1	UP
NNMT	-0.22707683500767	0.0518874450815683	0.122320631137642	1	DOWN
KCTD5	0.192579382234415	0.0496165649856891	0.118045601022093	1	UP
RNF212	0.361402816817787	0.250233401937447	0.410270353006359	1	UP
ZNF543	0.495826124284897	0.00148804187292622	0.00588503548824933	1	UP
SLC39A7	0.0489713361954881	0.63220618408023	0.769996760736907	1	UP
PIR	-0.617980806190559	0.000237028194014158	0.00113457914266267	1	DOWN
TSPOAP1	0.712079906762298	0.0319806399396318	0.0822188627944528	1	UP
CKLF-CMTM1	0.1160788812682	0.83674314507032	0.906043828472156	1	UP
LOC100289518	0.0882173541259764	0.883430645488635	0.93520300768854	1	UP
DYNC2I2	-0.71197167376365	4.10733963326561e-05	0.000228640851465028	1	DOWN
SET	-0.291995446020306	7.8987420448479e-08	6.5789464720517e-07	1	DOWN
EMC1	0.195723635976524	0.0710616610416069	0.157044206103726	1	UP
ACTR3-AS1	0.809573330059392	0.128362008482962	0.249960838780122	1	UP
GAPVD1	0.0603260979523386	0.521572373416128	0.680379343585166	1	UP
ZSWIM9	-0.382212479660388	0.684962440290001	0.809124214397298	1	DOWN
PIGB	0.110960612323011	0.382725920717467	0.552635119932865	1	UP
LINC02709	0.14243427282258	0.631047820698743	0.768845322376156	1	UP
ALCAM	-0.182059454183653	0.000947266718966302	0.00393926657720346	1	DOWN
PANK3	0.398762919947338	7.79717482933095e-12	9.75558211763303e-11	1	UP
ATG13	0.399705012849328	1.90558306285617e-05	0.000113183645052752	1	UP
GATM	2.90386233513483	0.000158685202836304	0.000790396462789886	1	UP
GFUS	0.278818303920218	0.200557849471095	0.34964575036478	1	UP
ARHGAP1	0.284456933104471	3.04172528858832e-05	0.000173807719040687	1	UP
AFG2B	-0.0736402962276861	0.67154919382062	0.8002932345524	1	DOWN
MAP4K3-DT	-0.67493138969881	0.00065105906196117	0.00282875962248974	1	DOWN
EEF1D	-0.090742325700806	0.356728688834858	0.527428512620476	1	DOWN
TRPV1	1.58467894954868	1.43420212649618e-13	2.05001532443089e-12	1	UP
H3C12	-3.04012608371723	1.25100451780475e-27	3.91304465082174e-26	1	DOWN
ABCB8	-0.177609016659558	0.162580892643643	0.299423754292734	1	DOWN
SND1	0.0196784261722464	0.797887123130168	0.881867536687795	1	UP
NDUFV3	-0.221803681781439	0.0761374968978709	0.166262870543524	1	DOWN
SLC37A1	0.708827559116269	0.00184491979140541	0.00713498852568693	1	UP
PKNOX1	-0.10290759946296	0.698833687484383	0.819408263237971	1	DOWN
SLC9A6	0.5136622236398	0.0789718193129234	0.171354618752411	1	UP
PAPSS2	0.125687993821675	0.0206285484492096	0.0574158616408952	1	UP
TUSC1	-0.560567954060738	0.00415163346582379	0.0145513594990588	1	DOWN
AK3P3	0.707580723454513	0.108565507081973	0.22000843399826	1	UP
CPT1C	0.190746445796944	0.163756626457689	0.300895539834822	1	UP
SEC22C	-0.148268677477569	0.0764968413751908	0.166836078284468	1	DOWN
FASTKD1	-0.422223557541933	0.000243812074427187	0.00116358265771046	1	DOWN
WASH6P	0.209935879009889	0.357465378513991	0.527938057120758	1	UP
KPNA2	-0.662680627635346	7.32888842129749e-10	7.63588800116583e-09	1	DOWN
TMX4	-0.240322567141168	0.000904625741997826	0.00378152924431894	1	DOWN
FTX	0.30423674985391	5.21527803714066e-05	0.000284722262616999	1	UP
GPAA1P2	0.920434238117624	0.00206733261685515	0.00788259199107487	1	UP
MICB	0.154917961133087	0.204307997536719	0.354393814956563	1	UP
ZNF814	-0.0478922874289879	0.857712006562465	0.919615253607511	1	DOWN
ZHX2	-0.186441633513787	0.158234844617724	0.293348523357374	1	DOWN
ZNF551	1.37862389054351	0.178563867476872	0.320788966796156	1	UP
RPL13P8	-0.986987315813763	0.104651962860803	0.213998233380708	1	DOWN
RBM44	0.942503067405725	0.0205223478477028	0.0571422829955979	1	UP
ZBTB33	0.191224185342306	0.0240851526127351	0.0651909609302557	1	UP
LOC105370777	0.30673409312551	0.375256005571067	0.545885296608364	1	UP
DMGDH	-0.608390749825347	0.00904576176994247	0.0286227946874181	1	DOWN
TALDO1	-0.0532219671280111	0.532382136254585	0.688575516961873	1	DOWN
FAM210A	-0.0612935451604217	0.657845167946639	0.790300151467028	1	DOWN
PLEKHA1	-0.0239312703604977	0.766894572859359	0.862241770200778	1	DOWN
MINK1	0.0603049252117803	0.408071626244438	0.578976650627152	1	UP
MARCKS	0.497262145407631	2.76344931229739e-22	6.70043725033718e-21	1	UP
VPS50	-0.0471384390788409	0.632352852057312	0.770110489219637	1	DOWN
ASGR1	1.20485977045084	0.0125733393906775	0.0378142200904642	1	UP
SAT2	0.15622909112827	0.474134405871363	0.639274103955433	1	UP
GDI2	-0.167374178739168	0.0085330393893366	0.0272811841184299	1	DOWN
FIBP	0.21303796539297	0.0368293238574636	0.092271248104058	1	UP
EIF1AX	-0.440923780964244	6.40358046729995e-07	4.78480565320329e-06	1	DOWN
RPS15P4	0.0399398485652616	0.747601420559471	0.850800807707564	1	UP
RPS6KC1	0.257991880445266	0.00106720221790194	0.00438627396214475	1	UP
GCATP1	-0.578060195684167	0.454241850082286	0.622321670035942	1	DOWN
LAPTM4A	0.164068530241499	0.00112059001726393	0.00458743522364902	1	UP
CANX	0.0686923938629528	0.138836841389742	0.264757349554389	1	UP
CAPN2	-0.0566854785089155	0.222674635682641	0.378039375029352	1	DOWN
COPA	0.0593218827824144	0.242404808251427	0.40157940116729	1	UP
WDR47	0.898641429223432	2.14367986830342e-12	2.80600704500478e-11	1	UP
OTUB2	0.861404952811185	0.00251239253099	0.00936702385586597	1	UP
DZANK1	0.023436340509178	0.930055054503798	0.960819938299793	1	UP
KDM2B	-0.254470552547309	0.0487157565622438	0.11628533169491	1	DOWN
SARAF	0.365403069540081	0.0139077861637573	0.0412438780735598	1	UP
NARS2	-0.362687457127447	0.00697794368929285	0.0227883083059821	1	DOWN
RNF122	1.21595569461545	3.94741737917202e-05	0.000220162595702103	1	UP
SIX1	0.928313484660794	0.235700959286408	0.393770469670275	1	UP
KTN1	0.250564152984281	1.28927997554601e-06	9.26013167326809e-06	1	UP
ATG14	0.0383428260784134	0.662616504524549	0.793788535760943	1	UP
PCNX4	-0.153338208075848	0.312026378054415	0.479741801177184	1	DOWN
GFOD1	0.775842487512952	1.86958641610978e-05	0.000111228461503509	1	UP
CDKAL1	0.269518616491469	0.00892245101443676	0.0283256457841884	1	UP
ZMYM2	0.335595029963906	5.20426034954762e-07	3.92314899902518e-06	1	UP
MRPS5	0.173627026722046	0.068450650435492	0.152369123450908	1	UP
SNRNP200	-0.0882110921693454	0.103352304283498	0.212090904459078	1	DOWN
CIAO1	-0.00730200509914064	0.927477699764278	0.959366829941793	1	DOWN
ZNF514	0.075165409337054	0.737148777252879	0.844902996516605	1	UP
CLN6	-0.206805471877665	0.209014821029318	0.360693120394346	1	DOWN
UAP1	-0.191517218836499	0.0183600124562884	0.0521565834491495	1	DOWN
KIFAP3	0.122871225998832	0.248556426579922	0.407937412891136	1	UP
CAPN15	-0.277598129410639	0.0991510693564398	0.205512349866597	1	DOWN
FAM114A1	-0.0536562382080361	0.360009803990553	0.530326368753056	1	DOWN
RBBP7	-0.255925242249922	0.00192027089381035	0.00739601137698651	1	DOWN
KCND1	-0.545339261531363	0.00643487589406253	0.0212549466388795	1	DOWN
GMCL1	0.307586246632991	0.00142599416579473	0.00567218323421405	1	UP
COMMD3-BMI1	-2.33932033178688	0.0723004877311685	0.159440614711295	1	DOWN
SNHG8	0.370460847397283	0.043580242988983	0.106076821868586	1	UP
SNRPF	-0.460507142735942	1.81260246880574e-05	0.00010801615784211	1	DOWN
ZNF428	-0.199825306451744	0.225746708216491	0.382087805157708	1	DOWN
ZNF227	-0.142252880076168	0.67932231839677	0.805256896329401	1	DOWN
PRR7	-0.709367641387936	0.410858039228842	0.58060918491062	1	DOWN
NUPR1	0.628454831362669	2.52785429295691e-13	3.55005076652287e-12	1	UP
PAFAH1B3	0.372516137600294	0.0995281745733606	0.206087068456747	1	UP
ZNF586	0.0465324944188924	0.724567610133738	0.836720995208778	1	UP
IRF9	0.507572326893102	0.0164664683429043	0.0475533441293585	1	UP
CSNK1E	-0.490307912691544	2.23404100131639e-05	0.000131182960219517	1	DOWN
MDP1	0.327786978415255	0.375708987508755	0.546267427424619	1	UP
WDR83OS	0.0712426634927129	0.450848700258587	0.618728828816414	1	UP
DHX15	-0.155713100851869	0.00566212080109298	0.0190375308740332	1	DOWN
TMEM86B	-0.225545822442613	0.711617513734236	0.827852575348047	1	DOWN
CREB1	-0.265296051883786	0.0733554811441363	0.161373124983089	1	DOWN
KAT6A	0.124001809008221	0.0528095934379532	0.123948584500871	1	UP
KLF7	0.225908474702399	0.0881344818727035	0.187023700079653	1	UP
DNAJC3	-1.08650091466019	4.85108768814968e-71	6.43147414508725e-69	1	DOWN
FAM32A	0.1058211566027	0.215747300341878	0.368835234501417	1	UP
ABCC2	0.721139998367738	0.085897809778037	0.183366289396218	1	UP
VRK3	0.230423638773993	0.0393453554355678	0.0974763811759627	1	UP
AQP11	0.724096486270081	0.0511954570053025	0.120985371902474	1	UP
ZNF117	0.553599038982822	1.45238144107812e-11	1.78018356276674e-10	1	UP
GNA11	-0.147878680742259	0.802825977571789	0.884945705712427	1	DOWN
PDZD2	-0.487751078491494	0.342018687058108	0.511806155812024	1	DOWN
EIF2S1	-0.114491600737873	0.109744192084105	0.221930215478226	1	DOWN
STXBP5	0.231090725033093	0.000401939540457066	0.00182482824352657	1	UP
DPAGT1	0.153632026660852	0.469579318534391	0.635049177942578	1	UP
MACROD2	0.489797300786265	0.406204321875507	0.57713682582076	1	UP
IL31RA	-0.220658076293328	0.758005379812183	0.857194569904075	1	DOWN
NEGR1	1.07086535202229	1.69776320952319e-25	4.8355776299565e-24	1	UP
ZNF131	0.21005076747292	0.324832177399748	0.494225078501133	1	UP
NUDT17	-0.431163500272219	0.297861175960618	0.464536137902751	1	DOWN
ELMOD3	0.057901755663373	0.668811497572986	0.798330405160761	1	UP
TJP2	-0.795863896962759	1.92219077732875e-16	3.39164577816578e-15	1	DOWN
IGFBP2	0.0749605586827446	0.51942532108885	0.678619954349062	1	UP
GIT1	0.364947971682881	0.00359156875728626	0.0127931378140359	1	UP
FAU	0.0986723267529013	0.316423859837626	0.484543943892501	1	UP
CRBN	0.0936528207784877	0.465586253799511	0.631695329420405	1	UP
TM7SF2	0.0868396421616567	0.736599574859233	0.84467548454934	1	UP
RBBP8	-0.766965932022228	1.06974295733821e-09	1.10184287074087e-08	1	DOWN
ENOX1	2.90805051951732	6.57867558515338e-10	6.87407381641732e-09	1	UP
MRNIP	-0.854297455470648	0.00581605438288666	0.0194690298557089	1	DOWN
MRPS17	0.237456388305737	0.324135468552345	0.493580785674388	1	UP
NEFM	1.312651689069	2.23592048603056e-49	1.61556434718138e-47	1	UP
TUSC3	0.389570296860871	2.3326938958433e-06	1.61988272411492e-05	1	UP
ARHGEF10	0.294982313552532	3.71374355008929e-05	0.000208254978821654	1	UP
ARMCX4	-0.118917716141951	0.295647113520667	0.462330531055855	1	DOWN
YRDC	1.37827971099937	1.199892189651e-30	4.18831933155715e-29	1	UP
DDI2	0.142264683152715	0.245255750099171	0.40455691593811	1	UP
ADAMTS12	-0.342230470350225	3.38935676304774e-06	2.29197915689298e-05	1	DOWN
WDR89	-0.113121949703105	0.514601842791312	0.674711609716305	1	DOWN
PTCH2	0.321572715590679	0.521440956709993	0.680379343585166	1	UP
CIB1	0.080517119288317	0.669985966201676	0.799171869383444	1	UP
ANKS1B	1.73307473219467	0.0506253080636727	0.119951848963459	1	UP
NELFA	-0.0603390598883475	0.738454035464297	0.845666693976218	1	DOWN
SF3A2	-0.218181967313541	0.06510428762343	0.14659115930916	1	DOWN
HAS3	1.70171663487451	0.000257592527020644	0.00122328938809574	1	UP
IL13RA2	-0.0328762741411152	0.94285044869794	0.967144508385429	1	DOWN
LOC100132686	0.549895520665841	0.378532804487479	0.548762520106711	1	UP
SLC38A7	-0.104517710376266	0.400491204838414	0.571435466145332	1	DOWN
VAC14	0.23010331368088	0.0280620432409225	0.073960347779422	1	UP
PPP1R16A	0.302812280887056	0.106385677106685	0.216471334816771	1	UP
PSME2P1	-0.110469789153357	0.744669972868105	0.848868169882416	1	DOWN
PREP	-0.0436261443194929	0.616512494041389	0.757252987930669	1	DOWN
LOC102724200	0.407623416763583	0.0463901994017128	0.1116730524879	1	UP
THRA	-0.166828590807965	0.0677020178233901	0.1510983566897	1	DOWN
LINC01909	0.475297499288262	0.496043358672227	0.657583944241111	1	UP
IGSF3	0.714996524581063	0.000473936516061823	0.00212170278612435	1	UP
ZNF697	-0.305256072796586	0.00453856207209687	0.0157131673463996	1	DOWN
HAUS4	-0.972992193398143	0.000241558914848894	0.00115397285239053	1	DOWN
IRS2	0.239007669809635	0.000141236320573388	0.000711151940280847	1	UP
SPACDR	0.193283385510477	0.726739943071069	0.838000693717119	1	UP
ZNF616	-0.323224856766596	0.00903789157513616	0.0286104208438757	1	DOWN
PPP1R11	0.0486185306768634	0.59290390926683	0.738370768081262	1	UP
NDUFAF2P1	0.0850057844812944	0.811614917941846	0.890256765369211	1	UP
IFT57	-0.169112507655729	0.10190760994552	0.20990120742912	1	DOWN
TKFC	-0.0826962122157098	0.673248318979849	0.801120860002689	1	DOWN
KAT14	-0.350326971061648	0.0280962212843227	0.0740206402404552	1	DOWN
APBB2	0.273996317357244	0.00022097139899974	0.00106512931519188	1	UP
RBM47	0.112342034914932	0.786742787452631	0.875067518838401	1	UP
TMEM161B-DT	-0.0671803428756264	0.728000294622089	0.838808185104753	1	DOWN
CAPN10	0.214539302737923	0.150114224895078	0.28187378689693	1	UP
CACNA1C	0.206417814473628	0.014583198411881	0.0428424070441334	1	UP
SNN	-0.108516470958775	0.254605564196705	0.415834652826241	1	DOWN
MAGED4	0.222590523632643	0.195594319285706	0.343776880077565	1	UP
CHCHD4	-0.203167780135139	0.292466302099617	0.459182397411439	1	DOWN
GLB1L	0.172588525244979	0.340832657639447	0.510507124331224	1	UP
FBLN2	-0.22062781995354	0.0291744917037603	0.0762801844782052	1	DOWN
SRSF12	0.644178923762413	0.188938613121658	0.334889230739738	1	UP
STT3B	0.0927087557875386	0.150778063688572	0.282812705360863	1	UP
CPT1B	0.379211116907339	0.484427442003174	0.648070816921669	1	UP
FLRT2-AS1	0.643286234478824	0.208738985123396	0.360263594173916	1	UP
GFER	-0.346265671511884	0.117637902758855	0.23473983927679	1	DOWN
USP7	-0.0356734399548467	0.601563620295794	0.745365332838422	1	DOWN
MAX	-0.693694520564457	0.00463066759206934	0.0159899109612889	1	DOWN
CHURC1-FNTB	-0.538078972392479	0.198583156768954	0.347298220799728	1	DOWN
SCARNA2	0.436632319620725	1.13151966091357e-06	8.17988525255728e-06	1	UP
POLI	-0.186262255320471	0.308680507771602	0.476015581881061	1	DOWN
SNRPG	-0.208747979486915	0.0551220631177512	0.128437428912387	1	DOWN
ETAA1	-0.42886418427067	0.000581084448328826	0.00255935731874424	1	DOWN
ACTN4	0.410852990236708	1.29087199847359e-14	2.01233994066255e-13	1	UP
PINK1	-0.0488475749760598	0.542959623759983	0.697234984777462	1	DOWN
CDA	-0.429719396009095	0.0513064162191502	0.121207948468684	1	DOWN
FIRRM	-1.08155396806655	3.29246724605462e-06	2.23168124637595e-05	1	DOWN
IFI44	1.31543396410082	7.07519261229179e-06	4.52806060408453e-05	1	UP
RPL7AP22	0.380100252788313	0.2668999613527	0.430215054361697	1	UP
RBM45	-0.250216101873776	0.133540476731686	0.2574608029147	1	DOWN
CLCF1	0.260603424084444	0.0738910226937817	0.162378219122238	1	UP
ATP5MC1	-0.943896282417601	2.70806571978819e-14	4.09782803315802e-13	1	DOWN
ARHGAP29	-0.414023523700226	2.04540482489214e-14	3.12453965375437e-13	1	DOWN
ALDH2	-0.456786909439371	0.0480708343993083	0.115049954936139	1	DOWN
HVCN1	-0.602623459490489	0.00778727892564806	0.0251232028153638	1	DOWN
HSPA4	-0.0961999406749393	0.100611137392258	0.207763867741572	1	DOWN
SPRTN	0.319518433323016	0.0566807884923203	0.131223017382653	1	UP
MANCR	1.64967739190167	0.000102731209796409	0.000531912831518419	1	UP
SMAD2	0.0543426283706103	0.829402867944235	0.901655069936218	1	UP
CALCOCO1	0.395833602905697	0.000164110817187511	0.000813777619122061	1	UP
DZIP1	-0.3798002311867	9.35186058047685e-09	8.79269598233383e-08	1	DOWN
COL4A2	0.733338373351692	4.9826157606808e-58	4.52853964513197e-56	1	UP
ATP5F1C	0.105660766249423	0.127328753717533	0.248453315177469	1	UP
DIAPH2	0.0670211977228647	0.479614133148347	0.643865294559774	1	UP
GFRA1	-0.524669257025172	8.37237537601833e-08	6.9494081883309e-07	1	DOWN
ME1	-0.0844042567575931	0.184046925907922	0.328427295029476	1	DOWN
ZNF558	0.201847400170755	0.185833628427729	0.330935455169593	1	UP
FAM98B	-0.359738737065732	0.000100632613712072	0.000522134304736862	1	DOWN
NFE2L1	-0.883517639492209	2.21215593132485e-08	1.97332502244293e-07	1	DOWN
SLC25A44	0.335832226258058	0.0950124129015822	0.198701067849604	1	UP
RASSF8-AS1	-0.582673585881564	0.000440445013374008	0.0019852997156169	1	DOWN
SREK1IP1	-0.169883833301066	0.15721574832278	0.291908618657651	1	DOWN
PAQR6	0.539305821551206	0.236762993150412	0.394905587952055	1	UP
PMF1	-0.498876323291292	0.0466860512876507	0.112293629686724	1	DOWN
LMNA	-0.366321920599598	3.34143781797272e-05	0.000189658750618711	1	DOWN
POLR3DP1	-0.264676708883062	0.534344410904291	0.690186904002316	1	DOWN
RNF214	-0.188994069049343	0.325241419085038	0.49458736685235	1	DOWN
CDK12	0.097801710985114	0.157395441061886	0.292129658205152	1	UP
RPSAP6	-0.112369942342844	0.791684670662127	0.878359706390664	1	DOWN
CAV2-DT	-0.386478467399803	0.50786697340775	0.66868622036616	1	DOWN
HOXA10-AS	-0.0237600401194154	0.939043711652671	0.964814836622307	1	DOWN
LOC442041	1.34214480111694	0.0131765894098668	0.0393256698806248	1	UP
DLEU1	-0.955171488664307	4.92258907180894e-06	3.23935950258247e-05	1	DOWN
DDX27	-0.100925173725717	0.263791155745453	0.426498768368487	1	DOWN
KLF17P2	-1.63212237769379	2.15053557052661e-42	1.16832291464963e-40	1	DOWN
PCDHB9	0.553426005375653	0.337271747176976	0.507171073720549	1	UP
TOX4P1	0.339960742277383	0.751985879895752	0.853246541329579	1	UP
CHID1	0.0142781603217786	0.894270273628281	0.940066903630049	1	UP
BTBD2	-0.960367442308776	1.3144552411937e-15	2.18838625466476e-14	1	DOWN
KMT5C	-0.256223192067909	0.55894963838779	0.711224035027323	1	DOWN
KIAA1614	-0.109589607130336	0.577676367802051	0.727304512206607	1	DOWN
CEP350	0.0644481974182652	0.362486495031322	0.532900941917819	1	UP
NPL	-0.344426428189756	0.514186399649371	0.674335934416287	1	DOWN
SLFN11	-1.15496433987831	9.09461625198647e-22	2.15806731457236e-20	1	DOWN
ZNF660	-0.155890811646219	0.394088184012423	0.564920974820308	1	DOWN
PROB1	-0.571110090951225	0.00140623061152804	0.00560591408750116	1	DOWN
EGFL8	-0.413311235945891	0.0890903871323747	0.188719610737313	1	DOWN
GEMIN5	-0.391421428347792	1.71998448465397e-05	0.000103049319186296	1	DOWN
TANK	0.241773141287735	0.0281002859566215	0.0740206402404552	1	UP
OSBPL5	0.0640575271235845	0.543964123965886	0.698012196411995	1	UP
WASL-DT	0.133017139210578	0.795573677152764	0.880238088904994	1	UP
RBM6	0.27213940767836	0.00114765286644036	0.00468230705051656	1	UP
LINC02104	-0.1890745203518	0.715832559202431	0.830447300994333	1	DOWN
TRMT2A	-0.00693201798572924	0.965593768518701	0.97991683492821	1	DOWN
RESF1	-0.220578633616631	0.485225815492848	0.64889859889757	1	DOWN
SMARCA4	0.0464562136827464	0.623749133649594	0.76323443948944	1	UP
SCP2	-0.132922659289371	0.0780636630159343	0.169664309556816	1	DOWN
SRD5A1	-1.10474330752192	1.38064496231216e-05	8.40607417644722e-05	1	DOWN
TCF7L2	-0.849641026655203	2.29211743707855e-06	1.59477077916332e-05	1	DOWN
RN7SL552P	0.688849693164502	0.314032821452524	0.481852654789809	1	UP
AS3MT	-0.33273443372158	0.0934935057616719	0.196226078500639	1	DOWN
GPC2	2.52320988457531	0.000154511119809063	0.000772876494413558	1	UP
RPL7P7	0.320890059850505	0.457477571394994	0.625036246972588	1	UP
ATP5MJ	-0.457884663591405	0.000188221222762331	0.000921716330104522	1	DOWN
RAB33B-AS1	0.714837647399799	0.00127817517606854	0.00516958003620668	1	UP
EHD3	-1.71940732329868	9.15429615040142e-85	1.61327723987135e-82	1	DOWN
SRP54	0.0561148682142646	0.564328528548185	0.715297918257155	1	UP
PCK2	-0.0115587375324047	0.952906823881204	0.972489866660118	1	DOWN
CHD8	0.10622535649106	0.124973627674984	0.245279626990519	1	UP
HIRA	-0.389060639574796	0.0217961130158457	0.0601213264348132	1	DOWN
RPL13AP20	0.027282790718129	0.949170099707615	0.970389608126972	1	UP
SASH1	-0.661321535898261	1.50093632132546e-24	4.03911187699706e-23	1	DOWN
SP2-AS1	-1.24469880246328	0.16186535421255	0.2983947230164	1	DOWN
TENT5A	0.465783075652566	1.13392394457073e-05	7.01770232248035e-05	1	UP
UBE2D1	0.185809830338636	0.245387213912782	0.404666281895882	1	UP
YARS1	0.390180861874106	1.65255889685372e-07	1.32452183130522e-06	1	UP
PHC2	0.553348224871313	8.69288449104212e-12	1.08480892728886e-10	1	UP
SHOX2	0.229315482647788	0.599174686734341	0.743680614789828	1	UP
TCTN2	-0.134435024396711	0.359427620145653	0.529738759686367	1	DOWN
MSR1	1.85609818365797	5.63572134483453e-05	0.000305597782942603	1	UP
HNRNPLL	0.227349089978566	0.0139653387309135	0.0413805843757291	1	UP
ZC3HAV1	0.0164082826201444	0.783244660173217	0.872673468310114	1	UP
ERP44	0.0706811903168914	0.421616857979781	0.590386164211804	1	UP
MTA3	-0.332407219223678	0.00894439949025126	0.0283641687587494	1	DOWN
KRT7	1.46482349389388	3.12584338715287e-35	1.32467926063772e-33	1	UP
ZC3H10	-2.02966974943524	0.000853091469234036	0.00359312877350657	1	DOWN
HNRNPA1	-0.242415867620652	0.00594232398638128	0.0198228356249298	1	DOWN
EIF3M	0.139863321330128	0.0565395667731394	0.130980006322321	1	UP
RPS21-DT	0.360655764498727	0.502671104478958	0.663569939784911	1	UP
SNX13	-0.0345091230827276	0.715405230079871	0.830298111912693	1	DOWN
RB1	-0.549953489549881	2.43810765577084e-14	3.70484686998364e-13	1	DOWN
ESD	-0.305730262685783	0.00276591454404083	0.0101938870379837	1	DOWN
TMEM203	-0.641571429420567	0.000975791554603552	0.00404392422012502	1	DOWN
B3GALT2	-0.256324636457736	0.299712810563181	0.4664171683662	1	DOWN
NTNG1	-1.50649259657614	9.66383241477977e-09	9.08010677672188e-08	1	DOWN
EEIG2	-0.13870658648128	0.154216350393986	0.287670127732476	1	DOWN
HENMT1	0.0130279344324197	0.973361102587552	0.983983301398581	1	UP
RPS25	-0.051883225433218	0.378177564208156	0.548589036375433	1	DOWN
FXN	-0.0843869511905206	0.792171763273613	0.878428034919198	1	DOWN
PSMD13	-0.155239907181393	0.0458931893837944	0.110662853293044	1	DOWN
P4HB	0.154633477727537	0.207163578685171	0.358310879199155	1	UP
GUSB	-0.240510614913287	0.16344197337117	0.300610914749494	1	DOWN
OTUD3	0.108097620031536	0.252664446653923	0.413224753123115	1	UP
MEG3	0.443960279335761	2.38821431137482e-11	2.86883499698068e-10	1	UP
LINC02381	0.712755642720856	0.358440606285229	0.528823399839494	1	UP
RPS4XP3	-0.348243762689099	0.514989673584669	0.674791818310221	1	DOWN
CPE	0.14364540900319	0.246345337451584	0.405737003819562	1	UP
RPL34	0.0908670714216149	0.12744177310473	0.248540706060769	1	UP
ZNF213-AS1	-0.0927006399241782	0.663699172635814	0.794558590320615	1	DOWN
HADH	-0.259773265920851	0.00532590470401613	0.0180583408910692	1	DOWN
CASP6	0.660062612893887	0.000145365722219181	0.000730417264182679	1	UP
ZNF582	-0.148284023153398	0.653625716854269	0.787522530787147	1	DOWN
ZNF501	-0.829159524140934	0.0152479377632876	0.0445147370943978	1	DOWN
SLC40A1	-0.721171148336861	1.03009230319426e-08	9.65360821884582e-08	1	DOWN
ZNF197	0.00471266457633525	0.967055679505983	0.980765079973399	1	UP
PID1	-0.597837950838043	0.145021968095106	0.274595448236685	1	DOWN
CXXC1	0.0351345183711247	0.792745248505952	0.8787942302976	1	UP
TRIP12	-0.0486376802750799	0.328661883732209	0.498111471611343	1	DOWN
SKA1	-2.59362680655619	3.4154063029026e-12	4.39110644868732e-11	1	DOWN
ANKRA2	0.0846480209262932	0.656985872935595	0.789637372707577	1	UP
EBF1	0.553992046508079	4.92588263114808e-06	3.24005142934551e-05	1	UP
DNAJC13	-0.175306477712758	0.00101133020153193	0.00417444522774577	1	DOWN
TRMU	-0.291303862541229	0.00959325049425157	0.0300692459129471	1	DOWN
UTP15	-0.241350215474765	0.0203746681964762	0.0567967457768668	1	DOWN
ACO2	-0.17171109688452	0.0383736812495141	0.0954947593829393	1	DOWN
PHF5A	-0.292333202192024	0.0303171226363208	0.0786604857511786	1	DOWN
SAPCD2	-2.00913568216497	6.86701916746021e-08	5.76949383656788e-07	1	DOWN
PREX1	-0.437309481657539	7.22425932402198e-05	0.000383533326566648	1	DOWN
EDARADD	-0.705651136257661	0.114515965624953	0.229619844490939	1	DOWN
ROCK1	0.153883962205703	0.00346334026024794	0.0123852338779616	1	UP
ATP1A1-AS1	-0.100229270027313	0.859062528137169	0.920396841200343	1	DOWN
STIL	-0.626065294280439	0.000161715172097261	0.000803902976256456	1	DOWN
NDN	0.0634540727672402	0.790417919683812	0.877695509247792	1	UP
NCAPD3	-1.06435002898009	2.89672723099967e-22	7.00010120655121e-21	1	DOWN
RUSF1	-0.0198229331373893	0.855959588993165	0.918457143149333	1	DOWN
NAP1L3	0.32245075956417	0.445251477439098	0.613494384103013	1	UP
STX10	0.101850947663076	0.662872023880876	0.793963001831955	1	UP
STEAP3	-0.929999761675617	2.26364159843643e-07	1.79145042382283e-06	1	DOWN
RRAGA	-0.216764760472203	0.00309874656467824	0.0112230542872595	1	DOWN
SCRIB	-0.0217123326960851	0.809623761778643	0.889115660875688	1	DOWN
KCTD2	-0.276879428213745	0.0140839014048892	0.0416891559201257	1	DOWN
D2HGDH	-0.193005370166129	0.33912789838124	0.509167507481278	1	DOWN
SLC25A30	0.0905371450382281	0.705486872687367	0.823172450319349	1	UP
TNFAIP8L1	-0.560829936774893	0.00213244929210525	0.00810734667724624	1	DOWN
ZNF254	0.89098612317865	0.000300083295356197	0.00140253037649829	1	UP
SCYL2P1	-0.0215413983875698	0.925240718715714	0.958744702865394	1	DOWN
USP9X	-0.201149872818078	6.0450069904328e-05	0.00032583512129334	1	DOWN
TTC23L	0.436399029262583	0.559028061987223	0.711224035027323	1	UP
GMNC	0.971381863512426	0.00331419945426047	0.0118903628998632	1	UP
SNHG4	-0.323956942241031	0.237365562560013	0.395773594618063	1	DOWN
LINC00506	0.487230703947078	0.185224202151113	0.330168366261963	1	UP
PCDHGA2	-0.348747458605511	0.271382891629377	0.435315147845058	1	DOWN
ANKRD26P4	-0.222983711496035	0.745551125218199	0.849413379890271	1	DOWN
RABGAP1L	0.0849350493912998	0.544333456232717	0.698283424413581	1	UP
LINC01572	-2.03920770193623	0.00277690592961925	0.0102172858925703	1	DOWN
RPS7P11	0.0565597165751446	0.530246503726764	0.687269243157382	1	UP
WDR37	0.962392096877898	0.000231461200462143	0.00111087539285235	1	UP
TOX4	0.0229484682166239	0.934584276092722	0.963383791555455	1	UP
SUPT16H	-0.558510106999061	9.23731342996102e-16	1.55762446180125e-14	1	DOWN
CTSC	-0.289651844705308	2.79982067857502e-06	1.91981802053599e-05	1	DOWN
GEMIN2	-0.144164692816748	0.509854040983537	0.670113755912059	1	DOWN
SLC35G2	-0.204071571462046	0.190250214920584	0.336635956387579	1	DOWN
NVL	0.284345047662732	0.0586516395370259	0.134599784492546	1	UP
SRP9	-0.219352150998011	0.000849077109021929	0.00357932752450071	1	DOWN
SNAP47	-0.136275461757013	0.29035350563904	0.456771011320462	1	DOWN
DUT	-0.942296400796877	4.06041920425906e-14	6.03053627140264e-13	1	DOWN
DDX39A	-0.63072396184668	6.59405723686934e-05	0.000352797930877448	1	DOWN
SMARCE1P1	0.853523894730231	0.240341815567297	0.399261935482585	1	UP
PRDX4	0.156304788497489	0.130859816166654	0.253424712332393	1	UP
RN7SL1	0.317103055881832	0.000300357597268622	0.00140331963728705	1	UP
RBPMS	0.434901072785142	8.06441170527357e-06	5.10239989285939e-05	1	UP
BRD7P2	0.114588882955542	0.513203565997881	0.673352526987051	1	UP
EIF3L	0.0601352032179334	0.409019338237812	0.579638919756045	1	UP
SCNN1D	0.318350723201331	0.425389254734975	0.593769933369567	1	UP
MXRA8	0.0420654486541323	0.852634981451347	0.916797019243125	1	UP
GLIS2	0.0501259423932812	0.661341293458474	0.792589403862034	1	UP
GATB	-0.44166360367788	0.00112338489519973	0.00459627268418214	1	DOWN
HSBP1L1	0.0827368067847472	0.48361211585143	0.64757956691707	1	UP
FANCC	-1.11175622943837	1.73096000704603e-08	1.56729969059036e-07	1	DOWN
GBP6	2.90684245167061	0.00318473135231585	0.0114970154315055	1	UP
CABCOCO1	-0.272951822842159	0.762487601639682	0.859493629586197	1	DOWN
EYA3	-0.130553377699561	0.0636407489780626	0.14386717662555	1	DOWN
TMEM68	-0.0396780179926811	0.77782213076644	0.869015839461881	1	DOWN
RFC1	-0.0360152130118717	0.709029573277507	0.826256808641925	1	DOWN
TMSB15A	-1.44292711804665	0.0260792414419778	0.0696104761872961	1	DOWN
ALKBH8	0.0683782042656439	0.583721153123933	0.731917950871493	1	UP
WWC2-AS2	0.254200255570305	0.660548867042576	0.792033826554287	1	UP
SQOR	-0.0404032821469958	0.702674483601592	0.821852924217257	1	DOWN
MAP2K5	-0.18349727289823	0.180077509640533	0.322986234555708	1	DOWN
LIMA1	-0.219391807365124	0.0295454517627977	0.0771245165144851	1	DOWN
H4C15	-1.86518865267265	4.8565592839122e-13	6.67765349303665e-12	1	DOWN
SLC37A3	0.787847478486214	3.09376386797649e-16	5.38002185994323e-15	1	UP
UTP18	0.0965586829995183	0.34005856266102	0.509823248160017	1	UP
LRR1	-0.501054016691059	0.00651597950752567	0.0214884572942158	1	DOWN
RPL36AL	-0.0990379313509351	0.272481187015323	0.436412958555298	1	DOWN
DEPP1	0.0696518603166155	0.718670921075478	0.832439362012002	1	UP
DNAAF2	-0.395981990734047	0.0228358270992224	0.0623937488014489	1	DOWN
B4GALT4	0.168770024503448	0.100725282542454	0.20791044965305	1	UP
NAA50	-0.116771943104557	0.0321774539911177	0.0826219594217558	1	DOWN
POPDC2	1.45094470348052	3.00008232233227e-05	0.000171631787965256	1	UP
SLC35B4	-0.28255657777816	0.00268459879821866	0.0099296486391241	1	DOWN
PSPC1	0.137807765933848	0.11376186059414	0.228519967673883	1	UP
FAM220A	-0.344884211957912	0.0539898835890266	0.126185962759991	1	DOWN
FAM131B	0.00251475117231675	0.990528985747242	0.994658770970286	1	UP
FRMD5	-0.165327952464341	0.72666623441748	0.838000693717119	1	DOWN
ADRA1D	-0.753790327063017	0.023077718392946	0.0629119238816191	1	DOWN
RGS12	0.266116580715811	0.0297144992653605	0.0774678385141123	1	UP
PYM1	0.348514577570383	0.0880686792747135	0.186911511851797	1	UP
KLC2	0.54699806685988	6.18472647870643e-11	7.16149698267521e-10	1	UP
NARS1	0.416255465329351	8.61572738566399e-06	5.42745756103881e-05	1	UP
RELCH	0.332691058100249	0.000978943068018291	0.00405582175342096	1	UP
RUNX2	-0.381271250937242	0.0468720257174803	0.112628474167494	1	DOWN
RASGRP2	0.385644361418328	0.0572570952806797	0.132049518656416	1	UP
UBE2K	0.363591209191209	0.204054143590193	0.354123505346689	1	UP
GNL3LP1	0.116106297891059	0.766413877536614	0.862036655065505	1	UP
PIK3C3	0.335665637237976	2.99343804581132e-05	0.000171319497821859	1	UP
ZBTB8A	0.197745916937429	0.247258809141758	0.406685300581328	1	UP
AGAP1-IT1	-0.487958972241037	0.448497393107384	0.616262796215157	1	DOWN
MRPL53	-0.274073304227336	0.17959474716361	0.322252164981177	1	DOWN
SUCO	0.837986826281329	1.24872372325909e-05	7.66255054132361e-05	1	UP
RPL7AP30	-0.130141525043317	0.607497111718082	0.750231380605965	1	DOWN
FAM72D	-2.24059747849336	1.67691152651339e-18	3.39511407199632e-17	1	DOWN
RNASEK	0.324826318628078	0.00433215317511167	0.0151071297136918	1	UP
TNFRSF25	0.303467131524184	0.296327205551022	0.462993236827529	1	UP
NALT1	0.393347954109295	0.521541568098777	0.680379343585166	1	UP
FOXJ2	-0.145059070898012	0.0662651001682267	0.148649016226489	1	DOWN
GUF1	-0.22000272441654	0.0143771182062237	0.0423316493883738	1	DOWN
RMI2	-1.65551427987187	2.48166256392772e-07	1.95542561130422e-06	1	DOWN
SPTY2D1	0.724958809031361	2.03304465268222e-17	3.81552315271568e-16	1	UP
FARSA	-0.193919474397127	0.146821175643311	0.276949851092741	1	DOWN
MTUS2	-0.256867156005324	0.609382052732624	0.751724546537784	1	DOWN
CEP162	-0.18927139220872	0.217190876865405	0.370557893929394	1	DOWN
GNRH1	0.641394424843899	0.272471238947418	0.436412958555298	1	UP
BIN3	0.467829519413113	0.0186456227624986	0.0528138435654299	1	UP
B3GNT5	0.172360728525455	0.592077234969224	0.737847651928475	1	UP
KBTBD11	0.121342838607628	0.762706520763188	0.859673343073772	1	UP
ZNF606-AS1	-0.677118200408201	0.191479377850946	0.338283392574745	1	DOWN
DRC11	0.421533877001779	0.25870103763598	0.420432826684385	1	UP
APOL6	-0.130049169358355	0.104574418146443	0.213900200514402	1	DOWN
ILKAP	-0.0762003905293681	0.546994372189801	0.700391252216446	1	DOWN
PER2	-0.0246648772567681	0.89195934820668	0.939312263686653	1	DOWN
RAMP1	-0.0242720633356638	0.891992401534284	0.939312263686653	1	DOWN
ANK2	1.20574389556072	9.95757683432963e-12	1.23516689126951e-10	1	UP
FADS3	0.329933008469032	0.000645626467851394	0.00280853343977137	1	UP
ACAD9	-0.142401523175369	0.105167700872686	0.214597351780738	1	DOWN
CASC2	0.00601331605146713	0.992678465006272	0.99577929319767	1	UP
TIFA	-0.702923829005768	1.56197128900126e-05	9.41286367696297e-05	1	DOWN
LAMB2	0.157194418732848	0.0375050084698684	0.0937365751293788	1	UP
TLL1	0.199185160029408	0.0133535403821065	0.0398044579335439	1	UP
CDK11B	-0.149341925728763	0.184181884068819	0.328553562113135	1	DOWN
QPCT	0.220125209316934	0.18783672948347	0.333578020657777	1	UP
CDIP1	0.312191167258461	0.33978267717698	0.509621117580129	1	UP
IL11	0.62209225458807	0.00543301001215739	0.0183740762194445	1	UP
HTT	-0.00989274392787022	0.849993384308636	0.915090098833651	1	DOWN
RAD9B	1.0569275276852	0.0348224248688351	0.0879907084769253	1	UP
GNL3L	-0.229035197075918	0.018646199562025	0.0528138435654299	1	DOWN
FKBP4	0.324952263410593	3.82915979852549e-05	0.000214228371074301	1	UP
SCRN2	0.0485840311739408	0.860834418926258	0.921451838724682	1	UP
LRRC46	-0.127117912115206	0.888476709139061	0.937249209706443	1	DOWN
GPR52	0.117645594449134	0.73697356306848	0.844900170423413	1	UP
MSANTD3	-0.794587160356644	3.52692800756347e-05	0.000199247993109068	1	DOWN
SLX4	-0.219796561969526	0.115980637887875	0.231945225313823	1	DOWN
LINC00910	-0.686264361603863	0.198706088339274	0.347471161978564	1	DOWN
ORC3	-0.176587334660803	0.0552595634623282	0.128716304254369	1	DOWN
LINC02941	0.7583351415844	0.0363963748799924	0.0913607805090794	1	UP
SPRY2	-0.315167207477848	0.0949259674143326	0.198571142875156	1	DOWN
NUDT15	-1.03430371280683	5.9376545806127e-20	1.30800375525052e-18	1	DOWN
LOC100129434	0.861992988643507	0.000172947266962903	0.000852699063418939	1	UP
COG3	0.246739987446002	0.00101388212350912	0.00418152729161423	1	UP
LMO7	-0.07024225721762	0.265098783893939	0.428133943456785	1	DOWN
DCPH1	-0.235731185639384	0.400888500365536	0.571872681637347	1	DOWN
TMEM167A	-0.741919631537952	6.28975896335246e-24	1.64067340757051e-22	1	DOWN
CMTR1	-0.223249627506284	0.0141286236579034	0.0418007359221071	1	DOWN
TFAP2A	-0.875596078462235	1.96981643329026e-20	4.42015796234123e-19	1	DOWN
PRPSAP2	-0.527119286976765	1.42686804818682e-05	8.65282004378839e-05	1	DOWN
LIPT1	-0.490278711713309	0.135722837083454	0.260399723671401	1	DOWN
TRAF7	-0.632794549791462	5.13288037115896e-15	8.21431386972515e-14	1	DOWN
SLC35D1	0.331680009328049	3.79541874462848e-06	2.5411809835133e-05	1	UP
GLRX2	0.162763247333723	0.2034579284627	0.35338588031424	1	UP
CASTOR2	-0.0609099645573611	0.696971493297306	0.818452871255006	1	DOWN
MRPL20-AS1	0.110268947468338	0.743619020151427	0.848349132407695	1	UP
NDUFAF8	-0.127328037078695	0.409012582026234	0.579638919756045	1	DOWN
PCNP	0.203037784870798	0.0222198127668511	0.0610004512212036	1	UP
SRGAP2	-0.798141028029155	2.25197352797753e-08	2.00760453132654e-07	1	DOWN
CCNQ	-0.260040925024468	0.157631680255948	0.292429189393254	1	DOWN
CCDC122	0.292505817539581	0.274884591964798	0.439025451961941	1	UP
USP3	0.00138148588184894	0.993936704639387	0.99676469942705	1	UP
NBAS	0.197736705245835	0.00531545603474865	0.0180313744502706	1	UP
SERP2	-0.32221882275615	0.339858766839819	0.50966466350494	1	DOWN
ARRDC4	0.611541997383777	1.12315757259089e-06	8.12349853929477e-06	1	UP
PIF1	-0.939238968317518	0.00093106969129496	0.00388196425530971	1	DOWN
TMEM81	-0.0433404267499358	0.919278413158258	0.955250485100647	1	DOWN
PTGES3	-0.560569617276636	0.0140710439183452	0.0416596303347688	1	DOWN
GINS1	-1.42729651974316	4.23704296299785e-23	1.07044594157836e-21	1	DOWN
ATP5F1B	0.286687733844795	0.152908887937557	0.285882925346058	1	UP
DBN1	0.0356030649460908	0.811613416627056	0.890256765369211	1	UP
RPS2	0.177023977319084	0.15469334582613	0.288262223150665	1	UP
STK32A	-0.563368971152463	0.348919902071802	0.518855886482775	1	DOWN
RHOT2	0.277595445105325	0.0269221957979328	0.0714513593160564	1	UP
ZSCAN32	0.31304904985295	0.0480872446557084	0.115051121278086	1	UP
PLD1	-0.454515264003963	2.7946529677821e-05	0.000160962654593141	1	DOWN
MIR924HG	-1.43490689471197	0.0105217459855646	0.0325379309303219	1	DOWN
LLPH	-0.193355116523137	0.0366847848123787	0.0919888643629506	1	DOWN
DCAKD	-0.300167799257221	0.048701863145773	0.116271373586579	1	DOWN
ISY1-RAB43	-0.326038063321756	0.902580656171423	0.943927707507109	1	DOWN
TMCO1	0.251341162466316	0.194391528389457	0.342323646319863	1	UP
ARHGEF16	2.61029432202736	3.70999599569712e-05	0.000208206416053666	1	UP
KRT18P61	-0.587163630419138	0.477158661131309	0.641696964029142	1	DOWN
ASB16-AS1	0.188318409965178	0.490444484913032	0.65321781119615	1	UP
EFNA5	-0.720567732737121	4.52157238624182e-10	4.82223192277347e-09	1	DOWN
COMMD7	0.572073626240795	3.20788206751982e-10	3.4646564841352e-09	1	UP
SLIT3	0.318433652261982	0.054019201457506	0.12621365889449	1	UP
PANX1	0.290949856506328	0.000816912980511291	0.00346698360434079	1	UP
SMC6	-0.193487486660251	0.0262585415180626	0.0700114729663326	1	DOWN
DHTKD1	0.156687551788734	0.142898582611537	0.271143305845499	1	UP
PENK	0.767044705530892	0.000848413855133007	0.00357893022883663	1	UP
WDCP	0.420815788853277	0.00154253263165921	0.00607553531210337	1	UP
DENND2D	-0.460159533273258	0.165330415790531	0.302812400328132	1	DOWN
RBM15	-0.224305956968502	0.0226419885960459	0.0619578445751674	1	DOWN
ATF3	0.83590880552512	1.23075009532876e-07	1.00426705971744e-06	1	UP
PMS2	-0.090174642786527	0.534990787309715	0.690760095098696	1	DOWN
SUV39H2	-0.518971877681026	0.083457966113132	0.179098762741442	1	DOWN
ZNF256	0.18591918753404	0.427541933239472	0.596141304249673	1	UP
DCLRE1C	-0.175626440058817	0.325797264662418	0.49506795705958	1	DOWN
TEX15	-0.962851517135162	0.0972446385640047	0.202519422379079	1	DOWN
ZNF513	0.51641349442953	0.0229351551333841	0.0625704977973445	1	UP
SLC4A1AP	0.0986966923678614	0.42040386922054	0.589372944713429	1	UP
MRPS16	-0.222634582625094	0.199337807702901	0.348154539414385	1	DOWN
RAD51B	-0.429565813795232	0.0475383131506034	0.113926395246993	1	DOWN
ERCC6L	-2.51963539986009	2.23560681528842e-21	5.22763011128365e-20	1	DOWN
COX6B2	0.17038110650844	0.7096176187891	0.826418223896137	1	UP
AKAP19	1.23319579843497	0.0298651089261971	0.0777763000707288	1	UP
IMMP1L	-0.137989208067628	0.666438124971812	0.796723668847756	1	DOWN
RHOF	-0.178473495156567	0.383021757348183	0.552841331945525	1	DOWN
DENR	-0.0776925367252549	0.251248745258725	0.411672012341518	1	DOWN
VPS37B	0.15587926825868	0.100402064339242	0.207421048143872	1	UP
TEAD2	0.431624489679246	1.07225522443897e-06	7.78260183242971e-06	1	UP
NDUFAF5	0.115434378270411	0.445651738627013	0.613753290279135	1	UP
TBCEL	0.408729882196235	2.40559206325138e-05	0.000140399737499031	1	UP
SUCLG1	-0.259849335363241	0.0235654263781213	0.0639999956004944	1	DOWN
ADGRF5P1	0.348439426411191	0.567209362382179	0.718060433910888	1	UP
RPS3AP37	1.12245319106081	0.0139531942001002	0.0413615608996201	1	UP
GNG11	-0.247811014395778	0.000263875133079759	0.00125024903217561	1	DOWN
SEM1	0.0470877275782562	0.615099009724526	0.755978549883409	1	UP
CERS1	-0.587861753004996	0.21534427538308	0.368233359787113	1	DOWN
CD55	1.5118563996444	7.96732093099715e-103	2.13214360692296e-100	1	UP
ZNF565	-0.000143101200588021	0.999591546389455	0.999841638071598	1	DOWN
LBX2-AS1	-0.636086443002492	0.255259748020134	0.4166138122688	1	DOWN
NTNG2	-0.0575326795105636	0.925209287274531	0.958744702865394	1	DOWN
INAFM1	0.165120872939373	0.512172765964565	0.672427422635952	1	UP
PTPN21	-0.733065210495498	6.22226427304017e-19	1.30504994208568e-17	1	DOWN
CSNK2A2	0.143893326453375	0.111905697712523	0.225543826728545	1	UP
SPG21	0.094062342441974	0.450960197690443	0.61882307632937	1	UP
TBL3	-0.367373495262151	0.00380850004070531	0.0134666097574511	1	DOWN
DAAM1	1.15931691803927	7.61249696557169e-32	2.87227659659208e-30	1	UP
AHSA1	0.304191280254401	0.000195669146621334	0.000954470701012656	1	UP
RIN3	-0.271915795422341	0.148227581487397	0.279092740074837	1	DOWN
FAM193A	0.200355242674702	0.0329784809796363	0.0842297682284772	1	UP
PTGER2	1.61663131801806	1.63209974991452e-06	1.15615066107915e-05	1	UP
GRK4	0.116349808971677	0.544025421644751	0.698012196411995	1	UP
HHIP	2.71343664113557	0.00639864865057352	0.0211643102882669	1	UP
ANAPC10	-0.321758496735206	0.0874337535131006	0.185809584120267	1	DOWN
ABCE1	-0.279272339144642	0.00301572915091019	0.0109694476852765	1	DOWN
CEP128	-0.777677273063525	5.08367044027115e-08	4.35471971146167e-07	1	DOWN
ASB2	1.2684731420475	1.39068599478061e-08	1.27356168001106e-07	1	UP
BAZ1A	0.286420294112068	0.000675751416002735	0.00292024034469364	1	UP
LSM6	-0.925360137457421	2.89664900037446e-05	0.000166240963877726	1	DOWN
SIX4	0.719852250099105	7.06121460275517e-06	4.52312110923825e-05	1	UP
PRMT9	0.420664730361341	0.00360726709998122	0.0128415085022093	1	UP
H3C4	-2.0042139976747	1.75355602791734e-23	4.48506870078469e-22	1	DOWN
ACOX1	0.106610483226571	0.182231851253701	0.325960203300809	1	UP
CLPP	0.0209578761477846	0.892987497790348	0.939606984896485	1	UP
GTF2F1	0.031729433429127	0.71267115645546	0.828411428727305	1	UP
PSPN	0.114485930435729	0.788674448402503	0.876432978611548	1	UP
ALKBH7	0.264451624590862	0.244217077183016	0.403663323825806	1	UP
TMSB4XP4	-0.709454417446567	4.3383971910263e-05	0.000240668628819659	1	DOWN
PGBD4	-0.690783670237959	0.00576495928314822	0.0193383070103934	1	DOWN
TRAPPC6B	0.159426998275928	0.119575373533381	0.237433800404454	1	UP
SNRNP27	0.298419951858715	0.0305684846502016	0.0791374367037018	1	UP
MPHOSPH10	0.18143493330849	0.0582188038985844	0.133818981253132	1	UP
TRIM39	-0.00111360700021833	0.994380696634365	0.997071568627755	1	DOWN
NME2	-0.780651172103456	0.191242455584944	0.338060516900064	1	DOWN
HLA-E	-0.799041740624904	5.5840356860184e-39	2.61996427593026e-37	1	DOWN
GNL1	-0.121744190609479	0.143703772446347	0.272384996802487	1	DOWN
TWF1	0.000823692723293968	0.994474701363659	0.997087395273763	1	UP
KDM4C	0.217242322836737	0.034584777863515	0.0874906791558285	1	UP
GXYLT1	1.02805184747136	1.07849015760906e-43	6.25914107132873e-42	1	UP
SAMD9L	0.301706699903093	0.634045801505101	0.771696231399681	1	UP
AIMP2	-0.146904495606662	0.209443548127145	0.361091471484774	1	DOWN
NINJ2-AS1	-0.275086234954245	0.486470783051423	0.649841864103911	1	DOWN
PGAP6	-0.0408168205624301	0.698268661604403	0.819213328382015	1	DOWN
APAF1	0.569412029985811	1.02689699309483e-13	1.47953025395946e-12	1	UP
WASHC3	-0.400827623746814	0.00206926358930742	0.00788579328298564	1	DOWN
LOC102723996	0.0458307238520887	0.952396626364489	0.972243829301584	1	UP
EIF3K	0.0497186101211286	0.578534162649697	0.727813805558525	1	UP
SELENOW	0.689487216851959	2.18563008453121e-13	3.07541775575078e-12	1	UP
MRFAP1L1	-0.0289718497243364	0.80725230366	0.887543501698093	1	DOWN
RN7SL481P	-0.292469215516039	0.672632212203238	0.80083966470698	1	DOWN
APLP2	0.17536276479985	0.0519947665708872	0.122513675479519	1	UP
CDPF1	-0.345942599551763	0.225889517158817	0.382284742061373	1	DOWN
ZRANB3	-0.738394847408827	0.00141742349473746	0.00564430612357427	1	DOWN
FERRY3	0.0164716589470514	0.893501766721939	0.940011213664731	1	UP
ATP2B1-AS1	-1.34528213298947	0.00950442414164302	0.0298388949100333	1	DOWN
ARL5A	0.0211299458012304	0.830836439498107	0.902529231220994	1	UP
LRATD1	1.8790611900626	6.70674808950645e-09	6.44276883816157e-08	1	UP
INPP4A	0.248309665093835	0.422508143337658	0.590947075045731	1	UP
TTC5	0.0752607573870855	0.643762386837188	0.780584850829351	1	UP
RN7SL3	0.41085122485679	8.0621510431305e-06	5.10239989285939e-05	1	UP
DKK1	-2.05066904945349	3.6020694272137e-281	5.20535052926652e-278	1	DOWN
GALNT14	-0.799715615544951	0.152918064075518	0.285882925346058	1	DOWN
NR1H3	-1.06706535691268	0.000155761597012917	0.000777785362278391	1	DOWN
DEPDC4	-0.598799843634214	0.36491620722457	0.535132448789548	1	DOWN
CTDP1	0.228737120387904	0.0558333831043713	0.129697511532112	1	UP
ZC3H7A	-0.0785850692830784	0.467285436443785	0.633049764886954	1	DOWN
NBDY	0.259555544692775	0.0517520568620979	0.122101056932927	1	UP
HACD2	-0.125257769534113	0.152529524580279	0.28529694016433	1	DOWN
CBX2	0.157452509509018	0.634521186522605	0.772100510814935	1	UP
SPTBN2	0.241359909340565	0.489335152259184	0.652161051858108	1	UP
FBXW5	-0.193285711756829	0.0879133086192477	0.186636583349016	1	DOWN
TJAP1	-0.0806048648637963	0.487035068138952	0.65029509097995	1	DOWN
SAT1	0.610721664707337	1.54229662268433e-13	2.19583531964643e-12	1	UP
BOD1	-0.327708707247162	0.00271657554389119	0.0100427815770713	1	DOWN
N4BP3	1.18471529776168	0.0508685562680218	0.120409747195607	1	UP
NHP2	0.0299908814885421	0.770800768148263	0.864650202791288	1	UP
PALLD	1.1780332693913	9.21708468809325e-84	1.58566774794804e-81	1	UP
ZC3H3	0.0292906923803618	0.842342052445851	0.909958683935966	1	UP
RMND5B	-0.263601094021982	0.0275994071363717	0.0729405692259889	1	DOWN
THAP8	-0.255105592875361	0.308922217962496	0.476286671479359	1	DOWN
LPCAT2	0.961410656097897	2.05102958822035e-40	1.02914682567265e-38	1	UP
HSBP1	0.000751144062875374	0.992512208871653	0.995681633488667	1	UP
RN7SL558P	0.68177448716496	0.101638658834944	0.209466665548171	1	UP
BZW1	-0.533172941628228	0.0183667020521943	0.0521653324206486	1	DOWN
DSC3	0.647848125203274	0.027646773118102	0.0730390344295598	1	UP
YWHAH	-0.410168830984232	0.557146825863583	0.709743369230839	1	DOWN
DTNA	0.316828470676379	0.0625707766761873	0.141942914903764	1	UP
ZCCHC9	-0.376841673449193	0.0194121362919279	0.0545156717638176	1	DOWN
DNAJC30	-0.130934373272898	0.367215999681434	0.53743724381848	1	DOWN
NBPF26	0.420422221819078	3.15020610313001e-06	2.14430656600715e-05	1	UP
COQ3	-0.344116141099862	0.14690944990084	0.277007888898361	1	DOWN
PLA2G4B	-1.51158915548617	0.0649502588793628	0.146337819429895	1	DOWN
PNISR	0.143280065717432	0.107233302418522	0.217766786572521	1	UP
NUP133	0.0729360842329525	0.291824791010566	0.458736000749885	1	UP
ZC3H15	-0.125613683002157	0.39303159651701	0.563630009056992	1	DOWN
ZNF559	-0.631228059545898	0.106647242538476	0.216850893755947	1	DOWN
POLR2K	-0.319677967310845	0.0059866864284338	0.0199477993030429	1	DOWN
LINC02615	0.757851886980939	0.000366358198472189	0.00168071184956241	1	UP
OR10Y1P	-1.40124807196168	0.115286634311635	0.230812850157583	1	DOWN
TRIT1	0.119861256183216	0.318614328394914	0.487227053929619	1	UP
STBD1	1.93661409211399	0.00652046219002302	0.0214983342705961	1	UP
SCD5	-0.140779955395919	0.150871914004568	0.282928890381522	1	DOWN
PLAC8	-2.13544565753276	0.0335361114134638	0.0854124684589294	1	DOWN
ATP6AP1	0.167606674680923	0.0319308898931054	0.0821201797197484	1	UP
CCDC59	0.34022002160456	0.0115314244826251	0.0351192023600454	1	UP
RIPK1	0.0335887821537436	0.666555551021444	0.796789996510124	1	UP
FAR2-AS1	0.31890639076883	0.542098333206519	0.696653002504883	1	UP
VILL	0.177344516308174	0.545812956098806	0.699374271021799	1	UP
SLC41A2	0.101252452346545	0.529959556363122	0.687102597254932	1	UP
WASHC4	0.230573785318376	0.00134199387087681	0.00538698706334466	1	UP
BAK1	0.407751365209657	0.00187329653280545	0.00723243606614255	1	UP
DYM	-0.171678648757475	0.0489435276107939	0.116694096271833	1	DOWN
ADCK5	-0.0338185928175241	0.892693916289936	0.939503297961246	1	DOWN
DYNLL2	-0.271722752864984	0.0007121769259284	0.00306117452605333	1	DOWN
GBGT1	0.272569240631756	0.242854342797507	0.402095337736798	1	UP
USP24	0.125962670185556	0.0570605765865708	0.131785582907549	1	UP
MAP1LC3B2	0.350053983321863	0.0114334055421563	0.0349089675659625	1	UP
BCL11A	0.724648585759113	0.0325188565368143	0.083291385291298	1	UP
LGALSL	-0.151303667242824	0.549010860277544	0.702164434186281	1	DOWN
CCDC22	0.0614480089914032	0.792043226733026	0.878420312319183	1	UP
RPSAP54	0.278060355278572	0.539295797011118	0.694038967192775	1	UP
LEPROT	0.0861391600942251	0.475962803719957	0.641019429315666	1	UP
LBH	0.76165691488405	6.1897872958404e-21	1.43117785939503e-19	1	UP
PES1	-0.1529779967846	0.174063717617894	0.314975555133507	1	DOWN
SNRPD3	-0.195640890456253	0.109838028167883	0.221995712594976	1	DOWN
PPIL2	0.171726910956138	0.220057331935414	0.374784738220232	1	UP
UPB1	-1.76138283361788	0.0392700068064679	0.0973397715883821	1	DOWN
ATP5F1A	-0.187799446151496	0.244607543681173	0.404026015971726	1	DOWN
PRDM11	0.0342269375477287	0.879483168873352	0.932800827404683	1	UP
MLLT11	0.382371259234616	3.14757368692013e-07	2.43498861615004e-06	1	UP
POLR2A	0.106175717352994	0.0445231121785175	0.107919212223172	1	UP
ZNF746	-0.0855252694184616	0.4058953919863	0.576981537437932	1	DOWN
ASIC3	0.565019409417559	0.281587877883876	0.446922177188346	1	UP
XRN2	0.0190665910534737	0.756912215806198	0.856616683421988	1	UP
LRRC37A	-0.165434752439153	0.356924565554261	0.527462732423355	1	DOWN
CREB3L4	-0.567250811310621	0.134481908191292	0.258539886730823	1	DOWN
RNF19B	0.43816265297879	0.00710470537324	0.0231678262869466	1	UP
HAX1	0.0860582306332363	0.469504795997212	0.635049177942578	1	UP
EPM2AIP1	-0.227910899216148	0.00176252514310654	0.00685052470226805	1	DOWN
LINC01003	-0.354003176307914	0.502891522673674	0.663739646922757	1	DOWN
SAMD12	-1.06185917270433	0.154416944670792	0.287858522631271	1	DOWN
TADA1	-0.225170261282762	0.208178920019052	0.359449016395205	1	DOWN
H2AC6	0.321681478402165	0.00667626279226285	0.0219519166350376	1	UP
EIF2S3B	0.0810853256858621	0.938121900824896	0.964350766494541	1	UP
SMUG1	-0.0895802640118845	0.665353957425172	0.795814437903589	1	DOWN
TUBA1B	-0.792657979391085	2.06389900014227e-11	2.50213124589396e-10	1	DOWN
IKZF4	0.470079315208175	0.237738081302575	0.396211857098779	1	UP
PORCN	0.540080414691358	0.0239950908463335	0.0649715304141588	1	UP
RBM3	0.211534740924924	0.00491747212268003	0.0168861472875812	1	UP
MAGED2	0.298760930868465	0.0192920637990229	0.0542603374775555	1	UP
RFX5	-0.32236532203014	0.00685344807244959	0.0224425964411894	1	DOWN
PI4KB	-0.423128318649363	0.00875282017991474	0.0278833544581222	1	DOWN
HDAC2-AS2	0.602365654751645	0.272869062739482	0.436681154556839	1	UP
ZNF883	-0.59891388462919	0.0341365611911166	0.0865907399987407	1	DOWN
EPHA2	-0.287788489827032	3.26176046484016e-05	0.000185719860037057	1	DOWN
PADI1	0.0637064439216196	0.830770680174789	0.902529231220994	1	UP
ACBD5	0.00268501270479008	0.978515715241581	0.987122555040565	1	UP
PARP16	0.226782490960639	0.284526512668446	0.450103189334616	1	UP
LHFPL3-AS2	0.228646482720555	0.576413502138969	0.726094100367002	1	UP
ANKRD26	-0.598842344425095	1.13082507496153e-11	1.4003044694318e-10	1	DOWN
METTL15	-0.00959305550735666	0.97375057764437	0.984308169945355	1	DOWN
ATP11A	0.0784954705923773	0.587581168587846	0.734392191962511	1	UP
POLR1A	-0.0389480198379009	0.536510121467343	0.691500870970797	1	DOWN
CCDC8	-0.579206117835201	0.00539504705733332	0.0182585070317386	1	DOWN
CCDC191	-0.154162785607996	0.548090000417657	0.701359124770704	1	DOWN
JPT1	0.28953083185327	0.161282205938315	0.297509466174954	1	UP
SPICE1	0.306590833211715	0.010172717631613	0.0316005895301891	1	UP
NOL11P1	0.725716736521856	0.124240366889566	0.244338261012673	1	UP
SMDT1	0.194910564114663	0.235740433383787	0.393790891553474	1	UP
AXIN2	0.478698816252732	0.382313394418133	0.552204983781753	1	UP
RBP1	0.901068466548373	3.65011862494135e-08	3.17375837840117e-07	1	UP
GARRE1	0.804924654775993	2.58903961831501e-22	6.28810277718827e-21	1	UP
CYB5R2	0.0469070616663973	0.825807601475205	0.89923484657661	1	UP
SERPINB7	0.275638321758404	0.100681337570986	0.207879126909318	1	UP
STK38	0.479213784681462	2.90828593181843e-14	4.38244421279543e-13	1	UP
HNRNPDL	0.0966818201033438	0.104673940886335	0.214001485627223	1	UP
TUBB	-0.074223369204699	0.110669206559247	0.223394427152909	1	DOWN
MDH1	-0.098957203973489	0.165596909563284	0.303185219827571	1	DOWN
ECHS1	-0.100241720679447	0.214852424543781	0.367528933951395	1	DOWN
CYB5D1	-0.410612423344867	0.24457392274202	0.404026015971726	1	DOWN
ATP6AP2	0.316338400487768	3.27139933344583e-06	2.22052568189881e-05	1	UP
OSGIN2	1.52426603463714	1.44473517196567e-97	3.53862168984337e-95	1	UP
SUN1	-0.218560821357778	0.000481207486755543	0.00215158706407932	1	DOWN
ZFHX4	0.024247413592044	0.817233729058552	0.893940248173881	1	UP
ORC6	-1.27202161683903	9.94096448676126e-13	1.33883390305859e-11	1	DOWN
OSMR	0.169519733720826	0.00122648037385898	0.00498001345395789	1	UP
LYRM7	-0.582279896429845	6.01992884073279e-05	0.000324846869594584	1	DOWN
HSDL2	-0.428129035051798	1.09954191213463e-07	9.00764182100768e-07	1	DOWN
PIGU	-0.145001498643591	0.24522057513848	0.40455691593811	1	DOWN
ZHX1	0.827428480761549	0.00321426908734951	0.0115949582080099	1	UP
KLRK1-AS1	3.40850092612304	0.000802649497376428	0.00341303007802609	1	UP
PGAP4	-0.937643779746471	1.65217407632247e-11	2.01311699636897e-10	1	DOWN
WDR53	-0.246128777720377	0.250840564053632	0.41117252621813	1	DOWN
FAM117A	-0.184489190909146	0.380633280621614	0.550603757583878	1	DOWN
CEP20	-0.124868925689865	0.324343584938044	0.493793631051377	1	DOWN
ANKRD30BP1	0.178900014279201	0.718527706332291	0.832406917124254	1	UP
SGK3	0.178252182982452	0.324526402253465	0.493967878551172	1	UP
CCNE2	-1.90743374320457	1.44537731258192e-12	1.92331008693567e-11	1	DOWN
PHYKPL	0.0886789420472009	0.428086635801818	0.596728076972323	1	UP
PLEKHG3	-0.247513514460231	0.41197443789391	0.581447661100195	1	DOWN
SGPP1	0.621509555881222	3.62187053786077e-16	6.25324386411302e-15	1	UP
PRPF39	0.0688385154519137	0.518358493389895	0.677546156370093	1	UP
DNAJB11	0.147678104001579	0.17312442444575	0.313826023289706	1	UP
EDIL3-DT	1.91509821564353	1.5335600548625e-06	1.09062383626073e-05	1	UP
MFAP5	-0.129900585232822	0.830402185546645	0.902402014087424	1	DOWN
ZNF615	0.0147900880351399	0.964821637400412	0.979392213345475	1	UP
ACAP3	0.0460951699656827	0.705761653422194	0.82329364333259	1	UP
SLX9	-0.0603112231753633	0.72169096934205	0.834799983827901	1	DOWN
E2F2	-2.59973296249269	3.14178667732235e-07	2.43181356582674e-06	1	DOWN
ARPC5	0.744454602573941	0.141588128002461	0.269257802048107	1	UP
STX11	0.417062116783764	0.248151269086503	0.407590977662573	1	UP
MYO1D	-0.352372322740715	6.61385777446793e-05	0.000353595481682708	1	DOWN
BBLN	0.270982415730972	0.192970933706054	0.340324989380789	1	UP
RPS4X	0.0209190815052699	0.724896993496254	0.83676703035501	1	UP
ZNF273	0.1412290997692	0.659250751255247	0.791272091200894	1	UP
SOCS5	-0.808899661640634	4.59284353494774e-29	1.49822081091489e-27	1	DOWN
C1GALT1C1	0.0796181898408458	0.442447576852887	0.610737408835712	1	UP
INHA	-0.334786439379534	0.522491969836664	0.680841429766423	1	DOWN
DNPEP	-0.47572096110955	0.000108195789676594	0.000557410822323159	1	DOWN
EIPR1	-0.216931276454921	0.132512475593724	0.255870895885209	1	DOWN
SYPL2	0.124259934721914	0.187262573383142	0.332939400585604	1	UP
MSH5	-0.42612079906307	0.0457206802870508	0.11033893634405	1	DOWN
HSPA8P4	0.58375382819694	0.374964270293029	0.545830607747601	1	UP
RHBDF1	0.143319068151006	0.173325334273367	0.314032561147214	1	UP
RILP	-0.177819050224211	0.600024142980681	0.744243016676553	1	DOWN
SLC25A20	0.335761129652757	0.151237728773462	0.283430997082778	1	UP
CTXN1	1.68355989123894	1.25731095498279e-05	7.71196969883544e-05	1	UP
GNL3	-0.0146506471488512	0.877315185268072	0.932104498973109	1	DOWN
PBRM1	-0.0284390552383478	0.679635618948012	0.80536402865254	1	DOWN
PRKCD	0.288255467441248	0.0255353811441622	0.0683355172063496	1	UP
RFT1	-0.378651648746811	0.00626335790301344	0.0207834179234092	1	DOWN
BAP1	-0.0883288613084081	0.398141153158467	0.569206351829542	1	DOWN
TKT	-0.477544051160427	2.43287783574204e-10	2.66546759699077e-09	1	DOWN
PRSS21	0.764581568638748	0.205197539321236	0.355467470718195	1	UP
SFMBT1	-0.268673380445556	0.183178652803027	0.32724869720071	1	DOWN
HDAC6	0.214604152865572	0.0857491186626078	0.183118148927641	1	UP
TTYH3	0.143976483705466	0.00540135975053422	0.0182755911390705	1	UP
RMP24	0.530362808985312	0.0222491352444452	0.0610562577701249	1	UP
SLC39A6	0.247973543253402	0.000124160222785395	0.000631552051908393	1	UP
RPRD1A	-0.90663131727434	7.6554635284934e-18	1.48296385322062e-16	1	DOWN
GHRLOS	-0.0166315951098004	0.972957383702125	0.983850475955455	1	DOWN
LINC02288	0.951463926201252	0.191729402394497	0.338548581867409	1	UP
PPP2R5A	-0.28456138342923	0.0220314768728074	0.0606085802948677	1	DOWN
PRELID3A	0.175051032671356	0.423254707956782	0.591590461812889	1	UP
TRUB1	0.396387918953988	1.74805049916203e-05	0.000104644066956879	1	UP
RPGRIP1L	-0.114247268667044	0.279780991206273	0.444982952225605	1	DOWN
KRT8P36	0.598978455266783	0.36607901981047	0.536260305654445	1	UP
PRKAR2A-AS1	-0.73755596404487	0.251549170039973	0.411866876982512	1	DOWN
BUD13	-0.552970319380781	0.000226483951531164	0.00108843351632087	1	DOWN
QSER1	-0.171252125308022	0.339452466681962	0.509471601159194	1	DOWN
RUSC2	0.526956761044441	1.95840475737887e-10	2.1587267085341e-09	1	UP
OSTC	0.27030311321952	0.00998609522161334	0.0310809954873001	1	UP
FICD	0.76384395503711	8.15797813698171e-08	6.78313820814285e-07	1	UP
R3HDM4	0.399339759299336	0.127859309031804	0.249183395120512	1	UP
MTRFR	-0.307686903097505	0.103634257579413	0.212518611647523	1	DOWN
VPS26C	-0.134586440128162	0.105318019476336	0.21472216414398	1	DOWN
EHBP1L1	0.512515561323545	0.000522142833199925	0.00232383310211645	1	UP
LINC00460	0.139158205572552	0.789441123679755	0.877082623071895	1	UP
CT69	2.15931997126155	0.000209212201531132	0.00101453876655248	1	UP
RCOR3	0.733280168188401	2.76653922460004e-23	7.02623169326805e-22	1	UP
SLC35A3	0.614201776008248	1.75880467574816e-06	1.24164564578587e-05	1	UP
PPP6R3	0.0773625753624133	0.529630226126776	0.686737227255096	1	UP
FOXRED1	-0.0698092668202615	0.677989433319213	0.804336696568094	1	DOWN
NRXN2	0.696872808580856	0.00840119586102385	0.0269072875415904	1	UP
SMAD1	0.118516461507056	0.444156681735103	0.612511519014598	1	UP
SETMAR	0.0634776736327085	0.86626311074679	0.924955107760824	1	UP
IL6ST	-0.977515407293915	1.67381271816829e-52	1.34379264390278e-50	1	DOWN
GALNT13	-0.469631630517454	0.30583938640859	0.472895888400442	1	DOWN
PER3	-0.861982755090928	7.27352597352847e-05	0.000385723757223706	1	DOWN
VAMP3	-0.268421258724727	0.000106256908979087	0.000548399497020281	1	DOWN
NME4	0.206780453460368	0.173578454107983	0.314274071857869	1	UP
MAGT1	-0.247719403325202	0.0015501555807546	0.00610223326000673	1	DOWN
RCC1L	-0.29280599634294	0.00542136604979835	0.0183389889479485	1	DOWN
BOC	-0.352250501076673	0.00920192169437184	0.0290425209385599	1	DOWN
SEC61A2	0.281669389356089	0.0745208988795398	0.163414493127197	1	UP
PSEN2	0.107045971573499	0.646027524549253	0.782234137099569	1	UP
PTN	0.438062118143089	0.00168461264999704	0.00657777287357666	1	UP
GSG1	-0.750755497809319	0.0269892504327554	0.0715898784882064	1	DOWN
NAA25	0.0575794962366002	0.389788378883882	0.560202074913076	1	UP
POLR2J2-UPK3BL1	-1.72782842025829	0.279962922129295	0.445076368282777	1	DOWN
NABP2	-0.369923248689767	0.159569957700483	0.295217700515898	1	DOWN
RBSN	0.164870008185525	0.164168523677795	0.301438722110318	1	UP
GALNT15	0.305508849612819	0.0416025823366308	0.102114912509493	1	UP
CD63	0.214573494142279	0.00502396813217105	0.0171796884708954	1	UP
AVIL	-0.0251113223773368	0.938027421659565	0.964350766494541	1	DOWN
SLC6A6	-0.600620108263677	0.426595688964755	0.594994913285978	1	DOWN
TFE3	-0.332201341598459	3.06433034151677e-07	2.37567799169844e-06	1	DOWN
RNF146	-0.277192980594147	0.10361768635369	0.212514786474194	1	DOWN
LINC00243	0.904708542526518	0.163473454239974	0.300630553222431	1	UP
TIPIN	-1.14307964121395	1.87544601705033e-07	1.49983787450992e-06	1	DOWN
PLS3-AS1	-0.483033055579269	0.238578661561151	0.397105780103554	1	DOWN
PLCB1-IT1	0.0659553127584153	0.862489586798074	0.922345736600773	1	UP
ZNF442	1.59602181152104	5.7076748213873e-10	6.01177907025276e-09	1	UP
ACTR10	0.248672401725068	0.00620015094663556	0.0205973290413403	1	UP
POLB	0.327845121723779	0.0164315442849666	0.0474809531017901	1	UP
HHEX	0.522541542366677	0.0881957024655677	0.187038184378621	1	UP
MCCC1	-0.222882112427927	0.0833526119352647	0.178925816262108	1	DOWN
SERBP1	-0.313121844557409	5.93884778143877e-08	5.04086573331103e-07	1	DOWN
ISG20	1.72881421969302	0.0154249957585583	0.0449598005379957	1	UP
CCL2	-2.59658264997915	4.21802989095966e-70	5.39422565966885e-68	1	DOWN
MIR17HG	-0.280751323729085	0.443723288088541	0.611972250063706	1	DOWN
PLCD4	0.343661281788345	0.472082965743863	0.637874795508608	1	UP
FGGY	-0.261019043009013	0.196611007383508	0.345018296016888	1	DOWN
CYFIP1	-0.00799464572682783	0.931899357714725	0.961782432390765	1	DOWN
FBXO5	-1.81483303362036	4.09315080781326e-27	1.25053112735115e-25	1	DOWN
CASC3	-0.0881954930123045	0.453309559742263	0.621338940323954	1	DOWN
PSMD3	-0.352606152649567	0.00252300086084948	0.00940302691833773	1	DOWN
ZNF518A	0.510007407116573	0.419181886173507	0.588379777497254	1	UP
KRTAP1-5	-1.13331134194669	1.15519555609906e-11	1.42803515664564e-10	1	DOWN
LINC00649	-0.514627760248991	0.125008897058684	0.245305988493999	1	DOWN
DCBLD1	1.01148314208612	3.25429972975218e-48	2.22880973434354e-46	1	UP
SH3GL1	-0.0872722281438834	0.467469007683088	0.633179738497357	1	DOWN
ANKRD34A	-0.626417494149977	0.0633144176701449	0.1432529590968	1	DOWN
ARMC1	-0.178248852946643	0.0570249985849461	0.131755754991073	1	DOWN
TRPS1	0.211185850550133	0.00477341398117341	0.0164278650730976	1	UP
RBFA	-0.482279738501298	0.00164927214825751	0.00645023865073593	1	DOWN
ADNP2	0.152971729951496	0.0587902191856962	0.134810767605918	1	UP
SNHG20	-0.548857578971023	0.248539806576842	0.407937412891136	1	DOWN
FOXC1	0.564919688085104	5.90264816850764e-05	0.000318994647281615	1	UP
ICMT	-0.224400451133432	0.407798397725345	0.578775745976131	1	DOWN
MRPS27	-0.161686105491775	0.357139727159235	0.527712290100011	1	DOWN
DPH5	-0.424218660740285	0.00467635362059869	0.0161322478327218	1	DOWN
BNIP2	0.0350834659266668	0.696038695083645	0.817786140138445	1	UP
MORF4L2	0.704132781476024	8.29502115127451e-27	2.51302621922574e-25	1	UP
ZNF580	-0.0878120032013601	0.621506957159363	0.761316165505534	1	DOWN
ANKRD50	0.215722158369688	0.000261366297283048	0.00123958134625446	1	UP
IL27RA	-0.803075991582149	0.00267247676220623	0.00989240821993909	1	DOWN
ACAP1	0.573172540766318	0.386042847358372	0.556257372337804	1	UP
ZNF763	-0.47898408853127	0.346237185262164	0.516034814792031	1	DOWN
ZNF420	-0.489214971459429	0.117787135552999	0.234972652661014	1	DOWN
DPYSL4	1.6107176103184	1.21187823590749e-11	1.48918812815469e-10	1	UP
ZNNT1	-0.433059960702401	0.316084456193673	0.484246501572818	1	DOWN
ALG12	-0.172460237478482	0.227595911519477	0.384182749371331	1	DOWN
ZC3H13	-0.172085289067072	0.0088471146204453	0.0281297367172838	1	DOWN
PLEKHA2	0.199082809991995	0.00454616460202171	0.0157319503505306	1	UP
ZFHX3	-0.431593222248822	1.17572425706495e-09	1.20584749743404e-08	1	DOWN
TXNL4B	-0.251300225884348	0.254026782591581	0.41507700534045	1	DOWN
TM2D2	0.700525789714546	0.0010109777483276	0.00417418269745204	1	UP
B3GNTL1P1	3.2456526798971	3.63029933218534e-06	2.43893331703442e-05	1	UP
RPL7P30	0.167735789782909	0.746259717827682	0.849952646778675	1	UP
DANT2	0.408153092305659	0.236089383047974	0.394236349738351	1	UP
ARMC8	0.241348044905614	0.00317037525595322	0.0114509104783254	1	UP
GPS1	0.126193161900748	0.30663350188232	0.473667636098494	1	UP
UBE2F	0.253262443714851	0.0416355816008935	0.102169432792412	1	UP
ACP2	0.383873607475367	0.0507953116909907	0.120275774085942	1	UP
PCDHGA4	0.250728162477335	0.308394192543531	0.475624810720018	1	UP
LINC01303	0.674026059664732	0.273997412973404	0.438050294820075	1	UP
PPP1R21	0.193953622893943	0.133739931497595	0.257655745910111	1	UP
C2orf76	-0.347034848241302	0.176799088760008	0.318382467776162	1	DOWN
DDB1	0.0270820964769761	0.637757533745023	0.775320444195283	1	UP
SDHAF2	0.251954760851914	0.126963568297649	0.24807335390337	1	UP
ZNF597	0.137262541126651	0.473137640341176	0.638745728641714	1	UP
CCSAP	0.0402920147212508	0.730810970558723	0.840639125650251	1	UP
EZR	-0.0696840303240428	0.275112456363662	0.439298354354838	1	DOWN
FBXL12	0.109234628438514	0.734932679527262	0.843500290036412	1	UP
LINC01605	-0.984152928829142	0.0329202584641195	0.0841107947427495	1	DOWN
PRR13	-0.183305093912856	0.504148331093184	0.664973305278167	1	DOWN
TECPR1	0.145948352989678	0.269435251429873	0.433490182410721	1	UP
SYPL1	0.197771796932441	0.00400645655084581	0.0140698186187783	1	UP
CYB561	0.236134758884389	0.193515726783851	0.341077664075306	1	UP
ERCC6	-0.239962598285955	0.125223269530258	0.24566949063016	1	DOWN
CENPV	0.295841531268488	0.14032521638165	0.267242976005696	1	UP
KRT8P12	-1.1787141016187	0.013818926567662	0.0410140291290375	1	DOWN
DDX52	0.361143522669187	3.08315351695733e-07	2.38898935515015e-06	1	UP
CCDC171	0.551314425256019	0.0242436883046187	0.0655581106897354	1	UP
ACTC1	2.61219307265893	1.14978199403839e-110	3.53521267996782e-108	1	UP
MORC3	0.24074203436602	0.00909215501726092	0.028744417447919	1	UP
PANK4	-0.0710178500464057	0.592085007259638	0.737847651928475	1	DOWN
SPIN4	0.226664279439346	0.1817304091253	0.325294784481123	1	UP
FSCN2	0.759273878597729	0.0272773396320958	0.072261197987794	1	UP
PLBD1	1.02813986934	4.85309030827258e-17	8.94540918939376e-16	1	UP
ECHDC2	0.36271515476385	0.0455597010163403	0.109987176643357	1	UP
CYP1B1-AS1	-0.273190952950929	0.659040674430659	0.791272091200894	1	DOWN
HOXD4	0.0492635149593951	0.796537556546281	0.88103821122467	1	UP
DENND11	0.259094221989091	0.334506581847438	0.504377568267668	1	UP
C1orf174	0.295760781233071	0.0142722552886891	0.0421040311210469	1	UP
L1CAM	-0.418269518336045	9.62221723135922e-07	7.03697678190142e-06	1	DOWN
SREBF2	-0.454237897339359	2.58416756504182e-10	2.8247961787004e-09	1	DOWN
SYTL3	-0.632404343477632	0.000182549473907799	0.000896676562692591	1	DOWN
IQUB	0.246003496925662	0.664261840146793	0.794936188096636	1	UP
DZIP3	-0.663106857833652	2.36050829855492e-06	1.63605301786173e-05	1	DOWN
COL19A1	2.7260635013373	7.92515918654662e-62	7.89837761412312e-60	1	UP
PRC1-AS1	0.0343350443866958	0.960684007983322	0.977183402503483	1	UP
MTATP6P11	0.546210297884062	0.206746148744125	0.357721335668265	1	UP
PHAF1	-0.0627344439923965	0.606228848731395	0.749346770423179	1	DOWN
ZNF714	0.277498576896714	0.100470061593001	0.207502195238025	1	UP
GPR39	-0.760255874213072	0.175317974488275	0.31653174029611	1	DOWN
HELZ	0.284818986977076	9.72979180097525e-08	8.03458407519391e-07	1	UP
KRT15	-0.543774138442705	0.439747240754632	0.608546397633932	1	DOWN
KRT19	-1.2085068553504	2.66763926726566e-66	3.01172305087938e-64	1	DOWN
ZNF664	0.364839381561841	0.0500853454115656	0.118867355319845	1	UP
BOD1L1	-0.00596770118629554	0.924058811347616	0.958005243878852	1	DOWN
CDT1	-2.51991296524997	6.18758421236629e-19	1.29966249204804e-17	1	DOWN
IFRD2	-0.41066038052238	0.0193421354675736	0.0543799999303319	1	DOWN
TRAPPC2L	-0.209856811185322	0.103474401606191	0.212311313021591	1	DOWN
PI4K2B	-0.271143317724287	0.0043113176760289	0.0150489980039357	1	DOWN
PCDHGB4	-0.214506036283945	0.390669912880709	0.561189951395539	1	DOWN
PRSS3	-1.01171069038701	0.0276577194211092	0.0730545975789525	1	DOWN
POLR2B	-0.248903218303925	4.39348681986564e-05	0.000243537698633979	1	DOWN
LASP1	1.30023026034489	1.70870677982035e-08	1.54909169856862e-07	1	UP
ZSCAN2	0.613533772110298	0.0302077154980801	0.0784705548557892	1	UP
RPL23AP65	0.0558957413278479	0.879893521724981	0.933167568064561	1	UP
DNALI1	-0.0147453316631748	0.963462342677744	0.978764674395971	1	DOWN
SNIP1	0.027225245485692	0.813560383461544	0.891541753348205	1	UP
MEAF6	-0.143542556771422	0.233516477332877	0.391387916253469	1	DOWN
ZC3H12A	0.7825988926921	3.45019818461622e-06	2.33094034436134e-05	1	UP
YEATS2	0.245861796153436	0.000298866086725795	0.00139815921634007	1	UP
TPRA1	0.141636503470373	0.356897365973176	0.527462732423355	1	UP
RAD9A	0.294541402924873	0.254785373273209	0.416081300618278	1	UP
SPAG16	0.056050230945145	0.728844560292442	0.839371653092281	1	UP
SUMF1	0.197799584249473	0.129893803986705	0.25209446164543	1	UP
METTL1	-0.159562485236926	0.510718536103489	0.671066881726816	1	DOWN
DCAF7	-0.22415746786847	0.000138875556352901	0.000699508771298631	1	DOWN
CASP9	-0.326038569575651	0.263148540071508	0.425936329813325	1	DOWN
ZNF658	0.298571827708165	0.491431704085436	0.653990197600022	1	UP
KCTD4	0.816570156808611	0.493746307671304	0.655930018286287	1	UP
DSTYK	0.0290076838257226	0.684687774221716	0.8090950221014	1	UP
C1QTNF1-AS1	-1.49172159060725	0.116885840895433	0.233400205441468	1	DOWN
MYBPH	-0.762300416363336	0.233066880114087	0.390770331190239	1	DOWN
MTNAP1	-0.232528938216178	0.327200994876207	0.49657925668226	1	DOWN
LRP3	-0.215811236423379	0.345531556324865	0.515355198725423	1	DOWN
UGGT1	-0.279366229081234	1.00503848580275e-06	7.33525816077553e-06	1	DOWN
STAM	-0.47100029261912	4.39747676307172e-12	5.61377532713334e-11	1	DOWN
PGBD1	0.100955914600421	0.576105005696795	0.725934932930378	1	UP
SNHG28	-0.281750358290027	0.645954415965556	0.782234137099569	1	DOWN
PRXL2A	0.0209671348111327	0.903821866156346	0.944747181759519	1	UP
ATP6V1B1	-0.337852436304109	0.409682174021392	0.580020881576735	1	DOWN
TUBB2B	0.835216431331905	0.235134901358844	0.393188435493711	1	UP
ATP5IF1	-0.0511968541370545	0.567492094714423	0.718173943490509	1	DOWN
MED18	-0.244112995014812	0.492223657081361	0.654803865644814	1	DOWN
THEMIS2	-0.26320066206956	0.39470231046275	0.56546476539082	1	DOWN
CLIP1	0.279136455630748	0.00158237386859127	0.00621236356861212	1	UP
PCDHB3	0.474690461081454	0.420664291570466	0.589592594875848	1	UP
RRN3	0.313503117715729	0.00074851476950395	0.00320402456578838	1	UP
PLEKHM2	-0.153487687995751	0.0677977586884573	0.151265309681472	1	DOWN
ZNF229	-0.2526881551275	0.0268152419143813	0.0712460123009237	1	DOWN
BAHD1	0.509721517747877	0.00135404440811273	0.00542932734229663	1	UP
GAB2	0.437149596070028	9.83696631841208e-06	6.14056156662518e-05	1	UP
NFATC4	-0.198828206010335	0.0203469128283464	0.0567631732205471	1	DOWN
CEPT1	-0.0320831256365606	0.748631122379306	0.851043765694096	1	DOWN
PSMA5	-0.157070931213347	0.0186429245731814	0.0528138435654299	1	DOWN
TRIM45	-0.505342261579341	0.29716630312446	0.463912903814446	1	DOWN
NOTCH2	1.22207377387191	2.44746046826443e-179	1.47367713445372e-176	1	UP
NGF	-0.58061163202453	0.0323136406366034	0.0828832837840887	1	DOWN
FUT4	0.457910233355238	0.0093823454408301	0.0295133378244309	1	UP
DDX20	-0.0696753029334983	0.582730241459585	0.731437046758661	1	DOWN
PGAM5	-0.18740955715691	0.196690961855245	0.345116693755482	1	DOWN
RAP1GAP	0.789986562536615	0.0185170921891107	0.0525099095810123	1	UP
CTNNB1	0.165369500830502	0.0143064357464763	0.0421923067290467	1	UP
RPS2P46	-0.0292589261691235	0.810810511286114	0.889810350743897	1	DOWN
ULK4	0.509041503734346	0.00131720575066865	0.00530221178354113	1	UP
PTHLH	2.37425544424082	2.62516690410278e-18	5.21819627664227e-17	1	UP
MPC2	-0.0063891204853506	0.937929271005843	0.964350766494541	1	DOWN
TGILR	1.23124770579927	5.51553215128646e-18	1.07419076978761e-16	1	UP
CBLL1	-0.525654852534361	0.452612511213193	0.620677870520199	1	DOWN
WDR91	0.0535226483688972	0.794923584144681	0.879724361653759	1	UP
LATS1	0.123163656326778	0.0658152425065999	0.147800476995008	1	UP
WTIP	0.427753631406471	4.65825194785958e-06	3.07380816888214e-05	1	UP
ERAL1	0.415825289681726	0.0228336946960608	0.0623937488014489	1	UP
NDFIP2	0.397311987946015	0.0731464676671587	0.161101146422574	1	UP
EEF1AKMT1	-0.672073167565793	0.00463032631528253	0.0159899109612889	1	DOWN
C3orf52	0.622688547851581	2.90615588614505e-07	2.26426874434339e-06	1	UP
GCNA	0.0572963214886847	0.847442766283788	0.913092410942963	1	UP
ESPL1	-2.60250215955487	1.79496635822917e-38	8.23462185484754e-37	1	DOWN
PRADC1	-0.786895926458046	0.000392704064840103	0.00178908147572646	1	DOWN
SNX4	0.52674222147143	1.27469471678013e-08	1.17478401480801e-07	1	UP
HNRNPF	-0.498519002515392	1.02073873733838e-15	1.70923470374008e-14	1	DOWN
STK25	0.0486300996076017	0.67069478399354	0.799625366044859	1	UP
BTD	0.266184540292722	0.139367224512569	0.265593533091275	1	UP
CACTIN	-0.0893947301095426	0.57076480351894	0.721241883145523	1	DOWN
SNX29	-0.355776399232614	3.55238030373337e-06	2.38991842501168e-05	1	DOWN
APLP1	0.448661525587586	0.00858624670135358	0.0274330866861067	1	UP
C6orf120	-0.414920959343795	1.80365369157816e-05	0.000107554416506772	1	DOWN
SLC75A1	0.336625915868471	0.0568685796525573	0.131531345159908	1	UP
GLRB	0.174201002957168	0.127022125003855	0.248109654634895	1	UP
MYO9A	0.332262321021804	5.1273220661556e-05	0.000280556346755072	1	UP
EFNB1	-0.552294981374201	6.32283446186526e-05	0.000339417833612239	1	DOWN
VDAC1	-0.257894813773075	0.00107745714420291	0.00442339011104439	1	DOWN
BMPR1B	0.680907158756578	0.114004479400544	0.228902804811806	1	UP
ZBTB9	-0.850092606132973	0.170751329346927	0.31064060325083	1	DOWN
CAPN1	-0.108295723766532	0.0851324710431446	0.182016472709644	1	DOWN
AKAP8	-0.0355257614777076	0.727382523175199	0.838497514550479	1	DOWN
GPATCH8	0.28414934092402	0.0631262344425464	0.143005273803941	1	UP
CEACAM19	0.873509104123889	3.29578143210642e-15	5.36948562292783e-14	1	UP
PNMA6A	0.0824324824046985	0.878625104794434	0.932575203039616	1	UP
RTN3	1.23022943380442	6.17565240885838e-81	9.9160392178236e-79	1	UP
MACROD1	0.00745672837473413	0.980829709553378	0.988766664301072	1	UP
CNDP2	-0.145903353005837	0.498889078373183	0.660145231349773	1	DOWN
PSMC6	-0.0819178328303925	0.337791051723723	0.507785862663391	1	DOWN
TFAM	-0.407927663792346	0.000164152083574895	0.000813777619122061	1	DOWN
SHOC2	0.330607319177081	0.224971253234978	0.380998427340756	1	UP
GINS3	-1.93704306134371	7.07848834216463e-09	6.7787432095839e-08	1	DOWN
TAS2R31	0.214386838616566	0.412500741068667	0.582076770743415	1	UP
LINC00562	0.0949293054494943	0.858672511662803	0.920251888611626	1	UP
SYNE2	-1.36128092662618	6.50442591027401e-56	5.766592566219e-54	1	DOWN
CXCL12	-2.24843798855236	3.59954596450387e-113	1.15593419406768e-110	1	DOWN
RAB11FIP2	0.290951208009351	0.0968810017060255	0.202024149444989	1	UP
ERLIN1	-0.690025890421806	6.94988786380347e-15	1.10123716578754e-13	1	DOWN
MYO18A	-0.215382652866794	0.00697268855856294	0.0227762934809659	1	DOWN
TM9SF2	0.0390890107707946	0.531237970164152	0.687772792227393	1	UP
PPP1R1C	1.06403749103473	0.0428054506579872	0.104507782979992	1	UP
METRN	-0.150440603265153	0.811106981254187	0.889932957718036	1	DOWN
SRP14	0.27069749006672	0.00585773343971011	0.0195677544931232	1	UP
NYNRIN	0.0666722635198489	0.410793920440298	0.58060918491062	1	UP
MVP	0.123498428453386	0.18980028964178	0.336210343909459	1	UP
INPP5J	0.372155902281387	0.357475184342026	0.527938057120758	1	UP
H2BC13	-2.59238794724873	1.28856578704525e-20	2.92324398565006e-19	1	DOWN
FAM151B	0.143318082068211	0.560987910953644	0.712802947619118	1	UP
ATP5ME	0.0650014474635401	0.540686081026653	0.695332789616104	1	UP
SLC49A3	0.225704096355313	0.39121710752652	0.561808448858764	1	UP
LY6K	-1.23133685473249	0.000232623353838899	0.00111608236597806	1	DOWN
IER2	0.335364889607991	0.000216560620209387	0.00104561226951081	1	UP
MTND1P32	0.179444591964727	0.676727141873497	0.803498802663208	1	UP
MEDAG	0.0380440123982269	0.762119733593109	0.859280039802919	1	UP
LYST	0.255170768632138	0.00306652569940853	0.0111314651801439	1	UP
CLN5	0.18768716516378	0.0306332530425957	0.079262513826061	1	UP
TSC22D1	0.00339775798461195	0.979692704746792	0.98796505766196	1	UP
MAPK13	-0.791840754347473	3.75248513771104e-11	4.44120906839167e-10	1	DOWN
PARP4	-0.203190809204501	0.00532508721860725	0.0180583408910692	1	DOWN
PLN	3.2288476463251	1.04539714047358e-26	3.14729876603827e-25	1	UP
DPY19L3	-0.0998024175611009	0.706209603341898	0.823616736170912	1	DOWN
RPA3	-0.971947035881844	1.32219912533854e-06	9.47302903335014e-06	1	DOWN
ARMH1	-0.908404018258825	0.349699702195148	0.519748060929969	1	DOWN
ARF4	0.0445529713857264	0.605585734403136	0.748830242695442	1	UP
NSUN6	-0.154552954996153	0.342744081713963	0.512572759990011	1	DOWN
FAM86DP	-0.877041222161873	2.46389303828216e-07	1.94248326766042e-06	1	DOWN
MDM4	-0.159541007185804	0.623978746272474	0.76340982420519	1	DOWN
SLC7A2	-1.47567941476472	0.00191516005217846	0.00738026077707491	1	DOWN
CACNA1D	-0.499005765391635	0.500588412886732	0.661606288149457	1	DOWN
RANBP17	0.319708170919576	0.0105315036731498	0.0325563048650687	1	UP
INSYN2B	0.355575906310318	0.0167910689876703	0.0483554679037113	1	UP
ALKBH1	0.211954613528489	0.173283220515531	0.313995714065196	1	UP
TEK	-0.518694161973014	0.00129820995058889	0.00523741820099387	1	DOWN
TMEM143	-1.21086002884196	0.00510074081877287	0.017401040031182	1	DOWN
THAP1	0.152152656740553	0.353856326284688	0.523985835755715	1	UP
DLD	-0.0102346639615302	0.888112109379951	0.937249209706443	1	DOWN
VTA1	0.0762680983272509	0.436283523759975	0.605235019857483	1	UP
SNAPC3	0.172688559630519	0.129999408384034	0.252231666293995	1	UP
EXTL1	0.301194272141331	0.00232193289223678	0.0087449184846791	1	UP
TDRKH	-0.20233183902092	0.436521586856424	0.6054640962072	1	DOWN
PAFAH2	-0.420949361255799	0.0104083947755877	0.0322356864342087	1	DOWN
ENDOV	0.470294933716922	0.0154742716170825	0.045066243276594	1	UP
PFN4	1.21266258609804	0.0256715508930447	0.0686617771525799	1	UP
LINC01503	0.356932134797934	0.292116400862303	0.45904459643988	1	UP
HLA-F-AS1	-0.18449784462366	0.538903413900492	0.693673982423968	1	DOWN
REEP5	0.0785698543936469	0.517504930308889	0.677032812272849	1	UP
WIZ	0.0193326249513587	0.880320003143699	0.933301879876089	1	UP
RABGAP1	0.0726754009734504	0.282497912449919	0.447979387692647	1	UP
YPEL3	0.045640136749755	0.836214593622182	0.905789452997088	1	UP
RPAIN	0.190067336188943	0.133033704404768	0.256671570407651	1	UP
SOX15	-0.12607629780349	0.857823930428984	0.919615253607511	1	DOWN
PIMREG	-2.22892632019081	4.0478093697654e-11	4.77119846676018e-10	1	DOWN
PSMD4	-0.211549810402342	0.0165056858001765	0.0476475560324312	1	DOWN
TSHZ3	-0.334748634917616	0.000835611796621183	0.00353392627245324	1	DOWN
GEN1	0.804534608304359	0.0308784046459533	0.0798396538805996	1	UP
ATP11B	-0.0152206496434356	0.914542321288852	0.951890743657822	1	DOWN
STRIP2	-0.0693706988854723	0.559047388684199	0.711224035027323	1	DOWN
SERP1	0.419200791502732	0.00378309771866471	0.0133961149552619	1	UP
LYG1	0.65680044795154	0.236182128376169	0.394255277482271	1	UP
MUC20	0.0690923116354648	0.897563397297336	0.941496327011346	1	UP
THAP4	-0.134485661823655	0.267834670975196	0.431443409905535	1	DOWN
RSRC1	-0.167211609195952	0.220364239631095	0.375172339526983	1	DOWN
POLH	0.126708534581575	0.0911193041686672	0.192144325775778	1	UP
PPP1R42	-0.0777543360340574	0.867931948319443	0.926123058787881	1	DOWN
NDUFV2	-0.157122659528966	0.184088373796883	0.328427295029476	1	DOWN
SLC25A3	0.0880708660654744	0.0978158009590633	0.203357234881229	1	UP
MARK3	0.0504164541101139	0.587404999029921	0.734370589236213	1	UP
ZNF253	-0.251304730567446	0.521545892074174	0.680379343585166	1	DOWN
KALRN	0.407332207305047	4.43566115659034e-05	0.000245592871164318	1	UP
FMN1	-0.554878549622351	4.54685969413115e-11	5.33333355843257e-10	1	DOWN
APC	-0.0218240829653948	0.776125161953287	0.86775897217694	1	DOWN
WDR36	0.10197084118064	0.626174631282366	0.765205065298781	1	UP
NREP	1.36403088216695	1.1406531659563e-11	1.41126531688651e-10	1	UP
C11orf24	-0.775742200517382	0.0117624076166174	0.0357323002875211	1	DOWN
DIRC3	0.108148061828436	0.555369676266678	0.70822866146574	1	UP
TTLL11	-0.0239626217267026	0.93483588752662	0.96354903185024	1	DOWN
TOMM5	0.0397925770736882	0.773917962178385	0.866296550847393	1	UP
GOLM1	0.0769100564682782	0.306554726763147	0.473596574348326	1	UP
KCNK2	-0.937466820331611	3.17687167171566e-22	7.66426920333272e-21	1	DOWN
DIRAS1	-0.593982321291948	0.571360449677823	0.721868321235725	1	DOWN
TMEM94	0.0504741988202545	0.751489538032935	0.852817285543737	1	UP
ANXA2R	-0.971198692913993	0.00511007439166435	0.0174205437683278	1	DOWN
DHX32	-0.0522481053720191	0.558220640755581	0.710672758308422	1	DOWN
SLC1A4	1.67932798049705	2.47104645346084e-34	1.00588992391444e-32	1	UP
FAM3A	0.0405824609854598	0.809591212315133	0.889115660875688	1	UP
SOS1	0.0615502968073067	0.315323531960583	0.48326867752279	1	UP
EMILIN2	-0.24081443122999	0.000715169978483767	0.00306765252569573	1	DOWN
LOC642361	-0.329105717347369	0.434894484629681	0.603771754960469	1	DOWN
FANCD2	-2.00647971977768	4.0289357240263e-54	3.38500872952931e-52	1	DOWN
LOC124904535	-0.122438967349515	0.846597044596592	0.912789167485735	1	DOWN
ATP5PB	0.12743232862148	0.162181167348021	0.298824435719272	1	UP
TAMM41	-0.206370067822434	0.131480765406745	0.254320511429912	1	DOWN
WDR77	-0.0580987633166946	0.573113279296651	0.723324017390035	1	DOWN
TPMT	-0.496007800042943	2.62271743529858e-07	2.06207234262784e-06	1	DOWN
TCF25	-0.0485548957531419	0.521984262723033	0.680669318458048	1	DOWN
SETP6	0.53702376511735	0.073839769918991	0.162290268456173	1	UP
SUCLG2-DT	-0.80650455535243	0.0349061902594897	0.0881253241509234	1	DOWN
ZNF275	0.713498291249493	2.57362214349731e-13	3.61081685394948e-12	1	UP
PRPS2	-0.356180952166639	0.209615326754575	0.361301417811351	1	DOWN
MON2	0.153961407622598	0.0410098400542694	0.100959659050127	1	UP
COMMD10	-0.413771950836071	0.00114303864257918	0.00466611622144399	1	DOWN
FEM1C	0.260954608672563	0.0538309918230741	0.125896045126273	1	UP
ATG12	0.0541883136639774	0.516461647200039	0.676092695324555	1	UP
ELOVL2	-1.28156030086407	0.000186280936599205	0.000913452940208725	1	DOWN
AKAP17A	0.105902607343008	0.309329581600078	0.476711291852696	1	UP
MBP	-0.268631135399684	0.0100856044452044	0.0313704412048319	1	DOWN
GOLGA6L9	0.617378975250909	2.38571477077777e-05	0.000139353129153232	1	UP
TNFSF4	2.28401542863542	5.24395120865859e-205	4.45766699507796e-202	1	UP
NCKAP1	-0.119717709904489	0.0296584468801769	0.0773767025866997	1	DOWN
RAB24	-0.165917911025373	0.38345416022596	0.553354910068439	1	DOWN
RGS14	0.500790872926485	0.241667369559805	0.400683363818449	1	UP
TBC1D10B	-0.117295901862958	0.227409424819104	0.384108705078528	1	DOWN
LMAN2	-0.348226088314649	0.00806903700015095	0.0259527384129048	1	DOWN
MAPKAPK5	0.175605035027129	0.103603124366132	0.212514786474194	1	UP
MANEA-DT	0.251946165709168	0.671258057819518	0.800028881942256	1	UP
FRK	0.886195639247537	6.24191293933644e-11	7.21615071090807e-10	1	UP
DSE	1.47607000147143	5.93469361934557e-24	1.55085456587998e-22	1	UP
TFAP2C	-0.463871742743291	0.000143989844908597	0.000724259397415293	1	DOWN
LZTS2	-0.080305092244969	0.442984089624795	0.611261011603417	1	DOWN
TWNK	-0.382756593389984	0.09938869788264	0.205886765066231	1	DOWN
KIF17	-0.135338529232649	0.649363259314657	0.784479891352291	1	DOWN
SFXN3	0.304136409681155	6.46627551972116e-06	4.1697522327305e-05	1	UP
INO80E	0.0208736401434098	0.900071797096793	0.943197221966663	1	UP
DFFB	0.142764180088777	0.580818296411987	0.729670972915729	1	UP
NFU1	-0.233628399198699	0.0528961853624898	0.124091359524893	1	DOWN
TMEM209	-0.255202992889077	0.026098338220951	0.0696485846040559	1	DOWN
ZNF276-AS1	0.235352618512844	0.627883455197045	0.766605594039583	1	UP
CASP2	0.241608234569771	0.0986869934362407	0.204814841612396	1	UP
ACOT4	1.09179508662441	0.039676489786897	0.0982125649041536	1	UP
SRP68	-0.0558349069226491	0.745445234713282	0.849413379890271	1	DOWN
GLA	-0.0474295501082731	0.711222038503552	0.827459115885583	1	DOWN
PBDC1	0.441813124413317	1.71545709890083e-05	0.000102820699030344	1	UP
EHMT1	-0.0696219197724571	0.448975042813694	0.616860462416875	1	DOWN
MRPL24	-0.373655278058439	0.0124751131156645	0.0375812406251196	1	DOWN
PIGM	-0.527603521913708	0.0116497250365344	0.035427225695067	1	DOWN
MAPK1IP1L	0.0209339617295437	0.703078978526928	0.821889202288678	1	UP
HOOK3	0.165107525933777	0.00778852318959449	0.0251232028153638	1	UP
ISG20L2	-0.203431195836102	0.104050727673394	0.213217367750479	1	DOWN
IER3IP1	0.633375695343157	1.62774790399203e-12	2.15605728328037e-11	1	UP
SYNPO2L	0.428797843002356			1	UP
SMPD1	0.0947111832352818	0.630787790310366	0.768722749011225	1	UP
APBB1	0.353522254723928	0.00247137575292753	0.00923315693008163	1	UP
XPOT	-0.319171614113461	4.15230241447046e-07	3.16148167500067e-06	1	DOWN
LOC122539214	-0.363373345954529	0.00101988373484115	0.00420401413877281	1	DOWN
KCNQ1OT1	-0.0199078919001556	0.76920687922339	0.863656862499459	1	DOWN
LDLRAP1	0.248373258436453	0.207622384621151	0.358722032539485	1	UP
C1orf54	0.483997583083492	0.056642615214165	0.131176671868573	1	UP
DDX3X	0.516546295770444	0.00620881426132768	0.0206200319662595	1	UP
CTBP2P4	0.342971671346028	0.477160779281244	0.641696964029142	1	UP
VPS16	0.000715012146141511	0.994999816666114	0.997277423733398	1	UP
FNDC3A	0.167268645594374	0.0118170995396392	0.0358758204721273	1	UP
PTGR1	-0.383862541804186	2.88981833737992e-05	0.000165980782168034	1	DOWN
PPM1G	-0.228617523250517	0.00209840355467636	0.00798841669352689	1	DOWN
ZKSCAN8P1	0.107149888272707	0.830122655928563	0.902166090157454	1	UP
ABRAXAS2	-0.159980286693679	0.164959733767862	0.302507748324575	1	DOWN
QSOX2	-0.403392279733334	0.000407534823476155	0.00184790892188701	1	DOWN
CFLAR-AS1	0.6508392645677	0.134138260278409	0.258079083914697	1	UP
RPS3AP38	-0.199556926422036	0.172510375278205	0.312909179508641	1	DOWN
FAM204A	0.0824854636217619	0.379688510831411	0.549787441886245	1	UP
CENPH	-2.16137240700702	4.12842299235239e-15	6.65846435965228e-14	1	DOWN
CDYL	0.268134896805306	0.11357019160292	0.228261869103449	1	UP
CARHSP1	-0.734244369987688	7.63767374453731e-13	1.03469640344711e-11	1	DOWN
METTL16	-0.329844830080606	0.221808489305004	0.376834526092948	1	DOWN
CLPB	-0.0844647156691094	0.566210350536548	0.716989452238509	1	DOWN
ASS1P2	0.602287410299146	0.383822837811878	0.553665784509827	1	UP
MOSMO	0.905324833751711	1.0702210995208e-18	2.21255580961017e-17	1	UP
SMG1P4	0.116477724020805	0.564958091548935	0.715844750633377	1	UP
ARL2	-0.29252622902751	0.0565242640115057	0.130965550622137	1	DOWN
ERV3-1	0.605470591802447	3.1222673963605e-12	4.02856126292907e-11	1	UP
SYNJ2BP	0.0151733717640081	0.836135877020445	0.905772080871248	1	UP
PSMA3-AS1	0.512961539654059	2.74704664426747e-09	2.73875046041645e-08	1	UP
WFS1	1.21122225446258	3.3081664332203e-58	3.04498809722717e-56	1	UP
TSG101	0.0620932019489435	0.468218332021729	0.633897612520705	1	UP
PRP4K	-0.226752040098685	0.00149934884640696	0.00592482640946869	1	DOWN
PDF	-0.49945208552665	0.256618236245922	0.41827093751295	1	DOWN
KLHL25	0.173320654265073	0.562531696164163	0.714147899610676	1	UP
USP36	0.14471632281109	0.0893467197179212	0.189068596667694	1	UP
AIRIM	0.0756624758035576	0.619254931315359	0.759664941633129	1	UP
CFTR	2.5308050078493	0.00011538114275835	0.000590429495042817	1	UP
MYEF2	0.825973096139117	6.43480501439996e-19	1.3476719893202e-17	1	UP
ANKIB1	0.0587146060071321	0.432278670851629	0.601064088567006	1	UP
MCOLN3	0.310783502766716	0.359405760608297	0.529738759686367	1	UP
IBA57	-0.107437812331773	0.496531235059415	0.65786860528501	1	DOWN
MFF	-0.0821463324591291	0.301002930730424	0.467971312747214	1	DOWN
ANKRD13C-DT	-0.307099595128749	0.467245154305345	0.633049764886954	1	DOWN
STXBP6	-0.55085899452349	0.00294836329618003	0.010772894562098	1	DOWN
PIGN	-0.240702317556664	0.0107810272697269	0.0332259810353644	1	DOWN
SDCCAG8	-0.0272382219897384	0.815755179606835	0.892998871335382	1	DOWN
AIDA	-0.451993134337156	0.482190435597708	0.646274715713456	1	DOWN
AP5M1	-0.220809079760322	0.34048693156854	0.510253722710461	1	DOWN
RPL5P4	-0.0536984818658142	0.799602297968194	0.882941301133825	1	DOWN
OPRL1	-1.81301000149109	0.000714086393544613	0.00306482401933864	1	DOWN
PSG5	0.305335385386625	4.17474695374747e-05	0.00023194643686507	1	UP
ZNF425	-0.439322083401677	0.0832009357429812	0.178653301994327	1	DOWN
ZNF783	0.205940794315894	0.305284722330341	0.472343432687087	1	UP
ZNF230	-0.365293378751144	0.162076251454677	0.298676589558698	1	DOWN
ZNF222	-0.354336141161187	0.148355465301442	0.279297137711196	1	DOWN
CCDC107	0.165778605709016	0.391959319353852	0.562483031179992	1	UP
DCUN1D4	0.202655600387207	0.0252969284321578	0.0678630210656611	1	UP
SPTAN1	0.278575382923406	8.39526051321213e-06	5.30012711561505e-05	1	UP
NMB	-0.0160607742749646	0.966238872949778	0.980211860512267	1	DOWN
ACSS3	-0.208837978243138	0.131469928276243	0.254320511429912	1	DOWN
FZD4-DT	1.15826056792954	0.0558234698123602	0.1296953315528	1	UP
NFKBIL1	-0.20984591838983	0.415265040241438	0.584778317728418	1	DOWN
PSMD9	0.268958741946324	0.0570272095939292	0.131755754991073	1	UP
NFKBIB	0.104093929957728	0.543130585368752	0.697359403746232	1	UP
HNRNPL	-0.0905310613923722	0.379582502636367	0.549689021504975	1	DOWN
ECH1	-0.280300788900361	0.131426095142017	0.254316885497762	1	DOWN
VSIR	0.578276676600758	1.67355295904651e-09	1.69478022503021e-08	1	UP
UNC5B	1.00423278282422	0.00066210411318491	0.002869845992692	1	UP
ME3	0.470243512458357	0.000971362901720262	0.00403019388250345	1	UP
TMEM106B	0.0258564090628174	0.748715693037365	0.851072955249191	1	UP
EZH2	-0.112578071533017	0.35885652589439	0.529220905776082	1	DOWN
TARDBP	0.132760450729571	0.401439477871279	0.572336414238147	1	UP
TNFRSF8	-0.284587330962455	0.562962485940478	0.714569247635121	1	DOWN
UBIAD1	-0.0840069800740539	0.611621923742071	0.752985893678367	1	DOWN
UBE3C	0.0210361133120168	0.712301303034483	0.828181360539972	1	UP
RDH13	-0.0487932466302685	0.795145478435431	0.879902542987244	1	DOWN
LOC100287290	-0.0179169011053742	0.946293153025419	0.968956448265453	1	DOWN
ITSN1	-0.600508121314984	1.64549237294063e-17	3.11651510896003e-16	1	DOWN
HELQ	-0.0524064209529255	0.712160575489499	0.828084364048821	1	DOWN
MRPS18C	0.0238177799865494	0.87514914924664	0.93032075590431	1	UP
CRAT	-0.00860448038655214	0.933777536957842	0.962899084429592	1	DOWN
PDCL3	0.42333430107426	0.0018010731225432	0.00698532144226296	1	UP
RAD23A	-0.0940203981392549	0.50381558039757	0.664655737842367	1	DOWN
KCNS2	-5.20593927963254	0.000488992492977995	0.00218436801113601	1	DOWN
CHST12	0.0490486179468708	0.837204412061417	0.906453956596953	1	UP
THOC3	-0.258122099712662	0.26237253669173	0.424823028317332	1	DOWN
FOXP4	0.941553504573426	2.82342330708295e-19	6.05360388882132e-18	1	UP
PPIL1	0.0675434256672807	0.499873233949016	0.660997901755643	1	UP
EIF2AK4	-0.228819416450101	0.000107910693114543	0.000556537268450486	1	DOWN
ICAM5	0.645819643531705	0.0235441828740135	0.0639663445595731	1	UP
SEC13	-0.385002594220836	0.0327176723958497	0.0836967753217249	1	DOWN
ICAM4	0.174896748740141	0.772435913391603	0.865619070171054	1	UP
INPP4B	-1.03218700343991	7.17563955509531e-31	2.57948177141001e-29	1	DOWN
AKAP5	1.15661589975987	0.00068059888011351	0.00293592072134935	1	UP
NAA60	0.0593567445749329	0.755411579853823	0.855789647261492	1	UP
PRDX5	0.445071055725613	1.05353363970197e-06	7.66912706900721e-06	1	UP
RUFY2	-0.217452802226915	0.214933679714341	0.367618251337666	1	DOWN
NHSL2	0.104983851641916	0.174584723705714	0.315602181920349	1	UP
PHACTR4	0.788562385386478	5.01742932783653e-17	9.22479277564449e-16	1	UP
TMEM236	0.567357510498672	0.210165232093648	0.361990198925543	1	UP
CCS	0.299102898112925	0.0775245512180811	0.168720977357303	1	UP
DONSON	-0.690515777136489	1.27766934147861e-06	9.18587047448129e-06	1	DOWN
COLGALT1	-0.109581668350245	0.0686018671255286	0.152627476982292	1	DOWN
SON	-0.0799363337902541	0.132956681705071	0.256557218229401	1	DOWN
NSUN5	-0.25804893377261	0.27377976893139	0.437750767960557	1	DOWN
SLC27A1	0.42182740113461	0.0251179761805526	0.0674683780269825	1	UP
ACADS	0.102523061067165	0.713844453246498	0.829374995486826	1	UP
IFT81	-0.0598036738665106	0.53554871808545	0.691309917378547	1	DOWN
YIPF5	-0.376741729839955	1.60461561110649e-07	1.2889549858866e-06	1	DOWN
NDC80	-2.1472471965036	3.23652590048437e-47	2.12595617217726e-45	1	DOWN
CCDC71L	0.195535330171035	0.0128304226910872	0.0384752932784605	1	UP
ARHGAP26	1.44341828867451	4.24671027525747e-24	1.11987609831653e-22	1	UP
CABYR	1.27377142819387	1.82804166287425e-06	1.28926452270355e-05	1	UP
TRMT10C	0.0898415342086832	0.476418158511538	0.641274106617943	1	UP
CTU2	0.0168168979209903	0.927624702229402	0.959426322066783	1	UP
COL4A4	1.05468800206894	0.018411569086494	0.0522722170665864	1	UP
ENY2	0.04788219230548	0.667817187476091	0.797516243932778	1	UP
MASTL	-1.15520250768504	8.75458526931726e-18	1.69134373966449e-16	1	DOWN
ACADVL	0.0327259776415427	0.759162674271886	0.857551770960918	1	UP
DDX1	0.0228099494706205	0.709508510944639	0.826418223896137	1	UP
ALDH3B1	-0.765953104412606	0.00695485558191182	0.0227283170543211	1	DOWN
AGK	-0.195472314500178	0.0975062116926899	0.202890803246291	1	DOWN
KAT7P1	-0.243914130996048	0.678825203036921	0.804865688307068	1	DOWN
USP25	0.0822486384320447	0.368782089439375	0.53884287690285	1	UP
VPS25	-0.30454412744495	0.00383369107016363	0.0135453960036515	1	DOWN
RAMP2	0.153802043713851	0.823477881938797	0.897577226723303	1	UP
PSMC3IP	-1.27393029652851	4.76665463995985e-08	4.09529882295243e-07	1	DOWN
ACLY	0.115258950515856	0.0706025819449315	0.156196863393479	1	UP
NUDT9	0.16332285665909	0.247885249031386	0.407530117605524	1	UP
LONRF2	0.250527690748353	0.106967857686561	0.217411042395006	1	UP
KLRD1	4.1766871396787	1.06028649712118e-100	2.68810529296459e-98	1	UP
SOX5	-0.434662217945941	0.00582295089576159	0.0194830894639154	1	DOWN
EMP1	-2.10228904475562	0.000113627683777893	0.000582075029519437	1	DOWN
PAICS	-0.419907056703592	0.0526968954730592	0.123724262628949	1	DOWN
KDR	-0.225658692771949	0.704440779883472	0.822845515945147	1	DOWN
POLR1C	-0.181328035744448	0.303665219246613	0.470515261975106	1	DOWN
DSEL	-0.467688237831028	3.89449986473391e-19	8.24003185143041e-18	1	DOWN
ASXL1	-0.0128306695336695	0.844830146218363	0.911500705017289	1	DOWN
CAPN7	0.066238753190071	0.495186554910194	0.657050858966781	1	UP
RPL14P3	-0.176003205423553	0.649227193953314	0.784446670553457	1	DOWN
ARL4C	-0.787162206770139	2.65086215131897e-14	4.01968614362124e-13	1	DOWN
GTPBP1	0.359765208645713	0.0228527664226135	0.0624164293277618	1	UP
SIRT2	-0.238758408503805	0.0168588940728936	0.0485217841560218	1	DOWN
SH3BP5	0.186653384150629	0.12164117454216	0.240546606659346	1	UP
PRAF2	0.35582498443556	0.0386628628315918	0.0961187061711223	1	UP
MEGF8	0.405639681968585	0.0215555086864147	0.0595599724717742	1	UP
CDC6	-1.8840114680641	5.16406409159942e-43	2.88130850145572e-41	1	DOWN
PTPRS	-0.105730514091528	0.12720545825735	0.248355742358589	1	DOWN
UBE2N	0.109852430465718	0.322924777498512	0.492359776285186	1	UP
ZBTB41	-0.258907868598853	0.000590355736670239	0.00259544592352346	1	DOWN
SCAND3	0.871887219077524	0.0324185579617281	0.0831081392770858	1	UP
GRB2	-0.109880774212056	0.800593507776252	0.883448434720585	1	DOWN
CDK13	-0.0242747481901516	0.736913182801951	0.844900170423413	1	DOWN
TBC1D1	-0.40840323700965	3.90844538581452e-06	2.60520960656853e-05	1	DOWN
BABAM1	0.0403661928605321	0.739283166382939	0.846212183602669	1	UP
SCAI	-0.241298671075106	0.017424870205009	0.0498824879818909	1	DOWN
RGS20	-2.04274268406821	4.3009934024661e-08	3.71288265585649e-07	1	DOWN
TYK2	-0.238952596427531	0.0315974801438817	0.0813930812048546	1	DOWN
DHRS4	0.0851950442132415	0.641635803092848	0.778725034894998	1	UP
IGFBP3	0.106590494950857	0.642669572199545	0.77978320636907	1	UP
M6PR	0.0948135669372117	0.464735687689011	0.631115045747125	1	UP
RPL32P18	-0.0302266781251939	0.823466823696838	0.897577226723303	1	DOWN
CDCA5	-2.50581952991871	5.11633062469821e-22	1.22817431657e-20	1	DOWN
NFIC	-0.269004191566982	2.33683110542127e-06	1.62197628743721e-05	1	DOWN
TM2D3	-0.0648233441141177	0.712481288732071	0.828257348842986	1	DOWN
HAUS3	-0.116456536029682	0.380223037328276	0.550230634130875	1	DOWN
LENG9	-0.905262563697705	0.0366799869242874	0.0919888643629506	1	DOWN
SCARF1	1.06601892087109	0.156582493689931	0.290957132096334	1	UP
MCTS2	0.54245298939811	0.453208417800058	0.621259234075948	1	UP
SNRPA	-0.634658529535697	1.13963983617315e-05	7.04704119492434e-05	1	DOWN
PYROXD2	-0.11864622887553	0.42244817967948	0.590947075045731	1	DOWN
CNNM1	-0.615928446522507	2.3519225065466e-06	1.63166740960657e-05	1	DOWN
NACC2	0.301724251953907	2.57066954435255e-05	0.000149251689776773	1	UP
ARL6IP5	-0.219772545518795	0.015222043456462	0.0444571038781997	1	DOWN
TMF1	-0.0765524105199555	0.225336276727724	0.381482490041277	1	DOWN
UBA3	0.033212533509281	0.793700873052824	0.879202397887612	1	UP
SLC25A26	0.235213057885539	0.160172783201487	0.296181303908469	1	UP
POLD1	-1.09387388237515	3.24752468512161e-09	3.21764056576318e-08	1	DOWN
LRIG1	2.4007322735955	1.07371250069071e-90	2.28179696286492e-88	1	UP
CUL4A	-0.0235312892934113	0.679573230265558	0.80536402865254	1	DOWN
HIVEP2	-0.0127543645942876	0.917912780528196	0.954299107295896	1	DOWN
LOC105377134	-0.924069828715895	0.128959033316964	0.250805893596668	1	DOWN
FYN	-0.164876005580151	0.183416710137187	0.327633483089306	1	DOWN
PDCD4	0.145516709921122	0.40612416443479	0.577079675540526	1	UP
COCH	-1.21458783198047	0.171379426212364	0.311209360165226	1	DOWN
MESD	0.398161153834695	0.00234354994509185	0.00880796885735301	1	UP
ZBED5	0.0228269216671523	0.833600390571038	0.90397412908165	1	UP
PITPNA	0.255162196339366	0.00247709006625955	0.00925211386599037	1	UP
PRPF8	-0.294101998291045	5.86234120072753e-09	5.66288052752096e-08	1	DOWN
ADCY6	-0.184467311531047	0.0822980455619242	0.177188476819929	1	DOWN
SEMA6C	0.424076571078501	0.129439843171214	0.251449814984166	1	UP
ARNT	-0.157722049085173	0.212246454322071	0.364618819710919	1	DOWN
MRPL9	0.0860282338436478	0.535903764837179	0.691468383745249	1	UP
HMGCS1	-0.704085492789307	5.27206332439037e-22	1.26345915589992e-20	1	DOWN
DAP	0.271587164365653	6.00192586982373e-07	4.49631056219921e-06	1	UP
C3orf18	-0.35911381847153	0.356622182765234	0.527324993670357	1	DOWN
PLBD2	0.166387200374388	0.0131628398764944	0.0392927492367735	1	UP
RASSF7	0.806914382618617	0.00387893937415517	0.0136825544966274	1	UP
NCS1	-0.684863166161887	1.76044518317626e-20	3.96882891452108e-19	1	DOWN
MOV10L1	0.088617027006851	0.521845838021204	0.680667553417269	1	UP
SNX8	-0.301771885206691	0.0103368498243798	0.0320278337933346	1	DOWN
EIF3B	-0.415295832609329	1.37040742651596e-10	1.53161312610844e-09	1	DOWN
ZKSCAN1	-0.252959677247026	7.50080090316641e-05	0.000397047889566512	1	DOWN
NUDT1	-0.727367019129663	0.000592209863825771	0.00260201421165893	1	DOWN
ARHGAP5	0.0886120081075484	0.87947454319703	0.932800827404683	1	UP
RNH1	-0.477616758158037	0.000643936728996739	0.00280287038275056	1	DOWN
ACAD8	0.210211926506611	0.181792310530036	0.325294784481123	1	UP
RPL23AP5	0.0333005267379662	0.957896364489942	0.975446435293084	1	UP
TRAPPC13	-1.04794084667208	1.97490725546822e-10	2.1744368421649e-09	1	DOWN
TRIM23	0.313945698000777	0.00285138231169075	0.0104528984744401	1	UP
LIFR	0.493324488923694	5.58396485283027e-06	3.64470985041781e-05	1	UP
PPWD1	-0.0752774491497208	0.644566159973942	0.781166183980496	1	DOWN
RPL37	0.0455700580729563	0.459764786408555	0.626975646729266	1	UP
PRCC	-0.439929499172742	0.00737115563659065	0.0239533550943044	1	DOWN
MELTF-AS1	-0.324328662305597	0.632042843457173	0.769862704888706	1	DOWN
N4BP2L2-IT2	0.104593528185541	0.3401353140634	0.509880605042333	1	UP
PTPN9	-0.180438174595233	0.0162038160192365	0.046944936907375	1	DOWN
NPR1	-0.623046943139936	1.30158783941903e-05	7.94644945815142e-05	1	DOWN
APOD	0.079003745239192	0.86888064114778	0.926656394481666	1	UP
SCNM1	0.26598097997661	0.0468331247356493	0.112572436053704	1	UP
SLC25A21	0.490409782380659	0.436537059283529	0.6054640962072	1	UP
RNFT1	0.663049523449672	1.42589439324281e-05	8.6505457081242e-05	1	UP
VPS72	-0.240788037263506	0.304197934826419	0.471013002911881	1	DOWN
FAM111B	-3.24621814097746	1.15395047676661e-25	3.30867824201474e-24	1	DOWN
USP5	-0.684677281083018	3.09013050173136e-06	2.10539725980763e-05	1	DOWN
CHPT1	-0.116867894217838	0.236594002261216	0.39471483799086	1	DOWN
CDCA3	-2.18794028351665	1.05279723101647e-15	1.76087647979387e-14	1	DOWN
GNB3	0.124368104340479	0.631747064586382	0.76956729582212	1	UP
TPI1	-0.297018472810259	0.000236908449013953	0.00113438170864832	1	DOWN
TXNDC16	-1.17796833138647	2.16613379882459e-12	2.83283253636327e-11	1	DOWN
RTRAF	-0.0697157364489839	0.3136764155242	0.481459148246438	1	DOWN
NID2	-0.453935246035464	1.18911828323319e-11	1.46620719377157e-10	1	DOWN
AMOTL2	0.192334583775504	0.175522652677611	0.316797024717329	1	UP
LIMS2	0.745353692915818	1.83629034678613e-11	2.22993544549633e-10	1	UP
LINC01139	0.311277162765005	0.135905636534352	0.260646629536552	1	UP
HR	0.377954422341036	0.212780260395227	0.365145177885219	1	UP
WNT2	-0.0287959846587977	0.818615545614547	0.894722502355577	1	DOWN
LMBR1	-0.215920098718292	0.437873377429786	0.606625268645177	1	DOWN
LIN37	-0.0364438685832472	0.878037139571443	0.932206324282551	1	DOWN
ERCC1	-0.112868698710244	0.20679342519795	0.357760300195807	1	DOWN
HPF1	-0.520191572891831	0.000150644921128612	0.000754843881841044	1	DOWN
LINC02803	0.719476196132079	0.229315556024679	0.38609176167261	1	UP
KCNT2	-0.824383473798718	0.000181760656778333	0.000893105491704757	1	DOWN
HDGFL3	-0.324128028480087	0.00012317881036859	0.000627222335671774	1	DOWN
AGL	0.593134705590403	6.21741203600549e-15	9.89513450796424e-14	1	UP
MCM7	-1.69066560676499	9.37713386982878e-50	6.84388694711594e-48	1	DOWN
PAN3	0.180755826935935	0.0755594819324499	0.165290655980296	1	UP
PLEKHH2	0.715122314198955	2.7696546438615e-08	2.44348469221261e-07	1	UP
ADORA1	-0.0526006855256196	0.792410539195996	0.878557979278912	1	DOWN
STK36	0.280562140037147	0.0241560615692533	0.0653584058673057	1	UP
RNF25	0.264557054608638	0.33381634720634	0.503546976354783	1	UP
GALC	0.418325407057238	0.00951150701453779	0.0298546454967606	1	UP
NUP88	-0.152267567654814	0.125489308108998	0.246091191679079	1	DOWN
RAI1	-0.30193600078177	9.15350449804327e-06	5.746189987021e-05	1	DOWN
CHRNE	2.79147158483567	1.43523575807246e-06	1.02372122112069e-05	1	UP
SPCS1	0.0618056103467747	0.522252275342854	0.68083036641675	1	UP
NEK4	0.173497080975808	0.0569669865153508	0.131716787541334	1	UP
RASD1	1.31903363659828	0.266016365082267	0.429138858347161	1	UP
TMEM132D	-0.987284193084695	0.010779001224005	0.0332259810353644	1	DOWN
MED13	0.227179728543587	3.75360738765672e-05	0.00021016420131355	1	UP
KDSR	0.0506290377107839	0.534272419856956	0.690155603768023	1	UP
SPPL2B	0.115819462660772	0.519748026401557	0.678819986793056	1	UP
PPP1R14B-AS1	0.04372676352407	0.89033420498255	0.9384551127792	1	UP
BEND6	-1.23503250875103	4.9682552803726e-14	7.2963675870594e-13	1	DOWN
MYBL1	-1.18029920829975	2.85887027069713e-12	3.70013578470289e-11	1	DOWN
ALDH7A1	-0.774706764241427	3.5758951736342e-14	5.34940591658259e-13	1	DOWN
PHAX	-0.0191847856127399	0.787014514964417	0.875109127052969	1	DOWN
NBN	0.0251244711925153	0.781229845452059	0.871645498504301	1	UP
CPQ	0.378491058558154	0.000253966600113225	0.00120646658061677	1	UP
DECR1	0.14321484043897	0.423867302990403	0.592313433558629	1	UP
RIPK3	-0.460608998720353	0.477794596914749	0.64216980282878	1	DOWN
PDE6G	0.248790310852575	0.685199148978787	0.809302239631586	1	UP
H3C13	-3.2436892711796	1.18500672208185e-14	1.85330434424295e-13	1	DOWN
TANGO2	-0.170141005231895	0.173900564925693	0.314759151270189	1	DOWN
SMAD7	0.129256637499878	0.258016040690065	0.41974443363865	1	UP
C5orf22	-0.105884751009089	0.247369086712911	0.406820379206587	1	DOWN
ME2	-0.0792867619782914	0.493751763816914	0.655930018286287	1	DOWN
PTGFRN	-0.410499703016118	3.50876967038724e-06	2.36715717156685e-05	1	DOWN
STARD9	0.374272374287494	7.44555385620765e-06	4.7440784292794e-05	1	UP
COA8	0.456767927736581	0.00577125519944515	0.0193549336011097	1	UP
LINC01106	1.13365529980164	0.000253786739063887	0.00120600860447624	1	UP
NSMCE4A	-0.460929432244363	0.00397546136020104	0.0139779542861959	1	DOWN
ZFHX4-AS1	-0.213701631871894	0.454461232793448	0.622445197147011	1	DOWN
LRIF1	0.0589671065445171	0.746860811758815	0.850379337549406	1	UP
RASSF9	0.201125844357733	0.560613611289159	0.712680033272702	1	UP
ERMAP	-0.252398966629399	0.0778951213079935	0.169399909408851	1	DOWN
ZNF691	-0.48982156909739	0.164195400405278	0.301438722110318	1	DOWN
MICALL1	-0.0766442919516007	0.660282142073613	0.791845413701725	1	DOWN
SNU13	-0.104923502386529	0.516086877075108	0.675785743078324	1	DOWN
KCNIP2	0.211312256184769	0.487313008954529	0.650373659202117	1	UP
GAMT	0.123071031156649	0.503644764104026	0.664491051407585	1	UP
ZNF460	0.614386150084098	2.3357931416201e-17	4.37235060745493e-16	1	UP
SLC25A33	-0.23298424044745	0.150241009491659	0.281965302358956	1	DOWN
TDRP	-0.0656215476721654	0.795312704820782	0.88002020653638	1	DOWN
RPE	0.459756397096354	0.0130865968997875	0.0391055442098489	1	UP
ENC1	0.914853337825717	9.14393148359082e-32	3.4232889603464e-30	1	UP
NAA80	-0.445950151394215	0.106165322988309	0.216053384383052	1	DOWN
CKMT2-AS1	-0.277099010879199	0.212208151729971	0.364618819710919	1	DOWN
JMJD8	0.0878959493191118	0.499941357821157	0.660997901755643	1	UP
WDR90	0.111319175721843	0.516819512258622	0.676499888736354	1	UP
H2BC19P	-0.253286648372493	0.621549243694851	0.761316165505534	1	DOWN
TOP2A	-2.70881256381904	3.18195404438705e-297	5.74780223692966e-294	1	DOWN
BCLAF3	0.302282743050325	0.0148506533730161	0.043548456147211	1	UP
PROSER3	0.11732791601736	0.375348509914179	0.545949838832381	1	UP
JADE2	-1.01958273598075	1.68385837611243e-31	6.22338552255773e-30	1	DOWN
TRPM7	0.106776553886874	0.0552937935284895	0.128769209985809	1	UP
ZBTB38	-0.206474278297749	1.94274246342665e-06	1.36416770354609e-05	1	DOWN
C1RL-AS1	-0.412794343423312	0.0460669472876437	0.111026260048989	1	DOWN
C2orf49	-0.05678872896814	0.611117675716209	0.75268571821145	1	DOWN
ANKRD36	0.391043505466022	1.99725250102896e-07	1.58933347424942e-06	1	UP
MRPS9	-0.124711149361433	0.283962396592422	0.449623109793751	1	DOWN
FLII	-0.0569460328386977	0.370838483022118	0.541038558117378	1	DOWN
CDKN2AIPNL	-0.20007342896735	0.176327331807683	0.317877528936231	1	DOWN
BEX3	-0.0377834902080538	0.647802156432327	0.783462076929159	1	DOWN
SOX12	-0.995644222455647	4.61576631520976e-18	9.05053446690587e-17	1	DOWN
ARPP19	0.0397746737599348	0.530271848449679	0.687269243157382	1	UP
CAND1	0.111625718087729	0.106402571515327	0.216475230320708	1	UP
ZNHIT3	-0.178118315063013	0.258322040487072	0.420053089577887	1	DOWN
ZNF317	0.307802568846779	0.0399354512256101	0.0987183040816441	1	UP
TMSB15B	0.501592182356995	0.00497687300879781	0.0170428416706486	1	UP
FHDC1	-0.159438922019024	0.197560174327113	0.34605358535771	1	DOWN
TRAP1	-0.350474907959814	0.00427107995104016	0.0149229633395748	1	DOWN
PROX1	-0.387099920791097	0.538388739489297	0.693242063116799	1	DOWN
RNF5	0.237164622135143	0.0491219217730491	0.11708080018841	1	UP
AGER	0.332258493571334	0.244736554814427	0.404146720788857	1	UP
PBX2	-0.493364223810423	0.104095741696259	0.213217367750479	1	DOWN
NOTCH4	0.576382802011364	0.493022924876168	0.655323242033251	1	UP
AKAP1	-0.252738154163949	0.131093170130841	0.253706629377365	1	DOWN
COIL	-0.118562267856103	0.333697596790837	0.503420395784987	1	DOWN
TSPOAP1-AS1	0.0463038987085642	0.933867783431609	0.962919967061733	1	UP
MIR133A1HG	2.55508761288465	0.00557204085905309	0.0187871120985012	1	UP
H2BC17	-2.63140646747543	4.45074630445484e-26	1.30993349991195e-24	1	DOWN
USP6	0.0281387542417412	0.874562099294434	0.929901912802874	1	UP
SCAND3P1	0.472006443704307	0.479554333091993	0.643865294559774	1	UP
BCL2L1	-0.137124864519434	0.0963038894814929	0.201081853330018	1	DOWN
RPL14P1	-0.0566867709630715	0.434746573014781	0.603682399023407	1	DOWN
WSB1	0.905557756148382	5.63325813207321e-33	2.18247220553861e-31	1	UP
DBT	-0.124172574756055	0.246677115811101	0.406005808722804	1	DOWN
MPHOSPH6	-0.200669221681142	0.305995012017559	0.472934108948208	1	DOWN
RN7SL471P	0.843242905629585	1.53714283973724e-08	1.40146695123299e-07	1	UP
SLC25A15	-0.217493754294888	0.351161388878369	0.521277168020679	1	DOWN
KDM6B	0.675723400620483	1.13817420619263e-06	8.22387772684485e-06	1	UP
PTPRF	-0.195148055559788	0.0254146231909983	0.0680753882730522	1	DOWN
RPF1	0.148844867088306	0.239681209665048	0.398301881424748	1	UP
KIF2C	-2.46381597579823	4.16950186006673e-46	2.65433794624777e-44	1	DOWN
EZH1	0.215278127718962	0.0320008515595713	0.0822415624910839	1	UP
CNTNAP1	0.00624595205368885	0.935896382636522	0.963786687768075	1	UP
EPB41L1	0.322073980390391	0.0278784045630815	0.0735568421291018	1	UP
TULP3	-0.473916526841876	0.00443255925702058	0.0153793310499891	1	DOWN
PALMD	1.31095408830308	2.7383366502696e-38	1.25226908015968e-36	1	UP
HSP90B2P	0.0459332435530949	0.860319217639393	0.921128622220261	1	UP
HLTF	-0.199094195831623	0.143659682230076	0.272337146518015	1	DOWN
TRIM38	0.328371462984603	1.01543022428974e-05	6.32499231517717e-05	1	UP
TP53RK	-0.0278702535048655	0.781804321576055	0.871949853445672	1	DOWN
B3GALT1	0.744115165968081	0.0815396300008044	0.176132321691505	1	UP
MT-ND4L	0.439636620261279	1.73836421965706e-08	1.57203387598649e-07	1	UP
UCHL3	0.185169229616176	0.329330971161702	0.498759365359228	1	UP
HNRNPA3P12	-0.671241688197304	0.236672926828901	0.394800931040569	1	DOWN
UBE2B	0.234876479574425	0.265353815186486	0.428258653479999	1	UP
SATB2	1.0141376055973	3.94000357790723e-17	7.2996143210689e-16	1	UP
GTF3C3	0.159358824120558	0.0666949249992238	0.149371891069387	1	UP
GINM1	0.0994423481162575	0.198817625621877	0.347582084183613	1	UP
APH1B	0.145962868803395	0.536440233942851	0.691500870970797	1	UP
INTS14	-0.103765313312157	0.44988355323998	0.617814998372228	1	DOWN
GACAT2	0.434320240275003	0.41082359203106	0.58060918491062	1	UP
CNTN5	1.0583202264286	0.0117523785885892	0.0357093404086843	1	UP
CNKSR2	-1.00533858651339	4.49437602999268e-10	4.79676720896782e-09	1	DOWN
KCNE4	0.0196740786097802	0.889956115032119	0.938229424881682	1	UP
ADAMTS7P4	-0.99075963983303	0.0591606011790713	0.135526393245098	1	DOWN
MAP1LC3A	0.628234301455394	0.00900203524221724	0.0285281603695792	1	UP
MSI2	-0.825102264791061	6.61112358437907e-07	4.93478031600527e-06	1	DOWN
RSL24D1	-0.043094069662711	0.626236227596424	0.765205065298781	1	DOWN
SPTBN5	1.80017305222909	0.00145189689961324	0.0057656944480107	1	UP
BCL2L10	-0.86986243520635	0.0846600053458475	0.181220817249717	1	DOWN
SEMA6D	0.734243568398896	2.94802529211344e-05	0.000168854195387758	1	UP
MYH11	3.01979982780905	1.74813503180201e-07	1.39957337089035e-06	1	UP
ZNF280D	0.120591518159563	0.123402196574428	0.242944988134967	1	UP
GCOM1	-0.346766754045398	0.340265068858633	0.509974124670826	1	DOWN
MED10	0.199085353986423	0.123281911239	0.242783714815316	1	UP
ZNF680	0.215085195056589	0.0648894790373801	0.146244207980221	1	UP
EVC2	-0.139233894519698	0.385298188287274	0.555295115083215	1	DOWN
RN7SKP80	0.432236755865959	0.000181265274138462	0.000890974311760175	1	UP
SMARCA1	-0.0457129020884628	0.410171006809291	0.580332878396431	1	DOWN
CYTH3	-0.402367061707729	4.78208239747205e-06	3.15120258667891e-05	1	DOWN
SUGT1P2	-0.210762465110319	0.705712530414799	0.82329364333259	1	DOWN
DAGLA	0.218050821299909	0.219550478515049	0.37412410955163	1	UP
KIF4A	-2.84223754623272	5.62884104723689e-87	1.12975530518917e-84	1	DOWN
SKIC8	-0.0200012278760224	0.892822827542324	0.939570541859461	1	DOWN
NCOA2	0.426299933766981	1.12651860554859e-08	1.04757531330648e-07	1	UP
TSPAN3	-0.0166613207835186	0.972552664597672	0.983689919633317	1	DOWN
NEIL1	0.404075534375773	0.368897156658173	0.538913547398631	1	UP
RPS3AP20	-0.296902280692031	0.440378882398794	0.609012319073242	1	DOWN
RPL23AP79	0.0869877412363793	0.401148426261685	0.572034330758596	1	UP
MIEF1	0.0805127774204916	0.727469755045312	0.838531182113728	1	UP
MTMR3	0.631235051388658	9.01798916824973e-21	2.06793349905271e-19	1	UP
ZNF322	-0.043950811155155	0.765196695931641	0.861392592429382	1	DOWN
TBX18	0.173653310460424	0.485496646966698	0.649080585189727	1	UP
GTF2E2	0.0309962062699769	0.735582546791585	0.843978037608987	1	UP
HMGN4	-0.550167052830782	9.55846829882935e-07	6.99743796283602e-06	1	DOWN
PLP1	0.374055845983482	0.644357786860129	0.781031495889724	1	UP
DNAJC9	-0.400899455974202	0.000678035328261312	0.00292573560128523	1	DOWN
MYL3	1.34741300379171	0.00244020786139492	0.00912851250453481	1	UP
NAGPA	-0.242423780568551	0.293699803794717	0.460083483888336	1	DOWN
WFDC1	1.18515921524728	6.37360672377417e-13	8.68096048682946e-12	1	UP
UBQLN4	-0.142962334519146	0.190296113628164	0.336675947360504	1	DOWN
PTH1R	-0.0267687027471824	0.932159464450127	0.961982176731328	1	DOWN
SCARNA12	0.031516133181576	0.950225684974071	0.971125273943444	1	UP
MAPK3	0.0888345174802252	0.344032115893344	0.513877249313127	1	UP
GDPD3	0.181109781096311	0.683624684404107	0.808387962303537	1	UP
RASSF5	-0.321982462588678	0.412724340739544	0.582108085889825	1	DOWN
CKAP2L	-3.81865598152103	2.28354943339442e-89	4.71422469456897e-87	1	DOWN
ANTXR1	0.115414063845033	0.021885211971356	0.0603210372302242	1	UP
C15orf40	0.0626207000210587	0.742392425809172	0.847719512172538	1	UP
TNRC6C	-0.562839246044882	0.0084477917152608	0.027032559361655	1	DOWN
ZNF181	0.310881399879955	0.223199492636341	0.378707980285049	1	UP
NPTN-IT1	1.34102867015973	1.71520386843241e-19	3.72727986507019e-18	1	UP
USP11	-0.21253052851425	0.0308879195985863	0.079849968894306	1	DOWN
CDK16	-0.450942144143496	2.47832165157818e-05	0.000144179654536861	1	DOWN
MMP16	1.3771860919581	6.14001369408561e-35	2.56443173101824e-33	1	UP
JADE3	0.496015708177972	0.000110551097208404	0.000567925313102967	1	UP
BMP6	5.03876493725282	1.77565251520576e-05	0.00010616886545503	1	UP
POLR3B	-1.2887848280442	1.2417533314362e-31	4.60117369040629e-30	1	DOWN
RGPD3	0.434981499212646	0.0363400251880735	0.0912510345773849	1	UP
DHFR	-1.30418625543819	3.3581593405498e-05	0.000190533021712937	1	DOWN
GARIN5A	1.75136629543167	0.0585029206843558	0.134365179086082	1	UP
RPS11	0.26278944521945	0.0188732352369711	0.0533941116698256	1	UP
INCENP	-1.02868686591639	3.19819226760381e-15	5.2222685264568e-14	1	DOWN
KNTC1	-0.890785951825774	1.08552076652715e-27	3.42507873298774e-26	1	DOWN
ARF1	-0.66976637117476	0.288890456714864	0.455063875080281	1	DOWN
ATRIP	-0.241576107133171	0.378076244251274	0.548552189324815	1	DOWN
MSRB1	0.543173081057964	1.10403455386693e-05	6.85032345982439e-05	1	UP
TTC14	0.322714151050058	0.00152533849557872	0.00601272956890564	1	UP
SPRY1	0.131377085347908	0.803261556228105	0.885037138915004	1	UP
CTB-30L5.1	0.685891568335578	0.20934132855343	0.361001376960098	1	UP
CYKILR	0.0788451204153785	0.908808910624535	0.948176851305693	1	UP
PDCD10	0.184352248966854	0.0488177721402111	0.116509599537273	1	UP
BCHE	-0.311765621914305	0.226079246076156	0.382426686766538	1	DOWN
RN7SL4P	0.341268317640495	2.20057498132246e-06	1.53551468155919e-05	1	UP
GPD2	-0.896758678303673	1.42167104359526e-24	3.83294183787222e-23	1	DOWN
ACTN1-DT	-0.0947757169750559	0.900831394111806	0.943383706568074	1	DOWN
SAMD9	-0.148694275043895	0.04992044942036	0.118631872154847	1	DOWN
PIGBOS1	-0.122453458828467	0.604504289617726	0.747987298285847	1	DOWN
USP12	0.21747894568213	0.00441373199693564	0.015331017678632	1	UP
DPH1	0.0667946099762219	0.788762395872698	0.876463312784034	1	UP
MMD	-0.177988249695601	0.496497762918694	0.65786860528501	1	DOWN
KMT2A	-0.158053272143819	0.00584503588782445	0.0195409799300012	1	DOWN
TSC22D1-AS1	0.320384803440638	0.44928695388493	0.617171651196875	1	UP
COPG2	-0.219597887613211	0.0226091844552025	0.0618915181970319	1	DOWN
SLC2A1-DT	0.316035707998358	0.185181102742343	0.330132261994769	1	UP
SOCS5P4	-0.0866187448045507	0.840208468344203	0.908485735084663	1	DOWN
ZNF667-AS1	-0.274639467183909	0.224967199642506	0.380998427340756	1	DOWN
SOX13	-0.353917253634386	0.00040498901643087	0.00183694170635358	1	DOWN
SEL1L3	0.298692035524259	0.226281493997514	0.38258966535136	1	UP
DCAF10	0.122718644904137	0.127269350136327	0.248435685373506	1	UP
TSPAN9	-0.229623849933445	0.00681623793556965	0.0223409966901604	1	DOWN
MND1	-1.74257512978551	7.48718213874455e-06	4.7622037450263e-05	1	DOWN
TMEM131L	0.805301539384669	2.87098703513029e-07	2.24020700025204e-06	1	UP
CTSB	-0.00898956489748764	0.868503569244531	0.926390986060874	1	DOWN
BCKDHB	-0.786195561296651	1.23411529637173e-07	1.00587705289723e-06	1	DOWN
SCD	-0.921170007909117	4.070331722811e-90	8.52469039512199e-88	1	DOWN
KCNAB3	-1.11397145405114	0.0182205424117214	0.0518215033245003	1	DOWN
RAE1	-0.0638301388149931	0.535849567355822	0.691468383745249	1	DOWN
ZPLD1	1.90443727682806	3.51224131442143e-07	2.70551168628487e-06	1	UP
TRAPPC1	-0.0478008731536249	0.823697749819144	0.897644899925282	1	DOWN
KNDC1	-0.235035767019357	0.0301461940419203	0.0783781091815351	1	DOWN
GSDMD	-0.363529645109634	0.0500387757602999	0.118854429406985	1	DOWN
UBR5	0.600800420903265	5.63211726436061e-24	1.47445156861006e-22	1	UP
TP53I11	0.468177570167593	7.64365907201256e-06	4.85745458441748e-05	1	UP
BCL2	-0.564644520164056	0.471269878397508	0.637014405829426	1	DOWN
CTPS1	2.05088217839244	9.22359883968202e-230	8.88601512214966e-227	1	UP
RHNO1	-0.660670675521051	0.000159741264430965	0.000794910816904916	1	DOWN
WARS2-AS1	-0.238833748225311	0.160645614852679	0.296865700797451	1	DOWN
ERI2	-0.361666367554229	0.0342943666020312	0.0868995075865252	1	DOWN
PURA	-0.0347779438440355	0.95345120114485	0.97277063737251	1	DOWN
ZFP62	-0.0804633616456032	0.657610025877594	0.790166103080076	1	DOWN
MCEE	0.226023698401406	0.29920349009287	0.465908059716039	1	UP
SLC6A17	-0.523397238734441	0.246940813485007	0.406393542383765	1	DOWN
PAIP2B	-1.19285721649481	0.0495315993013084	0.117901686954902	1	DOWN
DYNC1H1	-0.0968067595211429	0.0249455172873937	0.0671049274609319	1	DOWN
LARP4	-0.137930974113928	0.448164254046585	0.615955140660923	1	DOWN
RPL5P23	0.752565632689648	0.290010840390624	0.456480411119149	1	UP
ARHGAP11B-DT	-0.380717981078577	0.625603887848635	0.764791623661334	1	DOWN
ARHGAP32	0.567652673140196	1.99298143185996e-07	1.58680852186272e-06	1	UP
CHSY3	0.248727374023939	0.178952923019921	0.321248284541724	1	UP
HSP90AB1	0.293855051409781	1.72202443938703e-08	1.56018653125906e-07	1	UP
ZNF248	0.188936677105379	0.524056212541943	0.682203074267509	1	UP
POGLUT2	0.251982618450043	0.108929794649416	0.220468412111864	1	UP
TPP2	-0.132626628139629	0.0517745083085601	0.122134087425237	1	DOWN
CARS2	-0.00852495245075208	0.936830624162193	0.964247479475286	1	DOWN
KLHL3	-0.149765052844806	0.475424937763332	0.640414408614645	1	DOWN
HLA-C	0.38487917647756	6.36378687823808e-11	7.34529426337209e-10	1	UP
ZNF805	0.726536585235515	9.33367442607483e-08	7.7207171798058e-07	1	UP
DBNDD1	1.37078509091145	3.08222599568875e-05	0.0001759828046768	1	UP
MICA	0.194087496113345	0.24104150703844	0.399964498589103	1	UP
JAK2	0.142942098983965	0.0790003911960122	0.171365153583544	1	UP
CD302	-0.820601216605028	7.11658683894461e-12	8.92723927166567e-11	1	DOWN
EPS8L2	0.363543520266901	0.00206872276522185	0.00788579328298564	1	UP
ADCY4	-0.976267852045166	5.14801026791528e-09	4.99623212771281e-08	1	DOWN
RHOG	-0.252606977246412	0.0528887658403605	0.124091359524893	1	DOWN
NGDN	0.0856910103612794	0.530877182277146	0.687736993374006	1	UP
TBCD	-0.155111428589279	0.1014580291467	0.209154062653204	1	DOWN
CSNK1D	0.210493030480129	0.0292365537282148	0.0763871701186823	1	UP
ANAPC11	-0.0961553153765667	0.715443366516978	0.830298111912693	1	DOWN
SNTG2	-2.00237850817444	5.26925599317458e-05	0.000287451937928901	1	DOWN
NFIB	-2.17200627510363	6.66688397339128e-15	1.05871582746678e-13	1	DOWN
CTRL	-0.478713641542008	0.584164772513	0.732194155611966	1	DOWN
RANBP10	-0.00701678984660408	0.948764826917659	0.970249841751263	1	DOWN
HAL	0.281366046708771	0.768411613571859	0.863208661981261	1	UP
SSH1	-0.783431828701083	1.54578003187901e-28	4.98617572336687e-27	1	DOWN
ZNF621	-0.0256336075839016	0.849833356457083	0.915078616724904	1	DOWN
EGFL7	0.538093906673038	0.0360267040297261	0.0905902035729201	1	UP
EIF2B2	0.06859213731811	0.578328406863015	0.727745019816913	1	UP
INTS11	0.101100176858909	0.357386523726837	0.527938057120758	1	UP
CCNG1	-0.192121073409643	0.0740688573982915	0.162645351506262	1	DOWN
ANKRD31	0.705053165910229	0.479387874398679	0.64377234206257	1	UP
IQGAP2	0.38623976531022	0.436747583761606	0.605562729008902	1	UP
WDFY1	-0.0851508741492742	0.156344527504644	0.290627060325394	1	DOWN
BBS1	0.0849886458169334	0.696317134591997	0.817954715655093	1	UP
DENND4A	0.386265326479773	4.09509012306474e-09	4.01479968578077e-08	1	UP
FBXO6	-0.0578135517681357	0.826719272152513	0.899654749941081	1	DOWN
FBXO2	1.00653595970489	0.0522091830205731	0.122911624840309	1	UP
C1orf21	-1.10799457484569	1.54692229341639e-25	4.41790001228463e-24	1	DOWN
SWT1	0.435384844158383	0.0163507275294002	0.0473136490843737	1	UP
RAD54L	-2.65735126610028	6.90914498183922e-21	1.59495294141467e-19	1	DOWN
POMGNT1	0.226181807085994	0.00873203366891393	0.0278373303660876	1	UP
KDM5B	0.161638780849735	0.0121866935372184	0.0368507864210804	1	UP
JMJD4	0.570838562732708	0.0321938179388723	0.0826346115514465	1	UP
ATXN10	-0.0173470535975699	0.881866439960706	0.934177501291142	1	DOWN
COL5A1	0.204368576296003	6.51390101972375e-05	0.000348767631107921	1	UP
MTCO1P11	0.522123536515385	0.206116313337118	0.356802448973969	1	UP
LSMEM1	0.618932513197637	0.145617684635681	0.275422274187961	1	UP
NQO1	-0.641217194987134	6.86332183391936e-22	1.63128065496659e-20	1	DOWN
STXBP2	0.339078467094955	0.0246958252305868	0.0665447269079265	1	UP
PAX8-AS1	-0.367949475670637	0.000133731414286125	0.000676901109579262	1	DOWN
MAOA	0.148871697533667	0.456225054405904	0.624023646090634	1	UP
C15orf61	0.498257645400471	0.0551990628316527	0.12859610784785	1	UP
PPIH	-0.509017670983975	0.0115061809220847	0.035079287026381	1	DOWN
MIR99AHG	0.820001765885795	0.00527480712312603	0.0179018876787915	1	UP
EXOSC7	-0.0065098121415483	0.960892756983323	0.977326944761121	1	DOWN
TRIDDENT	-0.433502699349229	0.421463247148961	0.590285460801477	1	DOWN
TDG	0.791007484095559	0.0038740528583374	0.0136762144933663	1	UP
SLC15A4	0.378770903302229	0.00121927549978656	0.00495215015385486	1	UP
COX4I1	0.51317298885537	0.0169562708128681	0.0487560336716102	1	UP
EMC8	-0.0309068183125973	0.857118519103095	0.919268199462582	1	DOWN
GSE1	-0.292548508457222	0.147441030091845	0.27786519638201	1	DOWN
JMJD1C-AS1	0.0360562342924836	0.944855282818527	0.968032874300641	1	UP
PPP1R3G	-0.019834111065318	0.940612664725471	0.965465844019304	1	DOWN
CALM2	0.369042142263216	6.27091806215782e-10	6.56198674266782e-09	1	UP
GPN3	-0.609803094503222	0.00357465295357954	0.0127454502423336	1	DOWN
VPS29	0.159014737521041	0.0616563129060996	0.140358440108073	1	UP
LANCL3	-0.274988936233572	0.252907733450966	0.413529040065616	1	DOWN
TMEM91	0.42780260359612	0.259314496103859	0.421240308362957	1	UP
ANKS1A	0.298489301273089	0.00226270469165086	0.0085463527179944	1	UP
TAF11	0.340905547022204	0.00140957938077759	0.0056177141841194	1	UP
TAX1BP3	-0.369145201299067	9.43261298957637e-06	5.9085691509479e-05	1	DOWN
ELMO2	0.464573050247205	0.000873483900954283	0.00366939414322394	1	UP
ID4	1.32566523502626	4.6041075350184e-16	7.90189524804643e-15	1	UP
SLC4A5	1.98454749806268	2.50112690327063e-09	2.49957018528104e-08	1	UP
ABCC5	0.337636029993537	0.000137945029957819	0.000695064026471563	1	UP
AADAC	1.80644184591689	0.0587624076232674	0.134789770248228	1	UP
PAPOLG	0.189830997858281	0.0610523442747544	0.139246753016805	1	UP
PECR	-0.310205779069544	0.146540935914421	0.276565634700183	1	DOWN
UBE2Q2P7	0.515925685826352	0.305917411714598	0.4729153312674	1	UP
WDFY3-AS2	-0.183863688525139	0.575550333207853	0.725512723760178	1	DOWN
GALNT7	0.436951792551503	2.643781788854e-06	1.82319552968301e-05	1	UP
LINC01085	-0.582473426706833	0.29429816991369	0.46066971982482	1	DOWN
TRAF3IP2	-0.17061931480953	0.37989171104237	0.549861289690834	1	DOWN
LOC101927661	1.55240689035989	0.00132537817557873	0.00532783888694476	1	UP
SCARNA10	0.300817963506049	0.0859033824103794	0.183366289396218	1	UP
RPL7AP11	-0.0347779179076017	0.900556521205925	0.943312720204901	1	DOWN
DAGLB	0.294067197970367	0.00401895737487535	0.0141102898504188	1	UP
RHOD	0.000491354644348182	0.997939886600767	0.998950311018341	1	UP
HMGB3	-0.737262808745534	9.88698682767061e-12	1.22746431827034e-10	1	DOWN
ANKRD37	0.382183484153196	0.121263439798318	0.240117562143806	1	UP
PBLD	-0.12694682582601	0.571782548685898	0.72227531565209	1	DOWN
GALNT7-DT	-2.02203917428916	0.00971061237929252	0.030334643210799	1	DOWN
TMED9	0.0447507028786628	0.592550700360142	0.738126156018564	1	UP
USP1	-0.840499124000924	1.01813019286844e-23	2.63202136263718e-22	1	DOWN
RPS6KA5	-0.406405690710767	0.114978888617969	0.230292435123807	1	DOWN
TBC1D12	0.0588223414194715	0.561967722682548	0.713682710298401	1	UP
RIOK3	0.402436002882991	0.000101677469687763	0.000527023355257483	1	UP
RBBP9	0.0166249918855602	0.86778476759325	0.926034387571264	1	UP
SIAH1	0.269482627020522	0.0141439637103731	0.0418220973100486	1	UP
C20orf96	0.328351598208156	0.0901732370710849	0.190371577635391	1	UP
CHD6	-0.073962473131985	0.365780619138062	0.536040536169165	1	DOWN
ATP5F1E	0.182016060948872	0.00845644173967192	0.0270542483019701	1	UP
PARD6B	0.0223485039854605	0.906721656382486	0.94688789249771	1	UP
FLRT2	0.00090355520097126	0.990687366987137	0.994706572218001	1	UP
DYNLT2B	0.00874589679776888	0.964643113871334	0.979350483357363	1	UP
CORO1C	0.136244771252928	0.411440628708007	0.581091529071483	1	UP
ASIC1	0.273442829666839	0.127349498707151	0.248457891969359	1	UP
CAPRIN2	0.359102609282787	0.00221050015345321	0.0083710528609938	1	UP
N4BP1	0.304268709433099	1.41582933482555e-05	8.60031513979152e-05	1	UP
MED19	-0.109299455844119	0.487363944052296	0.650373659202117	1	DOWN
ELP4	-0.200733451299049	0.34162430046354	0.511374846281191	1	DOWN
ZPR1	0.381564799341723	3.41017775892521e-05	0.000193029685837165	1	UP
MTCH2	-0.348032265311655	0.000210264861399232	0.00101895959492968	1	DOWN
ABHD14B	0.983990533516125	0.000359940009999085	0.00165494530209888	1	UP
LINC00294	0.720507828784514	2.66348824866471e-14	4.03459839428236e-13	1	UP
RPL32P32	-0.0161537237217815	0.972594392894667	0.983689919633317	1	DOWN
PTCH1	-0.701373739122939	0.000116614628828299	0.000596108242376282	1	DOWN
ANP32AP1	-0.344449058509644	0.592126442420215	0.737847651928475	1	DOWN
HLA-F	0.427820835080356	0.118022547913441	0.235214982746812	1	UP
SND1-IT1	0.175739693858013	0.327599141263774	0.496903735500003	1	UP
ATP1A1	-0.0661603359083857	0.261395185497197	0.423810369754291	1	DOWN
IGFN1	-1.19032903556768	1.61004017906172e-10	1.79388516789676e-09	1	DOWN
SLC22A15	0.754816072414995	0.0210798285491888	0.0584355653873638	1	UP
BBX	0.0809999156510988	0.508667470029662	0.669284677173691	1	UP
DNAJC25	0.100754292952032	0.509551078826406	0.669946098683969	1	UP
POMGNT2	0.41207150767967	0.00298314444795623	0.0108834689263861	1	UP
MIR34AHG	0.168342638129122	0.157374394406348	0.292128114780493	1	UP
ATP5MK	0.268570892282817	0.000336980615699186	0.00155681166159493	1	UP
RBM4B	0.103101686459954	0.477788417843145	0.64216980282878	1	UP
HOXB2	0.373265290245026	0.0275826547490501	0.0729100642151462	1	UP
H2BC15	-0.870228877768956	0.291737080618928	0.458648014798099	1	DOWN
C1QTNF1	0.175094829120256	0.170195268311425	0.309837720127035	1	UP
ATP5MC3	0.00796181267570821	0.91852592038782	0.954867856666742	1	UP
DIPK1A	0.0497542388752186	0.386558998049802	0.556779037258815	1	UP
GRIN2A	-1.32703200381947	2.71465432699842e-31	9.95671819275486e-30	1	DOWN
PKD1P3	0.158185546039188	0.433138699114002	0.602103991003868	1	UP
DENND6B	0.189892604978284	0.602875108271763	0.746350397467253	1	UP
MUC19	1.6338315018493	0.000478338890134673	0.00213942287258934	1	UP
NHLRC1	-0.459067287706013	0.371693235451381	0.54212141153693	1	DOWN
EPS15L1	0.0947619288321905	0.357901629501141	0.528227780454038	1	UP
SLC35E1	-0.0533231444521128	0.808030289079559	0.888040589207446	1	DOWN
LZIC	-0.304316224616422	0.00784132044839858	0.0252822226237858	1	DOWN
AP5B1	0.0247454742773118	0.873979666501124	0.929829946301093	1	UP
UBQLN1-AS1	-1.98985680171201	0.0153324488695395	0.0447419539716981	1	DOWN
ID1	-0.351207837105105	0.00155809637712185	0.00613015266697192	1	DOWN
ARMCX5	-0.0597977196838151	0.861750829707446	0.921978325320375	1	DOWN
STRN4	-0.0116252136828115	0.916842133282956	0.953529015334437	1	DOWN
NECAB3	-0.132225011910014	0.469596257386644	0.635049177942578	1	DOWN
MMP24	0.402562910178134	0.355268583383873	0.525753845210481	1	UP
GDF5	-1.1484547655601	0.00275675789450192	0.0101705152753248	1	DOWN
IRAK3	-0.168578379466435	0.622637615973646	0.762150807895138	1	DOWN
LETMD1	-0.241933328844371	0.190010013270727	0.336447089403186	1	DOWN
SAFB2	-0.085696150232599	0.315068790543398	0.483083192800281	1	DOWN
ARL14EP	0.00474460945356322	0.964888723368592	0.979392213345475	1	UP
FGF17	0.338523697732945	0.609504983169553	0.751724546537784	1	UP
ELOVL4	0.366457730383135	0.0228801726642036	0.0624676695957692	1	UP
DVL2	-0.508124988338066	1.1473176674022e-06	8.28166214367093e-06	1	DOWN
ODR4	0.26476749317702	0.0166171468917636	0.0479501576942643	1	UP
MCUR1	-0.172089298567732	0.0860508530098217	0.183563541037661	1	DOWN
MLLT1	-0.327375557050622	7.24054565481359e-05	0.000384184730837571	1	DOWN
CPT2	-0.306235670232998	0.0197065015950047	0.0552302838311749	1	DOWN
HEATR3	-0.150195763859047	0.174041245434068	0.314974331592701	1	DOWN
MRPL33	0.153252100949974	0.107074743475868	0.217546579950804	1	UP
STAT2	0.100030812105119	0.348830769557762	0.518776726446354	1	UP
FDX1	-0.234228159877213	0.0584943474757966	0.134365179086082	1	DOWN
AOPEP	0.606605652624174	1.64447753338521e-14	2.53621609764671e-13	1	UP
PICART1	0.478738439196594	0.412617356164026	0.582087671831429	1	UP
CDC23	-0.18084076107176	0.0644677943736262	0.145475342987706	1	DOWN
APOBEC3B	-2.23455085647144	1.69868150641554e-14	2.6170198773146e-13	1	DOWN
RAD52	-0.475283741922265	0.0243409178139553	0.0657477763232651	1	DOWN
FRMPD3	-0.00307620848325432	0.994742394516779	0.997157487733211	1	DOWN
FAM107B	0.0233958714443836	0.810755974341937	0.889810350743897	1	UP
ZKSCAN8	0.453959525015236	0.0228464354846066	0.0624109336839414	1	UP
CDKN2B-AS1	0.145366626753431	0.64827045918534	0.783814960315207	1	UP
MRPS28	-0.173586821654375	0.306973351524045	0.474091258188947	1	DOWN
TES	1.69012883125736	8.90288219640491e-11	1.01303583165549e-09	1	UP
RN7SL698P	0.0465752461144526	0.914235940116072	0.951708944721031	1	UP
LRRD1	0.710629609012122	0.169195045216157	0.308561029583378	1	UP
TBC1D2B	-0.169027084363623	0.209837947535272	0.361555762469562	1	DOWN
TRIM44	-0.317373563719646	2.29012836742313e-07	1.81138723752808e-06	1	DOWN
USP28	-0.243679250049139	0.0557915577667168	0.129662882162564	1	DOWN
SETSIP	-0.175993307676836	0.563486455081024	0.714767184219632	1	DOWN
SPHK1	0.420501074438496	0.000438943498575511	0.00197976669722681	1	UP
BNIP3	0.304945595840265	0.000351571130546685	0.00161749583175108	1	UP
LRRC41	0.142452585207842	0.170252811095029	0.309903435336222	1	UP
SPATA6	-0.0548720178913374	0.820530548441448	0.895648232912408	1	DOWN
RXRA	-0.480351504415581	2.11245196554851e-06	1.47687679507216e-05	1	DOWN
NIBAN1	-1.66696800533783	8.38254553569132e-103	2.20247573702319e-100	1	DOWN
PIGC	0.277105233545659	0.14544675231286	0.275241044562142	1	UP
CTNNBIP1	0.177736500684437	0.231478016567876	0.388692635071157	1	UP
CALHM2	-0.672992895329676	6.62250749955715e-06	4.26478858627898e-05	1	DOWN
DENND5B	0.0753120579785247	0.434794601633641	0.603691082648707	1	UP
ACAA1	0.242722493141058	0.0595961041991641	0.136399002499544	1	UP
PARD3	0.00549198304003806	0.955168681222606	0.974041536401657	1	UP
RPL7P19	0.143156561120094	0.803276390146647	0.885037138915004	1	UP
MZT2A	-0.534809977560703	0.00192747349595883	0.00741584650961157	1	DOWN
TNKS	-0.0124359212237369	0.845455351556378	0.911975283082512	1	DOWN
ZNF449	-0.384204995740799	0.0117732987929132	0.0357517620584039	1	DOWN
ZBTB21	-0.170460569384676	0.353312065144837	0.523499465412117	1	DOWN
MMP15	0.640076273279003	3.66423881710116e-05	0.00020611878219513	1	UP
MARK1	0.336773403633912	0.29759352896427	0.464316372101093	1	UP
GRPEL2	0.230195329755084	0.772672946746104	0.865640495652992	1	UP
CSTF2	-0.238380931159478	0.110862803606684	0.223722716788185	1	DOWN
BIRC3	0.968066513180392	1.55821157656652e-07	1.25377035038768e-06	1	UP
S100PBP	-0.0268693843164087	0.933493501021016	0.962775703981825	1	DOWN
SRXN1	0.300666774155657	0.00100624281650757	0.00415700827368522	1	UP
ACAA2P1	0.0216949618737785	0.97306671478294	0.983859704656307	1	UP
FGFBP3	-1.04986909547649	0.169408535413044	0.308794493599129	1	DOWN
LARP7	-0.0605859220661842	0.645210205941443	0.781618969407309	1	DOWN
PPP1R2B	-0.0534612350839283	0.88534782628637	0.936135321406624	1	DOWN
PLEKHF2	0.242885199173456	0.0685848308995184	0.152620787084838	1	UP
ZDHHC21	0.39074245233049	1.22811107507339e-06	8.84276688883187e-06	1	UP
SYNM	-0.0240024611022863	0.887250806100127	0.936845053262672	1	DOWN
A2M	-0.245247123761377	0.00138965007835667	0.00555053435111449	1	DOWN
LOC93463	-0.622281886072912	0.535643920287905	0.691368077953171	1	DOWN
CDR2	0.175402659604412	0.158002258590563	0.292992511085875	1	UP
UQCRC2	0.0543777538557844	0.405988749333288	0.577044945678309	1	UP
PAQR8	0.842637662343954	5.0142276330847e-06	3.29366379662305e-05	1	UP
NUDT6	-1.35397223850477	0.00241073861481823	0.00903262014493546	1	DOWN
REXO2	-0.0665541500684992	0.465470679431791	0.63165713104224	1	DOWN
HINT3	0.0195389076300343	0.86879347614822	0.926631819604246	1	UP
RIPOR2	-0.964190284127697	2.36127015447028e-05	0.000138092735743626	1	DOWN
NCOA7	0.54745215107551	1.37889573650428e-06	9.85968445730992e-06	1	UP
PRPF3	0.02843774081257	0.749626708437221	0.851572640800745	1	UP
APH1A	-0.0863813639563297	0.35815627530446	0.528457865471181	1	DOWN
DENND2A	-0.536914330525673	9.15770238732912e-05	0.000477926894905356	1	DOWN
SMG1P7	0.189210777461956	0.347670442356583	0.51744722583102	1	UP
BCKDK	-0.224538040230626	0.0531410327468633	0.124544447652436	1	DOWN
LOC100996660	1.33125052802616	0.00303485069771855	0.0110331138195549	1	UP
CDIPT	-0.193374277489685	0.261969208106366	0.424312601025005	1	DOWN
NBPF11	0.417813133833766	3.49555166377674e-06	2.35937492261736e-05	1	UP
CYB5RL	-0.482471463357373	0.0535760552796376	0.125421606163299	1	DOWN
NECTIN4	0.294219368934997	0.614705633232506	0.755880795255526	1	UP
RPL4P4	0.0429542282654209	0.66455080493401	0.795182883340348	1	UP
OAF	-0.607496589939156	1.75389867753656e-10	1.94368019854914e-09	1	DOWN
DNAJC21	-0.0332341540208739	0.698695258678722	0.819408263237971	1	DOWN
SMIM15	-0.00338849865027993	0.968900271795436	0.981946688247131	1	DOWN
PODXL2	0.554328207724252	0.325016630836805	0.494349577120584	1	UP
EFTUD2	-0.325549261506788	5.61430876738256e-05	0.000304550960951372	1	DOWN
UPK1B	-1.54230305570706	1.73133376480303e-05	0.000103686300187189	1	DOWN
FGF9	-0.678687463927383	0.000424488815179064	0.00191876379986007	1	DOWN
THAP9-AS1	0.483521056806461	7.22129697895208e-05	0.000383516952013365	1	UP
DOK1	0.0541459608716688	0.889567861420081	0.938057878384529	1	UP
BCL3	-0.278940903813615	0.191625805481391	0.338489734141496	1	DOWN
NLRP1	0.112883995414245	0.172156056831722	0.312462594483197	1	UP
KANSL3	0.129862118035498	0.4732661809787	0.638745728641714	1	UP
LMAN2L	-0.426917628032151	0.00334877962008248	0.0120022852901319	1	DOWN
WASH8P	0.210352458659842	0.241327372879121	0.400300948746118	1	UP
RPS12P5	-0.37190106787284	0.349485228559255	0.519482723504402	1	DOWN
ZNF740	-0.121828354391532	0.214183767029843	0.366682812148829	1	DOWN
FBXO21	-0.70613568342261	1.48513536926091e-07	1.19830771754268e-06	1	DOWN
SEMA4D	0.49340379762378	0.328527627177452	0.497960220300122	1	UP
MYSM1	0.213339407446171	0.00819499144952455	0.0263051580268946	1	UP
OMA1	-0.474786983710402	0.00177824310988201	0.00690651118176735	1	DOWN
TM2D1	0.24149161581212	0.012258988415957	0.0370538886423331	1	UP
PCGF3	-0.0312090611347705	0.853977894836718	0.917329559078675	1	DOWN
ZNF396	-0.540059643708866	0.273756220060776	0.437750767960557	1	DOWN
INKA1	0.992741842368548	0.0122748488731685	0.0370940696499703	1	UP
BRD3	-0.632880281315672	1.84790410101809e-10	2.04159496665233e-09	1	DOWN
RBMS1	0.446771198038858	9.75410319770564e-15	1.53714880381728e-13	1	UP
MRPL46	-0.38259475701578	0.0593072621744277	0.135802447422382	1	DOWN
FGD6	0.452140141540718	2.75797378726333e-07	2.16253278349118e-06	1	UP
DUSP22	0.274914842798343	0.0675702562300721	0.150931588667808	1	UP
GPR137B	-0.330935933357576	0.0171794157579482	0.0492676596781325	1	DOWN
COA5	-0.17068001105823	0.290922533669429	0.457516762874842	1	DOWN
ZBTB17	-0.104819020347293	0.477291987260242	0.641708016935346	1	DOWN
FAM120B	-0.0117498718194715	0.890965774050324	0.938778447014308	1	DOWN
BCS1L	-0.51634829241354	0.0111331250782867	0.0341944294381129	1	DOWN
RPS10P13	0.0661834977706333	0.90744383214102	0.947231350640702	1	UP
CEBPG	0.13734707766997	0.281902480269234	0.447323239526815	1	UP
DVL1	-0.10358184957277	0.683673197307704	0.808387962303537	1	DOWN
SMCHD1	0.188612504303516	0.00500212359877741	0.017113089044965	1	UP
DBR1	-0.148465685177133	0.298707343001884	0.465521795555194	1	DOWN
ZBED4	0.05221709847884	0.562272059356651	0.71394372460794	1	UP
BRD1	0.283995490425546	0.0760270736956682	0.166112374051421	1	UP
CERK	-0.420297752734052	1.08647458293855e-08	1.01359872162976e-07	1	DOWN
HAUS6	-0.261346599424162	0.00920370374653656	0.0290425209385599	1	DOWN
TTC39B	0.565855847099399	2.14204107818312e-08	1.9155096300015e-07	1	UP
HDAC10	0.202992810240496	0.339744697196001	0.509617045794002	1	UP
HNRNPH2	0.122195565437125	0.129873308303091	0.252088539729747	1	UP
ARLN	0.0300992027741554	0.722870426888899	0.835295101469013	1	UP
PRSS12	0.852551637342897	2.15674016316031e-28	6.92601157729548e-27	1	UP
SLC38A5	0.0146419098189759	0.960526130126563	0.977160373562757	1	UP
RNF32-DT	0.713971454886054	0.531914195404382	0.68832977765928	1	UP
FAM118B	-0.0607973010477363	0.578891970247211	0.728200545094224	1	DOWN
XPC	-0.248780599366364	0.00327803878637271	0.0117750282132419	1	DOWN
SUGT1P4-STRA6LP	0.136898953423724	0.756387159328263	0.856391830434904	1	UP
TBC1D17	-0.235564749449646	0.0488305946221089	0.116520958204111	1	DOWN
ZNF106	-0.0930482529053762	0.419603498784329	0.588650632067988	1	DOWN
CEP152	-0.625148167171543	6.38517762704289e-05	0.000342637214587437	1	DOWN
AHR	0.419759175130349	2.0710306538165e-07	1.6453251225015e-06	1	UP
DOCK5	-0.0367381327785792	0.478180270492061	0.642568633892577	1	DOWN
PPARGC1B	-0.716047372548713	0.00799647500995011	0.0257308083653505	1	DOWN
B9D2	-0.284421101299477	0.543519177479959	0.697672378198871	1	DOWN
COQ8B	0.110985802039803	0.452132832560313	0.620196636291323	1	UP
SORD	-0.344115590110845	0.130459872314991	0.252906329846834	1	DOWN
DEDD2	0.32962578697428	0.0644170041622455	0.145383433882338	1	UP
ZSCAN29	0.497954306377159	0.00252400120519217	0.00940302691833773	1	UP
SERF2	0.37666655880592	0.0113079093849709	0.0346062258623919	1	UP
ZNF45	0.0350167360769502	0.821293582612534	0.895910357997689	1	UP
PLPP6	-0.468819396170345	0.0161923540623476	0.0469300282448844	1	DOWN
UBR7	-0.514446746361611	1.32157997617532e-06	9.47302903335014e-06	1	DOWN
DIS3L	-1.05993029660542	4.89510062074211e-19	1.03118220219161e-17	1	DOWN
PARM1	-0.622205018807169	0.429390049979846	0.598175196979904	1	DOWN
CSNK1G1	0.10825359426607	0.502442316276851	0.66333203653577	1	UP
DHX57	0.127463375498718	0.212073232535622	0.364581285197748	1	UP
MTERF4	-0.0469404605659978	0.750997764309791	0.852633314335553	1	DOWN
ARHGAP25	-0.739578896123208	0.00837721573206017	0.026842382382262	1	DOWN
EPB41L4B	-0.85529700031654	0.0560087331101088	0.130000353706101	1	DOWN
ABHD8	0.204549078671331	0.258530203230797	0.420276584794536	1	UP
RIOK2	0.254426939215573	0.0468474538542463	0.112588151612791	1	UP
GATA2	-0.608758244454333	5.1055463364276e-08	4.3708678973765e-07	1	DOWN
RPL3P2	-0.233382452724764	0.506991948241221	0.667921055433387	1	DOWN
BRD9	0.00941392862613441	0.923607782131942	0.957876852274199	1	UP
INO80	-0.0885417376652908	0.240641293656464	0.399625279835197	1	DOWN
CCDC91	-0.23040278063564	0.0781870078582718	0.169881288612222	1	DOWN
ITPR2	-0.0517701986305636	0.466170872204674	0.632351531013294	1	DOWN
SCFD2	-0.0925092083780112	0.312473852161797	0.480225421417646	1	DOWN
HP1BP3	-0.0706919957537565	0.195647814575926	0.343829085301801	1	DOWN
UBR4	-0.085768058438658	0.0695111989646751	0.154207297549665	1	DOWN
DNAJC25-GNG10	-0.517265320246553	0.0310951130806382	0.0802707179578962	1	DOWN
SPRED1	-0.0155630756130455	0.82009547134848	0.895306395300012	1	DOWN
PCDHB14	0.0931195988429693	0.818614993459782	0.894722502355577	1	UP
LPAR3	-1.99078255274934	6.93207046559811e-07	5.15305299888674e-06	1	DOWN
SNHG32	0.0086727122561174	0.924673559744167	0.95836391575936	1	UP
NEU1	0.28627314215452	0.0296765713695409	0.0773968837504486	1	UP
LAYN	0.0239554582090148	0.767423684746185	0.86260049391037	1	UP
HSPA1B	1.35915827801705	3.29546852390898e-50	2.42973549178616e-48	1	UP
CASP1	-0.377394577707919	0.0153350562605924	0.0447419539716981	1	DOWN
CDKN1C	0.609773802054775	0.0889847286171487	0.188551072323521	1	UP
GABPA	-0.900323375542887	1.04348455172228e-16	1.86395491433111e-15	1	DOWN
JAM2	-0.193773152216911	0.151379115020799	0.283585635359809	1	DOWN
ATP5PF	-0.106826186000816	0.353346743175544	0.523499465412117	1	DOWN
RPS17P16	-0.0571869262812001	0.730194019321997	0.840263877466331	1	DOWN
MCM8	-1.45706534581056	1.05647745715122e-33	4.18278239268282e-32	1	DOWN
THEM6	-0.993543393550251	0.00148062871966842	0.00586046716733178	1	DOWN
KLHL7	0.166934183497833	0.10702078732245	0.217488032287544	1	UP
LOC100420981	0.234625292360968	0.532307039661161	0.688540013439262	1	UP
LOC100129215	0.125239196800253	0.821187795683958	0.895910357997689	1	UP
SEC61A1	0.411179932256333	0.374994809174412	0.545830607747601	1	UP
TMEM131	-0.365387964694501	2.39588003788265e-07	1.89092640237259e-06	1	DOWN
RNF112	-0.12113684170975	0.841442931062271	0.909203813128524	1	DOWN
SPECC1	0.835050423109043	1.06870229233423e-07	8.76679488362647e-07	1	UP
ADORA2B	-1.501565801046	3.54667051707032e-05	0.000200050490406648	1	DOWN
KRT8	0.029055371824701	0.84602379763541	0.912387600332663	1	UP
NCEH1	-1.2527743452691	7.4013105087891e-51	5.62928095592165e-49	1	DOWN
TUBGCP6	-0.247607930722445	0.0201678907363111	0.0563507712742521	1	DOWN
IL15RA	-1.04224813798843	0.000820412374002704	0.00347676809874284	1	DOWN
TXNRD1	-0.520115323923852	8.55281282980954e-06	5.3948798866686e-05	1	DOWN
C17orf107	0.0716954731012135	0.929617062232864	0.960819938299793	1	UP
HOXA10-HOXA9	-0.668141914793677	0.233874517205532	0.391806242538505	1	DOWN
NIBAN2	-0.484716280289891	0.0252977713985687	0.0678630210656611	1	DOWN
KCTD7	0.234028711246361	0.758682457918046	0.857344400951961	1	UP
ODAD4	0.55050826922638	0.305699581048277	0.472780891024042	1	UP
ANXA2R-AS1	-0.0202517209017095	0.937666169848123	0.964350766494541	1	DOWN
FLJ42393	0.560135613229192	0.00767751203620865	0.0248172591758095	1	UP
SH3YL1	0.144977219561926	0.456694172223126	0.624320072159341	1	UP
ERCC6L2-AS1	-0.274211502302343	0.33585671887778	0.505621986092593	1	DOWN
BMS1P13	0.0779575961441987	0.941130163346882	0.965913194167573	1	UP
H2BC8	-1.15001430701709	2.05918532782183e-19	4.46136239465566e-18	1	DOWN
LINC02897	0.572131049763744	0.410361405003472	0.580332878396431	1	UP
SLC12A8	0.354192861855535	0.0514610252852141	0.121513607254351	1	UP
SNCA	0.711620901882639	0.0898542101789974	0.189836723873785	1	UP
PYURF	-0.41200533684883	2.89305731056686e-06	1.97858831968773e-05	1	DOWN
LRRC40	0.244551955034552	0.0133744809963801	0.0398466737500961	1	UP
TRMT10A	-0.0312391234596349	0.894209479757809	0.940066903630049	1	DOWN
KLHL8	0.270360511624499	0.088254458716984	0.187113436461141	1	UP
RLIG1	0.0104136996750873	0.941182180269434	0.965913194167573	1	UP
ARHGAP39	0.36420662830373	0.0748118562594161	0.163977875747736	1	UP
RCBTB2	0.196295274990273	0.289139453472456	0.455406456907952	1	UP
LCP1	0.654794049292855	0.00517505200404791	0.0176212715623224	1	UP
SETDB2	-0.68327440371432	8.79625910895169e-10	9.11870447514067e-09	1	DOWN
SRSF7	-0.170341924143544	0.252535235712652	0.413072118044282	1	DOWN
ATP1B3	0.150018394878013	0.48148944014342	0.645694496985204	1	UP
MYOZ2	0.433092850433317	0.408399076729508	0.579286911839234	1	UP
PHRF1	0.13262701397471	0.121826078992455	0.240671041356113	1	UP
DYNC2LI1	0.262862333645734	0.0585877161440148	0.134495803970954	1	UP
PNPT1	-0.0614941436826606	0.592485082347008	0.738126156018564	1	DOWN
ANKRD30A	-0.096119306550213	0.540203449001247	0.694897635883659	1	DOWN
PPM1B	-0.215650187851053	0.0181129452987346	0.0515865535104481	1	DOWN
ADCY3	-0.260782228000232	0.0634675688125658	0.143532055854521	1	DOWN
KHK	-0.173055585578283	0.78864339198594	0.876432978611548	1	DOWN
FBF1	-0.619207743823252	0.0464750987408305	0.111823451865425	1	DOWN
LOC100419515	0.128417567422825	0.732863436098329	0.842061661370514	1	UP
TMX1	-0.475303079053473	6.81311986017547e-10	7.10876498912605e-09	1	DOWN
FRMD6	-0.571549650345912	0.00495816516320463	0.0169828027431785	1	DOWN
ILRUN	0.109924810199612	0.0736623837609518	0.161986881225736	1	UP
OXSR1	0.0920125459501204	0.133854169049571	0.257807090088678	1	UP
MRGPRF	-0.233858654454708	0.0237811458406869	0.0645010019789351	1	DOWN
MYD88	-0.826812710852768	0.00393187209869133	0.0138405612335205	1	DOWN
ANKRD13D	0.274073438452815	0.0291563155277134	0.0762602562336627	1	UP
TRO	0.631027462579031	0.0742780283750477	0.162980836326726	1	UP
AKIRIN1	0.44357806012175	0.403807898429205	0.574522786275519	1	UP
GUSBP9	-0.0768073816458975	0.90183766160642	0.943634645646745	1	DOWN
OGFOD3	0.00728748021587919	0.965878922954029	0.980053104592661	1	UP
LINC00862	0.95333299201045	0.00305406367176589	0.0110945887683984	1	UP
RAET1G	0.20771790273369	0.671610973022313	0.8002932345524	1	UP
MSL2	-0.144181995729945	0.109478468933027	0.221485839920366	1	DOWN
SRSF11	0.165585058643897	0.0511417245811766	0.120897932589986	1	UP
BCAS2	0.0468647595053724	0.658710769500031	0.791076982468624	1	UP
UCHL5	-0.23475817599417	0.0285800292467687	0.0750108976834461	1	DOWN
NNAT	-0.0606566439699027	0.897756391452851	0.941496327011346	1	DOWN
HSPE1-MOB4	0.628645910059201	0.00789103453708106	0.0254141609305457	1	UP
LAT2	0.715949741194011	0.107079705431463	0.217546579950804	1	UP
GATA6-AS1	0.437681936685271	0.492388441445481	0.654841281734644	1	UP
SNORA74B	0.500754289621244	0.231642037983033	0.38892286405168	1	UP
SLC25A4	0.949986379775796	1.45259302170202e-29	4.85912540662405e-28	1	UP
CENPU	-2.24393858861694	1.95078177649262e-24	5.22050878742497e-23	1	DOWN
PML	-0.0993834121551879	0.312356179156938	0.480095633375549	1	DOWN
BBS4	-0.00944829622443402	0.971979185969925	0.983549556505244	1	DOWN
NDUFS6	-0.0835323830975968	0.455029767940277	0.622771886580421	1	DOWN
LNCTAM34A	-0.131259716393425	0.595754338812697	0.740452907042426	1	DOWN
TOPORS	0.265863497395233	0.0015231804765571	0.00600586113689677	1	UP
FAM133B	-0.0539772763182535	0.767554983086365	0.86260049391037	1	DOWN
GAS1	-0.959698987028856	1.01404549765539e-09	1.04521907893139e-08	1	DOWN
ZNF302	-0.341750601659179	0.263748907585759	0.426478176515811	1	DOWN
SLC33A1	0.166480465114937	0.0404403764524836	0.0997446458636014	1	UP
COQ8A	-0.5221268900172	0.0333760357022832	0.0850947586333265	1	DOWN
HEBP1	-0.0810994302572587	0.375239603389125	0.545885296608364	1	DOWN
GPRC5A	-1.65828529313558	8.58318333441555e-166	4.96142329462557e-163	1	DOWN
TNS1	0.936257859863608	1.94112184809703e-48	1.33576913461191e-46	1	UP
LINC01128	-1.1381785891804	0.00589835329658093	0.0196897905957244	1	DOWN
SUDS3	0.367453132075547	3.00005499376527e-08	2.63548904041957e-07	1	UP
GNAS	0.529199530334033	0.0119476559268615	0.0362265161139479	1	UP
ZNF618	0.383739301919005	0.0780139971158708	0.169581870084454	1	UP
CENPX	-0.244274238098868	0.401141832218767	0.572034330758596	1	DOWN
TTC7A	0.0630391661311895	0.721865431386447	0.834867381657683	1	UP
LARP4B	0.331417936143285	7.51184146688523e-08	6.28543701610679e-07	1	UP
SPNS1	0.214951611532209	0.0621290155554063	0.141167673552072	1	UP
LRRC45	-0.770140877335403	0.00316314486212793	0.0114276516006527	1	DOWN
CPED1	0.146102456393788	0.0164261604667876	0.0474748889811095	1	UP
YAP1P1	1.52806233500068	0.0847287911359867	0.181314343359417	1	UP
TNFAIP3	0.339435460560462	0.282501983256736	0.447979387692647	1	UP
RGS22	0.0266754665530829	0.96112923009953	0.977498663112697	1	UP
AKAP7	-0.205680102665712	0.501103560875813	0.662054917748198	1	DOWN
RAB32	0.279489922401354	0.000121363182163396	0.000618413027307206	1	UP
WDR18	-0.0431761891190395	0.817174210679214	0.893940248173881	1	DOWN
COLEC10	-0.298827625249405	0.617898662050711	0.758521785970534	1	DOWN
SEC24B	0.426420627881784	1.29566737269829e-08	1.19303159871847e-07	1	UP
CSF1	-1.74923820848975	2.33938173695615e-27	7.20818880186638e-26	1	DOWN
PAPSS1	-0.0993329387621844	0.20537792602561	0.355737313795528	1	DOWN
CABLES2	-0.0920811250235359	0.630612052295227	0.768573396956931	1	DOWN
ACTRT3	0.592038413596736	0.0013136349350172	0.00529226050904197	1	UP
ARHGEF28	0.692422767105833	1.59381602083766e-20	3.59878676830079e-19	1	UP
PGAP2	-0.357775668859136	0.182525556637193	0.326364367602583	1	DOWN
SCN1B	0.12819886928187	0.638253732422902	0.775662659763128	1	UP
RN7SKP97	0.147267817434102	0.721255752450387	0.834438279061665	1	UP
ZNF202	0.160447440137865	0.38209456712282	0.551999259171436	1	UP
COX11	0.197162110949017	0.29244851746053	0.459182397411439	1	UP
STXBP4	-0.386600470996464	4.11162099438819e-05	0.000228702983025034	1	DOWN
FAM227B	-0.653582086045036	0.189890231716658	0.336292140454753	1	DOWN
CUL5	-0.151682218161906	0.0391669607524951	0.0971010035742506	1	DOWN
CWF19L2	0.0398426781305529	0.7714815147679	0.865110527656625	1	UP
TMEM25	-0.353664601079782	0.205485014893525	0.355837501525025	1	DOWN
EEF1A1P3	0.191817158905335	0.456596302395279	0.624256970526047	1	UP
ZBTB2	-0.0693913442678569	0.517094244012963	0.676675624398382	1	DOWN
ING2	-0.152792404605437	0.435201351323727	0.604081714338601	1	DOWN
AKR1C1	-0.809966782610887	5.64049850874377e-08	4.80606391213775e-07	1	DOWN
UBE2V1	0.00207631602032787	0.991754988553762	0.995492041117072	1	UP
C6orf132	0.27840136012528	0.0159474811087594	0.0463230250256648	1	UP
EIF4G1	-0.160530155179838	0.0986601428200165	0.204814841612396	1	DOWN
FOXP1	0.363579495060793	7.49387482023439e-09	7.15756675659003e-08	1	UP
STX5	0.0309395148349128	0.86571971473797	0.924718426910962	1	UP
ZMYND11	0.222161794468455	0.650615530187684	0.785270611103501	1	UP
HOMER3	0.0156105250734005	0.886220590997985	0.936511380620488	1	UP
RBM33-DT	-0.773404810019391	0.0716218765797058	0.158113006179855	1	DOWN
NCK2	0.0488797189216584	0.804701050247986	0.885714443504312	1	UP
MAP4K4	-0.0258683251573128	0.70161051300403	0.821235503274035	1	DOWN
EPM2A	-0.381305862819561	0.0390066158025568	0.0967865049729994	1	DOWN
BAZ1A-AS1	-0.985152616797581	0.0108977893057615	0.0335429080420787	1	DOWN
EED	-0.11952282185559	0.309443548578608	0.476788828659052	1	DOWN
METTL17	-0.0940512950989303	0.447660043966052	0.615463352236078	1	DOWN
ANKH	0.126122526969248	0.501203218751454	0.662116072234872	1	UP
UBASH3B	0.768195547055473	1.56175862866693e-27	4.86400300492798e-26	1	UP
OTULIN	0.122042368441168	0.145799574298828	0.275552189047106	1	UP
HMGB3P4	0.150720308057963	0.800076819668543	0.883208828340894	1	UP
PCMTD1-DT	-0.496070067644593	0.458725871147973	0.625980859566674	1	DOWN
ATP7A	0.125926247267997	0.256998126282048	0.418671815859351	1	UP
SCAMP1-AS1	-0.226346299066871	0.461239206864444	0.627978874919736	1	DOWN
SP140L	0.286172154836104	0.043667611898039	0.106200043678654	1	UP
CD9	-0.348344802971489	6.15317853567307e-06	3.98563796589025e-05	1	DOWN
SRGAP2B	-0.478907157385201	8.12329615588311e-09	7.71286154721858e-08	1	DOWN
NUDT11	-0.899069985269571	1.73240344247588e-08	1.56762443000745e-07	1	DOWN
STARD3NL	0.56641272841969	3.39923173887502e-10	3.66037987022973e-09	1	UP
TRRAP	-0.499791103836131	7.83745265038588e-11	8.95328286567007e-10	1	DOWN
LONP1	0.0191614948126334	0.819245469288634	0.894941534223959	1	UP
DCUN1D2	-0.185177309800952	0.187875684044955	0.333578020657777	1	DOWN
EIF3J-DT	-0.278983752811871	0.200019440729047	0.349049744955375	1	DOWN
PRPSAP1	-0.0634145573607002	0.45553878135786	0.623292470791144	1	DOWN
SHARPIN	0.134119124951977	0.395289026837583	0.566136940221002	1	UP
CYGB	-0.430639464325911	0.076314659198928	0.166564437408807	1	DOWN
SRSF2	-0.247865351484571	0.0149774165991114	0.0438489966113774	1	DOWN
LBX2	-0.581394470875855	0.297145685072007	0.463912903814446	1	DOWN
CMTM4	0.229883467506732	0.00772362995862054	0.0249361431036697	1	UP
LHFPL6	-0.550185886398173	1.22220059124067e-08	1.12856362581591e-07	1	DOWN
TMEM50A	0.21476930806076	0.00165302593878861	0.00646142219135358	1	UP
TMEM167B	0.412475012961056	8.33409116245422e-06	5.2638090641882e-05	1	UP
PKD1P6	0.231414059332296	0.0665911682352317	0.149195189483307	1	UP
RSPRY1	0.1836481564043	0.181097439689537	0.324442238875996	1	UP
NACA2	-0.425348744214695	0.448489930887229	0.616262796215157	1	DOWN
MRTFA	0.527238957809928	4.12668852213312e-05	0.000229452773502677	1	UP
MYO6	0.645707751107656	2.25277737609058e-18	4.50275046499101e-17	1	UP
XRCC2	-2.343803443731	7.21440050969118e-17	1.30482229994427e-15	1	DOWN
AJAP1	0.598085373116107	1.34119567143158e-12	1.78797219998688e-11	1	UP
CEP44	0.134752567894032	0.481432386429354	0.645677904064092	1	UP
HYPK	0.442271928749963	0.580703306878744	0.729653376898073	1	UP
SMIM43	2.35302129587571	5.22739551959714e-10	5.53414598195592e-09	1	UP
FBXO8	0.0752186380612065	0.587676156555088	0.734392191962511	1	UP
MOB3B	-0.773887520207056	0.0574738342396555	0.132422573118186	1	DOWN
BOK	0.288897288408059	0.00859486835255926	0.0274545629007148	1	UP
ZNF843	-1.00755548371817	0.146692833253673	0.276780014799429	1	DOWN
TBC1D13	0.15697942801366	0.0842743741548021	0.180582589103061	1	UP
ZNF334	0.0615246504813012	0.809320505785941	0.888917734218487	1	UP
IL32	0.739342229809236	5.25997596725426e-05	0.000287054050992414	1	UP
ZNF607	-0.376368845077533	0.723518265982154	0.835910014527351	1	DOWN
HSD17B11	-0.0574737450526203	0.69807655389269	0.819155848989303	1	DOWN
PIWIL2	-0.196746054832975	0.813858486168479	0.891733185504639	1	DOWN
PRR34-AS1	-0.46366170143421	0.00344213129857454	0.0123124354939853	1	DOWN
NOL4L	0.461501452209821	2.61643154099533e-07	2.05824998361043e-06	1	UP
METTL8	-0.522669984768827	6.31435923405864e-06	4.07542676602865e-05	1	DOWN
CFB	-0.279458645298566	0.266094246330692	0.429166066263932	1	DOWN
TTC21B	0.128747084219965	0.174185584200109	0.315117160400072	1	UP
NMI	-0.259289585353222	0.0960986640987391	0.200724807284991	1	DOWN
RRAGB	0.0538303192562768	0.647494710485534	0.783462076929159	1	UP
IL10RB	-0.238947746000813	0.0301156996453679	0.0783300891964024	1	DOWN
GATAD2A	-0.356083880181038	0.00108482556017724	0.0044523755098328	1	DOWN
GAS7	-0.922717363372071	0.0010947689265869	0.00448936031728357	1	DOWN
NIM1K	0.0868990885429844	0.91638772122353	0.953262234336397	1	UP
ERICH5	0.916236197477298	0.000557950259294511	0.00246875051961573	1	UP
PIGW	-0.503731472918436	0.0386643165852006	0.0961187061711223	1	DOWN
NFYB	-0.0989969637597559	0.343781533695913	0.513704529019287	1	DOWN
MTERF2	0.0423265743770013	0.83544007561104	0.905425568670702	1	UP
SOCS2	0.0412225968473854	0.890055164743131	0.938229424881682	1	UP
NRBP2	0.731228289913802	7.22531329691073e-07	5.3600103928982e-06	1	UP
SIGIRR	-0.295731930233101	0.463727610405361	0.630170385353857	1	DOWN
ZFHX2	0.547811757636344	5.95785622489891e-07	4.46792840197271e-06	1	UP
RPS6KA3	0.102963738063719	0.12313535693087	0.242594279892025	1	UP
INMT	0.501432247244791	0.537222563977599	0.692295636886061	1	UP
SLC66A3	0.356568236395982	0.169321403781871	0.308674606541165	1	UP
PDCD6IP-DT	-0.0897729623956093	0.749293359070946	0.8513496687432	1	DOWN
MAIP1	-0.210159387537653	0.204153837525825	0.354253975274459	1	DOWN
SNHG19	-0.821562787822271	0.00198449191349588	0.00760686807478222	1	DOWN
AARS1	-0.290480629654375	2.96053634381713e-06	2.02091217309879e-05	1	DOWN
GLG1	0.158205959570082	0.00246203186060291	0.0092006264333004	1	UP
DNAJB5	-0.152252815183209	0.82132865703089	0.895910357997689	1	DOWN
HERC2	0.38672618017628	1.00304213168369e-15	1.68546067964663e-14	1	UP
MYBL2	-2.88029402914995	2.92555926838715e-67	3.52310474895523e-65	1	DOWN
PRKCZ	-0.51783882793053	0.0276688684556695	0.0730573393116901	1	DOWN
GPRASP2	0.280293531294788	0.653073605684177	0.78705418028038	1	UP
EXO1	-2.14079537418548	1.36765750665401e-24	3.70112708401818e-23	1	DOWN
RALGAPA1	0.36917500551931	5.43082011113146e-05	0.000295596163562941	1	UP
MRPL15	0.0819456508003234	0.426070326371964	0.594548308845235	1	UP
HSD17B8	-0.673952624165295	0.410086918345856	0.580313949962394	1	DOWN
RING1	-0.658281214929735	9.71208909540875e-10	1.00249571084108e-08	1	DOWN
PFDN6	-0.0482777322178247	0.797710368816649	0.881795497572814	1	DOWN
PILRB	-0.300732113736921	0.348366073434061	0.518192293072117	1	DOWN
THUMPD3-AS1	0.317498929521174	0.0540173084728604	0.12621365889449	1	UP
ULBP3	1.98240820596671	1.9429597027941e-13	2.74732981067295e-12	1	UP
EXOSC6	-0.196347443756397	0.0335676969225264	0.0854588904646202	1	DOWN
AKAP12	-0.269784432251302	0.473279089516051	0.638745728641714	1	DOWN
ULBP2	1.13496055279451	1.60191118360656e-12	2.12378151507325e-11	1	UP
SPCS3	-0.0699540538465261	0.381238151107778	0.55131317138582	1	DOWN
PLCXD2	2.02226217758255	3.94286015354926e-12	5.05126525522521e-11	1	UP
SH3BP5L	-0.156120430488742	0.454661562921238	0.622601558398068	1	DOWN
MARCKSL1	0.260704337077863	0.0057209975192233	0.0192042125784659	1	UP
RAB5B	-0.0248512687161373	0.798974123868082	0.882584854304973	1	DOWN
RPS3AP44	0.326533663921999	0.462780327539291	0.629424801248969	1	UP
SH3BP2	0.200192687223938	0.0247146369700994	0.0665806429354942	1	UP
OGFOD1	0.0128091947283945	0.874298579739579	0.929895398234832	1	UP
CDC20P1	-2.31405304678226	0.00722237956846461	0.02349102118926	1	DOWN
NOP14	-0.257591353306385	0.00307555964015914	0.0111502539789111	1	DOWN
COASY	-0.215840979562867	0.108685517009117	0.220097310299713	1	DOWN
HAPLN3	0.835103612174736	2.08720472340137e-08	1.86994392175283e-07	1	UP
TIMM21	-0.368739385053841	0.0253586016105433	0.0679816702719938	1	DOWN
FZD8	0.987344453422496	9.83403313061954e-08	8.10676627327912e-07	1	UP
PLS3	0.437596386800657	1.77718144579554e-16	3.14730993544012e-15	1	UP
NEIL3	-1.89605573744923	1.52613713840099e-45	9.42487512266355e-44	1	DOWN
MIER2	0.0588200886089665	0.665583939341841	0.796023628852847	1	UP
FBXW7	0.0745828562563118	0.553086574049069	0.705936796351755	1	UP
BCAT2	0.172859378791212	0.169616465513008	0.309017592426687	1	UP
PLEKHA4	-0.53456388799823	0.000147654954266929	0.000740889494483122	1	DOWN
SH3RF3	-0.243742498294742	0.214147506692774	0.366669671702452	1	DOWN
CLK2	-0.386785199438119	0.00698700433998077	0.022812742819038	1	DOWN
HMGB1	-0.595278772524475	0.000535762901904561	0.00238078403918291	1	DOWN
SMAD6	-0.0882678563937327	0.552902863165348	0.705767977705366	1	DOWN
DDX18	0.148948698911616	0.0523415862381177	0.123143883546516	1	UP
GNB1	-0.0600400112433337	0.781683520469622	0.871882413885961	1	DOWN
UBE2S	-0.986181823995223	1.18024499516688e-15	1.96948272807813e-14	1	DOWN
RPL28	0.0869024265951262	0.18177331205852	0.325294784481123	1	UP
CCNY	-0.320707674511738	0.000112339114321757	0.000576700725067038	1	DOWN
KLF2	-1.46158946931398	4.53345702850039e-06	2.99419504199539e-05	1	DOWN
C6orf62	0.0774902913954145	0.181109495350323	0.324442238875996	1	UP
OLFM2	-0.231371649338032	0.638656022346216	0.776021035813097	1	DOWN
MED26	-0.225438127075091	0.268102262921429	0.431778201435147	1	DOWN
LINC00670	-1.12750159964133	0.10205369649413	0.210172148786757	1	DOWN
NSF	-0.178994083218464	0.0408594384188217	0.100640829144434	1	DOWN
TM4SF19	-0.260793735399047	0.519230718746973	0.678488391049146	1	DOWN
BCAR3	0.640939252269949	1.17984070192394e-09	1.20921120450375e-08	1	UP
CEBPB	-0.415767105049264	7.11613994933173e-06	4.5502362127342e-05	1	DOWN
RAPH1	-0.249001522910259	0.00363269263188116	0.0129141552824882	1	DOWN
RPS15AP6	0.0118946001376723	0.980346124671278	0.988417068835878	1	UP
COMMD1	-0.0822131914471127	0.782865436447328	0.87252725760453	1	DOWN
MDN1	-0.694991644993124	1.05946673167172e-23	2.73399173917643e-22	1	DOWN
GPSM3	0.212868163519795	0.30111650330102	0.468047175347213	1	UP
ADD3	-0.619749971154278	2.61394017119777e-05	0.000151642109249213	1	DOWN
RSU1P3	0.714056731020019	0.0816424358627568	0.176249602726725	1	UP
LAT	-0.491697474883693	0.212476014137742	0.364839695853673	1	DOWN
SLC25A1	0.0331255337500615	0.722119422111621	0.834961415341257	1	UP
GRK3	0.0442351541541743	0.762924391283909	0.859740252510066	1	UP
TSPAN1	-0.0514000767044571	0.960373305049654	0.977073685671117	1	DOWN
BLZF1	0.304606841127036	0.00076224939282421	0.00325895443068126	1	UP
SLC19A2	0.805105166066654	5.15165382958243e-08	4.40772939557701e-07	1	UP
PRSS23	0.671374526766789	5.94198960931769e-41	3.04495361149822e-39	1	UP
ZNF655	0.329034224147434	0.000574645174652483	0.00253485879697895	1	UP
MRPL21	0.138347351528909	0.334800490612287	0.504610126182537	1	UP
OBI1	0.105691159335192	0.36537034232017	0.535656570647132	1	UP
MAN2B2	0.522202083854127	0.00193388202425834	0.00743852252663223	1	UP
DUSP10	-1.29055633870019	1.67746968888338e-18	3.39511407199632e-17	1	DOWN
DNM2	0.158869454736507	0.0313469596951466	0.0808630693599721	1	UP
CDON	-1.27870424779529	0.00195066076408082	0.00749701674152774	1	DOWN
ZC3H11A	-0.309327141773277	0.0177987755129056	0.0508336910650938	1	DOWN
YTHDF1P1	2.71402133199367	0.00058700907396212	0.00258230384408724	1	UP
PSMD7	-0.29432539437389	0.00677397640008184	0.0222175971306361	1	DOWN
NDRG4	0.781354093141095	0.0199802927698949	0.0558914461513262	1	UP
SETD6	0.351418980790554	0.107170580291415	0.217670000813948	1	UP
FHIP2A	0.447132183781997	1.50070691867852e-09	1.52938756571391e-08	1	UP
QDPR	0.1813162019711	0.215909358728701	0.368894081696436	1	UP
KLF8	0.696244354118049	0.0913600642425451	0.192509428102948	1	UP
GABPB2	-0.00661478519698471	0.955649690637945	0.974119607773785	1	DOWN
MCU	0.376737669908125	6.15751667640971e-06	3.98666099869161e-05	1	UP
BAZ1B	-0.308188815617368	6.80450113391176e-07	5.0712659043919e-06	1	DOWN
HYOU1	-0.678484587635698	1.95498520593415e-07	1.55827309492302e-06	1	DOWN
SPRYD7	0.101614069978809	0.718377596498493	0.832351059722547	1	UP
GMPSP1	-0.226683855787889	0.410381405046926	0.580332878396431	1	DOWN
NHLRC2	-0.103197735711397	0.154049760727316	0.287545955851136	1	DOWN
RN7SL754P	0.309815988804436	0.561694079003527	0.713523306582276	1	UP
CHCHD10	-0.234756499661975	0.322808041111622	0.492285669280714	1	DOWN
XRN1	0.0302928498883562	0.651979280338333	0.786259916562568	1	UP
TFDP2	-0.17736360914449	0.0380756152408696	0.0949000889696113	1	DOWN
RNF7	0.290459971410136	0.000213226338924414	0.00103123621947681	1	UP
SLC25A36	0.162493416148095	0.143281605052275	0.271727358872759	1	UP
RLIMP3	0.377917531945903	0.41033417618688	0.580332878396431	1	UP
CLIP4	0.277663649544668	0.224522642382151	0.380417013139227	1	UP
RGL3	0.552981793545884	0.0393923374990107	0.0975684387796879	1	UP
MAPK10	0.123569037149551	0.493128924523022	0.655343579941345	1	UP
UBE2D3	0.144647231276744	0.114240071289753	0.229257501764786	1	UP
MRPL42	-0.210261288716048	0.0643982456220143	0.145383433882338	1	DOWN
ZC3H18	-0.376300222707513	0.00494179827111805	0.0169347704092784	1	DOWN
KCTD17	-0.0984031727143024	0.547350445759111	0.70061072970946	1	DOWN
LBHD1	0.0744829105381462	0.682163635833248	0.807366642213454	1	UP
UBXN1	0.433757809019501	0.000788897987814625	0.00336393178575071	1	UP
XRRA1	-0.220200183714895	0.317740430417546	0.485993539369598	1	DOWN
TRIM66	0.289073298147515	0.139762833413692	0.266242117804016	1	UP
RNF169	0.224075365672296	0.00112246708537435	0.00459381813954821	1	UP
CYFIP2	0.267727104110106	0.0794602165817406	0.172207496974015	1	UP
SUPT3H	-0.0345376089200799	0.865862978598618	0.92480309709746	1	DOWN
NGRN	-0.2478607138188	0.000202703650406142	0.000985291103941863	1	DOWN
TTC9C	-0.0168559600754444	0.905780493447769	0.946178539165369	1	DOWN
TAF6L	-0.181122783124178	0.327237930225431	0.49657925668226	1	DOWN
RBM42	0.200900083376951	0.0817339025933648	0.176420705956193	1	UP
PRR5	0.135387751995955	0.528092677166466	0.685666422078401	1	UP
ALDH7A1P1	-0.533015881522738	0.0389724130316853	0.0967182450147491	1	DOWN
RBM18	0.28808760126347	0.00119650148307453	0.00487197603040576	1	UP
RAB23	0.778411578857583	1.90392640493404e-27	5.9042146947858e-26	1	UP
DYNLT3	0.478929218223795	7.46339698032727e-11	8.55980553672297e-10	1	UP
NCAPH	-2.99908583798767	2.32358006504944e-63	2.38142237730705e-61	1	DOWN
BANF1	-0.47460966344472	0.089304861768026	0.189007697335932	1	DOWN
AIF1L	0.767031589095642	0.25747264148067	0.419237987835173	1	UP
DYNC2I1	0.224103876043795	0.102244992386725	0.2103562620986	1	UP
PRMT3	-0.180240758343175	0.158895382972738	0.29415797839342	1	DOWN
RAB11B	-0.121245991022854	0.204723905549848	0.354833525705614	1	DOWN
ALYREF	-0.467444894890018	1.40490758572396e-06	1.00357486511601e-05	1	DOWN
AKR1C3	-0.822041360783962	0.0055784802254039	0.018800050778291	1	DOWN
RFLNB	-0.329774220006721	2.80013164061217e-07	2.18964839493974e-06	1	DOWN
INSR	0.293287056577921	0.11515873897379	0.230620695248093	1	UP
MTM1	0.231743304413813	0.0693140484327549	0.153864410737595	1	UP
TRMT61B	0.0143986762950386	0.930046786677507	0.960819938299793	1	UP
MFN1	0.0878294250768156	0.297347016262949	0.464134989416275	1	UP
COA3	-0.0156985301505731	0.894616277085806	0.94022544146669	1	DOWN
LRRC75A	-0.389385724070332	0.277182030648524	0.441801952258836	1	DOWN
MINCR	-0.304257933822761	0.605832414871046	0.748963359695528	1	DOWN
ALG11	0.281398729599744	0.00875852698088779	0.0278876925302179	1	UP
PLAAT4	-0.580104036650385	0.361100575606688	0.531662192368033	1	DOWN
ATXN7L3B	0.359351084565216	8.26243681990122e-07	6.0980834772417e-06	1	UP
BHLHE40	0.679283804886604	5.88927379682367e-17	1.07456938936741e-15	1	UP
FADS2	0.183727634182862	0.251427134158219	0.411798621052818	1	UP
TMEM258	-0.0520083558870072	0.710735051290182	0.82709280305094	1	DOWN
TSR1	-0.0399277915066228	0.597591918484815	0.742098548940798	1	DOWN
PALB2	-0.0734474863724094	0.489905905218139	0.652741124498186	1	DOWN
DOP1A	0.200215352140631	0.0285228535484386	0.0749526225008098	1	UP
LINC02872	-2.99972907165954	0.00739998916806473	0.024020045702539	1	DOWN
RBM14-RBM4	0.191038931666678	0.208031606779075	0.359343144820035	1	UP
NALF1	-0.720498747298699	2.84036720211788e-11	3.38664574569352e-10	1	DOWN
ITSN2	0.0741597341642317	0.311966914596085	0.479741801177184	1	UP
PATL1	-0.0979383511526239	0.184286246423431	0.32869915416749	1	DOWN
STAT6	-0.280363325121817	0.000168758258587074	0.000833182642583467	1	DOWN
NEMP1	-1.62051004781667	1.02942596855837e-41	5.38994009841921e-40	1	DOWN
VPS39	0.00105747875200621	0.98823480398947	0.993183194412117	1	UP
NAB2	-0.385653498910282	0.031993347161159	0.0822369014275896	1	DOWN
TAF5	-0.359760901616208	0.0820883325265566	0.176921475516968	1	DOWN
CNIH1	0.229767550890565	0.241157880197225	0.400111656340999	1	UP
RN7SL67P	-0.231522075400741	0.666865693699721	0.796962962260558	1	DOWN
KLHL11	0.0773941045033247	0.531655236786641	0.688066436217423	1	UP
RPN1	0.186645499958268	0.000780662878825273	0.00333176587770349	1	UP
TMEM41A	0.0941241282879008	0.71755257523342	0.83181070629698	1	UP
ENGASE	0.215119471177683	0.198064634125498	0.346637814903627	1	UP
SENP2	0.0323829855982511	0.715608488157232	0.830423051663066	1	UP
SEC22B	-0.145308260028787	0.00887814056697482	0.0282154723851189	1	DOWN
GATD1	-0.414411208076336	0.0899329106440805	0.189975221709927	1	DOWN
RMC1	0.225714896532052	0.0310059650087722	0.0800978191529795	1	UP
EPHB2	0.296014446236721	0.256936170314039	0.418647490946914	1	UP
PELP1	-0.96037955851167	1.63256304912739e-14	2.52053083578418e-13	1	DOWN
NPC1	0.0325619398791719	0.669377879227266	0.798710241327159	1	UP
PCGF3-AS1	-0.317385414024674	0.167900636127973	0.306897557890885	1	DOWN
SCN2A	-0.14396180835267	0.568796726977439	0.719259965439968	1	DOWN
NUDCD2	-0.746343937069277	9.15681979000233e-10	9.46532208764833e-09	1	DOWN
MARCHF7	0.0454337794582673	0.8190832064216	0.894941534223959	1	UP
VCL	0.849640399928678	0.015026464592893	0.0439747751785939	1	UP
UBTD1	-0.264064278316436	0.0433634282270986	0.105655859266532	1	DOWN
TMCC1	0.11184104918625	0.329684098517258	0.498980405076759	1	UP
PDHX	0.0737907271379023	0.434735118816487	0.603682399023407	1	UP
NAA16	-0.0304453026473581	0.76905604590986	0.863656862499459	1	DOWN
LRRC61	0.115905973602709	0.674575383044964	0.801800366868134	1	UP
MKLN1-AS	-0.35413910765027	0.310469426255205	0.478009128362877	1	DOWN
NAA20	0.0278194316862061	0.743339286692442	0.848230893240088	1	UP
LINC02777	-0.925788444671336	0.12228964895206	0.241388842645297	1	DOWN
RPS2P14	-0.412283590789703	0.444235520138146	0.612525918061488	1	DOWN
PDE8A	-0.590708570241238	2.30529179226751e-06	1.60316514389114e-05	1	DOWN
RABIF	-0.0916234210314862	0.44634828044998	0.614244262525727	1	DOWN
ATP5PBP1	0.276049882990195	0.665226278585318	0.795727584789043	1	UP
NUMB	0.214558631923264	0.331960803664476	0.501688241788973	1	UP
CATSPERB	5.7050341473159	2.62631329645994e-05	0.000152298769852097	1	UP
DELE1	-0.106303811732148	0.37927781334373	0.54946803815842	1	DOWN
MT-CO1	0.433684911888306	1.21702532184862e-18	2.50174010327659e-17	1	UP
LRRC7	1.27284447947523	0.00146255909962311	0.00579847504764158	1	UP
NBPF19	0.520125422661014	2.50303402109847e-15	4.1433384466087e-14	1	UP
RPS6KA1	0.586368966217931	0.00234339130846842	0.00880796885735301	1	UP
TMEM161A	-0.0274807764505829	0.893639705836175	0.940066903630049	1	DOWN
LPAR2	0.724000824113295	0.0645010836097655	0.145522341899966	1	UP
SNX15	-0.0880171511736458	0.725716351393641	0.837445260240318	1	DOWN
NAV1	0.72754208862124	6.40016304443243e-38	2.88126966215243e-36	1	UP
SNX10	-0.482111134008499	0.0413432895700453	0.101590184930577	1	DOWN
FST	-0.0490128783076572	0.751074991262023	0.852633314335553	1	DOWN
LINC01906	0.750705463337498	0.188708464400199	0.334645480310133	1	UP
SPMIP1	1.46877474584659	7.9648010333654e-05	0.000419458235179167	1	UP
EEA1	0.111319746190144	0.028138665569035	0.0740947259726904	1	UP
CHMP2B	0.540488310868114	6.37378368997051e-08	5.3801137911077e-07	1	UP
CD99L2	0.0375809925211096	0.650906772204971	0.785490919844178	1	UP
SRPRB	-0.172793866518993	0.094557424328214	0.198007439351836	1	DOWN
ALDOA	0.0165512849472053	0.795956584843238	0.880462998129947	1	UP
SOD1	0.116520414053114	0.244075678325884	0.403562657607248	1	UP
IFNAR1	-0.328193619963501	1.34700069680549e-05	8.21676110997726e-05	1	DOWN
TCEANC	-0.366627925116661	0.323787078577894	0.493154202416647	1	DOWN
PXMP2	-0.468231272755692	0.0989176806381498	0.205146297775818	1	DOWN
TYMS	-2.80394318499938	1.31427663029437e-54	1.11721244614023e-52	1	DOWN
BLTP3A	0.578169203331885	1.78067411657219e-14	2.73750230410476e-13	1	UP
GLI1	-1.29353878665911	0.000133031199651614	0.000673828905070268	1	DOWN
LYNX1	0.467875681665581	0.0526067310919383	0.123632007966895	1	UP
TMEM243	-0.431371179018257	0.00876282606836483	0.0278924228004274	1	DOWN
ABHD3	-0.0940686089149371	0.606981344890674	0.749827954779888	1	DOWN
GATA6	0.384408833684024	0.440511811909528	0.609054362218196	1	UP
BMS1P4	0.316464456124054	0.27929601446128	0.444407256659321	1	UP
RPS2P55	-0.0576018409318928	0.784023665940835	0.873081211205617	1	DOWN
MAN1B1	0.234468312945412	0.00275858137211727	0.0101746450761783	1	UP
ZNF461	0.288907862580063	0.226124611634852	0.382458656687178	1	UP
STARD10	-0.0421682713912999	0.83004634979601	0.902151007889752	1	DOWN
HNRNPUL1	-1.21951620536009	2.75612601228406e-47	1.81866561659895e-45	1	DOWN
CCDC9	0.401335642104773	0.0137792304281223	0.0409214260001635	1	UP
BBC3	-0.131638825584864	0.698886963085676	0.819408263237971	1	DOWN
FZR1	-0.28652744872418	0.0224090111203221	0.0614366571238427	1	DOWN
TGFB1	-0.567553770514702	2.01516506061725e-12	2.64257262168601e-11	1	DOWN
CLASP1	0.0158051942377599	0.845002447633502	0.911618542049402	1	UP
B3GLCT	-0.314442287577515	0.00377749878443372	0.0133828474954282	1	DOWN
SLC43A1	-0.328752968444453	0.186995235825317	0.332687822143714	1	DOWN
NIP7	-0.0724358703192032	0.730575325993085	0.840501873730282	1	DOWN
PRMT7	-0.196704015795225	0.222178531328289	0.377418826404738	1	DOWN
DSCC1	-2.14200972358421	2.98129149796922e-10	3.22958346605346e-09	1	DOWN
TERF2	0.280934887534462	0.0632821369610485	0.143224770747707	1	UP
DERL1	0.286472521535091	0.00469232482802241	0.0161757600404942	1	UP
MTCO2P2	0.0420337544551795	0.892475253913608	0.939371703641994	1	UP
HIKESHIP2	0.198046884794841	0.659273501689229	0.791272091200894	1	UP
OSCP1	0.775286542185269	0.000686495290578685	0.00295782452121425	1	UP
NKRF	-0.339968813344446	0.700416584242492	0.820569117056202	1	DOWN
GLDN	0.231415468406274	0.522030174830153	0.680669318458048	1	UP
HEATR1	-0.161363296115199	0.0245754675654212	0.0662574779455041	1	DOWN
EHBP1	0.345513381279806	0.0219280187692157	0.0603929482054385	1	UP
C1orf198	1.30498397556373	0.0555212877743841	0.129138601259878	1	UP
FMNL1	-0.812053644226804	0.00325497357229054	0.0117067255085044	1	DOWN
CCDC127	-0.288075234256998	0.00764847287275651	0.0247321730776917	1	DOWN
CLP1	0.428756840699801	0.131703094545753	0.254648303355723	1	UP
PTRHD1	0.172517057719324	0.355130472734321	0.525657119889755	1	UP
WNT3	-0.297654977932554	0.288728016751128	0.454907170744718	1	DOWN
NOL3	-0.0616660837865091	0.817976272340471	0.894346304879484	1	DOWN
STXBP3	0.234422122952784	0.00565974133549086	0.0190339590503091	1	UP
QSOX1	0.315790665447795	2.8362572171751e-07	2.21430324394367e-06	1	UP
GNE	-0.381487421481148	0.0907504245516851	0.191450275211154	1	DOWN
NCALD	1.47459202509782	4.8944856865842e-12	6.22077507975623e-11	1	UP
SNX16	0.158290357943545	0.401603904812004	0.572514356164375	1	UP
CBLN3	-0.0656709264171486	0.819670803349861	0.895026911384989	1	DOWN
AP1S3	0.540832508179726	0.0543065623729023	0.126803059113073	1	UP
COL27A1	-0.425971388731229	1.53090688626522e-07	1.2331736573812e-06	1	DOWN
PIEZO2	1.69274004106147	9.12552592931318e-06	5.73111582809669e-05	1	UP
DAPK1	0.187614666877352	0.135095263738536	0.259505736579235	1	UP
MIA2	0.14288644937844	0.190039100614714	0.336447089403186	1	UP
ZSCAN26	-0.0609606892778364	0.665184844137535	0.795727584789043	1	DOWN
H4C3	-1.15848089552654	2.12606993193954e-21	4.9795521209819e-20	1	DOWN
ADAMTS3	-0.353610878393096	0.140932086007801	0.268151359433671	1	DOWN
NIPA2	0.379322372919945	0.000836317950678313	0.00353535786632285	1	UP
WDR20	0.0175657428511649	0.931253784768599	0.961415316999281	1	UP
ASB1	0.17266548662252	0.611404562991968	0.75278242649714	1	UP
LRRC57	-0.050922611929108	0.694138943976774	0.816590840069062	1	DOWN
SOCS1	-0.722355475421939	0.0242599677738281	0.0655781508229685	1	DOWN
TCN2	-0.122821784922251	0.704769442537381	0.822845515945147	1	DOWN
HSPA9	-0.0219708502786663	0.717466988918443	0.83177821555238	1	DOWN
PILRA	1.16998853167993	0.0256388252864329	0.0685869426535064	1	UP
MAP3K4	0.0722415026171125	0.576301864197954	0.726016758741577	1	UP
NDE1	-0.393373997196797	0.200163572566221	0.349174769091557	1	DOWN
ENTPD4	0.136001560190862	0.0220523575528106	0.0606429341571201	1	UP
CCDC126	0.337149017276962	0.0345834394553767	0.0874906791558285	1	UP
PATL2	0.0384656163569908	0.934563055998542	0.963383791555455	1	UP
ATPSCKMT	-0.567740848633356	0.00498573332796794	0.0170680537015455	1	DOWN
DPM1	0.251218081743475	0.0389322867999602	0.096635258767816	1	UP
SLC52A2	0.468127301882419	0.00156281165886123	0.00614703083347949	1	UP
DMWD	0.136247716027606	0.395238268197099	0.566120350254364	1	UP
PIGP	-0.12286682751219	0.576276960580489	0.726016758741577	1	DOWN
METTL3	0.0441111297043545	0.784014524525023	0.873081211205617	1	UP
NIPAL1	-0.739794747019372	0.0296634788132528	0.0773767025866997	1	DOWN
PAQR3	-0.623897546700917	0.0117737620673963	0.0357517620584039	1	DOWN
GTF2E1	-0.0679739591151769	0.525728610292616	0.68357964255341	1	DOWN
ANTXR2	0.219597740450425	0.00399013455572637	0.0140227223893	1	UP
GNG4	0.0325965802962653	0.887639300652224	0.937186785542872	1	UP
PPARGC1A	-0.309637260141517	0.37216722156168	0.542648422842078	1	DOWN
UGDH	-0.260593612911756	0.034422300848647	0.0871625494241805	1	DOWN
SPICP3	-0.335465287302046	0.59397147197795	0.739028222181448	1	DOWN
HYAL1	0.224104693281595	0.772555736178573	0.865640495652992	1	UP
SYS1	0.210633423759798	0.166167105787289	0.304152102055999	1	UP
UTP14C	0.200035155313417	0.0252553014507231	0.0677994354940367	1	UP
TIMM29	-0.19907651047565	0.274167030324521	0.438179978624953	1	DOWN
SESN3	0.271087928178896	0.0760622169772003	0.166164035908922	1	UP
FAM66C	-1.04698472435717	0.0999864377710202	0.206769320582286	1	DOWN
RPL21P60	0.0328002187963979	0.933277141309553	0.962723104366076	1	UP
LMOD1	0.94000925625981	2.79532124541628e-43	1.59664772005971e-41	1	UP
FSTL1	-0.148008360170807	0.0819637510258561	0.176732045072314	1	DOWN
ZNF784	0.0389728973404403	0.897635807538722	0.941496327011346	1	UP
RFFL	-0.0910906700897626	0.457056275200574	0.624649138711707	1	DOWN
RPL9P16	-0.106513055040541	0.863000833817594	0.922564362294574	1	DOWN
NHSL3	0.265816592172924	0.0210363832107671	0.0583263188370674	1	UP
SYNC	-0.762791593029979	7.26814368825605e-16	1.23132408486504e-14	1	DOWN
RBBP4	-0.510518500677934	3.09748753548509e-05	0.000176784330076205	1	DOWN
COL16A1	0.0767323310120034	0.274034573267881	0.438061240961742	1	UP
CLDND1	0.816562706886937	0.118470532789237	0.235782629023174	1	UP
MOK	0.0846008078621682	0.592276278038444	0.737970727188615	1	UP
HSP90AA1	0.0999364945223286	0.0292594091771922	0.0764192521271651	1	UP
SNX2	0.25132166008184	0.0133357640773043	0.0397596712773106	1	UP
NT5M	-0.146119394173255	0.881947474383082	0.934177501291142	1	DOWN
PSMC1P9	-0.178702299626205	0.672561313568201	0.80083966470698	1	DOWN
GALNT4	0.026010292979071	0.928869340640666	0.960384722608013	1	UP
ZNF625	0.547960900205863	0.0200422009872025	0.0560429269477677	1	UP
HLCS	-0.289710334615521	0.00927298955477909	0.0292329781972322	1	DOWN
RPL8P5	0.950178685094897	0.012321537734221	0.0372040413282966	1	UP
METTL13	-0.73278679894371	8.51655451329328e-05	0.000446400904140737	1	DOWN
SYCP2	0.460192834336601	0.0142262470899752	0.0419986714396796	1	UP
BLOC1S2	0.215397214586359	0.138790837129323	0.264757349554389	1	UP
SLU7	-0.194598204055096	0.01809750314075	0.051562897848379	1	DOWN
NOS1AP	-0.119086574482203	0.779797933142878	0.870652857285616	1	DOWN
KIAA0753	0.303421344366268	0.00602023580319499	0.0200503405374443	1	UP
GPR85	0.190847616198732	0.72831636820755	0.839084116744357	1	UP
ATG9A	0.115782965661272	0.136334604730022	0.261261288019301	1	UP
DCLRE1A	-0.672181811837366	0.00442708876618745	0.0153640393276116	1	DOWN
METTL18	-0.281448120562036	0.327624302252026	0.496903735500003	1	DOWN
DNAJC15	0.051426676887153	0.686901215483578	0.810627672877614	1	UP
SP4	-0.373073784687717	0.0543583183407678	0.126882903948059	1	DOWN
IBTK	-0.141641431359934	0.0308594504515712	0.0798049245661517	1	DOWN
PLXDC1	1.91316653983079	5.60535885393793e-07	4.21451825173034e-06	1	UP
MZT1	-0.0555697295297949	0.729512019941714	0.839786707860086	1	DOWN
HOXB3	-0.127268911517514	0.583405348724595	0.731648936424466	1	DOWN
QRICH1	-0.346665511379864	0.00572319717810716	0.0192071347935036	1	DOWN
SLC9A7	-0.595633125164984	2.78870783528729e-15	4.58993359085839e-14	1	DOWN
PIK3CD-AS2	0.200914273078344	0.703503552271036	0.822119507833474	1	UP
MED11	-0.587139758496803	0.0142474760308653	0.0420527524759057	1	DOWN
MAP3K7	0.0798078283737354	0.351299476742673	0.521428588579331	1	UP
STAR	-2.11084097246865	0.0265815723526243	0.070794379297415	1	DOWN
COA1	-0.284174111335038	0.00994536472210021	0.0309809151970403	1	DOWN
ADAMTSL4-AS2	1.19343585708273	0.0510648713537654	0.120736003915783	1	UP
SERTAD3	-0.0836868586940881	0.792008586773088	0.878420312319183	1	DOWN
TOMM6	-0.709560784767027	0.203220631190181	0.353016148735342	1	DOWN
NCKAP5L	0.175093975031008	0.0379021499541594	0.0945982675280756	1	UP
CC2D2A	-0.245943682006749	0.00882071791278971	0.0280581542059705	1	DOWN
KIF5A	0.694415157185274	0.000271847839700103	0.00128213875049158	1	UP
ARL16	0.233040496598984	0.154415250182289	0.287858522631271	1	UP
SYNRG	0.0977020275407179	0.276818982216328	0.441389287433317	1	UP
ATOSA	0.340475693246173	2.76781009836301e-05	0.000159607437076791	1	UP
ILRUN-AS1	-0.676859853393791	0.292624964111529	0.4592918153527	1	DOWN
COX8A	-0.0633137941720149	0.42651474112377	0.594994913285978	1	DOWN
CCT6A	0.165766898331979	0.0254834715799957	0.0682345095057472	1	UP
PSPH	-0.247417298277158	0.118135832754579	0.235375833329163	1	DOWN
INPP5K	0.0828202125702871	0.533033670719771	0.688986545221057	1	UP
CD151	0.365149445608159	0.145721142337555	0.275450127916286	1	UP
NAALADL2	-0.250717196458991	0.0497284843226976	0.118272930702321	1	DOWN
DNAJC28	-0.0935971711003513	0.783001854027589	0.872611999117197	1	DOWN
RHBDD1	0.36276483780611	0.000168125916311578	0.000830912317585025	1	UP
PEMT	0.290376637192515	0.148988250166682	0.280196408531848	1	UP
MYH10	0.127973130233271	0.00687918834306786	0.022511583049292	1	UP
SCO1	-0.176861667359267	0.316095581574728	0.484246501572818	1	DOWN
PPM1D	0.170442084381261	0.0746904461835232	0.163761437990911	1	UP
TRIB1	0.585795833552927	0.00073019797297466	0.00313025538637105	1	UP
RPL36AP37	-0.036878923272841	0.642993815144443	0.780049170739458	1	DOWN
CEL	0.818714975395603	0.387739434361788	0.558034315901026	1	UP
MSH6	-0.209543033207724	0.297896906093814	0.464541727631564	1	DOWN
PTPN4	0.0101231966560122	0.927474644963745	0.959366829941793	1	UP
USPL1	0.27692714893354	0.00389598826320221	0.0137352833353343	1	UP
XPO4	0.0307291314250132	0.886210866086473	0.936511380620488	1	UP
ZMYM5	0.10000106448194	0.437824173596723	0.606615257204817	1	UP
WDR5B-DT	-0.527152179053443	0.328738651287418	0.49817557149271	1	DOWN
STAG3L5P	0.154965047541461	0.429414538334338	0.598175196979904	1	UP
PC	-1.16717508944026	3.39722660352718e-10	3.66037987022973e-09	1	DOWN
NUDT4	-4.01695507799997	2.17874958322693e-08	1.94592770254712e-07	1	DOWN
WDR33	0.00976537879407464	0.89318458740404	0.939745939029908	1	UP
CACNB1	0.658809421079929	4.1612965959376e-05	0.000231288065799593	1	UP
AHRR	0.0818728836805816	0.887973131926319	0.937217466228294	1	UP
PCTP	0.441348778686155	0.0208253100614396	0.0578743376342046	1	UP
SLCO2A1	-1.59413052797848	3.80590508836282e-07	2.91927465137639e-06	1	DOWN
OSBPL2	0.15186756547009	0.239358139919771	0.39794805338019	1	UP
LAMA5	0.812623091091111	1.88890293041138e-25	5.35226200928919e-24	1	UP
ASS1	0.0970111881558344	0.338855670289061	0.508970303642784	1	UP
ADRM1	-0.320451474312221	0.00893949298778251	0.0283548316871038	1	DOWN
STOML1	-0.367493312608774	0.0822137457449657	0.177084624693353	1	DOWN
PKM	-0.242781267190466	0.2381608855947	0.396684615018886	1	DOWN
NAF1	0.0364845929073735	0.784285351002803	0.873166995943105	1	UP
MARCHF1	2.02263192068371	0.0064408723587069	0.0212698917860314	1	UP
ARL3	0.0356877206211881	0.758075330660444	0.857194569904075	1	UP
LRRC47	-0.139346347905758	0.153028380921285	0.286007906452857	1	DOWN
RLF	0.326166915918707	5.596190897842e-05	0.000303796223383602	1	UP
GSDMB	0.778399102937621	0.0289134297173989	0.0757459428079992	1	UP
ARG2	-1.34548514374217	6.21697491001502e-05	0.000334480656830332	1	DOWN
MEF2C	-0.131337850576501	0.434217393672256	0.603237411647546	1	DOWN
SCARNA17	0.695028305068252	7.1835678343431e-05	0.000381653451375339	1	UP
CEACAM1	0.898038895030644	0.200543493016177	0.34964575036478	1	UP
SENP1	-0.715507740214429	1.27411167224613e-08	1.17478401480801e-07	1	DOWN
BAIAP2	-0.135990239139601	0.343262910725502	0.513134110056983	1	DOWN
NME7	-0.103089449703828	0.4622781703409	0.628978612145405	1	DOWN
POGK	-0.0320727498096373	0.697259500642996	0.818662418247639	1	DOWN
TIPRL	-0.374303366992012	2.64791043005272e-05	0.000153489585337713	1	DOWN
ARHGAP23	-0.987282697426218	3.169750846017e-08	2.77108708262503e-07	1	DOWN
PPHLN1	0.350914772753741	4.94040148529028e-05	0.000271459094539657	1	UP
FKBP11	0.343177370045898	0.0781407198389018	0.169806246976236	1	UP
ARF3	0.11746927092023	0.0980062472461366	0.203682757829233	1	UP
ZNF674-AS1	0.328396960156106	0.219656082240067	0.37423367654459	1	UP
MEIS2	0.612680251399605	3.62822528192634e-14	5.41647557325594e-13	1	UP
HECTD3	0.0442992858381287	0.622220549830645	0.76194467973923	1	UP
FAM53B	-0.20659232387069	0.0626064464620406	0.141984582206991	1	DOWN
SLC3A2	0.440888490386772	1.31402669985867e-08	1.20795164374412e-07	1	UP
POLR2G	-0.0518547014080296	0.651366981344587	0.785864754642184	1	DOWN
BSCL2	0.104759238208974	0.636403052735452	0.77399937006228	1	UP
SPINDOC	0.251985650694218	0.0285383972469407	0.0749526225008098	1	UP
RIC8B	-0.748453366623581	3.62139352345358e-09	3.57220189811793e-08	1	DOWN
SRSF9	-0.261617708835454	0.0320575327098627	0.0823579387004846	1	DOWN
ATP6V1A	-1.10882853284416	3.47536843365666e-67	4.1506239037002e-65	1	DOWN
GPT2	0.0316803960145224	0.904575305346168	0.945221106277302	1	UP
TFPI2	-0.866550215839536	8.91518098398616e-35	3.69149800571874e-33	1	DOWN
RBM8A	0.12061564136359	0.803226923673986	0.885037138915004	1	UP
PHLDA1	-0.533286461562838	8.86503572555776e-14	1.28623123765096e-12	1	DOWN
BET1	-0.546807634630316	0.0262573505393644	0.0700114729663326	1	DOWN
STAM-DT	-0.83645161178754	0.19273736170191	0.340037555115896	1	DOWN
RUBCNL	1.99910886702364	2.14256231150883e-09	2.15764236680238e-08	1	UP
PDIA5	-0.0225080150310527	0.81342819227556	0.891541753348205	1	DOWN
ACOT2	0.499503134361682	0.0455322728710255	0.109939749862348	1	UP
RGS10	0.236906904063125	0.0361664773236167	0.0908468214503016	1	UP
CFAP69	0.688977032638595	0.0521920597731081	0.122911624840309	1	UP
GTPBP10	0.0512518030251536	0.827699623356224	0.900211560796365	1	UP
IGSF8	0.539845139040863	0.00420803253472419	0.0147240382952298	1	UP
TMEM64	0.296218443299561	0.0302285915722301	0.0785106716050139	1	UP
SLC16A2	0.181480295444481	0.00432512028714588	0.0150895986525448	1	UP
TRIM58	-0.554751520878251	0.0246822801564171	0.0665206323275613	1	DOWN
MATN3	0.265944129410847	0.464045371431785	0.630374098755473	1	UP
BORCS5	-0.635471081662535	0.219107545727848	0.373519304389894	1	DOWN
RNF24	-0.6446362518311	0.000677185240672241	0.00292381353837901	1	DOWN
FZD2	-0.290189137727206	0.00390624704203136	0.0137661583026857	1	DOWN
TIGD2	-0.387407998350088	0.00205928388619312	0.00785604842644582	1	DOWN
PRKAR1B	-0.570518512110997	1.36374371490913e-05	8.31187702410453e-05	1	DOWN
STAC3	-0.597310675396889	0.281115170462257	0.446466131261685	1	DOWN
ROR1	-0.434850442896081	0.00262516480237073	0.00974155435210164	1	DOWN
PARPBP	-1.53809806583864	3.86612782519113e-08	3.34948520394706e-07	1	DOWN
RPLP0P6	-0.0420894967662276	0.586653992828296	0.733858816511536	1	DOWN
PCDHA10	0.198578728151897	0.563200557041495	0.714683109396439	1	UP
RRAGD	0.0400603974220165	0.923166179372266	0.957633100485293	1	UP
UBE2H	0.2049444911926	0.000243981481410016	0.00116400673088681	1	UP
SLC25A43	0.535514188716367	0.0925389421864217	0.19454178841082	1	UP
ZNF516	-0.312909223658838	2.02018451954925e-06	1.41579468923406e-05	1	DOWN
CITED2	-0.13943723224838	0.411837281970912	0.581370415315219	1	DOWN
TXLNB	-0.23862550512781	0.742490315711856	0.847730706514342	1	DOWN
CEP78	0.0325965317174482	0.737515011502455	0.845054664702028	1	UP
DTWD1	-0.487142075387468	5.81194728310444e-07	4.36530406383276e-06	1	DOWN
ATP8B4	-0.666908886022088	0.00287749574406292	0.0105325965039142	1	DOWN
EEF1DP1	0.48115564082808	0.33068074278457	0.500160245366931	1	UP
UBAC2-AS1	-0.299201318796252	0.65599086669171	0.788990762760042	1	DOWN
SEPTIN6	0.0387464714582157	0.764782956102672	0.861006427129925	1	UP
TMEM255A	-1.56167292976468	0.027913351182373	0.0736356038584287	1	DOWN
GDAP2	0.26987673908618	0.000323575495597357	0.00150015703781758	1	UP
PRPF40A	0.0734547217498458	0.25907683126595	0.420996209223462	1	UP
SULT1A1	0.675518313457932	0.0141743475354707	0.0418796761879139	1	UP
RNF113A	-0.183977844736522	0.406583259483609	0.577561651705262	1	DOWN
KRABD2	0.259702796034758	0.520092438858285	0.679000436709827	1	UP
PIK3CA	0.216547702580696	0.000994233898724612	0.00410974658766286	1	UP
NIPBL	0.0147891504097369	0.798711173052555	0.88236183485838	1	UP
RNF180	-0.0388992935362256	0.768927647609581	0.863586961654314	1	DOWN
C5orf24	-0.208158263560716	0.810899391403165	0.889840314767039	1	DOWN
ADGRV1	3.74719887049508	0.00169623414556127	0.00662136132833763	1	UP
GFM1	0.0818236023039938	0.396666561738943	0.567491187376445	1	UP
HNRNPAB	-0.275664962988445	0.000100661973081233	0.000522134304736862	1	DOWN
STMN3	-0.657314676177199	0.257826349904152	0.419577543070372	1	DOWN
SERPINB1	-0.0473592856555075	0.594352363033201	0.739028222181448	1	DOWN
CRAMP1	-0.129219182601187	0.483814176509004	0.64773009678818	1	DOWN
PIGQ	0.113046913451333	0.488288237520288	0.651095077806137	1	UP
PHYH	-0.316549997386368	0.035371191736752	0.0891280020554147	1	DOWN
CLIC2	0.257139110251577	0.550169240251568	0.703148110982171	1	UP
EIF4E	0.0730674498951891	0.663238317116291	0.794270068836291	1	UP
DIP2C	0.158223864255207	0.0237708424121668	0.0644851593201093	1	UP
MED1	-0.247360130152434	0.00676522839316561	0.0221939422269322	1	DOWN
SAFB	-0.137566373920352	0.112652290193646	0.226700772258513	1	DOWN
FN3K	0.256407685625923	0.260672905366838	0.422971497356409	1	UP
SNHG10	-0.151324272861216	0.582901515867639	0.731524950569106	1	DOWN
MIR210HG	0.832345551048149	0.136189648833359	0.261018118738842	1	UP
G0S2	-1.62551483184903	1.39563700572568e-13	1.99686637324176e-12	1	DOWN
FAF1	-0.406278255708277	5.58178854033965e-05	0.000303168708234136	1	DOWN
ADSS1	-0.460749068579676	0.0553182269665168	0.128769209985809	1	DOWN
LPGAT1	-0.345470271738653	3.87589755116515e-07	2.9666628978754e-06	1	DOWN
BATF3	0.0370329133820909	0.952732167274306	0.972418220147291	1	UP
E2F6	0.272717314344786	0.213945468530067	0.366411525587503	1	UP
EPPK1	4.88706831051825	2.13955346798939e-294	3.43540968510163e-291	1	UP
RPL13P5	-0.824426322321141	0.0184873878500338	0.0524580624921395	1	DOWN
RPS8P8	0.097509032827128	0.670848905555971	0.799673144781765	1	UP
LOC100129554	2.81664850907506	0.000375708058738347	0.00171923912502465	1	UP
NDC1	-1.19564517641244	7.73409590046346e-32	2.9105578087916e-30	1	DOWN
MBNL1	0.218032589911066	5.56428472080201e-05	0.00030240495863223	1	UP
MSLN	0.850951924528215	0.12140342158432	0.240230158197317	1	UP
BAG4	-0.0386943138966616	0.617903153030595	0.758521785970534	1	DOWN
ANKRD49P2	0.0908652324079035	0.884607850986438	0.935695216996414	1	UP
GAK	0.17853282607421	0.207357478235449	0.358448632089127	1	UP
ZBTB7A	-0.243909637566656	0.00146435320448558	0.00580399565497014	1	DOWN
TUFM	-0.0218924481992287	0.759137083056781	0.857551770960918	1	DOWN
DANCR	-0.409348822233354	0.408968462264684	0.579638919756045	1	DOWN
ADAMTS15	2.51119034927443	0.00016786653399169	0.000830482465838382	1	UP
RPL35P6	0.0761186022905668	0.890748554524294	0.938618007979479	1	UP
LRFN4	-0.208434514173723	0.33871865846557	0.508817394333259	1	DOWN
PCDHB13	-0.0247365676486911	0.944008061657672	0.967713733348586	1	DOWN
PTPDC1	-0.0224250260637327	0.873323710772521	0.929479929647564	1	DOWN
TMEM154	-0.394821445838013	9.43046259237859e-05	0.000491097711432299	1	DOWN
ZNF557	0.120535055334707	0.25145049008166	0.411798621052818	1	UP
BTG2	-0.129997557451091	0.485932935279094	0.649303453325769	1	DOWN
WIPI2	-0.359460078030045	0.000440650184338293	0.00198560518050286	1	DOWN
UQCRHL	-0.50251501402651	0.00562086211538915	0.0189252279658641	1	DOWN
FLJ20712	-0.131324930719319	0.839750435294323	0.90818990723232	1	DOWN
INPPL1	0.0952411280024549	0.153276799083744	0.286361089018641	1	UP
SEC14L1	-0.4432151586288	1.53883844997801e-07	1.23887211368425e-06	1	DOWN
PIK3C2A	0.169385070421691	0.0059727163706731	0.0199058404687724	1	UP
PCDHGB6	0.159745392353413	0.269352533974043	0.433405352239049	1	UP
CCRL2	-1.36002236896794	0.0154618279324876	0.0450390799138033	1	DOWN
GCC1	0.212351123514791	0.0498628454585183	0.11853396606696	1	UP
COL6A1	-1.11966870307026	9.41121268383969e-93	2.06062779536617e-90	1	DOWN
SLC4A7	0.195135082275977	0.013504012982966	0.0401784005799551	1	UP
SMCR8	0.13798585765912	0.0638551208201533	0.144318165619649	1	UP
GLMN	-0.0734001610508571	0.540638352729451	0.695332789616104	1	DOWN
PDE12	-0.0612826526832536	0.479030493994461	0.643411996348541	1	DOWN
DNAH12	2.68174437403802	1.40300613532239e-06	1.00271224834539e-05	1	UP
LCORL	0.27093476967098	0.0287785045134119	0.0754769816194765	1	UP
AHNAK	-0.431095714019226	8.97847398802592e-23	2.22552191425322e-21	1	DOWN
PGM2L1	1.20069405149468	1.265468867449e-40	6.41659319421246e-39	1	UP
PCM1	-0.138994540481762	0.0597209867579648	0.136641542058162	1	DOWN
C8orf58	0.0548262296572335	0.732022026268019	0.84136246731879	1	UP
ASAP3	0.342533187186813	0.000128923764067776	0.000654170405387441	1	UP
POU5F2	-0.911644713908492	0.0475826141370869	0.114013655595265	1	DOWN
ABHD14A	0.154388038070435	0.674048166526014	0.801371456558406	1	UP
QTGAL	-0.0985384741354657	0.667635158265415	0.797491253156668	1	DOWN
PSAT1	0.872360218534386	1.8652269761886e-08	1.6814968829009e-07	1	UP
CCAR2	-0.305176188040897	0.00299214428814181	0.0109069645839145	1	DOWN
PARK7P1	-0.620072625971771	0.414181298288921	0.583593403039508	1	DOWN
GSK3B	0.0998159772029073	0.0923226674056602	0.194171862418745	1	UP
FOCAD	-0.342036809712143	3.26436699531417e-07	2.52129168622582e-06	1	DOWN
WDR97	0.774472890235648	0.236047494448524	0.394212682569701	1	UP
ARHGEF4	0.246373913056044	0.488824782290677	0.651601045003466	1	UP
ISCU	0.193741608417679	0.351952093673532	0.522182721321993	1	UP
SLIT2-IT1	-1.60151720396687	0.0024929137486368	0.0093040022163095	1	DOWN
AMY2B	0.794385794480172	0.209037774777015	0.360693120394346	1	UP
RETREG3	0.203884268906038	0.0158723232147893	0.0461325307274578	1	UP
NT5C3B	0.000278804059636378	0.998009788603019	0.998950311018341	1	UP
GNB5	0.133913108644449	0.134768024128798	0.259014857917976	1	UP
LNCSRLR	0.165292860022996	0.621175100762261	0.761051410014026	1	UP
P3H4	-0.181341787716526	0.413786845664023	0.583094461890863	1	DOWN
CERS6	-0.826238574264992	1.39787255378012e-17	2.66148304014183e-16	1	DOWN
HEXB	-0.130553206096894	0.0867303006207381	0.184617709773773	1	DOWN
SMARCAL1	-0.0625113579468799	0.629069649104027	0.76747028275241	1	DOWN
BARD1	0.21617282621658	0.270942973004884	0.435044100321509	1	UP
APTR	0.361529843660407	0.151297904593635	0.283507004575029	1	UP
STAT4	0.110778339051242	0.786840172983612	0.875067518838401	1	UP
CNOT9	-0.48906517029148	0.408961931815622	0.579638919756045	1	DOWN
MARCHF4	-0.157241927568308	0.067750258672118	0.15118267264836	1	DOWN
STK11IP	0.148794478546216	0.28676306746551	0.452650255373466	1	UP
XIAP	-0.175110451545771	0.555787005520242	0.708536699867363	1	DOWN
GID4	-0.0266558618741192	0.853943465757326	0.917329559078675	1	DOWN
COPS3	-0.447214933383607	0.000145734160621777	0.000732014026814494	1	DOWN
METAP1D	-0.64601884901253	0.00867854517170125	0.0276851338358178	1	DOWN
DYNC1LI1	0.25816466168183	0.0234768736710299	0.063831477219201	1	UP
RPL13AP12	0.246093661895862	0.644400977475135	0.781031495889724	1	UP
PPP1R12B	0.144820083980068	0.530714918301602	0.68765007481184	1	UP
UBE2T	-1.26364786444627	1.18528025783411e-08	1.09587236122589e-07	1	DOWN
NFKB2	0.212558416174888	0.119145600644192	0.236865191210513	1	UP
ATP2A2	0.408526807753683	8.91392698407083e-09	8.40830018582295e-08	1	UP
MSC-AS1	0.184051310675635	0.64299672838201	0.780049170739458	1	UP
MRPS33	-0.198519670066258	0.45015567934188	0.618129962197787	1	DOWN
ZNF506	0.403957838060641	0.00373563618038841	0.0132475284522191	1	UP
SFPQ	-0.0797277104586173	0.148664780906927	0.279697272345528	1	DOWN
LUC7L2	-0.165436539431444	0.156328593947229	0.290627060325394	1	DOWN
YARS2	-0.0809974427923307	0.521064892223644	0.679962864143388	1	DOWN
ALG10	-1.2109087641736	0.0092145612611949	0.0290678072005081	1	DOWN
FGD4	-0.55338163612184	0.00465132320763197	0.0160572132025007	1	DOWN
PRSS53	0.469812081412625	0.402960787208516	0.573939122407872	1	UP
MTMR1	-1.42152817579618	4.32209293036126e-22	1.03924400892929e-20	1	DOWN
LAMTOR5-AS1	-0.00924475743745808	0.977003690580632	0.985941364007033	1	DOWN
DDTL	-0.315505033568681	0.343820511014777	0.513704529019287	1	DOWN
DDT	0.116804295111025	0.583338918501497	0.731648936424466	1	UP
ADPRHL1	-0.00798016513402883	0.985513781843407	0.991897176585811	1	DOWN
ZNF677	0.097872572969217	0.562061783895793	0.71373944104377	1	UP
NBEAP2	0.388493269538046	0.0935030639094459	0.196226078500639	1	UP
DIP2C-AS1	0.674638063671229	7.90870581749108e-05	0.000416959897003151	1	UP
GLYR1	-0.160159161231297	0.329147061907485	0.498602974384671	1	DOWN
NMD3	0.114025541852999	0.11934744754682	0.23707083416791	1	UP
ADRB2	0.157315461530688	0.702012837753165	0.821493266939395	1	UP
B3GALNT1	-0.103682271206553	0.801655052997208	0.884003453441213	1	DOWN
GPRIN1	-0.201433083878752	0.302894661040812	0.469548460276848	1	DOWN
ZKSCAN3	-0.139541037414312	0.645551616795109	0.781901467966316	1	DOWN
SP140	-0.163735241786003	0.731403993625702	0.841066000531312	1	DOWN
RPL11	-0.00438414695961536	0.943703863447178	0.967600318993879	1	DOWN
MYO16	-0.111036347440509	0.640793179822059	0.778029091044242	1	DOWN
LSM4	-0.632318361995045	0.424760961539845	0.593179421647884	1	DOWN
LINC02175	-0.138002436652521	0.886608488802079	0.936511380620488	1	DOWN
HIF1A-AS3	5.28095231863208	0.000109904273647149	0.00056480322136378	1	UP
THUMPD3	-0.12572189856476	0.22246233158767	0.377767703146113	1	DOWN
CAMK1	-0.0834561042382453	0.672594587858711	0.80083966470698	1	DOWN
IRAK2	-0.216137855248792	0.377926140656799	0.548389462660046	1	DOWN
DNASE2	0.293809444537106	0.00298837846513436	0.010898606426555	1	UP
LENG1	0.313446157828637	0.195029981482846	0.343147707821932	1	UP
USP54	-0.371065341934558	0.000339444035414391	0.00156719033730778	1	DOWN
RAG1	0.183886076303898	0.674699839272124	0.801882340432722	1	UP
TFPT	0.150291008982778	0.364533074879308	0.535026149205858	1	UP
PRPF31	-0.0563430583074783	0.529090127623632	0.686344832521464	1	DOWN
NETO1	-0.836243646796158	0.303677211902564	0.470515261975106	1	DOWN
TPP1	0.151721968093589	0.0113012150046641	0.0345993993375215	1	UP
DCHS1	-0.477829609819507	0.0214515612518881	0.0593408330113007	1	DOWN
PKD1P1	0.732189852981706	0.0570308347563367	0.131755754991073	1	UP
VIM-AS1	0.51835018589127	0.0404843668376945	0.0998361066845603	1	UP
CEND1	-1.42750939855159	0.0650346467221229	0.146457173099797	1	DOWN
SCMH1	-0.591990189405267	2.11345575644321e-07	1.67718556487429e-06	1	DOWN
ZSWIM1	-0.269140144805895	0.230968998743494	0.388153622612191	1	DOWN
STAT3	0.295417349101335	3.86660031813311e-06	2.58208138619878e-05	1	UP
PPM1K	-0.106207290542122	0.177475322112217	0.319233604216607	1	DOWN
ADAM9	0.271269998266131	3.26842309537336e-09	3.23285298776457e-08	1	UP
SAXO2	-0.510866999469085	0.441212071686945	0.609555989287576	1	DOWN
TLE4	0.450821961560523	4.04777952240876e-14	6.01794875291451e-13	1	UP
SCX	0.969503376370121	0.0410286065634365	0.100988654990329	1	UP
EIF2B4	-0.0654517516798269	0.584670652608327	0.732409466092487	1	DOWN
ZHX1-C8orf76	0.708249261649065	0.0454286452613602	0.109780828206006	1	UP
CCN3	-1.34307591020453	1.97133221963608e-29	6.56399122257166e-28	1	DOWN
TSC1	-0.321164077235724	1.26838234502274e-05	7.77657754260654e-05	1	DOWN
SPACA9	-0.365159296374598	0.283298233307684	0.448798812708764	1	DOWN
CDK5RAP3	0.152456313589547	0.455001979528018	0.622771886580421	1	UP
RECQL5	-0.16575779664673	0.246637991029387	0.405987653305123	1	DOWN
BCL2L11	0.973622670721188	0.000427836936525026	0.00193148127763922	1	UP
PNKD	0.158915925695968	0.152358915361237	0.285088525946554	1	UP
AAMP	0.155469866640672	0.148901710458609	0.280106563113429	1	UP
C1QTNF5	-0.226356572926666	0.149994953752153	0.281686429717006	1	DOWN
ANKFY1	-0.0938219959399762	0.36732482383926	0.537540357397584	1	DOWN
DRG1	0.11518213265577	0.307552557445155	0.474757969390884	1	UP
YTHDF3	-0.193440716507978	0.687311760474574	0.810869642470248	1	DOWN
GREB1	-1.04678402391687	0.016419831461078	0.047466090106829	1	DOWN
TRIM11	0.538469112214826	4.84641584544408e-05	0.000266497547117627	1	UP
RNF216P1	0.146148201863163	0.471060958403199	0.636851146962731	1	UP
MICALL2	-0.262943483638655	0.0645798046095297	0.145637134271585	1	DOWN
RN7SL735P	-0.355890442942781	0.312991526025095	0.480663181996668	1	DOWN
BAG5	0.323884493426154	0.0334492336464625	0.0852513007804285	1	UP
FLT3LG	-0.102880119764956	0.770843957882516	0.864650202791288	1	DOWN
SFXN4	0.147796581537509	0.424342738861806	0.59276722274451	1	UP
CRYBG1	-1.57473107069536	7.96696381650868e-27	2.41870996034384e-25	1	DOWN
LGALS8	-0.0341320958515285	0.696780184384961	0.81836560830194	1	DOWN
ALDH5A1	0.0811221627127332	0.803444386622339	0.885145299651353	1	UP
GPLD1	-0.0564820564299487	0.913209949253338	0.951383089909055	1	DOWN
WASF1	-0.245834973459947	0.0993761067343725	0.205886765066231	1	DOWN
VNN1	-0.306561079950205	0.707685310375164	0.825196272189056	1	DOWN
OSBPL7	-0.905155851614742	0.00193789108829128	0.00745195958405995	1	DOWN
ZNF18	-0.302284424916909	0.336608353380021	0.506384271777502	1	DOWN
SLC36A1	0.210898200460018	0.731750187123131	0.841317682720691	1	UP
H1-10	-0.604258931030205	2.49387365509761e-08	2.21369583475526e-07	1	DOWN
AGGF1	-0.243121907340079	0.0225121562581421	0.0616492647501254	1	DOWN
WDR41	-0.203491568307785	0.0221206676574191	0.0607614081576437	1	DOWN
F2RL1	-0.159335971177572	0.223190180576093	0.378707980285049	1	DOWN
NDUFS4	0.279095641683349	0.0396695588599115	0.0982122314690048	1	UP
IFT70A	-0.639689763606722	0.00138146154102665	0.00552393490021475	1	DOWN
SIPA1L1	0.522329376023856	0.000616338604583148	0.00269491956878399	1	UP
BDKRB1	-0.82530086326655	0.0286278489206068	0.0751091221408295	1	DOWN
SLC2A4RG	-0.241251016549478	0.256438581977396	0.418166773657792	1	DOWN
SPIRE2	-0.539001172129345	0.0874575628282314	0.1858328540554	1	DOWN
MARCHF5	0.276560793968862	0.000792866880321791	0.00337786535599357	1	UP
TACC3	-1.80963184835974	4.59980701692552e-51	3.53573463838248e-49	1	DOWN
TOR2A	0.368477662507091	0.236140385763612	0.394236349738351	1	UP
ST6GALNAC6	-0.301121520810101	0.217021931651772	0.370345130043583	1	DOWN
ATOX1	0.202108429447337	0.135168346542206	0.259611612956063	1	UP
ZFP69	-0.558623279586939	0.052894350349352	0.124091359524893	1	DOWN
RN7SL587P	0.334222733269885	0.61140017533296	0.75278242649714	1	UP
COX19	0.0848963580004983	0.652857742568237	0.786990927415215	1	UP
FAM111A	-0.457217293732545	0.490408761555888	0.65321781119615	1	DOWN
PCLAF	-2.44675537411486	1.14302240430625e-39	5.50593892154321e-38	1	DOWN
GPR155	0.589542495388886	0.00125581760910831	0.00509055267018911	1	UP
ABRAXAS1	-0.135566981853781	0.414527427042536	0.583967230277997	1	DOWN
CGGBP1	-0.00122772181572206	0.986601443327194	0.992508002611993	1	DOWN
STARD7	-0.656992852049417	1.86893327008847e-20	4.20684652430662e-19	1	DOWN
REST	0.824055434047995	0.000713200397215399	0.00306336837515329	1	UP
NOA1	-0.136105702800162	0.268863016904349	0.432717461438152	1	DOWN
RAP1B	0.174513200577561	0.00361011783115273	0.0128465434075322	1	UP
HELB	-0.681294755965931	0.0545471966562684	0.127210639335606	1	DOWN
NDUFAF7	0.170521624874172	0.233403854460145	0.3912445308901	1	UP
ZDHHC4	0.0341034075422363	0.80861047757642	0.888475517902741	1	UP
IL6	-0.805703808649314	0.00126801453954205	0.00513279498905383	1	DOWN
NUP42	0.132106935854474	0.262111889384235	0.424496123892366	1	UP
KDELR2	-0.280034623310192	0.00090286832054548	0.00377732317986874	1	DOWN
GMPR	0.414820997280727	0.0558233426051253	0.1296953315528	1	UP
PIM1	1.05388231272762	9.04841735760855e-19	1.87871665567243e-17	1	UP
FAM219B	-0.28591844289846	0.703872315388964	0.822350944270832	1	DOWN
CTAGE15	1.35628280487844	0.0315067028218798	0.081231643618017	1	UP
ESYT3	1.46946750284904	2.06160810484376e-05	0.000121750301279514	1	UP
ITPRIPL1	-0.680183895026702	0.0406720316662135	0.100213389532558	1	DOWN
MT-ND4	0.418416816620519	2.68488324717811e-24	7.14534950367788e-23	1	UP
SMC5	0.0413059244959495	0.559918939336235	0.712144744969894	1	UP
MT-ND1	0.443852650495277	1.21515365421958e-27	3.80915085837899e-26	1	UP
AGAP6	0.268934388076145	0.0410804538963298	0.101064630448734	1	UP
HSPA12A	-0.381186351016872	6.90816193607999e-07	5.13792321864601e-06	1	DOWN
ZFYVE1	0.265172932705784	0.00301388745428236	0.0109679394615549	1	UP
ASAH2B	-0.0624797940871223	0.720692605336579	0.834045714720822	1	DOWN
ZNF233	-0.497366578148086	0.31641750225214	0.484543943892501	1	DOWN
CSRP1	1.02714252443526	2.17442905986205e-42	1.17687918891635e-40	1	UP
ARID4A	0.454744535719364	7.99771118755283e-09	7.60361344548197e-08	1	UP
RNASEH1-DT	-0.206955775055498	0.484163535913599	0.647888738995508	1	DOWN
PSMB8-AS1	-1.00465828422597	0.0786664990276172	0.170846044101006	1	DOWN
SLC38A1	0.300112379931501	5.42333094614053e-10	5.72898797534187e-09	1	UP
ZNF562	0.00346714401307153	0.972335406616024	0.983689919633317	1	UP
ZNF561	1.02247095625213	2.39369640147248e-31	8.8018592106053e-30	1	UP
TSPAN31	-0.626182941121734	0.0389215681385271	0.0966252501580236	1	DOWN
TROAP	-2.41148736315021	2.24442280975221e-32	8.58046402744158e-31	1	DOWN
TFCP2	-0.164072928512187	0.109863669521364	0.222016485561912	1	DOWN
B4GALNT1	-0.84786484230428	0.00603014338378641	0.0200787101472575	1	DOWN
PQBP1	0.123357535039278	0.341460472398085	0.511235524930038	1	UP
SLC35A2	0.576665462437426	0.0885405056484442	0.187664835307373	1	UP
APOBEC3F	-0.130995625344552	0.532170997094155	0.688425662788259	1	DOWN
TMEM33	0.624639812563654	0.477317796279706	0.641708016935346	1	UP
RPL21P16	0.0165585274537625	0.807539005050847	0.887573257744397	1	UP
AOC2	0.861441654842156	0.0649663144842196	0.146348902667414	1	UP
NUP37	-0.898212419242864	8.97382647610199e-09	8.45928026132745e-08	1	DOWN
KCTD1	0.38367731377287	0.0029523949995647	0.0107848989228285	1	UP
PDIA6	0.177785849330174	0.000225683359814475	0.00108530789773011	1	UP
RHOB	0.235991800251892	0.00115295419985912	0.00470260828172852	1	UP
CABLES1	-0.664250413870381	0.0379180352703555	0.094608220396826	1	DOWN
CDK8	0.336200014022071	0.00128777254203716	0.00520693928510884	1	UP
STON1	-0.0844260918649939	0.727598710046371	0.838546053024971	1	DOWN
KHDC4	0.155437794880483	0.0891922121282152	0.188824590897281	1	UP
PEX26	-0.256959421688015	0.108742087513274	0.220161556853247	1	DOWN
DPM2	-0.127753885964066	0.444251895868968	0.612525918061488	1	DOWN
NES	-0.672440986502516	5.78924741561412e-17	1.0576537851206e-15	1	DOWN
TNFSF9	0.947127713275569	0.154331873856581	0.287774181819542	1	UP
MAST4	0.282821931215323	0.00811108061465398	0.0260763572775005	1	UP
ZHX3	-0.120947629336002	0.653011440315307	0.787044897747832	1	DOWN
MTCP1	0.100816135385604	0.835880330277074	0.905631028102714	1	UP
CCDC40	0.550028607849514	0.0329910039962506	0.0842468631825088	1	UP
C17orf75	0.371835061649663	0.0679441997251407	0.151429386674224	1	UP
CYTH1	0.302341742171117	0.00554631995328582	0.0187091198984438	1	UP
NPEPL1	-0.0759908741939193	0.501837047650193	0.662711402512226	1	DOWN
CPSF3	-0.239491036483708	0.00647447755867254	0.0213613413699491	1	DOWN
CCDC106	-0.0655737844953508	0.763658897156529	0.860354444256504	1	DOWN
MAP3K13	0.136482212552148	0.388274124346104	0.558470127493336	1	UP
AMT	0.299551227762807	0.252012019502293	0.412437790920457	1	UP
TCTA	0.124748892611926	0.693799025467645	0.816456817347959	1	UP
NICN1	-0.030430551770158	0.874228113138971	0.929888890252559	1	DOWN
GTF2H5	-0.0581175950010774	0.587090719098966	0.734108966537857	1	DOWN
PPP1R3B	1.4268567514576	1.067245506868e-55	9.29082218057197e-54	1	UP
RTEL1	0.0922237453778611	0.585549062577715	0.733065018046484	1	UP
STAT5B	0.602162573469877	4.70946942976986e-20	1.04221351806438e-18	1	UP
TCTN3	0.094257793210765	0.435053176323835	0.60393404909277	1	UP
DENND10	0.868892598065182	0.0125829912874885	0.0378353739274857	1	UP
PROSER2	0.127049707111018	0.628615533365982	0.767045771567323	1	UP
USP6NL	0.446061329974873	3.5358469454147e-05	0.00019964535694273	1	UP
EHD4	0.0540607723296901	0.599071476830004	0.743616381349458	1	UP
EMC2	0.178652128293062	0.0830158000109333	0.178388301257695	1	UP
CCN4	-0.698733556026228	0.0698171471211956	0.154743495866319	1	DOWN
TESK1	0.493166418793722	1.19323216252661e-05	7.34699530493057e-05	1	UP
MCM2	-2.5236516116875	2.81056709837733e-33	1.10368220485464e-31	1	DOWN
CASP4	-0.117254143504052	0.305018047977146	0.472029964801642	1	DOWN
SLC39A10	0.29949233973088	0.00151777716394284	0.00598618935484115	1	UP
METTL2B	-0.0546222793477051	0.565294764874218	0.716153004014356	1	DOWN
DENND1B	0.662444878848278	1.16496555605667e-11	1.4376530529953e-10	1	UP
KLF13	0.164323148240102	0.0990441066678848	0.205320095460853	1	UP
CYB5R3	0.0693123008114354	0.419015594286434	0.588282750707593	1	UP
SUN2	0.103147932870951	0.227835021206795	0.384317017796124	1	UP
SBF1	0.0580731485689021	0.463503506728752	0.629934089695965	1	UP
DNAL4	-0.251397668025966	0.222256088854224	0.377461833356727	1	DOWN
EOLA2-DT	0.501047631077713	0.124530553691551	0.244709142153468	1	UP
DICER1-AS1	-0.461771759317116	0.495411318996418	0.657168071490475	1	DOWN
SYT14	0.491452974880882	4.5364422662658e-05	0.00025069264699735	1	UP
MPV17L	-1.60350675661854	0.00129000941767304	0.0052143876033289	1	DOWN
TENT4A	-0.411345451546045	8.7791808737874e-05	0.000459001240257242	1	DOWN
VAMP4	-0.446330554438725	0.00109985726413446	0.00450766798752328	1	DOWN
ST3GAL6	-0.474167136320406	0.000381322494056061	0.00174162179570295	1	DOWN
ZNF415P1	0.528796983118202	0.180801769427343	0.324043950141949	1	UP
PARP1	-1.02456485790934	1.28150376947801e-29	4.29675428601548e-28	1	DOWN
CINP	-0.0775913947888512	0.607671324475318	0.750231380605965	1	DOWN
ZNF827	0.373923591404429	1.44453020548323e-05	8.74891282457593e-05	1	UP
MMAA	-0.138010991338517	0.566226009326339	0.716989452238509	1	DOWN
EDNRA	0.691951128912481	0.333303029038009	0.502982672580228	1	UP
RAI14	0.153560307392497	0.00357993889358948	0.0127611487299609	1	UP
CDK20	0.459278070587416	0.0545515418976367	0.127210639335606	1	UP
HNRNPH1P1	-0.148676450164234	0.742716145747992	0.847854571625265	1	DOWN
CPNE2	-0.497955062884018	0.000146183904012662	0.000734017928035781	1	DOWN
TSSC4	-0.38736073683499	0.302030388906247	0.468912886773117	1	DOWN
ZBTB5	0.367208618406176	0.00147368938528839	0.00583459871419247	1	UP
ABHD15	-0.30227395692678	0.03262386026976	0.0835011343886471	1	DOWN
LYSMD4	0.34955515229099	0.0606586798319598	0.138458155465432	1	UP
KRT8P33	0.656388484036217	0.0631192380430684	0.143005273803941	1	UP
C2orf92	0.0240364487140968	0.936165892444497	0.963786687768075	1	UP
ZFTRAF1	0.200333525552758	0.24217243521027	0.401325897216685	1	UP
COL14A1	-0.834951748062225	2.69483749810092e-05	0.000155897104423765	1	DOWN
PMS2CL	0.204691347386073	0.216906103354902	0.37029062015141	1	UP
LOC100288637	-1.07236066823142	4.39465788451902e-17	8.12112545897498e-16	1	DOWN
CDRT4	0.602603269618204	0.28473421731559	0.450382462174649	1	UP
IFITM1	0.474530342262826	0.54974606277578	0.702838780865641	1	UP
ATP6V0C	0.388743651887078	0.12656306556359	0.247558589666952	1	UP
TRIM69	-0.433759513063622	0.00239515687194518	0.00898090606032169	1	DOWN
TAS2R1	0.845469116327041	0.141890128427462	0.269725630874145	1	UP
RN7SL615P	-1.18150666008811	0.161606757302694	0.298051778483597	1	DOWN
FANCL	-0.497343270587147	0.00315645659280088	0.0114091931522175	1	DOWN
LAMTOR3	-0.125572519074066	0.475197085931556	0.640226840275678	1	DOWN
ANKRD33BP1	-0.300413132701579	0.204301086719557	0.354393814956563	1	DOWN
NDUFC2-KCTD14	0.723800310964042	0.0235547524052762	0.0639830313926027	1	UP
RPL21P75	-0.00191666088103374	0.97103532031291	0.98300745455985	1	DOWN
BRAF	-0.313557798828168	1.87484502916717e-05	0.000111495413648127	1	DOWN
NCAM1	1.18689000538557	0.000720027926494137	0.00308757375838777	1	UP
TTC12	0.210636922237213	0.375159611126112	0.545854967819517	1	UP
NDUFA12	0.034993919530363	0.9014927479411	0.943472747718485	1	UP
DCAF13	0.280046299971031	0.00081624946910574	0.00346522358344508	1	UP
SLC25A32	0.489363101790453	0.000327750086113178	0.00151756375982747	1	UP
CTHRC1	-0.0597417532819501	0.556081085595936	0.708782213865603	1	DOWN
FZD6	-0.106368470201493	0.364898781846728	0.535132448789548	1	DOWN
COG1	0.00457166267501884	0.964115610900953	0.979020075407889	1	UP
RPS6KA4	-0.45091302578714	0.0139889738644136	0.0414421199907013	1	DOWN
ZFPL1	-0.0914356885964973	0.524152993275837	0.682206152015592	1	DOWN
KCTD18	-1.19991035697753	3.5539016829986e-13	4.93821473278969e-12	1	DOWN
PLEKHA7	-0.490519386504683	0.00661922137399322	0.0217792277039108	1	DOWN
TTC19	0.540983174440748	0.0305638857270529	0.0791374367037018	1	UP
CDV3	0.00882754708775392	0.961280521561398	0.977583730970004	1	UP
PPP3CA-DT	-0.13900172218512	0.792028404088638	0.878420312319183	1	DOWN
PRCD	-0.846291518457787	0.243014441790009	0.402169870543164	1	DOWN
PABPC4L	1.73754184273253	6.88307234898935e-27	2.09846579146087e-25	1	UP
PIKFYVE	0.228767533238421	0.00204772823588649	0.00782022218202845	1	UP
FABP5	-1.01048521645783	0.0322290501607496	0.0827103540886153	1	DOWN
SYNJ2BP-COX16	-0.405268953567658	0.339314799774941	0.509342284361449	1	DOWN
BCL2L2-PABPN1	-0.263837804934055	0.485653843335516	0.649119402464141	1	DOWN
MACIR	-1.10648951864533	9.74590500116009e-31	3.44347367168128e-29	1	DOWN
LIMS3	0.83931634187134	7.78215438699666e-10	8.07901674184545e-09	1	UP
C8orf34	0.918412707197901	0.000378848764078611	0.00173196567216071	1	UP
LRRK1	-0.154594129405096	0.332608150020804	0.502301220185039	1	DOWN
JAG1	-0.102310061352902	0.326369566346902	0.495833326669374	1	DOWN
ZFAND2A-DT	-0.927533207628018	0.0280763386915967	0.0739845314427906	1	DOWN
C1R	0.212249254737875	0.144407148069001	0.273502974671708	1	UP
PTPRN	0.120311063627781	0.588275149586847	0.734949787038949	1	UP
POP1	-0.399816164925421	0.00136461355531617	0.0054626123235108	1	DOWN
HECTD2	0.45856325501127	3.33232736564946e-06	2.25693967220735e-05	1	UP
KCNJ8	-0.134914737916543	0.234860716436479	0.392866328651876	1	DOWN
RNMT	0.747688042617541	0.00325367462932568	0.0117067255085044	1	UP
CCPG1	0.0738834957572859	0.582964596312694	0.731540585386831	1	UP
PSAP	0.313004993124598	2.2192483488463e-09	2.23020569465771e-08	1	UP
S100A10	-0.874143863300256	9.85419056056736e-17	1.76241222513315e-15	1	DOWN
UCP2	-1.3881822844958	2.78382587633806e-06	1.91293712501005e-05	1	DOWN
DIP2A	0.051373007125555	0.552534152477569	0.70551903864588	1	UP
GATD1-DT	-0.18092536722185	0.563041705193586	0.714607033352583	1	DOWN
DDX18P3	0.191761488116669	0.778922671356674	0.869810024246604	1	UP
CLCC1	0.0179531653264734	0.932376326544922	0.962078926603329	1	UP
GPATCH3	0.19071114927138	0.246138666073253	0.405535271169146	1	UP
SLC5A3	-1.2755212709214	4.04920904495312e-128	1.6254199974616e-125	1	DOWN
SMURF1	0.82990282072721	5.37748543254621e-30	1.83711683181384e-28	1	UP
ZNF652	-0.332256758040982	0.0367911089300714	0.0921914886680183	1	DOWN
ASTE1	-0.731048136835245	0.00120651521417041	0.00490721963410543	1	DOWN
COG8	-0.552212487650983	0.000651035497100486	0.00282875962248974	1	DOWN
DAPK3	0.611261752599027	1.18710192819519e-05	7.31429806368353e-05	1	UP
ATCAY	-0.134136651269904	0.923173948021633	0.957633100485293	1	DOWN
PSCA	-1.52889447164947	0.103571611100172	0.212480600796222	1	DOWN
ZNF485	-0.287506778335126	0.649835033950527	0.784777039267588	1	DOWN
BCAS4	2.13229242339567	3.40685797563052e-15	5.54420096912575e-14	1	UP
EEF2	0.117506135476005	0.0291675638524252	0.076275871377379	1	UP
PLA2G12A	-0.0587132052852904	0.633262426152643	0.77095832521751	1	DOWN
CBX4	0.410600589290983	0.0023301554137405	0.00876903017811562	1	UP
EXOSC9	0.561256685989314	0.00168187116105867	0.00657061912637438	1	UP
ZNF365	0.697395456454856	3.06042872271717e-08	2.68689279902709e-07	1	UP
SOCS3	-0.793655972028509	2.72697208628782e-07	2.14054718190903e-06	1	DOWN
NT5DC1	0.070977351936125	0.490583732055979	0.653244264144731	1	UP
DPH6-DT	-0.455377790145853	0.272867607866812	0.436681154556839	1	DOWN
RPS3AP5	-0.215928858102317	0.249266159907611	0.408823660972068	1	DOWN
ISY1	-0.203938442092565	0.157166635925775	0.291854928779668	1	DOWN
LRRC2	1.31841606813264	1.62540108229581e-42	8.93105362747405e-41	1	UP
VASH2	1.26995407964038	0.0470956180754368	0.113071735638501	1	UP
CYP27A1	0.0249928216522284	0.917629528604152	0.9540732655485	1	UP
TMBIM1	-0.194848888730024	0.142317327868295	0.270366429128905	1	DOWN
DNAJB2	-0.0136683009919825	0.941295207188192	0.965960590759591	1	DOWN
HNRNPC	-0.340185294926771	2.04352429193088e-05	0.000120781061524307	1	DOWN
LOC105372295	0.054817208202443	0.866325332748097	0.924955107760824	1	UP
NEDD8	-0.460917561574756	0.0347138196690029	0.0877930360582361	1	DOWN
ACER2	0.422717502680123	0.199749923485171	0.34862151501017	1	UP
NEFL	2.15827641638823	9.85598647362691e-252	1.09560661946448e-248	1	UP
VEGFB	-0.162204688893466	0.0675304736946089	0.150901944543187	1	DOWN
EIF3FP3	0.0296916630584632	0.76664097858011	0.862054106166497	1	UP
PEAK1	-0.0891999939774796	0.199596056141225	0.348479232487235	1	DOWN
SIGMAR1	-0.321980060129204	0.0016345330639529	0.00640299195098492	1	DOWN
ADPRM	0.337102023189752	0.130230773339945	0.252544941698275	1	UP
HOTAIRM1	-0.497302745867492	0.213314612352143	0.365714730466345	1	DOWN
POLR3C	0.148231515822518	0.130775194130057	0.253328730613064	1	UP
PPCS	0.0923794820089695	0.610988094617358	0.75268571821145	1	UP
HIVEP3	1.43187975493729	0.000577963361131454	0.00254871789188607	1	UP
ARMCX1	-0.225108410651025	0.0202146085513255	0.0564594720091235	1	DOWN
H4C9	-2.66590788030914	2.88671830384514e-16	5.03208277549652e-15	1	DOWN
LLGL2	0.483791752477059	0.532088038062162	0.688379967595014	1	UP
CYTL1	-1.63882800069974	1.96694178536705e-06	1.38048935115781e-05	1	DOWN
TSEN34	0.0929856713072081	0.457586566886916	0.625053820682934	1	UP
GSTA4	-0.503517297071162	0.0208874375685682	0.0580183803517555	1	DOWN
NDUFA5	-0.207636572296499	0.41161877074195	0.581286314471995	1	DOWN
SMO	0.189597828617327	0.296981108020237	0.463814329622873	1	UP
KLHDC10	-0.164438957056571	0.0297540094769028	0.0775568526245892	1	DOWN
LRRC17	-0.236356467233265	0.3608090942817	0.531341304541409	1	DOWN
TADA2A	0.153895259218656	0.33414787420156	0.503970957146251	1	UP
MPP1	-0.511380727188268	0.0177427812976007	0.0507021816356788	1	DOWN
FZD1	0.0748378784988211	0.723313873787887	0.835740688423183	1	UP
NCBP2AS2	-0.225922768010789	0.361694625253784	0.532265685289453	1	DOWN
EIF5B	0.0499130127051399	0.387826771073999	0.55805864042817	1	UP
MITD1	-0.103147842568809	0.490072258278234	0.652902572543446	1	DOWN
RPSAP16	0.337779183444315	0.519813298308211	0.678819986793056	1	UP
ZNF510	-0.0491819134065437	0.686241599378617	0.810136210491005	1	DOWN
CCDC62	0.663088919156143	0.396069813604973	0.567030401863034	1	UP
HIP1R	0.570329418826595	0.00131925287479967	0.00530897334829575	1	UP
WIPF3	1.76369236970991	2.74705327348565e-31	1.00500422418079e-29	1	UP
NSRP1	0.246514763202381	0.637003854859505	0.774534514646589	1	UP
FAXDC2	-0.39742608003233	0.0921360690596957	0.193835832578492	1	DOWN
GON7	-0.922485055336988	1.44004745168611e-05	8.72541959090817e-05	1	DOWN
RPS13	0.0154539607042178	0.81262216634909	0.891121788276726	1	UP
CRTAP	-0.219200617497837	0.00172915473235924	0.00673712996422847	1	DOWN
HSPB2	-0.169648409556772	0.418716880152748	0.588007226205824	1	DOWN
FAM171B	-0.746694669111459	2.56819403184717e-21	5.98596321842314e-20	1	DOWN
GSTM5	0.201295418508754	0.390101580544673	0.560484981154411	1	UP
PHOSPHO2	-0.00901227468864728	0.979996562085784	0.988139956508859	1	DOWN
GULP1	-0.388115875432891	0.0144176233117961	0.0424422641024171	1	DOWN
BNC1	-0.508209460011606	0.000125474022706093	0.000638010240016098	1	DOWN
DPM3	-0.317170152309661	0.0567715046760284	0.131383522960926	1	DOWN
TXNDC17	0.261153295752066	0.0275710804125125	0.0729057059544773	1	UP
MRPS31	-0.252636211923508	0.143314502613217	0.271754084406718	1	DOWN
SLC38A4	-0.63513280232425	3.25693804822848e-09	3.22369943390067e-08	1	DOWN
TCF7L1-IT1	1.09191814826082	0.0560479338323191	0.130049565159095	1	UP
SLC22A1	0.868811158653395	0.150230024755019	0.281965302358956	1	UP
PIANP	0.181300004216015	0.417504376370174	0.586845223511855	1	UP
URB1	0.995034177878407	3.85675686564683e-64	4.0681747055082e-62	1	UP
AKT1	-0.117865444520233	0.211602141880868	0.363901291481664	1	DOWN
VTN	-0.16821325749239	0.775103759917184	0.867153707096325	1	DOWN
MB21D2	0.199352201392625	0.0607503149244388	0.138623527707732	1	UP
ZNF711	0.744851082047242	0.133922931846927	0.257905155666304	1	UP
NPHP4	-0.163839631804497	0.292415467314205	0.459182397411439	1	DOWN
SPCS2	0.157371461651468	0.317577262456502	0.485816310389489	1	UP
USP35	0.406826062973358	0.0124056702517807	0.0374189815922527	1	UP
ZNF215	-0.154416649505352	0.651594401569394	0.785928149929095	1	DOWN
GPS2	-0.250059712603421	0.159860543990257	0.29564176109588	1	DOWN
HERC5	-0.161009132567614	0.56730302221027	0.718060433910888	1	DOWN
FAM13A	0.0628942996592614	0.52091256022905	0.679825468063759	1	UP
HERC3	-0.341509325396537	5.72059250861481e-06	3.72379650189156e-05	1	DOWN
CCNE1	-0.677934580450357	0.0102801265510437	0.0318725828768789	1	DOWN
POP4	-0.0324549417031864	0.912165724688513	0.950581011572344	1	DOWN
URI1	0.00437948280539816	0.961778364068515	0.977883567097313	1	UP
ARHGAP27P1-BPTFP1-KPNA2P3	0.167104003412191	0.200666271180402	0.34967753250387	1	UP
PNRC1	-0.0291393632366971	0.734093542979684	0.843005863763463	1	DOWN
ELOVL1	0.252092856682259	0.0321670670783896	0.0826099673626814	1	UP
MCRIP2	0.433389059739171	0.0482135039141919	0.115315019044023	1	UP
PPT2	0.0547359383655633	0.720330331929755	0.833893585413514	1	UP
XPNPEP1	0.0263276898646067	0.832970999222602	0.903562821630823	1	UP
SIRT6	0.564443892548118	0.00066429431612568	0.00287675072290447	1	UP
UBA52	0.117142789749509	0.323454042445768	0.492780434750842	1	UP
NDUFB3	0.306470724128095	0.0830057792326124	0.178388301257695	1	UP
PLPPR2	0.438087517983471	7.12862722091559e-07	5.29372003954014e-06	1	UP
LOC100131496	1.20357367235208	0.124585670538447	0.244750887024347	1	UP
MYDGF	0.464919395909617	7.76284479212094e-10	8.06476420495613e-09	1	UP
DCAF5	-0.160403658800229	0.277200076197555	0.441801952258836	1	DOWN
RAB15	0.229011962354934	0.2288216677765	0.38548635125183	1	UP
HMGA2	-0.33302655065349	0.000210504148449779	0.00101977722066636	1	DOWN
DGKE	-0.235377454046052	0.240671151505482	0.399625279835197	1	DOWN
E2F1	-2.06511903202549	1.02185008189902e-22	2.52423171513209e-21	1	DOWN
PXMP4	-0.594471310485308	0.00744872853183947	0.0241619699244921	1	DOWN
HS2ST1	-0.174610659216337	0.0596141704589986	0.13641874541615	1	DOWN
ADAM10	-0.0746493815319287	0.200148789969764	0.349174769091557	1	DOWN
NCAPG	-2.44181908164472	3.57944438748395e-78	5.44490008879269e-76	1	DOWN
TMEM62	0.500781977276702	0.000265544581264116	0.00125609975248699	1	UP
ERI1	-0.597869398624497	0.104719613429015	0.214015433978602	1	DOWN
CTSH	0.158196165923408	0.343026503196266	0.512836333301184	1	UP
CCDC149	0.230055363806704	0.0393009380493517	0.0973830342508884	1	UP
TMCO6	-0.42454429485567	0.173576795043378	0.314274071857869	1	DOWN
LYAR	-0.963146171043489	4.51559342589058e-07	3.42545095000235e-06	1	DOWN
ASMTL	0.423232078506209	0.0020464101388487	0.0078172542734609	1	UP
SRRM1P1	-0.427606238601037	0.201205102966746	0.350230660439948	1	DOWN
RPSAP21	0.251615122465414	0.737240664136716	0.844941298869037	1	UP
CLIP2	-0.110543148782532	0.439230588066575	0.608097454315968	1	DOWN
TIMM8B	0.470375464911915	0.261197395044019	0.423632273376108	1	UP
ZCCHC8	0.217339697176143	0.038218276338915	0.0951735845896365	1	UP
ZNF320	0.149926078057917	0.287024205690119	0.452963502940691	1	UP
OBSL1	-0.320935522342235	1.4387192758553e-06	1.02569966726122e-05	1	DOWN
CADM1	2.54062434390994	2.51635905218108e-20	5.62908740914378e-19	1	UP
FER	-0.809599651032672	5.47982142812513e-22	1.30674751580588e-20	1	DOWN
PELO	1.20099415486348	4.42947654993966e-68	5.37902232127546e-66	1	UP
SLC30A6	-0.0526624484707741	0.773906252348449	0.866296550847393	1	DOWN
RASGRP3	1.47946954453973	3.77383781457955e-35	1.58996298129706e-33	1	UP
SCARNA7	0.552627800250258	2.32090701868241e-07	1.83275559163822e-06	1	UP
GATAD2B	-0.0170354063062923	0.794754777714321	0.879724361653759	1	DOWN
LTAP1	-0.0417595147530532	0.544471121236646	0.69833604091513	1	DOWN
TNPO3	0.012466148705322	0.870245923265713	0.927907019634975	1	UP
HIC2	0.00910087610843294	0.969215041602456	0.98199274640854	1	UP
ALDH4A1	-0.208694266219758	0.143736279736422	0.272410882422431	1	DOWN
STX1A	0.197302233220206	0.476572763074124	0.641362730413873	1	UP
PLEKHA8	0.545186804489276	1.85969401094198e-13	2.63474883844339e-12	1	UP
FKBP14	-0.103347206950122	0.299847337454587	0.466576275821712	1	DOWN
LYSET	-0.752933871772934	2.78367062603153e-05	0.000160458014426732	1	DOWN
ING1	-0.645528186487125	0.0127843395608847	0.0383530186826541	1	DOWN
LINC01569	-0.885770101551913	0.168243577413702	0.307252321229754	1	DOWN
VAMP1	0.130077453265619	0.573741367545356	0.723800654945259	1	UP
TUBGCP2	-0.213926417467977	0.0270570787737267	0.0717434578640596	1	DOWN
OST4	-0.504787848115386	1.06892897273198e-07	8.76679488362647e-07	1	DOWN
VSTM4	0.400444329151822	0.000373337657574576	0.00171001663696044	1	UP
SAPCD1	-1.10572433806838	0.362039957462211	0.532611160061734	1	DOWN
HAAO	-1.49295843765727	0.00581166054345117	0.0194588291272968	1	DOWN
YWHAE	-0.0833671508267079	0.367217171508108	0.53743724381848	1	DOWN
FAM20A	-0.870989761354129	0.292276491769814	0.459182397411439	1	DOWN
GGT5	-1.26345753863976	0.000197281473746853	0.00096087447829989	1	DOWN
CHEK1	-0.0287610836103686	0.859528117745697	0.920622652649205	1	DOWN
FEZ1	-0.237874728727184	0.154070191416189	0.287545955851136	1	DOWN
PTER	-0.0562361980861576	0.927111069396555	0.959274338130572	1	DOWN
METTL25	0.220128766539077	0.362206109201645	0.532747123060862	1	UP
ZNF319	0.248589937878909	0.16651183305135	0.304628750401957	1	UP
API5	-0.639246140883434	0.000287893548471687	0.00135278123246543	1	DOWN
RPS4XP17	0.467854330543838	0.27425634241117	0.438224323194606	1	UP
L3MBTL1	0.323530113995709	0.0873787717662911	0.18574737140257	1	UP
FBXO33	-0.255692163610006	0.0259658153339814	0.0693461462560276	1	DOWN
TCF12	-0.281736056770396	0.134251764162076	0.258241557806151	1	DOWN
TEN1	0.637235457837561	0.20513383912003	0.355399725347507	1	UP
MCOLN1	-0.0237549074719147	0.834202815625296	0.904491663310411	1	DOWN
FAM131C	1.10155496072618	0.0155388916885893	0.0452362054375109	1	UP
COLEC11	0.397123763204339	0.515591153831853	0.675381414432932	1	UP
ECI1	0.186490226340808	0.327311591073494	0.496637946514391	1	UP
STAG1	-0.212787121398783	0.00380589094138301	0.0134636303534702	1	DOWN
MYO1E	0.686887834623355	5.81115998835848e-36	2.51428362250804e-34	1	UP
FBXL7	-0.0508369702648186	0.64907576917994	0.784389847077098	1	DOWN
MLST8	-0.360983058340781	0.10730545331419	0.217852080056668	1	DOWN
RAB26	-0.0432914099165692	0.949485257859808	0.970643142425869	1	DOWN
LOC124902923	-0.634447125910856	0.403631297498197	0.574436162981025	1	DOWN
TP53TG1	-0.0144240853626855	0.95374037442941	0.972928289628646	1	DOWN
TRIM24	-0.20858168599788	0.170312538159445	0.309973109438557	1	DOWN
KIAA1549	-0.24472629756948	0.00756256303906089	0.0244762818538564	1	DOWN
ST3GAL3	-0.226424379093106	0.229341338467766	0.38609176167261	1	DOWN
TNFRSF11B	-1.00773789643446	2.62800688012578e-46	1.69541640288829e-44	1	DOWN
ATP6V1F	0.109154151678061	0.316284980546997	0.484485292970602	1	UP
KDM3B	-0.303481356057125	0.00018659225360633	0.000914669150904028	1	DOWN
EGR1	-0.33764651030742	5.17624902753218e-06	3.39084200801757e-05	1	DOWN
PPP5C	-0.250352066592273	0.00722727320567796	0.0235016483112629	1	DOWN
ATP8B1	-0.17118244627001	0.00406787331858158	0.0142750940570234	1	DOWN
TCF4	-0.247599713193017	0.000466072918629421	0.00209168315127757	1	DOWN
TPST2	-0.0548469071446336	0.64910718387394	0.784389847077098	1	DOWN
BAIAP2L2	-0.470421490586944	0.0756426269374084	0.165447495364385	1	DOWN
SSC5D	-0.138727472732947	0.131977477169065	0.254940051138906	1	DOWN
MAPKAPK5-AS1	0.303584972196419	0.293012600042003	0.459553406035054	1	UP
RPL27AP6	0.0541947944829652	0.429542933267774	0.598286771963417	1	UP
PLD6	0.541097746462744	0.0314832341480546	0.0811856203914235	1	UP
ANKLE2	0.462403522841719	1.19911978039501e-14	1.87132612813048e-13	1	UP
ETS1	0.26767678395051	0.280332230774375	0.44546745842539	1	UP
SLC37A2	-0.585646306850873	0.287941757049449	0.454113972620494	1	DOWN
RUVBL1	-0.487613055398851	1.01168821100038e-05	6.30649349166221e-05	1	DOWN
ZBTB42	-0.11274445964864	0.756889576795886	0.856616683421988	1	DOWN
RAVER1	-0.148023122283508	0.541513969598276	0.696025827151533	1	DOWN
FDXACB1	-0.946890684231592	0.00513386639711591	0.0174892747064408	1	DOWN
RPL21P98	0.0786336850742787	0.786211174174424	0.874704571406159	1	UP
SMG8	0.790386663333932	0.127750755723913	0.249005418258196	1	UP
ITGB5	0.101040780975337	0.135655506180425	0.260360317655041	1	UP
H2BC3	-0.990345949130215	0.00149054413469301	0.00589325671421305	1	DOWN
ALG3	0.0815467986907551	0.537436155369562	0.692447385988368	1	UP
CENPS	-0.619957509058871	0.0325470538928579	0.0833488349824011	1	DOWN
SSB	0.0140389498610334	0.824222568514938	0.897995146779022	1	UP
ZBTB8OS	0.149813528133398	0.307245916944501	0.474410807326102	1	UP
TMEM38B	0.0274189721289684	0.896406338505006	0.94101176795989	1	UP
ANKMY1	-0.543990302343823	0.0105523022957612	0.0325949017815542	1	DOWN
TMEFF1	0.413733478770114	0.759620920375414	0.857667155273467	1	UP
FAM120AOS	-0.073275934586037	0.673283014651765	0.801120860002689	1	DOWN
ROGDI	0.679952854875793	0.000487140783175399	0.00217676915821512	1	UP
CTSO	-0.13914470279542	0.413084469510808	0.582331837762237	1	DOWN
CNOT3	-0.623327638581214	5.06011891767495e-07	3.81847407202719e-06	1	DOWN
ALG6	-0.227693589907531	0.121255062722297	0.240117562143806	1	DOWN
CRYBG3	0.414237529356259	6.83875577843535e-07	5.09154352159553e-06	1	UP
EPSTI1	0.0749309521457218	0.578243988027907	0.727710521178682	1	UP
SPART	0.608907996015467	3.79849156526113e-15	6.1607184747013e-14	1	UP
COG6	0.0316273244051653	0.703829301724166	0.822350944270832	1	UP
AK3	0.107766619851409	0.168527710834981	0.307682419332008	1	UP
VLDLR	1.17458498107872	2.71675482496194e-05	0.00015697650529998	1	UP
CFH	-0.170520633863855	0.0537972895451363	0.125858978330794	1	DOWN
RPS24	-0.237738353505966	0.0761419747600194	0.166262870543524	1	DOWN
SFSWAP	-0.0569668675246167	0.61085008612355	0.752612720144208	1	DOWN
MAP6D1	0.361805525878456	0.163634217045276	0.300887908197135	1	UP
TNK2	0.311027051044226	0.0104887821810444	0.0324498803892684	1	UP
POLR3G	0.881277815818024	0.0657788737523541	0.147741763225873	1	UP
SPATA9	0.184288642475163	0.698845747592548	0.819408263237971	1	UP
SLC25A24	0.0957984307784474	0.165287059676891	0.302771365114812	1	UP
ACAP2	0.18893202130861	0.00164007780377912	0.00642297136650733	1	UP
PTPN23	0.0776586625676301	0.439716235605693	0.608546397633932	1	UP
TLK2	0.469154257918505	0.00641328051744823	0.021197008658255	1	UP
RRAS2	-1.04575039617733	3.68199498802131e-19	7.81329068603465e-18	1	DOWN
MICAL2	-0.624160148135277	3.83908626953564e-19	8.13469731393835e-18	1	DOWN
SBF2	0.2382977498738	0.00241082388063221	0.00903262014493546	1	UP
ZNF174	0.0767318098133654	0.681761339709938	0.807070950810495	1	UP
GSPT1	-0.37135948477777	4.3517161622547e-06	2.884708727557e-05	1	DOWN
RAB27B	-1.1671980025361	1.09218079588749e-21	2.57893867342649e-20	1	DOWN
ECE1	0.132534625383678	0.021778185772479	0.0600833452840958	1	UP
PSMA4	-0.293615765337508	0.0147707948822013	0.0433494632093199	1	DOWN
TBILA	0.653978184209469	0.00265524892838126	0.00983367561866673	1	UP
PHF6	-0.31223347262808	0.000221241286909205	0.00106607463725406	1	DOWN
CD109	-0.164706639019234	0.0125165618387461	0.0376669794110204	1	DOWN
CCAR1	-0.254285082200133	6.27261634964236e-05	0.00033709772729149	1	DOWN
LERFS	0.405326792576178	0.197331356820941	0.345786127700694	1	UP
ELOVL5	-0.182082208381904	0.00242239145023768	0.00906655758803023	1	DOWN
CLSTN1	0.367887753717965	4.57557571381521e-11	5.35397932310475e-10	1	UP
SLC26A11	0.423871621862094	0.0180262840855852	0.0513903790334961	1	UP
TUFT1	1.2857936930372	3.85404560554885e-08	3.34102057863146e-07	1	UP
PRUNE1	0.0442219689546544	0.894017162985413	0.940066903630049	1	UP
ECM1	0.114511961858551	0.103713712381267	0.212651370264144	1	UP
SF3B4	-0.670408032789425	3.00583992027957e-15	4.93046455027924e-14	1	DOWN
ATPAF2	0.204586645787568	0.227642959036727	0.384217285802353	1	UP
IDH2	-0.0387495327361037	0.664949943728239	0.795594604803509	1	DOWN
SCG2	1.57670655979027	0.00255533655754431	0.00949772854760104	1	UP
CEP85L	0.383021264009278	2.72734106544457e-05	0.000157498645632509	1	UP
RPS5	0.0120653846379484	0.937000439189383	0.964247479475286	1	UP
ZNF264	1.66108203578923	0.0759093151180863	0.165942760526488	1	UP
ATRN	0.316595688163889	3.01281379519309e-05	0.000172226184748289	1	UP
TPRN	-0.104392269623903	0.698042466800075	0.819155848989303	1	DOWN
CHAC2	0.0539301330284549	0.901966364341752	0.943634645646745	1	UP
RPS27A	0.0981229074977702	0.075880275568346	0.165917061921345	1	UP
LSR	0.168087172910164	0.68281549408851	0.807873481666371	1	UP
USF2	-0.313733190715102	0.0204844955086737	0.0570484170483716	1	DOWN
SDSL	0.102200151447078	0.744230007961763	0.84864419198733	1	UP
TMEM59L	0.919530819223711	0.157637768000377	0.292429189393254	1	UP
RAD51AP1	-1.97713184517075	3.27187769683625e-14	4.90476188765359e-13	1	DOWN
MSN	0.300096038646367	3.76647144238662e-11	4.45411446922496e-10	1	UP
SLC9A5	0.618047149625125	0.0143526513311707	0.0422940791979502	1	UP
WAPL	-0.0662321597056089	0.468393352528623	0.634015767833564	1	DOWN
PCNX2	0.0338124459264603	0.721835651159666	0.834867381657683	1	UP
MARVELD2	0.304401604004259	0.19476726036522	0.342823590686698	1	UP
RPL10AP6	-0.0495787928303543	0.795631438466337	0.880238088904994	1	DOWN
HNRNPA3	-0.592047554539438	0.213375664694663	0.365732621338225	1	DOWN
ZNF90	-1.59530018855211	0.000870240761141097	0.00366215761189575	1	DOWN
CWC27	0.0111746585574434	0.911742674918258	0.950414296706611	1	UP
AP1G2	0.353353226040236	0.00278965009462361	0.0102578202334366	1	UP
TEAD1	-0.290127397895787	0.501111112748584	0.662054917748198	1	DOWN
ZFAT	-0.437954405548051	0.0169016237456089	0.0486350786037026	1	DOWN
WDR48	0.0326308300445638	0.833595307223111	0.90397412908165	1	UP
GORASP1	-0.267241793576857	0.352036316341119	0.522254060922442	1	DOWN
COMMD2	-0.671551428821454	2.2029275505337e-09	2.21534488745738e-08	1	DOWN
CRNDE	0.502577613896473	0.212196744091484	0.364618819710919	1	UP
LTBP4	0.103604835666983	0.534783985968558	0.690631222630173	1	UP
RNF4	-0.179067420257884	0.724399513490847	0.83659373207514	1	DOWN
TTK	-2.40126057149196	9.17816384054448e-48	6.16900677487015e-46	1	DOWN
MED21	0.490110564264375	3.83395220936406e-06	2.56146293932131e-05	1	UP
RAD17	-0.0517715846418035	0.542978735078807	0.697234984777462	1	DOWN
OLA1	-0.309757015866422	0.00228136240883456	0.00861007264822884	1	DOWN
VASN	-0.806998003899628	3.00176368778558e-29	9.9491942780251e-28	1	DOWN
ITPRID2	0.272887608542744	4.51279573930189e-06	2.98327590250007e-05	1	UP
FAM117B	-0.366177987234422	0.0185059660037845	0.0524989624500765	1	DOWN
RGL1	-0.675909991888466	6.06970668841421e-12	7.64719541013721e-11	1	DOWN
LOC100422317	0.100653487079292	0.834823250857477	0.904960677979251	1	UP
ZNF354B	0.0904057156994654	0.643550247536665	0.780523008288629	1	UP
DNAJC17	-0.287552003830555	0.116005354369047	0.23196255375496	1	DOWN
ZNF555	0.212200214506204	0.401977914424197	0.572934494658652	1	UP
BMPER	-0.113936489888043	0.423068545208337	0.591387458580545	1	DOWN
IQSEC3	0.206181127583434	0.563445422042903	0.714767184219632	1	UP
C20orf204	0.454054294672313	0.37568893098703	0.546267427424619	1	UP
PPP1R26	0.126919261474582	0.357674759869157	0.528070898535879	1	UP
TSC22D2	-0.031866708623044	0.74149029666166	0.847258344038717	1	DOWN
RELL1	-0.432377365289445	0.00245156325705142	0.00916861817485768	1	DOWN
RFX7	-0.352099948876971	0.533975533789889	0.689953581615613	1	DOWN
POLG2	-0.217029282698816	0.319910116629557	0.488794786996588	1	DOWN
NAALAD2	0.494246967492161	0.335733983667149	0.50554254433406	1	UP
TBCCD1	-0.602710799047264	0.000601580073898245	0.00263917232783957	1	DOWN
ADI1	-0.359840220250337	0.0285472141822084	0.0749526225008098	1	DOWN
RWDD4	0.346778382437379	0.11661884462095	0.232931433810276	1	UP
ZNF225	-0.048644286464025	0.753100489450742	0.853974825255232	1	DOWN
MEGF9	1.33722978734861	3.68096387694733e-47	2.39610851287234e-45	1	UP
RPUSD1	-0.0688786322664147	0.81666822133439	0.893691590067894	1	DOWN
TRIM14	-0.814426669302112	0.162813149857955	0.299721379439148	1	DOWN
CD226	0.689273204121525	0.00129508942327196	0.00522963775925609	1	UP
CORO2A	0.729537371969243	0.00150288004940366	0.00593229161265564	1	UP
VEGFC	-0.577868772748433	2.94777030138171e-18	5.82739105680808e-17	1	DOWN
FCGRT	0.590322443236894	1.25057475809661e-07	1.01814399038051e-06	1	UP
PIH1D1	-0.394589079817991	0.0159911380043018	0.0464125196425317	1	DOWN
MINPP1	0.295699778988891	0.0015772046709572	0.00619858164264414	1	UP
NPAS3	-1.72904812852534	0.021985784358098	0.0605059169222766	1	DOWN
AKAP6	0.860453925863391	2.25858423311878e-14	3.43928353559531e-13	1	UP
FAM177A1	0.749357084395109	0.00141052681659789	0.00561994017828953	1	UP
ZNF391	-0.193202903479594	0.555704334032534	0.708530380369168	1	DOWN
H1-1	-1.62974502252898	2.08257088970726e-06	1.45810232205231e-05	1	DOWN
PSMC4	0.0187931411190856	0.810481091699609	0.889786694230119	1	UP
RPS10	0.124258013785883	0.242459364416622	0.40157940116729	1	UP
MOCS1	0.110522330817723	0.666787793151304	0.796935770310933	1	UP
ZNF724	-1.09150036185854	5.44200696134566e-06	3.55848156553874e-05	1	DOWN
BRF1	-0.0557490386253572	0.720526615544755	0.834045714720822	1	DOWN
MAFF	0.213789779294302	0.102242106714365	0.2103562620986	1	UP
IQGAP1	-0.0825866066914199	0.415463796328009	0.58488209992407	1	DOWN
CRTC3	0.148265206485115	0.0595160443004596	0.13623734455662	1	UP
SELPLG	1.62067685716977	3.46938889365072e-13	4.82542241599101e-12	1	UP
COQ5	-0.261845378886714	0.0885285177142669	0.187664835307373	1	DOWN
RNF31	0.112863383428837	0.389314089732109	0.559687416506039	1	UP
SLC22A17	0.0213406102022223	0.911589883593814	0.950323575805382	1	UP
CYS1	0.213503411672063	0.619463387190797	0.759847437789416	1	UP
GPX3	0.958259497854452	0.108630070007786	0.220046697740751	1	UP
DIO2	1.15444881297814	3.4507513948242e-19	7.35498649064963e-18	1	UP
SAMD8	0.286679730163199	0.000295367191728092	0.00138492903558165	1	UP
RAB11FIP1	0.748054742846694	2.22945946185819e-07	1.76536540730481e-06	1	UP
PFDN5	0.20444062545219	0.0754566696086658	0.165090739214963	1	UP
MRPL18	0.0678242856783105	0.599318943052239	0.743740284757961	1	UP
MMP19	0.42548373698836	0.00161120216363606	0.00631844843058472	1	UP
TRAF1	0.19135427955957	0.53452517006815	0.690358676615858	1	UP
EFCAB13	2.63364411006952	2.40630575418423e-105	6.56104234975779e-103	1	UP
ENDOG	-1.30249203274386	6.88468312328127e-07	5.12309762175786e-06	1	DOWN
ASH1L	0.0339884729082335	0.523449872004253	0.681720809330701	1	UP
DOLPP1	-0.488095665260848	0.0591019844051523	0.135439704509809	1	DOWN
DNAAF19	-0.383875521382399	0.629642605567782	0.767852412120344	1	DOWN
TMOD2	-0.271043039355342	0.00320393069640647	0.0115605499360224	1	DOWN
HLA-DOB	1.01637687342762	0.0214752351776392	0.0593706483617207	1	UP
CEACAMP10	-1.19776906363517	2.67980757329212e-05	0.000155089704612112	1	DOWN
RPL35P5	0.017863647670911	0.939923186083134	0.965220122761575	1	UP
ZFYVE9	-0.119616786836122	0.105127343772769	0.214575599556537	1	DOWN
AKT1S1	-0.523865106820685	4.12217774135531e-06	2.74009156119253e-05	1	DOWN
DIABLO	0.633796023463289	0.00716341544950634	0.0233307452469723	1	UP
ZSWIM5	3.12107098333544	1.55236880132045e-54	1.31188780981765e-52	1	UP
KLHL21	0.230080150597504	0.000397658266169836	0.00180823146772193	1	UP
GMEB1	0.0564004460749923	0.656891157326017	0.789613551365686	1	UP
TSTD3	-0.0775672409008747	0.884490538008786	0.93563961384708	1	DOWN
CYBA	0.251746506675913	0.0628352143864357	0.142436342446805	1	UP
ARF5	-0.0190636823289524	0.884366251625577	0.935576625347087	1	DOWN
CIMAP3	-0.189835255608089	0.736962689635376	0.844900170423413	1	DOWN
TMEM268	0.725176420852823	0.000641089465165621	0.00279300086255906	1	UP
HYMAI	-0.469635092247199	0.211379168702336	0.363604376492972	1	DOWN
CCDC159	0.172173036345943	0.514771755530774	0.674736203099793	1	UP
SIRT7	-0.0494399841745237	0.740276403231476	0.846592673282798	1	DOWN
NFE2L3	0.224632619321228	0.295295095962346	0.461980018593901	1	UP
POPDC1	0.62033017649944	4.88955766229594e-10	5.20700057316423e-09	1	UP
ACKR4	0.378113196013154	0.301280108809865	0.468251113401953	1	UP
HSPA1A	1.80596067739498	0.238797870509524	0.397298477438131	1	UP
UBE2L6	0.0472473310444171	0.56880208838393	0.719259965439968	1	UP
ALDH6A1	-0.997224010636132	4.09602811337125e-11	4.82017119432638e-10	1	DOWN
CAT	-0.139840766709084	0.174928412836194	0.316065328068997	1	DOWN
EPHB6	-0.247367198875401	0.594121719022559	0.739028222181448	1	DOWN
CALHM5	1.19002255752319	2.80916789392511e-16	4.90281222646277e-15	1	UP
ADAMTSL1	-1.5026413381859	1.89413323876456e-05	0.000112549833196491	1	DOWN
IMPDH2	-0.626234422137551	2.3194544019658e-14	3.5282563750324e-13	1	DOWN
ALS2CL	0.826977121106008	0.000636490140175325	0.00277379946190399	1	UP
ARRDC3-AS1	0.772551122042219	0.0421998304342089	0.103325948763936	1	UP
CDH2	0.902091513142535	1.34360586967925e-59	1.26080833913863e-57	1	UP
TLK1	-0.107413038148572	0.201048083123925	0.350083847357976	1	DOWN
LRBA	0.0789619998178745	0.18774174011154	0.333463112875106	1	UP
CELSR1	-0.14612109797227	0.387833570397904	0.55805864042817	1	DOWN
RPS2P29	0.240266085387695	0.65208653321095	0.78626720350819	1	UP
UBXN2B	-0.554287389592314	1.33962037789455e-06	9.58833783108179e-06	1	DOWN
CCDC14	0.0594394967724483	0.573917139443359	0.723896009609495	1	UP
NR1H2	-0.0150416502996704	0.921545828865705	0.956562187396804	1	DOWN
ALS2	0.0677120648525123	0.302119300371351	0.468950162155359	1	UP
PPARG	-0.100313432143874	0.642536087510188	0.779714284473689	1	DOWN
ADSS2	-0.343532407336592	0.00548544338608995	0.0185167349620149	1	DOWN
NSMAF	-0.575813245377251	3.72409561068318e-07	2.86107951461896e-06	1	DOWN
NETO2	-0.99791651473421	4.66033287124199e-07	3.53154013226628e-06	1	DOWN
TRIM8	-0.506523795092135	2.63937050538875e-10	2.8807812064481e-09	1	DOWN
TMEM126B	-0.29614687590873	0.00645493095518999	0.021306579998504	1	DOWN
TMEM126A	-0.15278403311654	0.406059791890023	0.577044945678309	1	DOWN
PHETA2	-1.06065726185807	0.137152152926002	0.262551699592846	1	DOWN
MEIS3P2	-0.501155745936767	0.392312373085456	0.562823112034074	1	DOWN
MORN2	-0.0755828506078313	0.721109165774053	0.834394151221142	1	DOWN
S100A3	-0.0260566599108813	0.918988053969536	0.955142143837296	1	DOWN
PFKL	-0.107443895965214	0.22721720093596	0.383947120056777	1	DOWN
ZXDA	0.214501677450693	0.406021661450001	0.577044945678309	1	UP
ARHGEF25	0.360652290589884	0.000693199706979295	0.00298493115779434	1	UP
PRDM15	-0.205925067496838	0.280530508238432	0.445733521116392	1	DOWN
TUBAP2	-0.549646982729884	0.000826188608837754	0.00349816923126703	1	DOWN
LRSAM1	0.254610498385356	0.110241268697916	0.222623892391501	1	UP
GPR107	-0.220120452982634	0.000360127639209046	0.00165528133403624	1	DOWN
SOCS4	0.0674439688508553	0.519103173438008	0.67838306740393	1	UP
MAP2K3	-0.227694714704178	0.00962403820583289	0.0301263462217016	1	DOWN
SNHG26	-0.444103961470211	0.0467863338751408	0.112497389489128	1	DOWN
RPS19BP1	0.182980397198999	0.14686653294834	0.276963104219818	1	UP
CLCN5	0.756441043187215	0.0326610537408937	0.0835780025780823	1	UP
PTRH2	-0.776769078572997	2.21002996376343e-07	1.75093985780402e-06	1	DOWN
BCAS3	0.125625699936892	0.29597254357502	0.46263237497052	1	UP
BCAT1	1.11864393773681	1.69986397897578e-25	4.8355776299565e-24	1	UP
ARFGEF1	-0.24137903619615	2.35858422850296e-05	0.000137991500753426	1	DOWN
PARP15	-0.384316772254634	0.610584055959948	0.752603639845549	1	DOWN
CKS1B	-1.36399320753852	1.79666779511907e-05	0.000107257167453039	1	DOWN
CA11	0.586707391645396	0.000561873825126635	0.00248231080614644	1	UP
EIF4A1P7	0.255034059745789	0.454642479477787	0.622601558398068	1	UP
RALGPS2	0.199604351770138	0.0649512679969101	0.146337819429895	1	UP
CEP104	0.220249795541039	0.00526758691322523	0.0178857844180023	1	UP
FAM20B	0.182215679730122	0.00428011238566302	0.0149479138591878	1	UP
TBL1X	-1.04326981642633	2.10532473368834e-39	1.00409398437393e-37	1	DOWN
STS	-0.438358283784647	1.34608810998963e-07	1.09160040838721e-06	1	DOWN
ATG4A	-0.0650271014170115	0.626619503612436	0.765385719440733	1	DOWN
PSMD10	-0.258399461328041	0.0450082525763461	0.108965364044359	1	DOWN
IFIT1	-0.340683843766132	0.000173415103394719	0.000854714072018105	1	DOWN
H3C6	-0.766591117505359	0.000225505286799287	0.00108481254977913	1	DOWN
LINC01266	-0.234242417643529	0.669512350014526	0.798738790560548	1	DOWN
EEF1GP5	-0.143366699661226	0.601170462106639	0.745069841158065	1	DOWN
ASAP2	-0.553463559149882	7.84985827843757e-19	1.63455766544238e-17	1	DOWN
MFSD6	-0.0296666664247467	0.859805429220243	0.920851423527884	1	DOWN
ADAM17	-0.110673821029884	0.121530420048024	0.240382712854366	1	DOWN
ITGA8	-1.07862471034473	0.000377294660698564	0.00172595287804842	1	DOWN
FBLN1	-0.0254231250895675	0.692187982935921	0.815025547250631	1	DOWN
HAS2	0.55465595990853	2.88047401896081e-07	2.24639665666501e-06	1	UP
LINC02983	0.787091354851194	0.193753919575737	0.341372578857471	1	UP
C4orf36	-0.0712207836928367	0.737050578698836	0.844900170423413	1	DOWN
ID3	0.0848043950110558	0.346510407148746	0.516335522139259	1	UP
AP3D1	-0.0429313495926723	0.660233637709743	0.791845413701725	1	DOWN
PLK4	-2.04892320128758	9.20097295105858e-20	2.01765189856977e-18	1	DOWN
MAP3K6	0.0208939225601282	0.864233092634318	0.923540074070733	1	UP
PRICKLE2	0.837204640670723	1.33947345768367e-48	9.44230777413986e-47	1	UP
S100A13	-0.233693499552257	0.192206889837997	0.3393087912349	1	DOWN
MMGT1	0.156286769967526	0.127440853656237	0.248540706060769	1	UP
PPP2R2B	0.730638451902254	0.184542885400019	0.329075670892852	1	UP
FAM120A	-0.729805797676701	4.60307563315626e-43	2.58828972664362e-41	1	DOWN
PTDSS1	-0.380127810248582	4.66346924514717e-05	0.000257220588021457	1	DOWN
PNKP	-0.205792006263447	0.0939588939926371	0.196982442635659	1	DOWN
ERP29	0.117078461121522	0.0971861103561865	0.202485075080342	1	UP
ZNF8-ERVK3-1	0.328043797064068	0.0697027896184478	0.154537436756089	1	UP
GAR1	-0.176454012949542	0.138593607916934	0.264572817438258	1	DOWN
KNOP1	-0.0894647930390214	0.4358842292901	0.604797215311688	1	DOWN
CCND1	-0.839790531378195	2.07520390696974e-72	2.80268894015138e-70	1	DOWN
CPT1A	0.3799684900053	2.74447327164819e-10	2.98872518828847e-09	1	UP
BTN2A1	0.674211005191479	3.93478331781059e-16	6.78538827275428e-15	1	UP
PROSER2-AS1	-1.33860009611329	0.0533190267031712	0.12490083561153	1	DOWN
MRPS25	-0.37666547745953	0.0705690579550715	0.156146601823417	1	DOWN
APP	0.40404629285204	0.00283748574986509	0.0104072351703808	1	UP
DOP1B	0.563288274079477	2.93577624013959e-10	3.18744571346786e-09	1	UP
ARMC2	-0.0651550858430145	0.806759001284653	0.887318237884506	1	DOWN
GALNT18	1.37058966790013	9.18568301131992e-26	2.65484610393168e-24	1	UP
SNRNP35	-0.18829132468729	0.177782291079757	0.319716373463215	1	DOWN
TRPT1	0.0463462798659456	0.81926382646521	0.894941534223959	1	UP
PPP1R2	0.0661145103798872	0.523823882647587	0.682084963789897	1	UP
PGP	-0.856924062153174	7.46984286293078e-06	4.75326724844618e-05	1	DOWN
TSPYL2	-0.415675750251615	0.0341524701510453	0.0866158908656995	1	DOWN
RPRD2	-0.0440521992225068	0.572350691908599	0.722677138381054	1	DOWN
PIWIL4	0.272771931080405	0.675884634914863	0.802828280384242	1	UP
ANKRD23	0.673650804191803	0.125699656891593	0.246403383307164	1	UP
AHCYL1	0.131747591294496	0.586617190082784	0.733858816511536	1	UP
SBSN	-0.340967685960137	0.495767459870565	0.657384847963501	1	DOWN
ADAT2	-0.763569515640551	0.000912039385526239	0.00380921420816176	1	DOWN
GBP4	-0.741302893726617	1.54720624979632e-21	3.63555731964335e-20	1	DOWN
OR5P3	1.19845198310788	0.0533978077212249	0.125036476840235	1	UP
ATXN7L2	-0.158364528284607	0.40720038957805	0.57826777022331	1	DOWN
NDEL1	0.0373748937932403	0.803864570799554	0.885145299651353	1	UP
DHRS4-AS1	-0.548174985991682	0.0571687230092103	0.131926438651059	1	DOWN
FASTKD5	0.671957233602791	4.91390607580634e-13	6.75008143550166e-12	1	UP
LOXL3	0.532758542284551	0.021440346719166	0.0593211660805414	1	UP
RTN4	0.320935824953859	6.32655437297603e-12	7.96385341845615e-11	1	UP
MEX3D	0.0567664045227875	0.683826768591184	0.80843324789865	1	UP
DNAJA2	0.0413332611327926	0.552540461101343	0.70551903864588	1	UP
N4BP2L1	0.0267423360572691	0.953656125467635	0.97291102500055	1	UP
DGUOK	-0.325011992761591	0.0173433149661221	0.0496588556717714	1	DOWN
INTS2	-0.208176867645729	0.0436342478914539	0.106154632370269	1	DOWN
CAMTA2	0.269876301892537	0.00217222864127969	0.00824123814521733	1	UP
GSTO1	0.0369916254563985	0.581852695996111	0.730716373497853	1	UP
ZZZ3	-0.310613985059273	0.00672309933307388	0.0220908386680879	1	DOWN
MTND6P5	0.213288416957463	0.663613155601467	0.794521434266512	1	UP
LOC101927468	0.80201690118003	0.000956672375771303	0.0039738064105407	1	UP
KANSL2	0.0743779736910153	0.738555709194099	0.845666693976218	1	UP
MAP3K12	-0.190774073691001	0.038806425983805	0.0963559556515406	1	DOWN
CERS5	0.202233995170837	0.321959004317865	0.491198223331658	1	UP
MED14	-0.298272184725705	1.16953516745111e-05	7.21338143612292e-05	1	DOWN
MAP4K3	0.146349339376948	0.161029447004147	0.297232921018895	1	UP
UBAP1	0.785623072407496	2.12372669670944e-11	2.57250414871317e-10	1	UP
DHX40P1	-0.161094657830707	0.509797350889545	0.670100192623687	1	DOWN
SIRPB1	0.708532504738574	0.104988070639722	0.214412465915012	1	UP
ZNRF2	-0.317151688199374	0.114847742874015	0.230093543916871	1	DOWN
CZIB	-0.100949805775171	0.480864782504224	0.645166795531106	1	DOWN
MAGOH	-0.00724541080205463	0.955645373239871	0.974119607773785	1	DOWN
MAP2K2	0.277044712835467	0.0144347063174888	0.0424778767570821	1	UP
BCL9L	0.0612751226497624	0.396220512778373	0.567077610197115	1	UP
ZNF268	0.340404828134819	0.28484253682115	0.450455187087157	1	UP
UTP11	-0.175732399732607	0.0335869962607737	0.08546675171059	1	DOWN
PSMG1	-0.383136748079522	0.00880333295471927	0.0280090190507812	1	DOWN
GOLGA3	-0.246528243418183	0.0252943003561114	0.0678630210656611	1	DOWN
POLA2	-1.66524674620713	1.32979222250445e-25	3.80531235790333e-24	1	DOWN
MIR663AHG	2.10396221616604	0.00202645974355479	0.00775334121104323	1	UP
TTF2	-0.770132116317266	1.01934393903786e-13	1.4701136989058e-12	1	DOWN
MIR31HG	0.20826442296038	0.367537754147978	0.537743048009763	1	UP
GTF2IRD1	0.0818147064285772	0.38040436745587	0.550425725097092	1	UP
ATP9B	0.252017878556216	0.0111433228837466	0.034211208623969	1	UP
SIVA1	-0.272167732937291	0.0748837229753817	0.164085622549999	1	DOWN
IFNE	0.103520715985106	0.697385441404571	0.818743765841048	1	UP
OTUD6B	0.0144363326097391	0.927962284549932	0.959638111781241	1	UP
GCLC	2.29378084166363	5.21235600158362e-106	1.5064751315777e-103	1	UP
KCNS1	0.140555953525518	0.660783665682964	0.792152513464998	1	UP
DDX50	-0.27359817365503	0.0290468276079074	0.0760289269628455	1	DOWN
RNF123	0.109544759054965	0.272755541059669	0.436597569932112	1	UP
INTU	1.38985724289142	2.80172740001036e-11	3.34333300227496e-10	1	UP
APEH	0.0832468499940511	0.320618566478945	0.489721900875936	1	UP
CENPM	-1.55949687600083	2.58271551846241e-06	1.78492692287424e-05	1	DOWN
LSM12	-1.22835450219804	0.0916713298103218	0.193026721126178	1	DOWN
NAGS	1.13587712953364	0.0818983862663074	0.176643817900658	1	UP
PANK2	-0.0403961951541827	0.644924085768738	0.781337857431592	1	DOWN
LINC00968	0.240358889028567	0.11783885984766	0.235043390429059	1	UP
GPCPD1	1.2617077454013	9.46487751597823e-31	3.36061289885507e-29	1	UP
GLI3	-0.85241780370353	9.66708308173641e-12	1.20119533632135e-10	1	DOWN
DEK	-1.11710909836555	7.63650835690034e-45	4.59813259439862e-43	1	DOWN
TYRO3	0.390434829984644	0.00139372165960649	0.00556192416341194	1	UP
CNOT11	-0.131090282553612	0.154031080610403	0.287545955851136	1	DOWN
WBP11	-0.0416935248844019	0.567279234198363	0.718060433910888	1	DOWN
USP22	-0.0703406825873046	0.204876751818678	0.354996875363515	1	DOWN
RCCD1	-0.540409486351819	0.126348885790658	0.247273530411809	1	DOWN
MAP1A	-0.22279198741646	1.04900314151937e-05	6.52848595955918e-05	1	DOWN
AFAP1L2	0.382868654581711	0.140406304501244	0.267326944182803	1	UP
ODAD2	0.234965112177901	0.114366979555571	0.229384763574956	1	UP
FAM110B	-0.634646814861544	0.188077300723109	0.333721396129092	1	DOWN
CCNYL1	-0.208440037054673	0.0400037813088194	0.0988364923395023	1	DOWN
ST6GALNAC4	-0.0970762921296453	0.648533011071483	0.784066806909897	1	DOWN
SUGT1P4-STRA6LP-CCDC180	0.352625141889534	0.313838448589233	0.481605545350218	1	UP
PRR16	-0.676811900716841	1.15964930733342e-09	1.19136626539408e-08	1	DOWN
PLXND1	-0.563477214975504	0.000470947943642332	0.00211028487862801	1	DOWN
LINC02985	-0.707282799332882	0.0224332876144869	0.0614915476701347	1	DOWN
TEX2	0.273797039150558	0.110964915231693	0.223897513266294	1	UP
SLC37A4	-0.369874028640978	0.0437731976038059	0.106385213348907	1	DOWN
FAM222A	0.15582736977084	0.760696839174417	0.858559199540863	1	UP
POU2F3	-0.00147052121369988	0.998303000628055	0.999051213790094	1	DOWN
GAD1	3.10410998170259	1.7275629178494e-14	2.65868069497781e-13	1	UP
CEP57	-0.563047103195485	0.00493979907512027	0.0169347704092784	1	DOWN
HTRA1	1.08928885532644	4.76760254480718e-119	1.72241560937521e-116	1	UP
FYTTD1	-0.304454812559787	3.85827411491453e-05	0.000215690209805145	1	DOWN
HYCC1	-0.484129643074102	0.000158724692755951	0.000790396462789886	1	DOWN
LINC00472	-0.674615980581886	6.98491826623015e-08	5.86513967840162e-07	1	DOWN
NBPF12	0.374171158626243	0.000261283122230314	0.00123958134625446	1	UP
SKIC2	-0.118117790874913	0.213008211611822	0.365449562626432	1	DOWN
NELFE	0.0271272766691748	0.790223532497921	0.877547088920883	1	UP
C11orf98	-0.624923654785929	0.044546651000227	0.107956339695502	1	DOWN
UNKL	-0.19616613968746	0.292700459890353	0.4592918153527	1	DOWN
RN7SL57P	0.260179047346411	0.65595652509064	0.788990762760042	1	UP
LINC03052	-0.547895697372734	0.301389119294853	0.4683701648489	1	DOWN
LOC107986951	0.696127159348922	0.255523998519435	0.416863547370101	1	UP
G3BP1P1	-0.432000154691255	0.525515120658281	0.683363538975328	1	DOWN
MRM2	-0.366934729989011	0.0428013746000261	0.104507782979992	1	DOWN
COPS5	0.257389846389395	0.0669058706492432	0.149737763164351	1	UP
C16orf95	-0.0319568571273005	0.941490612694409	0.966092511826096	1	DOWN
MTCYBP3	0.209518207612221	0.698284602686119	0.819213328382015	1	UP
ATP6V0D1	-0.466974169140846	5.77345415434544e-06	3.7565144522488e-05	1	DOWN
ANAPC1P4	0.0334206693594974	0.760735327051668	0.858559199540863	1	UP
PROSER1	0.0145068647708495	0.951195643103039	0.971566881430733	1	UP
UFM1	0.352634686853252	8.43297353749802e-07	6.20493383861425e-06	1	UP
H4C6	-1.54755836813969	3.74218091821041e-22	9.01304274150977e-21	1	DOWN
RPL36A-HNRNPH2	-0.013070509594345	0.975108100456583	0.985060269814616	1	DOWN
PTPRC	-0.437357390960677	0.158817561291337	0.294057258503602	1	DOWN
COL24A1	-0.0563523390470274	0.784038047774312	0.873081211205617	1	DOWN
ETFDH	0.123807352863429	0.231385644477699	0.388627841509441	1	UP
PDIK1L	-0.0177253085130509	0.943493280778809	0.967529193906796	1	DOWN
RXFP1	0.647531461756168	0.00150982846683123	0.00595809152762919	1	UP
FBXO42	0.338370125387243	0.000600318118522684	0.00263443581256341	1	UP
ATP2A3	0.625041608194115	0.0428199348431664	0.104525486219358	1	UP
PAXIP1-DT	0.143649463860285	0.777359745513381	0.868784738227925	1	UP
USH2A	3.49700258665586	1.58742901633595e-19	3.4548097462456e-18	1	UP
SEZ6L2	0.40456250822873	0.000168260620524211	0.000831293752887307	1	UP
ASPHD1	-0.232503280309579	0.357927231762919	0.528227780454038	1	DOWN
ZNF587	0.0542520875867688	0.690596166141191	0.813880704363591	1	UP
TPM2	0.683206563444259	1.23031592452142e-31	4.57051296279153e-30	1	UP
ZNF480	0.12252194251855	0.610503215324349	0.75258603445855	1	UP
ALDH1L1	-1.21892841796818	8.26935183490545e-07	6.1000716368667e-06	1	DOWN
OSBPL11	-0.831387530748206	3.0926081678326e-16	5.38002185994323e-15	1	DOWN
FLVCR1-DT	-0.178295507470972	0.756417225359568	0.856391830434904	1	DOWN
XXYLT1-AS2	-0.61353877684391	0.194835910667793	0.342902660462828	1	DOWN
SLC31A1	0.201824006182725	0.000926436940280609	0.00386487881755054	1	UP
TLR4	-0.34878410554216	6.88528551078939e-05	0.000366749948088527	1	DOWN
ZFP37	-0.238768447102653	0.451519930708722	0.619532331814636	1	DOWN
CDK5RAP2	-0.356512941464672	1.16360114951374e-05	7.18291337531955e-05	1	DOWN
FBXO4	-0.394540616457939	0.15561805722314	0.289686531615561	1	DOWN
ZNF793	0.542544637714609	0.320437938548023	0.489549492542286	1	UP
TUBB4B	-0.318990922874221	1.99718551946046e-08	1.79374319090883e-07	1	DOWN
ERMP1	-0.337089688890202	0.247744617405827	0.407391609710014	1	DOWN
PARP8	0.645810191979828	3.12151952385949e-05	0.000177945083389718	1	UP
YJU2	-0.228077190778654	0.234468188403376	0.392436853210237	1	DOWN
RAB21	0.26547522538429	6.7751424167425e-05	0.000361478220156683	1	UP
NUMBL	0.304847418855882	0.00902906238732579	0.0285887336895804	1	UP
EBI3	1.15094496743934	0.112097017117916	0.2258664242012	1	UP
GBA1	-0.0740450716494437	0.516239201368206	0.67592395569194	1	DOWN
FAM200A	-0.136895540870216	0.462965422325085	0.629582898171188	1	DOWN
KRABD3	0.521798891489635	0.00250635490698431	0.00934933783191282	1	UP
AGAP3	0.160490325088534	0.0508888706598523	0.12043810512701	1	UP
ORMDL3	0.869106048275255	0.220817286019647	0.375680551008938	1	UP
QARS1	0.155949390974543	0.0503858994298359	0.11948254556294	1	UP
TMEM158	-0.048170741018293	0.791017883776268	0.878132350242589	1	DOWN
KLF11	0.795166605138806	8.42395266230337e-09	7.96692015202526e-08	1	UP
SHPRH	0.156594406515117	0.107686262230567	0.218502411611054	1	UP
AIG1	-0.359878778375036	0.00138216384635348	0.00552521431359727	1	DOWN
MTFR2	-0.991420973859609	0.00195630139770681	0.00750677416310704	1	DOWN
SLC2A12	-0.650522502392266	0.0769048444014354	0.167599442986751	1	DOWN
DLX2	0.16850863999453	0.796770976388621	0.881112984194881	1	UP
BHMT	-0.0209580147094599	0.968724444472702	0.981837350755717	1	DOWN
RMDN2	0.640395523199821	0.000317175241666109	0.00147379402486075	1	UP
SLC25A12	-0.118928352536521	0.426596242236248	0.594994913285978	1	DOWN
GMNN	-1.12965268733675	7.26377510213242e-17	1.31211017501145e-15	1	DOWN
TADA2B	0.459113720738547	0.0650049362487315	0.146413081940527	1	UP
CFAP184	-0.581020811218053	0.191109504565227	0.337949516699963	1	DOWN
NDUFV2P1	-0.0839602050721303	0.661978154075228	0.793221086612033	1	DOWN
TRAPPC3	0.0888102220496001	0.4839577069248	0.647802225154713	1	UP
ASCC3	0.271017377022026	7.51590558704071e-08	6.28543701610679e-07	1	UP
NOVA1	-0.00500080886517369	0.975755170456463	0.985438393197732	1	DOWN
THRAP3	-0.424805563195667	4.51850245929273e-15	7.2552087821377e-14	1	DOWN
MDGA2	0.035139959854859	0.944980498940791	0.968092527307059	1	UP
SPAST	0.0693735908236384	0.601160098798657	0.745069841158065	1	UP
PPTC7	-0.0507403700878478	0.61106199762505	0.75268571821145	1	DOWN
DDAH2	0.272535435401584	0.0352054107933494	0.0888186786617828	1	UP
ADIRF	-0.800946746418282	0.233988072778221	0.39195104204452	1	DOWN
ACOT7	-0.0482836140566033	0.634722385377618	0.772280305724675	1	DOWN
CSF2RB	0.478901811447226	1.03001175836985e-08	9.65360821884582e-08	1	UP
TMEM177	-0.820530288987408	0.111457100956252	0.224765080368239	1	DOWN
IFT27	-0.133477229992059	0.328337585395847	0.497828816132136	1	DOWN
KIAA0930	-0.322231073144549	0.00274675367930886	0.0101361944381237	1	DOWN
SNAI2	-0.646094056778971	0.256596871418262	0.41827093751295	1	DOWN
MRPL11	0.120910591682645	0.487182971043648	0.650373659202117	1	UP
CTH	-0.74730251061119	0.0948693807545445	0.198516857990722	1	DOWN
SLC25A18	-2.52432522159834	0.00890433606948656	0.028280562756077	1	DOWN
ZNF721	-0.0107751979773725	0.95934469848208	0.976370887933273	1	DOWN
RGS7	-0.726108779837089	0.0632215890942397	0.143177430496922	1	DOWN
TNFRSF1A	-0.40947940883376	0.000270869056591782	0.00127835687028342	1	DOWN
SYNJ2-IT1	-0.172119489826369	0.793774820016865	0.879202397887612	1	DOWN
FAF2	-0.472763470015301	2.860045444269e-12	3.70013578470289e-11	1	DOWN
FBXO3	-0.120359693150916	0.410520962890534	0.580416635821457	1	DOWN
HIPK3	0.0196730876921882	0.932880010506359	0.962519565316821	1	UP
KIAA1549L	-0.587697672423456	0.0897422648897563	0.189683409378656	1	DOWN
PCIF1	-0.548915904967061	0.000291508122879223	0.00136772204017132	1	DOWN
GSS	0.130894826100808	0.140660099097588	0.267704345062458	1	UP
WWC2	0.542150261461849	2.83765881090023e-22	6.86884547342031e-21	1	UP
HOXA6	-0.745246817510791	0.00326434171904777	0.0117316593339864	1	DOWN
HOXA5	-0.329340402016998	0.0752520992193467	0.164742930740612	1	DOWN
LFNG	-1.16335833433833	0.00234191587246988	0.00880640808562639	1	DOWN
BRAT1	-0.0712036430143311	0.646201886760661	0.782361215279684	1	DOWN
SLC9A8	0.512238613482936	1.59804481270074e-05	9.6022226978538e-05	1	UP
NMRAL1	-0.498526620261743	0.00330590978557974	0.0118662946625467	1	DOWN
CCDC180	0.695794375101288	0.000759242337003919	0.00324705860078237	1	UP
STC2	-0.269387681201402	4.7693485813469e-06	3.144245271398e-05	1	DOWN
BNIP1	-0.00137308348680473	0.99515700614391	0.997296386670294	1	DOWN
ATP6V0E1	0.110154734370623	0.0460519019210056	0.111020036755099	1	UP
MXD1	0.618927127863534	0.000223757695906203	0.00107748166062664	1	UP
COTL1	0.519111833947705	2.7541535195641e-09	2.74295468719647e-08	1	UP
ZCCHC7	-0.143911140367821	0.149634508001188	0.281192233436303	1	DOWN
COX6A1	0.088149236843006	0.276262673607228	0.440646487816357	1	UP
RFXANK	0.532343384077345	0.000442018740763536	0.0019911511292936	1	UP
GK5	0.622733049338283	1.63495231611423e-05	9.81582713758485e-05	1	UP
SELENOF	1.10066212367459	0.0360514804043822	0.0906052075345612	1	UP
RPSAP19	-0.0463564878817538	0.766517856886616	0.862054106166497	1	DOWN
MFSD11	-0.201195330360528	0.146726614770724	0.276807612278294	1	DOWN
ENTPD6	0.617000441028181	2.28088584562718e-11	2.75364088180103e-10	1	UP
RGS3	-0.302152682540239	0.00457726896895154	0.0158282158100787	1	DOWN
MAPK8IP3	0.24563001204757	0.0271733663699948	0.0720253700316938	1	UP
ATP13A1	0.173103363217997	0.0667010458148748	0.149371891069387	1	UP
GSK3A	-0.166498896273025	0.371881282008739	0.542327304434323	1	DOWN
ERF	-0.264697083038317	0.0055185626091401	0.0186241822196832	1	DOWN
HSPA2	-0.0501330943611141	0.971637409695203	0.983424575325124	1	DOWN
NOL7	0.0402381974505837	0.662750084011045	0.793882747351095	1	UP
KIT	-1.18082973597801	2.3389008238567e-11	2.81427608705688e-10	1	DOWN
ZNF547	0.0562584761823385	0.85326701823425	0.917003584855691	1	UP
ZNF773	-0.0686295658120873	0.849965034746117	0.915090098833651	1	DOWN
LENG8-AS1	0.50008794456866	0.14800599689418	0.27871184012481	1	UP
PTPN12	0.473695191374755	1.58701231643382e-05	9.5438680752331e-05	1	UP
HIP1	0.549072431835325	2.02370786812827e-16	3.56207093816341e-15	1	UP
RNF220	0.375843114545843	0.0845458878431541	0.1810569984027	1	UP
POR	-0.117810219847319	0.293389895644637	0.459895583247711	1	DOWN
CLCN2	0.224211199095172	0.391392891861313	0.562005035799666	1	UP
NKTR	0.129329442472742	0.109635559724763	0.221741563832407	1	UP
ZBTB47	-0.00620932143101829	0.96194475349933	0.977983933644211	1	DOWN
SSR3	-0.0466588216570747	0.368723854046429	0.53884287690285	1	DOWN
ZSCAN30	0.0685377072848322	0.630957845538324	0.768845322376156	1	UP
TPCN1	-0.691077098010914	1.12288181723041e-09	1.15575250290574e-08	1	DOWN
GRPR	-1.41863914628886	0.195963829594176	0.344129959875304	1	DOWN
ZNF397	0.00227649310368626	0.986870048912884	0.992640013700848	1	UP
DLST	-0.184483941113316	0.261491067073313	0.423870713435384	1	DOWN
ABCD4	0.300048146536093	0.0391606480099819	0.0971010035742506	1	UP
EPB41L5	0.0219824705054131	0.904741440890493	0.945298139130107	1	UP
AREL1	0.336151728323869	0.000234286800193029	0.00112369019236291	1	UP
TTLL5	-0.739902668235283	1.95810932161488e-14	2.99752519138312e-13	1	DOWN
MEX3B	0.909741606486814	0.000208170886444867	0.00101050637555081	1	UP
TOMM70	-0.032262140577587	0.662039929214235	0.793229335633439	1	DOWN
ABI3BP	-0.78823013444053	6.90786576637325e-11	7.95422854102469e-10	1	DOWN
SLC27A4	0.425068960356702	0.00134820829174742	0.00540742659562641	1	UP
DMXL2	0.0220477441788906	0.765493744729967	0.861538170178563	1	UP
TMT1A	0.234369873364747	0.548683416201532	0.701932015538982	1	UP
NOL6	0.232329090483438	0.0195174140319898	0.0547662427526766	1	UP
SH3BGR	-0.362697817827038	0.426434280815679	0.594941281334947	1	DOWN
TRMT10B	-0.191720383353774	0.346360508486217	0.516165381884534	1	DOWN
COQ4	0.397121316278435	0.000975311835541202	0.00404309562117209	1	UP
SALL4	1.82969660224895	3.93841644969691e-10	4.21585600848667e-09	1	UP
RPL34P6	0.968340924420541	0.12908632891656	0.250999265227827	1	UP
SQLE	-0.19614624911057	0.00281828907822452	0.0103473311660118	1	DOWN
TRIM60P14	-0.0839805101713958	0.886760165066728	0.936511380620488	1	DOWN
TMEM132A	0.253387028782596	0.0337723342418226	0.085862773069771	1	UP
LOC100422441	0.399308239610261	0.108629098103782	0.220046697740751	1	UP
MCPH1-DT	-0.206163160801535	0.600441961521481	0.744613986608335	1	DOWN
XYLB	-0.740507660799597	0.000339277421124539	0.00156692170427316	1	DOWN
TEAD3	0.423645860667254	3.82259296817339e-09	3.76040101995056e-08	1	UP
C6orf89	1.37357270698421e-05	0.999961303034791	0.999961303034791	1	UP
SUSD6	0.391352542412073	3.84243063841222e-05	0.000214887636051451	1	UP
HIF1A	0.0831889015397094	0.364693693260866	0.535098848747363	1	UP
CALM1	-0.675173625349255	1.80430807311356e-17	3.40392375516502e-16	1	DOWN
NCKAP5	-0.642819134013777	3.90589541140266e-17	7.24571175740434e-16	1	DOWN
PSD4	-0.474130961414279	0.0855514461095276	0.182750029228202	1	DOWN
CCDC93	0.270463326194208	0.00083400477983142	0.00352816249219668	1	UP
POLR1B	-0.145580662955656	0.232719049705342	0.390232419040601	1	DOWN
PSMD12	-0.322278030726346	6.26387967899107e-06	4.04465260237265e-05	1	DOWN
ICAM1	0.324739894770246	3.07767214126152e-05	0.000175792253412531	1	UP
COX5A	-0.158555771134593	0.081637922902746	0.176249602726725	1	DOWN
ABCF1	-0.242021495014442	0.00157497053219242	0.00619148508180432	1	DOWN
PRR3	-0.741141437131322	2.16982185025536e-05	0.000127671398851955	1	DOWN
B2M	-0.474103799293508	0.0625715282155748	0.141942914903764	1	DOWN
ZEB1	-0.20350117332666	0.0217494884144104	0.0600385591359398	1	DOWN
ARL1	-0.183640677995994	0.0439348760435252	0.106724305547988	1	DOWN
NUDT3	-0.104555267212196	0.0845955954899738	0.181136605486089	1	DOWN
UTP20	-0.204991681519415	0.00486914660139204	0.0167413841391188	1	DOWN
HECW1	0.364987808953958	0.0965535370080203	0.201515765930517	1	UP
RNF141	-0.129255591372569	0.179301993286928	0.32183494037876	1	DOWN
SLC16A3	-0.660997049700264	1.88052291722519e-16	3.32218052283878e-15	1	DOWN
LCMT1	0.351618894168436	0.0119588348139935	0.0362452017401468	1	UP
RPL21P46	-0.620709265671047	0.303204461157421	0.469978297563648	1	DOWN
MINDY2-DT	0.904950799328134	0.0182070718359677	0.0517933848625136	1	UP
PSMC1	-0.0552951564950911	0.582046614798718	0.730832881263035	1	DOWN
METTL2A	0.0321364208077168	0.797257607552297	0.881497298143707	1	UP
PUS10	0.425403596307915	0.00358564685815562	0.0127773608803814	1	UP
WDR26	0.122154770702285	0.129392846773518	0.251392313622494	1	UP
SANBR	0.0718505692110897	0.5888516566297	0.735415719467271	1	UP
SEH1L	-0.104010705074343	0.330491914406401	0.499941238886936	1	DOWN
HSD17B6	2.06656370922659	3.2895157259232e-20	7.32462122578061e-19	1	UP
HTD2	0.234383170103808	0.532888025519586	0.688921529502911	1	UP
RCE1	0.403500174900032	0.0554246911420112	0.128976201560902	1	UP
SHROOM4	0.306255957660846	0.239738886183648	0.39835191954006	1	UP
SULF1	-0.177896287246055	0.0381961142121085	0.0951347891208514	1	DOWN
MEN1	0.0446884934309999	0.734720619614019	0.843436955623664	1	UP
SLCO5A1	1.46424674224477	0.0247899237019389	0.0667391867270478	1	UP
SDCBP	-0.328209460495035	0.200669557612248	0.34967753250387	1	DOWN
TGS1	-0.277983555036509	0.00441030197098567	0.0153278676726104	1	DOWN
MBD2	0.484001274865196	6.92907216367314e-13	9.41975746352216e-12	1	UP
UXT	0.10780499923703	0.410362521666248	0.580332878396431	1	UP
SLC67A1	0.616151991446123	0.00898097945489539	0.0284676758286232	1	UP
ZCCHC17	-0.221389097341825	0.0515278174788775	0.121631573078611	1	DOWN
PRH1-PRR4	0.660634011369002	0.227771766272883	0.384269376096083	1	UP
E2F8	-2.26162848219105	5.41546506189319e-11	6.29596827107148e-10	1	DOWN
LUM	0.261180942559207	0.0227483185390753	0.0622016937006958	1	UP
POC1B	-0.213078442294478	0.0605946145747125	0.138333771756583	1	DOWN
TMTC3	-0.844614986463198	1.23047163566903e-23	3.16397608666426e-22	1	DOWN
HCG18	0.0226955607427216	0.843736967849785	0.910883738161027	1	UP
RPL5P34	-0.0434373480208338	0.742109352685748	0.847630592448763	1	DOWN
SLC12A2	0.361312974086633	2.26812349577296e-05	0.000133130189428981	1	UP
SNX24	-0.150128413302654	0.660444787557129	0.791974742758947	1	DOWN
LMO7-AS1	0.0234955088514513	0.940187596090383	0.965303797591625	1	UP
SPEN	0.0287360535578154	0.620738916215762	0.760839531656826	1	UP
NUP58	-0.250302507170614	0.000732811117329787	0.00313959485814787	1	DOWN
FAM83G	0.314765719378941	0.0282143606655725	0.0742805112002529	1	UP
SRSF10	-0.178812948939436	0.00361340214808431	0.0128550651014196	1	DOWN
SLC25A14	0.796455608367153	1.18307210836248e-05	7.29376068171766e-05	1	UP
DNAH5	0.655678203854418	0.00130757837422555	0.00526932936027145	1	UP
LZTS3	0.0238732629019622	0.889439332187193	0.937990789567038	1	UP
LIPE-AS1	-0.654534946279128	0.263606802603681	0.426391527247123	1	DOWN
LTB4R2	0.118428368909242	0.723878274343239	0.836192241609444	1	UP
SLC23A3	0.468100437396244	0.323508044849495	0.492781148531681	1	UP
LTB4R	0.13193230276135	0.674015900421818	0.801371456558406	1	UP
CPZ	-0.668349280749598	0.25531326008252	0.4166138122688	1	DOWN
PRKAB2	1.05101337402509	1.10237123254793e-34	4.53856600613964e-33	1	UP
MREG	0.329737574052778	0.125481306836095	0.246091191679079	1	UP
FASTKD2	-0.284017978533863	0.0445238629350598	0.107919212223172	1	DOWN
AASDHPPT	0.375608991065926	0.000751366902381445	0.00321432892430854	1	UP
ATM	0.0439599479596235	0.487349337568293	0.650373659202117	1	UP
RPL7P1	0.0263182737093718	0.678913589032182	0.804904444589717	1	UP
BMAL1	0.52650555750023	0.000214238612208127	0.00103509267302562	1	UP
MNT	-0.0707086161588534	0.544168507629986	0.69813379827423	1	DOWN
JAKMIP3	-1.1070968544765	0.000802774149554404	0.00341303007802609	1	DOWN
C6orf47	0.331919592241132	0.0116351479254086	0.0353903436476699	1	UP
C5orf34	-1.17316929092075	8.02903746320424e-07	5.93188243255442e-06	1	DOWN
ACADSB	-0.353967799643558	0.00387913817539841	0.0136825544966274	1	DOWN
MANEA	-0.390170585762454	5.33819923009298e-05	0.000290993274515555	1	DOWN
ZNF681	0.484390037896002	0.130469634558726	0.252906329846834	1	UP
C1orf53	0.859607709910408	0.0445155818801125	0.107919212223172	1	UP
PMVK	-0.417372844356805	0.00960441542589294	0.0300809291980015	1	DOWN
SAMD5	-0.710622311102766	0.396155467476057	0.567040675564233	1	DOWN
ZFP36	0.379177097855556	0.416742481167712	0.586433447371424	1	UP
MIB1	-0.00468167931958242	0.942419018776195	0.966839219106545	1	DOWN
MBD1	0.177965208492717	0.0975072056290562	0.202890803246291	1	UP
LARGE1	0.0160344444183674	0.888590994665806	0.937301347731063	1	UP
SMAD4	0.0540660468829754	0.657020259458578	0.789637372707577	1	UP
ELAC1	-0.93399377584607	0.000161191621074723	0.000801576089521962	1	DOWN
MORC2	0.00160562351776307	0.985753859469665	0.992000628356277	1	UP
KRT80	1.98268636332656	1.9323443672262e-12	2.54783836229798e-11	1	UP
SOAT1	-0.268013892127554	0.00016509459664811	0.00081816941569336	1	DOWN
FAM241A	0.106417317096019	0.741490124554525	0.847258344038717	1	UP
RNF217-AS1	0.842490153472411	0.00041881701176847	0.00189576021043066	1	UP
YPEL5	0.927229600654604	5.01839090313238e-05	0.000275459929654397	1	UP
LOC339966	-0.0176078932936822	0.983728633478279	0.990859586143069	1	DOWN
TREX1	0.908556344650488	0.272643958562576	0.436523905899872	1	UP
EIF4EBP2	0.653873963479637	1.38984782931695e-34	5.68971415905361e-33	1	UP
MECR	-0.0861271822510306	0.702406610947453	0.821734163452787	1	DOWN
SRSF4	0.0782599024140352	0.231824795752826	0.389112030337716	1	UP
GGA1	0.083921933622829	0.729198307621429	0.839652967604563	1	UP
IPO13	-0.173804268470378	0.10273834577832	0.211109418967379	1	DOWN
PDK1	0.18798074811083	0.0444901604732383	0.107909920946419	1	UP
SCAF1	0.131640171218024	0.0610623007658822	0.139247484356598	1	UP
FSD1L	0.0387156879269673	0.892208808008929	0.939371703641994	1	UP
TTPAL	1.57740568872367	5.68803872334345e-13	7.8060633989588e-12	1	UP
ZNF675	0.160638330035879	0.475179228329735	0.640226840275678	1	UP
SLC22A5	0.448102929512243	0.000942613274476143	0.00392330196700885	1	UP
PLA2G15	0.0706247280792851	0.755674415032404	0.856020300355356	1	UP
SLC7A6	0.529535951368497	0.26187733304536	0.424306462589808	1	UP
VPS26B	-0.177280424734664	0.0652960425148243	0.14693134699186	1	DOWN
ATPAF1	-0.0747398051819223	0.496517753361132	0.65786860528501	1	DOWN
THYN1	-0.103324525660727	0.54556659336901	0.699279166368291	1	DOWN
SLC7A6OS	-0.0546174628412455	0.638897726537439	0.776191783961237	1	DOWN
TGFB1I1	0.256917133071792	0.0458060825598217	0.110520540776333	1	UP
PWWP3A	0.274241403280128	0.00333127617105724	0.0119425135073054	1	UP
RECQL4	-2.19923103453808	1.0105118555667e-13	1.45883185062881e-12	1	DOWN
LRRC14	0.120223252674928	0.48840140021867	0.651156807321709	1	UP
NUDCD3	-0.153752793070479	0.602305790040543	0.745965115861835	1	DOWN
DTWD2	-0.118269574442974	0.473908844745619	0.639157225063194	1	DOWN
PSME1	0.246346988425033	0.0205758308736286	0.0572801641215193	1	UP
LYRM4-AS1	-0.419245070465482	0.237775601366643	0.396228691806891	1	DOWN
ZNF593	0.235411765488729	0.191442220944391	0.338283392574745	1	UP
KIAA0319L	0.0684916497756596	0.37017785893818	0.540402085010167	1	UP
C1orf216	-0.415958270198539	0.00063576401597317	0.00277239273120382	1	DOWN
ADAM33	0.109231830454647	0.270116730868069	0.434270624870578	1	UP
NR2F2-AS1	-0.151796737853395	0.178915220623528	0.321220506054243	1	DOWN
TMEM19	-0.660785966254157	0.000580839686370205	0.00255905924016336	1	DOWN
CCIN	-0.122167521641147	0.757097936367986	0.856692684868355	1	DOWN
TMLHE	0.0527804758093842	0.724878322722121	0.83676703035501	1	UP
RPL17P6	0.0148720070690848	0.857693348147892	0.919615253607511	1	UP
EIF3LP3	-1.25526488075473	0.133559474331658	0.2574608029147	1	DOWN
MX2	0.823983223079089	3.24140177381841e-06	2.20326891032219e-05	1	UP
NUAK2	0.468395565291286	3.76427875143035e-05	0.00021068006288505	1	UP
TMEM256	-0.0219714203122969	0.927816016809599	0.959555518422351	1	DOWN
TMSB4X	-0.869937429133572	5.72967540269049e-22	1.36407807651203e-20	1	DOWN
DHRS3	1.21056157145508	6.65508706544976e-36	2.87082576665118e-34	1	UP
FAM225B	-1.04908039714026	7.18202650011282e-09	6.86879318022041e-08	1	DOWN
PDPN	-0.102165795085228	0.578210263418848	0.727710521178682	1	DOWN
ACSL1	0.00682764485476587	0.940576244879074	0.965465844019304	1	UP
CDC42EP4	-0.971812892925062	7.30247186985038e-24	1.8979859890505e-22	1	DOWN
PKD2	-0.422539115272465	1.54439507636689e-14	2.39464090649978e-13	1	DOWN
ID2	-0.590540227034262	0.0119367286499121	0.0362009791647177	1	DOWN
TMEM130	0.262499676292262	0.304746658533367	0.471761538560866	1	UP
LINC01391	-0.193203093304233	0.098786130934273	0.204961719760399	1	DOWN
RPL27A	0.0597166179334686	0.245842399949012	0.405185734678738	1	UP
DENND2B	0.366384593756052	1.2322002359152e-06	8.86779163805307e-06	1	UP
AP1S2	-0.069150714502304	0.427607230640885	0.596174827784991	1	DOWN
CDYL2	0.302347991168095	0.000109760101629698	0.000564262977108063	1	UP
C2CD2	1.05146184401085	2.26579390003793e-10	2.48429344836481e-09	1	UP
NME1-NME2	0.494032818904308	0.420768280710547	0.589597830364406	1	UP
CREB3L1	0.21220111451148	0.0041819151467044	0.0146468385324831	1	UP
TRMT13	0.0113649252090405	0.932386365447348	0.962078926603329	1	UP
LOC105378289	0.437386310536285	0.482515011181423	0.646505347768455	1	UP
ANKRD2	-0.305971627980741	0.684981884209675	0.809124214397298	1	DOWN
CUL1	-0.0336401169474486	0.801310348138665	0.883831135831649	1	DOWN
RBM26-AS1	-0.104257353840249	0.858313345262403	0.920071667709145	1	DOWN
COL6A6	-0.346656746464689	0.220319538735248	0.375142883735486	1	DOWN
LINC02936	0.622049186223362	0.23442399706653	0.392436853210237	1	UP
PAPPA	0.719633734420439	6.27238264158391e-46	3.95817474032878e-44	1	UP
MARCHF6	0.0517310629035636	0.533328591766196	0.689306097809972	1	UP
ZFP91	-0.101725230412066	0.0655925359645087	0.147437818824563	1	DOWN
BCDIN3D	-0.260523069221108	0.344602212932863	0.514388224688042	1	DOWN
C17orf58	0.456774710475871	0.14049105165181	0.267453061180385	1	UP
PCID2	-0.447981639599401	6.77627375295071e-05	0.000361478220156683	1	DOWN
LRRC24	0.168321474100531	0.791291382039108	0.878290842585933	1	UP
C17orf100	0.24288103609287	0.738295615646449	0.845613849703324	1	UP
LCIIAR	-1.02948621903009	0.0545347204990585	0.127210639335606	1	DOWN
SGCD	2.37331840482298	0.0013254155974373	0.00532783888694476	1	UP
TMEM165	0.413360191356024	2.32567677365222e-11	2.80303211476632e-10	1	UP
PDGFRA	-0.00843694503478818	0.864059375337371	0.923482540429803	1	DOWN
CLOCK	-0.824267603542416	3.82883831268331e-38	1.73449976352936e-36	1	DOWN
ZNF496	-0.0864671845744062	0.399764254356743	0.570702867166451	1	DOWN
PSG4	0.0818464449751549	0.157588180018464	0.292429189393254	1	UP
PSG11	0.980309424940177	0.160457862043531	0.296594597645314	1	UP
LRRC3	-0.0773333452931129	0.865500829564681	0.92462131204548	1	DOWN
FOXO3B	0.0809197442400389	0.894837656544631	0.940321333240726	1	UP
GPRC5D-AS1	0.105111665638694	0.655109655521112	0.788258920227776	1	UP
TNFRSF12A	0.416182804507252	7.21019226171212e-06	4.60426373725152e-05	1	UP
CDC45	-2.32659137034481	3.43777081266447e-19	7.33814269037138e-18	1	DOWN
CPM	-0.567920693825315	0.000922145742494984	0.00384919934280619	1	DOWN
BRPF3	-0.237570731762058	0.220447998227141	0.375228977901109	1	DOWN
NUP50	0.150510425416763	0.195222410617546	0.343332001440204	1	UP
CHST7	-0.291808236757884	0.14073891549098	0.267819076607868	1	DOWN
HDAC9	-0.633238601122232	5.9932117176431e-08	5.07666486117588e-07	1	DOWN
CHMP6	0.202375758219739	0.181727911793026	0.325294784481123	1	UP
YES1	-0.589416253408232	3.15976241182328e-15	5.1653536892826e-14	1	DOWN
SSNA1	-0.508979072075648	0.0179442406485916	0.0511867788418471	1	DOWN
CSTF3	-0.117747834744848	0.286471374129836	0.452338049338971	1	DOWN
LINC02102	-1.60590589103083	0.00179655792829168	0.0069715517244208	1	DOWN
SPRED2	-0.0621432140939029	0.508777821154518	0.66933178456894	1	DOWN
TMEM187	-0.0170420551569359	0.951083049182157	0.971520544548763	1	DOWN
ASPH	0.0779084520860816	0.569063269177008	0.719406290165072	1	UP
DIP2B	0.67867254979718	4.38435373144305e-33	1.71702698572042e-31	1	UP
DSP	0.990582270702621	8.15823101446367e-87	1.61499447109609e-84	1	UP
LRPAP1	0.00925703653135934	0.900119914756228	0.943197221966663	1	UP
SLBP	-0.373882530514897	0.00087079125277104	0.00366234120890405	1	DOWN
POP5	-0.452770381852582	0.0192093170311497	0.05409879224644	1	DOWN
SLC16A14	0.892944172818524	7.53703378722099e-05	0.000398673774740595	1	UP
PIH1D2	-0.110908433578166	0.804182878226346	0.885360869514622	1	DOWN
CFAP206	1.29524553861047	0.0398558133456839	0.0985382991716815	1	UP
ARRB2	-0.302416191962841	0.262250997987875	0.42467382025132	1	DOWN
SRRM1	-0.355586512533106	4.95818072441958e-06	3.25981208592299e-05	1	DOWN
RTL5	0.259597059702753	0.0379192313707298	0.094608220396826	1	UP
ERMN	1.22812947043692	0.0859517044584506	0.183415251200394	1	UP
GALNT5	-0.203647279156089	0.0107456697152218	0.0331382144802967	1	DOWN
SCN7A	6.94434400468918	2.90652447633865e-07	2.26426874434339e-06	1	UP
TMEM217	-0.103736211722159	0.786024002104352	0.874603694216898	1	DOWN
NKAPD1	-0.184079866559046	0.549781300872272	0.702838780865641	1	DOWN
MUS81	0.507003526681538	3.67847982054742e-05	0.000206678506558051	1	UP
PURG	-0.410201130735711	0.0270326356838075	0.0716918000122412	1	DOWN
LRRC20	-1.11531070463776	3.287862596004e-05	0.000186837995968753	1	DOWN
SHLD2	0.234826982008026	0.0634475564066696	0.143509256164154	1	UP
NME1	-0.100919924620513	0.467147244528571	0.63302206282909	1	DOWN
HRAS	0.342110700407583	0.011193949531233	0.0343447483388213	1	UP
PARD3B	-0.168443443810822	0.367193312474929	0.53743724381848	1	DOWN
MAN1C1	-0.353745051781057	0.000216848500679591	0.00104665253283927	1	DOWN
MTFR1L	0.0577667990408611	0.564414964189216	0.715344733160705	1	UP
DENND2C	0.766589818325962	0.000513194725606318	0.00228541663474173	1	UP
OTULINL	-0.496533550998305	0.000180133347140907	0.000885748869783293	1	DOWN
FUT8	-0.663530342805862	1.14810580009208e-23	2.95744686579869e-22	1	DOWN
UBA6	0.113284632892974	0.0458828156823542	0.110656303308695	1	UP
CHRNA5	-0.324253748448595	0.682665365515318	0.807828136018823	1	DOWN
FBXO31	-0.0229044418478314	0.814516001449097	0.89211541131885	1	DOWN
STUB1	-0.0203837107725961	0.90982313683817	0.94888819936414	1	DOWN
EBNA1BP2	-0.360220485554119	3.4005886561405e-05	0.000192682398017036	1	DOWN
SLC2A1	0.105266558485029	0.105237604794813	0.214653437162509	1	UP
CDC20	-2.98435183961229	6.33423379258551e-106	1.79482377522849e-103	1	DOWN
RHBDL1	0.275845519024871	0.639705725598463	0.776969863895057	1	UP
NCAPG2	-2.00160365224255	3.73599835363287e-85	6.74861402604357e-83	1	DOWN
MGA	0.050445632378939	0.523188319519415	0.681564446531603	1	UP
CTDNEP1	0.0473640678460427	0.826583247351109	0.899654749941081	1	UP
CTNNA1	0.131345133759021	0.219834647145103	0.374493750547434	1	UP
LRTM3	0.630581325493844	0.128631760430032	0.250418640707853	1	UP
TRAPPC14	0.48803980604805	0.00174537835796381	0.00679484446415275	1	UP
SIAE	0.384134626973174	0.0969906991683047	0.202193606011843	1	UP
DNAJC4	-0.407176118071638	0.125381330608224	0.245946193649986	1	DOWN
LOC100420214	0.468114440461966	0.499792527712688	0.660997901755643	1	UP
IAH1	0.0338221715882116	0.757298052687285	0.856784949454627	1	UP
LDHA	-0.246895908578527	0.00635678134051564	0.0210450967128961	1	DOWN
RGS5	0.807195149646856	0.225429953322776	0.381596375245102	1	UP
AFF3	0.805752400671251	0.00799330089685091	0.0257263232205774	1	UP
METRNL	0.382651991256075	0.000169845140639233	0.000837976144546793	1	UP
LINC01252	-0.176180720421518	0.709103741712849	0.826256808641925	1	DOWN
RHOBTB1	0.379698379762568	0.00099031927676511	0.00409473644307085	1	UP
ARPC4-TTLL3	0.611032467625593	0.000137145436800369	0.000691758711065317	1	UP
ARHGEF7	0.109905673780917	0.091372373355347	0.192509428102948	1	UP
LNX2	0.512432250770858	0.00020390745818751	0.00099080923949822	1	UP
SLC7A1	0.165426386163695	0.00668314491277485	0.0219645501784192	1	UP
BAX	-0.203537418862957	0.00879809997822046	0.0279985339760546	1	DOWN
SRRT	-0.0208032580738129	0.828585570070235	0.900902119711456	1	DOWN
FTL	-0.142687943753151	0.0418830691886328	0.102637312675078	1	DOWN
OGDH	-0.478768461570541	1.82433265821914e-10	2.01863945206162e-09	1	DOWN
PCED1A	-0.530360647777711	0.00202054999143904	0.00773677977677094	1	DOWN
SNAP25	-1.52582140242783	0.000335051854065632	0.00154889134456252	1	DOWN
LINC01963	-0.48528902208778	0.000476315197245494	0.00213103124315623	1	DOWN
SERTM2	3.61892432185331	5.42817160940495e-78	8.17109457578239e-76	1	UP
EXOC3	-0.0264531403578962	0.826433876465031	0.899645645860351	1	DOWN
OCIAD1	0.194653818927645	0.17089171156623	0.310717586884816	1	UP
NHEJ1	0.329416756633546	0.0124508930227684	0.0375318846625002	1	UP
TCEA1	-0.176445019010334	0.344385283748859	0.514204142419253	1	DOWN
USP46	0.456181084188829	3.54150682081227e-06	2.38371285829335e-05	1	UP
KPTN	0.47627383421419	0.0490094436218367	0.116831981157895	1	UP
SMURF2	-0.489952245647488	1.74113991404465e-11	2.11616592917235e-10	1	DOWN
PUSL1	-0.139916786183087	0.538916185777724	0.693673982423968	1	DOWN
SF3B5	-0.0142295948692936	0.884753641379509	0.935780931828682	1	DOWN
NUTM2D	1.13618580704192	0.0946105038236694	0.198089885649934	1	UP
GAB1	0.0745636930252396	0.466416188512253	0.63252443132419	1	UP
SELENOP	-0.0605777803144805	0.702078995900675	0.821493266939395	1	DOWN
RPS19	0.207721545784299	0.00762842834802761	0.0246784011769302	1	UP
NOP53	0.0805633927237267	0.611810713800825	0.753154154965135	1	UP
BICRAL	-0.072604254404587	0.563199911679575	0.714683109396439	1	DOWN
CCDC47	-0.521288370547164	4.61168840120305e-05	0.000254558858234474	1	DOWN
CPD	0.24241303505506	6.96447140493563e-06	4.46510986125665e-05	1	UP
RPS23P8	0.137639482398243	0.15762384156471	0.292429189393254	1	UP
GOSR1	0.160509152823265	0.0427188171577928	0.104349159355521	1	UP
LMCD1-AS1	-0.541774184910737	0.408140276793218	0.578976650627152	1	DOWN
DNAH10OS	0.402319306360851	0.137171360829709	0.262551699592846	1	UP
LINC02987	-0.0629426423694104	0.803520285335438	0.885145299651353	1	DOWN
GNG2	-0.130574573576971	0.769661419016464	0.863930555024998	1	DOWN
RPS23	0.00350979836963369	0.965148112993493	0.979586696226223	1	UP
GM2A	-0.531466485501167	1.31312459767314e-08	1.20789074226445e-07	1	DOWN
H2AC13	-3.1319244357615	2.31938676704759e-79	3.60402776028008e-77	1	DOWN
JAG2	0.703409179924582	0.0279484803631754	0.0737148183479189	1	UP
PSG2	0.43277634721496	0.0159805748182504	0.0464004996380423	1	UP
AP4S1	0.103872319368498	0.767516804437778	0.86260049391037	1	UP
POLE2	-2.05884243922645	1.53683066731415e-08	1.40146695123299e-07	1	DOWN
SRSF3	-0.0727241895275793	0.286041128345369	0.451954990784925	1	DOWN
LOC122526780	0.517656048325984	0.097653072105272	0.203048135970257	1	UP
NPHP3	0.25263656754586	0.0250585941287305	0.0673714872100994	1	UP
ZSWIM7	0.310579570144679	0.169702460454505	0.309096326698771	1	UP
NT5C2	-0.143251260686473	0.0299697668902938	0.0780207352425934	1	DOWN
RPL22	-0.0830054894799648	0.269210437397812	0.433224947754541	1	DOWN
TSPAN10	-0.0826878584719373	0.769655495142609	0.863930555024998	1	DOWN
APCDD1	-2.34027930847808	2.41772346994269e-13	3.39868889729006e-12	1	DOWN
SLC46A1	0.0322240199249608	0.852089634176067	0.91638346415323	1	UP
ARSA	0.501847993798418	0.00987106860065446	0.0307693728101936	1	UP
PSD	0.107442164126709	0.830836919080844	0.902529231220994	1	UP
MCAT	-0.121726339444789	0.558204447872536	0.710672758308422	1	DOWN
TAF5L	-0.104745652609453	0.300218692956306	0.467053539876368	1	DOWN
THOC5	0.0350291944679074	0.667694046913191	0.797491253156668	1	UP
MCM5	-2.49949205124167	3.91080511348748e-66	4.31412554923722e-64	1	DOWN
HMOX1	-0.779253666057883	6.554900230797e-11	7.5598454297883e-10	1	DOWN
RN7SL398P	-1.1772014582447	0.0272756747061012	0.072261197987794	1	DOWN
ARMC7	-0.352141997706993	0.197899755502311	0.34650412988792	1	DOWN
EXTL3	-0.695815825090796	0.0219265490489783	0.0603929482054385	1	DOWN
MRPS7	0.0996523829841999	0.368073770051184	0.538309285599601	1	UP
GGA3	-0.178332220594822	0.292874632187942	0.459389870366253	1	DOWN
PXYLP1	0.139158141556627	0.607778273823374	0.750283522939889	1	UP
JMY	0.0637347133593754	0.546823702394783	0.700382914617205	1	UP
FAM83H	0.908132938144533	0.000539581472207918	0.00239701563322368	1	UP
GAS2L1	-0.0150316870920099	0.912011959269952	0.95055786681645	1	DOWN
PRKN	-0.217907566658982	0.580153673959878	0.729343257276572	1	DOWN
ATP6V0A2	-0.0966466104122909	0.331422681429289	0.501034540154269	1	DOWN
TEDC1	-1.71312644496523	6.41953379566307e-05	0.00034409748843148	1	DOWN
GUCY1A2	0.638335315292528	0.108148480512386	0.219255568446197	1	UP
NACC1	-0.501750278785185	5.16499677475059e-10	5.47209445688569e-09	1	DOWN
TCF7L1	0.28023989965029	0.0168368810715409	0.0484680813475772	1	UP
CHUK	0.065222170237836	0.430553098345571	0.599299058388735	1	UP
MXD3	-0.672279999469944	0.083455348100835	0.179098762741442	1	DOWN
CRYAB	-0.223988032004303	0.0380826994739332	0.0949013778406292	1	DOWN
YIPF1	0.172163308711665	0.134275556968603	0.258241557806151	1	UP
ITGA9-AS1	-0.438194881619994	0.160674937243329	0.296881922785238	1	DOWN
KLHL13	-0.359640305881169	0.497371638107738	0.658680126676587	1	DOWN
ZNF639	-0.231418558618668	0.116049132376233	0.232017987267424	1	DOWN
RFPL4B	-2.58941221974772	0.00181664835029977	0.00703440120851607	1	DOWN
EGFLAM-AS5	-0.245533983624756	0.72428867229452	0.836577195225	1	DOWN
LINC01429	3.05315466434457	0.000228491918696976	0.00109698894255482	1	UP
TEF	-0.0243069271702323	0.882194264428235	0.934190710846344	1	DOWN
AK2P1	-0.023296517486794	0.903495480117671	0.944639793346847	1	DOWN
GNB1L	0.0722772891929819	0.782128247512736	0.87217650318748	1	UP
WDR83	-0.245700622485763	0.324992395251321	0.494349577120584	1	DOWN
GIPC1	0.541983130310111	8.65250043846301e-07	6.35675057632074e-06	1	UP
LMBRD1	0.083813160298532	0.461898654478496	0.628580606071075	1	UP
RBPJ	0.593452812953267	0.0295243381355082	0.0770833261781805	1	UP
SDC3	-0.0250729326821313	0.717459447190501	0.83177821555238	1	DOWN
PEF1	-0.0664047286526384	0.61622538403178	0.757040978036492	1	DOWN
ECT2	-0.602729020635827	1.03503432493814e-10	1.16945121420493e-09	1	DOWN
ZNF8-DT	-0.0670650133803253	0.775766695757737	0.867504941857276	1	DOWN
ASL	-0.0618343773560656	0.620106487260602	0.760193319257123	1	DOWN
SBDS	0.243736044094771	0.00605123337483772	0.0201350157724568	1	UP
FNIP2	0.992268435671109	1.19040352679846e-37	5.32585800797664e-36	1	UP
RRAGC-DT	0.0433413213075396	0.909950360998426	0.94888819936414	1	UP
WDR19	-0.331937572863047	0.000169405071912835	0.000836090401028818	1	DOWN
TAS2R46	0.36657464261455	0.444592572633782	0.612872903786763	1	UP
SH3RF1	0.544517572700131	1.01812271152445e-15	1.70881432104992e-14	1	UP
KRT10-AS1	-0.948680002687205	0.0023537714283024	0.00883948828232796	1	DOWN
GHDC	0.0774614480155168	0.745091395590655	0.849157394138845	1	UP
C11orf96	-0.715458890369843	0.0941129989571779	0.197219685024678	1	DOWN
R3HDM2	-0.211536343721897	0.00811910189846047	0.0260963393093088	1	DOWN
SEPHS2	-0.300644543676132	0.0126845469349169	0.0380931811630266	1	DOWN
AKAP8L	-0.0491689510707751	0.624329452236001	0.763556610888833	1	DOWN
RAB28	0.287952744997624	0.0966923782916228	0.20167926487172	1	UP
IGSF9B	0.108086746959958	0.805853202778923	0.886737881891021	1	UP
AKR1E2	0.0513912977588701	0.897758402086183	0.941496327011346	1	UP
MGME1	-0.763696388572007	9.73046282516236e-06	6.07933066521493e-05	1	DOWN
SNRPB2	-0.0594263346486087	0.496898140213273	0.658173696079011	1	DOWN
TBC1D20	0.0308019438143947	0.89042420901216	0.938481529023027	1	UP
ITPA	0.100300652930513	0.433797415224351	0.602774773496295	1	UP
KTN1-AS1	0.48149209499585	0.191303397902153	0.338126883938847	1	UP
CAPN1-AS1	-0.511272574360984	0.373372096955297	0.544185594866465	1	DOWN
DNAJB6P1	0.223036655275519	0.0171997043984215	0.0493160571947597	1	UP
PCDHGB1	-0.0420392311702801	0.926982364179356	0.959274338130572	1	DOWN
GARIN1A	0.582985664598547	0.0400359248516916	0.0988859364848277	1	UP
TMEM231	0.0273027053103587	0.923745439983739	0.957882129248351	1	UP
SLC25A13	0.414103323003812	0.000121278818152896	0.000618201129145503	1	UP
ST7	0.0324130547677485	0.71525934407156	0.830284583595318	1	UP
DEPTOR	-0.124793647900911	0.12292463121824	0.242245171926195	1	DOWN
CBR3	-1.70283250339113	1.14042591417796e-12	1.53020379626608e-11	1	DOWN
FAM168A	-0.851090980433129	2.54563905392762e-19	5.4742604119506e-18	1	DOWN
RELT	0.375392254280156	0.0227464018053895	0.0622016937006958	1	UP
RPL36	-0.168955741900174	0.103339111353028	0.212090904459078	1	DOWN
CIAPIN1	0.235791610819723	0.227780186536506	0.384269376096083	1	UP
USP38	0.134743392723911	0.0862545431558687	0.183790091882256	1	UP
RPS21	-0.14159681208678	0.293376272351397	0.459895583247711	1	DOWN
KRT18P5	-0.167032792842864	0.68805020955257	0.811452866301229	1	DOWN
DUXAP8	0.0398105952599648	0.957518127831284	0.975336185612877	1	UP
ATP10A	0.833363769661351	0.107752269198053	0.218605649611268	1	UP
TRAPPC12	-0.0817045716327455	0.575860438354745	0.725713717159189	1	DOWN
CD14	-0.755504967351277	0.363722409701863	0.534223354367239	1	DOWN
BBS2	-0.16299544262925	0.0678090143993533	0.151267068089697	1	DOWN
CSRNP3	0.450154926616382	0.0862384595130947	0.183782919690861	1	UP
DGCR6L	-0.165706191696131	0.402644579323998	0.573601815438791	1	DOWN
ZNF713	0.692199294037254	0.0111647686206324	0.0342697687631178	1	UP
RAB17	-0.519892273300258	0.500844517233049	0.661823712375164	1	DOWN
LRRFIP1	0.603138997790816	2.66526089302739e-18	5.29061609411247e-17	1	UP
ADGRA3P1	0.180825680536692	0.687586480336853	0.811127528763091	1	UP
FRYL	0.100239156836855	0.239815532951601	0.398433463633431	1	UP
SSU72-AS1	1.57749244599501	0.00690733060349388	0.0225934437643934	1	UP
KCTD21-AS1	-0.849809872470974	0.155538338356092	0.28961177975316	1	DOWN
ARHGAP35	-1.03032158776523	8.59268550149509e-52	6.74852707511443e-50	1	DOWN
RTL10	0.257501220892821	0.755283051447368	0.855778216752855	1	UP
ATXN2	0.131697566568871	0.0805402889913473	0.174260774998347	1	UP
DCTN1	0.106722937380581	0.0933134446145065	0.195885036043613	1	UP
FAM118A	1.21472944748584	3.77518115508191e-14	5.62424153320502e-13	1	UP
CFAP298-TCP10L	7.99320027203865	5.48596087704632e-10	5.78668763753258e-09	1	UP
ESCO2	-2.82983263327693	1.55314910990946e-39	7.4566637167115e-38	1	DOWN
TOM1L2	0.14155682498908	0.0985179028200658	0.20455204219149	1	UP
PRRG4	-0.993410973691576	0.0045288734127235	0.0156833811855421	1	DOWN
NAT10	-0.413428324624167	3.33285534599023e-06	2.25693967220735e-05	1	DOWN
C10orf67	-0.271014837725733	0.642558813493679	0.779714284473689	1	DOWN
CHMP7	0.486292028734487	0.0178802298136316	0.0510344066831504	1	UP
SAMD4B	-0.0101243638535669	0.92901312611871	0.960449898808233	1	DOWN
SLC25A37	0.239127457311847	0.221101644075466	0.375943035478828	1	UP
CAMK2D	-0.144242012127813	0.0345568369656492	0.0874572418547455	1	DOWN
TBCK	-0.323070786797059	0.000262399196913339	0.00124366375683656	1	DOWN
RRM2B	0.383066137002467	1.16256691694991e-08	1.07832185602331e-07	1	UP
SAMD1	-0.0532683034544873	0.731072395818221	0.84087243522971	1	DOWN
PDCD6	-0.0604072695017463	0.614207837555017	0.755498743243712	1	DOWN
PPP4R3B	-0.270507122526228	7.86576012916021e-05	0.000414847078928811	1	DOWN
EPC2	0.203147310680258	0.0217768195702973	0.0600833452840958	1	UP
UFD1	0.039324256500457	0.635538469284027	0.773143060832012	1	UP
LRP6	0.144039758553936	0.0197459962977611	0.0552895548341301	1	UP
H3C10	-2.0013611445309	2.006109537829e-22	4.91360829341812e-21	1	DOWN
RAN	0.0210720654127364	0.915220099565074	0.952390412530776	1	UP
RAB1A	-0.451737728948699	1.27013400386561e-07	1.03348572578051e-06	1	DOWN
MESTIT1	-0.819851361704853	0.197335699615779	0.345786127700694	1	DOWN
CYP1B1	-0.457949134642462	0.00219973486480999	0.00833683937355604	1	DOWN
AK2	-0.220739128354534	0.0134530390587482	0.040059729535951	1	DOWN
TMEM201	-0.238515528643494	0.235560743436038	0.393672753948674	1	DOWN
GPX1	0.199196652280975	0.691024091536987	0.814138959523419	1	UP
TUBB2A	0.517548333716516	1.39203235672167e-08	1.27398730759879e-07	1	UP
SLC22A23	2.35961341924209	9.64149874328056e-51	7.25673428849726e-49	1	UP
KIAA1614-AS1	-0.65553175394599	0.113057450818055	0.227368328791213	1	DOWN
LRRC1	0.360990967217714	0.00150178779695782	0.00592959985077526	1	UP
SPR	-0.285887553014214	0.0499910504676518	0.118760590219963	1	DOWN
PHF8	-0.00147537485425521	0.992116557758499	0.995492041117072	1	DOWN
LINC00664	0.335791469036299	0.480975651813423	0.645197372962939	1	UP
POMP	-0.0415477932506281	0.738685693441809	0.845725475830105	1	DOWN
DPH5-DT	-0.2601237062385	0.196892772769789	0.345386921497478	1	DOWN
SEPHS1	-0.218620429768007	0.261703877839925	0.424120526933358	1	DOWN
AKAP11	-1.18509861733206	7.54680678562984e-64	7.90281919269108e-62	1	DOWN
RN7SL2	0.332596800331847	0.000156157615744881	0.000779493507816675	1	UP
CTU1	-0.332600813063439	0.277699954360422	0.442403488089787	1	DOWN
PDGFA-DT	0.27056401225463	0.599349229426072	0.743740284757961	1	UP
NFKBIA	-1.06493447802594	2.62293847072476e-20	5.8584364513823e-19	1	DOWN
PSMA6	-0.285314159218855	0.0476521462739973	0.114161333853703	1	DOWN
EMC9	0.139815488968691	0.544771449398772	0.698535245364832	1	UP
ETV6	0.806575434859008	1.23131580496903e-20	2.79775860025275e-19	1	UP
MRTFB	0.225518535002202	0.314320767133739	0.482140898614761	1	UP
DDHD2	0.0956182444998064	0.306349331767678	0.473431097569748	1	UP
MRFAP1L2	-0.405896300079832	0.0327677188153483	0.0838099654160351	1	DOWN
CAMKK2	0.840805595711613	3.80753046061592e-15	6.16845545811218e-14	1	UP
PSG6	0.612735513130568	0.000222719019488433	0.00107283751687578	1	UP
KIF13B	1.02431300958863	1.2111368145031e-48	8.63310520778985e-47	1	UP
ADH5	0.16034485757336	0.120423220177236	0.238748244585161	1	UP
SIDT2	0.1833237769408	0.146124989265397	0.275996891893119	1	UP
ACADM	0.00141896908614802	0.989799367326487	0.99429172477574	1	UP
GLT8D1	-0.0836188971600447	0.435628771045541	0.604558856273803	1	DOWN
MGST2	0.235215291072568	0.36440828667156	0.535006009416917	1	UP
H4C12	-1.02778159007353	6.58674603315316e-14	9.59526884325568e-13	1	DOWN
ZNF367	-3.33322045499627	3.24310836179692e-24	8.5678535532591e-23	1	DOWN
EXD2	0.159880960692489	0.47914043463632	0.643499853246232	1	UP
WDR5	-0.2838768280779	0.00231912868479654	0.00873663415641157	1	DOWN
DCAF6	0.101776539819688	0.114467525809906	0.229554567787809	1	UP
CREG1	0.378445906199142	8.14382761183352e-06	5.14813879346484e-05	1	UP
CCDC150	-0.784879585571586	0.000531729164649096	0.00236504098440877	1	DOWN
ARHGEF9	-0.374858737625915	0.114657293718306	0.229839443962164	1	DOWN
BOLA3-DT	-0.282010664220013	0.244063623468913	0.403562657607248	1	DOWN
RAB11A	1.17650877442661	0.00900627191002734	0.028535328956765	1	UP
EDA2R	0.120077136520183	0.251638752539198	0.411966875829155	1	UP
LINC01504	-0.402284828754686	0.310026466490022	0.477479747122169	1	DOWN
RILPL2	-0.622404161632987	5.49547042921524e-06	3.59019182516227e-05	1	DOWN
FOLR3	0.259950180088064	0.222771301933716	0.378151838476143	1	UP
ANAPC15	-0.101204981676808	0.440619660641857	0.609119887902195	1	DOWN
CNTF	0.44366373054173	0.154287054171452	0.287764870912707	1	UP
NUP35	-0.728313555695789	0.000108829545677444	0.000560276367860614	1	DOWN
LTBP3	0.0814936152889969	0.359970831154513	0.530323017740225	1	UP
CFAP36	0.250802042093745	0.0303394213924224	0.0786995114955836	1	UP
CCDC138	-0.493754306451235	0.0127155114208605	0.0381782371790682	1	DOWN
FAM180A	-1.74592145293	1.94962194584816e-07	1.55485578032294e-06	1	DOWN
EDEM1	-0.0922586068141875	0.212666649902556	0.365080275331651	1	DOWN
ARL8B	-0.0490229428775238	0.783230756913875	0.872673468310114	1	DOWN
ARIH1	-0.0357753662596542	0.622343546231559	0.762030722470112	1	DOWN
KLHDC9	-0.521544845625685	0.574031561879717	0.723977142670954	1	DOWN
ACTMAP	0.10742226958571	0.824502936792544	0.898100991966781	1	UP
C1orf74	-0.728175128069853	0.0304128424547567	0.0788616519493431	1	DOWN
EXOC4	-0.376853927883498	4.10625845701527e-07	3.13385824814211e-06	1	DOWN
HSPA8P8	-0.0676636478820384	0.907070802770496	0.947110410723715	1	DOWN
EDN1	2.89203095889095	4.3657101933989e-69	5.48598939172239e-67	1	UP
MLLT10	-0.182150113769666	0.0229209259595339	0.0625434858461526	1	DOWN
LTBR	0.0532031100080549	0.652966491010581	0.787044897747832	1	UP
TMEM255B	0.051856152985746	0.801167972973449	0.883831135831649	1	UP
KCNAB2	0.0509204998628395	0.882037969636958	0.934177501291142	1	UP
TEFM	0.121473478187019	0.542539450790089	0.697090840782915	1	UP
CORO7	0.609835938856545	0.00221897488444602	0.00839654518332795	1	UP
NOTCH3	0.335601401162645	0.000766131708910474	0.00327361600398145	1	UP
HSD17B12	-0.00497588598699359	0.936992443410325	0.964247479475286	1	DOWN
APIP	-0.185290494347982	0.302696193495544	0.46934149057984	1	DOWN
TANC1	0.0293843741037211	0.585642390983977	0.733118346509828	1	UP
LINC00517	-2.22809597931067	0.000858234005978577	0.00361373532062833	1	DOWN
ERC2	1.40820349127979	0.0326654597301923	0.0835780025780823	1	UP
SPRY4	-0.134724390251394	0.204873041653082	0.354996875363515	1	DOWN
CSNK2A1	-0.169548115092515	0.49252305680476	0.654951096992733	1	DOWN
RASSF2	1.28510884757778	6.16610816084653e-15	9.8243030906718e-14	1	UP
PAK2	-0.0840605030030319	0.126842592913672	0.24793755041194	1	DOWN
CCDC66	-0.0260573443244593	0.854702616947059	0.917494244354624	1	DOWN
ZNF749	0.358470490980387	0.0505776023875783	0.119858467055247	1	UP
ARFGAP1	-0.0866458969506848	0.367754314005427	0.538005425358618	1	DOWN
TCFL5	-0.365345096149827	0.00902564231608306	0.0285842863016873	1	DOWN
DIDO1	-0.0196826198665834	0.746247949341364	0.849952646778675	1	DOWN
GID8	-0.113647434465892	0.170067825403149	0.309669001846149	1	DOWN
SLC17A9	0.0617417191636291	0.557728133761622	0.710358651594324	1	UP
C8orf82	0.449698528171437	0.214469318728561	0.36712818348098	1	UP
CNPY2	0.313108115934514	0.0500552383158381	0.118855537636949	1	UP
TESK2	-0.0826766765360848	0.828058706248407	0.900524972075125	1	DOWN
PABPC1	-0.347761336954831	9.27997402134992e-06	5.82052537250554e-05	1	DOWN
GGCT	-0.266583433286534	0.214742879749651	0.367433149108261	1	DOWN
AIFM3	0.392932746702927	0.460494389834965	0.627319421899046	1	UP
FOXL2	-0.125024290579075	0.192031457815343	0.33904051275376	1	DOWN
KCTD16	0.20227471536329	0.0689481084432008	0.153216840706242	1	UP
MMS19	-0.0740013553996034	0.445644564941549	0.613753290279135	1	DOWN
PDSS2	-0.248118380152649	0.0325679211031355	0.0833874960775002	1	DOWN
DNLZ	0.0918514836213819	0.759002518200601	0.857551770960918	1	UP
NFYA	0.0130060121489857	0.90156706695016	0.943482198891792	1	UP
ZNF263	-0.762438806600521	9.0397999885762e-06	5.68221616506806e-05	1	DOWN
CFI	0.542625692463886	0.0364800390052118	0.0915389900441597	1	UP
FHIP1A	-1.07208524562416	0.0340506941874436	0.0864639925676942	1	DOWN
ARFIP1	0.323415325413352	0.287895920777093	0.454113972620494	1	UP
ANKRD49	0.852614917945232	0.000361576103534288	0.0016614105793876	1	UP
ATOH8	-0.108914620089676	0.377706580698986	0.548233720106618	1	DOWN
DDX19A	-0.0812692849175763	0.710633912419455	0.82709280305094	1	DOWN
PDGFA	-0.274717242603492	0.0986739088306249	0.204814841612396	1	DOWN
COL13A1	-0.754599416132307	8.2922695763334e-08	6.88687285331e-07	1	DOWN
FDXR	0.0241635885739336	0.88843278082526	0.937249209706443	1	UP
DYNC1LI2-DT	-1.06876311344363	0.129130231206186	0.251050850418484	1	DOWN
ALDOC	-0.432992105126971	0.086075031820875	0.183563541037661	1	DOWN
MT-ATP8	0.330475413361264	1.78957507707718e-13	2.54038796059355e-12	1	UP
CDC5L	-0.198012328316637	0.0103240574189728	0.0319998082840943	1	DOWN
SYNGAP1	-0.393607077177494	0.000590038385049601	0.00259484014070353	1	DOWN
BAZ2B-AS1	-1.00762204360617	0.0975606747482458	0.20294240110763	1	DOWN
CAPN3	0.271957156610937	0.431652024302543	0.600366063830226	1	UP
NCKAP5-AS2	-0.997445036762523	0.116533686483784	0.232852673617974	1	DOWN
ETFA	-0.0369561452218505	0.753012138841408	0.853941647837808	1	DOWN
DOCK8	-0.163248199782562	0.496309676544171	0.657816301544512	1	DOWN
PAWR	0.406880125845711	1.28947156666668e-10	1.44562867415828e-09	1	UP
MIEF2	1.20673021197858	0.0169348055802455	0.0487111615127643	1	UP
TGIF1	0.498694226191578	0.0166236388764517	0.0479593143149538	1	UP
CLU	0.610462801430844	0.00011914182748533	0.000608381112717493	1	UP
BTN2A2	0.0624346469905956	0.739479726119892	0.846212183602669	1	UP
HNRNPH1	0.040513142600451	0.550946913383004	0.703893010812288	1	UP
IRS1	1.0567583512233	3.84810138342303e-73	5.24612387658927e-71	1	UP
RPS2P5	-0.0770230259743934	0.222793215195203	0.378151838476143	1	DOWN
PPIL3	-0.731797527030642	0.00124990369415038	0.00507084735658819	1	DOWN
TAS2R43	0.288239946374268	0.536205132210457	0.691500870970797	1	UP
LINC02516	1.80182598346666	0.0069996376064782	0.0228436682590823	1	UP
ANGPT2	-1.03614820866634	0.0573575066229579	0.13221779043043	1	DOWN
IPPK	0.553613814433721	0.000144922033436989	0.000728694608628368	1	UP
ZNF484	0.284838360959815	0.0370673045574544	0.0928031216493024	1	UP
NRSN2-AS1	-0.720814663309946	0.0525667656582159	0.123599468032359	1	DOWN
ANXA5	0.198786191021978	0.00619975428437927	0.0205973290413403	1	UP
MAP9	0.281200042555347	0.00252337451471563	0.00940302691833773	1	UP
DPCD	0.281808199381146	0.19253307051385	0.339718608302277	1	UP
VMA12	0.149753297451399	0.508972501874578	0.669381290916411	1	UP
LARP6	-0.0764246567065957	0.349995932191347	0.519920972049461	1	DOWN
LINC01011	-0.741108124770436	0.337466993014936	0.507411873484428	1	DOWN
PRORP	-0.0647006625323067	0.614577165535001	0.755819872958883	1	DOWN
LOC102724159	-0.343882477269971	0.100718590983938	0.20791044965305	1	DOWN
NRCAM	0.711306890867982	0.244007662325113	0.403542541572466	1	UP
PUS7	0.144407546255758	0.214658254154972	0.367378741179433	1	UP
HLA-DMA	-0.166266872423321	0.705289247394654	0.823029756179107	1	DOWN
BRD2	-0.00896417751511772	0.919260730443607	0.955250485100647	1	DOWN
TIMP2	-0.188567610153767	0.659029713462997	0.791272091200894	1	DOWN
SAMD10	0.483958073932864	0.120344592410837	0.238625096724617	1	UP
ASF1A	0.51483012322568	3.041243650991e-07	2.3628501075522e-06	1	UP
PLGRKT	-0.0478202914742112	0.805720875327341	0.886716348286909	1	DOWN
IQCB1	0.39270341475272	0.0147933930201801	0.04340324992956	1	UP
MAP7D3	-0.458185208605771	3.05960495807417e-07	2.37328777504723e-06	1	DOWN
PHLDA3	-0.093276302381303	0.75609389906643	0.856341709844863	1	DOWN
LHX4	-0.109167548498844	0.74038746534708	0.846592673282798	1	DOWN
CXADR	1.85036041775713	1.63145492451127e-18	3.31125774074612e-17	1	UP
LOC100129573	-0.578849882208825	0.375827973600776	0.546332365607566	1	DOWN
NXNL2	-0.131783855867059	0.700828854804309	0.820668137204163	1	DOWN
TENM2	0.982706082529061	1.40559809454292e-07	1.13730672252182e-06	1	UP
TUG1	-0.108323824201445	0.0819196336743809	0.176663278052302	1	DOWN
CFAP96	0.893048492788272	0.142307647836529	0.270366429128905	1	UP
ZFYVE26	0.0910177463165536	0.274600761492697	0.438675171825223	1	UP
CDC14B	0.0615508783448248	0.514927782189145	0.674791818310221	1	UP
THAP6	0.16628786283199	0.258546733016637	0.420276584794536	1	UP
RIN1	-1.50866772468772	1.55853285816476e-06	1.1072939200265e-05	1	DOWN
FAM89A	-0.408549411569925	0.00386007346376638	0.0136352778354652	1	DOWN
LPIN1	-0.560679298655184	1.50143879561182e-18	3.0645892705348e-17	1	DOWN
CEP135	0.0961758443915472	0.331463334143632	0.501043581768789	1	UP
CNIH2	0.855243553160756	0.312922371586124	0.48060805524403	1	UP
DALRD3	-0.415735771091963	0.017020341263644	0.0489279792323293	1	DOWN
ST3GAL1	0.773445438820668	4.4900937710948e-17	8.28688953845351e-16	1	UP
TUT4	0.24409117087563	0.000983105342369958	0.00406769273704384	1	UP
PRPF38A	0.0310099530031164	0.799167006563878	0.882730444993855	1	UP
SDF2L1	-0.0760815888530854	0.735366596201418	0.843797259147744	1	DOWN
GNG10	-0.433822471383941	0.000299185724750404	0.00139920158846864	1	DOWN
MAP1B	-0.422211404320046	0.00217326128701005	0.00824207311607627	1	DOWN
ZNF185	0.58421263524437	0.00202106038733031	0.00773677977677094	1	UP
SYNE3	-1.30655850955043	3.27684583017404e-05	0.000186358516693605	1	DOWN
CLEC14A	-0.552301724114375	0.370933197144135	0.541122111036735	1	DOWN
SCMH1-DT	0.326988834146178	0.630227645410818	0.76823447522832	1	UP
ATP6AP1-DT	-0.286149934179789	0.606814403254204	0.749805726882072	1	DOWN
PPP1R15B	0.432706256764374	6.04665757822257e-10	6.34569707065318e-09	1	UP
HOXA9	-0.450853977075403	3.66194928976029e-05	0.000206070207111861	1	DOWN
CELF2	-0.0806764047222213	0.844145146709797	0.911060422248621	1	DOWN
ZMIZ1	-0.298245530001573	0.017931649259566	0.0511710630825411	1	DOWN
PPIF	-0.0379430418149614	0.658444151833986	0.790822509819891	1	DOWN
C2orf74	-1.17590584185693	1.63772415574227e-08	1.48847495437934e-07	1	DOWN
TRIB2	0.0915897296717918	0.423037306987643	0.591387458580545	1	UP
ATF6	0.0722592471275618	0.227263627117978	0.383980670581305	1	UP
MTDH	-0.0366457289399154	0.542583750406631	0.697090840782915	1	DOWN
ZNF778-DT	-0.657245411107768	0.224593984455519	0.380493278940997	1	DOWN
ATF2	0.0229068885842828	0.809970606520269	0.889361388558955	1	UP
RND3	-0.0793613084626893	0.164633539397967	0.302146049341475	1	DOWN
PEX13	0.370033325316735	5.75063378503265e-05	0.00031112844937292	1	UP
PHLDA2	0.144348211630335	0.30251214799664	0.469156798744306	1	UP
SRD5A3-AS1	0.538428273706144	0.33200965233828	0.501688241788973	1	UP
ZNF564	0.559488462716804	0.000427737982094334	0.00193148127763922	1	UP
NPIPA9	0.272612271594776	0.187856081353675	0.333578020657777	1	UP
GATC	0.104862963785235	0.40759960025937	0.57860829315319	1	UP
PALS1	0.179387245879317	0.0105387060165938	0.0325625060179168	1	UP
NAB1	-0.645446885951438	1.27260729623079e-05	7.79586606097124e-05	1	DOWN
ASNSD1	-0.453817982804415	0.0104996167128104	0.0324764471568543	1	DOWN
CARF	-0.898849482899133	0.000796442716987617	0.00339010123805245	1	DOWN
NOTCH2NLA	0.111011925852232	0.360960039043986	0.531509427779157	1	UP
METTL5	-0.251704379513964	0.0570241973668304	0.131755754991073	1	DOWN
WDR3	-0.127317293962393	0.156886702088937	0.291409991245145	1	DOWN
EPCAM	2.26107782401753	0.126437188873168	0.247412839052966	1	UP
SEC14L2	-0.149309077529071	0.504439168150009	0.665127213289246	1	DOWN
LRRN3	0.879869023980325	0.0944736193918187	0.197889299004373	1	UP
HSPA6	6.69984104503576	3.59985032675341e-14	5.37967291333129e-13	1	UP
TRMT112	-0.105424104936458	0.422628347005248	0.59100079761688	1	DOWN
MFN2	0.142355541192249	0.0393960169039844	0.0975684387796879	1	UP
KIAA2013	-0.534709265305392	4.56244654620931e-07	3.45917707446331e-06	1	DOWN
MC1R	0.411852408835051	0.138535801622433	0.264532355872857	1	UP
ARHGAP28	-1.02727145146683	2.37097380119547e-05	0.000138548088965126	1	DOWN
ERI3-IT1	-0.107414923339434	0.842582323005132	0.909958683935966	1	DOWN
ANKRD65	-1.56940034776253	0.0095002755009062	0.0298323514262485	1	DOWN
SNAPIN	-0.113559259934766	0.49137845212366	0.653979555317647	1	DOWN
FBXO17	-0.0737744944768634	0.473916660892127	0.639157225063194	1	DOWN
SLC27A3	-0.256567393864247	0.277623570146908	0.442379337544709	1	DOWN
LOC127814295	-0.809548019549699	0.129363358580494	0.251373709638859	1	DOWN
ETFBKMT	-0.655891131833219	0.0668689572694767	0.149678330467969	1	DOWN
ZCRB1	-0.221438276544911	0.023893750268382	0.0647176832848249	1	DOWN
NSUN4	0.424500626620309	0.0567262148853727	0.131307149016262	1	UP
FAAH	0.924428113843787	0.233554589155074	0.391406397759477	1	UP
RANBP1	-0.794967442149541	2.04815777635953e-14	3.12544118544578e-13	1	DOWN
ZDHHC8	-0.208835480085518	0.0935177138577932	0.196228326260922	1	DOWN
FOXN3	0.465748695201551	6.23527817200325e-13	8.50859347154098e-12	1	UP
MINDY4	0.151731302982234	0.302082051151532	0.46894271363098	1	UP
HDAC5	-0.267361812141977	0.025862374911048	0.0690826580110083	1	DOWN
UBP1	0.0942202377714028	0.440971519346317	0.609398434165978	1	UP
RMND5A	-0.31201494799988	0.00108601366802374	0.00445472140692906	1	DOWN
SPG7	0.0399701405781829	0.592605332650154	0.738126156018564	1	UP
MISP	2.28784743799555	0.00487228942815452	0.0167482051679974	1	UP
MRPL1	-0.114744518473299	0.463808194493365	0.630170385353857	1	DOWN
WWTR1	-0.615187450540225	3.33717641228253e-13	4.65497454960375e-12	1	DOWN
CEP170B	0.349644534391874	9.20441072150668e-06	5.77563783484555e-05	1	UP
ZNF232-AS1	-0.63350247400256	0.207613147701395	0.358722032539485	1	DOWN
LXN	-0.320744197473789	0.0242480175514937	0.0655581106897354	1	DOWN
RPL7AP16	0.693110119360637	0.0287951760774942	0.075490247289374	1	UP
ATXN7	0.337390553028844	0.0192121653732427	0.05409879224644	1	UP
THOC7	0.056834154854306	0.618583579023071	0.759163592395958	1	UP
PSMD6	0.0866943519529436	0.201424791997927	0.350528621045525	1	UP
ADAMTS9	-0.104689628836948	0.722848107684838	0.835295101469013	1	DOWN
FAM218A	-0.0703831820030952	0.904451379979131	0.945200093439284	1	DOWN
ILF3-DT	-0.59215010642012	0.0213813378287641	0.059190380901797	1	DOWN
ZNF561-AS1	0.0695904179036751	0.784501353273334	0.873272920671156	1	UP
TBC1D3P1-DHX40P1	-0.239800789012564	0.76136813465639	0.858767632994028	1	DOWN
CENPE	-1.68921918587386	5.57637613395598e-69	6.94691478549982e-67	1	DOWN
ANKRD13C	-0.0463648917822812	0.586393216480652	0.733740442580475	1	DOWN
FAM161B	-0.625611373357404	0.00865923341778661	0.0276296273173845	1	DOWN
GNAQ	-0.277396804786452	1.10485939053822e-05	6.85093708563774e-05	1	DOWN
RAB3A	0.144935069388867	0.614146745326669	0.755498743243712	1	UP
PIK3R2	-0.842622486736459	1.28071527083297e-15	2.1346731694126e-14	1	DOWN
RPL18A	0.143987238043929	0.133567479029237	0.2574608029147	1	UP
ARRDC2	-0.0515312121012786	0.836592017007471	0.906043828472156	1	DOWN
TYMP	0.913814476922069	0.0213848853842836	0.059190380901797	1	UP
RPL41	-0.186573394290556	0.00962517061141764	0.0301263462217016	1	DOWN
IFIT5	-0.0871750906015534	0.32521979442081	0.49458736685235	1	DOWN
SLC16A12	-0.25036018666975	0.729765868180724	0.839838063317643	1	DOWN
ZFP1	-0.0303939646299697	0.919498259810868	0.955397566330662	1	DOWN
DIPK2A	0.109296476682344	0.407600333838452	0.57860829315319	1	UP
TNFRSF19	-0.624509212616533	1.39666539610461e-30	4.86342449135126e-29	1	DOWN
MOB2	0.182303319348348	0.293681958614358	0.460083483888336	1	UP
KLHL24	0.0613916223454191	0.441320669791257	0.609647739140948	1	UP
ARHGEF26	-0.841244742919682	0.0624235203997803	0.141680900470744	1	DOWN
ZNF395	-0.360651891022407	0.0133986729480406	0.0399060640503163	1	DOWN
TPRKBP2	-0.115573216813441	0.850175094369004	0.915217542366394	1	DOWN
FNDC4	0.0737953876585594	0.682229615113497	0.807378606830329	1	UP
ITGB6	1.32401540841687	0.0233115679016836	0.0634178214885598	1	UP
RB1CC1	0.303423420708532	2.35359650135959e-06	1.6320452514946e-05	1	UP
PNPO	0.0715911059884522	0.626286903205743	0.765205065298781	1	UP
GYG2	-0.873960645651355	0.00315272930589313	0.0114014242240895	1	DOWN
GOSR2	0.118297741871627	0.199007444962985	0.347829775902286	1	UP
POLQ	-1.97081892286998	3.92072051262951e-49	2.8188224939308e-47	1	DOWN
ACE	-0.183953533952774	0.49231499551802	0.654803865644814	1	DOWN
E2F3	-0.0547044730348575	0.903653761208692	0.944639793346847	1	DOWN
PTP4A1	0.112825456277721	0.404303480704108	0.575114637233494	1	UP
PTP4A1P3	-0.737429023698785	0.270360043583487	0.434538384929787	1	DOWN
UQCC1	-0.22347034885854	0.0141490716039601	0.0418220973100486	1	DOWN
ANKS6	0.18865419597734	0.40871679463059	0.579510047017922	1	UP
CD40	-0.0843315043233549	0.83161460610954	0.902769131076394	1	DOWN
FUZ	-0.27093719206818	0.379494036334409	0.549615987078427	1	DOWN
GTF2IRD2	0.189207952715785	0.481160580513881	0.645373264247828	1	UP
RPL7P49	-0.103797848989579	0.83472584276698	0.904922967278742	1	DOWN
BCO2	0.00753246079090871	0.982834724946623	0.990235279244485	1	UP
ARID4B	0.240597472416928	0.000602931012793552	0.00264269216435536	1	UP
ZBTB1	0.522658709867898	0.00130702575360951	0.00526857159425691	1	UP
LRCH3	-0.121492305955118	0.0720946717631211	0.159011004525162	1	DOWN
DNAJC24	-0.063125039552285	0.670442670950662	0.799518653070475	1	DOWN
UBALD2	-0.504815224917468	0.000790822244379608	0.00337014811369204	1	DOWN
KIAA0825	-0.204156356888089	0.266494442247822	0.429715597514313	1	DOWN
CDNF	-0.353881659956202	0.56884797903352	0.719259965439968	1	DOWN
STK40	0.528870848088302	2.76115776754272e-07	2.16385525481344e-06	1	UP
TMEM63A	-0.164131320630759	0.0961043683454781	0.200724807284991	1	DOWN
TRMT9B	-0.978538316468251	0.0109076415241426	0.0335589371227134	1	DOWN
BACC1	-0.0456605153788687	0.866626470251692	0.925208268440248	1	DOWN
LINC02762	0.252625011591527	0.263837895399212	0.426526616670099	1	UP
ZNF10	0.604185428598259	0.0762988159191653	0.166555013421127	1	UP
ZNF486	-0.0976274090704395	0.527101971699245	0.684945564672345	1	DOWN
REX1BD	-0.512247502165933	0.0206545013547232	0.0574712064683184	1	DOWN
TRIM35	-0.11458513045548	0.495331398598503	0.657151880578149	1	DOWN
MYLIP	1.35943074454579	3.52025004599345e-07	2.71023619683811e-06	1	UP
LRP11	-0.44814323651179	8.56118419251436e-09	8.08612240300817e-08	1	DOWN
MTHFD1L	0.171755744272568	0.0269217303295117	0.0714513593160564	1	UP
PAPLN	-0.413953791782751	0.492891104721056	0.655208293103117	1	DOWN
BRF2	0.115181218167865	0.567587265175156	0.718218090139276	1	UP
NUP43	-0.544477755320886	3.38632381978316e-09	3.34717958410988e-08	1	DOWN
ZGPAT	-0.0528320654108649	0.784249607075695	0.873166995943105	1	DOWN
PPP3CB	0.426272642702527	4.91448670241337e-11	5.72274354041705e-10	1	UP
HOXB-AS1	-0.578165612066181	0.123414238315604	0.242944988134967	1	DOWN
LRRC8E	-0.167490127366378	0.732006241726777	0.84136246731879	1	DOWN
PCDHGA8	0.326156966623034	0.722289572016674	0.835091335723894	1	UP
SBNO1	-0.158208485633919	0.00894818489119801	0.0283699473152046	1	DOWN
PCBP2	-0.0369298526499286	0.604582752350981	0.747987298285847	1	DOWN
RAB40A	1.01903119311884	0.00721394756371262	0.0234741626307613	1	UP
SIRPA	0.531966965418271	4.21915137466065e-13	5.83454129332259e-12	1	UP
PRIM1	-2.05045339454376	5.03799461945823e-05	0.000276296243817043	1	DOWN
GRK6	0.168693320100895	0.182644776618201	0.326493840683867	1	UP
RBKS	0.530207268589616	0.22660984860495	0.383100014294587	1	UP
EPHB3	0.347624744390285	0.363041143694287	0.533432391207539	1	UP
SERPINB2	-2.3167341970202	8.28608244364088e-119	2.92054091202572e-116	1	DOWN
DPP4	-0.549292414437777	4.21350424781162e-19	8.90195173759148e-18	1	DOWN
MYPOP	0.163971412414703	0.48822521817398	0.651095077806137	1	UP
GPANK1	-0.522044891796117	0.0521948234538191	0.122911624840309	1	DOWN
NPIPB5	0.250069356250643	0.0192624459235619	0.0542086866682362	1	UP
CSNK2B	0.157817817772939	0.0619066637223235	0.140760251551674	1	UP
ZNF83	-0.0572475664290542	0.638156667831162	0.775609924880414	1	DOWN
HEG1	-0.168664336734038	0.000131251589221885	0.000665047936832209	1	DOWN
LINC01409	0.662103973591885	0.104275413732525	0.213379213232614	1	UP
H2AC8	-1.8218817214086	3.54609441436e-46	2.26746063636798e-44	1	DOWN
ALDH18A1	-0.806479339320865	3.16213124772238e-25	8.8558059420225e-24	1	DOWN
RNF170	-0.236310409614394	0.0572560137037523	0.132049518656416	1	DOWN
CXCL8	-0.725353618276643	0.277698307527958	0.442403488089787	1	DOWN
PKD1L1-AS1	-0.824856877463389	0.337856277732233	0.507785862663391	1	DOWN
NACAD	0.137031668379558	0.321060022719793	0.490188947524958	1	UP
HUS1	0.273160307425127	0.080323366498022	0.173947695079112	1	UP
DDX56	-0.0473785758850495	0.609067787196722	0.751506027388988	1	DOWN
TBRG4	-0.019977248588044	0.869482611035825	0.927229961779847	1	DOWN
DBNL	0.0669318359637126	0.422506645531792	0.590947075045731	1	UP
COQ7	-0.465198093699724	0.0869576385552487	0.185038289944926	1	DOWN
SP2	0.0492262298583834	0.721980324446479	0.834867381657683	1	UP
IMPA2	0.988102808357235	0.00657180113575253	0.0216429120813035	1	UP
PKD1P4	0.158278232565267	0.145668288811749	0.275422274187961	1	UP
SP110	-0.164023086830562	0.270494063928773	0.434538384929787	1	DOWN
SLFNL1-AS1	2.99065929880541	1.37560873615595e-135	6.21216307693426e-133	1	UP
PEBP1	-0.196220895682387	0.00031924610136964	0.0014819869614175	1	DOWN
BEST3	0.810503806656922	0.0390682699821913	0.0969228445515273	1	UP
PTPRB	0.68282801750018	0.0078596559592233	0.0253194389196788	1	UP
RAB3IP	0.671035689526658	1.51209614316946e-06	1.07588879197153e-05	1	UP
PITPNM2	-0.528057505411813	0.0039325544546976	0.0138405612335205	1	DOWN
NAT14	-0.036604279521656	0.886404653950535	0.936511380620488	1	DOWN
RPEP1	1.39070335767624	0.000798347319036326	0.00339620756767558	1	UP
TPR	-0.222952446043481	0.000386737302415179	0.00176437310933938	1	DOWN
MRPL4	-0.206571698744741	0.210856335511518	0.363007493981052	1	DOWN
CLSTN2	1.30730498664883	1.38285008108064e-16	2.46103035981482e-15	1	UP
RPL7P57	-0.118337095090803	0.810637492680455	0.889810350743897	1	DOWN
MPC1	-0.209512997900509	0.22163889020617	0.376590664593693	1	DOWN
MED6	-0.104624959614903	0.361855652467788	0.532394220506211	1	DOWN
TYW1	0.168099809001848	0.15305561333143	0.286021811490042	1	UP
DCAF12	-0.550132380395642	2.23894949097554e-11	2.70527249950565e-10	1	DOWN
GRK5	0.358412969721294	0.00143701434218174	0.00571130205139393	1	UP
ZNRD2	0.24293739233598	0.2409440617463	0.399894640667943	1	UP
ETS2	0.439338715481628	3.56228893928219e-11	4.22648911835525e-10	1	UP
DESI2	0.00511723649991627	0.945327339124687	0.968379200233278	1	UP
TYW5	-0.074868265326026	0.603045016935034	0.746496791136558	1	DOWN
HEATR6	0.317124897935501	0.0289177473165685	0.0757459428079992	1	UP
PRRT3-AS1	-0.429701276292486	0.603141442475588	0.746552204301047	1	DOWN
PSMG3	0.272706759862937	0.248437569408258	0.407834978475376	1	UP
RSPH3	-0.0248274199529949	0.819713595749798	0.895026911384989	1	DOWN
SLC25A5	-0.70647396339481	2.46640627232784e-20	5.52589721572242e-19	1	DOWN
SKAP2	-0.602392602310701	4.69672807861723e-09	4.57361303666426e-08	1	DOWN
TRIM26	0.130500443426826	0.271798458106914	0.435704505411698	1	UP
HCCS-DT	-1.81397137144115	0.0839424475858609	0.179951388527411	1	DOWN
KRI1	-0.317753904618574	0.0436994975061039	0.106259706959567	1	DOWN
TMED10	-0.316711159918757	2.13495275622695e-06	1.49188599034022e-05	1	DOWN
FOS	-0.0549362431332261	0.499344473119526	0.660626840707706	1	DOWN
B3GNT2	0.450500090796877	6.28816149728084e-05	0.000337807515974741	1	UP
CDK2AP1	-0.455356063290163	0.00272618882060929	0.0100705916785851	1	DOWN
OGFOD2	-0.101782465939726	0.709216625451141	0.826256808641925	1	DOWN
RAB38	-0.903044806893294	0.0744937647698508	0.163379783683277	1	DOWN
COQ10A	-0.309002347767381	0.358740271563069	0.529150223554771	1	DOWN
FYB1	3.12626428427844	1.60059988035368e-05	9.61357808436867e-05	1	UP
ACOX3	0.767570772857653	3.13433227562163e-15	5.12958501868722e-14	1	UP
SNRPN	0.639827879723237	8.06330908116847e-09	7.66093882524428e-08	1	UP
UNC119	0.0728686084258776	0.749296068018155	0.8513496687432	1	UP
CARD8	-0.0423987637092137	0.749210200336911	0.8513496687432	1	DOWN
LIG1	-1.15851327062108	3.04295061473949e-18	6.00733324229513e-17	1	DOWN
EIF4G3	-0.13389662722548	0.0348991120691753	0.0881228496438323	1	DOWN
RPL17-C18orf32	0.274834074561575	0.0031463504976104	0.0113812042655739	1	UP
STX1B	-0.612602984815376	0.000287353398044363	0.0013508601025176	1	DOWN
FBXL19	0.502624063468242	0.0123463430400779	0.037271151717603	1	UP
DPP8	0.0984236890520818	0.175269594853363	0.316488633838555	1	UP
AP4M1	0.03109551222601	0.898155622645097	0.941685184854117	1	UP
MANF	0.146071410475811	0.114751239723453	0.229963966889976	1	UP
EIF2AK2	0.127451938432738	0.300509766685445	0.46745604288174	1	UP
SHROOM3	1.49989824404528	3.37630644725911e-85	6.17607651510651e-83	1	UP
ANXA3	-0.0560084466657266	0.604510849160781	0.747987298285847	1	DOWN
PPA2	0.114999875885218	0.364095781582772	0.53465584185069	1	UP
ABHD13	0.283984847879181	0.00933095505723515	0.0293836634412955	1	UP
FBXO36	-0.0646107587934706	0.78194912459643	0.87204404997245	1	DOWN
KCNJ5-AS1	-0.180768211487666	0.738064939374593	0.845550692793899	1	DOWN
RPL18	0.0885262793514673	0.34490970668456	0.514640182890922	1	UP
SPHK2	-0.149892818389259	0.261270031515744	0.423702527823366	1	DOWN
KCTD15	0.246746486553661	0.0171433650851843	0.0491935601362189	1	UP
FTH1P2	0.179898647417787	0.00444034915566923	0.0154026609814153	1	UP
NOC4L	0.231659409049619	0.246107531563096	0.405530209648609	1	UP
VPS8	0.196244551600446	0.0209194660206648	0.0580466980538838	1	UP
SUSD5	-0.469849354633383	0.0068603134362746	0.0224599885517907	1	DOWN
CUTC	-0.253220172654123	0.171288064583514	0.311082546348669	1	DOWN
GPAM	-0.254172646513805	0.0067764433802947	0.0222206451755477	1	DOWN
CLBA1	0.372985356908171	0.124363784427519	0.244481165659377	1	UP
WARS1	-0.12167657812123	0.301761236773048	0.4687468163611	1	DOWN
IFIT2	-0.813266663396852	3.46997325908581e-12	4.45333779458695e-11	1	DOWN
AMMECR1L	0.0598908238548765	0.526371796035023	0.684292805370828	1	UP
EXOC6	0.638778564463453	1.01202397115526e-05	6.30649349166221e-05	1	UP
PLCE1	1.14714303680697	8.17957728338751e-09	7.74594176423545e-08	1	UP
TRAF4	0.700821428981697	0.0375576323864353	0.0938429078308608	1	UP
CTF1	-0.366394468784472	0.303901415453471	0.47072578177622	1	DOWN
ZC2HC1A	0.258194171009598	0.0181274543433706	0.0516075340260143	1	UP
PTBP2	0.354238905543335	0.0230630025915244	0.0628836698962489	1	UP
ZSCAN22	-0.146868446172819	0.580669344158282	0.729653376898073	1	DOWN
COL18A1	0.0826394736564614	0.532564632227388	0.68872179372034	1	UP
TOMM22	-0.118819048016281	0.125929372357275	0.246719815609406	1	DOWN
CBY1	-0.442733003453234	0.0300758928330761	0.0782547222417686	1	DOWN
XBP1	0.258204666088427	0.0102129990577372	0.0317120862448131	1	UP
ZSCAN25	-0.364223870984076	0.232636662494119	0.39013953924829	1	DOWN
NR3C2	-1.37190134876306	0.0102542027811213	0.0318263497401168	1	DOWN
KIAA0040	0.646177332523416	0.54728583764389	0.70061072970946	1	UP
GOLPH3L	-0.310808027006411	0.00893204454343785	0.0283374260586653	1	DOWN
TMEM123	-0.3841463369925	3.11478053431634e-08	2.7279814243276e-07	1	DOWN
OAZ3	0.251020002446256	0.588146287860872	0.734852326290633	1	UP
RBM10	-0.0206165784800471	0.874501388606508	0.929901912802874	1	DOWN
PRKCZ-AS1	0.0314009902078265	0.948184573239893	0.970127665151586	1	UP
 