gene	log2FC	p	padj	n
A1BG	-0.425681188029627	0.662326492536405	0.983171338937342	9
A2M	-0.36245838637076	0.491040075596302	0.944931536265188	9
A2ML1	0.5841430110849	0.665624121879524	0.984088154568007	9
A4GALT	0.276207839597702	0.374129010748413	0.905673456930873	9
AAAS	-0.154188847098118	0.642794408920027	0.980691547015745	9
AACS	0.461177228097427	0.254148688858356	0.839447034289146	9
AADAT	0.166063837759249	0.722476744356394	0.990516044835733	9
AAGAB	0.153747257692074	0.575559833909136	0.968284112085412	9
AAK1	-0.483262591891849	0.204566599686264	0.787978456688567	9
AAMDC	-0.132663412667989	0.819621561938294	0.995966406600323	9
AAMP	-0.161125393044782	0.502593267393111	0.949352252865382	9
AANAT	-0.238902322205795	0.888475474898239	0.998639733078915	9
AAR2	-0.0534230306204115	0.853496621557433	0.998639733078915	9
AARD	-1.07140959674022	0.326773581257547	0.887903506431062	9
AARS1	-0.256840863807528	0.418166789097263	0.919780432363111	9
AARS2	0.0795368382635491	0.78959646167441	0.994052363875907	9
AARSD1	-0.267042184738353			9
AASDH	0.250608077763054	0.371730100973346	0.905666124882138	9
AASDHPPT	-0.0360909208100686	0.917059673162334	0.998639733078915	9
AASS	-0.498751251526275	0.376026717063951	0.905673456930873	9
AATF	-0.6763798617436			9
AATK	-0.72612848847012	0.259240114496257	0.842792685728616	9
ABAT	0.527816939380097	0.149115264693333	0.719243108817636	9
ABCA1	0.127476114504624	0.834318288867719	0.997923366175869	9
ABCA10	-0.645351499843464	0.405783208940942	0.915238409840383	9
ABCA13	1.77027485557906	0.269244606685256	0.848695964307358	9
ABCA2	0.158250578202247	0.676386239722496	0.985627824404081	9
ABCA3	-0.254990846167973	0.587310449486838	0.971161794932015	9
ABCA4	1.09663719693268	0.175185592904844	0.751250158017082	9
ABCA5	0.416231903983575	0.456515145334127	0.936179502678112	9
ABCA6	-0.308687585898615	0.701969636682837	0.989276793964962	9
ABCA7	0.0586170608986339	0.917580941708728	0.998639733078915	9
ABCA8	0.0683895355590919	0.921168969622056	0.998639733078915	9
ABCA9	-0.143316976365607	0.86637958296048	0.998639733078915	9
ABCB1	-0.444058633481758	0.367046555056714	0.90239123320911	9
ABCB10	-0.0265444704807962	0.940398358582986	0.998639733078915	9
ABCB4	0.374237872461749	0.650819546742535	0.981292533915803	9
ABCB5	-1.03535001704955	0.541555544405283	0.959421674383867	9
ABCB6	-0.17537941138301	0.862956387857969	0.998639733078915	9
ABCB7	-0.0714830781339383	0.829316931354681	0.99746225363255	9
ABCB8	-0.799762072735146	0.0912474404181403	0.5925664179552	9
ABCB9	-0.207616895994796	0.676234900454503	0.985627824404081	9
ABCC1	0.765667278135753			9
ABCC10	-0.0959035678238586	0.723863195051094	0.990906484480126	9
ABCC11	5.14183607119859	0.00261849846905256	0.0971147133208163	9
ABCC2	-0.538802620770345	0.501555667942069	0.949348943915356	9
ABCC3	-0.0371802831338192	0.962362266339584	0.998639733078915	9
ABCC4	0.194866279408404	0.574462204775387	0.968284112085412	9
ABCC5	0.185532319450829	0.60143605019329	0.974057468095769	9
ABCC6	0.893310929984218	0.585113391124804	0.971161794932015	9
ABCC8	-2.62785099762328	0.00102763286079592	0.0568053198919513	9
ABCC9	-1.02274285915234	0.0651329776002866	0.510225051561205	9
ABCD1	-1.39494926973901	0.0609017487686044	0.497539923411091	9
ABCD2	-0.573589873329686	0.469808978110928	0.939188868595478	9
ABCD3	0.00787742039296016	0.97743088681736	0.998639733078915	9
ABCD4	0.0570780042627514	0.840124201850306	0.998604146933345	9
ABCE1	0.0727743403961533	0.794997308574903	0.994714385280344	9
ABCF1	-0.653842862012566			9
ABCF2	-0.926263602084564	0.0569256396347492	0.481401809416439	9
ABCF3	-0.0742565848054226	0.783912313595628	0.993964186291201	9
ABCG1	0.478522458786153	0.518234385553929	0.953758404613893	9
ABCG2	-0.228744453187983	0.565720592713928	0.965041713262426	9
ABCG4	-0.624532272925287	0.258093275313236	0.841946189336865	9
ABCG5	-0.416683277860603	0.641803682191118	0.980691547015745	9
ABCG8	-0.117131680267595	0.934792677952216	0.998639733078915	9
ABHD1	-0.329703956199225	0.752790112615004	0.991008075540888	9
ABHD10	-0.293445910385314	0.354995807046825	0.899926179335231	9
ABHD11	1.3137906871736	0.046959552387108	0.442354787993683	9
ABHD12	-0.778375777224208	0.0155578405266478	0.251535431253288	9
ABHD12B	-1.18649346903372	0.0966969255188563	0.608961949795781	9
ABHD13	-0.119833642464907	0.740969361096638	0.991008075540888	9
ABHD14A	-1.63325723409754	0.0436492351918229	0.423806501011616	9
ABHD14B	-0.549719062746964	0.147346825009469	0.71569150508877	9
ABHD15	-0.0572077913149397	0.892125466494045	0.998639733078915	9
ABHD16A	-0.817441742813462			9
ABHD17A	-0.583946946592354	0.173308548003882	0.750117028501308	9
ABHD17B	0.1628598600271	0.562510887218633	0.964946561877165	9
ABHD17C	1.53929323994604	0.00071231938369837	0.0489048670826588	9
ABHD18	0.148360787725847	0.681404178879881	0.987306006486237	9
ABHD2	-0.306552529879778	0.667712786600876	0.984284072108766	9
ABHD3	0.313505664043468	0.518873134446113	0.953758404613893	9
ABHD4	-0.74715739390846	0.0795365559642867	0.560985194420479	9
ABHD5	0.148406270549407	0.778423937595471	0.992930756580613	9
ABHD6	0.0483229893760532	0.892740130461486	0.998639733078915	9
ABHD8	-0.251872065268477	0.60455617909279	0.97426949205076	9
ABI1	0.342700740551897	0.296010191070596	0.870082505129096	9
ABI2	0.0237048968157421	0.937313314665766	0.998639733078915	9
ABI3	-0.446301998169115	0.415729220003134	0.919613219911024	9
ABI3BP	-0.691786151924021	0.291638827732564	0.867283786477541	9
ABITRAM	0.0452934052422085	0.893305403203472	0.998639733078915	9
ABL1	0.0683634305799921	0.834126982585456	0.997916033676686	9
ABL2	0.125291472652941	0.727007721219834	0.991008075540888	9
ABLIM1	-0.298798184074585	0.377283980831793	0.905673456930873	9
ABLIM2	-0.929247887670714	0.0633737172398199	0.50374767914754	9
ABLIM3	0.164434301010621	0.850938335371607	0.998639733078915	9
ABO	-0.697662057352138	0.408636882555991	0.915271886809331	9
ABR	-0.693837705398943			9
ABRA	3.97486083062897	0.0669768654986482	0.517642707999807	9
ABRACL	0.613403272515675	0.212703801414933	0.794171927467666	9
ABRAXAS1	-0.502306404648803	0.413829773581501	0.917370189839819	9
ABRAXAS2	-0.173218538004266	0.370421240965858	0.905071602609146	9
ABT1	-0.00957578900353043	0.968432537515406	0.998639733078915	9
ABTB1	-0.456352481631809	0.231035191764273	0.808244559806673	9
ABTB2	-0.0580509309403553	0.905998655301336	0.998639733078915	9
ACAA1	0.348270233753855	0.260371776653775	0.842792685728616	9
ACAA2	-0.208007136446207	0.506114860162613	0.950841472681727	9
ACACA	-0.443300582143209			9
ACACB	-0.806259907837949	0.114859766192676	0.650592865990056	9
ACAD10	-0.0178021039749123	0.958770375585688	0.998639733078915	9
ACAD8	-0.0494410272916146	0.884095332668139	0.998639733078915	9
ACAD9	0.243921575508243	0.522833475709311	0.955391092995928	9
ACADL	2.43686860182349	0.00742257824362747	0.169491025734572	9
ACADM	0.244326488350203	0.533155902659375	0.95784961223136	9
ACADS	-0.2329865403606	0.637408132468664	0.980691547015745	9
ACADSB	-0.141680966202593	0.766145885068074	0.992930756580613	9
ACADVL	-0.461025297561027	0.366952576875594	0.90239123320911	9
ACAN	-0.653267142814725	0.373897277712427	0.905673456930873	9
ACAP1	-0.143747485298253			9
ACAP2	-0.0241920857235013	0.948130710203277	0.998639733078915	9
ACAP3	-0.560265256896733	0.244523034783343	0.827709847765161	9
ACAT1	-0.142701636107209	0.745281324078798	0.991008075540888	9
ACAT2	0.41667251278211	0.286828715079686	0.862232237237917	9
ACBD3	0.533380706498704	0.122508103260616	0.672746321514118	9
ACBD4	-0.486633865847298	0.164719741715943	0.741226976760448	9
ACBD5	0.406767898100726	0.379775509974005	0.906881065731184	9
ACBD6	-0.286003289784337	0.424191687361667	0.922647417631964	9
ACBD7	3.71048358030354	0.00745204767303956	0.169491025734572	9
ACCS	-0.511455414695916	0.317251663207628	0.882121038171662	9
ACD	-0.671820404214135	0.11552860092309	0.652686470831162	9
ACE	1.88525185702732	0.0145471843226899	0.242971166096346	9
ACE2	-0.872260480009978	0.361440974416052	0.90143277046037	9
ACER1	-0.666230122975831	0.613451803267327	0.975911270057349	9
ACER2	0.463284482630068	0.53954083548158	0.958979719874913	9
ACER3	0.0433896427072627	0.887265654491266	0.998639733078915	9
ACHE	-1.06233400021898	0.0586403611494717	0.487107693262438	9
ACIN1	0.219738265613724	0.417830511894432	0.919780432363111	9
ACKR1	0.239776692290582	0.785956535021296	0.994052363875907	9
ACKR2	1.64889063023247	0.0481717710786357	0.4489037328862	9
ACKR3	1.09406229665232	0.0124159841597281	0.224598458556061	9
ACKR4	-0.704706530363503	0.604453621618212	0.97426949205076	9
ACLY	0.313348883755891	0.350582424517453	0.899092963457163	9
ACMSD	-0.676112833040917	0.638576656058546	0.980691547015745	9
ACO1	0.0997530156721134	0.763483706764624	0.992788902596531	9
ACO2	0.463281531231187	0.201819583411633	0.785771360826075	9
ACOT1	-0.538316971098125	0.555078433803973	0.963241055670563	9
ACOT11	-0.0330892574514739	0.948594621035098	0.998639733078915	9
ACOT12	-0.381422751592863	0.851667609195028	0.998639733078915	9
ACOT13	-0.0665358040037711	0.832182184782092	0.99746225363255	9
ACOT2	-0.252741194626093	0.599397679518543	0.973817161820319	9
ACOT4	-1.03687705260665	0.220166110052103	0.801612502064797	9
ACOT7	-0.264680623094455	0.664943428159681	0.983884316666505	9
ACOT8	-0.394993150078242	0.172160678475171	0.74938747148236	9
ACOT9	-0.447621186377289	0.253671276862155	0.839098594740734	9
ACOX1	0.221748623195959	0.40532491570507	0.915238409840383	9
ACOX2	-0.342783623904155	0.505072015252522	0.950760358225867	9
ACOX3	0.442973722128847	0.0984792405127329	0.611980350722711	9
ACOXL	-0.971544713051219	0.145157514830423	0.712560717130651	9
ACP1	0.180093233257719	0.387401796415443	0.910869371915953	9
ACP2	-0.042899359117481	0.879785092651864	0.998639733078915	9
ACP3	2.92685904563986	0.00373739488574594	0.116880690484101	9
ACP4	0.137146303418718	0.928474888661136	0.998639733078915	9
ACP5	-0.969487421301714	0.0497510955525733	0.455568189486064	9
ACP6	0.150626806830669	0.742813839624368	0.991008075540888	9
ACP7	-2.70625540546859	0.138936733738665	0.702495653805487	9
ACR	-0.964476859184585	0.738987300468289	0.991008075540888	9
ACRBP	0.712095834032068	0.159344334437573	0.73342117886904	9
ACRV1	1.36564373075539	0.49634193667084	0.946690707517402	9
ACSBG1	-0.218444546254325	0.787468744563307	0.994052363875907	9
ACSBG2	-0.555507935395792	0.535506905187273	0.95784961223136	9
ACSF2	-0.498669384209108	0.241214385617975	0.823633020149649	9
ACSF3	-0.298012757276076	0.303826253611978	0.875053234265414	9
ACSL1	-0.878842589550111	0.0132080262956242	0.231680401545484	9
ACSL3	-0.121865286068738	0.692321658241408	0.989171265391501	9
ACSL4	0.284872782810229	0.392189592964291	0.912807186165296	9
ACSL5	1.00883138982041	0.166840549757001	0.743720644349187	9
ACSL6	-0.207300493425974	0.872877613572328	0.998639733078915	9
ACSM1	-1.97371414613697	0.017374261468539	0.269844804415321	9
ACSM3	0.260353194672358	0.727977488063519	0.991008075540888	9
ACSM5	-0.27729380962438	0.819541906446576	0.995966406600323	9
ACSS1	-0.559551266073165	0.0744538725303719	0.542880757326271	9
ACSS2	-0.415811792765372	0.221681060324909	0.803002240848094	9
ACSS3	-0.114593478064866	0.747095336882429	0.991008075540888	9
ACTA2	-0.301548569713393	0.761714001509012	0.992004541019998	9
ACTB	-0.310336862819329	0.589884313752411	0.971187979266693	9
ACTC1	0.0538363438572566	0.965253953477854	0.998639733078915	9
ACTG1	0.131687088362004	0.593195935456104	0.971751915609941	9
ACTG2	-1.09805675954649	0.520926398285248	0.954329531748642	9
ACTL10	0.601515240668505	0.424937626435971	0.922776261839354	9
ACTL6A	0.330062662863362	0.355875002853222	0.899926179335231	9
ACTN1	-0.498357274102471	0.383664405777738	0.910054683221146	9
ACTN2	-0.188693656577621	0.831908533699458	0.99746225363255	9
ACTN4	-1.5617078743505			9
ACTR10	-0.63241207153682	0.0558423431825634	0.478500814699364	9
ACTR1A	0.109660904560835	0.781524140853674	0.993729637728484	9
ACTR1B	-0.393523657347709	0.147219690868438	0.71554489855417	9
ACTR2	0.367219129451705	0.259752341427631	0.842792685728616	9
ACTR3	0.0571090734690408	0.873775242008649	0.998639733078915	9
ACTR3B	0.392783131473792	0.322520381588372	0.885543112951723	9
ACTR3C	0.858271492472612	0.270025193665759	0.849678508569659	9
ACTR5	-0.331807788814181	0.267590509841918	0.847767249375861	9
ACTR6	0.196913452698105	0.600510769302513	0.974057468095769	9
ACTR8	0.250719050378239	0.512157930618996	0.951557903286306	9
ACTRT3	0.820268196971224	0.0871768294047842	0.583590557298875	9
ACVR1	-0.103927538020643	0.783154209778984	0.993822153589029	9
ACVR1B	-0.00390331803463056	0.985203848526672	0.999450063572839	9
ACVR1C	-0.749647208697772	0.398435525085649	0.914438028200431	9
ACVR2A	-0.0337007942886174	0.930128520589366	0.998639733078915	9
ACVR2B	0.159194995358346	0.780766905108323	0.99341960111525	9
ACVRL1	-1.01966866346235	0.0237698624028109	0.316666912389794	9
ACY3	0.572575450462293	0.605106532529147	0.974362117013499	9
ACYP1	0.131848547271808	0.778367515007068	0.992930756580613	9
ACYP2	-0.421360582355714	0.3113538708704	0.878131264920736	9
ADA	-0.198881400019076	0.661917042494527	0.983171338937342	9
ADA2	0.894514985048049	0.101282494357253	0.619830389389475	9
ADAD2	0.5029954588065	0.690713475759731	0.989171265391501	9
MAPDA	-0.0849318325455954	0.843048241338484	0.998639733078915	9
ADAM10	0.340385546062672	0.295820421384108	0.870082505129096	9
ADAM11	-0.6450313200836	0.10785940558428	0.63582774993193	9
ADAM12	3.76239984075732	1.56340909381361e-05	0.00534740445675527	9
ADAM15	-0.467192515040831	0.301123731862582	0.874342355309609	9
ADAM17	0.551315583839487	0.348341096213925	0.899092963457163	9
ADAM19	-0.0423621557515143	0.919560726843313	0.998639733078915	9
ADAM20	-1.77058813329672	0.043666974681352	0.423806501011616	9
ADAM22	-0.463285352883128	0.435949157916701	0.927920525150979	9
ADAM23	-0.823855776233383	0.187317672623393	0.765079182510763	9
ADAM28	2.58762494980352	0.00161464236134799	0.0740178133411729	9
ADAM29	-3.60685005363321	0.00154927584506336	0.0727734371605718	9
ADAM32	0.0576505660772655	0.969820963591294	0.998639733078915	9
ADAM33	-0.665953614612302	0.174920114537218	0.751250158017082	9
ADAM8	0.0922237704369943	0.807359825092326	0.995590233849494	9
ADAM9	-0.0231885629275508	0.974437474379184	0.998639733078915	9
ADAMTS1	0.555554644572382	0.422325804801399	0.922045733570987	9
ADAMTS10	-0.25164584993283	0.412337091287832	0.91719471148147	9
ADAMTS12	2.08774358502507	1.83493716323167e-06	0.00169284421665391	9
ADAMTS13	0.91659931188438			9
ADAMTS14	0.347020488656408	0.579162187899082	0.969055975901473	9
ADAMTS15	-0.765222181146301	0.252514605295731	0.838318026813724	9
ADAMTS16	4.85029199487303	1.85395379938099e-05	0.00570129417347141	9
ADAMTS17	-0.377496364948343	0.609406910151804	0.975328830748679	9
ADAMTS18	2.88515807026188	0.000667059350370158	0.0466657017574119	9
ADAMTS19	0.615653360618901	0.126105331279205	0.679443938788914	9
ADAMTS2	0.481027844513112	0.289924890916239	0.865576486401642	9
ADAMTS3	0.940985580967733	0.0715601219443534	0.534023741163094	9
ADAMTS4	3.18296163097097	0.00141957805720504	0.0700815776000121	9
ADAMTS5	-0.699958646761384	0.351102717484102	0.899092963457163	9
ADAMTS6	1.3211125888255	0.00192207662991466	0.0813275058732935	9
ADAMTS7	0.280137565959934	0.530931589025643	0.957376152651785	9
ADAMTS8	-2.68171440527248	0.00546131290412406	0.143954356746027	9
ADAMTS9	0.803212555213161	0.143848824030991	0.711869112393627	9
ADAMTSL1	-0.111614717444681	0.879869466464219	0.998639733078915	9
ADAMTSL2	-0.102112298399491	0.832732140421986	0.99758896469785	9
ADAMTSL3	-1.12560504958624	0.229383553532263	0.808244559806673	9
ADAMTSL4	0.564756172696542	0.255250730661802	0.840547211401925	9
ADAMTSL5	-0.235278426263178	0.752936529364848	0.991008075540888	9
ADAP1	0.316647150730515	0.657948769670978	0.982975949819678	9
ADAP2	0.515925357320782	0.255616642001997	0.840547211401925	9
ADAR	0.369441694329111	0.545152007950985	0.960600109304229	9
ADARB1	-0.335188310038362	0.528698821754727	0.957299775766752	9
ADARB2	-2.03655048589953	0.00820674247981358	0.179166597926173	9
ADAT1	0.0158924222308372	0.956106797982739	0.998639733078915	9
ADAT2	0.48772613749135	0.173728332814976	0.751143503421751	9
ADAT3	-0.256420159496117	0.706732453484327	0.989276793964962	9
ADCK1	0.162928062207067	0.626571487425146	0.978573777801597	9
ADCK2	0.298127198014729	0.418044067338474	0.919780432363111	9
ADCK5	0.370396960739481			9
ADCY1	0.549630303505229	0.34185623894696	0.898849295172085	9
ADCY10	0.14553172976732	0.895218079307651	0.998639733078915	9
ADCY2	-0.349779655769483	0.62540448285934	0.978573777801597	9
ADCY3	0.103173891706881	0.858464002025329	0.998639733078915	9
ADCY4	-0.227556990598584			9
ADCY5	0.0572739867034641	0.931308510989776	0.998639733078915	9
ADCY6	-0.139477800051013	0.75970371626654	0.991955190535962	9
ADCY7	1.41710875934667	0.0318072960961361	0.365879234068636	9
ADCY9	0.155422323586141	0.703353127338157	0.989276793964962	9
ADCYAP1	-1.0249504252533	0.421550014649555	0.92185181722105	9
ADCYAP1R1	3.25896221147298	0.000448665301352513	0.0369985950461701	9
ADD1	-0.325601356965123	0.393554224314711	0.912945341948813	9
ADD2	0.451882705823135	0.461050967727299	0.937747940696302	9
ADD3	0.219945026002567	0.594556656083399	0.972236092783093	9
ADGB	5.12241596430944	0.00428200663663608	0.125659443267167	9
ADGRA2	0.159353981722251	0.702934656772718	0.989276793964962	9
ADGRA3	0.557804946425772	0.131713693792887	0.690679235740588	9
ADGRB1	-0.0649088618058957	0.900332611252482	0.998639733078915	9
ADGRB2	-0.0539880721895049	0.912297698620725	0.998639733078915	9
ADGRB3	1.659353018875	0.00769532054284295	0.173733504665378	9
ADGRD1	0.509420101775708	0.311968466525677	0.878197198925416	9
ADGRE2	-0.287045451100062	0.630376712770564	0.979238377916278	9
ADGRE5	-1.17186282879468	0.156929705836082	0.72935748987607	9
ADGRF1	3.07875774761312	0.053814634079975	0.472692722723396	9
ADGRF3	1.35313553181411	0.0435147151858271	0.423694400302106	9
ADGRF4	0.53926134048873	0.790297830277049	0.994052363875907	9
ADGRF5	-0.17827950943363	0.756242583538038	0.991890138420883	9
ADGRG1	1.4556387420745	2.16421011687107e-05	0.00605880645834129	9
ADGRG2	-0.829897442336527	0.351378030526159	0.899092963457163	9
ADGRG3	0.0421189411290418	0.957899349883437	0.998639733078915	9
ADGRG5	0.0450826136785451	0.959741862431603	0.998639733078915	9
ADGRG6	0.572657012447162	0.324278493504903	0.886080378644328	9
ADGRL1	-0.4871259506194			9
ADGRL2	0.77987105448684	0.16655404742262	0.743424340491471	9
ADGRL3	1.64491943919853	0.00603566330905303	0.152294745478516	9
ADGRL4	0.370977966148561	0.494712566259824	0.946281222050183	9
ADGRV1	2.5009359245584	0.148425160630303	0.717623254524699	9
ADH1B	-1.78697678605429	0.122058055850974	0.671989492652503	9
ADH1C	-0.804798093417832	0.292970258958177	0.869253063815408	9
ADH5	-0.236997752115339	0.524246865004535	0.955391092995928	9
ADH6	1.43085993402654	0.074890589119233	0.544202635704823	9
ADHFE1	-0.0156928724417872	0.980969716664186	0.998639733078915	9
ADI1	0.271709786370083	0.588087934013744	0.971161794932015	9
ADIPOR1	0.104564114597577	0.609972469592136	0.975328830748679	9
ADIPOR2	-0.648019792297043			9
ADIRF	-0.0577836540333183	0.966913876727662	0.998639733078915	9
ADK	0.100201477347501	0.707955537990653	0.989276793964962	9
ADM	0.585122150057905	0.505438339597542	0.950760358225867	9
ADM2	2.56829975602002	0.235439828480018	0.813141339593178	9
ADM5	-0.647129299043136	0.286173906096922	0.862232237237917	9
ADNP	0.237516934331138	0.39961399359209	0.914438028200431	9
ADNP2	0.279699446852267	0.465187227847209	0.938713127541383	9
ADO	-0.179074478915848	0.495262735216218	0.946597596080098	9
ADORA1	0.323446496133688	0.611898696032858	0.975769461971015	9
ADORA2A	1.23249440774241	0.259009405993609	0.842792685728616	9
ADORA2B	0.109012618009404	0.892028693119612	0.998639733078915	9
ADORA3	-0.274802562396536	0.788176210075979	0.994052363875907	9
ADPGK	0.465699062166979	0.219555037070128	0.800407977819747	9
ADPRH	-0.162205111054503	0.760733919092465	0.991955190535962	9
ADPRHL1	0.148969064097287	0.766097470464012	0.992930756580613	9
ADPRM	-0.181535947543618	0.640561364916695	0.980691547015745	9
ADPRS	-0.0698248289457367	0.862800624875215	0.998639733078915	9
ADRA1A	2.9244151626162	0.163569138630301	0.73994607886052	9
ADRA1B	-0.487849078110682	0.592262815830308	0.971527934919808	9
ADRA1D	-2.66790502785241	0.00222742115207559	0.0872121051081902	9
ADRA2A	0.260106742825081	0.479433868808161	0.941072442992838	9
ADRA2B	0.0183160640940343	0.984812563283953	0.999397054881783	9
ADRA2C	-1.61352399925122	0.0407331601053537	0.41097893117917	9
ADRB2	-0.524485184260021	0.536447506870325	0.95784961223136	9
ADRB3	-2.08588294993861	0.110125746011911	0.639359959074262	9
ADRM1	-0.461502024972518	0.409218135781201	0.91563876038598	9
ADSL	0.00400588666841015	0.995172392713516	0.999620666732609	9
ADSS1	0.19593465933805	0.717130633469739	0.989276793964962	9
ADSS2	0.0994030567703589	0.798151580230111	0.995590233849494	9
AEBP1	-0.52138882066193	0.438552986588701	0.928941789266548	9
AEBP2	-0.0881798702815842	0.797426111246582	0.995540807940601	9
AEN	0.909235516225955	0.0320768748494008	0.366719130312509	9
AFAP1	-0.34876882814992	0.678985510167519	0.986817416491918	9
AFAP1L1	0.79335687117836	0.150800556706093	0.72170459047022	9
AFAP1L2	-0.394003789613429	0.30532430024776	0.87578680388204	9
AFDN	0.31663953137026	0.482233169506986	0.94271760619919	9
AFF1	-0.199736672639243	0.673304650900024	0.985298616459508	9
AFF2	1.49684847311762	0.0504892266018763	0.457221763110611	9
AFF3	0.0940592266371574	0.766643888163521	0.992930756580613	9
AFF4	0.122333992841102	0.77100531693712	0.992930756580613	9
AFG1L	0.220629408319847	0.56436633220077	0.965041713262426	9
AFG3L2	0.406999987302562	0.429186766331162	0.92450301842919	9
AFMID	-0.166896148837607	0.722870085616124	0.990516044835733	9
AFTPH	-0.0126301586426258	0.963519267381466	0.998639733078915	9
AGA	-0.159981265020178	0.60200752550441	0.974057468095769	9
AGAP1	-0.120045257176966	0.780623027590988	0.99341960111525	9
AGAP2	0.790562435322961	0.204880105270501	0.7883824905886	9
AGAP3	-0.679634663100749	0.053939099954638	0.472692722723396	9
AGAP4	0.234361442772015	0.819071097744939	0.995966406600323	9
AGAP5	-0.225314803284957	0.783571189679467	0.993964186291201	9
AGAP6	0.366353085163791	0.629462207275286	0.979219295330233	9
AGAP9	1.05882616718733			9
AGBL2	2.08483626400338	0.14177951759487	0.707926593299888	9
AGBL3	-0.885945259373328	0.069784510076666	0.529173808342532	9
AGBL4	0.137327562837366	0.924829911255573	0.998639733078915	9
AGBL5	0.0869200592491179	0.803685800020599	0.995590233849494	9
AGER	0.409865251322024			9
AGFG1	0.0512241063579046	0.840890574576519	0.998604146933345	9
AGFG2	-0.939070046831917	0.0389987056957004	0.40302838747555	9
AGGF1	0.325576863066337	0.472052445187357	0.939599353653877	9
AGK	0.220804306998596	0.813815336901081	0.995936140923453	9
AGL	0.181193034577016	0.636538889957953	0.980691547015745	9
AGMAT	0.873278603281428	0.419065286189551	0.919802243544293	9
AGO1	0.0713514796511339	0.81913915841135	0.995966406600323	9
AGO2	0.062297537367633	0.858072650357116	0.998639733078915	9
AGO3	0.0326437062016839	0.905769417218915	0.998639733078915	9
AGO4	-0.068969988462314	0.847645016335608	0.998639733078915	9
AGPAT1	-0.994978700297752	0.00859047631379636	0.184576449589444	9
AGPAT2	0.251462624769863	0.650725964061625	0.981292533915803	9
AGPAT3	0.340267007634681	0.285393929519267	0.8612268238133	9
AGPAT4	-0.461833014033393	0.0793918255015503	0.560985194420479	9
AGPAT5	0.3794131386754			9
AGPS	0.194083295599393	0.471383992306878	0.939528895871055	9
AGR2	4.49669246351587	0.00132553825011794	0.0672588745110997	9
AGR3	3.44460548583396	0.0213508594322233	0.301012450887343	9
AGRN	0.936294357911786	0.0581439466071412	0.485992523141569	9
AGT	0.225175930906321	0.733009139836019	0.991008075540888	9
AGTPBP1	0.455844261121454	0.32800271147216	0.887903506431062	9
AGTR1	-0.00465713019812281	0.996537353461798	0.999620666732609	9
AGTR2	2.18855283980094	0.0435503904537894	0.423762236973227	9
AGTRAP	0.100077062354136	0.824204797837216	0.997189504159952	9
AHCTF1	-0.243320704951043	0.59135814359793	0.971187979266693	9
AHCY	-0.171561951896808	0.711383336205331	0.989276793964962	9
AHCYL1	0.271385557546546	0.257254655525065	0.840547211401925	9
AHCYL2	-0.0381224223726479	0.905199669509539	0.998639733078915	9
AHDC1	-0.385887422494801	0.286748408602935	0.862232237237917	9
AHI1	0.0152371812696573	0.968774073694336	0.998639733078915	9
AHNAK	-0.260538959156072	0.68989127364465	0.989171265391501	9
AHNAK2	-0.499496328040613	0.583607893334273	0.971006418732942	9
AHR	0.606902732581999	0.230931622275104	0.808244559806673	9
AHSA1	-0.168345575866852	0.502792950018733	0.949352252865382	9
AIDA	0.195270242428982	0.675617052653244	0.985298616459508	9
AIF1	-0.233404694732137			9
AIF1L	0.133633330665909	0.722425412395343	0.990516044835733	9
AIFM1	0.795215537525596	0.0331228575196093	0.371524695932335	9
AIFM2	-0.194028650937874	0.536692877903387	0.95784961223136	9
AIFM3	-0.230946218925418	0.766741053095743	0.992930756580613	9
AIG1	0.690613754897834	0.142188873100745	0.708835190739895	9
AIMP1	-0.0909272519354208	0.805294328786645	0.995590233849494	9
AIMP2	0.182448856962682	0.715187357718055	0.989276793964962	9
AIP	-0.965590233429242	0.0317789397170444	0.365879234068636	9
AIRE	0.209954685601298	0.869396249007852	0.998639733078915	9
AJAP1	1.16784086097586	0.00917748399524483	0.190807180297237	9
AJM1	-0.466842755108785	0.509349885906271	0.951538693830295	9
AJUBA	-0.493584007810596	0.405382610719958	0.915238409840383	9
AK1	-0.461369536524658	0.510524390251135	0.951538693830295	9
AK2	-0.0939242299192277	0.568408433155945	0.965954050404664	9
AK3	0.0465662795010926	0.861818043042369	0.998639733078915	9
AK4	0.608984700704088	0.26262026308724	0.845428833249157	9
AK5	-0.802939155789502	0.171063516956334	0.749226042299155	9
AK6	0.257462156803374			9
AK7	2.66626028648106	0.000510179557597429	0.0396355813141876	9
AK8	-0.00268566215662618	0.997426151860213	0.999620666732609	9
AK9	0.431970589062718	0.384463763402383	0.910633763090913	9
AKAP1	0.231032866483404	0.471883084853906	0.939599353653877	9
AKAP10	0.420798006313518	0.232429847184703	0.808323702269945	9
AKAP11	-0.177989538814781	0.617042700419333	0.977025239540628	9
AKAP12	-0.0923912589188419	0.904293345205918	0.998639733078915	9
AKAP13	-0.464073546317342	0.474471507961347	0.939899973963271	9
AKAP14	6.45315732165191	0.00267879349676836	0.0991019318441045	9
AKAP17A	0.103342792666257			9
AKAP3	0.248923131531166	0.809597252775744	0.995936140923453	9
AKAP5	-0.525899744611892	0.284029371708908	0.8612268238133	9
AKAP6	-0.435654438290477	0.518599607547275	0.953758404613893	9
AKAP7	0.583001804703133	0.311450774661432	0.878131264920736	9
AKAP8	-0.0474793177369336	0.844109244722558	0.998639733078915	9
AKAP8L	-0.559234461695715	0.252228471251811	0.838161746834043	9
AKAP9	0.0664931523593605	0.903732394088401	0.998639733078915	9
AKIP1	-0.590112567896724	0.063269622877562	0.50346248156102	9
AKIRIN1	0.449061788681154	0.2824112690999	0.8612268238133	9
AKIRIN2	-0.0514085019047873	0.845425720886595	0.998639733078915	9
AKNA	-0.440009959799365	0.144106868735804	0.711869112393627	9
AKNAD1	-0.591223456282892	0.640504484582255	0.980691547015745	9
AKR1A1	0.129227559948432	0.759297644606182	0.991955190535962	9
AKR1B1	-0.638163240228604	0.0448731547831598	0.430391577488124	9
AKR1C1	-0.536280576360764	0.468125523755384	0.939188868595478	9
AKR1C2	-0.750932728847467	0.439534231812757	0.929185439005697	9
AKR1C3	-0.802293161585956	0.0907113056948346	0.591844133122791	9
AKR1E2	0.173324858422081	0.797889816671983	0.995590233849494	9
AKR7A2	-0.147866324713995	0.703326742456642	0.989276793964962	9
AKR7A3	-0.473877333257304	0.439151570780098	0.929022782904526	9
AKT1	0.424362593405032	0.227637564995245	0.808244559806673	9
AKT1S1	-0.152613840380523	0.716041520375047	0.989276793964962	9
AKT2	-0.0776284492091691	0.56854375070127	0.965998858147166	9
AKT3	-2.06560290238176			9
AKTIP	-0.130694112609029	0.736332433578689	0.991008075540888	9
ALAD	0.0387576350029763	0.878250711214566	0.998639733078915	9
ALAS1	0.14111173416585	0.677910873010745	0.98672896048664	9
ALB	-0.347442171447587	0.828467282737362	0.99746225363255	9
ALCAM	1.96419604715558	1.36634674044971e-06	0.00155143417198294	9
ALDH16A1	-0.447207294281722	0.21055369935351	0.794171927467666	9
ALDH18A1	0.842696950973705	0.028594759035945	0.348737862268041	9
ALDH1A1	0.804633622403497	0.105830658894192	0.629905788684344	9
ALDH1A2	0.113761995827681	0.801732061905523	0.995590233849494	9
ALDH1A3	-3.30706529794689	0.000119153501494925	0.018321092037152	9
ALDH1B1	0.811104608786007	0.313249253096122	0.879731838694817	9
ALDH1L1	0.570889001849999	0.470071632083422	0.939188868595478	9
ALDH1L2	0.650653079571235	0.237239489777362	0.816291866807374	9
ALDH2	0.123646015789486	0.773513651712606	0.992930756580613	9
ALDH3A1	0.314766299579661	0.709250554579739	0.989276793964962	9
ALDH3A2	0.0448494033957361	0.877996192939713	0.998639733078915	9
ALDH3B1	-0.570388256465858	0.365073395069596	0.90239123320911	9
ALDH3B2	2.25934198121881	0.13226359884179	0.691584478393078	9
ALDH4A1	0.43944832525698	0.444552019212871	0.932377161200351	9
ALDH5A1	0.498959431336613	0.282121891831385	0.8612268238133	9
ALDH6A1	0.791821595399047	0.126624626687289	0.679443938788914	9
ALDH7A1	-0.443253537058918	0.301633153199393	0.874342355309609	9
ALDH8A1	0.212269053365722	0.745486208808308	0.991008075540888	9
ALDH9A1	0.171285050086716	0.633128014165852	0.979759546919064	9
ALDOA	0.73188449683224	0.327580328078476	0.887903506431062	9
ALDOB	-0.971218994909122	0.433620226627375	0.926809311141991	9
ALDOC	-1.38696879983656	0.0208556789191464	0.297428100321628	9
ALG1	0.266195097859692	0.47647201850936	0.940825538957812	9
ALG10	0.510353766184186	0.519683273372028	0.953979035340765	9
ALG10B	0.187329282088157	0.680829313870863	0.987076378845579	9
ALG11	0.5038579204144	0.447003215874459	0.932585632008735	9
ALG12	-0.142575652596566	0.83067424097129	0.99746225363255	9
ALG13	0.00498437021737869	0.989224767669823	0.999458538741689	9
ALG14	-0.0278657519381659	0.933595907875457	0.998639733078915	9
ALG1L2	0.357158423294249	0.707798911179896	0.989276793964962	9
ALG2	0.37172446328351	0.273323762068455	0.852564368485894	9
ALG3	-0.355867855528398	0.495845838250181	0.946613606254215	9
ALG5	-0.00599180884612122	0.985671452466312	0.999458538741689	9
ALG6	0.125327036823318	0.708834127226508	0.989276793964962	9
ALG8	0.3970763327389	0.280336948670019	0.860827281635593	9
ALG9	-0.391612703384831	0.383317868582348	0.909525005327766	9
ALK	-1.61165085688815	0.209765080168717	0.793888952327014	9
ALKAL2	-0.160804552111203	0.818970322401583	0.995966406600323	9
ALKBH1	-0.0891576759164914	0.771683860984944	0.992930756580613	9
ALKBH2	-0.0813832022938071	0.817411034047981	0.995966406600323	9
ALKBH3	-0.689000422901156	0.0587081774649817	0.487396742160065	9
ALKBH4	0.16977316205867	0.58806271330167	0.971161794932015	9
ALKBH5	-0.26132738234646	0.417256472130823	0.919780432363111	9
ALKBH6	-0.827265038198966	0.263597519704118	0.845861519207063	9
ALKBH7	-0.871835060454662	0.165038574917935	0.741331739465429	9
ALKBH8	-0.0445868293546369	0.913179512749445	0.998639733078915	9
ALMS1	-0.177338826193967	0.479054936303425	0.941072442992838	9
ALOX12	-0.61006026162303	0.28475079342514	0.8612268238133	9
ALOX12B	2.23552283986231	0.25641544290936	0.840547211401925	9
ALOX15B	-6.98693965312325	0.000168855228972192	0.0207316768814308	9
ALOX5	0.0711440032832529			9
ALOX5AP	0.236917946079881	0.697566905165582	0.989276793964962	9
ALPG	6.72080694804909	0.00928060612861322	0.191864183563669	9
ALPK1	0.159483968759051	0.629864717927106	0.979238377916278	9
ALPK2	-3.15659745293059	0.0136377996212246	0.235858483311362	9
ALPK3	1.38300049579417	0.0116494995213356	0.217614755831463	9
ALPL	3.5917903000889	8.49056988721859e-05	0.0147446237770863	9
ALPP	4.91616078822241	0.0116082860983637	0.217173524838969	9
ALS2	0.0529377175966797	0.86660300280481	0.998639733078915	9
ALS2CL	-0.132309259136513	0.761331819578791	0.992004541019998	9
ALX1	-1.38621359922242	0.456992839353614	0.936230722336266	9
ALX3	-0.0167307824638938	0.989210766657135	0.999458538741689	9
ALX4	2.44656650763279	0.00479608620690071	0.132365056268839	9
ALYREF	0.196566875601892	0.636961361479659	0.980691547015745	9
AMBP	0.254500136153392	0.852727378237406	0.998639733078915	9
AMBRA1	-0.0187192270625297	0.955215676354856	0.998639733078915	9
AMD1	0.897208435508073	0.00396407028684946	0.120151214587649	9
AMDHD2	-0.633946390844614	0.135338228636665	0.697530584115157	9
AMER1	0.51495368167803	0.182534668093043	0.759617216219006	9
AMER2	-1.0619175657764	0.286112637714181	0.862232237237917	9
AMFR	0.445849312662502	0.14093607246578	0.707604546145367	9
AMH	1.57442212626554	0.248687712285696	0.835450672744726	9
AMIGO1	-0.99222717040974	0.0794999034399282	0.560985194420479	9
AMIGO2	-1.39029041416063	0.0349839472488668	0.380275627341971	9
AMIGO3	0.111808061763019	0.929792754342294	0.998639733078915	9
AMMECR1	0.658623058581972	0.00974150097860634	0.196978487596176	9
AMMECR1L	0.313420869255614	0.215605584882599	0.798323137611018	9
AMN	0.653464613728815	0.527224658234351	0.957268202462574	9
AMN1	0.529610553328372	0.330517924548444	0.889608885732586	9
AMOT	-0.0224183114074217	0.954250504056855	0.998639733078915	9
AMOTL1	-0.0925052854336124	0.860904416905134	0.998639733078915	9
AMOTL2	0.863279705336304	0.172634197552038	0.74938747148236	9
AMPD2	0.389234049236946	0.174597824506947	0.751250158017082	9
AMPD3	0.111995383883235	0.830450259623683	0.99746225363255	9
AMPH	-0.495173160068683	0.180025604336897	0.756780355620486	9
AMT	0.158844318019081	0.880821065774019	0.998639733078915	9
AMY2B	-0.213584325649782	0.678226307317427	0.98672896048664	9
AMZ1	-0.487931533662978	0.444930393202932	0.932502844536203	9
AMZ2	-0.107542554056433	0.661028197149382	0.983171338937342	9
ANAPC1	0.344200255437361	0.285280456960803	0.8612268238133	9
ANAPC10	0.144237718351862	0.665643891279447	0.984088154568007	9
ANAPC11	-0.592713951971464	0.375948817421506	0.905673456930873	9
ANAPC13	-0.0775321142729218	0.805440430358281	0.995590233849494	9
ANAPC15	-0.646353726957801	0.229645937041829	0.808244559806673	9
ANAPC16	-0.437341572275519	0.188593277509043	0.765628539414461	9
ANAPC2	-0.515976961375511	0.124032688363428	0.675125977949663	9
ANAPC4	1.10485011174828	0.0704697722319775	0.530156710832527	9
ANAPC5	0.0319566261477497	0.914085173957636	0.998639733078915	9
ANAPC7	0.0296138989821005	0.92934070153919	0.998639733078915	9
ANG	-1.78593413626993	0.0138213419700316	0.237326424578389	9
ANGEL1	0.0870831324978378	0.806252752832073	0.995590233849494	9
ANGEL2	-0.285625575078244	0.366336471430497	0.90239123320911	9
ANGPT1	0.0813586530118509	0.92911464342114	0.998639733078915	9
ANGPT2	0.685808884384242	0.119161224481402	0.664001070052838	9
ANGPT4	-2.37056372128538	0.0110113730793284	0.212203298143319	9
ANGPTL1	-1.15542858562146	0.309444079940734	0.877235807280418	9
ANGPTL2	0.108300019503313	0.856037071274392	0.998639733078915	9
ANGPTL4	1.37581302594066	0.00726541150131653	0.167308485446074	9
ANGPTL6	1.63081332169292	0.190728657581816	0.768590148666445	9
ANGPTL7	-0.584507579626141	0.78506496781783	0.994052363875907	9
ANGPTL8	0.525582207503006	0.515474817147847	0.953680371468858	9
ANK1	-0.0259070388426747	0.973472624937837	0.998639733078915	9
ANK2	0.323660349484938	0.294835488514577	0.870082505129096	9
ANK3	0.393093281662011	0.541781296023894	0.959523738578315	9
ANKAR	-0.766328755847355	0.0605165930122057	0.495169306792222	9
ANKDD1A	-0.0214695009784095	0.974399593173667	0.998639733078915	9
ANKDD1B	1.65209154812536	0.0665465169183818	0.516181364283886	9
ANKEF1	1.62128942010851	0.0232986250810043	0.313590405830319	9
ANKFN1	2.77818977216198	0.0439517937986728	0.424589285511917	9
ANKFY1	0.171656719610384	0.720715371956134	0.990516044835733	9
ANKH	-0.0713202345814601	0.813018355394753	0.995936140923453	9
ANKHD1	-1.18450657601739	0.048792437062574	0.451302226391315	9
ANKHD1-EIF4EBP3	0.17853391663724	0.865464812777896	0.998639733078915	9
ANKIB1	0.130505430710298	0.746018942190684	0.991008075540888	9
ANKK1	-0.258995766272667	0.759363295311876	0.991955190535962	9
ANKLE1	-0.186083444569679	0.715329852860513	0.989276793964962	9
ANKLE2	0.0318079740591268	0.896425980172323	0.998639733078915	9
ANKMY1	0.338843710707556	0.343383847082171	0.899092963457163	9
ANKMY2	-0.20501823779772	0.503645195813659	0.949644853499121	9
ANKRA2	-0.142223445745285	0.778794439825432	0.992930756580613	9
ANKRD1	3.14625230505084	0.158583428210922	0.732693998402983	9
ANKRD10	-0.159785748888352	0.648589636958699	0.980691547015745	9
ANKRD11	0.118346003054169	0.720591457115467	0.990516044835733	9
ANKRD12	-0.419113845356258	0.450307029770795	0.932585632008735	9
ANKRD13A	-0.269268918500262	0.176199747290096	0.751250158017082	9
ANKRD13B	1.00600856696645	0.0376800498532596	0.397566272969239	9
ANKRD13C	-0.00427182764632483	0.9892637425148	0.999458538741689	9
ANKRD13D	-0.566206140576295	0.264705736477828	0.84593551057786	9
ANKRD16	-0.403819180751925	0.284795813781824	0.8612268238133	9
ANKRD17	0.352512344398225	0.21585219946264	0.798400989783844	9
ANKRD18A	5.86316280653227	0.000327329213706239	0.0307752007867376	9
ANKRD18B	2.29095354483788	0.291136636692708	0.866742058595601	9
ANKRD2	-1.65849637163518	0.141528720668547	0.707926593299888	9
ANKRD22	0.940920761904534	0.626364097816659	0.978573777801597	9
ANKRD23	-0.35760901938948	0.543705514655201	0.959871555065334	9
ANKRD24	0.196161171976892	0.643516642622709	0.980691547015745	9
ANKRD26	-0.192735177128355	0.691194539171287	0.989171265391501	9
ANKRD27	0.00941134554735481	0.97581570267623	0.998639733078915	9
ANKRD28	-0.0660254822005362	0.869013774454452	0.998639733078915	9
ANKRD29	0.00271899488433286	0.992443544839882	0.999620666732609	9
ANKRD30BL	1.10386640222071	0.506732017487237	0.951274489397064	9
ANKRD31	0.165587292991003	0.918363500496807	0.998639733078915	9
ANKRD33B	-1.2714872287997	0.14592116490406	0.71393513926047	9
ANKRD34A	-0.98695708504359	0.0356404997531129	0.385212360147284	9
ANKRD35	-0.107411449572001	0.810320766117252	0.995936140923453	9
ANKRD36	-0.724391818819349	0.218192539816617	0.799033281212017	9
ANKRD36B	2.10834783844262	0.00370435052993806	0.11667895483549	9
ANKRD36C	-0.583656598007576	0.299813435380585	0.874342355309609	9
ANKRD37	0.213705729230506	0.891974919859534	0.998639733078915	9
ANKRD39	-0.725266103673095	0.21703575921197	0.798902092039156	9
ANKRD40	-0.0342940292325311	0.9510376801879	0.998639733078915	9
ANKRD42	0.598768887114785	0.0444638988327474	0.428135427703969	9
ANKRD44	-0.630644418493564	0.0918538769845086	0.594447327500439	9
ANKRD45	1.14155637410033	0.128980408639832	0.683864874975778	9
ANKRD46	-0.17649981292882	0.519095547682885	0.953758404613893	9
ANKRD49	-0.17603833890231	0.679849151720924	0.986916482166846	9
ANKRD50	0.138138153421626	0.772467255950538	0.992930756580613	9
ANKRD52	0.186379914609031	0.574259963947765	0.968284112085412	9
ANKRD53	-0.915451952701027	0.0632612093105628	0.50346248156102	9
ANKRD54	0.00047720483612256	0.998994007142947	0.999620666732609	9
ANKRD6	0.0473438172193152	0.888062314698002	0.998639733078915	9
ANKRD61	0.655755320714348	0.523750131674181	0.955391092995928	9
ANKRD63	3.15830170384966	0.133499404940285	0.693057206498099	9
ANKRD65	-0.492523534423449	0.324141274609994	0.886080378644328	9
ANKRD66	3.22098685094506	0.0844991241094995	0.576889070953669	9
ANKRD9	-0.713682022303877	0.204614959995073	0.787978456688567	9
ANKS1A	0.492007594176936	0.212237858309093	0.794171927467666	9
ANKS1B	-0.518219894389416	0.569365195134369	0.966467300526497	9
ANKS3	-0.304812305328066	0.50563147812099	0.950760358225867	9
ANKS6	-0.223648713125326	0.220638024490084	0.801618778727869	9
ANKUB1	4.00495764019952	0.00984825240358858	0.198322037829974	9
ANKZF1	-0.200560977763582	0.526652469942718	0.957268202462574	9
ANLN	2.96180195748137	0.000279437202867516	0.0280596772212749	9
ANO1	-0.0805134109222365	0.783129922826001	0.993822153589029	9
ANO10	-0.395292169457977	0.430200108618966	0.92451488206047	9
ANO2	0.605625066533725	0.218206269856126	0.799033281212017	9
ANO3	-0.5155603960986	0.737996226961761	0.991008075540888	9
ANO4	2.78827968534753	0.00741854619544129	0.169491025734572	9
ANO5	-0.712882807902676	0.222580825926358	0.804484713883196	9
ANO6	-0.218017624703409	0.731132673833456	0.991008075540888	9
ANO7	0.909028395661299	0.15742148224791	0.730493083766552	9
ANO8	0.542292571948148	0.3057778672426	0.876254532783542	9
ANO9	1.60970172153853	0.0880371828523498	0.585938235360541	9
ANOS1	-0.454942615915155	0.540825023503042	0.958992746552915	9
ANP32A	0.348068085325024	0.232085924122899	0.808244559806673	9
ANP32B	-0.0619725404661954	0.794161581321885	0.994714385280344	9
ANP32E	-0.0322139100166163	0.915622815057168	0.998639733078915	9
ANPEP	-0.236404856135774	0.804282391408408	0.995590233849494	9
ANTKMT	-0.538655176124522	0.37574361059373	0.905673456930873	9
ANTXR1	0.0966005238855373	0.863299116776664	0.998639733078915	9
ANTXR2	-1.16225216487855	0.0663835143475544	0.515962311541468	9
ANXA1	0.384603181295268	0.393057290709919	0.912945341948813	9
ANXA11	-0.442726799316064	0.256821684642209	0.840547211401925	9
ANXA13	-0.567074289907372	0.490618822959745	0.944931536265188	9
ANXA2	-0.0255888849534481	0.96437286210645	0.998639733078915	9
ANXA2R	-0.832030892741076	0.0834731908664305	0.573763865021209	9
ANXA3	1.54633165150942	0.0191950898773732	0.28362234402393	9
ANXA4	0.425423803446866	0.0741306166734523	0.542240848719936	9
ANXA5	-0.177514293982638	0.543795469303863	0.959871555065334	9
ANXA6	-0.628081563407962	0.283249137007206	0.8612268238133	9
ANXA7	-0.014073189614582	0.956166809285071	0.998639733078915	9
ANXA8L1	4.98718098541013	0.09739114250003	0.610960754119398	9
ANXA9	0.312173272306238	0.508359861595565	0.951538693830295	9
AOAH	-0.0290232762472064	0.948780358086938	0.998639733078915	9
AOC1	1.64556777878067	0.218581921493475	0.799109443769469	9
AOC2	0.149535343823389	0.75773175911644	0.991890138420883	9
AOC3	0.183575475687262	0.853157968538668	0.998639733078915	9
AOPEP	-0.524690566029514	0.161886240487497	0.738443385610612	9
AOX1	-1.01926334290203	0.248820506662477	0.835547846326889	9
AP1AR	0.194991227737154	0.663299371721463	0.983171338937342	9
AP1B1	-0.00590282450002992	0.986850161098456	0.999458538741689	9
AP1G1	0.24174592096809	0.260063579500158	0.842792685728616	9
AP1G2	0.301083086530001	0.447466856150662	0.932585632008735	9
AP1M1	-0.390990265165558	0.253650541890196	0.839098594740734	9
AP1M2	3.15677531310143	0.00370242914895167	0.11667895483549	9
AP1S1	0.417131679363705	0.365449452653115	0.90239123320911	9
AP1S2	-0.717166640628554	0.229147293160873	0.808244559806673	9
AP1S3	1.44025794269663	0.0659107898078712	0.513679603143605	9
AP2A1	-0.22461479275393	0.519581288155886	0.953922810257342	9
AP2A2	-0.459098214777045	0.60673698985354	0.974885729870166	9
AP2B1	-0.0362449484188012	0.895867191933189	0.998639733078915	9
AP2M1	-0.515471999441804	0.174347860892883	0.751250158017082	9
AP2S1	-0.522912364289843	0.423029838361347	0.922277664097641	9
AP3B1	0.253704465307238	0.378244581850955	0.90602188789194	9
AP3B2	-0.498278266745047	0.254822667567196	0.840431993739394	9
AP3D1	0.154389158298475	0.449802426701171	0.932585632008735	9
AP3M1	0.0784079730185263	0.819651932668728	0.995966406600323	9
AP3M2	0.0795310007599174	0.717557348386425	0.989276793964962	9
AP3S1	-0.491927601057309	0.0803443201816065	0.564744052476521	9
AP3S2	-0.785547365102979			9
AP4B1	-0.286046075377693	0.46754537213354	0.939188868595478	9
AP4E1	-0.0538218958647816	0.862521951963582	0.998639733078915	9
AP4M1	-0.152507631536365	0.603498434124203	0.974057468095769	9
AP4S1	-0.644978766316868	0.100763823814145	0.618639435046888	9
AP5B1	-0.339739785336592	0.360218969645243	0.901129021301342	9
AP5M1	0.0607248774951586	0.834723427092964	0.998165303574145	9
AP5S1	0.0336240046813642	0.934404766181995	0.998639733078915	9
AP5Z1	-0.474739874488728	0.139026310094357	0.702495653805487	9
APAF1	0.312065195567652	0.64371571092499	0.980691547015745	9
APBA1	-0.339345954231924	0.639077096679283	0.980691547015745	9
APBA2	2.24181736960144			9
APBA3	-0.321049410672253	0.332093679044228	0.890518010101223	9
APBB1	-0.777959057475316	0.0928182496631961	0.597205756282276	9
APBB1IP	-0.490516864315528	0.27863171975883	0.858073193290024	9
APBB2	0.841615806551177	0.14716605640119	0.71554489855417	9
APBB3	-0.320676741287648	0.393388586748386	0.912945341948813	9
APC	0.119435349030546	0.819865620768576	0.995966406600323	9
APC2	-0.267529509043209	0.716890061799488	0.989276793964962	9
APCDD1	0.428355379566557	0.509823337983945	0.951538693830295	9
APCDD1L	-1.72896815957412	0.126818703322328	0.679443938788914	9
APEH	0.0549364536570892	0.871913005809122	0.998639733078915	9
APELA	2.35250072541441	0.455663540988012	0.935424958604772	9
APEX1	0.136366766094237	0.634776475480193	0.9806316645278	9
APEX2	-0.00284712758874911	0.993455341707365	0.999620666732609	9
APH1A	0.874588314942433	0.0146567293166137	0.244185080634915	9
APH1B	-0.588360608118232	0.00619540634867769	0.154562405819002	9
API5	-0.0221099750649979	0.923549636902053	0.998639733078915	9
APIP	-0.110447340846371	0.642658411140423	0.980691547015745	9
APLF	0.067183191078136	0.896534226541809	0.998639733078915	9
APLN	0.785104467178041	0.100987498391186	0.619051687604773	9
APLNR	1.97035087556184	0.000125218883975534	0.0186078040643192	9
APLP1	0.405064617771432	0.529544934360387	0.957299775766752	9
APLP2	-0.225397657277697	0.53483198991933	0.95784961223136	9
APMAP	0.183627281487613	0.496910246249862	0.947019531326569	9
APOA1	0.492354105608549	0.756837665097788	0.991890138420883	9
APOB	1.59889409654068	0.202340942066069	0.786221457318611	9
APOBEC3A	0.882303469630112	0.746530646914101	0.991008075540888	9
APOBEC3B	3.29066599778167	0.00411894085381689	0.123076287334395	9
APOBEC3C	-0.0840416766836122	0.847866758560102	0.998639733078915	9
APOBEC3D	0.41598110060361	0.702206708841272	0.989276793964962	9
APOBEC3F	-0.308146985928251	0.491092530393334	0.944931536265188	9
APOBEC3G	-0.351265282820009	0.480395701504861	0.941122155738687	9
APOBEC3H	-0.800656445807717	0.285374335070231	0.8612268238133	9
APOBEC4	4.62106419165859	0.0122807193901254	0.223797159157581	9
APOBR	-0.0549559980922536	0.91785431663357	0.998639733078915	9
APOC1	-0.885204405944861	0.296020211419167	0.870082505129096	9
APOD	-2.31224642474975	0.000888276948151292	0.0530844373751467	9
APOE	-0.93658955695024	0.136581002601865	0.700497286672099	9
APOL1	0.472510667836043	0.355581317822749	0.899926179335231	9
APOL2	-0.20186434430445	0.491682865060678	0.945386319025748	9
APOL3	-0.975343315043571	0.0568505404787164	0.481401809416439	9
APOL4	1.80752062431856	0.0218869728080487	0.306138452798877	9
APOL6	-0.347864203489822	0.211303312440981	0.794171927467666	9
APOLD1	0.253589944907572	0.757193621132295	0.991890138420883	9
APOM	0.148489065948374			9
APOO	0.509036939652914	0.3882940292734	0.911850347346707	9
APOOL	0.523368742996912	0.356345046274571	0.899926179335231	9
APP	0.176436439747617	0.624854480975752	0.978573777801597	9
APPBP2	-0.194097517333771	0.379930391605016	0.906881065731184	9
APPL1	0.0670403736418932	0.850551890893825	0.998639733078915	9
APPL2	-0.264003102573558	0.293312050833374	0.869287720408175	9
APRT	-0.30574456826445	0.616568645358519	0.977025239540628	9
APTX	0.092939066572195	0.680340599287515	0.986978632538871	9
AQP1	-0.0945280286640787	0.908123171478019	0.998639733078915	9
AQP11	-0.00769305594795557	0.991457776315742	0.999620666732609	9
AQP3	1.52911586699297	0.00675749996233382	0.161927689844171	9
AQP5	2.91924494246162	0.00839772640306755	0.181226373443977	9
AQP6	3.82133802452477	0.0197945398873409	0.288024183785708	9
AQP7	0.59489883865311	0.436078808278303	0.927920525150979	9
AQP8	0.617158358957751	0.586376634238357	0.971161794932015	9
AQP9	1.27237554146431	0.22621685298153	0.808244559806673	9
AQR	0.144380131863427	0.587938670911209	0.971161794932015	9
AR	-0.0140767472144248	0.964964393602177	0.998639733078915	9
ARAF	-0.29994585795876	0.365888082791298	0.90239123320911	9
ARAP1	-0.0329950646573675	0.918587510839448	0.998639733078915	9
ARAP2	0.88997762096724	0.0257481691021684	0.330042007221541	9
ARAP3	-0.125714771940152	0.64150398203581	0.980691547015745	9
ARC	1.45217045001127	0.144470292342995	0.711869112393627	9
ARCN1	0.38999828749678	0.187147873592668	0.765079182510763	9
AREG	0.822884723846564	0.667727141258542	0.984284072108766	9
AREL1	0.275170872014993	0.366076616904473	0.90239123320911	9
ARF1	-0.00735274545200959	0.977355197756423	0.998639733078915	9
ARF3	0.115372178860896	0.746507210208869	0.991008075540888	9
ARF4	0.286861738085066	0.371313407341034	0.905369091236447	9
ARF5	-0.262436393078764	0.485415631714323	0.943768865380848	9
ARF6	0.583248283596627	0.0175601085825006	0.271085376145044	9
ARFGAP1	-0.0274206970335768	0.937403588238846	0.998639733078915	9
ARFGAP2	-0.205495102244892	0.355494672034796	0.899926179335231	9
ARFGAP3	0.147931402241749	0.560085585972986	0.964946561877165	9
ARFGEF1	0.297323027526209	0.513626926331664	0.952863302692453	9
ARFGEF2	0.047813007976328	0.913666466640273	0.998639733078915	9
ARFGEF3	0.975537436414515	0.18689153238242	0.765079182510763	9
ARFIP1	0.129597790915739	0.702560907729419	0.989276793964962	9
ARFIP2	0.181149603667079	0.551712761030965	0.961832061601284	9
ARFRP1	-0.278299674606286	0.405746521358168	0.915238409840383	9
ARG1	0.486845055814373	0.682431262931525	0.987306006486237	9
ARG2	0.861011114469199	0.233458493024502	0.810574972119707	9
ARGLU1	-0.190276132528417	0.610714422456291	0.975328830748679	9
ARHGAP1	-0.165171726449127	0.760282627839116	0.991955190535962	9
ARHGAP10	-0.586375625033758	0.217987842166593	0.799033281212017	9
ARHGAP11A	1.4153307974489			9
ARHGAP11B	0.365456565831561	0.906422779512845	0.998639733078915	9
ARHGAP12	-0.164905565766546	0.714456527531595	0.989276793964962	9
ARHGAP15	-0.281898072523743	0.647862381713313	0.980691547015745	9
ARHGAP17	0.340190654491732			9
ARHGAP18	0.839912773923486	0.00744550584339006	0.169491025734572	9
ARHGAP19	0.0850865619201849	0.805050824525839	0.995590233849494	9
ARHGAP20	1.54421683712329	0.0153727223989379	0.249908320848813	9
ARHGAP21	0.488093383007635	0.319968897082208	0.884742116921954	9
ARHGAP22	0.605479302019338	0.126940458722318	0.679443938788914	9
ARHGAP23	-0.561692976346053	0.547400873460291	0.960668683051641	9
ARHGAP24	-0.314132474795017	0.735947403955206	0.991008075540888	9
ARHGAP25	-0.456241439302065	0.293382065436501	0.869287720408175	9
ARHGAP26	1.03754918345856	0.0336089318537517	0.37338560004501	9
ARHGAP27	0.0823161819357648			9
ARHGAP28	1.09333043387919	0.115538903074441	0.652686470831162	9
ARHGAP29	0.579134210741898	0.263122440265213	0.845428833249157	9
ARHGAP30	0.156650340721584	0.678563996130617	0.98672896048664	9
ARHGAP31	-0.155990012040445	0.763776897085984	0.992788902596531	9
ARHGAP32	0.196629326245283	0.574254769617181	0.968284112085412	9
ARHGAP33	-0.142924363879	0.757715756033544	0.991890138420883	9
ARHGAP35	0.294974387968475	0.511639265806303	0.951538693830295	9
ARHGAP39	0.399256064761466	0.382587295415953	0.908814140269533	9
ARHGAP4	-0.449889225778595	0.273172015267533	0.852324683309623	9
ARHGAP40	3.66524755557679	0.0739019407996067	0.541372976745903	9
ARHGAP42	-1.0460167828107	0.128112770363599	0.682205123858978	9
ARHGAP44	-0.11421578093599	0.825599715180817	0.99746225363255	9
ARHGAP45	-0.173594204515175	0.597842414209741	0.973383517777009	9
ARHGAP5	0.101884695373869	0.879562680061224	0.998639733078915	9
ARHGAP6	-0.67866636248121	0.311448882872224	0.878131264920736	9
ARHGAP9	0.0197544522840696	0.971324435029977	0.998639733078915	9
ARHGDIA	-1.00064705782412	0.135708686284557	0.698464406640985	9
ARHGDIB	-0.215285163767322	0.564283989683494	0.965041713262426	9
ARHGEF1	-0.0689716855399617	0.846402206593483	0.998639733078915	9
ARHGEF10	-1.3055765213497			9
ARHGEF10L	-0.438774639119796	0.104757360301471	0.628298316800495	9
ARHGEF11	0.0950935427338941	0.629936451098448	0.979238377916278	9
ARHGEF12	0.176218589576335	0.659460617246426	0.982975949819678	9
ARHGEF15	0.148055540806693	0.703399853708977	0.989276793964962	9
ARHGEF16	3.5446365435128	0.00210114343708103	0.0853964215812317	9
ARHGEF17	-0.240456323954912	0.308169730243961	0.876582754426691	9
ARHGEF18	-0.378194763937432	0.262261823703914	0.845049841216177	9
ARHGEF19	0.156879466594333	0.782935415622232	0.993822153589029	9
ARHGEF2	0.245702958075356	0.371455183326807	0.905540868883072	9
ARHGEF25	-0.260868012895288	0.733912629390415	0.991008075540888	9
ARHGEF26	-0.602490317768147			9
ARHGEF28	0.231720728333613	0.595933574831709	0.972773091899058	9
ARHGEF3	-0.852368307654779	0.0601644969562742	0.493397768146001	9
ARHGEF33	0.312919348212748	0.599709704107637	0.973852028859498	9
ARHGEF35	1.67724012574589	0.229622678410359	0.808244559806673	9
ARHGEF37	0.361583980973038	0.544535635985938	0.960207445296214	9
ARHGEF38	1.3287080244878	0.357105799684185	0.900465766978347	9
ARHGEF39	0.543983885389492	0.307651064491939	0.876432473153517	9
ARHGEF4	-0.273124084327184	0.639603845420844	0.980691547015745	9
ARHGEF40	-0.39873554337802	0.113179923690629	0.645574325936278	9
ARHGEF5	1.36802327001821	0.175884053994599	0.751250158017082	9
ARHGEF6	-0.849251738477473	0.130356162247914	0.687475651312875	9
ARHGEF7	0.0367688400017666	0.876854033985827	0.998639733078915	9
ARHGEF9	-0.136366099342207	0.672086435625693	0.985298616459508	9
ARID1A	0.668362946319067	0.0542636863262192	0.474236988668633	9
ARID1B	-0.0106835125545938	0.971388022624909	0.998639733078915	9
ARID2	0.00670776367244761	0.984321031423217	0.999393214781001	9
ARID3A	0.662745827685656	0.0693551183420664	0.528507226509239	9
ARID3B	0.293705972222123	0.273105671949091	0.852324683309623	9
ARID4A	0.186265513200079	0.744082986569713	0.991008075540888	9
ARID4B	-0.0935115537035333	0.84590676897007	0.998639733078915	9
ARID5A	0.114098345112022	0.845023228969	0.998639733078915	9
ARID5B	-0.502990282293746	0.335904049314493	0.893705780809522	9
ARIH1	0.158522525852903	0.563137318437403	0.964946561877165	9
ARIH2	-0.104979653573841	0.715724592117188	0.989276793964962	9
ARL1	-0.214244414304305	0.291696062322997	0.867283786477541	9
ARL10	-0.0224234258818896	0.952444104852638	0.998639733078915	9
ARL11	0.069303025183682	0.917762462124091	0.998639733078915	9
ARL13A	0.523467433679229	0.626406412417705	0.978573777801597	9
ARL13B	0.180975805040599	0.757673278881174	0.991890138420883	9
ARL14EP	-0.308828414867057	0.345900214532967	0.899092963457163	9
ARL15	0.11150127820093	0.75659504551708	0.991890138420883	9
ARL16	-0.273316175694534	0.436640860250826	0.928257515958762	9
ARL17A	-0.708149957112643	0.178688598595978	0.755332876252931	9
ARL2	-2.4548000847611	0.00289294549099392	0.104663648020984	9
ARL2BP	0.296400099541809	0.800727352365452	0.995590233849494	9
ARL3	-0.309575632037681	0.332985833870964	0.891242773122266	9
ARL4A	-0.856265275655947	0.0629119237683367	0.502740619482142	9
ARL4C	0.889696178039602	0.127584719104294	0.681300943499864	9
ARL4D	0.838231445971844	0.0851532375236057	0.578812849570433	9
ARL5A	0.309057023777268	0.383518960392802	0.909855894303784	9
ARL5B	1.18759012980798	0.0182871813502617	0.276009288252775	9
ARL6	-0.101262792086689	0.827899687145397	0.99746225363255	9
ARL6IP1	0.524873535491217	0.193088792085865	0.772198228116891	9
ARL6IP4	-1.03593085441001	0.353904182439499	0.899715225734967	9
ARL6IP5	-0.206521980505099	0.418979666800414	0.919802243544293	9
ARL6IP6	0.0426510286801627	0.877341320401483	0.998639733078915	9
ARL8A	0.0117672058134102	0.971168781318131	0.998639733078915	9
ARL8B	-0.302248769119835	0.294552424859873	0.869965782411697	9
ARL9	-1.20059068059568	0.074258310443876	0.542822578450318	9
ARMC1	-0.0194992894301874	0.949431789443695	0.998639733078915	9
ARMC10	0.033733412682553	0.957043880653884	0.998639733078915	9
ARMC12	-2.01410255010115	0.0188387237380054	0.280824734669113	9
ARMC2	0.176980668318972	0.687238329504415	0.989171265391501	9
ARMC3	4.2012609729304	0.000934021268570843	0.0540935626523092	9
ARMC5	-0.158777825454142	0.561256695468015	0.964946561877165	9
ARMC6	-0.329065337380511	0.485094374159789	0.943768865380848	9
ARMC7	-0.219698211035128	0.554164296097088	0.962765334045336	9
ARMC8	0.0723585486889798	0.858434702859591	0.998639733078915	9
ARMC9	-0.736944512216514	0.0413152441382716	0.413190129686998	9
ARMCX1	-0.426781220796901	0.116926620738149	0.65650583823348	9
ARMCX2	-0.178819380395648	0.463055012854068	0.9381217464643	9
ARMCX3	0.288010944426351	0.227557407753222	0.808244559806673	9
ARMCX4	0.203537122448118	0.518392178582295	0.953758404613893	9
ARMCX5	0.122118105451084	0.731619619009438	0.991008075540888	9
ARMCX5-GPRASP2	-0.262541741025309	0.847366724865112	0.998639733078915	9
ARMCX6	0.456881563233475	0.186681788345224	0.765079182510763	9
ARMH1	0.645859843115025	0.407294533081587	0.915238409840383	9
ARMH3	-0.0349758934816918	0.89136803895433	0.998639733078915	9
ARMH4	-0.0845254030564339	0.883098291961789	0.998639733078915	9
DCPH1	0.976909858162028	0.0503365388651908	0.456593762377694	9
ARNT	-0.109100771756427	0.714688242257241	0.989276793964962	9
ARNT2	0.290947798613609	0.685458323584065	0.988293730694743	9
BMAL1	0.118278869317167	0.768541711527039	0.992930756580613	9
BMAL2	1.2386048402498	0.00300252029772579	0.106878621402503	9
ARPC1A	-0.154738514548392	0.821144654338284	0.99604866814754	9
ARPC1B	-0.00229432982826705	0.998292709545296	0.999620666732609	9
ARPC2	-0.287234477324235	0.50536334995807	0.950760358225867	9
ARPC3	0.144905518702267	0.689205387152332	0.989171265391501	9
ARPC4	-0.802879158303542	0.13881926584532	0.702495653805487	9
ARPC5	-0.186528956494934	0.628784811523696	0.979219295330233	9
ARPC5L	0.534517689627353	0.161987532800149	0.738677161465244	9
ARPIN	-0.141243124565514	0.695586827680456	0.989276793964962	9
ARPP19	0.110280506425422	0.75534416508992	0.991872184048778	9
ARR3	-0.50782648174188	0.580737698179285	0.969055975901473	9
ARRB1	0.648550365810828	0.256587669141794	0.840547211401925	9
ARRB2	-0.356777237376503	0.205668577010302	0.78935877931593	9
ARRDC1	0.129191523634448	0.771537622420686	0.992930756580613	9
ARRDC2	-0.794608699188201	0.00287216216872793	0.104424441723939	9
ARRDC3	0.430884242199084	0.442836568858827	0.930967857385186	9
ARRDC4	-0.102907710151417	0.777110502567666	0.992930756580613	9
ARSA	-0.5903117739752	0.264702322431015	0.84593551057786	9
ARSB	-0.0814923300509197	0.852718874938708	0.998639733078915	9
ARSD	0.768420854121044	0.0912195145178654	0.5925664179552	9
ARSG	0.52125313758594	0.469822927538737	0.939188868595478	9
ARSI	-0.384007189142685	0.523769493744832	0.955391092995928	9
ARSJ	1.71662575520123	0.00372303961300154	0.11667895483549	9
ARSK	-0.196431087212298	0.656186011209552	0.982654069775495	9
ARSL	-0.0478201401398539	0.942296140322349	0.998639733078915	9
ART3	2.63239973482459	0.197710652730793	0.779905650710645	9
ART4	-0.559488442811519	0.735541493115712	0.991008075540888	9
ART5	-2.38657353830487	5.88583325721682e-06	0.00337410153960562	9
ARTN	0.1690264510113	0.750347826868272	0.991008075540888	9
ARV1	-0.184298783910648	0.649570327759923	0.980939644555144	9
ARVCF	0.281225401183032	0.493547772043068	0.945530063911015	9
ASAH1	-0.165130361611754	0.508637897348308	0.951538693830295	9
ASAH2	0.750329260323079	0.355480019187817	0.899926179335231	9
ASAH2B	0.440974028353939	0.42100185577937	0.921062456374579	9
ASAP1	0.337726428444578	0.492252237585031	0.945530063911015	9
ASAP2	0.141950482364896	0.841953538484463	0.998639733078915	9
ASAP3	-0.637614705279491			9
ASB1	-0.241033107658261	0.607275316570528	0.974885729870166	9
ASB12	-0.0253710893414451	0.980643085847955	0.998639733078915	9
ASB13	-0.00546207398233238	0.990129225260089	0.999458538741689	9
ASB14	0.894763578504498	0.288921541022885	0.864162235859182	9
ASB16	-0.010936546941712	0.986886541736201	0.999458538741689	9
ASB2	-2.88903397787027			9
ASB3	0.492874577172961			9
ASB5	-1.49528711367987	0.379468555995528	0.906881065731184	9
ASB6	-0.184223203668775	0.536234566457831	0.95784961223136	9
ASB7	-0.24529703963206	0.37447079048712	0.905673456930873	9
ASB8	-0.143139140832911	0.635076878063235	0.980691547015745	9
ASB9	-0.145052784518682	0.727168168956652	0.991008075540888	9
ASCC1	-0.151245040945726	0.551050871205827	0.961546579712439	9
ASCC2	-0.497953211638129	0.249911614976499	0.83715037646817	9
ASCC3	0.0509634869878544	0.800672882936286	0.995590233849494	9
ASCL1	1.74875717201217	0.158467385812943	0.732582863133372	9
ASCL2	-0.180219159649984	0.765217218787988	0.992930756580613	9
ASF1A	-0.00540549477280389	0.991542398521394	0.999620666732609	9
ASF1B	2.3179602874712			9
ASGR1	0.0694371228527245	0.91799914274068	0.998639733078915	9
ASH1L	-0.0594262934864462	0.903932512298311	0.998639733078915	9
ASH2L	0.0246906833155084	0.904326211132777	0.998639733078915	9
ASIC1	-0.755237587173798	0.343020776399751	0.899092963457163	9
ASIC2	1.75158699083747	0.090142030711106	0.590277738070255	9
ASIC3	-1.58425571131945	0.0635593164860711	0.504408102500481	9
ASIC4	-0.508248074828218	0.589596988263685	0.971187979266693	9
ASIP	-2.69302693193773	0.00227821162931283	0.0889647668261553	9
ASL	0.239500139702915	0.736096063339654	0.991008075540888	9
ASMTL	-0.698873033148482			9
ASNS	-0.342435626874058	0.596065214420498	0.972773091899058	9
ASNSD1	-0.407610604763293	0.299017711130216	0.873962823300325	9
ASPA	-0.182225924147732	0.749696953668913	0.991008075540888	9
ASPDH	-0.166655357804183	0.853359547734305	0.998639733078915	9
ASPG	-0.320916398808139	0.722347899276729	0.990516044835733	9
ASPH	0.246817035389966	0.586197343763729	0.971161794932015	9
ASPHD1	-0.180930923510213	0.805327803854692	0.995590233849494	9
ASPHD2	-1.42485520040533	0.150989582681613	0.7217478076306	9
ASPM	2.66431008164438	0.00917827037670391	0.190807180297237	9
ASPN	-1.07422721406378	0.209990324401495	0.79410413507266	9
ASPRV1	-0.345369517721436	0.794639773889355	0.994714385280344	9
ASPSCR1	-0.283825301894508	0.568631127866725	0.965998858147166	9
ASRGL1	2.67482175641802	0.0109889315627468	0.212203298143319	9
ASS1	-0.892907479604302	0.0439496336551346	0.424589285511917	9
ASTE1	-0.129902337031427	0.747760088005496	0.991008075540888	9
ASTL	3.12779663989528	0.000233466238111749	0.0255273714130927	9
ASTN1	0.713417529989209	0.274029420901075	0.852956411077586	9
ASTN2	0.274842839698533	0.502115760146325	0.949348943915356	9
ASXL1	0.0287808034386341	0.928744875831522	0.998639733078915	9
ASXL2	0.358744028005371	0.456334116226069	0.936068355977348	9
ASXL3	-1.64823362136616	0.000351850110067865	0.0322365805649762	9
ATAD1	-0.35031797655098	0.206384911721074	0.790112598188719	9
ATAD2	0.99738034703706	0.0461698251379906	0.437964570598537	9
ATAD2B	0.0903938030108809	0.831209209637997	0.99746225363255	9
ATAD3A	-0.238147023196163	0.579095800656352	0.969055975901473	9
ATAD3B	-0.339853107580966	0.408718419217359	0.915271886809331	9
ATAD3C	-0.684134475524096	0.333668725178017	0.892099991369809	9
ATAD5	0.331779335743414	0.503676550236747	0.949644853499121	9
ATAT1	0.685279926269544			9
ATCAY	0.93034619327216	0.38044266730679	0.907021407027033	9
ATE1	0.0456290548847911	0.889372323527231	0.998639733078915	9
ATF1	0.0481518899251273	0.887788543840834	0.998639733078915	9
ATF2	0.212165765784736	0.597214622848088	0.972987629186919	9
ATF3	2.87148615510333	0.00026934541392143	0.0275123342037602	9
ATF4	0.0837952218539133	0.827766422255395	0.99746225363255	9
ATF5	0.374317811120537	0.353285571254187	0.899715225734967	9
ATF6	0.0808872581306449	0.770805457177993	0.992930756580613	9
ATF6B	-0.241212207907579			9
ATF7	-0.231794575153172	0.280454051082973	0.860827281635593	9
ATF7IP	0.172249559290093	0.542239004072319	0.959543069141869	9
ATF7IP2	0.758718743373464	0.0442598164396168	0.426727074111811	9
ATG10	0.350801611669911	0.405593256481708	0.915238409840383	9
ATG101	-0.0359549159614166	0.946511906231674	0.998639733078915	9
ATG12	-0.336849850418802	0.301416077988366	0.874342355309609	9
ATG13	-0.0735419077756495	0.78454602721711	0.994052363875907	9
ATG14	-0.357923832466624	0.347197381956193	0.899092963457163	9
ATG16L1	-1.21041803868981			9
ATG16L2	0.00324786311906768	0.993585646785298	0.999620666732609	9
ATG2A	-0.296625115451228	0.250316478262107	0.837660742604161	9
ATG2B	-0.247991015318403	0.506007274183484	0.950760358225867	9
ATG3	-0.576782608145619	0.169758258151713	0.747653629169441	9
ATG4A	0.067402062079504	0.854150446374369	0.998639733078915	9
ATG4B	-0.14983069950859	0.640641119127638	0.980691547015745	9
ATG4C	0.129661314790326	0.725468738391879	0.991008075540888	9
ATG4D	-0.252718144662282	0.485035550364851	0.943768865380848	9
ATG5	-0.125082076358322	0.62439610509953	0.978573777801597	9
ATG7	-0.220720896314423	0.494270077595413	0.946170485719867	9
ATG9A	-0.204332734974599	0.773187634952788	0.992930756580613	9
ATG9B	1.22022970860368	0.119815666112512	0.665773567769116	9
ATIC	0.0220139961500961	0.935383765490217	0.998639733078915	9
ATL1	-0.233429945270056	0.69809798032678	0.989276793964962	9
ATL2	-0.369876322280994	0.323152675528114	0.885547974781809	9
ATL3	-0.283216420867518	0.43129856339901	0.925165050575986	9
ATM	0.0529870387967934	0.909197795202281	0.998639733078915	9
ATMIN	-0.00652602128139466	0.974732626594982	0.998639733078915	9
ATN1	-0.282548451532981	0.4031236739457	0.915238409840383	9
ATOH7	-0.192352735732515	0.858789180990496	0.998639733078915	9
ATOH8	-0.94941381711304	0.108204822109758	0.637100669789446	9
ATOX1	-0.508249833124593	0.38378568404868	0.910196092905296	9
ATP10A	0.689205689489188	0.118918542636673	0.663320420455733	9
ATP10D	-0.0823920580728648	0.815971795765424	0.995966406600323	9
ATP11A	0.707151250139838	0.0897258485700906	0.58968978216523	9
ATP11B	-0.0157507853207891	0.972399159936229	0.998639733078915	9
ATP11C	-0.0926524845265128	0.83224792451562	0.99746225363255	9
ATP13A1	-0.226175130223775	0.540525493242623	0.958979719874913	9
ATP13A2	0.0437246850405227	0.908090825201671	0.998639733078915	9
ATP13A3	0.182470296506039	0.682957526820044	0.987306006486237	9
ATP13A4	-0.853063389719189	0.155398016645935	0.727862257442023	9
ATP1A1	0.403008327773879	0.550968849528846	0.961546579712439	9
ATP1A2	-0.10483441883547	0.830577971962316	0.99746225363255	9
ATP1B1	-0.536132702931935	0.132054426026243	0.691391775256064	9
ATP1B2	-0.237527747407824	0.613397511562917	0.975911270057349	9
ATP1B3	0.17573294537069	0.716333836149837	0.989276793964962	9
ATP23	0.0584116338137862			9
ATP2A1	0.431914243649998	0.495580631685458	0.946613606254215	9
ATP2A2	0.452594279882054	0.0753420029930195	0.545965214412317	9
ATP2A3	-0.363201020671962	0.591223682885547	0.971187979266693	9
ATP2B1	0.325206323833431	0.339968611758342	0.896524077278898	9
ATP2B2	-0.527933374228677	0.34434344636906	0.899092963457163	9
ATP2B3	0.422125948250313	0.648010970691447	0.980691547015745	9
ATP2B4	-0.520282501598237	0.357554066065382	0.900578579257948	9
ATP2C1	0.624897323744347	0.0946999507841732	0.602788259389901	9
ATP2C2	1.13335651239282	0.0861531749720333	0.581484886566663	9
ATP5F1A	0.113729885338728	0.718143794341494	0.989276793964962	9
ATP5F1B	-0.021982059184714	0.950895267891935	0.998639733078915	9
ATP5F1C	-0.0358377022884264	0.913722189739701	0.998639733078915	9
ATP5F1D	-1.09974384924843	0.111117816153031	0.642967496760052	9
ATP5F1E	-0.233044281399118			9
ATP5IF1	0.445743832237153			9
ATP5MC1	-0.531619556055304	0.377207777241612	0.905673456930873	9
ATP5MC2	-0.0596406844872196	0.868684178412923	0.998639733078915	9
ATP5MC3	0.269163259727795	0.528297501082283	0.957299775766752	9
ATP5ME	-0.480405014961822	0.50463227759409	0.950692608662357	9
ATP5MF	-0.250300254394811	0.759739027857209	0.991955190535962	9
ATP5MG	-0.229087349829731	0.708159479442219	0.989276793964962	9
ATP5MJ	-0.330010300130203	0.485435605720296	0.943768865380848	9
ATP5MK	-0.735279249849308	0.182447890835417	0.759617216219006	9
ATP5PB	-0.0395419629138458	0.912767443205878	0.998639733078915	9
ATP5PD	-0.305354208731603	0.511884960884292	0.951538693830295	9
ATP5PF	-0.309743565238759	0.433470507731677	0.926809311141991	9
ATP5PO	-0.320762641461996	0.704943382804684	0.989276793964962	9
ATP6AP1	-0.0666172405680916	0.780354972098076	0.99341960111525	9
ATP6AP2	-0.321907517624415	0.201912524328521	0.785771360826075	9
ATP6V0A1	-0.672816404022963	0.0620828189064099	0.500793671899467	9
ATP6V0A2	0.133659219591908	0.659090698511711	0.982975949819678	9
ATP6V0A4	5.03332908106426	0.0294483671801616	0.352815911944822	9
ATP6V0B	-0.190172329156109	0.69050217153371	0.989171265391501	9
ATP6V0C	-1.09187056803418	0.50474530985441	0.950692608662357	9
ATP6V0D1	-0.379526683625859	0.388473879488763	0.911850347346707	9
ATP6V0E1	-0.424769177115982	0.152417228157191	0.723675843478971	9
ATP6V0E2	0.342147151603327	0.585147963441492	0.971161794932015	9
ATP6V1A	0.111982444066033	0.715753595778879	0.989276793964962	9
ATP6V1B1	0.557356160062535	0.643526117032658	0.980691547015745	9
ATP6V1B2	0.055514690180066	0.85252815008007	0.998639733078915	9
ATP6V1C1	-0.317499067845766	0.3852757938165	0.910863010956818	9
ATP6V1C2	2.85169335356057	0.00312197489676873	0.107969836753381	9
ATP6V1D	-0.317696701777252	0.389968405603761	0.912807186165296	9
ATP6V1E1	-0.532555454858823	0.148406356477461	0.717623254524699	9
ATP6V1E2	-0.128969626377341	0.789299133753745	0.994052363875907	9
ATP6V1F	-0.301663244178388	0.540480038510462	0.958979719874913	9
SPMIP1	1.61282063128217	0.00333588774787586	0.10966823841068	9
ATP6V1G1	-0.174837188623081	0.481968036752473	0.94271760619919	9
ATP6V1G2	-0.057817881643496			9
ATP6V1H	-0.142026082678616	0.55228142129793	0.96218995166999	9
ATP7A	0.0264829652507253	0.946170734116643	0.998639733078915	9
ATP7B	0.765394152134469	0.0722462328120826	0.535966237454422	9
ATP8A1	0.0573495719931966	0.89612820242574	0.998639733078915	9
ATP8A2	3.14512952379075	0.0537495485026949	0.472692722723396	9
ATP8B1	-0.00233203541696395	0.994756059243051	0.999620666732609	9
ATP8B2	-0.124724463848357	0.811229680279489	0.995936140923453	9
ATP8B3	3.00959855278518	0.000589858605735655	0.0425163385236661	9
ATP8B4	0.563483647776797			9
ATP9A	0.131127300541434	0.809207079877399	0.995936140923453	9
ATP9B	-0.210884549199216	0.423935846369724	0.922647417631964	9
ATPAF1	-0.164677913347007	0.393781924991505	0.913028386500901	9
ATPAF2	-0.226037654509722	0.548991571755905	0.961089318650903	9
ATPSCKMT	0.152084228151657	0.557540119680785	0.96370024816501	9
ATR	0.00988252147544697	0.978347495576671	0.998639733078915	9
ATRAID	-0.32135357910173	0.36295362374138	0.901794048147871	9
ATRIP	-0.00315138180384203			9
ATRN	0.268968689069471	0.300917302012966	0.874342355309609	9
ATRNL1	-0.138022977096788	0.866452351798598	0.998639733078915	9
ATRX	0.0818234124465674	0.844615088985135	0.998639733078915	9
ATXN1	0.0076014318407748	0.974713623691647	0.998639733078915	9
ATXN10	-0.14527973100404	0.530772162009161	0.957299775766752	9
ATXN1L	0.192671548565893	0.70815278580365	0.989276793964962	9
ATXN2	0.174060717577752	0.547823955399177	0.960745862937005	9
ATXN2L	0.0516358157582512	0.838219044657986	0.998604146933345	9
ATXN3	0.126686787289396	0.757817816862228	0.991890138420883	9
ATXN7	0.448617818760661	0.287134484422331	0.862232237237917	9
ATXN7L1	0.698527626874001	0.0570332156143751	0.481401809416439	9
ATXN7L2	-0.0123324877923702	0.970793829616308	0.998639733078915	9
ATXN7L3	0.00713316171196677	0.976850144826234	0.998639733078915	9
ATXN7L3B	0.224585044479919	0.579321864421501	0.969055975901473	9
AUH	-0.135932207951258	0.769476943974674	0.992930756580613	9
AUNIP	1.54586674954543	0.0904935239430024	0.591312486464214	9
AUP1	-0.262700879560251	0.562702399129757	0.964946561877165	9
AURKA	2.0903178767995	0.00806560136036192	0.177908528348971	9
AURKAIP1	-0.898794769008855	0.164093880613842	0.740525733232767	9
AURKB	2.4686828520489	0.0136497718748888	0.235858483311362	9
AURKC	-1.35053571297776	0.114124964314703	0.648455502745473	9
AUTS2	0.577241096398769	0.0776056253513848	0.553713544419206	9
AVEN	-0.0148216161452517	0.97185492561531	0.998639733078915	9
AVIL	0.17321224602813	0.734330810738622	0.991008075540888	9
AVL9	0.451163398642388	0.102274785270417	0.622547672320259	9
AVPI1	-0.657530754462641	0.299872219011443	0.874342355309609	9
AVPR1A	-1.58394064358732	0.00614215550368567	0.153929299473521	9
AVPR1B	2.34255293300808	0.0907987334179131	0.591844133122791	9
AVPR2	-0.773444049027208	0.395282334530685	0.913353694686467	9
AXIN1	0.0654878559118266	0.800448146645637	0.995590233849494	9
AXIN2	0.0134211928829666	0.969716697360832	0.998639733078915	9
AXL	-0.205130063739842	0.613534923389833	0.975911270057349	9
AZGP1	0.215425016048364	0.902458998132875	0.998639733078915	9
AZI2	0.0985983072648602	0.829005883589753	0.99746225363255	9
AZIN1	0.255854168815444	0.417988651106898	0.919780432363111	9
AZIN2	-0.573001563493626	0.0547423318158137	0.474755607289807	9
B2M	-0.80958372896337			9
B3GALNT1	0.347505496564578	0.297858716593741	0.87235962611909	9
B3GALNT2	-0.0994112807144527			9
B3GALT1	1.34315746059944	0.131930181776146	0.691065086301521	9
B3GALT2	0.949885156353523	0.457235784676423	0.936230722336266	9
B3GALT4	-1.91304247072655			9
B3GALT5	1.10348504060521	0.113762507413106	0.647608319292272	9
B3GALT6	-0.235913485446561	0.579727120264137	0.969055975901473	9
B3GALT9	-0.373257992677758	0.71112308433508	0.989276793964962	9
B3GAT1	-2.14146461201348	0.0428063111809539	0.420130416767955	9
B3GAT2	-0.314956156979888	0.740109197211445	0.991008075540888	9
B3GAT3	-0.689942217447592	0.225779220368927	0.808244559806673	9
B3GLCT	-0.674425026042057	0.0817331280898477	0.568817870690354	9
B3GNT2	-0.235818807075079	0.625188947777042	0.978573777801597	9
B3GNT3	0.945043602450955	0.661423048645044	0.983171338937342	9
B3GNT5	1.32257906259276	0.0651564407691126	0.510225051561205	9
B3GNT7	0.562725631718091	0.272072517769872	0.851408242555084	9
B3GNT8	0.18488710122406	0.714011366722501	0.989276793964962	9
B3GNT9	0.0701137696710937	0.858351315516863	0.998639733078915	9
QTGAL	0.0566590620692971	0.956039398126302	0.998639733078915	9
B4GALNT1	-0.982277254801434	0.057623000556908	0.484059223257831	9
B4GALNT3	2.57511051911077	0.00014709664697262	0.0199836130908566	9
B4GALNT4	0.924256960436509	0.107328059976567	0.634469160318022	9
B4GALT1	0.893698797532384	0.000379156574702781	0.0331257949228237	9
B4GALT2	-0.390430990672387	0.507640963810758	0.951538693830295	9
B4GALT3	0.305053453104537	0.231278130649439	0.808244559806673	9
B4GALT4	0.380701812449284	0.228734630532592	0.808244559806673	9
B4GALT5	0.673361647682223	0.136157780930941	0.699556214521969	9
B4GALT6	-0.157427260905163	0.660342249480398	0.982975949819678	9
B4GALT7	-0.208084512731362	0.642026129710646	0.980691547015745	9
B4GAT1	-0.786351215676644	0.03387387089758	0.37462167309464	9
B9D1	-0.25848412679635	0.447894486521133	0.932585632008735	9
B9D2	-0.628405605248428	0.345121904450448	0.899092963457163	9
BAALC	0.85781619383539	0.217017243585856	0.798902092039156	9
BABAM1	-0.0382571399687192	0.948596485230929	0.998639733078915	9
BABAM2	-0.323937803177432	0.387076538076538	0.910869371915953	9
BACE1	0.137656721923182	0.744846326654335	0.991008075540888	9
BACE2	0.405287872571443	0.204090896769793	0.787978456688567	9
BACH1	0.186177188610089	0.695705054175195	0.989276793964962	9
BACH2	-0.622492340993524	0.377475929686125	0.905673456930873	9
BAD	-0.655876296587961	0.420008956100537	0.920390766181715	9
BAG1	0.0157695700206787	0.94682105400746	0.998639733078915	9
BAG2	-0.849300372561932	0.161620212410661	0.738443385610612	9
BAG3	0.48951034423025	0.410753660759799	0.91601809761032	9
BAG4	-0.139872710466251	0.593397046143251	0.971886033994504	9
BAG5	0.353466014836816	0.286256224749343	0.862232237237917	9
BAG6	0.105326601576418			9
BAHCC1	-0.120298327733553	0.798106156179458	0.995590233849494	9
BAHD1	0.287834194919772	0.496959100986085	0.947019531326569	9
BAIAP2	-0.428837370652674	0.410467826735468	0.91601809761032	9
BAIAP2L1	0.3033107681904	0.446424004914018	0.932585632008735	9
BAIAP2L2	0.239492486829264	0.696927013987634	0.989276793964962	9
BAIAP3	2.0357410081274	0.0326814147355797	0.36955440424629	9
BAK1	0.283938802312401	0.505536516931113	0.950760358225867	9
BAMBI	-0.23427662821484	0.660446717760598	0.982975949819678	9
BANF1	-0.414193189669378	0.354082448217022	0.899715225734967	9
BANK1	1.38661368226013	0.12593580752722	0.679443938788914	9
BANP	-0.126423717193588	0.59805853120397	0.973383517777009	9
BAP1	0.0386051652938037	0.883666146237375	0.998639733078915	9
BARD1	0.184015835506894	0.643657065615676	0.980691547015745	9
BARX2	3.25951008778158	0.11529627786464	0.652064504812239	9
BASP1	0.540462851579707	0.175785021090657	0.751250158017082	9
BATF	-0.765029096899718	0.503613205087747	0.949644853499121	9
BATF2	-0.662635064837716	0.375400160187751	0.905673456930873	9
BATF3	-0.675422352308041	0.33237162032593	0.890760934010197	9
BAX	-0.168053604065679	0.750194669505437	0.991008075540888	9
BAZ1A	0.556255770467703	0.144961724347724	0.711869112393627	9
BAZ1B	-0.0563276314276524	0.821558071284836	0.99629084518112	9
BAZ2A	0.027874897398827	0.946261614339064	0.998639733078915	9
BAZ2B	-0.0204880444252469	0.96404741253386	0.998639733078915	9
BBC3	0.396870399908306	0.339285852776596	0.896524077278898	9
BBIP1	-0.621675588390415	0.166151415263677	0.743424340491471	9
BBOF1	0.300791335910498	0.475107838723948	0.940283675486015	9
BBS1	0.0400735781860922	0.966821340847832	0.998639733078915	9
BBS10	-0.0642004877967379	0.910258847384125	0.998639733078915	9
BBS12	-0.135304033829341	0.700014480862661	0.989276793964962	9
BBS2	0.301152893448542	0.551299051575659	0.961565083340223	9
BBS4	0.0343802792693601	0.883179863157132	0.998639733078915	9
BBS5	0.199700106062923	0.389100183988983	0.911850347346707	9
BBS7	-0.112029724720671	0.742498517426462	0.991008075540888	9
BBS9	0.156897040434759	0.645417406970441	0.980691547015745	9
BBX	-0.0610658151487104	0.910281357342666	0.998639733078915	9
BCAM	-0.426777037635668	0.274482564614735	0.853352465043075	9
BCAN	-2.64441211742607	0.000198079920510671	0.0233882472624504	9
BCAP29	-1.01411819305426			9
BCAP31	-0.646291465500228	0.148398639284411	0.717623254524699	9
BCAR1	-0.333779522087994			9
BCAR3	0.607913277440782	0.159190617319774	0.733340525307716	9
BCAS1	3.55482328837652	0.000320800294332788	0.0307489165236772	9
BCAS2	-0.0116301369443569	0.974858558439146	0.998639733078915	9
BCAS3	-0.166886174732305	0.701324225250647	0.989276793964962	9
BCAS4	-0.866222952695707	0.0927793090272394	0.597205756282276	9
BCAT1	0.284928641420312	0.655483006474184	0.982654069775495	9
BCAT2	-0.619747794087246	0.300185701775055	0.874342355309609	9
BCCIP	0.0238563931074814	0.944344040373895	0.998639733078915	9
BCDIN3D	-0.339404661796675	0.569077777245907	0.966312788442061	9
BCHE	0.728057068860089	0.458758977737623	0.936890545813179	9
BCKDHA	-0.0413426355923167	0.973518743992704	0.998639733078915	9
BCKDHB	0.262445288590176	0.5624173536703	0.964946561877165	9
BCKDK	-0.498115220042151	0.209075383878976	0.793035479075249	9
BCL10	0.449887496610681	0.172281818238937	0.74938747148236	9
BCL11A	2.01308649770265	0.0141451308501949	0.23999572009164	9
BCL11B	-0.108949917427518	0.883289340299374	0.998639733078915	9
BCL2	-0.882381084456049	0.0759574194371305	0.546975505139519	9
BCL2A1	0.488920080692661	0.696544880084557	0.989276793964962	9
BCL2L1	0.0116285976892595	0.973213990108996	0.998639733078915	9
BCL2L10	0.153267505002944	0.900395512748909	0.998639733078915	9
BCL2L11	-0.0728532911705361	0.910567393231134	0.998639733078915	9
BCL2L12	0.121546669408205	0.70453379063877	0.989276793964962	9
BCL2L13	0.277793447722232	0.279461902064172	0.859369584302658	9
BCL2L15	-0.436117498133524	0.556917152176976	0.96370024816501	9
BCL2L2	0.15236190141835	0.744990986363904	0.991008075540888	9
BCL3	0.725788249318461	0.199537734206665	0.781681659932214	9
BCL6	-0.115050019456055	0.862157223063465	0.998639733078915	9
BCL6B	0.343440785034244	0.436611441263595	0.928257515958762	9
BCL7A	0.60417737895292	0.395643152844932	0.913574069169144	9
BCL7B	-0.281341990700816	0.569741763408176	0.966756384847351	9
BCL7C	-0.347309462061819	0.410065967070594	0.91601809761032	9
BCL9	0.329328176423867	0.290689827027931	0.866062063599779	9
BCL9L	0.115986181093712	0.842124538255424	0.998639733078915	9
BCLAF1	0.0826420101256979	0.853477227748538	0.998639733078915	9
BCLAF3	-0.354072262566795	0.354069309556798	0.899715225734967	9
BCO1	0.277875252294794	0.72080818033466	0.990516044835733	9
BCO2	-0.810957352490751	0.147284212574054	0.715622864320479	9
BCOR	0.26531320046148	0.503389151064065	0.949627683549368	9
BCORL1	0.507839945414934	0.115873073599896	0.654073590595819	9
BCR	0.445402246728565	0.141670440270425	0.707926593299888	9
BCS1L	-0.465633592694258	0.219067437548897	0.800013469980026	9
BDH1	1.08303583870652			9
BDH2	-0.231463102176642	0.427859482272178	0.923608338376662	9
BDKRB1	-0.875088416017522	0.421982694816295	0.922045733570987	9
BDKRB2	-0.161469199642163	0.751240875072132	0.991008075540888	9
BDNF	1.32923599924202	0.197024276698489	0.778521028197247	9
BDP1	-0.477048610938934			9
BEAN1	-1.38911583443069	0.00192485560279439	0.0813275058732935	9
BECN1	0.19149506370433	0.703071765341877	0.989276793964962	9
BEGAIN	-1.61390626317402	0.0249408526089578	0.32471625562457	9
BEND3	0.794963623422842	0.195354317289033	0.77508921283694	9
BEND4	-3.19442180377471	0.0108482926929617	0.211026453687766	9
BEND5	-0.825810334101192	0.0756520901685382	0.545965214412317	9
BEND6	-0.410116048422276	0.484509911467306	0.943726621213358	9
BEND7	0.0465312106568039	0.927540557537603	0.998639733078915	9
BEST1	-0.60958904768565	0.147957752816069	0.717007350399864	9
BEST4	1.87478113265339	0.0208602346333331	0.297428100321628	9
BET1	0.147996448368931	0.639309177972571	0.980691547015745	9
BET1L	-0.311160204975983	0.464206769162915	0.938355642512777	9
BEX1	-0.96956583876325	0.263427368422848	0.845817122052239	9
BEX2	-0.841520245745433	0.37834285732443	0.90602188789194	9
BEX3	-0.461698172183538	0.230460578349136	0.808244559806673	9
BEX4	-0.561331195668384	0.0899362734443033	0.590277738070255	9
BEX5	-0.00900855065392559	0.98928549091587	0.999458538741689	9
BFAR	-0.578627096450219			9
BFSP1	-0.804765893195659	0.109419748194373	0.638078241044252	9
BGLAP	-0.598422554906776	0.469839434756988	0.939188868595478	9
BGN	-0.609953730870072	0.345582349839706	0.899092963457163	9
BHLHA15	3.92999844954964	0.0147569691759934	0.245301376133827	9
BHLHE22	1.55181952564463	0.399379308362327	0.914438028200431	9
BHLHE40	1.71679986606072	0.0088692266873741	0.18759190619714	9
BHLHE41	1.61603712323937	0.0282392266421343	0.3467278248125	9
BHMT	1.05891799716279	0.160922700336354	0.737008991518748	9
BHMT2	-0.241947656190741	0.427718365726346	0.923608338376662	9
BICC1	0.436193470674918	0.272767251209739	0.852130665631101	9
BICD1	1.07332710533713	0.0210745188503454	0.297970280411827	9
BICD2	-0.058479952452794	0.864059675498694	0.998639733078915	9
BICDL1	1.83700031153999	0.0104357267118685	0.205938184483811	9
BICDL2	2.85247259311923	0.0349721360761846	0.380275627341971	9
BICRA	0.147254417260828	0.533978372061618	0.95784961223136	9
BICRAL	-0.0123465285337546	0.978640563478324	0.998639733078915	9
BID	0.422408012388106	0.261743549770526	0.8443174252978	9
BIK	2.3456693648938	0.0754916092204173	0.545965214412317	9
BIN1	0.0254901064283752	0.955282456036932	0.998639733078915	9
BIN2	-0.127458091149086	0.740795145814616	0.991008075540888	9
BIN3	0.241998205120597	0.40613669467363	0.915238409840383	9
BIRC2	0.0246025381237706	0.946107351630509	0.998639733078915	9
BIRC3	0.309966478044135	0.628252629489894	0.979047032739808	9
BIRC5	3.00773694044357	0.0088316436849747	0.18759190619714	9
BIRC6	0.0283320299621259	0.939480035383108	0.998639733078915	9
BIRC7	1.68178682864455	0.323564993905555	0.885547974781809	9
BIVM	-0.199522672122876	0.688692012391297	0.989171265391501	9
BLCAP	-0.147680488475082	0.598739407344837	0.973498192071791	9
BLM	1.93503379797353	0.00647814204764249	0.158580190323799	9
BLMH	0.0898942070897739	0.715405205413494	0.989276793964962	9
BLNK	1.67662861234394	0.011418473418172	0.215423851304448	9
BLOC1S1	-1.08603331165056	0.111643666381191	0.644494391651453	9
BLOC1S2	0.220306155918375	0.513120864037663	0.952606851221223	9
BLOC1S3	-0.485673659175973	0.221392012364262	0.802546044820448	9
BLOC1S4	-0.320374824469656	0.401428261667361	0.914991131944397	9
BLOC1S5	-0.151607866931629			9
BLOC1S6	0.0549855634297911	0.861756450639732	0.998639733078915	9
BLVRA	-0.336391213582409	0.344612570805553	0.899092963457163	9
BLVRB	-0.668329926041841	0.19326720443514	0.772407629752441	9
BLZF1	-0.205995011500772	0.64433028529537	0.980691547015745	9
BMERB1	-1.17755822157511			9
BMF	-0.0235763813039472	0.976228504756344	0.998639733078915	9
BMI1	-0.479584778837977			9
BMP1	-0.0608521405568428	0.868227210539527	0.998639733078915	9
BMP2	1.27316836617682	0.00424646021167909	0.125546214341951	9
BMP2K	0.381114554076472	0.511519464299179	0.951538693830295	9
BMP3	3.2927305482613			9
BMP4	-0.466789965699934	0.308622171312059	0.877235807280418	9
BMP6	-0.175777063341312	0.788956250001884	0.994052363875907	9
BMP7	1.64479887718643	0.0570856098317497	0.481401809416439	9
BMP8A	0.442677748149464	0.287031421616599	0.862232237237917	9
BMP8B	0.798070673031346	0.0558537296746158	0.478500814699364	9
BMPER	-1.0619043374377	0.070335369248267	0.529704278302893	9
BMPR1A	-0.112350259379305	0.677311018919946	0.986266937977442	9
BMPR1B	3.07413100116123	0.00352857274349167	0.11427711948736	9
BMPR2	-0.198943358855233	0.561189896472762	0.964946561877165	9
BMS1	0.105881818344166	0.554351062553284	0.962765334045336	9
SAMTOR	0.153130104852112	0.666990678688796	0.984151280300412	9
BMX	0.0205369131916201	0.983577170491884	0.999263264585425	9
BNC2	-0.457092212167212	0.552297803384703	0.96218995166999	9
BNIP1	-0.381173483578012	0.405367580852073	0.915238409840383	9
BNIP2	0.0392482538035514	0.919157902735115	0.998639733078915	9
BNIP3	-0.493677431365572	0.326653346442189	0.887816248726412	9
BNIP3L	-0.115612013509347	0.5637563522153	0.965041713262426	9
BNIPL	-0.346805679936439	0.726117266329964	0.991008075540888	9
BOC	-0.124004544562258	0.858220326009817	0.998639733078915	9
BOD1	0.212309505879998	0.337245737917627	0.894676206377135	9
BOD1L1	-0.111533262412375	0.849933203639741	0.998639733078915	9
BOK	0.387501926318642	0.460380111209416	0.937747940696302	9
BOLA1	-0.299363556129775	0.419483593433806	0.920059037544785	9
BOLA3	-0.0958045912058367	0.898015497434976	0.998639733078915	9
BOP1	-0.342599289609665	0.540966505503351	0.958992746552915	9
BORA	0.917391402038591	0.155807767387296	0.727862257442023	9
BORCS5	-0.32624382175864			9
BORCS6	-0.670290779940014	0.205888246212992	0.78958597099246	9
BORCS7	-0.448585326353018	0.309365850879684	0.877235807280418	9
BORCS8	-0.322797711032544	0.613912047288545	0.975911270057349	9
BPGM	-0.204709321805491	0.58899470163992	0.971161794932015	9
BPHL	-0.396753795325056	0.230185230961673	0.808244559806673	9
BPI	-2.1220902765276	0.00665918949657857	0.160924234398456	9
BPIFB1	8.02087723402479			9
BPNT1	0.00288408661418286	0.993306097676126	0.999620666732609	9
BPNT2	-0.100674668742507	0.712162271923487	0.989276793964962	9
BPTF	0.186039991614231	0.660198803286949	0.982975949819678	9
BRAF	0.139542338139841	0.683143755603557	0.987306006486237	9
BRAP	-0.0824414238423467	0.685170389530267	0.988158292120789	9
BRAT1	-0.401684184399133	0.289979149026514	0.865576486401642	9
BRCA1	0.320626946818902	0.45810073570905	0.936616815343768	9
BRCA2	1.63347865810476	0.0327359441775596	0.36955440424629	9
BRCC3	0.146875369836838	0.724676628798753	0.990984782893948	9
BRD1	0.031817597964091	0.915466315646153	0.998639733078915	9
BRD2	-0.0956359236773999			9
BRD3	-0.072032751600676	0.858442766689809	0.998639733078915	9
BRD3OS	0.31053921275914	0.376070225684955	0.905673456930873	9
BRD4	0.0799730138857889	0.715294347942164	0.989276793964962	9
BRD7	0.138352220443129	0.58925825630069	0.971161794932015	9
BRD8	0.0876971425786074	0.73070488979436	0.991008075540888	9
BRD9	-0.258732686741838	0.232431772107982	0.808323702269945	9
BRF1	-0.246957530975942	0.455703602555851	0.935424958604772	9
BRF2	0.0911658951960463	0.866528435173836	0.998639733078915	9
BRI3	-0.551305697879303	0.150310977888932	0.721659461536377	9
BRI3BP	1.58729734457799	0.0129414392744026	0.229411110288898	9
BRICD5	-1.09758907709239	0.141298243455665	0.707926593299888	9
BRINP1	-0.532236271051059	0.659134789309598	0.982975949819678	9
BRINP2	2.07537286483676	0.104797431112872	0.628298316800495	9
BRIP1	2.71123615676213	0.00220517720887773	0.0870993418083677	9
BRIX1	0.158090912626515			9
BRK1	-0.28116831980498	0.358833484564896	0.900808696207596	9
BRME1	0.309682853927109			9
BRMS1	-0.354634260249809	0.469914031247129	0.939188868595478	9
BRMS1L	0.277370781951268	0.445631266365992	0.932585632008735	9
BROX	-0.128252283874343	0.707678880434938	0.989276793964962	9
BRPF1	0.0113475626762562	0.965402266342725	0.998639733078915	9
BRPF3	0.414350811782451	0.302512501087687	0.874342355309609	9
BRSK1	-0.323894306657096	0.31824323777471	0.883125763337951	9
BRSK2	-1.2357715325788	0.16485442520807	0.741226976760448	9
BRWD1	0.24689429789735	0.576828434861242	0.968424936391677	9
BRWD3	0.336583468978498	0.419172388809829	0.919802243544293	9
BSCL2	0.239692339556784	0.702224225736216	0.989276793964962	9
BSDC1	0.250468613477569	0.371278007170307	0.905369091236447	9
BSG	-0.639005152817313	0.211049728617802	0.794171927467666	9
BSN	-0.291957861434493	0.570038785520928	0.966759950597664	9
BSPRY	3.46194221972194	0.00140534394739487	0.0696116845889114	9
BST1	0.633721067657633	0.196872110202746	0.778470189848039	9
BST2	-0.180729117151359	0.731192122520463	0.991008075540888	9
BTAF1	-0.368037786946164	0.407275377588561	0.915238409840383	9
BTBD1	0.123533329413848	0.646992448261989	0.980691547015745	9
BTBD10	0.0434909116590299	0.879339406932169	0.998639733078915	9
ABTB3	3.57841965340239	0.000130015635509195	0.0186326290849634	9
BTBD16	-0.0396600801787332	0.966170024070142	0.998639733078915	9
BTBD19	0.0972192026279471	0.810683561854036	0.995936140923453	9
BTBD2	-0.387757301716783	0.419651865660159	0.920099911550707	9
BTBD3	0.944915237882041	0.0575468735474215	0.483741116419982	9
BTBD6	-0.534443876372575	0.204561766518519	0.787978456688567	9
BTBD7	-0.425646134345183			9
BTBD8	0.305941852170009	0.644712238512022	0.980691547015745	9
BTBD9	0.157697261028403	0.614342509502969	0.976136682752781	9
BTC	0.917691685602258	0.0915040374396454	0.593917025239649	9
BTD	-0.208559226834813	0.492660125575382	0.945530063911015	9
BTF3	-0.217304357236874	0.304890041548031	0.875750516304824	9
BTF3L4	0.356867169379458	0.252885084454205	0.838462877724287	9
BTG1	-0.283458262475561	0.530067096002188	0.957299775766752	9
BTG2	2.50136650358125	2.24079493380112e-06	0.00183757633432435	9
BTG3	0.0139865813114084			9
BTG4	1.98610127091053	0.359574649712543	0.901129021301342	9
BTK	-0.248049677609988	0.717928072408639	0.989276793964962	9
BTLA	0.79176178830289	0.499120234868271	0.948602871172571	9
BTN2A1	0.205442321489069	0.565498071991128	0.965041713262426	9
BTN2A2	-0.103881789595031	0.785070858186289	0.994052363875907	9
BTN3A1	0.146175954775145	0.61044670141883	0.975328830748679	9
BTN3A2	-0.491838879245846	0.121686225405694	0.671229586402634	9
BTN3A3	0.200103822067734	0.468658139432595	0.939188868595478	9
BTNL9	-0.356927897810923	0.635927999340128	0.980691547015745	9
BTRC	0.178996908922139	0.516720487194302	0.953680371468858	9
BUB1	2.67104229909208	0.0013913787439692	0.0691519920529608	9
BUB1B	3.60533245886475	0.000402180175346181	0.034118284875201	9
BUB3	-0.11529204304932	0.631702542278903	0.979380833016394	9
BUD13	-0.168799719687254	0.418218423403156	0.919780432363111	9
BUD23	0.0308633483738591	0.906273116683608	0.998639733078915	9
BUD31	0.117744901711521	0.77142860032092	0.992930756580613	9
POPDC1	-0.484924119653547	0.484992947099643	0.943768865380848	9
BYSL	0.420602554493819	0.259160226266239	0.842792685728616	9
BZW1	0.0254164372234197	0.927369101341316	0.998639733078915	9
BZW2	0.757347001250512	0.00789761313518855	0.17716818767252	9
C10orf105	-0.223982967878121	0.89408537094347	0.998639733078915	9
C10orf143	-0.382401286006089	0.294624954019109	0.869965782411697	9
SPMIP5	4.31747730409216	0.0264911647441552	0.335985306646822	9
C10orf88	0.142711866657999	0.617063445231305	0.977025239540628	9
CFAP68	0.361338344735133	0.401118348685459	0.914991131944397	9
C11orf16	2.74837822476537	0.0557915431134805	0.478500814699364	9
C11orf21	-1.05645563158554	0.0911853144731763	0.5925664179552	9
C11orf24	-0.308998205418822	0.568928620489966	0.966288843685742	9
C11orf42	-0.701522553647062	0.554122645594989	0.962765334045336	9
CSTPP1	-0.268775917390473	0.523596213059099	0.955391092995928	9
POU2AF2	1.7459519070096	0.249655336161672	0.836966254163626	9
BKGD	0.262006135434654	0.5348530613773	0.95784961223136	9
C11orf58	-0.247486819681653	0.233489288399169	0.810574972119707	9
C11orf65	1.25002214143913	0.0984803829831271	0.611980350722711	9
C11orf68	-0.981736732274226	0.0347013720926303	0.379708638591042	9
C11orf71	-0.0257923460365786	0.959910874702891	0.998639733078915	9
TOP6BL	-0.140185729878382	0.766791663206939	0.992930756580613	9
C11orf87	-2.20998924862015			9
C11orf91	1.84319452514296	0.191714730709481	0.770404371802577	9
C11orf96	-0.0741575434361265	0.934061282808125	0.998639733078915	9
C11orf97	4.8749673645575	0.0601431166872064	0.493397768146001	9
RLIG1	-0.725175830046705	0.0322462158833774	0.367841107151881	9
FERRY3	0.294809918190161	0.387904196796957	0.911301759879046	9
C12orf43	0.216049129023984	0.525837872032577	0.956840831986301	9
C12orf56	0.474535145566493	0.799987917893476	0.995590233849494	9
C12orf57	-0.732227729480041	0.409428062097594	0.915887078357671	9
C12orf60	1.20783117570892	0.0803267892559471	0.564744052476521	9
UQCC6	-0.239176396795244	0.511734860982778	0.951538693830295	9
C12orf75	-1.01537089147114	0.142668570419565	0.709784552734478	9
C12orf76	-0.0852861779152056	0.863053818183498	0.998639733078915	9
C14orf119	-0.604004179377107	0.138451262572682	0.702495653805487	9
C14orf132	-0.429448060251048	0.192009593897865	0.770404371802577	9
DORIP1	-0.390070070727892	0.372969667236259	0.905673456930873	9
C14orf93	-0.198422746547805	0.624069966132792	0.978573777801597	9
C15orf39	-0.230077752511572	0.652036477256513	0.981292533915803	9
C15orf40	-0.389928467166331	0.293246713299399	0.869287720408175	9
COXFA4L3	2.89239116736729	0.0538912975546333	0.472692722723396	9
C15orf61	-0.138796978936704	0.835722066312059	0.998604146933345	9
C15orf62	0.377426551199438	0.356600863289841	0.899926179335231	9
PIERCE2	-0.0331941717239851	0.954679738400986	0.998639733078915	9
C16orf46	1.34424236188153	0.242725970627572	0.825069168680706	9
C16orf54	-0.469970643158887	0.412026036594877	0.91719471148147	9
HAPSTR1	0.23146919254145	0.530697062229742	0.957299775766752	9
C16orf74	-0.400081948660569			9
C16orf86	-0.552570903947094	0.331840390328517	0.890518010101223	9
C16orf87	0.50057544112809	0.137500308608079	0.701162949313771	9
C16orf89	1.88504909397315	0.0750105528668473	0.544629006821216	9
UQCC4	-0.205979279000031	0.634297233007903	0.980404340987399	9
C16orf95	0.365693905849301	0.715970847814522	0.989276793964962	9
C16orf96	0.665231611397855	0.403896638797443	0.915238409840383	9
C17orf100	0.298714933151856	0.533226115400601	0.95784961223136	9
C17orf107	1.76542502850965	0.171338632082864	0.749226042299155	9
C17orf113	0.104993757086331	0.856392645458839	0.998639733078915	9
BACC1	0.143520748321114			9
C17orf58	-0.0561226376170318	0.913357395765755	0.998639733078915	9
C17orf67	-0.465514204241038	0.194810198815656	0.774005404940629	9
C17orf75	-0.169371821151922	0.539987567827581	0.958979719874913	9
MTNAP1	0.238944076390742	0.558598272322675	0.964143903467724	9
LIAT1	-0.10840809689339			9
RMP24	0.0823492208560119	0.768464772841223	0.992930756580613	9
ARK2N	-0.12211472862554	0.610817774899381	0.975328830748679	9
C18orf32	-0.388515555184809	0.429677643206282	0.92451488206047	9
C18orf54	0.00303179098065788	0.993482802983925	0.999620666732609	9
C19orf12	0.0239405797785297	0.913851925088949	0.998639733078915	9
C19orf18	0.403109340750885	0.594303836590517	0.972232047239538	9
C19orf25	-0.347169345371307	0.390665431230045	0.912807186165296	9
C19orf38	0.829165525883862	0.398821549621992	0.914438028200431	9
C19orf44	-0.570297667552403	0.157714569797782	0.73116355677923	9
C19orf47	-0.509294528724736	0.235605374249935	0.813141339593178	9
C19orf53	-0.574454001526596	0.259121048876867	0.842792685728616	9
ACTMAP	0.11735466203791	0.748449714733426	0.991008075540888	9
TEKTIP1	-0.00518806602763826	0.992819635245663	0.999620666732609	9
C19orf73	1.2343577022211	0.206388613293045	0.790112598188719	9
C19orf81	0.971124214955253	0.523568518692993	0.955391092995928	9
C1D	-0.0730608413723095	0.805962630215701	0.995590233849494	9
C1GALT1	0.217424922210859	0.587923605158114	0.971161794932015	9
C1GALT1C1	-0.316039573127667			9
C1GALT1C1L	-1.46250704998728	0.0152719889487238	0.249093733560345	9
AIRIM	0.0916034409699552	0.769348164182707	0.992930756580613	9
FIRRM	0.493995156365814	0.253903119017179	0.83922512869782	9
C1orf115	0.292753977806646	0.468742789253602	0.939188868595478	9
C1orf116	0.860266407370708	0.536514223192581	0.95784961223136	9
C1orf122	-1.1372458976274	0.103660439060008	0.626900243857106	9
CIROZ	-0.0105587776206095	0.993123662676897	0.999620666732609	9
FSAF1	0.199302882514802	0.601949147325033	0.974057468095769	9
CFAP107	3.88492182053454	0.0191591899339299	0.28362234402393	9
C1orf159	-0.44290657867174	0.389348308196831	0.911850347346707	9
C1orf162	-0.0938640850238509	0.82997677003451	0.99746225363255	9
C1orf174	-0.17915400866149	0.604492052524444	0.97426949205076	9
CFAP141	2.43801059306485	0.238624119979034	0.818195269456568	9
CFAP276	3.47110511665248	0.000586512100350139	0.0425163385236661	9
C1orf198	0.4025734489199	0.405786492561922	0.915238409840383	9
C1orf21	-1.20921977261455	0.0332616725560075	0.37166960529843	9
C1orf210	3.4393260045277	0.0177172252337867	0.271613938891992	9
C1orf216	-0.252992230960878	0.517060342740548	0.953680371468858	9
C1orf226	0.281529931074909	0.655929933728556	0.982654069775495	9
C1orf35	-0.580151156927161	0.115390243744357	0.652345993071792	9
LTAP1	0.109774019017304	0.629470748562999	0.979219295330233	9
C1orf50	0.239737704910258	0.735274775848082	0.991008075540888	9
C1orf52	0.234470391162923	0.502461896205758	0.949352252865382	9
C1orf53	0.894485383566451	0.323564048416187	0.885547974781809	9
C1orf54	-0.403738014413337	0.413182271336134	0.91719471148147	9
C1orf56	-0.551947830877265	0.171707382992108	0.749226042299155	9
C1orf74	0.155306939890269	0.813089396374172	0.995936140923453	9
C1orf87	6.44121890176354	0.000393066923693551	0.0339398795770852	9
C1QA	-0.505308174252145	0.39679746837433	0.914176280735678	9
C1QB	-0.597018244940325	0.285094331210818	0.8612268238133	9
C1QBP	0.147282789578198	0.673234910908539	0.985298616459508	9
C1QC	-0.311515663727197	0.617107003837513	0.977025239540628	9
C1QL1	-1.28718312090028	0.165458372734839	0.742349860163818	9
C1QL3	3.8412865815411	0.0566117950427712	0.480806813852694	9
C1QL4	1.25254321027124	0.390189668382869	0.912807186165296	9
C1QTNF1	-1.1306317446835	0.0132155611477066	0.231680401545484	9
C1QTNF12	-0.0374266269783028	0.959899388263475	0.998639733078915	9
C1QTNF2	-0.325829924084567	0.542404130405783	0.959543069141869	9
C1QTNF3	0.420627458012196	0.417137058532905	0.919780432363111	9
C1QTNF4	-0.939701230443504			9
C1QTNF6	0.613687687076075	0.22714549552361	0.808244559806673	9
C1QTNF7	-0.162634880185582	0.751298831646129	0.991008075540888	9
C1QTNF8	0.736688650778399	0.730953017736181	0.991008075540888	9
C1QTNF9	-0.737263940529356	0.529236252652697	0.957299775766752	9
C1R	-1.19788659709194			9
C1RL	-0.0953651473823237			9
C1S	-0.666770617303278	0.0613716153068941	0.499544080780838	9
C2	-0.81806083554623			9
C20orf144	-0.809738270427436	0.365588420546143	0.90239123320911	9
C20orf203	-1.0614626329624	0.182749639876762	0.759617216219006	9
C20orf204	-0.360936073734395	0.589352169951437	0.971161794932015	9
ADISSP	-1.18156428447989	0.0874733315148127	0.584515095740222	9
CIMIP1	3.9342320161802	0.00915860540542226	0.190807180297237	9
C20orf96	0.153487864637916	0.711888063145821	0.989276793964962	9
C21orf58	1.31952977465945	0.0221737034955318	0.307329612485957	9
C21orf91	-0.0321679772355629	0.93805106469281	0.998639733078915	9
C22orf15	0.764368149587194	0.577284052249224	0.968502424036797	9
C22orf23	0.281827914837902	0.727701149513889	0.991008075540888	9
C22orf31	3.98107307962401	0.0139684030052681	0.238367163885275	9
C22orf39	-0.358366071081886	0.219484064489162	0.800407977819747	9
C2CD2	-0.0571202137783777	0.789853714444134	0.994052363875907	9
C2CD2L	-0.0122696829244371	0.965956572175324	0.998639733078915	9
C2CD3	0.31388606382806	0.193793888792028	0.773128433453111	9
C2CD4A	3.03114534519783	0.0602107300049455	0.493487276847863	9
C2CD4B	3.77229130588271	6.38621877548834e-06	0.00337410153960562	9
C2CD4C	1.57981451316053	0.0366008613462465	0.393492581450798	9
C2CD4D	0.873271992018372	0.703560645866331	0.989276793964962	9
C2CD5	-0.0683650665945967	0.863312655257108	0.998639733078915	9
CATSPERT	-0.768255538066472	0.325610412699374	0.88645062741709	9
C2orf15	1.03670833725611	0.344019491346012	0.899092963457163	9
SPATA31H1	-0.142765168938438	0.869793427798543	0.998639733078915	9
C2orf42	-0.153446786597124	0.494150402711566	0.946064084880081	9
C2orf49	0.0303362382134577	0.926357243880977	0.998639733078915	9
CIMIP5	2.51327186754115	0.0272334931985594	0.340961486941421	9
C2orf66	2.67490366337867	0.0366444161301048	0.393674109531643	9
C2orf68	-0.452880667295395	0.0422348004856613	0.417008622052741	9
C2orf69	-0.11100952089325	0.728058114839404	0.991008075540888	9
CIMIP6	1.16158653261726	0.170887419770706	0.74890563306438	9
C2orf74	-0.167376352287243	0.885850683257505	0.998639733078915	9
C2orf76	-0.597068645640043	0.163968411949995	0.740390862280169	9
C2orf81	-0.861215334694158	0.397447566664573	0.914438028200431	9
AKAP19	1.62218971576338	0.036381090452535	0.391986332970708	9
C2orf92	0.0815400533710495	0.867801952163488	0.998639733078915	9
C3	-0.190901973966456	0.779744186732269	0.992994904698044	9
C3AR1	-0.174412697174564	0.740378616509156	0.991008075540888	9
CEP15	-0.647566577749394	0.192051596782926	0.770404371802577	9
C3orf18	-0.503917209908516	0.138250009955604	0.702446909885441	9
C3orf20	0.12108611541132	0.913408025313647	0.998639733078915	9
C3orf33	-0.194618887340788	0.777821730156042	0.992930756580613	9
C3orf38	0.269822164366351	0.278999669649262	0.858518683279707	9
C3orf49	-0.118511223050913	0.936595763265691	0.998639733078915	9
C3orf52	1.71586205180682	0.311231968602394	0.878131264920736	9
C3orf62	0.0621027506480938	0.837709739407254	0.998604146933345	9
C3orf70	-0.287360198119972	0.748642825204872	0.991008075540888	9
C3orf80	-0.0353785267799556	0.979446568118816	0.998639733078915	9
C4A	-0.67241446700952	0.674294365123219	0.985298616459508	9
C4B	-0.774213573464216			9
C4BPA	1.23928740710784	0.300995951364346	0.874342355309609	9
PGCKA1	-0.400778111214232	0.395956835385798	0.913574069169144	9
ARLN	-0.302835664378735	0.350956194896511	0.899092963457163	9
C4orf33	0.856022016923007	0.0336429000785762	0.37338560004501	9
C4orf36	0.429612773274024	0.735560098864246	0.991008075540888	9
C4orf46	0.509528833163805	0.205418456052544	0.789014267445122	9
CFAP96	0.800011390435085	0.334502622896879	0.892969331445685	9
NICOL1	-0.454394417037286	0.737673317355041	0.991008075540888	9
C4orf54	2.82056273515877	0.0194361358288692	0.284902483584845	9
C5	-0.0778866996395646	0.873019175323084	0.998639733078915	9
C5AR1	0.286057816963645	0.641008274945594	0.980691547015745	9
C5AR2	2.69911611583226	0.00156312459391982	0.0727734371605718	9
C5orf15	0.242738891890518	0.475543733940321	0.940283675486015	9
C5orf22	0.332293646978432	0.328367809371832	0.88792758297041	9
C5orf24	0.168300319358579	0.589227427796722	0.971161794932015	9
C5orf34	0.194756658221138	0.716021073777048	0.989276793964962	9
CFAP90	1.36710911392977	0.112866180231789	0.645363401857339	9
RIMOC1	-0.115575894193325	0.9170752240257	0.998639733078915	9
C5orf58	-0.167315972225249	0.866176356021714	0.998639733078915	9
C5orf63	-0.4147252605839	0.437508517131871	0.928941789266548	9
C6	1.03979713595194	0.255001267814712	0.840547211401925	9
C6orf118	4.33952082048307	0.00393136308366375	0.119770219311371	9
C6orf120	-0.220717368299419	0.463627723762221	0.938294906827733	9
C6orf132	3.07125679716472	0.000438294811933577	0.0365518063217601	9
C6orf136	-0.125282119709701			9
C6orf141	-0.0874194424708592	0.895029890955263	0.998639733078915	9
C6orf163	-0.255351764840943	0.73805906619665	0.991008075540888	9
PEX39	-0.400241834361734	0.512748039633046	0.952274007677829	9
C6orf47	-0.855370563458502			9
C6orf52	0.557946306778921			9
C6orf62	0.21191974770316	0.580253134103075	0.969055975901473	9
C6orf89	-0.172890580403753	0.569862970297189	0.966756384847351	9
C7	0.0274012234961682	0.981472244606731	0.998706601419412	9
C7orf25	-0.313280501887369	0.72083275437943	0.990516044835733	9
INTS15	-0.333298678321687	0.182652058994084	0.759617216219006	9
SPMIP4	-0.638179064172046	0.0802673264235765	0.564740707978271	9
CHLSN	-0.485662576608107	0.288240585138088	0.863075880392333	9
C7orf57	5.14052521063468	0.00219977959364958	0.0870993418083677	9
SPACDR	-1.06000339222772	0.210818021562531	0.794171927467666	9
C8G	-0.708729846737694	0.565147671647385	0.965041713262426	9
C8orf33	-0.0377128253939591	0.907339135215061	0.998639733078915	9
C8orf34	2.9694118477488	0.0152534451564546	0.249093733560345	9
C8orf48	0.252558997879079	0.768669961861937	0.992930756580613	9
C8orf58	0.196682159518075	0.711581300468327	0.989276793964962	9
C8orf76	-0.730864578343316	0.516063474450963	0.953680371468858	9
C8orf82	-0.085835299191751	0.831678999818431	0.99746225363255	9
C8orf88	0.235650733309809	0.804521734283108	0.995590233849494	9
C8orf89	1.1571632529867	0.294960407301837	0.870082505129096	9
PIERCE1	1.81285886004438	0.0574547807683806	0.48342620821854	9
SPATA31G1	0.587459090900083	0.746908205123293	0.991008075540888	9
CFAP95	5.31953639889499	0.00285875504381658	0.104424441723939	9
C9orf152	4.24477832597192	0.00360631087728182	0.115539920246318	9
SPMIP6	2.17972106192281	0.0164681919930952	0.261947178890171	9
C9orf40	-0.355215264375982	0.392431027938823	0.912807186165296	9
C9orf43	1.02018264658836	0.276237389348143	0.856986150518691	9
C9orf50	-0.379470118800276	0.754490915413098	0.991322723790924	9
QNG1	0.142821981007067	0.777173684489833	0.992930756580613	9
C9orf72	-0.0800723201619787	0.854899331177784	0.998639733078915	9
C9orf78	-0.292270943229215	0.222704806526337	0.804611121926927	9
C9orf85	-0.340775912330733	0.290434063963575	0.866062063599779	9
CA11	0.0841095221131233	0.881759632605638	0.998639733078915	9
CA12	0.689348636315816	0.216010450172795	0.798400989783844	9
CA13	1.24916108762807	0.0464558618924061	0.439033685608294	9
CA14	0.719986522323683	0.368806310304212	0.903215222150182	9
CA2	1.68336176398658	0.10236068043101	0.62262584358704	9
CA3	1.13451681116214	0.160162201818244	0.735351247601584	9
CA4	-1.86351178495182	0.117118867872508	0.656835717578304	9
CA5B	-0.829186939870482			9
CA8	2.69061155133117	0.00336734578338247	0.110456424685575	9
CA9	-0.64144375464316	0.445810185279246	0.932585632008735	9
CAAP1	0.126729537164745	0.710232651781761	0.989276793964962	9
CAB39	-0.183165107425738	0.6139564604267	0.975911270057349	9
CAB39L	0.00568426535468695	0.992480148083046	0.999620666732609	9
CABCOCO1	0.885126699103306	0.132620417129748	0.692218204569389	9
CABIN1	-0.185757193470879	0.559235581074092	0.964661425253286	9
CABLES1	0.0881775257291649	0.864224561570467	0.998639733078915	9
CABLES2	0.320657849504193	0.359442750192126	0.901129021301342	9
CABP1	0.175658113687976	0.679451300557218	0.986852371103522	9
CABP4	1.0598541279696	0.105680547765244	0.62952000224486	9
CABYR	-0.0934018895624039	0.820742372870281	0.996019784191563	9
CACFD1	0.0192608116827627			9
CACHD1	0.0528004245357351	0.860881111435696	0.998639733078915	9
CACNA1A	-0.737256385761606	0.116121591155974	0.655185308757555	9
CACNA1B	1.14982084759116	0.229746688119467	0.808244559806673	9
CACNA1C	-1.08027197909878			9
CACNA1D	0.945569863874842	0.247574028731335	0.834188414193187	9
CACNA1E	0.759157521111565	0.422787048431217	0.922277664097641	9
CACNA1F	1.04446944080898	0.322255804957126	0.885543112951723	9
CACNA1G	0.766994821741126	0.302484075397163	0.874342355309609	9
CACNA1H	-0.642533212543294	0.354125644464694	0.899715225734967	9
CACNA1I	2.9252742624948	0.0779195698373268	0.554833946149918	9
CACNA2D1	-0.290146549057636	0.526697988537175	0.957268202462574	9
CACNA2D2	-0.374471179688265	0.469666497422942	0.939188868595478	9
CACNA2D3	0.854885512073363	0.111580908198665	0.644384110297533	9
CACNA2D4	0.345854871644379			9
CACNB1	-0.570639821248916	0.0825768775746208	0.571993097080703	9
CACNB2	-0.745788501393029	0.362191045405776	0.90143277046037	9
CACNB3	-0.181157679064675	0.625964086523373	0.978573777801597	9
CACNB4	-0.0121580977279831	0.985206412956297	0.999450063572839	9
CACNG4	-1.26423556052942	0.176193589840044	0.751250158017082	9
CACNG6	5.623563707817	0.00198773579943605	0.0831188899021971	9
CACNG8	0.629177161640446	0.435258944536518	0.927643268885871	9
CACTIN	-0.114802997986402	0.623739594681731	0.978573777801597	9
CACUL1	-0.17037236535774	0.444744095387282	0.932377161200351	9
CACYBP	-0.0838781352732755	0.707362876396669	0.989276793964962	9
CAD	-0.0949682404363874	0.719872236491433	0.990126172460869	9
CADM1	1.06806968407733	0.132086227641901	0.691391775256064	9
CADM2	3.90503221054658	0.0118996177533248	0.220389281878078	9
CADM3	-0.611030525382691	0.530797918821771	0.957299775766752	9
CADM4	-0.0778883090605643	0.887856988435121	0.998639733078915	9
CADPS	4.09555960657732	0.000204422536119028	0.0235740707472888	9
CADPS2	-2.54024893002379	0.0034844372882267	0.113290261699371	9
CALB1	-1.05871678348701	0.484618100995682	0.943726621213358	9
CALCOCO1	-0.122434160268006	0.778636851670287	0.992930756580613	9
CALCOCO2	-0.353149378039008	0.140177092495472	0.705473597792587	9
CALCRL	0.0792052442990819	0.863274871904389	0.998639733078915	9
CALD1	-0.444814689396037	0.543175042789198	0.959871555065334	9
CALHM2	-0.882690459674726	0.0865336686797306	0.581692070720403	9
CALHM5	-0.359337545875776	0.530824379422185	0.957299775766752	9
CALHM6	-1.18209457369124	0.166538809656119	0.743424340491471	9
CALM1	0.144438718170597	0.67191011071463	0.985298616459508	9
CALM2	-0.197618308578631	0.589938215322493	0.971187979266693	9
CALM3	-0.102707447731107	0.769283755572218	0.992930756580613	9
CALML4	0.402818020189733	0.76357732983582	0.992788902596531	9
CALML6	0.799256920436312	0.211668050003919	0.794171927467666	9
CALN1	2.20493892862333	0.0721435725913445	0.535939242587235	9
CALR	0.533379762362379	0.110984061211172	0.642697421552809	9
CALU	0.356959577602764	0.457237807555189	0.936230722336266	9
CAMK1	-0.854753865512048	0.339822950804612	0.896524077278898	9
CAMK1D	-0.434585900753786	0.371226767798349	0.905369091236447	9
CAMK1G	-1.96419561397427	0.00717305571063195	0.167085976447912	9
CAMK2A	-1.10559979702267	0.131429582309939	0.690679235740588	9
CAMK2B	2.51869828008829	0.0497237708277702	0.455568189486064	9
CAMK2D	-0.014454852630268	0.967852442052158	0.998639733078915	9
CAMK2G	-0.135821235792123			9
CAMK2N1	-0.945533078286956	0.0361447345950032	0.389846007299212	9
CAMK2N2	0.19437916759911	0.893798063621892	0.998639733078915	9
CAMK4	0.892943864995911	0.120794729103965	0.669564775179732	9
CAMKK1	-0.0542182647742364	0.895026409166287	0.998639733078915	9
CAMKK2	-0.102681499595432	0.665812201710805	0.984088154568007	9
CAMKMT	0.0450760156615704	0.912441954210499	0.998639733078915	9
CAMLG	-0.236135287568215	0.216816595443723	0.798902092039156	9
CAMSAP1	0.0467458721315351	0.906341897475045	0.998639733078915	9
CAMSAP2	-0.029988604293135	0.947847102543788	0.998639733078915	9
CAMSAP3	3.17679780946199	0.0148671689790727	0.246140758929151	9
CAMTA1	0.0674745061786194	0.855855951569602	0.998639733078915	9
CAMTA2	-0.52157380972357	0.3588106003109	0.900808696207596	9
CAND1	0.19330403144836	0.531332706790294	0.957514599552134	9
CAND2	-0.739784059028596	0.177934416796868	0.754088408365938	9
CANT1	0.68909505513601	0.0585330233523159	0.486999537152178	9
CANX	-0.228565446709479			9
CAP1	0.11094403274976	0.885062801813019	0.998639733078915	9
CAP2	0.0548637592700769	0.905375784404183	0.998639733078915	9
CAPG	-0.568608636790879	0.335528102955409	0.893441965603623	9
CAPN1	-0.147925074032871	0.747039788526445	0.991008075540888	9
CAPN10	-0.0728265380595283	0.806815056894761	0.995590233849494	9
CAPN11	0.810649967500854	0.546915469493074	0.960668683051641	9
CAPN12	3.77522655686722			9
CAPN13	0.509333547842487	0.740780691477881	0.991008075540888	9
CAPN15	0.112816411049848	0.713234331845725	0.989276793964962	9
CAPN2	-0.168424987806134	0.642977591486672	0.980691547015745	9
CAPN3	-0.734374930660334	0.272847353280825	0.852161476231194	9
CAPN5	0.0434725858485999	0.907143004986437	0.998639733078915	9
CAPN6	-0.49025428458956			9
CAPN7	-0.124606575868557	0.782696339873492	0.993751208175834	9
CAPN8	2.03817714511138	0.232514222602682	0.808323702269945	9
CAPN9	3.21372320631425	0.0137061412945266	0.23635087809405	9
CAPNS1	-0.86995713751062			9
CAPRIN1	0.304692775716377	0.210025238352663	0.79410413507266	9
CAPRIN2	-0.080051487270601	0.839512340354602	0.998604146933345	9
CAPS	1.88496635674093	0.031434807503731	0.364040373732223	9
CAPS2	0.0761578082309055	0.882091401513582	0.998639733078915	9
CAPSL	4.73503688205962	0.00218469698618621	0.0869226744288265	9
CAPZA1	0.197825190764824	0.481131177687664	0.942031743447089	9
CAPZA2	0.0173558870477958	0.966119261940822	0.998639733078915	9
CAPZB	-0.651322253447652	0.101569028693255	0.620137345172465	9
CARD10	0.693582677603218	0.0208301602287979	0.297428100321628	9
CARD11	0.105493623474039	0.818035110651935	0.995966406600323	9
CARD14	-0.0722326477257551	0.914708295804011	0.998639733078915	9
CARD19	-0.661504134300066	0.0484858848429142	0.450662541199641	9
CARD6	0.521666067197857	0.0831257242185418	0.573373278126119	9
CARD8	0.147429539088374	0.626556988197731	0.978573777801597	9
CARD9	0.814745670731458	0.242289866252744	0.824670257593937	9
CARF	-0.360821791391734	0.364932927954144	0.90239123320911	9
CARHSP1	0.260481440584916	0.613775893462747	0.975911270057349	9
CARM1	-0.24198348313761	0.371201266176832	0.905369091236447	9
CARMIL1	0.260541893437965	0.381749958489773	0.907851207288101	9
CARMIL2	-0.557514853662416	0.323467376138869	0.885547974781809	9
CARMIL3	-0.235073970099098	0.907706611455467	0.998639733078915	9
CARNMT1	0.171188934811582	0.681887843478326	0.987306006486237	9
CARNS1	-0.65675664462517	0.230639802821283	0.808244559806673	9
CARS1	0.0345609007347543	0.979508838983575	0.998639733078915	9
CARS2	-0.230000071277419	0.571373568933875	0.966957302976707	9
CARTPT	-7.45392451730641	1.59396921683647e-05	0.00534740445675527	9
CASC3	-0.294457126033251	0.346304475396578	0.899092963457163	9
CASD1	0.0237887922906031	0.952774772924741	0.998639733078915	9
CASK	0.35008064985634	0.280508043131712	0.860827281635593	9
CASKIN1	0.318693817852276	0.722197129034902	0.990516044835733	9
CASKIN2	0.0814990183172442	0.877559186074826	0.998639733078915	9
CASP1	-0.167286558031742	0.709953651020906	0.989276793964962	9
CASP10	0.411519129444594	0.230781832975032	0.808244559806673	9
CASP2	0.567073529621016	0.162245225390416	0.739345651660223	9
CASP3	0.228641247484935	0.427484681304584	0.923608338376662	9
CASP4	0.532620132080918	0.114479862847582	0.649437838390912	9
CASP6	0.852617450770644	0.100983307872621	0.619051687604773	9
CASP7	0.0786607442039238	0.82948652277358	0.99746225363255	9
CASP8	0.450732863033683	0.350162442189339	0.899092963457163	9
CASP8AP2	-0.515638433109843			9
CASP9	-0.0472637412850233	0.86864653643512	0.998639733078915	9
CASQ1	-0.146728250530877	0.900423155788462	0.998639733078915	9
CASQ2	-1.41923069033294	0.271299957170157	0.850385100220023	9
CASS4	-0.264259910951242	0.809475178516764	0.995936140923453	9
CASTOR1	-0.155942227528113	0.873631037433574	0.998639733078915	9
CASTOR2	-0.202093300730847	0.637119988337563	0.980691547015745	9
CASZ1	0.511199628090746	0.243191722322668	0.825990108882857	9
CAT	0.489791468603242	0.211273175386088	0.794171927467666	9
CATIP	1.6659420261099	0.156050808335029	0.728023382374641	9
CATSPER2	-0.287873106319977	0.828364057610191	0.99746225363255	9
CATSPER3	1.1247464305783	0.158678431241281	0.732869938533337	9
CATSPERB	0.526180830479391			9
CATSPERD	2.26755327953085	0.192009587698145	0.770404371802577	9
CATSPERE	0.388668441411677	0.551147248297576	0.961546579712439	9
CATSPERG	-0.110311116133965	0.849132878802693	0.998639733078915	9
CAV1	-0.441622162842382	0.470686029300892	0.939528895871055	9
CAV2	-0.894346321416951	0.0898968874266281	0.590277738070255	9
CAVIN1	-0.416126050324565	0.520346574639292	0.954168518928445	9
CAVIN2	-0.84968559339741	0.240127735920743	0.821823674919102	9
CAVIN3	-0.859833372896483	0.202311527316585	0.786221457318611	9
CAVIN4	0.529689221803676	0.468500359703237	0.939188868595478	9
CBARP	0.22625711446282	0.722927934338074	0.990516044835733	9
CBFA2T2	-0.0470636575969792	0.827843965879934	0.99746225363255	9
CBFA2T3	0.145488026868465	0.724879283218716	0.990984782893948	9
CBFB	0.351697055636722	0.282885505729195	0.8612268238133	9
CBL	0.33571446941061	0.603418719030333	0.974057468095769	9
CBLB	0.303376260899696	0.277848921088594	0.857480226675461	9
CBLC	2.1940448822016	0.154368088966821	0.727364000909456	9
CBLL1	0.0265024516500828	0.937668695802341	0.998639733078915	9
CBLN1	1.37660776216242	0.0370629800830757	0.395468924362961	9
CBLN2	3.1079398201671	0.0335614976886787	0.373324240680171	9
CBLN3	0.254477021098089	0.706765925190499	0.989276793964962	9
CBLN4	3.19765818992703	0.00156079993367346	0.0727734371605718	9
CBR1	-0.431745070085861	0.392142877132553	0.912807186165296	9
CBR3	-0.421605035385684	0.664076429433246	0.983348063468372	9
CBR4	-0.303931196969473	0.415590418360829	0.919443969637919	9
CBS	1.56912099083721	0.0936331659885519	0.599878109009121	9
ZNG1A	-0.255735986362169	0.404703945153103	0.915238409840383	9
ZNG1B	0.235620861662802	0.462160325277979	0.937927280347714	9
ZNG1E	0.0468060578169803	0.905730132371433	0.998639733078915	9
ZNG1F	-0.535972082537484	0.46849807210045	0.939188868595478	9
CBX1	-0.0643167936278443	0.830245743349183	0.99746225363255	9
CBX2	1.73085966801998	0.006679054463914	0.160924234398456	9
CBX3	0.0166848477263763	0.962597469886799	0.998639733078915	9
CBX4	0.867081621314019	0.00325823438789279	0.10966823841068	9
CBX5	0.783167275331662	0.0480818410592011	0.448632146570713	9
CBX6	-0.141141388501274	0.744094403289074	0.991008075540888	9
CBX7	-0.651670000596203	0.331733551659341	0.890518010101223	9
CBX8	1.13380395643699	0.0609074345643142	0.497539923411091	9
CBY1	-0.0243280176326307	0.952440855593854	0.998639733078915	9
CC2D1A	0.386681704068796			9
CC2D1B	-0.136802608661268	0.566799165135533	0.965061168919095	9
CC2D2A	0.195532119664878	0.577245613116301	0.968502424036797	9
CC2D2B	-0.712153284208031	0.255706693626066	0.840547211401925	9
CCAR1	0.261296194190984	0.547230120946218	0.960668683051641	9
CCAR2	0.0541184259751835	0.849618589225753	0.998639733078915	9
CCBE1	-0.512016250099044	0.387893616954552	0.911301759879046	9
CCDC102A	-0.492509959913225	0.243310963136774	0.826108674209736	9
CCDC102B	0.491513950771075	0.490098233015812	0.944931536265188	9
DNAAF19	0.90774115583592	0.529428430737256	0.957299775766752	9
CCDC106	-0.368745664140861	0.386967837481939	0.910864654611849	9
CCDC107	-0.552665291657346	0.453503739057705	0.934203669144002	9
CCDC110	-0.59675206400542	0.500961610183301	0.94888930167018	9
CCDC112	0.176418876856646	0.749461470938605	0.991008075540888	9
CFAP263	0.885648591413396	0.0764062488355968	0.549025463837328	9
VMA22	-0.199644659774732	0.469416711561228	0.939188868595478	9
CCDC116	-1.29117961969462	0.097729432333308	0.611794745383946	9
CCDC117	0.535348457686853	0.133625148004443	0.693057206498099	9
CCDC12	-0.6609201348306	0.159765634912451	0.734263063172008	9
CCDC120	0.267282449259142	0.277128595511775	0.857480226675461	9
CCDC121	0.0837418900077052	0.847296158370662	0.998639733078915	9
CCDC122	-0.0595408726836187	0.914921874579749	0.998639733078915	9
CCDC124	-0.864277867211771	0.144591331539405	0.711869112393627	9
CCDC125	1.30489880013602			9
CCDC126	-0.41513422284921	0.373807861002406	0.905673456930873	9
CCDC127	-0.17659908890406	0.566599355175313	0.965061168919095	9
CCDC13	0.582272341229251	0.487904054512175	0.944528359163539	9
CCDC134	0.43591483447474	0.399515584305785	0.914438028200431	9
CCDC136	-0.324361344984057	0.559348088797702	0.964661425253286	9
CCDC137	-0.130944965504065	0.72653841074945	0.991008075540888	9
CCDC138	0.857019659458906	0.18165952669826	0.759038576668581	9
CCDC14	0.136643565656304	0.808617602349434	0.995936140923453	9
CCDC141	-2.09668306981569	0.0377926895704255	0.398176644282247	9
CCDC142	-0.138768254912813	0.736845430724016	0.991008075540888	9
CCDC144A	-3.0773061995556	0.0200807160160591	0.291170382232857	9
CCDC146	1.04162399623153	0.0301155405385782	0.356770059301728	9
CCDC148	1.28540396527266	0.086267107644093	0.581484886566663	9
CCDC149	-0.666133906525543	0.0462176038087221	0.437964570598537	9
CCDC15	-0.103745888625083	0.878151554339881	0.998639733078915	9
CCDC150	0.621131498808928	0.466921592543366	0.939188868595478	9
CCDC152	-0.0367162539185335	0.95757535588747	0.998639733078915	9
DRC12	-0.392828675495497	0.612228451510789	0.975769461971015	9
CCDC154	0.155818071876534	0.756392613046383	0.991890138420883	9
CCDC157	0.510003103155085	0.44905200872821	0.932585632008735	9
CCDC158	0.380202550443638	0.701669027220263	0.989276793964962	9
CCDC159	-0.720745069838907	0.156407677508204	0.7292143264838	9
CCDC160	1.04763220391846	0.37132338448245	0.905369091236447	9
CCDC163	0.408548842224531	0.492279404733496	0.945530063911015	9
CCDC167	-0.383767835418074	0.617698484450265	0.977261235688142	9
CCDC169	0.94099820683208	0.310151140218149	0.877414131632904	9
CCDC17	1.54848458518617	0.0140144442336503	0.238876687451399	9
CCDC170	1.81212303378692	0.00954418728548273	0.194857190208867	9
CCDC171	-0.0597590458778595	0.904918906969349	0.998639733078915	9
CFAP210	0.123938403541382	0.878146581729564	0.998639733078915	9
CCDC174	-0.234547048514371	0.376165782439198	0.905673456930873	9
CCDC178	-0.322205314969881	0.733896995238274	0.991008075540888	9
CCDC18	-0.0372666588784019	0.942824451551066	0.998639733078915	9
CCDC180	-0.103770511544143			9
CCDC181	-0.99142214025874	0.228289061167234	0.808244559806673	9
CCDC183	-0.449437484552407	0.317506203902584	0.882121038171662	9
CCDC184	-0.974872222463625	0.0611209565611471	0.498994435214061	9
CCDC186	0.147878392497327	0.773293517448266	0.992930756580613	9
CCDC187	1.81235626997173	0.194419474203414	0.773615413978879	9
CCDC188	-0.183951387673758	0.650445101206609	0.981292533915803	9
CCDC191	0.263383015091782	0.483381998743063	0.942995405287983	9
CCDC198	3.07149871800016	0.0225206094503115	0.309810546221853	9
CCDC200	0.246493038020095	0.744372746350458	0.991008075540888	9
CCDC22	-0.287248398848512	0.438615440621965	0.928941789266548	9
CCDC24	0.182967487368168	0.769357511725274	0.992930756580613	9
CCDC25	-0.407649840820807			9
CCDC27	0.870802235967186	0.611423453767791	0.975451328278699	9
CCDC28A	-0.0373195652444352	0.901769980197103	0.998639733078915	9
CCDC28B	0.14396021705601	0.728487479955676	0.991008075540888	9
CCDC3	-0.649308517659664	0.324102607803073	0.886080378644328	9
CCDC30	0.489017791155005	0.423951760096178	0.922647417631964	9
CCDC32	-0.329306211443816	0.565513412403793	0.965041713262426	9
CCDC33	3.91351145773383			9
CCDC34	0.551671060672173	0.360627998029427	0.901129021301342	9
CCDC39	-0.342044897841352	0.69381803624389	0.989171265391501	9
CCDC40	0.653696407618135	0.0728733892024182	0.539495861875355	9
CCDC43	0.275826319796144	0.377264290934515	0.905673456930873	9
CCDC47	0.251761003103485	0.510611354355957	0.951538693830295	9
CCDC50	0.0308347829603773	0.934892838740321	0.998639733078915	9
CCDC51	-0.0411401554612574	0.924071975618959	0.998639733078915	9
CCDC57	-0.235973038194245	0.402207514597374	0.915238409840383	9
CCDC59	-0.146238914318431	0.766979486992415	0.992930756580613	9
CCDC6	0.333912387966007	0.426883417736628	0.923608338376662	9
CCDC60	0.0690801136411642	0.943333585693049	0.998639733078915	9
CCDC61	-0.335487363226276	0.507900165824051	0.951538693830295	9
CCDC62	1.38723254882215	0.171775015675263	0.749226042299155	9
DRC2	1.15105673241148	0.121582287748398	0.671131258600702	9
CCDC66	-0.238420435470032	0.639980847548356	0.980691547015745	9
CCDC68	-0.555351554338239	0.429316487826189	0.92450301842919	9
CCDC69	-0.369613014423697	0.571045989040649	0.966951740948172	9
CCDC7	0.250532172298137	0.657075286056273	0.982970871841135	9
CCDC71	-0.357400804742374	0.258634316456397	0.842400186591788	9
CCDC71L	0.468933670809026	0.569860495283249	0.966756384847351	9
CCDC74A	-0.0766950400841077	0.889672316104826	0.998639733078915	9
CCDC74B	0.392797288128389	0.531307044548509	0.957514599552134	9
CCDC77	-0.0244675931622699	0.954670512150649	0.998639733078915	9
CCDC78	0.86450559542155	0.150776181957308	0.72170459047022	9
CCDC8	0.340526456594587	0.349367843735487	0.899092963457163	9
CCDC80	-0.474368037492176	0.540108639763191	0.958979719874913	9
CCDC81	0.43549992958545	0.345946278576897	0.899092963457163	9
CCDC82	-0.269091495106922	0.620602536165153	0.978517513346508	9
CCDC85A	-0.803722974133508	0.407735549988491	0.915271886809331	9
CCDC85B	-1.04600324461596	0.0841662865246702	0.575975222712405	9
CCDC85C	0.566899988738151	0.330803979795504	0.889730147622575	9
CCDC86	-0.0342253595572089	0.93583173108784	0.998639733078915	9
CCDC87	-0.433722248319916	0.644927551136104	0.980691547015745	9
CCDC88A	0.0176659992783344	0.964858629837346	0.998639733078915	9
CCDC88B	-0.527597830714133	0.175701236019178	0.751250158017082	9
CCDC88C	0.755420503955339	0.0893647112072648	0.587723225200152	9
CCDC89	0.0369810164287532	0.933533451447279	0.998639733078915	9
CCDC9	-0.0166585539651449	0.950933384741037	0.998639733078915	9
CCDC90B	-0.286099695868412	0.313028203503265	0.879278651172538	9
CCDC91	-0.541644429556479	0.207849580046443	0.792178019421267	9
CCDC92	-0.0819721329739884			9
CCDC93	-0.0359201997511389	0.925076720093043	0.998639733078915	9
CFAP184	0.620682155746679	0.376381096916635	0.905673456930873	9
CCDC97	-0.0599003605813706	0.845520221942587	0.998639733078915	9
CCDC9B	-0.891089917482568	0.219495933546183	0.800407977819747	9
CCER2	-0.89859345218703	0.753780865091336	0.991053651876121	9
CCHCR1	-0.166814222557628	0.879680047199593	0.998639733078915	9
CCIN	-1.6319399052978	0.152979020076803	0.724086010296911	9
CCKBR	1.19875523026577	0.500107996128132	0.94888930167018	9
CCL11	-0.461598592152387	0.815293229517895	0.995966406600323	9
CCL13	0.894717048093412	0.555711387351003	0.963343569668406	9
CCL14	-1.01867007647637			9
CCL16	0.245292201735423	0.862471776187358	0.998639733078915	9
CCL19	-1.27493173031763	0.144257478834023	0.711869112393627	9
CCL2	2.13766330664234	0.00831835040618557	0.180304214898245	9
CCL20	2.68821618008505	0.126655395788144	0.679443938788914	9
CCL21	-2.53840360416965	0.000441989491213386	0.0366528476393302	9
CCL22	0.645942384312967	0.479156021569566	0.941072442992838	9
CCL24	-0.331665742307149	0.763068510067932	0.992742312454851	9
CCL25	4.90618613719797	0.0555371878048749	0.477173707326984	9
CCL28	0.88621988979142	0.0311794363871746	0.363825818585838	9
CCL3L1	0.408741132872273	0.816713639733364	0.995966406600323	9
CCL4	-0.244723635956368			9
CCL4L2	0.44839356606419			9
CCL5	-0.803997806175511			9
CCL8	2.60541735868066	0.056988613194251	0.481401809416439	9
CCM2	-0.13628641989708	0.735917537155374	0.991008075540888	9
CCM2L	-0.431533758933759	0.486543681032359	0.943977712144114	9
CCN1	1.36388093933218	0.0430809754082222	0.420826557836426	9
CCN2	0.740762536256734	0.292526695042916	0.868382939339552	9
CCN3	-0.33573905500826	0.386294974214862	0.910863010956818	9
CCN4	-1.1426615872841	0.00882844220859966	0.18759190619714	9
CCN5	-1.04063188277624	0.27216102542007	0.851408242555084	9
CCN6	-1.59711156593438	0.0665039544040821	0.516122434783731	9
CCNA1	1.97336199734128	0.00229063114753433	0.0889789641283005	9
CCNA2	1.17718200239463	0.164294071992253	0.740954719424884	9
CCNB1	1.74377371635619	0.0224702495942238	0.309406114048823	9
CCNB1IP1	-0.0277785043875772	0.935000975641183	0.998639733078915	9
CCNB2	1.63466652343942	0.0553109831563647	0.476193549252792	9
CCNC	0.153696245335327	0.627288488195646	0.978573777801597	9
CCND1	1.19345188885584	0.0259860976443462	0.331530498987203	9
CCND2	-0.155580314510267	0.549208029824212	0.961089318650903	9
CCND3	-0.198915876031699	0.596389650324683	0.972773091899058	9
CCNDBP1	0.166619340066718	0.498112355777781	0.948115600726733	9
CCNE1	1.49399463144134	0.0314258927862815	0.364040373732223	9
CCNE2	0.270367749749441	0.762502783228623	0.992456322270546	9
CCNF	1.70161203226283	0.0223762546211146	0.3086877518339	9
CCNG1	-0.211802716279516	0.425957307496207	0.923242529682058	9
CCNG2	-0.00880438049332107	0.983426004214978	0.999263264585425	9
CCNH	-0.194275484783847	0.542873277338125	0.959822934465138	9
CCNI	-0.586799904087829	0.00792603063341822	0.177356560681645	9
CCNJ	0.257369220789527	0.579029533649768	0.969055975901473	9
CCNJL	1.5526612844036	0.028092607837734	0.3467278248125	9
CCNK	0.643768479284177	0.349820251757577	0.899092963457163	9
CCNL1	1.06489152614705	0.0664825682414577	0.516122434783731	9
CCNL2	-0.187664934408539	0.631053050778978	0.979380833016394	9
CCNO	3.42454814547886	0.00329433359955683	0.10966823841068	9
CCNP	0.936411138860153	0.296905896518906	0.871547173499848	9
CCNQ	-0.447768769175121	0.304188510211087	0.875053234265414	9
CCNT1	0.0276527068176178	0.914177442943022	0.998639733078915	9
CCNT2	-0.0211435777398582	0.95398951899952	0.998639733078915	9
CCNY	-0.136168072697812	0.703087514705343	0.989276793964962	9
CCNYL1	0.23139887183072	0.6857329713282	0.988293730694743	9
CCP110	0.0837869259162885	0.858160628718747	0.998639733078915	9
CCPG1	-0.26950540294863	0.630455968963889	0.979238377916278	9
CCR1	0.263013690046044	0.64174256049818	0.980691547015745	9
CCR10	-0.965868245804229	0.336902458125632	0.89460168471775	9
CCR2	-1.03289852305339	0.0900947631677741	0.590277738070255	9
CCR4	-0.952560122571721	0.392100109886768	0.912807186165296	9
CCR5	-0.92290860908673	0.0770398703221495	0.550724756206046	9
CCR7	-0.31289774365069	0.618324243992685	0.977406778856767	9
CCRL2	-0.473244659442073	0.469866265641432	0.939188868595478	9
CCS	-0.461689427105372	0.345574501617327	0.899092963457163	9
CCSAP	-0.510223863977772	0.197164250518391	0.778790875542404	9
CCSER1	0.953647202541475	0.22342515718629	0.805281900608526	9
CCSER2	-0.22767121587686	0.619768653580199	0.978191699654598	9
CCT2	0.158970414615388	0.499945503414982	0.94888930167018	9
CCT3	0.0257229425448341	0.921338665682865	0.998639733078915	9
CCT4	-0.249023737470049	0.371690098077086	0.905666124882138	9
CCT5	0.152888309548611	0.614555358274001	0.976306629617447	9
CCT6A	0.213961823014622	0.252684077472348	0.838462877724287	9
CCT6B	0.0139352168536257	0.978439936679696	0.998639733078915	9
CCT7	-0.320531736194566	0.289540993421269	0.864814772135036	9
CCT8	-0.0841931741514017	0.716090892500667	0.989276793964962	9
CCZ1	0.229898861895931	0.601470981811807	0.974057468095769	9
CCZ1B	-0.051943886255014	0.898872548765126	0.998639733078915	9
CD101	0.0802376691456234	0.887901254904996	0.998639733078915	9
CD109	-0.551638629984093	0.315924098034995	0.881426757395846	9
CD14	-0.191024439607209	0.714471694985986	0.989276793964962	9
CD151	-0.907160345014424	0.155417357961039	0.727862257442023	9
CD160	-0.230109985928483	0.775946331877214	0.992930756580613	9
CD163	0.852529266676046	0.223019140700017	0.804675733687031	9
CD163L1	-0.52570699153878	0.432202012753185	0.926075469625456	9
CD164	-0.00926716314641258	0.972184722238885	0.998639733078915	9
CD164L2	1.91806869455879	0.106913942792507	0.633042548814402	9
CD180	0.234682050727783	0.70694994250611	0.989276793964962	9
CD19	-0.475164303476145	0.632484390531624	0.979380833016394	9
CD1C	-0.120926466577499	0.860159763249278	0.998639733078915	9
CD1D	0.634982778552568	0.234645867158622	0.812677377860435	9
CD1E	-0.352355855849631	0.674766224141489	0.985298616459508	9
CD2	-1.47662060403556	0.00834223050987889	0.180556692897833	9
CD200	0.72222240695113	0.177331603685909	0.752463913780981	9
CD200R1	0.688136396031263	0.496357275680426	0.946690707517402	9
CD207	0.750305214255113	0.338485086664548	0.896211365785721	9
CD209	1.30329036098916	0.0845155082943848	0.576889070953669	9
CD22	0.522674762797853	0.438388242371567	0.928941789266548	9
CD226	-0.308958802651141	0.518997278877017	0.953758404613893	9
CD24	1.46472302220769	0.0448160468028328	0.430123320452935	9
CD244	-1.11795825660921	0.0862031661242684	0.581484886566663	9
CD247	-0.0794759493975497	0.896901117937325	0.998639733078915	9
CD248	-1.01354872299947	0.217425486997015	0.798965012963561	9
CD27	-0.753447617572535	0.305027762941163	0.87578680388204	9
CD274	0.0259010515305399	0.968069314217074	0.998639733078915	9
CD276	0.722242010750537	0.0588072172404253	0.487473231870421	9
CD28	0.853849592612372	0.332383390320992	0.890760934010197	9
CD2AP	0.610627873750498	0.150128566280005	0.721659461536377	9
CD2BP2	-0.196428460587642	0.379799298355129	0.906881065731184	9
CD300A	-0.167758066756207	0.757475153366391	0.991890138420883	9
CD300C	0.747787910122183	0.417296631241303	0.919780432363111	9
CD300E	1.4421651995567	0.156401932928109	0.7292143264838	9
CD300LB	2.36336023837998	0.0315918427186048	0.364721300975235	9
CD300LF	-0.0379943016349699	0.964588088071416	0.998639733078915	9
CD300LG	1.38803028346182	0.381995938196278	0.907851207288101	9
CD302	-1.9294442833258			9
CD320	0.0494299856897421	0.917217866643146	0.998639733078915	9
CD33	0.106549229160694	0.873898316594401	0.998639733078915	9
CD34	0.285083770377559	0.514717162999768	0.953531631907578	9
CD36	2.18996660622349	0.00152525060772324	0.0727734371605718	9
CD37	-1.00667120316183	0.0385597336703179	0.401665299676335	9
CD38	0.0223211262716351	0.969497821840167	0.998639733078915	9
CD3D	-0.898301494940186	0.234302528344216	0.812054383866864	9
CD3E	-1.28792246935552	0.0328426864379272	0.370328662012678	9
CD3G	-0.737424070233413	0.449998747244748	0.932585632008735	9
CD4	-0.0341813961671635	0.941257438678288	0.998639733078915	9
CD40	-0.554892230298974	0.306364285278976	0.876432473153517	9
CD44	-0.624655912775754	0.337141119210933	0.894676206377135	9
CD46	0.215806257596617	0.623144135883972	0.978573777801597	9
CD47	0.0800033180852089	0.818219253959857	0.995966406600323	9
CD48	-0.374248850289276	0.618715648517404	0.977597903910864	9
CD5	-1.07682833362498	0.107154052285829	0.634202472249847	9
CD52	-0.670936965631478	0.511037132476545	0.951538693830295	9
CD53	-0.383040964071482	0.251146889432511	0.838097512370475	9
CD55	0.101767193615223	0.856505917529793	0.998639733078915	9
CD58	-0.267271790018088	0.450696601723278	0.932585632008735	9
CD59	-0.194990404426206	0.700097746254745	0.989276793964962	9
CD6	-0.560771020849254	0.227186245138542	0.808244559806673	9
CD63	-0.982122823008876	0.0480217636254866	0.44859387074563	9
CD68	0.0734348789123599	0.967642576145988	0.998639733078915	9
CD69	0.394897210799536	0.599858973926859	0.973880148936907	9
CD7	-1.53831701131896	0.0580143518906917	0.485459097652211	9
CD70	-1.08630496279931	0.460452730186392	0.937747940696302	9
CD72	-0.475531399483043	0.397030981066855	0.914428820647191	9
CD74	-0.964864857870512	0.0494474351144218	0.453913923957699	9
CD79A	-1.14903864349299	0.173878574473472	0.751250158017082	9
CD79B	-0.56476471466361	0.477514528155282	0.940941389680967	9
CD80	-0.700873068850018	0.563929488497359	0.965041713262426	9
CD81	-1.179491641713	0.0419671262310284	0.416246681284481	9
CD82	0.423643789185731	0.405981068599148	0.915238409840383	9
CD83	0.775580433243805	0.155730321209254	0.727862257442023	9
CD84	-0.260608049904707	0.715962697244726	0.989276793964962	9
CD86	0.224788616566095	0.702749364555046	0.989276793964962	9
CD8A	-0.805566930322661	0.122871982178475	0.672991958789044	9
CD8B	-1.05898139973005	0.151496751006212	0.722080305349481	9
CD9	-0.0918236580921695	0.799529836684608	0.995590233849494	9
CD93	0.85171985656427	0.172814508022895	0.74938747148236	9
CD96	-0.394395442033249	0.544099207160381	0.959895828480266	9
CD99	-1.88354828048088			9
CD99L2	-0.568694012290283	0.141663514475103	0.707926593299888	9
CDA	-0.235612620027127	0.756669849709833	0.991890138420883	9
CDADC1	0.125668737963415	0.703636182575423	0.989276793964962	9
CDAN1	-0.085287232116573	0.788245042808764	0.994052363875907	9
CDC123	-0.322566938261371	0.390464798623422	0.912807186165296	9
CDC14A	0.205950521303279	0.63334856618251	0.979759546919064	9
CDC14B	0.10669956513302	0.82347613403488	0.996915603799238	9
CDC16	-0.261562626081393	0.490546258400764	0.944931536265188	9
CDC20	3.49673845919333	0.00202831683510086	0.0837426340189251	9
CDC20B	6.15711609811281	0.00149488286567829	0.072414542861946	9
CDC23	0.324171461950736	0.327940267813308	0.887903506431062	9
CDC25A	1.37975798731697	0.176293010925964	0.751250158017082	9
CDC25B	-0.372967646921306	0.261284403151264	0.843678462867405	9
CDC25C	4.28647284726023	0.00543022287868933	0.143905780812088	9
CDC26	-0.34137961261175	0.160356027380851	0.735531680362338	9
CDC27	-0.0917768042098669	0.727686069902362	0.991008075540888	9
CDC34	-0.217829011680941	0.629095702310535	0.979219295330233	9
CDC37	-0.701076747690125	0.165539838306573	0.742393060123421	9
CDC37L1	-0.324518419652251	0.419146805767903	0.919802243544293	9
CDC40	0.0727571833426518	0.86058234361703	0.998639733078915	9
CDC42	0.173252142642454	0.443166661231885	0.93145138636535	9
CDC42BPA	-0.0422594417678401	0.923105841825901	0.998639733078915	9
CDC42BPB	0.252364192536211	0.641108656184532	0.980691547015745	9
CDC42BPG	2.13074340832809	0.0198051992779957	0.288024183785708	9
CDC42EP1	-0.796633819523985	0.162825371518592	0.73994607886052	9
CDC42EP2	-0.483434782826375	0.790093735919357	0.994052363875907	9
CDC42EP3	-0.578456328448346	0.376680474242945	0.905673456930873	9
CDC42EP4	-0.264708498468055	0.460133251351273	0.937747940696302	9
CDC42EP5	-0.524053596902608			9
CDC42SE1	0.352651880742056	0.268743446958769	0.848695964307358	9
CDC42SE2	0.47705020247865	0.409763448646708	0.915887078357671	9
CDC45	2.66442711483399	0.0213802399597007	0.301139047752998	9
CDC5L	0.0905356964796054	0.791442738910236	0.994052363875907	9
CDC6	3.33144204579017	0.00183548326324843	0.0801584865349412	9
CDC7	0.498624368074059	0.379557315897574	0.906881065731184	9
CDC73	-0.0349819276766945	0.912494588521774	0.998639733078915	9
CDCA2	3.47310870358356	0.00943084312734412	0.193815298019812	9
CDCA3	1.03168325677891	0.0619505507654943	0.500793671899467	9
CDCA4	0.708333403482833	0.139034103330791	0.702495653805487	9
CDCA5	2.61018077148075	0.00314521569793607	0.108014219859067	9
CDCA7	2.21222073448531	0.0192482692628286	0.283662328619266	9
CDCA7L	0.0515808722040724	0.951788989758129	0.998639733078915	9
CDCA8	3.35034315601314	0.00024650491212399	0.0261419755473383	9
CDCP1	1.73085180767693	0.018282349005937	0.276009288252775	9
CDCP2	0.613357828421287	0.761320637121593	0.992004541019998	9
CDH1	3.88926487407362	0.000159282679268906	0.0206068009368092	9
CDH10	1.74683050781116	0.103068993341798	0.624805507481841	9
CDH11	0.513397062490479	0.203050736005017	0.787490896356019	9
CDH12	-2.0884304440638	0.0903891012427736	0.591312486464214	9
CDH13	-0.558322938005684	0.5325540328201	0.95784961223136	9
CDH16	-2.00859427418685	0.261262468185398	0.843678462867405	9
CDH17	-0.216169120064397	0.819854061857514	0.995966406600323	9
CDH19	-6.09719002399618	2.15964906656693e-05	0.00605880645834129	9
CDH2	1.79916109214017	0.0209279535548765	0.297428100321628	9
CDH20	2.48376684732998	0.0179797705734361	0.272868832610563	9
CDH23	0.251719872890359	0.698924465519221	0.989276793964962	9
CDH24	-0.511015172972393	0.172311593528058	0.74938747148236	9
CDH26	-0.706733259542005	0.24180939134654	0.824224507214899	9
CDH3	-0.316841131659091	0.690316942044198	0.989171265391501	9
CDH4	1.04756195707787	0.454738077279785	0.934328774803787	9
CDH5	0.310584766258406	0.532959731916553	0.95784961223136	9
CDH6	-0.133123382311075	0.791285059738878	0.994052363875907	9
CDH8	0.0679509743159283	0.969607242126872	0.998639733078915	9
CDHR1	0.496468203395989	0.616117568532669	0.977025239540628	9
CDHR2	2.04300153540536	0.136862961504121	0.700497286672099	9
CDHR3	2.04195707056972	0.0111934072951978	0.213470135767979	9
CDHR4	1.9382253011733	0.0246426774950366	0.322636844508248	9
CDIN1	-0.13551858172628	0.720527541830293	0.990516044835733	9
CDIP1	-1.37591831540798			9
CDIPT	-0.591227459058952	0.103248835956463	0.62538205480236	9
CDK1	1.86298465234155	0.0266572426377566	0.336280910236917	9
CDK10	0.0665649641038823	0.887947082224788	0.998639733078915	9
CDK11A	-0.141722617637206	0.902601197806374	0.998639733078915	9
CDK11B	-0.211964694172942	0.252396786442472	0.838161746834043	9
CDK12	0.311047939217346	0.284423648914154	0.8612268238133	9
CDK13	0.0448889954069728	0.888469024699007	0.998639733078915	9
CDK14	0.224687502701375	0.49117519420947	0.944931536265188	9
CDK15	-1.68532120506087	0.0381272134047578	0.399856105133735	9
CDK16	0.341559003446602	0.322592365000624	0.885543112951723	9
CDK17	-0.421509072390863	0.406397923364168	0.915238409840383	9
CDK18	-0.462954810049036	0.258527323996538	0.842400186591788	9
CDK19	0.312089929350127	0.516144459387975	0.953680371468858	9
CDK2	0.869466661377987	0.0290185298442163	0.349667362473858	9
CDK20	0.300817571506422	0.469296996782838	0.939188868595478	9
CDK2AP1	-0.0959301648190439	0.838875721515253	0.998604146933345	9
CDK2AP2	0.10318306320628	0.866800837130751	0.998639733078915	9
CDK4	0.343627114127631	0.473348331569261	0.939899973963271	9
CDK5	0.0667010124752504	0.904837266905244	0.998639733078915	9
CDK5R1	0.32839135407437	0.530221188276069	0.957299775766752	9
CDK5RAP1	-0.104926650700737	0.740755008563438	0.991008075540888	9
CDK5RAP2	0.0308691047338426	0.90500661579023	0.998639733078915	9
CDK5RAP3	-0.214479183884184	0.788635386311417	0.994052363875907	9
CDK6	0.442037300292064	0.196113197704599	0.776926170509284	9
CDK7	0.200111197418393			9
CDK8	0.205737176331918	0.63030213042351	0.979238377916278	9
CDK9	-0.215047876471729	0.45825124587851	0.936616815343768	9
CDKAL1	-0.0207316558338682	0.949076701505019	0.998639733078915	9
CDKL1	-0.522172271262384	0.378643575751162	0.906447911395215	9
CDKL2	-1.08397788408363	0.196715103026757	0.778068991354716	9
CDKL3	0.117739387516105	0.846479832996196	0.998639733078915	9
CDKL5	-0.475127414438772	0.264995989493397	0.84593551057786	9
CDKN1A	1.76219816046563	0.0113209011629202	0.214807728357609	9
CDKN1B	-0.534200150251314	0.441331113422134	0.930204107515887	9
CDKN1C	-0.735892590895683			9
CDKN2A	3.7510940001818	0.000127996552760878	0.0186078040643192	9
CDKN2AIP	-0.0862981817453811	0.813475181279591	0.995936140923453	9
CDKN2AIPNL	-0.308105200462704	0.445904999920183	0.932585632008735	9
CDKN2B	1.3487065938407	0.121854986036408	0.671407782337969	9
CDKN2C	-0.370798561033767	0.477463207381293	0.940941389680967	9
CDKN2D	0.425313550222879	0.420434853392231	0.920640686978596	9
CDKN3	1.71838196076132	0.0576503024515458	0.484059223257831	9
CDNF	-0.9565365164572	0.0927868297189335	0.597205756282276	9
CDO1	0.236359181353989	0.592815670335527	0.971527934919808	9
CDON	-0.705169302571284	0.456149041752071	0.935968740261907	9
CDPF1	-0.695785896202651	0.0942253981625219	0.600544517390754	9
CDR2	-0.995711744206644			9
CDR2L	-0.481235862846365	0.322471095629893	0.885543112951723	9
FBXW10B	1.19257371092802	0.170174560894657	0.747758383259838	9
CDRT4	0.63276456230337	0.779626547575998	0.992930756580613	9
CDS1	1.99210226161576	0.0218563135183764	0.30609207195897	9
CDS2	-0.120365935801904	0.74777961773885	0.991008075540888	9
CDSN	-0.43512468565436	0.825382564438864	0.997459757021024	9
CDT1	2.91668699028616	0.00182717043483415	0.0801584865349412	9
CDV3	0.388436807461825	0.330879997446256	0.889730147622575	9
CDX1	1.0158803403463	0.47080120434075	0.939528895871055	9
CDYL	0.0897731586854283	0.820580941853703	0.996019676235714	9
CDYL2	0.125395692985068	0.692919448430976	0.989171265391501	9
CEACAM1	1.63410306814397	0.0176165442595335	0.271155171861287	9
CEACAM19	-0.276708544212488	0.612795300300893	0.975911270057349	9
CEACAM21	2.70401820665486	0.0498816805346868	0.455967715976924	9
CEBPA	-0.377563282256343	0.613765079292209	0.975911270057349	9
CEBPB	0.390443855719264	0.609674999237687	0.975328830748679	9
CEBPD	0.264591886188848	0.685803468479293	0.988298838057488	9
CEBPG	0.237159038638299	0.42881061223192	0.924317015813788	9
CEBPZ	0.146189297874643	0.839369725170888	0.998604146933345	9
CEBPZOS	-0.684491820617978	0.0958907112131826	0.606709473694192	9
CECR2	1.04541951993653	0.16796158134672	0.745200150964511	9
CEL	1.4455332517968	0.0394730772777882	0.404583214013907	9
CELA2B	0.942104315546408	0.313913709883689	0.879953262711861	9
CELF1	0.00206776468925019	0.989677901335927	0.999458538741689	9
CELF2	0.0799020900925279	0.906333556987068	0.998639733078915	9
CELF4	0.261182753174309	0.736017621397397	0.991008075540888	9
CELF5	-0.179858640296558	0.913495170176146	0.998639733078915	9
CELF6	-0.609994916113615	0.668250344774116	0.984380101516098	9
CELSR1	2.15121161491796	0.00307676306769736	0.10766099766837	9
CELSR2	1.42273563857353	0.0109598977201512	0.212203298143319	9
CELSR3	0.397882336154389	0.45009091825792	0.932585632008735	9
CEMIP	3.62759760570917			9
CEMIP2	1.57132850060213	0.00119233021971358	0.0627460965784995	9
CENATAC	0.49101125579043			9
CEND1	-2.41034872924312	0.000830206186158585	0.0512747845769325	9
CENPA	3.47306894520909	0.0722459882961012	0.535966237454422	9
CENPB	-0.368981081821437	0.32218953406394	0.885543112951723	9
CENPC	0.00243812528729351	0.995840650044151	0.999620666732609	9
CENPE	3.26160328284573	0.0035302734561504	0.11427711948736	9
CENPF	2.83951501797341	4.95472787507554e-05	0.0101578803005542	9
CENPH	0.583636306309684	0.424649669700077	0.922776261839354	9
CENPI	0.87406458047265	0.12284113561796	0.672991958789044	9
CPAP	0.315347930231149	0.372358350234145	0.905673456930873	9
CENPK	2.33580050698423	0.00963866176596482	0.195972846181001	9
CENPL	1.06790482583457	0.0682796176317791	0.523740570363296	9
CENPM	2.54301961497804	0.0502170883292073	0.456593762377694	9
CENPN	1.24735261333407	0.146998411907093	0.71554489855417	9
CENPO	0.278855741038608	0.703851609505084	0.989276793964962	9
CENPP	0.261110576104104	0.632507112061871	0.979380833016394	9
CENPQ	-0.0398297361078283	0.943419027166775	0.998639733078915	9
CENPS	-1.02476380395443	0.607251477519442	0.974885729870166	9
CENPT	-0.472843394375056	0.231600148206	0.808244559806673	9
CENPU	2.07003031361296	0.00392302656678459	0.119770219311371	9
CENPV	-0.810453933988988	0.346243487941135	0.899092963457163	9
CENPW	-0.841425921422874	0.105268236002503	0.62833175561381	9
CENPX	0.0786993634174891	0.888305138162751	0.998639733078915	9
CEP104	0.253980338407844	0.326631507821935	0.887816248726412	9
CEP112	0.329378833419303	0.586448005854943	0.971161794932015	9
CEP120	-0.0913475316300008	0.826437172583577	0.99746225363255	9
CEP126	-0.791155662958323	0.116415506736176	0.655631169375315	9
CEP128	0.33078434785377	0.459564175411125	0.937429300377919	9
CEP131	-0.116973444697158	0.713339553610233	0.989276793964962	9
CEP135	-0.255847690247685	0.668871630021921	0.984493894849006	9
CEP152	0.200518537600777	0.736344143046286	0.991008075540888	9
CEP162	0.129304807118161	0.815472626274163	0.995966406600323	9
CEP164	-0.232520648594078	0.372217899708411	0.905673456930873	9
CEP170	-0.0942377716394848			9
CEP170B	0.263325611945725	0.338469328307348	0.896211365785721	9
CEP19	0.720814515839388	0.140558073524368	0.706589561064769	9
CEP192	0.577722031117553	0.0869906167341979	0.583137372213213	9
CEP20	-0.42954031413094	0.719302022255823	0.989895315170446	9
CEP250	0.0192120872352955	0.934843867702329	0.998639733078915	9
CEP290	0.208103765689316	0.799771947957819	0.995590233849494	9
CEP295	-0.0869508488222302	0.883136927853171	0.998639733078915	9
CEP295NL	-0.797846205777175	0.47860875436783	0.941072442992838	9
CEP350	-0.0842023595018369	0.837365294924944	0.998604146933345	9
CEP41	0.196783970603705	0.57569383198936	0.968284112085412	9
CEP43	0.576616871301837	0.172732253178639	0.74938747148236	9
CEP44	-0.205054537084432	0.636846284539814	0.980691547015745	9
CEP55	2.91556538818161	0.000759202316139565	0.0501726725830077	9
CEP57	0.0280103026450225	0.942101921181641	0.998639733078915	9
CEP57L1	0.0257518652279248	0.938298755887773	0.998639733078915	9
CEP63	-0.133966611620119	0.770471427714046	0.992930756580613	9
CEP68	-0.245188766087092	0.559276653293586	0.964661425253286	9
CEP70	0.1664306882116	0.661023425417178	0.983171338937342	9
CEP72	0.240722007964394	0.66928546633351	0.984493894849006	9
CEP76	0.113731734850339	0.72481204755912	0.990984782893948	9
CEP78	0.0254677620558889	0.942844061835904	0.998639733078915	9
CEP83	-0.486801513594649	0.32336408161137	0.885547974781809	9
CEP85	1.12008666992452	0.013874261783099	0.237860601835452	9
CEP85L	-0.107360769401234	0.840248359451264	0.998604146933345	9
CEP89	-0.222955849488193	0.539507625321658	0.958979719874913	9
CEP95	0.10139844741065	0.817656577360763	0.995966406600323	9
CEP97	-0.0794130888451937	0.75788150273604	0.991890138420883	9
CEPT1	0.117727957257502	0.684273388010085	0.987733178214049	9
CER1	1.4662092228765	0.149137600700704	0.719243108817636	9
CERCAM	-0.30428909148823	0.598455331990794	0.973421394547229	9
CERK	0.0614471479622414	0.864470052286479	0.998639733078915	9
CERKL	1.9163482198957	0.180566204420311	0.757986365247268	9
CERS1	0.398004693293371	0.717929491717701	0.989276793964962	9
CERS2	-0.0709061633788428	0.902128084884564	0.998639733078915	9
CERS4	-0.415990808237264	0.221599866529287	0.80290516196338	9
CERS5	-0.474022302673505	0.122066840963683	0.671989492652503	9
CERS6	0.2046977110599	0.749378023294065	0.991008075540888	9
CERT1	0.143997152631869	0.681651769271425	0.987306006486237	9
CES1	-0.912815039043997	0.510521960792715	0.951538693830295	9
CES2	-0.428005388183464	0.337506893649425	0.895066341566505	9
CES3	2.33964322953193	0.0393177755183425	0.404184446816787	9
CES4A	0.459519238344316	0.454243293028463	0.934246237758554	9
CETN2	-0.140932590132159	0.7411766945654	0.991008075540888	9
CETN3	-0.107893433276426	0.826184546359071	0.99746225363255	9
CETP	0.519675321157877	0.563046802316432	0.964946561877165	9
CFAP100	0.928397051313888	0.282931027490021	0.8612268238133	9
CFAP126	0.821043696913725			9
CFAP157	2.42525850251692	0.00287997187818307	0.104450282294497	9
CFAP161	3.06298564475574	0.0154348308504032	0.250366525475606	9
CFAP20	0.509033142552225	0.0790879094688683	0.560718843261271	9
CFAP206	2.07526440334158	0.0955918537217805	0.60578806316954	9
CFAP20DC	0.59810168612004	0.39494944004219	0.913353694686467	9
CFAP221	2.27580819331416	0.00304836677289309	0.107528779908217	9
CFAP251	1.3088981982707	0.0623910210161342	0.501063036571903	9
CFAP298	-0.214525065295046	0.664048185546222	0.983348063468372	9
CFAP298-TCP10L	-1.13485675505125	0.186311320642715	0.765050614509348	9
CFAP299	2.7023945700783	0.287997264674283	0.863004415850258	9
CFAP300	0.154171892939354	0.770191032109899	0.992930756580613	9
CFAP36	-0.30825744726248	0.373972119399594	0.905673456930873	9
CFAP410	-0.425222620396012	0.552583371654943	0.962326940655805	9
CFAP43	2.18895764168499	0.0120455739641852	0.221528528633065	9
CFAP44	0.672511575824485	0.220145163497674	0.801612502064797	9
CFAP45	2.08820041608502	0.00717850426236415	0.167085976447912	9
CFAP46	1.58459229129644	0.0617031874438976	0.500793671899467	9
CFAP47	3.8879074007927	0.00987524715557932	0.198594718342652	9
CFAP52	3.54435858211489	0.000673373590881113	0.046885224410359	9
CFAP53	1.72408958650402	0.0149378261301466	0.246635138480758	9
CFAP54	0.437379519483988	0.515546995446025	0.953680371468858	9
CFAP57	1.49152126732009	0.0928923796778067	0.597205756282276	9
CFAP58	-0.457142688260157	0.426936536859512	0.923608338376662	9
CFAP61	2.38349214216871	0.0523334613985847	0.468746494966328	9
CFAP65	2.68540331547206	0.0237389371493279	0.316666912389794	9
CFAP69	-0.00145699196448181	0.997485318397384	0.999620666732609	9
CFAP70	1.12548279823284	0.0701932332995513	0.529173808342532	9
CFAP73	3.67942080338712	0.0054528534717611	0.143954356746027	9
CFAP74	2.63129154826417	0.00192712830296765	0.0813275058732935	9
CFAP77	2.35902656684763	0.108937895612158	0.637509636263216	9
CFAP91	-0.434792733667934	0.422518143116504	0.922252790777094	9
CFAP92	0.58148720647355	0.286968480946105	0.862232237237917	9
CFAP97	-0.0256532596667026	0.960901027861513	0.998639733078915	9
CFAP99	2.80980472561783	0.0159688202915003	0.256212778611778	9
CFB	-0.915334249987988	0.469204571958975	0.939188868595478	9
CFD	-6.14663073116334			9
CFDP1	-0.354012790214051	0.266211303821061	0.847767249375861	9
CFH	1.00880207137316	0.144190709909202	0.711869112393627	9
CFI	1.0416966602293	0.126983795713876	0.679443938788914	9
CFL1	0.0832195409707186	0.838783275443359	0.998604146933345	9
CFL2	-0.427508301308237	0.570072136126935	0.966759950597664	9
CFLAR	-0.115860980869282	0.771369670478463	0.992930756580613	9
CFP	0.0722811745813129	0.91739890084866	0.998639733078915	9
CFTR	0.545413497698855	0.664442957142989	0.98363679574643	9
CGAS	0.356091180552372	0.479977471848298	0.941122155738687	9
CGGBP1	-0.00889735266751241	0.978963259387297	0.998639733078915	9
CGN	2.25277099613463	0.00315927658183335	0.108199725346733	9
CGNL1	0.327761887111719	0.403152967561457	0.915238409840383	9
CGREF1	-0.151729804977169	0.861816320403122	0.998639733078915	9
CGRRF1	-0.388366783330322	0.2378359513285	0.816630955468711	9
CH25H	1.02594326217533	0.263907268565687	0.84593551057786	9
CHAC1	2.06118403581807	0.0404339778287484	0.409456726745706	9
CHAC2	1.16935622446	0.189587516969391	0.766712695338405	9
CHAD	0.275416682124907	0.768801187932717	0.992930756580613	9
CHADL	-0.171627250287256	0.757887181832522	0.991890138420883	9
CHAF1A	0.827157181634858	0.0815773975250015	0.56853822703803	9
CHAF1B	1.233670209334	0.0650122160128943	0.509907184147892	9
CHAMP1	0.407134257074584	0.417360241466903	0.919780432363111	9
CHCHD1	-0.152971084384095	0.75907104295888	0.991955190535962	9
CHCHD10	0.515954161324663			9
CHCHD2	-0.319290513191149	0.43778016850362	0.928941789266548	9
CHCHD3	0.117724760866926	0.630252626719904	0.979238377916278	9
CHCHD4	0.0558814878722663	0.836494926055157	0.998604146933345	9
CHCHD5	-0.476267576682832	0.436741985524938	0.928257515958762	9
CHCHD6	-0.592918719013605	0.295544675814949	0.870082505129096	9
CHCHD7	-0.248612491706186	0.333081022139294	0.891332918656067	9
CHD1	0.087139257029343	0.844896387603296	0.998639733078915	9
CHD1L	0.199295298065649	0.83542753762763	0.998583230449241	9
CHD2	0.164133907774763	0.637830055281852	0.980691547015745	9
CHD3	-0.322066104144978	0.119314783243295	0.664398365736216	9
CHD4	0.229832072914987	0.747970733011822	0.991008075540888	9
CHD5	1.5825335457009	0.109477918218415	0.638078241044252	9
CHD6	0.1636824876052	0.671619712725598	0.985298616459508	9
CHD7	0.588954866667732	0.163276123113184	0.73994607886052	9
CHD8	0.104936106617917	0.702085677352076	0.989276793964962	9
CHD9	-0.0731512276057963	0.879134395514408	0.998639733078915	9
CHDH	0.00763100480425061	0.990588606584303	0.999458538741689	9
CHEK1	1.80818657135772	0.00692790318963594	0.164140966290313	9
CHEK2	0.544243261697073	0.363719078323717	0.90239123320911	9
CHERP	0.17470736364986	0.691315895173023	0.989171265391501	9
CHFR	0.0534638364998598	0.865159055326823	0.998639733078915	9
CHGB	2.08933034816881	0.0836365004497387	0.573808586718204	9
CHI3L1	1.52650047030643	0.201051990483701	0.78490569466541	9
CHI3L2	-1.30293201218033	0.336811582242663	0.89460168471775	9
CHIA	7.85779245448355	0.00134497710636857	0.0678031092606641	9
CHIC1	-0.15408817549387	0.703017429702391	0.989276793964962	9
CHIC2	0.138413122050121	0.605995354945214	0.974885729870166	9
CHID1	-0.0677224203578619	0.874282044765645	0.998639733078915	9
CHKA	0.171591329750546	0.691307704626606	0.989171265391501	9
CHKB	0.128665598900511	0.940650923713739	0.998639733078915	9
CHL1	0.421708919770139	0.705133011221015	0.989276793964962	9
CHM	-0.274856756286921	0.502676846070772	0.949352252865382	9
CHML	0.71419522226498			9
CHMP1A	-0.212063019791329	0.516256483017866	0.953680371468858	9
CHMP1B	0.36524164146842	0.364848202763921	0.90239123320911	9
CHMP2A	-0.366993215115809	0.368189599991302	0.902670603071424	9
CHMP2B	-0.0699312564351486	0.864268063188064	0.998639733078915	9
CHMP3	-1.33473505162669			9
CHMP4A	0.519793484378939	0.598324788499076	0.973420238699754	9
CHMP4B	-0.224345773604998	0.431182024799769	0.925165050575986	9
CHMP4C	2.44578708404033	0.00463782467710624	0.131005782864226	9
CHMP5	0.0634860792442752	0.844695038223676	0.998639733078915	9
CHMP6	-0.567847880804772	0.214540538607477	0.796487145469055	9
CHMP7	-0.0470721105456116	0.809329731745937	0.995936140923453	9
CHN1	0.651775562832249	0.00662839242315642	0.160659606827934	9
CHN2	1.02454087483625	0.41006729447975	0.91601809761032	9
CHODL	1.66036728913019	0.0982849588473215	0.611980350722711	9
CHORDC1	-0.21393154945262			9
CHP1	0.248693426075694	0.41307625688952	0.91719471148147	9
CHPF	-0.73863463105758	0.222065402211431	0.803797383538111	9
CHPF2	0.25757818740533	0.445980277968958	0.932585632008735	9
CHPT1	-0.67404754995118	0.0344987566940328	0.37917806966539	9
CHRAC1	-0.314747620206277	0.239069382115372	0.819000269223127	9
CHRD	-1.2652886083866	0.0239106746961837	0.317682690540384	9
CHRDL1	-0.755549642898332	0.525083912186444	0.95640399400448	9
CHRDL2	-1.16049756530835	0.314736174354136	0.880630245192925	9
CHRFAM7A	1.07380659868683			9
CHRM2	-1.06835276358412	0.302103437598586	0.874342355309609	9
CHRM3	-0.238989338483904	0.812311809435433	0.995936140923453	9
CHRM5	0.152204048440172	0.902551164570479	0.998639733078915	9
CHRNA10	-0.337116082336137	0.576377750807571	0.968284112085412	9
CHRNA3	1.64516555247424	0.0592743160503816	0.489618455075368	9
CHRNA5	-0.320932042036868	0.755007055300525	0.991635620289248	9
CHRNA6	1.48227737530585	0.400382293961843	0.914774925977681	9
CHRNA7	-0.812258262167494	0.771867464697063	0.992930756580613	9
CHRNB1	-1.45754956154286			9
CHRNB2	0.726948398845478	0.465826077476876	0.939056634854966	9
CHRNB4	0.250108256582189	0.836675097929778	0.998604146933345	9
CHRNE	2.14610169622143	0.00185522545149845	0.0805965351778386	9
CHST1	0.182079964910064	0.746073095362226	0.991008075540888	9
CHST10	0.0773140183776788	0.796537196290419	0.995207410788884	9
CHST11	-0.902214356170847	0.0500888589077987	0.456593762377694	9
CHST12	-0.579628195765308	0.150525549650541	0.72170459047022	9
CHST14	-0.0438285533681461	0.909517490088555	0.998639733078915	9
CHST15	0.372729920406003	0.257328964726326	0.840547211401925	9
CHST2	-0.23654036133831	0.635583317072576	0.980691547015745	9
CHST3	0.246083527221152	0.652213571519583	0.981292533915803	9
CHST5	0.511102373376048	0.648976185127109	0.980806539230189	9
CHST6	4.00778521531381	0.0011944755191761	0.0627460965784995	9
CHST7	-0.479247937648011	0.288933968252082	0.864162235859182	9
CHST8	-1.52773344424923	0.0645321964247831	0.508166225959952	9
CHST9	2.66706886984778	0.103973302453434	0.627452950742085	9
CHSY1	1.040799655122	0.000848839054206256	0.0513512839308957	9
CHSY3	0.627101171705463	0.184968543023912	0.763792369190164	9
CHTF18	0.249649743712182	0.564403699632436	0.965041713262426	9
CHTOP	-0.037673561967302	0.917923482843951	0.998639733078915	9
CHUK	-0.0119905796457223	0.972981867331722	0.998639733078915	9
CHURC1	-0.191400690623501	0.722683112048384	0.990516044835733	9
CIAO1	-0.110495064875652	0.439722860707168	0.929222566107751	9
CIAO2A	0.726579615189449	0.0989180634715798	0.612684611839	9
CIAO2B	-0.432315167370182	0.376295677702344	0.905673456930873	9
CIAO3	-0.387061986005795	0.31504978356446	0.880630245192925	9
CIAPIN1	0.219123187943825	0.515261638324225	0.953680371468858	9
CIART	-0.850800547172896	0.039855640005219	0.406612272915867	9
CIB1	-0.0231083169807185	0.963489397060388	0.998639733078915	9
CIB2	-1.20590348002036	0.0332216155783921	0.37166960529843	9
CIBAR1	0.479673235920474	0.316594224991495	0.881911182317315	9
CIBAR2	3.26984065657045	0.023746561361282	0.316666912389794	9
CIC	-0.245704557740362	0.547386281583631	0.960668683051641	9
CIDEC	-1.51787575894265	0.45669190338858	0.936230722336266	9
CIITA	-0.586673666303117	0.17665645060431	0.751250158017082	9
CILK1	-0.0995057887619638	0.786766244345223	0.994052363875907	9
CILP	-1.3614659874793	0.0804299902989363	0.565077147454831	9
CILP2	1.83221252249034	0.0184121198333797	0.277327858020936	9
CINP	-0.123821921828548	0.778428926691594	0.992930756580613	9
CIP2A	0.383620419331467	0.492838328850864	0.945530063911015	9
CIPC	0.493748084849635	0.258952630404979	0.842792685728616	9
CIRSR	-0.458384705587563	0.431463736072427	0.925165050575986	9
CIRBP	-0.626282324601017	0.0430403603510113	0.420740900093562	9
CISD1	0.0198940261844253	0.946984724315165	0.998639733078915	9
CISD2	-0.427095245971913	0.446560679936548	0.932585632008735	9
CISD3	-1.04356591992119			9
CISH	0.934596834635861	0.116646837480282	0.65581733311901	9
CIT	2.09646907816318	0.00484988722059931	0.132905455493897	9
CITED1	-1.19849533211744	0.329501714442532	0.888350005952175	9
CITED2	0.195150814712379			9
CITED4	-0.471739390291369	0.546936809673325	0.960668683051641	9
CIZ1	-0.334018260776747	0.326936462731812	0.887903506431062	9
CKAP2	1.40827665552813	0.00520862211311947	0.140556619765551	9
CKAP2L	3.64582368009839	0.0174187971136465	0.270082840540479	9
CKAP4	0.200449717805213	0.602444365072411	0.974057468095769	9
CKAP5	0.226870935253138	0.400113636326808	0.914774925977681	9
CKB	-1.07363468281757	0.268795216607542	0.848695964307358	9
CKLF	-1.0753185698062	0.344433299326099	0.899092963457163	9
CKM	2.54233171679666	0.0745484173650641	0.542880757326271	9
CKMT1B	0.672418083774948	0.691529311309531	0.989171265391501	9
CKMT2	0.0646331121114713	0.854874235536042	0.998639733078915	9
CKS1B	0.289658657602008	0.438613785067428	0.928941789266548	9
CKS2	2.33307068790256	0.00391194289474974	0.119770219311371	9
CLASP1	0.213490591492266	0.451343922786448	0.933085210672351	9
CLASP2	0.0853408418207817	0.792135277698215	0.994052363875907	9
CLASRP	-0.423626162596759	0.269666962562187	0.849094290610162	9
CLBA1	-0.216167689480504	0.648256215550294	0.980691547015745	9
CLCC1	0.152549763935549	0.636756629913763	0.980691547015745	9
CLCF1	0.632624234283458	0.305229996403831	0.87578680388204	9
CLCN1	-0.524846434839235	0.710112618352461	0.989276793964962	9
CLCN2	-0.427387928116491	0.254956062472642	0.840547211401925	9
CLCN3	0.412629481107353	0.214273147446522	0.795739159677259	9
CLCN4	0.300579180961174	0.607928080290114	0.975199423069832	9
CLCN5	-0.0767059333581431	0.814058000621776	0.995936140923453	9
CLCN6	-0.450802960084841	0.155617526649209	0.727862257442023	9
CLCN7	-0.289278909020248	0.457622273716466	0.936515720210776	9
CLCNKA	-0.389990113538406	0.684673547776436	0.987827801654576	9
CLCNKB	-2.24973932899414	0.0438629973445494	0.424565051674028	9
CLDN1	1.50428217529446	0.0720736187853894	0.535689167618899	9
CLDN10	1.09877180851844	0.186316026826241	0.765050614509348	9
CLDN11	-2.12641488981295	0.0255925570976021	0.329069455851659	9
CLDN12	0.0357229133796794	0.914138638721817	0.998639733078915	9
CLDN15	-0.67539446633561	0.0373259574299886	0.396345624556668	9
CLDN18	-1.31363226191108	0.0313802566928894	0.364040373732223	9
CLDN20	-0.925063817923463	0.245427226014782	0.829764380028446	9
CLDN23	1.09558758841738	0.41504118137	0.919055337264113	9
CLDN3	3.67470261720504	0.00173033379681471	0.0781295383847917	9
CLDN4	3.73120899863199	0.000118997287464966	0.018321092037152	9
CLDN5	-1.27546083057735	0.0194327122437965	0.284902483584845	9
CLDN7	4.60683348480327			9
CLDND1	-0.183981603199855	0.547241186848983	0.960668683051641	9
CLDND2	-1.57501714242827	0.0962276307051804	0.607794632793824	9
CLEC10A	0.42975391000083	0.518904600229822	0.953758404613893	9
CLEC11A	0.134897233668546	0.817931162292946	0.995966406600323	9
CLEC12A	-0.313024673736881	0.698892720435618	0.989276793964962	9
CLEC14A	-0.642981948211624	0.163048380921664	0.73994607886052	9
CLEC16A	0.354451505255032	0.144043637314184	0.711869112393627	9
CLEC18A	0.51340659799901	0.577322188815106	0.968502424036797	9
CLEC18B	1.62091610859246	0.197043192286763	0.778521028197247	9
CLEC1A	-0.672581279793087	0.135111353563542	0.697091468001202	9
CLEC20A	-0.84287642380466	0.590128693582791	0.971187979266693	9
CLEC2B	-0.708374819391761	0.230060010471616	0.808244559806673	9
CLEC2D	-0.648637932283876	0.150371794078345	0.721659461536377	9
CLEC2L	-1.55461375808414	0.0390926100624105	0.40302838747555	9
CLEC3B	-2.24729310951761	0.0169395232576251	0.266690207026656	9
CLEC4A	-0.173044956148061	0.886457365949158	0.998639733078915	9
CLEC4E	0.644258907328658	0.497785833951355	0.948071543250266	9
CLEC4F	-0.780045461992304	0.40497540035467	0.915238409840383	9
CLEC4M	-0.174302674227074	0.857838861082474	0.998639733078915	9
CLEC5A	-0.464701075364617	0.685619753046248	0.988293730694743	9
CLEC7A	-0.835596025442846	0.164672839446969	0.741226976760448	9
CLEC9A	-0.693467904401985	0.514910487858406	0.953680371468858	9
CLGN	-0.338850164049588	0.714581762995831	0.989276793964962	9
CLHC1	0.218483666032366	0.571655591130874	0.967091069559004	9
CLIC1	-1.16757857435433			9
CLIC2	-0.225327322596437	0.639094066943572	0.980691547015745	9
CLIC3	-0.0451221983669617	0.964435844098516	0.998639733078915	9
CLIC4	-0.530370680091105	0.377288132088074	0.905673456930873	9
CLIC5	2.43964255644	0.00117495659011824	0.0626120369196224	9
CLIC6	2.06575675643538	0.0337312195344885	0.373936231569135	9
CLINT1	0.14126709003049	0.715127813994573	0.989276793964962	9
CLIP1	0.1180975921829	0.859818542099484	0.998639733078915	9
CLIP2	-0.263378494666984	0.533971649933377	0.95784961223136	9
CLIP3	-0.968856031692817	0.0451727648363268	0.432422296854099	9
CLIP4	-0.774276861086798	0.143176081617784	0.711350434453083	9
CLK1	0.00791156404743753	0.985025007129026	0.999450063572839	9
CLK2	0.122868231161995			9
CLK3	-0.246036997831654	0.45889293721491	0.936890545813179	9
CLK4	-0.0751191254497609	0.858041491492531	0.998639733078915	9
CLMN	0.619631712198905	0.153302086903522	0.724490919122178	9
CLMP	-0.260733033296674	0.533479598895057	0.95784961223136	9
CLN3	-0.423643843308644	0.647898141556176	0.980691547015745	9
CLN5	-0.29065457054224	0.565093901509821	0.965041713262426	9
CLN6	-0.204296651906535	0.745721148250139	0.991008075540888	9
CLN8	0.0881282863453715			9
CLNK	0.0122421870487041	0.987129930878756	0.999458538741689	9
CLNS1A	0.186851754090525	0.363021582590487	0.90181110410942	9
CLOCK	0.094048790445782	0.82303210100095	0.996895469200737	9
CLP1	0.0311705273394037	0.943969864074843	0.998639733078915	9
CLPB	-0.37369187625895	0.397384107439591	0.914438028200431	9
CLPP	-0.437493374559278	0.294488385365831	0.869965782411697	9
CLPTM1	-0.345939750759429	0.384286921754024	0.910507103051549	9
CLPTM1L	-0.388480200345777	0.592470600980789	0.971527934919808	9
CLPX	-0.0705638415035326	0.814083086033512	0.995936140923453	9
CLSPN	3.20430600424914	0.00308838926511894	0.10766099766837	9
CLSTN1	-0.330463912431455	0.413275987984816	0.91719471148147	9
CLSTN2	0.400214192741332	0.516812115643243	0.953680371468858	9
CLSTN3	0.389791716772653			9
CLTA	-0.323639149845953	0.273502050844159	0.852564368485894	9
CLTB	-1.11471303782677	0.0638168107750546	0.505364776743874	9
CLTC	0.161345635201699	0.463320778248768	0.938145131375866	9
CLTCL1	-1.02620101528524	0.0488253133851109	0.451302226391315	9
CLTRN	-0.0554132856368274	0.942695534302671	0.998639733078915	9
CLU	-0.965204734001157	0.207186075631656	0.791478691097016	9
CLUAP1	-0.0846367258034083	0.692613257350223	0.989171265391501	9
CLUH	0.0883022237861709	0.642642517086215	0.980691547015745	9
CLUL1	-0.405113557726677	0.776611917940596	0.992930756580613	9
CLVS2	0.366624760079695	0.782025488008294	0.993751208175834	9
CLYBL	-0.121388203584111	0.813599656864679	0.995936140923453	9
CMA1	0.492776280114752	0.799395079653258	0.995590233849494	9
CMAS	-0.125061197826747	0.657975214695384	0.982975949819678	9
CMBL	0.394209999656469	0.3917589951355	0.912807186165296	9
CMC1	-0.311912432191584	0.508365907526634	0.951538693830295	9
CMC2	0.134997202782972	0.749720900768614	0.991008075540888	9
CMC4	-1.55321897565896	0.287630039308015	0.862773218903801	9
CMIP	0.326736748970935	0.311706629595174	0.878197198925416	9
CMKLR1	-0.69693036406343	0.280459506315955	0.860827281635593	9
CMPK1	0.0699280150689995	0.762452550406481	0.992456322270546	9
CMPK2	0.0713700302920609	0.90761320031313	0.998639733078915	9
CMSS1	-0.41812578330088	0.377126723360972	0.905673456930873	9
CMTM1	0.369743019681651	0.637966723593449	0.980691547015745	9
CMTM3	-0.0277944812846979	0.946843351418424	0.998639733078915	9
CMTM4	0.287790217638447	0.500272419415706	0.94888930167018	9
CMTM5	-2.13983143969003	0.025914239281372	0.331186221673015	9
CMTM6	1.12080283469585	0.0283082658167434	0.347009484501774	9
CMTM7	0.709271419926183	0.227620794610499	0.808244559806673	9
CMTM8	1.24462864150846	0.0299964841872377	0.356494253586697	9
CMTR1	0.00892742318904113	0.967037253193075	0.998639733078915	9
CMTR2	-0.0480472208628046			9
CMYA5	-1.04239956917125	0.160291716552935	0.735488351892409	9
CNBP	-0.385192796509687	0.0940348905879924	0.600367223170136	9
CNDP2	1.40640066613655	0.00699882901564706	0.164501977880628	9
CNEP1R1	0.26891986240533	0.430501400888792	0.924578958026984	9
CNFN	1.08906342008035	0.391455629837313	0.912807186165296	9
CNGA1	1.86732754307666	0.0737608330452282	0.541372976745903	9
CNGA4	1.83285972472911	0.0931391827040614	0.598139728460491	9
CNGB3	-0.216441494604577	0.918368323635934	0.998639733078915	9
CNIH1	-0.237021349813983	0.541104842921452	0.958992746552915	9
CNIH2	0.37633298746511	0.604893035577527	0.974337199711903	9
CNIH3	-0.370481078795015	0.423597109480533	0.922501760555054	9
CNIH4	-0.22224612729943	0.399196746111133	0.914438028200431	9
CNKSR1	1.22874016043712	0.0980907424601916	0.611980350722711	9
CNKSR2	1.95337293778503	0.0493132643099344	0.452963966695048	9
CNKSR3	-0.164974654805812	0.744916401837652	0.991008075540888	9
CNN1	-1.18772865884579	0.327189817782874	0.887903506431062	9
CNN2	-0.651628226065424	0.164290462547408	0.740954719424884	9
CNN3	-0.57531946080752	0.21072169820116	0.794171927467666	9
CNNM1	-0.118096083104122	0.867785223687369	0.998639733078915	9
CNNM2	-0.374752960422522	0.30724536363947	0.876432473153517	9
CNNM3	-0.210633299592732	0.594365015533473	0.972232047239538	9
CNNM4	0.572678970883368	0.168792899527605	0.746130582121962	9
CNOT1	0.575647066627384	0.327183429930454	0.887903506431062	9
CNOT10	0.0915539971463802	0.743691747710793	0.991008075540888	9
CNOT11	0.552258243749224	0.127774085735777	0.68163110934073	9
CNOT2	-0.228588278059554	0.419222302537324	0.919802243544293	9
CNOT3	0.0171208168272908			9
CNOT4	0.129953936362129	0.576970261540752	0.968462364180468	9
CNOT6	0.479648001176642	0.146184794526997	0.714277971536908	9
CNOT6L	-0.0711033485461491	0.79445376784656	0.994714385280344	9
CNOT7	0.220694754025668	0.753173062352485	0.991008075540888	9
CNOT8	0.357534204790053	0.0497093699205115	0.455568189486064	9
CNOT9	0.256178894219127	0.324894541511258	0.886080378644328	9
CNP	0.0643930340236799	0.851917652204191	0.998639733078915	9
CNPPD1	-0.115227954169804	0.713612624790045	0.989276793964962	9
CNPY2	0.355896097573086	0.659098636205659	0.982975949819678	9
CNPY3	-0.587337549225435	0.31187379419777	0.878197198925416	9
CNPY4	-0.102674829248729	0.768528624840355	0.992930756580613	9
CNR1	-2.80646348213553	0.0030522700888519	0.107528779908217	9
CNRIP1	-0.374964970404921	0.175652626472221	0.751250158017082	9
CNST	-0.0357525491067656	0.923793924795662	0.998639733078915	9
CNTD1	0.183970037405466	0.70713170143366	0.989276793964962	9
CNTFR	1.86258744938709	0.061753247897602	0.500793671899467	9
CNTLN	0.0882399463574217	0.826888886624534	0.99746225363255	9
CNTN1	-0.0960115683363819	0.854903080892706	0.998639733078915	9
CNTN3	1.07734532294656	0.161642536478478	0.738443385610612	9
CNTN4	-0.473375826685271	0.471224390937542	0.939528895871055	9
CNTN5	0.0943130606206443	0.950267210435803	0.998639733078915	9
CNTNAP1	-0.220687865372097	0.65462776296896	0.982654069775495	9
CNTNAP2	2.33416750378188	0.232182660612054	0.808244559806673	9
CNTNAP3	1.32005486690057	0.137298917869184	0.701162949313771	9
CNTNAP3B	0.644891241179175	0.562189857417577	0.964946561877165	9
CNTRL	0.169735113162897	0.73657567251863	0.991008075540888	9
CNTROB	-0.527624866662269	0.114332017080706	0.648848482940523	9
COA1	0.390663647510269	0.216397792495554	0.79876164416776	9
COA3	-0.489607729987266	0.355298304809334	0.899926179335231	9
COA4	0.159599416485119	0.630274811767868	0.979238377916278	9
COA5	-0.163897286924571	0.612019313076406	0.975769461971015	9
COA6	0.279850036152809	0.687652390614495	0.989171265391501	9
COA7	0.134638763699186	0.678708125438754	0.986743882557021	9
COA8	0.0389724193604704	0.938469882103727	0.998639733078915	9
COASY	0.00935426770818195	0.977936633082514	0.998639733078915	9
COBL	3.79012510786966	9.01106069986164e-06	0.0039424808746352	9
COBLL1	-0.126221933924002	0.835478822305273	0.998583230449241	9
COCH	1.0367353110859	0.260229289987404	0.842792685728616	9
COG1	-0.119893385251647	0.703255977811377	0.989276793964962	9
COG2	-0.18456275733807	0.607999834743808	0.975199423069832	9
COG3	0.241523536132431	0.360039635876715	0.901129021301342	9
COG4	0.0461287329126168	0.894398206406046	0.998639733078915	9
COG5	-0.793185180995615			9
COG6	-0.131327449610933	0.725039276992013	0.990984782893948	9
COG7	0.0275303740648657	0.925660532269921	0.998639733078915	9
COG8	0.512473537489604	0.332897978839799	0.891193655946101	9
COIL	0.0518715431587964	0.856858721569405	0.998639733078915	9
COL10A1	-0.0487860797294435	0.968056573520154	0.998639733078915	9
COL11A1	2.89168915240763	0.00355657817853795	0.114625874439735	9
COL11A2	0.846132263060604			9
COL12A1	-0.811498784621354	0.197412838046691	0.77914730010888	9
COL13A1	0.0241710528733785	0.965289476571754	0.998639733078915	9
COL14A1	0.801173965010187	0.159775960904308	0.734263063172008	9
COL15A1	0.250615460417058	0.546899758631259	0.960668683051641	9
COL16A1	-0.271715861460797	0.453240082694178	0.934193719686379	9
COL17A1	0.855628853038244	0.333811421959661	0.892158319671656	9
COL18A1	-1.36862711032534	0.0428355990268798	0.420130416767955	9
COL1A1	0.840791645282747	0.12437727365025	0.675776875123707	9
COL1A2	0.992267434820739	0.0545338802891301	0.474755607289807	9
COL21A1	0.605390993530687	0.282092700771656	0.8612268238133	9
COL22A1	-0.598479131888979	0.552374341199885	0.96218995166999	9
COL23A1	-0.195667846847466	0.838414969677608	0.998604146933345	9
COL24A1	-0.809583865871131	0.167224193112351	0.744093812633141	9
COL25A1	-1.0740727952709	0.0705393896002371	0.530158823772454	9
COL26A1	2.31410664484604	0.0374867670483605	0.396930524189423	9
COL27A1	0.538514612591198	0.309580047231365	0.877235807280418	9
COL28A1	-0.290565201984737	0.686355610252283	0.988781342680563	9
COL2A1	1.37687517315244	0.208215868011525	0.792178019421267	9
COL3A1	0.757411058329815	0.0833176225364448	0.573514755318627	9
COL4A1	0.461966426863562	0.258973835084222	0.842792685728616	9
COL4A2	-0.163324276797265	0.705655253114798	0.989276793964962	9
COL4A3	-0.58240937773214	0.493321319609746	0.945530063911015	9
COL4A4	0.439260389154994	0.646984741445655	0.980691547015745	9
COL4A5	-0.747952856748447	0.241727313771894	0.824224507214899	9
COL4A6	-0.612281333744806	0.55800731800463	0.96370024816501	9
COL5A1	0.181418182573055	0.66688122824631	0.984088154568007	9
COL5A2	0.383239576333725	0.258705309494488	0.842433062750525	9
COL5A3	-0.507227385147751	0.281852936513366	0.8612268238133	9
COL6A1	-0.917263464002641	0.0549478989357363	0.475431381119814	9
COL6A2	-1.6229907943405	0.017593644763021	0.271085376145044	9
COL6A3	-0.238276801605856	0.646021299961412	0.980691547015745	9
COL6A6	0.504782871690055	0.272189925927609	0.851408242555084	9
COL7A1	0.777344195974594	0.34521539138315	0.899092963457163	9
COL8A1	-0.122888713686977	0.897608579854524	0.998639733078915	9
COL8A2	0.119663951000325	0.88794497082639	0.998639733078915	9
COL9A1	3.49793775112836	0.0221219474285191	0.307261774095694	9
COL9A2	0.299781446260112	0.701533974328652	0.989276793964962	9
COL9A3	1.29268831944872	0.00914309750684201	0.190807180297237	9
POU2AF3	0.0473289836659333	0.917652447551509	0.998639733078915	9
COLEC10	0.0984870963836562	0.949270570438665	0.998639733078915	9
COLEC11	0.00401385109258691	0.993484354297163	0.999620666732609	9
COLEC12	-1.00257532513144			9
COLGALT1	0.0171933915058117	0.962467096509518	0.998639733078915	9
COLGALT2	-0.25311133751893	0.651008271756047	0.981292533915803	9
COLQ	-0.615329715623598	0.112036429552066	0.64449489779145	9
COMMD1	-0.770653359991241	0.176225260548901	0.751250158017082	9
COMMD10	0.0982994064591623	0.752086630523625	0.991008075540888	9
COMMD2	-0.0648597334768291	0.785902596738993	0.994052363875907	9
COMMD3	-0.171319086396337	0.807062693942641	0.995590233849494	9
COMMD4	-0.400646788105381	0.30079995729362	0.874342355309609	9
COMMD5	-0.356527131138283	0.38144437068972	0.907706006085918	9
COMMD6	-0.645384036603615	0.133861608718711	0.693552546962756	9
COMMD7	-0.40252924594879	0.314188101353221	0.880024774966773	9
COMMD8	-0.292467055712146	0.516874019161876	0.953680371468858	9
COMMD9	-0.0166640141847641	0.964718246621779	0.998639733078915	9
COMP	2.48692335380594	0.170260546449178	0.747758383259838	9
COMT	-0.741461901290865	0.0738465235472336	0.541372976745903	9
COMTD1	-0.871408809224789	0.253702122371648	0.839098594740734	9
COP1	-0.137058362263833	0.621074976266682	0.978573777801597	9
COPA	0.320477659642737	0.204694475355994	0.788079069047948	9
COPB1	0.299070676565114	0.304145286334514	0.875053234265414	9
COPB2	0.199383232262402	0.385044994629826	0.910863010956818	9
COPE	-0.678280353376666	0.320200766679155	0.884742116921954	9
COPG1	0.278361003902179	0.310885310285263	0.877937271278944	9
COPG2	0.0765092457344182	0.846441916358698	0.998639733078915	9
COPRS	-0.149237417772121	0.709435902900134	0.989276793964962	9
COPS2	-0.195335707949998	0.65089238565585	0.981292533915803	9
COPS3	-0.112364361992448	0.675776424861698	0.985298616459508	9
COPS4	-0.233349446797633	0.350267324374634	0.899092963457163	9
COPS5	0.0959149903887391	0.665167900849869	0.983920571644946	9
COPS6	-0.44748855892031	0.234812615444398	0.812677377860435	9
COPS7A	-0.134937877929567	0.642484718452899	0.980691547015745	9
COPS7B	-0.195185590260104	0.431020894469035	0.925165050575986	9
COPS8	-0.288678954555433	0.109918914207001	0.638938478617296	9
COPS9	-0.446530423321407	0.48713246297585	0.944013070233436	9
COPZ1	0.201418264071422	0.527358636601474	0.957268202462574	9
COPZ2	-1.17597621578186	0.0700537059623204	0.529173808342532	9
COQ10A	0.00689478251363533	0.984187248408534	0.999393214781001	9
COQ10B	0.0280864357663194	0.944448599939954	0.998639733078915	9
COQ2	0.0688832499615971	0.845042868364874	0.998639733078915	9
COQ3	-0.326283564655711	0.498257363652308	0.948182083625366	9
COQ4	-0.249307640978721	0.640423136366503	0.980691547015745	9
COQ5	-0.00136000402464096	0.997329125602577	0.999620666732609	9
COQ6	-0.671368132304588	0.186949422714226	0.765079182510763	9
COQ7	-0.503235939209187	0.00796415496587863	0.177585094488468	9
COQ8A	-0.450466125921508	0.701077876201073	0.989276793964962	9
COQ8B	-0.281331311349579	0.18075013478138	0.758400437608854	9
COQ9	-0.0116252861006782	0.969757648172993	0.998639733078915	9
CORIN	-2.17067996905135	0.0582266750139694	0.486408573786759	9
CORO1A	-0.725738287802288	0.17915162443618	0.75589429032331	9
CORO1B	-0.39270089883634	0.251894323854982	0.838161746834043	9
CORO1C	-0.103029332282917	0.863832943068714	0.998639733078915	9
CORO2A	1.26392077323371	0.0180165544096534	0.272868832610563	9
CORO2B	0.160910128873423	0.704350097986288	0.989276793964962	9
CORO6	-0.364760163442898	0.636606336261837	0.980691547015745	9
CORO7	1.14477513885392			9
CORT	0.179456481871922	0.885987890441942	0.998639733078915	9
COTL1	0.338765332284858	0.401138246013527	0.914991131944397	9
COX10	0.439595268716657	0.116715136786372	0.65581733311901	9
COX11	-0.278168030702417	0.349979214745796	0.899092963457163	9
COX14	-0.355696106559314	0.554028706462598	0.962765334045336	9
COX15	-0.187076314067429	0.453838126918182	0.934203669144002	9
COX16	1.05158913413184			9
COX17	-0.464426185625135	0.264479273364764	0.84593551057786	9
COX18	0.115285640371514	0.686406233889826	0.988781342680563	9
COX19	-0.0922430786980897	0.778162570026358	0.992930756580613	9
COX20	-0.179062160879088	0.846688909541561	0.998639733078915	9
COX4I1	-0.379171194583523	0.374293334670131	0.905673456930873	9
COX4I2	-2.27000677888417	0.0122771258640952	0.223797159157581	9
COX5A	-0.0489879944354054	0.92687954986058	0.998639733078915	9
COX5B	-0.396703543858158	0.47520455900866	0.940283675486015	9
COX6A1	-0.236884872442637	0.805139903355587	0.995590233849494	9
COX6B1	-0.460579905041393	0.426053522645775	0.923242529682058	9
COX6B2	0.998841507110179	0.586789833786586	0.971161794932015	9
COX6C	-0.502000186156795	0.274570610740154	0.853429518874586	9
COX7A1	-1.58595260736981	0.0256439026219097	0.329442686337693	9
COX7A2	-0.686919973579769	0.204073509324139	0.787978456688567	9
COX7A2L	0.0566156505827422	0.814053591005611	0.995936140923453	9
COX7B	-0.357652943964542	0.370996944455869	0.905369091236447	9
COX7C	-0.27242372947003	0.448499371657268	0.932585632008735	9
COX8A	-0.234160874975285	0.802246632439245	0.995590233849494	9
CP	2.20070704025434	0.0148741655013077	0.246140758929151	9
CPA3	-1.23567841258494	0.241911127966075	0.824224507214899	9
CPA6	0.990907344916483	0.386780440448759	0.910863010956818	9
CPAMD8	0.856427045463079	0.21408034999289	0.795739159677259	9
CPB1	-0.576867477216407			9
CPD	-0.1026296892041	0.796391089295579	0.995146318905527	9
CPE	0.0470930587352204	0.929565164302919	0.998639733078915	9
CPEB1	-1.46977166917799	0.179282291878728	0.75589429032331	9
CPEB2	0.383518894619346	0.534396963194822	0.95784961223136	9
CPEB3	0.102784324455008	0.814658009815142	0.995936140923453	9
CPEB4	0.132411318094618	0.820869994148254	0.996019784191563	9
CPED1	-0.000997065255222549	0.998913164550081	0.999620666732609	9
CPLANE1	-0.0176238058069469	0.962172945882341	0.998639733078915	9
CPLANE2	0.536825966023316	0.375313098545269	0.905673456930873	9
CPLX1	-0.38605751957165	0.463222753474913	0.938140224633076	9
CPLX2	0.0444547461389225	0.98862492809111	0.999458538741689	9
CPM	4.57659585272311	6.40030100324891e-06	0.00337410153960562	9
CPNE1	-0.23172278622383	0.592706072665462	0.971527934919808	9
CPNE2	0.330855302596209	0.405842359166408	0.915238409840383	9
CPNE3	-0.0843187350736918	0.783854520722837	0.993964186291201	9
CPNE5	0.331872370899682	0.620882628241123	0.978573777801597	9
CPNE7	0.913589164695386	0.173486711607005	0.750318590691765	9
CPNE8	-0.331548399496878	0.503410109326862	0.949627683549368	9
CPNE9	-0.65065845300313	0.624830141318312	0.978573777801597	9
CPO	0.0356424086145506	0.968812740900512	0.998639733078915	9
CPOX	0.342781833301578	0.252347576317251	0.838161746834043	9
CPPED1	0.383318317134077	0.265876340235886	0.847767249375861	9
CPQ	-0.113546173282399	0.803542895360056	0.995590233849494	9
CPS1	0.453588918712826	0.543955393138779	0.959871555065334	9
CPSF1	0.459721208275776			9
CPSF2	0.142977237376131	0.603522121721704	0.974057468095769	9
CPSF3	-0.145674451930264	0.56180276890666	0.964946561877165	9
CPSF4	0.121041954260877	0.650983044379676	0.981292533915803	9
CPSF6	0.0682155476953631	0.870287118728644	0.998639733078915	9
CPSF7	-0.149337198747072	0.583540934971894	0.971006418732942	9
CPT1A	0.219008862648451	0.573338743193828	0.968091190606738	9
CPT1B	0.924416274701742	0.418654826226458	0.919780432363111	9
CPT1C	-0.404983342697927	0.277662863777186	0.857480226675461	9
CPT2	0.246839907747652	0.651357813357724	0.981292533915803	9
CPTP	-0.539532909361767	0.228268933779	0.808244559806673	9
CPVL	0.0134016839325225	0.980680331904895	0.998639733078915	9
CPXM1	0.243699560768555	0.595493466715123	0.972461451729387	9
CPXM2	0.748276229696142	0.402499350835856	0.915238409840383	9
CPZ	2.07137700490373	0.0346989281614662	0.379708638591042	9
CR1	0.258162546669846	0.644738226160049	0.980691547015745	9
CR2	0.883080035619993	0.448656775216222	0.932585632008735	9
CRABP2	-0.15397357967244	0.852285762822039	0.998639733078915	9
CRACD	0.146087423399027	0.848189518219506	0.998639733078915	9
CRACDL	0.352440664828294	0.510837715799398	0.951538693830295	9
CRACR2A	0.939707702992178	0.208335144732292	0.792178019421267	9
CRACR2B	0.717048719674067	0.155172126001388	0.727862257442023	9
CRADD	-0.705312479195785	0.110941685524951	0.642697421552809	9
CRAMP1	0.197353649177243	0.635633033972483	0.980691547015745	9
CRAT	-0.594902472108508	0.211284862776124	0.794171927467666	9
CRB2	-1.91794032279977	0.0580504866034175	0.485486250851584	9
CRB3	3.18584041793884	0.0274850887444656	0.342848707868003	9
CRBN	-0.44955750994652	0.154150938464197	0.727204219453502	9
CRCP	0.5187256307996	0.141766040356064	0.707926593299888	9
CREB1	0.0244253281440598	0.949998370809233	0.998639733078915	9
CREB3	-0.504347832687783	0.225968096889389	0.808244559806673	9
CREB3L1	0.162999718140701	0.78451001618881	0.994052363875907	9
CREB3L2	0.0341352202068484	0.925986986740895	0.998639733078915	9
CREB3L4	1.17017437931509	0.0792835044762153	0.560985194420479	9
CREB5	0.258859177287798	0.543784413618223	0.959871555065334	9
CREBBP	0.0837230052054411	0.828648626629066	0.99746225363255	9
CREBL2	-0.187405158333623	0.565172801239239	0.965041713262426	9
CREBRF	-0.614857024197422	0.235603943787036	0.813141339593178	9
CREBZF	-0.420183372551683	0.17580304561839	0.751250158017082	9
CREG1	-0.296282400700872	0.291656434385873	0.867283786477541	9
CRELD1	0.38650379654897	0.510602195701781	0.951538693830295	9
CRELD2	0.177035418775758	0.717220106122558	0.989276793964962	9
CREM	0.0081333421164867	0.985231208932212	0.999450063572839	9
CRHBP	-0.73610943944955	0.44683693457661	0.932585632008735	9
CRHR2	-0.433931408628822	0.549551188033505	0.961089318650903	9
CRIM1	0.307972527864768	0.612141826035542	0.975769461971015	9
CRIP1	-1.09453547090867	0.277813881001297	0.857480226675461	9
CRIP2	-1.17992429468286	0.0746056676752117	0.542880757326271	9
CRIP3	-0.43001769819769	0.460015256014352	0.937747940696302	9
CRIPT	-0.209436154176756	0.508472026913387	0.951538693830295	9
CRISP2	-0.34990446494855	0.81759721986642	0.995966406600323	9
CRISP3	2.26281988711674	0.118706945158876	0.662720581501577	9
CRISPLD1	1.87489581821295	0.00422800216997526	0.125540495322588	9
CRISPLD2	-0.090728776867239	0.876835526731067	0.998639733078915	9
CRK	-0.399573338934069			9
CRKL	0.175543576081225	0.579878384110946	0.969055975901473	9
CRLF1	-0.899634627671977	0.421936923703824	0.922045733570987	9
CRLF3	0.0780605664730027	0.810544995196803	0.995936140923453	9
CRLS1	0.191502074809092	0.757573988190593	0.991890138420883	9
CRMP1	0.0326328512880736	0.965360692617045	0.998639733078915	9
CRNKL1	-0.0625913996924326	0.843207780690969	0.998639733078915	9
CROCC	-0.191634908017165	0.603597565251135	0.974057468095769	9
CROCC2	2.06843047298415	0.024516269165524	0.321675243690934	9
CROT	0.260692547295433	0.606572376399174	0.974885729870166	9
CRPPA	-0.11386504514372	0.836435691047826	0.998604146933345	9
CRTAC1	0.0841627949931639	0.927519363780538	0.998639733078915	9
CRTAM	-1.0558252237401	0.28492060521737	0.8612268238133	9
CRTAP	-0.440546044262144	0.255893822095695	0.840547211401925	9
CRTC1	-0.126760808931375	0.730020364804004	0.991008075540888	9
CRTC2	-0.445690680446029	0.155215552871262	0.727862257442023	9
CRTC3	-0.171925459225128	0.616414184864423	0.977025239540628	9
CRY1	0.0378446824848016	0.931205909511685	0.998639733078915	9
CRY2	-0.252811601093601	0.550801560492513	0.961546579712439	9
CRYAB	-2.06245073563255	0.0400492875015982	0.407983114431395	9
CRYBB1	-1.36971417559592	0.185909378061003	0.764616419492468	9
CRYBB3	-0.0367210724969564	0.965007346680384	0.998639733078915	9
CRYBG1	0.0321759041075127	0.941039142106193	0.998639733078915	9
CRYBG3	-0.209568087307603	0.800173307802296	0.995590233849494	9
CRYGN	0.134621187737795	0.878202582499127	0.998639733078915	9
CRYGS	-0.659578274802964	0.315386781294913	0.880630245192925	9
CRYL1	-0.555946847855425	0.112189095262358	0.644549059040515	9
CRYZ	0.313255295443445	0.45415930694244	0.934203669144002	9
CRYZL1	-0.356813308018925	0.229975112976209	0.808244559806673	9
CS	0.275174620942388	0.336638848080274	0.89460168471775	9
CSAD	0.0764168415411819	0.84108862963872	0.998604146933345	9
CSDC2	-2.24435184592547	0.00157454898095972	0.0728586755734999	9
CSDE1	-0.0257231105346196	0.951731267649942	0.998639733078915	9
CSE1L	-0.0507441509509611	0.790412470862014	0.994052363875907	9
CSF1	0.0487537013981481	0.916366658002269	0.998639733078915	9
CSF1R	0.243275541349232	0.674207260822296	0.985298616459508	9
CSF2RA	0.692331314251051			9
CSF2RB	1.04110545814419	0.0545964282234392	0.474755607289807	9
CSF3	4.99130174803822	3.92196358981822e-07	0.000737090105499539	9
CSF3R	0.297618850250206	0.626084923172101	0.978573777801597	9
CSGALNACT1	0.0308742262021689	0.963885968921649	0.998639733078915	9
CSGALNACT2	0.332227459232773	0.536659847159831	0.95784961223136	9
CSK	-0.342495371591738	0.385692494308559	0.910863010956818	9
CSKMT	0.177808162793261	0.771687261244016	0.992930756580613	9
CSMD1	2.88894228247338	0.00385275120394617	0.118975858831484	9
CSMD2	1.09682326247688	0.1677780331454	0.744609605309455	9
CSMD3	2.78901185265464	0.0701743161035307	0.529173808342532	9
CSNK1A1	0.0838691752446372	0.896927438396775	0.998639733078915	9
CSNK1D	-0.0219290154353579	0.938649854986622	0.998639733078915	9
CSNK1E	0.659935830510645			9
CSNK1G1	0.751796871316176	0.0298387588135399	0.35582786685795	9
CSNK1G2	0.0265612642173587	0.919980166632929	0.998639733078915	9
CSNK1G3	0.118119905494261	0.740449575740003	0.991008075540888	9
CSNK2A1	0.155480031913442	0.425165613777088	0.923026083637447	9
CSNK2A2	-0.301455646431446	0.273915579086257	0.8528301756786	9
CSNK2A3	0.380637794752337	0.681960639329854	0.987306006486237	9
CSNK2B	-0.204576893167021	0.905922260815197	0.998639733078915	9
CSPG4	-0.413577380548356	0.6361219670196	0.980691547015745	9
CSPG5	2.05307348871725	0.0269510731247056	0.338286386389268	9
CSPP1	0.0600295814459822	0.876476859401338	0.998639733078915	9
CSRNP1	1.87000840322598	0.0098439323252824	0.198322037829974	9
CSRNP2	0.315634046542115	0.301481475089191	0.874342355309609	9
CSRNP3	0.513546302280664	0.210161310695523	0.794171927467666	9
CSRP1	-0.641525900815077	0.528935877172225	0.957299775766752	9
CSRP2	-0.605393872358708	0.192379947767035	0.771034593806465	9
CST1	2.0277161224362	0.170508358743058	0.748077226132283	9
CST2	-0.028912923724309	0.991677999619875	0.999620666732609	9
CST3	-1.85827660836055	0.0170717550594883	0.267438569335318	9
CST4	4.28454638745285	0.0219500834775376	0.306138452798877	9
CST7	-1.11976041879722	0.0547972719704483	0.474755607289807	9
CSTB	0.20546852127939	0.623249206626917	0.978573777801597	9
CSTF1	-0.237007504694757	0.301433853785682	0.874342355309609	9
CSTF2	0.311003208605936	0.319129290785986	0.883968373295543	9
CSTF2T	0.148054384308161	0.661005531487873	0.983171338937342	9
CSTF3	0.221278729239515	0.407102411757043	0.915238409840383	9
CTBP1	0.0516507732092754	0.846448829930175	0.998639733078915	9
CTBP2	0.087398856461278	0.822429539391566	0.996520155212172	9
CTBS	0.344954742392803	0.621582463283919	0.978573777801597	9
CTC1	-0.0491822539630365	0.882761716339534	0.998639733078915	9
CTCF	0.0994830602430399	0.709443560722044	0.989276793964962	9
CTDNEP1	-0.351590855532507	0.470046338268475	0.939188868595478	9
CTDP1	-0.423308336387444	0.346760491857856	0.899092963457163	9
CTDSP1	-0.453335907033019	0.159713015917412	0.734263063172008	9
CTDSP2	0.124978422595218	0.752921867167124	0.991008075540888	9
CTDSPL	-0.252374696429963	0.475107456024178	0.940283675486015	9
CTDSPL2	0.0604135779490044	0.876193156781939	0.998639733078915	9
CTF1	-1.09305942145706	0.0635125794904213	0.504312805874779	9
CTH	0.86929851568838	0.121028109644575	0.669948748501521	9
CTHRC1	1.35790203763988	0.0415682782405349	0.414007678413902	9
CTIF	-0.47576756269756			9
CTNNA1	0.2386537524629	0.32025496446117	0.884742116921954	9
CTNNA2	1.93811733384005	0.140291335776583	0.705807909815316	9
CTNNA3	-1.11631978438188	0.0591911235011961	0.489205024636705	9
CTNNAL1	-0.266675281732275	0.489777945994594	0.944931536265188	9
CTNNB1	0.335732069181251	0.324601253110403	0.886080378644328	9
CTNNBIP1	0.472678304154641	0.240962894455564	0.8235363012407	9
CTNNBL1	-0.694821438994501	0.0625317427398958	0.501120184198379	9
CTNND1	0.277552752592912			9
CTNND2	-0.846840865927529	0.331096693300282	0.889897722105875	9
CTNS	0.174633817149916	0.524787844334224	0.955990789857766	9
CTPS1	0.0273842815209019	0.963503379490015	0.998639733078915	9
CTPS2	0.252020767868221	0.365871678656563	0.90239123320911	9
CTR9	0.0424805492972029	0.899997170672116	0.998639733078915	9
CTRL	-1.22614431040108	0.36088524258997	0.901358217575388	9
CTSA	-0.0981867039241096	0.769568663487647	0.992930756580613	9
CTSB	-0.229315535561676	0.671117047565437	0.985298616459508	9
CTSC	0.86174940837745	0.0144375609961006	0.242749052050195	9
CTSD	-0.432140762665457	0.466509271542635	0.939090560115758	9
CTSE	1.49799729411006	0.493911330920049	0.94597445902567	9
CTSF	-0.464338351242333	0.319948513870507	0.884742116921954	9
CTSG	0.982903214182745	0.440814428472326	0.929500440384991	9
CTSH	-0.560549320741443	0.410245174320079	0.91601809761032	9
CTSK	-0.943191774274132	0.171806871038086	0.749226042299155	9
CTSL	-0.332889653613322	0.284698707101762	0.8612268238133	9
CTSO	-1.0136222731994			9
CTSS	0.377023942015188	0.331601611324498	0.890518010101223	9
CTSV	1.17481965385978	0.358834437619448	0.900808696207596	9
CTSW	-1.80379391568312	0.0258279904281205	0.33036998848309	9
CTSZ	0.127087637551284	0.755884983791535	0.991890138420883	9
CTTN	-0.662129584284709			9
CTTNBP2	-0.00641408772327411			9
CTTNBP2NL	0.12716265444797	0.765560059780797	0.992930756580613	9
CTU1	-0.577354074670704	0.36661485353697	0.90239123320911	9
CTU2	-0.629398616377724	0.215982826037041	0.798400989783844	9
CTXN1	-2.1084876096407	0.0134425810253896	0.23426125355041	9
CTXND1	-1.00261124722971	0.540260253170589	0.958979719874913	9
CUBN	0.66513980793106	0.172012586576858	0.74938747148236	9
CUEDC1	0.118376152310837	0.729299980917083	0.991008075540888	9
CUEDC2	-0.562770751104416	0.216576071211197	0.798889791784458	9
CUL1	-0.14174543117727	0.585983889261464	0.971161794932015	9
CUL2	0.000882401139623305	0.99839524449332	0.999620666732609	9
CUL3	-0.0521170622497719	0.897210697443669	0.998639733078915	9
CUL4A	0.307083779079213	0.204592011955816	0.787978456688567	9
CUL4B	0.00150679263577614	0.996560263139108	0.999620666732609	9
CUL5	0.0224094754211412	0.955953042890124	0.998639733078915	9
CUL7	0.297570902633319	0.283631970684582	0.8612268238133	9
CUL9	-0.167518014947022	0.576763140378487	0.968424936391677	9
CUTA	0.1107732037776			9
CUTC	-0.716436392412891	0.024689277885082	0.322797547264566	9
CUX1	-0.872081942422659	0.0404816372798221	0.409456726745706	9
CUX2	4.44078263680453	0.00460804057601094	0.130909595472274	9
CWC15	-0.122181189082504	0.707627235382972	0.989276793964962	9
CWC22	0.0496603329400033	0.93621146213551	0.998639733078915	9
CWC25	-0.0832158638014339			9
CWC27	-0.213952139526282	0.590343987904857	0.971187979266693	9
CWF19L1	-0.344379539221535	0.199171270069714	0.780997970767379	9
CWF19L2	-0.773031575626223	0.211608085962415	0.794171927467666	9
CWH43	4.22639167915539	0.0140345350387307	0.238943219961597	9
CX3CL1	-0.345483863457615	0.505641302717105	0.950760358225867	9
CX3CR1	0.292769581980858	0.583037048242567	0.970975830769377	9
CXADR	0.83233922265651	0.402475083698471	0.915238409840383	9
CXCL1	0.694549019635075	0.583698116541529	0.971006418732942	9
CXCL10	-0.948639184820971	0.17852923595906	0.754938537305549	9
CXCL11	-1.68152498127664	0.0909612960640254	0.592015090493542	9
CXCL12	-0.883435798884406	0.0434611965243269	0.42345262171326	9
CXCL13	-6.66108465793084	1.69356292902809e-06	0.00169284421665391	9
CXCL14	-0.323158935853019	0.769415073064787	0.992930756580613	9
CXCL16	0.150014637047648	0.726440107911634	0.991008075540888	9
CXCL17	2.89706569282541			9
CXCL2	2.78736953531809	0.0041955777703585	0.125112976703559	9
CXCL3	2.77772970822039	0.0104751802278341	0.206440768148277	9
CXCL6	2.59200313379288	0.197978615795497	0.780545498866809	9
CXCL8	3.09181044596686	0.00493899116960893	0.134758685128646	9
CXCL9	-2.24148046179644	0.00381063209718306	0.117921887602765	9
CXCR2	5.76262790225581	0.000249713335964684	0.0261419755473383	9
CXCR3	-1.50442060188168	0.0548054708232391	0.474755607289807	9
CXCR4	0.998480889530353	0.111039701014073	0.642767461438718	9
CXCR5	-0.949152460031523	0.558656107740631	0.964143903467724	9
CXCR6	-0.388050553038388	0.610321024309478	0.975328830748679	9
CXorf38	0.219310829399712	0.480546326948141	0.941136305172019	9
CXXC1	-0.243711961159476	0.495653498274618	0.946613606254215	9
CXXC4	0.796121475000151	0.400479137976844	0.914805409420643	9
CXXC5	0.525703478262858	0.164601954075569	0.741226976760448	9
CYB561	1.3573879071251	0.00822591118235654	0.179166597926173	9
CYB561A3	-0.298754838919505	0.54059144021944	0.958979719874913	9
CYB561D1	-0.0385380711824814	0.893581325714015	0.998639733078915	9
CYB561D2	-0.00337880302033237	0.994815660487545	0.999620666732609	9
CYB5A	0.512667011920211	0.159063096612878	0.73326994662795	9
CYB5B	0.24303191046796	0.414878009769906	0.918969733225327	9
CYB5D1	0.5870203624966	0.742849391786705	0.991008075540888	9
CYB5D2	-0.172775687807886	0.43853997910112	0.928941789266548	9
CYB5R1	-0.145261967282047	0.454111910832066	0.934203669144002	9
CYB5R2	-0.543374769922465	0.101563949928542	0.620137345172465	9
CYB5R3	-0.681870710935228	0.196665258351243	0.778068991354716	9
CYB5R4	0.119744569862895	0.735967795972754	0.991008075540888	9
CYB5RL	-0.0942574225295047	0.80273959323755	0.995590233849494	9
CYBA	0.0553039218164372	0.939798012762471	0.998639733078915	9
CYBB	0.716517213006929	0.178244675129319	0.754527541500001	9
CYBC1	-0.324412997746202	0.357347873404043	0.900578579257948	9
CYBRD1	-0.582070680276625	0.343448636511812	0.899092963457163	9
CYC1	-0.368412913715634	0.348629351894588	0.899092963457163	9
CYCS	-0.112574221697917	0.797745195399195	0.995590233849494	9
CYFIP1	-0.701774200627197			9
CYFIP2	-0.594291696578293	0.361976189278997	0.90143277046037	9
CYGB	0.471423143140636	0.362380737071461	0.90143277046037	9
ZFTRAF1	-0.357438574314027	0.386683837958937	0.910863010956818	9
CYLD	-0.34022383950401	0.290481164285338	0.866062063599779	9
CYP11A1	-1.77888520776184			9
CYP19A1	-0.311541086624597	0.920113561191313	0.998639733078915	9
CYP1B1	-0.781114177601791	0.343986708465124	0.899092963457163	9
CYP20A1	-0.0895411388545523	0.759780933403094	0.991955190535962	9
CYP21A2	-0.308896279973842	0.893269467318451	0.998639733078915	9
CYP24A1	2.91282174425686	0.0915358872989771	0.593917025239649	9
CYP26A1	1.28692617642092	0.391363192237508	0.912807186165296	9
CYP26B1	0.654565667327212	0.472890460860129	0.939822409233973	9
CYP27A1	-0.716338037031134	0.0146894138265743	0.244453706306723	9
CYP27B1	1.60358927778821	0.0436850225913943	0.423806501011616	9
CYP27C1	0.949815264646167	0.171388952029753	0.749226042299155	9
CYP2A6	-1.47490538837227	0.0978738062106425	0.611794745383946	9
CYP2A7	-0.261943118292228	0.824464207102012	0.997189504159952	9
CYP2C8	1.24420804538465	0.209245133891746	0.793390038884168	9
CYP2D6	0.725592494984271			9
CYP2E1	0.7462820778183	0.139013493961736	0.702495653805487	9
CYP2J2	3.56127943526067	0.0112636565925753	0.214256230622428	9
CYP2R1	-0.532862279707858	0.096451315312762	0.608209413293827	9
CYP2S1	-0.100269228334581	0.913601811517428	0.998639733078915	9
CYP2U1	-0.743343082026025	0.205872359879222	0.78958597099246	9
CYP2W1	2.58648987256728			9
CYP39A1	-0.0995231395352413	0.798125513098667	0.995590233849494	9
CYP3A5	0.357546297389849	0.686969705842279	0.989171265391501	9
CYP46A1	-0.549221104295999	0.238009883128552	0.81684814807267	9
CYP4B1	-0.730485759938073	0.602413168533206	0.974057468095769	9
CYP4F11	0.0408900226294331	0.983547653850965	0.999263264585425	9
CYP4F12	-1.89830896917415	0.054335264091872	0.474575503230038	9
CYP4F22	-3.67191574699065	0.00533903069750638	0.143029822370039	9
CYP4V2	-0.431256450590478	0.167461549084511	0.744323976524079	9
CYP4X1	0.0124796392242444	0.975365663603538	0.998639733078915	9
CYP4Z1	-1.19888527275465	0.520728577660888	0.954248855971741	9
CYP51A1	0.479371270863662	0.698761833987035	0.989276793964962	9
CYP7B1	0.219199792509081	0.539356475593677	0.958979719874913	9
CYP8B1	-0.0325405779284036	0.972527832538841	0.998639733078915	9
CYREN	0.199587746533288	0.703707538772202	0.989276793964962	9
CYRIA	-0.112059070220818	0.869142749999949	0.998639733078915	9
CYRIB	0.309125896918537	0.18799521949088	0.765189948662975	9
CYS1	-0.938945138271924	0.104270163677897	0.628298316800495	9
CYSLTR1	0.516529796544687	0.540931962243639	0.958992746552915	9
CYSLTR2	-1.60688812318576	0.0629823585362782	0.502740619482142	9
CYSRT1	-0.0654568692910834	0.946526448812726	0.998639733078915	9
CYSTM1	-0.0874105835698005	0.862377824042575	0.998639733078915	9
CYTH1	0.844321328337983	0.0939304251458288	0.600340842158973	9
CYTH2	0.328026480989845	0.353769683790356	0.899715225734967	9
CYTH3	-0.224110230107236	0.611861290496226	0.975769461971015	9
CYTH4	-0.0636903811293616	0.894160492433922	0.998639733078915	9
CYTIP	-0.0838615321531109	0.909046149769435	0.998639733078915	9
CYTL1	-0.757270358178297	0.271728701436222	0.851047604901352	9
CYYR1	-0.113560438905491	0.749928008895835	0.991008075540888	9
CZIB	-0.830280863253095	0.0374909563299212	0.396930524189423	9
D2HGDH	-0.11302759952587	0.756179449385244	0.991890138420883	9
DAAM1	-0.484532111335575	0.317361813468707	0.882121038171662	9
DAAM2	-0.472966493296021	0.407381220950829	0.915238409840383	9
DAB1	2.64114828154334	0.00156777677779702	0.0727734371605718	9
DAB2	0.806458969352983	0.0170387206905625	0.267438569335318	9
DAB2IP	-0.0660582008030226	0.871613943042007	0.998639733078915	9
DACH1	1.06839910796935	0.0746594361745363	0.542880757326271	9
DACH2	-2.24234485339936	0.0909620097039058	0.592015090493542	9
DACT1	0.774499939119991	0.244539167136635	0.827709847765161	9
DACT2	3.1404882003521	0.00441617283718467	0.128574215482609	9
DACT3	-0.865712609461123	0.163239410094397	0.73994607886052	9
DAD1	-0.390276837981783	0.265193406665601	0.846382675846687	9
DAG1	0.29905805884332	0.462230151370738	0.937927280347714	9
DAGLA	0.0988858616827061	0.852430246222578	0.998639733078915	9
DAGLB	-0.492584582017734	0.18790064974523	0.765131445762577	9
DALRD3	0.0312586281418263	0.934006699952585	0.998639733078915	9
DAP	0.0915104984807773	0.766574001481295	0.992930756580613	9
DAP3	-0.161359832790343	0.449763393298916	0.932585632008735	9
DAPK1	0.0433019771201009	0.943080317242963	0.998639733078915	9
DAPK2	0.139841043898804	0.777836320908738	0.992930756580613	9
DAPK3	-0.400495617170412	0.308005959207695	0.876582754426691	9
DAPL1	2.6612085459255	0.244482447256892	0.827709847765161	9
DAPP1	0.885300341924071	0.334727382237866	0.892969331445685	9
DARS1	0.205548926428616	0.536408207006664	0.95784961223136	9
DARS2	0.471832879802255	0.237463318800865	0.816354815013552	9
DAXX	-0.301263663863298			9
DAZAP1	0.124242143208275	0.663855590215855	0.983348063468372	9
DAZAP2	0.00270350425554983	0.993509121785234	0.999620666732609	9
DBF4	0.45208401608254	0.291939574149373	0.867459782709179	9
DBF4B	-0.24519083686859	0.458563434838532	0.936865724796065	9
DBH	-0.00363891368818473	0.996278711627265	0.999620666732609	9
DBI	-0.37429335174843	0.575089214205511	0.968284112085412	9
DBN1	-0.35026664190414	0.354393071793774	0.899715225734967	9
DBNDD1	1.85197042434586	0.0708310505111385	0.530657428609429	9
DBNDD2	-1.24186985774476	0.0793268946873992	0.560985194420479	9
DBNL	-0.205775817037695	0.49835712172823	0.948182083625366	9
DBP	0.116067701155637	0.835756342314072	0.998604146933345	9
DBR1	-0.00824743606731355	0.982731041063851	0.999070375492198	9
DBT	0.128747523878642	0.674115590143605	0.985298616459508	9
DBX2	5.69049609756706	0.00074635557240294	0.0501726725830077	9
DCAF1	0.330710900981381	0.487973258382301	0.944528359163539	9
DCAF10	-0.273054853260781	0.241632350383504	0.824224507214899	9
DCAF11	-0.47185326865896			9
DCAF12	0.568537594089623	0.210138637657424	0.794171927467666	9
DCAF12L1	3.30830100207379	0.00467193153483466	0.131607598064302	9
DCAF12L2	-0.498631903092028	0.471151485949179	0.939528895871055	9
DCAF13	0.0982648326107823	0.774138419472797	0.992930756580613	9
DCAF15	0.406786807624035			9
DCAF16	0.0838581772050295	0.839907132429609	0.998604146933345	9
DCAF17	-0.214210196525618	0.560848798288505	0.964946561877165	9
DCAF4	0.0807109208517453	0.777472993120756	0.992930756580613	9
DCAF4L1	-0.941168344265674	0.282513190144914	0.8612268238133	9
DCAF5	0.0140209039713952	0.953588880731618	0.998639733078915	9
DCAF6	0.0788331379576868	0.771401554164343	0.992930756580613	9
DCAF7	0.26551275867393	0.397571128330482	0.914438028200431	9
DCAF8	-0.0709961790891961	0.868471463314521	0.998639733078915	9
DCAKD	0.051857833066057	0.881920203809102	0.998639733078915	9
DCBLD1	0.645850980541744	0.128596018861429	0.682562328088299	9
DCBLD2	0.559860932118273	0.0599687743170833	0.492657906060415	9
DCDC1	1.41822813350129	0.106086265765804	0.630410373981091	9
DCDC2	4.56366723202059	2.00212374283144e-05	0.00591066971358696	9
DCDC2B	-0.914650564567595	0.216117747106942	0.798400989783844	9
DCHS1	-0.41576304409276	0.400003304393532	0.914709337901305	9
DCHS2	0.550732225253972			9
DCK	0.167330262889642	0.62206348702528	0.978573777801597	9
DCLK1	0.528829339615485	0.521893265775139	0.955315785727532	9
DCLK2	-0.0431837998807198	0.893452626167625	0.998639733078915	9
DCLK3	1.89891432811794	0.00309617657893185	0.10766099766837	9
DCLRE1A	0.296597142472244	0.490579221165604	0.944931536265188	9
DCLRE1B	0.562070935176733	0.124870173955516	0.67615870790806	9
DCLRE1C	-0.136488956262506	0.709134148981215	0.989276793964962	9
DCN	-0.437545973938847	0.394292143196363	0.913353694686467	9
DCP1A	-0.0211443659754481	0.938472810804122	0.998639733078915	9
DCP1B	-1.12509829348172			9
DCP2	0.348826977417145	0.341818162634871	0.898849295172085	9
DCPS	0.00689142749195952	0.985573957785787	0.999458538741689	9
DCST1	0.968629831376995	0.489100677840594	0.944931536265188	9
DCST2	-0.408673014516596	0.52349371052926	0.955391092995928	9
DCT	-0.410769914719742	0.628265429481556	0.979047032739808	9
DCTD	0.0929426604136141	0.662855155128795	0.983171338937342	9
DCTN1	-0.152011538476818	0.7886493805243	0.994052363875907	9
DCTN2	-0.500088769244393	0.216191908147553	0.798400989783844	9
DCTN3	-0.495321428418249	0.2795090694558	0.859369584302658	9
DCTN4	0.0373704377042377	0.850039493797401	0.998639733078915	9
DCTN5	0.224404056716769	0.404160410772157	0.915238409840383	9
DCTN6	0.0134566449083441	0.966940863953476	0.998639733078915	9
DCTPP1	0.674361369410007	0.241472243757908	0.82413220580589	9
DCUN1D1	-0.2564744360567	0.397632558334253	0.914438028200431	9
DCUN1D2	0.125223436638613	0.557258196522126	0.96370024816501	9
DCUN1D3	0.321346777738028	0.504386517060426	0.950497814161744	9
DCUN1D4	-0.515579220697614	0.112487147397063	0.645074896164741	9
DCUN1D5	-0.107610400749395	0.671709380269527	0.985298616459508	9
DCX	1.35424916428966			9
DCXR	-0.58101546793706	0.339617192079994	0.896524077278898	9
DDA1	-0.120872657321434	0.748229919863317	0.991008075540888	9
DDAH1	0.376022745497862	0.322455553517193	0.885543112951723	9
DDAH2	-0.4202102405973			9
DDB1	0.175367690157128	0.572159449369279	0.967095572213435	9
DDB2	-0.541094103082022	0.0619929838149572	0.500793671899467	9
DDHD1	0.29361436255356	0.361687874809107	0.90143277046037	9
DDHD2	0.168177884401692	0.699619591188826	0.989276793964962	9
DDI2	-0.39353122660599	0.38570607896162	0.910863010956818	9
DDIAS	1.65691204375187	0.121122982328824	0.669948748501521	9
DDIT3	0.196761467210361	0.63357425600273	0.979901378267566	9
DDIT4	-0.547084519838216	0.318316833677921	0.883125763337951	9
DDIT4L	0.0643402343273433	0.924198873448116	0.998639733078915	9
DDO	-0.501773587156309	0.410579815458617	0.91601809761032	9
DDOST	0.442150604720684	0.219517975508052	0.800407977819747	9
DDR1	1.29467033887463			9
DDR2	-0.0155068835764496	0.971885110516913	0.998639733078915	9
DDRGK1	-0.388070785971041	0.203178670637054	0.787490896356019	9
DDTL	0.739945892700772	0.781698671782876	0.993751208175834	9
DDX1	-0.0277692829032575	0.905009916438144	0.998639733078915	9
DDX10	-0.118932389293652	0.740832806545298	0.991008075540888	9
DDX11	0.0107206519848127	0.988606373170034	0.999458538741689	9
DDX17	-0.0862806901162876	0.793509861554228	0.994565599592593	9
DDX18	-0.134624252794491	0.649808690865778	0.980995818924016	9
DDX19A	0.0748756180692148	0.880734783300035	0.998639733078915	9
DDX19B	-0.0111405269248002	0.969528899255042	0.998639733078915	9
DDX20	-0.0724218010286478	0.819388009618087	0.995966406600323	9
DDX21	0.621974316895375	0.142745601415307	0.709928511621076	9
DDX23	0.0556331691180086	0.732695166572714	0.991008075540888	9
DDX24	-1.14630299620942			9
DDX25	-0.421403483052993	0.745416204854679	0.991008075540888	9
DDX27	-0.275381693893224	0.288432483414973	0.863250585500489	9
DDX28	0.0871378102255804	0.809300292576348	0.995936140923453	9
DDX31	0.0400087368471963	0.891902575853933	0.998639733078915	9
DDX39A	-0.163505449725931	0.664019372334805	0.983348063468372	9
DDX39B	-0.212109507429141			9
DDX3X	0.399018610616363	0.45722708071442	0.936230722336266	9
DDX41	-0.221132321777572	0.565837166717268	0.965041713262426	9
DDX42	0.246851296304836	0.347545245608988	0.899092963457163	9
DDX43	-0.760444277145949	0.235978465405595	0.814026852540783	9
DDX46	0.0662070601651999	0.856494649208148	0.998639733078915	9
DDX47	0.144528524797301	0.865003381959975	0.998639733078915	9
DDX49	-0.0754002630044802	0.8557441896592	0.998639733078915	9
DDX5	0.107975602972339	0.742832653926363	0.991008075540888	9
DDX50	-0.340271235471528	0.209487274219545	0.793888952327014	9
DDX51	0.265787855151434			9
DDX52	-0.219399224318099	0.863208844683856	0.998639733078915	9
DDX54	0.146988364733299	0.673223999647994	0.985298616459508	9
DDX55	0.110409209727978	0.714374668821093	0.989276793964962	9
DDX56	-0.00518502417957456	0.990077964069784	0.999458538741689	9
RIGI	0.294797367244215	0.734366512318941	0.991008075540888	9
DDX59	-0.133849685950017	0.709969524161684	0.989276793964962	9
DDX6	0.157820213812558	0.671396358360644	0.985298616459508	9
DDX60	0.117376451541083	0.795852373833809	0.994714385280344	9
DDX60L	0.427973700736891	0.335059378311097	0.893374219751931	9
DEAF1	0.12163681552118	0.619358375844214	0.978105165918096	9
DECR1	-0.226839786480407	0.527035156603115	0.957268202462574	9
DECR2	0.954262110529278			9
DEDD	-0.163886995248141	0.616473013087929	0.977025239540628	9
DEDD2	-0.263843960422666	0.436080528620848	0.927920525150979	9
DEF6	-0.213085126245442	0.712460143114208	0.989276793964962	9
DEF8	-0.386289611576288	0.0819042058781964	0.569739860022647	9
DEFB1	2.95879149580559	0.0953826020626139	0.605306358145418	9
DEFB124	-0.661342622192226	0.538423212582904	0.958979719874913	9
DEGS1	-0.207751663467631	0.635574572827122	0.980691547015745	9
DEGS2	2.01236746407168	0.0485238672732152	0.450662541199641	9
DEK	-0.207076453219657	0.657870494845015	0.982975949819678	9
DELE1	-0.0244788530512908	0.914023596366116	0.998639733078915	9
DENND10	0.0138679384295008	0.96791862987525	0.998639733078915	9
DENND11	0.347189140363877			9
DENND1A	-0.194569321004936	0.592093512210546	0.971527934919808	9
DENND1B	0.474671725024601	0.255675273013728	0.840547211401925	9
DENND1C	0.713866873254778	0.34132812381148	0.898420905060851	9
DENND2A	-0.234056990022004	0.328368042897417	0.88792758297041	9
DENND2B	-0.808412934040423	0.174641625671571	0.751250158017082	9
DENND2C	0.334727511044959	0.503037417210199	0.949552538589034	9
DENND2D	1.75465507381569	0.00393527243181458	0.119770219311371	9
DENND3	-0.279208123105776	0.550361145811147	0.961546579712439	9
DENND4A	0.164714137980977	0.657500057224378	0.982975949819678	9
DENND4B	-0.223866811277464	0.270431557223126	0.849828788594992	9
DENND4C	-0.10857926791583	0.775832440724337	0.992930756580613	9
DENND5A	0.149264529979849	0.664653778057022	0.983751571031755	9
DENND5B	-0.263357452722182	0.527144982935851	0.957268202462574	9
DENND6A	-0.188632201442352	0.36237281540075	0.90143277046037	9
DENND6B	-0.434473483311485	0.389285246195098	0.911850347346707	9
DENR	0.0998312802202716	0.722557680461899	0.990516044835733	9
DEPDC1	5.22025374337099	0.000160152006083683	0.0206068009368092	9
DEPDC1B	2.00892539216001	0.0376419597697553	0.397546303862335	9
DEPDC4	0.183482207295179	0.837470277134361	0.998604146933345	9
DEPDC5	0.0918471108223009	0.731128209229523	0.991008075540888	9
DEPDC7	0.166515607444738	0.786325191024971	0.994052363875907	9
DEPP1	0.761722042351756	0.458117483454169	0.936616815343768	9
DEPTOR	1.55376349128472	0.00280800139522461	0.103363861832694	9
DERA	-0.333256925727299	0.27064069567564	0.849828788594992	9
DERL1	0.153169977127033	0.542754413334477	0.959817646487387	9
DERL2	0.0577962727087628	0.885102581417707	0.998639733078915	9
DERL3	-0.694793063735208	0.805259084858147	0.995590233849494	9
DES	-0.716695926873832	0.673984266113936	0.985298616459508	9
DESI1	-0.252678699834665	0.487207192970803	0.944013070233436	9
DESI2	-0.187022352674	0.600990281783937	0.974057468095769	9
DET1	-0.156419168223305	0.760441326502902	0.991955190535962	9
DEXI	0.175681913210352	0.794277437276293	0.994714385280344	9
DFFA	0.154437238767429	0.635623823771028	0.980691547015745	9
DFFB	-0.0817318428746302	0.763367676310014	0.992788902596531	9
DGAT1	0.0089483561714944			9
DGAT2	-0.178207669588258	0.849073808807139	0.998639733078915	9
DGCR2	0.171994612055678	0.587462231854065	0.971161794932015	9
DGCR6L	-0.786274183703411	0.154544916897748	0.727667469960975	9
DGCR8	-0.16743024861323	0.538737414952326	0.958979719874913	9
DGKA	-0.689655712838387	0.0826279404021712	0.572078343469254	9
DGKB	0.426249077126842			9
DGKD	0.0258177253020911	0.903309816797143	0.998639733078915	9
DGKE	-0.873515353738555	0.0111200732287858	0.213470135767979	9
DGKG	-0.401563492220574	0.58655365413878	0.971161794932015	9
DGKH	0.136376679359656	0.767486576173649	0.992930756580613	9
DGKI	-1.34743625224077	0.138511411103721	0.702495653805487	9
DGKQ	-0.192016143308107	0.572748930294645	0.967444962861101	9
DGKZ	-0.138235379846591	0.639651575789459	0.980691547015745	9
DGLUCY	0.232590473454035	0.435156509807604	0.927598629005124	9
DGUOK	0.0792944415685777	0.827975017597231	0.99746225363255	9
DHCR24	1.69619346028439	0.00599851187950682	0.151876558925215	9
DHCR7	1.16353331529255	0.0513967281560779	0.464016577560774	9
DHDDS	0.116012221276014	0.631789875027922	0.979380833016394	9
DHFR	0.517437612480202	0.416967182291339	0.919780432363111	9
DHFR2	-0.775294041266917	0.0464582763308824	0.439033685608294	9
DHH	-0.00131129268003976	0.998768964434724	0.999620666732609	9
DHODH	-0.0869841859092322	0.778927907347017	0.992930756580613	9
DHPS	-0.296477049077586	0.643932797693689	0.980691547015745	9
DHRS1	-0.27709786143602			9
DHRS11	0.285755969276985			9
DHRS12	-0.33472383879807	0.562994277539506	0.964946561877165	9
DHRS13	0.284272838158846	0.709009681737415	0.989276793964962	9
DHRS3	-0.0900836972398335	0.87419265245513	0.998639733078915	9
DHRS4	-0.285774869458574			9
DHRS4L2	0.312430696784289			9
DHRS7	-0.289197669310265	0.230863535352875	0.808244559806673	9
DHRS7B	-0.0116949865430599	0.977061907395256	0.998639733078915	9
DHRS9	-0.815924816458032	0.422204524255335	0.922045733570987	9
DHRSX	-0.425266651541524			9
DHTKD1	0.646111006881894	0.0281529641722253	0.3467278248125	9
DHX15	0.187825713670663	0.461671873501696	0.937927280347714	9
DHX16	-0.442400845207017			9
DHX29	-0.0254076172199545	0.944281265788688	0.998639733078915	9
DHX30	-0.0383135296278832	0.869703069965314	0.998639733078915	9
DHX32	0.303587656086136	0.204055486009873	0.787978456688567	9
DHX33	0.256302893832968	0.368431065859464	0.902940555064178	9
DHX34	-0.242523683640941	0.534692997872473	0.95784961223136	9
DHX35	-0.180755281780428	0.690155937098782	0.989171265391501	9
DHX36	0.0434407743168037	0.952857178231928	0.998639733078915	9
DHX37	0.134692909994953	0.666078611595753	0.984088154568007	9
DHX38	-0.175210826905465	0.531206799063124	0.957514599552134	9
DHX40	0.329771035032683	0.314798155653295	0.880630245192925	9
DHX57	0.269310558863197	0.348514079525954	0.899092963457163	9
DHX58	-0.111083920856592	0.780537182360891	0.99341960111525	9
DHX8	0.106293690747096	0.716976181527781	0.989276793964962	9
DHX9	0.122036240924971	0.666354575050345	0.984088154568007	9
DIABLO	0.582104893391881	0.412607420905959	0.91719471148147	9
DIAPH1	0.343327570923553	0.178747168944184	0.75536414565849	9
DIAPH2	-0.0652307670438005	0.870109313824264	0.998639733078915	9
DIAPH3	2.98650210520968	0.000379260168142891	0.0331257949228237	9
DICER1	-0.281643251576715	0.406464431452983	0.915238409840383	9
DIDO1	0.131867543106155	0.669379842744449	0.984493894849006	9
DIMT1	0.293025318133073	0.634726541787395	0.9806316645278	9
DIO1	-0.0746252501830959	0.950494696042796	0.998639733078915	9
DIO2	2.61788633192283	0.00186653924684278	0.0807976123831267	9
DIO3	-0.314300973996176	0.697247083104398	0.989276793964962	9
DIP2A	0.124921763520116	0.706370619819465	0.989276793964962	9
DIP2B	0.585648409360607	0.153391493540226	0.72454778756713	9
DIP2C	-0.0934886636630042	0.819211859969888	0.995966406600323	9
DIPK1A	-0.522538695520215	0.366688482136783	0.90239123320911	9
DIPK1B	0.405121629259547	0.485968519517985	0.943977712144114	9
DIPK1C	-3.97549984613079	0.000752105026837145	0.0501726725830077	9
DIPK2A	0.339101207559948	0.128905839904838	0.683715092646538	9
DIPK2B	-0.221813794119718	0.625391247343429	0.978573777801597	9
DIRAS1	-0.451125673549322	0.48485500698339	0.943768865380848	9
DIRAS2	-0.696881508341712	0.462196198983685	0.937927280347714	9
DIRAS3	-0.579028735939606	0.30606184607549	0.876432473153517	9
DIS3	0.011647579484221	0.970740012557701	0.998639733078915	9
DIS3L	0.130094821590258	0.714280477161966	0.989276793964962	9
DIS3L2	-0.116315384815113	0.611013229966938	0.975328830748679	9
DISC1	0.891561941166564			9
DISP1	-0.576876810532273	0.0621392795002355	0.500793671899467	9
DISP2	1.24076606229397	0.177179997036246	0.752463913780981	9
DISP3	2.23002569062077	0.136742316426163	0.700497286672099	9
DIXDC1	-0.174980448334667	0.756193162300503	0.991890138420883	9
DKC1	0.256322368869257	0.417807296039916	0.919780432363111	9
DKK1	-4.16175449369402	0.00016772785464448	0.0207316768814308	9
DKK2	-0.677988555160122			9
DKK3	0.0487349110585841	0.927957764608473	0.998639733078915	9
DKKL1	0.27952958329088	0.669436203447705	0.984493894849006	9
DLAT	0.301309709635189	0.557950701870062	0.96370024816501	9
DLC1	0.440504532598516	0.583501061369661	0.971006418732942	9
DLD	-0.073839513166171	0.809759391338554	0.995936140923453	9
DLEC1	1.67670918601097	0.019632729709161	0.286362374740045	9
DLG1	0.221904300317431	0.543286614338306	0.959871555065334	9
DLG2	0.162246125927848	0.837772750935273	0.998604146933345	9
DLG3	0.1034641478491	0.63899425039894	0.980691547015745	9
DLG4	0.0453879541424848	0.864218972977303	0.998639733078915	9
DLG5	-0.620704377450034			9
DLGAP1	1.42572018595004	0.014825724516514	0.245935074884577	9
DLGAP3	-0.452375088555544	0.523454582095909	0.955391092995928	9
DLGAP4	-0.302433788040762	0.492236758895858	0.945530063911015	9
DLGAP5	3.43294477122902	0.0177351459288314	0.271613938891992	9
DLK2	1.68196352003473	0.0546861658767968	0.474755607289807	9
DLL1	-0.308932277109335			9
DLL3	0.180740003974956	0.898635210053926	0.998639733078915	9
DLL4	0.493889263277311	0.330974069547833	0.889730147622575	9
DLST	0.132144417474482	0.644643722529042	0.980691547015745	9
DLX4	4.17029883043468	0.0475699918999744	0.446153980281923	9
DLX5	3.24160537835893	0.00533036466920912	0.143029822370039	9
DLX6	3.83163962414133	0.012811999365848	0.228956322807848	9
DMAC1	-0.00810750301130489	0.979495051681864	0.998639733078915	9
DMAC2	0.0116403271364247	0.973228187359334	0.998639733078915	9
DMAC2L	-0.836905415181298	0.0734358566929653	0.540459281805551	9
DMAP1	-0.214661138991035	0.621362950135056	0.978573777801597	9
DMBT1	6.90135584555791	0.000163297767119473	0.0206068009368092	9
DMC1	0.680883951552788	0.374928605531467	0.905673456930873	9
DMD	-0.0731135269240025	0.933478755035217	0.998639733078915	9
DMGDH	-0.206739295875015	0.629185447119486	0.979219295330233	9
DMKN	1.32538448192019	0.140831881092428	0.707387624143422	9
DMPK	-0.830013591395128	0.225100217195631	0.808050658079938	9
DMRT3	0.927151104286452	0.680220078116872	0.986978632538871	9
DMRTA1	1.16934215999829	0.124039133676545	0.675125977949663	9
DMTF1	-0.0377437752974718	0.938042448359873	0.998639733078915	9
DMTN	0.564350868218165	0.0613450325651216	0.499544080780838	9
DMWD	-0.522209008214393	0.289059490440805	0.864162235859182	9
DMXL1	-0.18009833064747	0.687109807776692	0.989171265391501	9
DMXL2	0.340916891047754	0.511256892507839	0.951538693830295	9
DNA2	0.828668027269751	0.283670774764775	0.8612268238133	9
DNAAF1	2.51891954040187	0.00692876008277053	0.164140966290313	9
DNAAF2	0.669665812646248	0.157200032478349	0.730154084145029	9
DNAAF3	1.92355251234067	0.147196568522143	0.71554489855417	9
DNAAF4	-0.0188812155360139	0.990994170693677	0.999573118505296	9
DNAAF5	-0.142741099332552	0.530595235751511	0.957299775766752	9
DNAAF6	4.31945515226689	0.0257595380440748	0.330042007221541	9
DNAH1	-0.0220263170498577	0.938890689492992	0.998639733078915	9
DNAH10	2.03061105360136	0.177246688226995	0.752463913780981	9
DNAH11	3.65154348144434	0.00160825436147401	0.0739546499368159	9
DNAH12	3.03743337254383	0.00453338949176941	0.130443201341147	9
DNAH14	1.71866513003297	0.0064980037728427	0.158803035912138	9
DNAH17	0.298437472188726			9
DNAH2	2.15416880613143	0.000206330061636258	0.0236095972078512	9
DNAH3	3.28936780661468	0.00056394038024985	0.0424710405758573	9
DNAH5	4.11101819738825	0.000726954759998824	0.0496786074645492	9
DNAH6	1.28716359065563	0.062186537532878	0.500793671899467	9
DNAH7	1.36621199583103	0.0129369995797154	0.229411110288898	9
DNAH9	2.34759777571559	0.00212764102770233	0.0855752294548068	9
DNAI1	2.57997887699646	0.0340977164915532	0.376452051706669	9
DNAI2	3.31721678163245	0.0175179008212132	0.270959420915792	9
DNAI3	1.04579988325282	0.377709683013448	0.905673456930873	9
DNAI4	0.932603917411081	0.0719633414489389	0.535422834705072	9
DNAJA1	0.554034653988052	0.03341261768235	0.372229169516353	9
DNAJA2	-0.0469813548337884	0.747039178524394	0.991008075540888	9
DNAJA3	-0.632511686004973			9
DNAJA4	0.639367897561862	0.0533228637722163	0.471283724510365	9
DNAJB1	0.940360824524202	0.0105934346342233	0.207938415739057	9
DNAJB11	0.444344058497209	0.243797229330587	0.826893107574444	9
DNAJB12	-0.088412788465531	0.762632736913735	0.992456322270546	9
DNAJB13	1.3780193804018	0.277099668774727	0.857480226675461	9
DNAJB14	-0.270646327856371	0.549376672115685	0.961089318650903	9
DNAJB2	-0.699852553717161	0.016896719394748	0.266466319429355	9
DNAJB4	0.20930626229561	0.70150394334658	0.989276793964962	9
DNAJB5	0.0322235662015389	0.967783238956287	0.998639733078915	9
DNAJB6	-0.0657519265567902	0.850826491595284	0.998639733078915	9
DNAJB9	0.552080906460069	0.185606003730212	0.763792369190164	9
DNAJC1	-0.306076819059195	0.451845612484653	0.933085210672351	9
DNAJC10	0.997099021096396	0.0480473483943392	0.44859387074563	9
DNAJC11	0.356775848161977	0.316523705400326	0.881911182317315	9
DNAJC12	-0.215915951602172	0.694105078086442	0.989171265391501	9
DNAJC13	-0.0172759416688727	0.969823603033439	0.998639733078915	9
DNAJC14	0.379389207895233	0.625067434686812	0.978573777801597	9
DNAJC15	-0.172864586724309	0.722016627211581	0.990516044835733	9
DNAJC16	0.267949097278574	0.221884447708661	0.803541789162795	9
DNAJC17	-0.42310882967136	0.369760681931487	0.904697070444335	9
DNAJC18	-1.094811268713			9
DNAJC19	-0.310510947622686	0.24421880862161	0.827384400749043	9
DNAJC2	-0.0136667044101121	0.978285995816209	0.998639733078915	9
DNAJC21	0.00440259140072018	0.990049319307618	0.999458538741689	9
DNAJC22	2.19446922062611	0.0762542592209054	0.54871604022053	9
DNAJC24	0.159591483733113	0.740364590110822	0.991008075540888	9
DNAJC25	0.355844076496323	0.487632419187002	0.944240081282873	9
DNAJC27	-0.108582978719457	0.776913964398025	0.992930756580613	9
DNAJC28	0.217190785681087			9
DNAJC3	0.0963456983792418	0.695988374503166	0.989276793964962	9
DNAJC30	0.00077224536205623	0.998588081650926	0.999620666732609	9
DNAJC4	-0.506105959415361	0.285455729212597	0.8612268238133	9
DNAJC5	0.0954178414382758	0.758242678165231	0.991955190535962	9
DNAJC6	0.657133852315111	0.543880094600069	0.959871555065334	9
DNAJC7	0.231912435517157	0.397100621403298	0.914438028200431	9
DNAJC8	-0.527979437080319	0.126369840458971	0.679443938788914	9
DNAJC9	0.226583639683185	0.544530240490104	0.960207445296214	9
DNAL1	0.380118444473558	0.135555230993739	0.697917950714537	9
DNAL4	0.531968343994642	0.138657346583258	0.702495653805487	9
DNALI1	0.60212100621199	0.187458340186785	0.765131445762577	9
DNASE1	-0.180145806131736	0.587570514700446	0.971161794932015	9
DNASE1L1	0.0842427330271703	0.88621911857469	0.998639733078915	9
DNASE1L2	-0.394694139739271	0.54125067945356	0.95911179824898	9
DNASE1L3	0.813020206557873	0.357583568391764	0.900578579257948	9
DNASE2	0.117567964294467	0.728553750273234	0.991008075540888	9
DNER	-0.661964910952913	0.429401307116762	0.92450301842919	9
DNHD1	-0.577220058713462	0.0943413023448917	0.601023722016809	9
DNLZ	-1.5086943315761	0.139784459620893	0.704458316307274	9
DNM1	0.292504665157507	0.657004508637851	0.982970871841135	9
DNM1L	-0.0524272516667998	0.910387693951227	0.998639733078915	9
DNM2	-0.0746041626688304	0.762296181385593	0.992456322270546	9
DNM3	-0.195199346908675	0.659206686890962	0.982975949819678	9
DNMBP	-0.320690303049249	0.217780684976971	0.799033281212017	9
DNMT1	0.523069566279858	0.147594813649277	0.716023632026568	9
DNMT3A	0.388258534860178	0.357826535389541	0.900808625706077	9
DNMT3B	0.997012731485902	0.0488805349411391	0.451442492314514	9
DNPEP	-0.427734134032343	0.126394607444612	0.679443938788914	9
DNPH1	-0.459093826263897	0.462595896649358	0.938092874081765	9
DNTTIP1	-0.45993604672627	0.167247340674365	0.744093812633141	9
DNTTIP2	-0.0467986680795706	0.923567137541832	0.998639733078915	9
DOC2A	0.523030601890533	0.293685584684291	0.869453051649583	9
DOC2B	-0.634422875398764	0.641859304360959	0.980691547015745	9
DOCK1	0.37744637388108	0.371072455674566	0.905369091236447	9
DOCK10	0.314537613038789	0.467575398799166	0.939188868595478	9
DOCK11	-0.370526599291636	0.623059545736991	0.978573777801597	9
DOCK2	0.350865439390726	0.446581607498041	0.932585632008735	9
DOCK3	-0.446104122774097	0.465121899305482	0.938713127541383	9
DOCK4	-0.0534285212917324	0.923925133149191	0.998639733078915	9
DOCK5	1.06433302072464	0.0778704473749017	0.554751773021682	9
DOCK6	-0.249737254370194	0.439633568593984	0.929185439005697	9
DOCK7	-0.0222729638408127	0.950191051649878	0.998639733078915	9
DOCK8	0.202565112632888	0.72749218422558	0.991008075540888	9
DOCK9	0.162275899969735	0.752437095159357	0.991008075540888	9
DOHH	-0.0708464874296964	0.852638716561768	0.998639733078915	9
DOK1	-0.0403918653176825	0.912755106811652	0.998639733078915	9
DOK2	0.130028875557181	0.828941805432397	0.99746225363255	9
DOK3	-0.121425266190355	0.753659870642709	0.991053651876121	9
DOK4	0.170506204229883	0.51772038406748	0.953758404613893	9
DOK5	-0.483891998457262	0.383944776667238	0.91042712423857	9
DOK6	0.843804415698863	0.0231632953215406	0.31340187783753	9
DOK7	1.41146394518276	0.169506520767746	0.747605819334372	9
DOLK	-0.0825404295238278	0.834304551477785	0.997923366175869	9
DOLPP1	0.463250295393701	0.262284426534711	0.845049841216177	9
DONSON	0.218320717901485	0.544028524380041	0.959885853260075	9
DOP1A	-0.22026537410667	0.659075043111418	0.982975949819678	9
DOP1B	0.377793973030588	0.329674881822652	0.888350005952175	9
DOT1L	0.312366506140779	0.298788224580496	0.873868235195699	9
DPAGT1	0.154140487972047	0.575593713710032	0.968284112085412	9
DPCD	-0.165822765029991	0.791733659646075	0.994052363875907	9
DPEP1	2.19682726168658	0.0328942056543611	0.370328662012678	9
DPEP2	-1.00988934468499	0.177278723299987	0.752463913780981	9
DPF1	1.48702331580572	0.311890688223151	0.878197198925416	9
DPF2	-0.183522667250832	0.521680961567191	0.955265900194959	9
DPF3	1.24677382417376	0.0285543393206247	0.348627462954294	9
DPH1	0.109880532621291	0.79111901985235	0.994052363875907	9
DPH2	0.168286163661558	0.653564254673551	0.981909614578757	9
DPH3	-0.162735259371511	0.71495610668885	0.989276793964962	9
DPH5	-0.265049318712608	0.294510019599793	0.869965782411697	9
DPH6	-0.309562854915105	0.383184674424099	0.909501363430474	9
DPH7	-0.172597003635717	0.622628070306833	0.978573777801597	9
DPM1	-0.0938858700012794	0.791853632737697	0.994052363875907	9
DPM2	-0.526343604355304	0.288057906435487	0.863004415850258	9
DPM3	-0.893584215056101	0.139629659189803	0.704077453204919	9
DPP10	3.99790155166336	0.0281295474992573	0.3467278248125	9
DPP3	0.642156386413061	0.169764541919023	0.747653629169441	9
DPP4	-0.237253293638381	0.778566189004808	0.992930756580613	9
DPP6	-1.43471741960768	0.00557436054207842	0.145376565303215	9
DPP7	-0.920886953372773	0.0639727194481023	0.506056437177619	9
DPP8	-0.376241915362332	0.266828272904092	0.847767249375861	9
DPP9	-0.180890007087509	0.508185396826969	0.951538693830295	9
DPT	-0.757778447817706	0.41877036804729	0.919780432363111	9
DPY19L1	1.27229870946422	0.00472778734807552	0.132257248881491	9
DPY19L2	-1.11681252572607	0.0046375559789698	0.131005782864226	9
DPY19L3	0.375284336326468	0.372957855559051	0.905673456930873	9
DPY19L4	0.0215733422557121	0.956991910921399	0.998639733078915	9
DPY30	-0.0186251445313377	0.968115710636021	0.998639733078915	9
DPYD	-0.387019046309362	0.445066843954268	0.932585632008735	9
DPYSL2	0.2026631778709	0.525300695052798	0.95640399400448	9
DPYSL3	-0.459021079148609	0.547941985581009	0.960745862937005	9
DPYSL4	0.688547107015281	0.44957033732798	0.932585632008735	9
DQX1	3.85000524864454	0.0370571099151735	0.395468924362961	9
DR1	-0.0505291777631262	0.861789600518975	0.998639733078915	9
DRAM1	-0.578121855389957	0.0892779675745019	0.587531020671967	9
DRAM2	-0.0884599609460138	0.80058974372158	0.995590233849494	9
DRAP1	-0.662878926263537	0.189164853685723	0.765938627234022	9
DRAXIN	0.233737851500632	0.780479987114938	0.99341960111525	9
DRC1	3.41366254178503	0.000934479945555101	0.0540935626523092	9
DRC3	0.411743478505848	0.344136729642833	0.899092963457163	9
DRC7	2.83736476634706	0.0237563943803678	0.316666912389794	9
DRD1	0.275081288511147	0.857026751920926	0.998639733078915	9
DRD2	-0.231705147412318	0.778481748645433	0.992930756580613	9
DRD4	-0.935172409422908	0.627037423741493	0.978573777801597	9
DRG1	-0.292790999714528	0.309668226277233	0.877235807280418	9
DRG2	-0.440139736376669	0.18268720350981	0.759617216219006	9
DRGX	8.64641106136974	0.00222080227558516	0.0871842084838098	9
DRICH1	-0.651129198680325	0.440598810719341	0.929500440384991	9
DROSHA	0.325403796220236	0.124375801147837	0.675776875123707	9
DRP2	-0.653880497417031	0.389192015330889	0.911850347346707	9
DSC2	1.25600305327348	0.118138900398135	0.660798904424733	9
DSCAML1	-1.45045160520286	0.113186529064636	0.645574325936278	9
DSCC1	-0.636282902245944	0.172467992526878	0.74938747148236	9
DSE	-0.332142765226305	0.358462136583141	0.900808696207596	9
DSEL	-2.30908306781992			9
DSG2	2.28859619358561	0.0111832513199068	0.213470135767979	9
DSN1	0.348267916562959	0.356245821054317	0.899926179335231	9
DSP	2.41263586014817	0.000430872618206941	0.036136992712231	9
DST	-0.992458428947889	0.0555362406010169	0.477173707326984	9
DSTN	-0.897496343020062	0.194851574064046	0.774005404940629	9
DSTYK	0.17796263458376	0.601983616749556	0.974057468095769	9
DTD1	-0.0682102772633519	0.879121186486774	0.998639733078915	9
DTD2	0.191028701026908	0.798628192429975	0.995590233849494	9
DTHD1	2.37439526454075	0.0060896420282042	0.153109338082774	9
DTL	2.51417516690078	0.00927031029940192	0.191864183563669	9
DTNA	-1.22649010320674	0.117385565795621	0.657831562911602	9
DTNB	0.341347555582716	0.452358475884004	0.933409545725668	9
DTNBP1	-0.628242791860735	0.0843542127659712	0.576459506777083	9
DTWD1	-0.157995230732775	0.642612118065375	0.980691547015745	9
DTWD2	0.624328615061773	0.160400818310844	0.735531680362338	9
DTX1	2.9313401379718	0.00312330602897457	0.107969836753381	9
DTX2	0.415125799176885	0.250204438662055	0.837475673263174	9
DTX3	-0.647137970785017	0.0367910076700055	0.394621131139353	9
DTX3L	0.496522502428496	0.0887580702344944	0.586984083424703	9
DTX4	1.26625268869437	0.02267123904562	0.309861258844812	9
DTYMK	0.0584924210609889	0.910870461488618	0.998639733078915	9
DUOX1	0.654132250885353	0.276568822178811	0.857340592817907	9
DUOX2	0.717825492091194	0.506547873482188	0.951049753303305	9
DUOXA1	0.992904302858183	0.501798426348326	0.949348943915356	9
DUS1L	-0.302721613109772	0.441375893844677	0.930204107515887	9
DUS2	-0.193037361247738	0.667747489878544	0.984284072108766	9
DUS3L	-0.432467058408911	0.140590308302095	0.706589561064769	9
DUS4L	-0.31225776059677			9
DUS4L-BCAP29	-1.34195001210812			9
DUSP1	2.09502940149021	0.00407925870804525	0.122635311180155	9
DUSP10	1.6300528243852	0.00401210872362661	0.121358067355435	9
DUSP11	-0.0637849266769472	0.814735746619728	0.995936140923453	9
DUSP12	-0.0968469443469632	0.693061735951279	0.989171265391501	9
DUSP14	-0.0943901366687216			9
DUSP15	-0.583936454639915	0.440226222476422	0.929498191107035	9
DUSP16	0.306610005812287			9
DUSP18	0.0229736375635499	0.964430896791254	0.998639733078915	9
DUSP19	-0.180540964120521	0.629574615626569	0.979219295330233	9
DUSP2	3.88880707787148	5.02641234132768e-07	0.000748592811483948	9
DUSP22	-0.389931586389434	0.331234822448129	0.889944887906232	9
DUSP23	-0.19879504651101	0.734788511372621	0.991008075540888	9
DUSP26	-2.27208666685989	0.0081054866619558	0.178153772908449	9
DUSP28	-0.200177194760074	0.658328932013286	0.982975949819678	9
DUSP3	-0.0467751409025926	0.929359176067402	0.998639733078915	9
DUSP4	1.73559770425256	0.0212433169215488	0.29978260141394	9
DUSP5	1.23687336407434	0.0757518188035877	0.545982713554569	9
DUSP6	1.49515035386256	0.000575184115157719	0.0425163385236661	9
DUSP7	0.271084971368537	0.430273113210168	0.92451488206047	9
DUSP8	0.0999055939627132			9
DUT	-0.00437149968165582	0.983633837313419	0.999263264585425	9
DVL1	-0.306341695487225	0.351572697315544	0.899092963457163	9
DVL2	-0.255585298476725	0.171620319025592	0.749226042299155	9
DVL3	-0.168417368044051	0.533960905963951	0.95784961223136	9
DXO	0.299593343948402			9
DYDC1	3.92786161378189	0.0865779743494834	0.581692070720403	9
DYDC2	3.67488281328228	0.0190233416272783	0.282715060333515	9
DYM	-0.157940850101243	0.608970110532052	0.975328830748679	9
DYNC1H1	-0.0282414878714472	0.945213916231764	0.998639733078915	9
DYNC1I1	1.16198421447491	0.0711565012502076	0.532357382135993	9
DYNC1I2	-0.282031312627641	0.361781229385483	0.90143277046037	9
DYNC1LI1	-0.0678090596555192	0.727664622564673	0.991008075540888	9
DYNC1LI2	0.0442824255941488	0.922417905710251	0.998639733078915	9
DYNC2H1	-0.209540638517849	0.638939191302678	0.980691547015745	9
DYNC2I1	0.0805448004001145	0.770487657899552	0.992930756580613	9
DYNC2I2	0.0397860526903627	0.950657675901785	0.998639733078915	9
DYNC2LI1	-0.548708638298971	0.17210467243755	0.74938747148236	9
DYNLL1	-0.376609580388996	0.500690265202303	0.94888930167018	9
DYNLL2	0.381954769911946	0.218775118313529	0.7991436578634	9
DYNLRB1	-0.710844259896762	0.519805797794579	0.953979035340765	9
DYNLRB2	0.778371555993601	0.385597778860359	0.910863010956818	9
DYNLT1	-0.101677344992981	0.846557483676462	0.998639733078915	9
DYNLT2	0.0979863535972554			9
DYNLT2B	-0.252078282233772	0.794891729424594	0.994714385280344	9
DYNLT3	-0.250337219036012	0.555556542485822	0.963343569668406	9
DYNLT4	2.2377669624339	1.64442455198178e-05	0.00539407795817847	9
DYNLT5	-0.164033826938232	0.841272711997297	0.998604146933345	9
DYRK1A	-0.0012223722154023	0.995654843784891	0.999620666732609	9
DYRK1B	0.509816434590279			9
DYRK2	-0.30253009073105	0.417455940478366	0.919780432363111	9
DYRK3	1.09338031945314	0.0267266083700905	0.336613878968349	9
DYRK4	-0.649532025884123	0.0810430061425371	0.567224188558554	9
DYSF	0.730898608414414	0.241123313283791	0.823633020149649	9
DZANK1	0.399133309300535	0.309354341559179	0.877235807280418	9
DZIP1	-0.403829971854068	0.114036995875239	0.648420684173499	9
DZIP1L	-0.455655759737919	0.0883772375008842	0.586402606197106	9
DZIP3	0.19256598692523	0.650699283813329	0.981292533915803	9
E2F1	1.60573472064036	0.0503114791838255	0.456593762377694	9
E2F3	0.6596007207167	0.0995410906825668	0.614776721519865	9
E2F4	-0.32047966875546	0.287134266652946	0.862232237237917	9
E2F5	0.437446849741233	0.560384121055743	0.964946561877165	9
E2F6	-0.267000958426865	0.318585779403468	0.883125763337951	9
E2F7	7.02391117334827	4.446785008279e-06	0.00285386928292201	9
E2F8	3.92039536388285	0.00106154931398006	0.0580352941617027	9
E4F1	-0.628944513183074	0.0564886421980912	0.480592995669178	9
EAF1	0.521153267444208	0.262951909522135	0.845428833249157	9
EAF2	0.638568771512013	0.355968500680411	0.899926179335231	9
EAPP	-0.378993117514636	0.0585801767900032	0.486999537152178	9
EARS2	0.259967458914525	0.406380208286207	0.915238409840383	9
EBAG9	-0.0175943570225409	0.961471255788193	0.998639733078915	9
EBF1	-1.07461012647251	0.021994085093892	0.306278009500887	9
EBF2	0.98280112826087	0.600518128042208	0.974057468095769	9
EBF3	0.865572964817915	0.0856312190594793	0.579551776495632	9
EBF4	-0.946850856029376	0.0447455275509617	0.429725915536594	9
EBI3	-0.284027147315379	0.714720016580295	0.989276793964962	9
EBLN2	-0.0123504273786265	0.983925339481046	0.999263264585425	9
EBNA1BP2	-0.235529242462728	0.41924188703787	0.919802243544293	9
EBP	0.501759754944218	0.489807246633483	0.944931536265188	9
EBPL	0.25260138234351	0.533366868824166	0.95784961223136	9
ECD	0.0158155315706077	0.941771340094201	0.998639733078915	9
ECE1	-0.187710348385427	0.585399307523929	0.971161794932015	9
ECEL1	2.65794843928877	0.00147292021559445	0.072231811635846	9
ECH1	0.0846494663368156			9
ECHDC1	0.213551105391854	0.696064006786194	0.989276793964962	9
ECHDC2	-0.436897005816754	0.195391393285727	0.77508921283694	9
ECHDC3	-0.383796855841154	0.583110787681909	0.970975830769377	9
ECHS1	-0.075019496605943	0.872828394717332	0.998639733078915	9
ECI1	0.1606510556421	0.785393144655954	0.994052363875907	9
ECI2	-0.164379791487121	0.791956635123215	0.994052363875907	9
ECM1	0.599174763648522	0.465710735202185	0.939056634854966	9
ECM2	-0.563242938867873	0.314992429232147	0.880630245192925	9
ECPAS	-0.228016910261258	0.423069483069603	0.922277664097641	9
ECRG4	-1.33629294387813	0.145981599065794	0.713994162958972	9
ECSIT	-0.427221778850797	0.268080797632416	0.847899415785355	9
ECT2	1.62893917888153	9.56091231348394e-05	0.0156809585177041	9
ECT2L	0.136080885280848	0.866886068043176	0.998639733078915	9
EDA	0.457975780665484	0.507382601387071	0.951538693830295	9
EDA2R	-0.412058074717545	0.374834176185234	0.905673456930873	9
EDAR	4.03824598666462	0.00333176425881211	0.10966823841068	9
EDARADD	2.26505190123346	0.019289003965228	0.283863324921004	9
EDC3	0.052255289358678	0.877650782241141	0.998639733078915	9
EDC4	0.125888704042445	0.770812692272535	0.992930756580613	9
EDDM13	-0.96919009306752	0.225976886604618	0.808244559806673	9
EDEM1	0.0435531945546581	0.910610378941232	0.998639733078915	9
EDEM2	0.0108505025990644			9
EDEM3	-0.0375207320396173	0.922332456248813	0.998639733078915	9
EDF1	-0.665498015361514	0.256219451716257	0.840547211401925	9
EDIL3	0.302583212618322	0.538769740680656	0.958979719874913	9
EDN1	0.318640319421711	0.566956262467362	0.965061168919095	9
EDN2	2.07755859681352	0.0954470328849252	0.60545494302294	9
EDN3	4.0954525647573	0.00371190459308123	0.11667895483549	9
EDNRA	0.427335521878928	0.37514377048424	0.905673456930873	9
EDNRB	1.22339456731263	0.0584053233214769	0.486988855775229	9
EDRF1	0.181363234819821	0.629246480356803	0.979219295330233	9
EEA1	-0.198048298854287	0.733153082561333	0.991008075540888	9
EED	0.0108323522642501	0.967192481755957	0.998639733078915	9
EEF1A1	0.0774841692934638	0.756912381606161	0.991890138420883	9
EEF1A2	-0.904460475475512	0.503769817889053	0.949699397427882	9
EEF1AKMT1	-0.400456231056042	0.36162146332569	0.90143277046037	9
EEF1AKMT2	0.0894477459926574	0.795445362223099	0.994714385280344	9
EEF1AKMT3	0.360560064844791	0.242661073559124	0.825069168680706	9
EEF1AKMT4	0.652278083941637	0.739574081459608	0.991008075540888	9
METTL13	0.322152811824124	0.268802404026283	0.848695964307358	9
EEF1B2	-0.509572109800746			9
EEF1D	-0.0080655460246454			9
EEF1E1	0.472683476655364	0.60234455379666	0.974057468095769	9
EEF1G	0.0330199541654355	0.987899353987406	0.999458538741689	9
EEF2	0.00277207422116133	0.993156518413365	0.999620666732609	9
EEF2K	-1.36216973632627			9
EEF2KMT	-0.0224537474910399	0.962866658439556	0.998639733078915	9
EEFSEC	-0.298168396114069			9
EEPD1	-0.46248754827652	0.0767699817547537	0.55007206912765	9
CLXN	-0.248244529283718	0.652001746514596	0.981292533915803	9
EFCAB10	1.02110242523209	0.265507815475443	0.847019853951375	9
EFCAB11	0.329342430507412	0.562278601373798	0.964946561877165	9
EFCAB12	2.46046775009263	0.00212285038342055	0.0855752294548068	9
EFCAB13	0.0888202362581636	0.894953257104404	0.998639733078915	9
EFCAB14	-0.0126128300313251	0.967711622516368	0.998639733078915	9
DRC8	0.690972964666567	0.101744297562823	0.620598172035052	9
EFCAB6	0.685796539937333	0.193314042610427	0.772407629752441	9
EFCAB7	0.0942969365294305	0.846128761255326	0.998639733078915	9
EFCAB8	0.590919853938743	0.674584268751592	0.985298616459508	9
EFCC1	-0.40161809120467	0.260170874144938	0.842792685728616	9
EFEMP1	-0.678828855627654	0.187711453556434	0.765131445762577	9
EFEMP2	-0.752731924271368	0.103068241742143	0.624805507481841	9
EFHB	2.74536100393601	0.01445650774524	0.242749052050195	9
EFHC1	0.109443355252734	0.777398496296876	0.992930756580613	9
EFHC2	-0.467731021487516	0.286898583890789	0.862232237237917	9
EFHD1	-0.933143821952777	0.110053947478642	0.639317716935158	9
EFHD2	-0.302336708560938	0.50218896739176	0.949348943915356	9
EFL1	0.174677704065584	0.654749694957007	0.982654069775495	9
EFNA1	0.22975116676977	0.589277115784902	0.971161794932015	9
EFNA2	2.17113921612555	0.1884155927274	0.765189948662975	9
EFNA3	-0.420505538755242	0.54730124094225	0.960668683051641	9
EFNA4	0.363726749228653	0.565537449875196	0.965041713262426	9
EFNA5	0.997536599741256	0.150793570393827	0.72170459047022	9
EFNB1	-0.386806986240393	0.311022111633975	0.877987643876287	9
EFNB2	0.739938652387966	0.261635367361638	0.844152930628444	9
EFNB3	0.0140238816483348	0.981212435255042	0.998667638198971	9
EFR3A	-0.273806564096013	0.511416129590698	0.951538693830295	9
EFR3B	0.449348268070223	0.29347195903524	0.869287720408175	9
EFS	-0.401311862205276	0.141810533463665	0.707926593299888	9
EFTUD2	0.0796742346229488	0.788460509275744	0.994052363875907	9
EGF	-0.7406951089182	0.450452864890729	0.932585632008735	9
EGFL6	2.11484351730508	0.0218299405691045	0.306013060532337	9
EGFL7	-1.18335418082963	0.0385698911182511	0.401665299676335	9
EGFL8	-0.334481055909279			9
EGFLAM	0.114888480187381	0.803748466161875	0.995590233849494	9
EGFR	0.530975276242968	0.0854436148779875	0.578812849570433	9
EGLN1	-0.0825097729232125	0.92205646067027	0.998639733078915	9
EGLN2	-0.289726303675965			9
EGLN3	1.17464443768084	0.0307720232775159	0.361360034356068	9
EGR1	3.9460857118277	2.65808148696154e-09	1.30786469430131e-05	9
EGR2	1.89635883602402	0.0364173089837791	0.392090370466493	9
EGR3	2.43545098134198	0.00670527086337721	0.161199516635686	9
EGR4	4.17379483241744	0.00740172285233381	0.169491025734572	9
EHBP1	-0.190091717486589	0.730692985240763	0.991008075540888	9
EHBP1L1	-0.276629202187052	0.649254902781304	0.980854452785389	9
EHD1	-0.117947643742905	0.82052298924083	0.996019676235714	9
EHD2	-0.80807212887131	0.172494451511842	0.74938747148236	9
EHD3	-0.188171976000829	0.634281880514339	0.980404340987399	9
EHD4	0.550928466678075	0.171809564026583	0.749226042299155	9
EHF	3.30098920387234	0.00776366556617078	0.174694310094889	9
EHHADH	0.608028661211111	0.0749149621131496	0.544202635704823	9
EHMT1	0.260274332633491	0.360701526962044	0.901129021301342	9
EHMT2	-0.718606675722052			9
EI24	0.299273003074001	0.268930706591176	0.848695964307358	9
EID1	-0.177143866000656	0.538169808013725	0.958979719874913	9
EID2	-0.0563907588181222	0.875963280539116	0.998639733078915	9
EID2B	-0.515243262695993	0.218284706005532	0.799033281212017	9
EID3	-0.428785644137952	0.291783444261765	0.867300729107514	9
EIF1	-0.125757021949654	0.746867826340344	0.991008075540888	9
EIF1AD	-0.223682001304018	0.4078382931506	0.915271886809331	9
EIF1AX	-0.182785546896417	0.478346740216426	0.941072442992838	9
EIF1B	-0.186160448274509	0.492971551060502	0.945530063911015	9
EIF2A	-0.00732842497686898	0.98394352552838	0.999263264585425	9
EIF2AK1	0.24650930433703	0.336430620312517	0.894300807929598	9
EIF2AK2	0.105512956214224	0.66339587668965	0.983171338937342	9
EIF2AK3	0.400992875816709	0.35625047958266	0.899926179335231	9
EIF2AK4	0.235144239917858	0.397671932482892	0.914438028200431	9
EIF2B1	-0.153587683940824	0.439777037248747	0.929222566107751	9
EIF2B2	-0.167346477290864	0.579128123863201	0.969055975901473	9
EIF2B3	-0.307885600594087	0.385836616489235	0.910863010956818	9
EIF2B4	-0.277574891980646	0.350504259239792	0.899092963457163	9
EIF2B5	-0.0581977159427356	0.826636211684707	0.99746225363255	9
EIF2D	-0.204353402915025	0.430731636662479	0.924804318367251	9
EIF2S1	-0.0104439210892142	0.958408598682366	0.998639733078915	9
EIF2S2	-0.208305925905231	0.540484156674942	0.958979719874913	9
EIF2S3	-0.128349056263788	0.61487264878605	0.976405209428427	9
EIF2S3B	-0.0108550523580667	0.990903820631715	0.999573118505296	9
EIF3A	0.191480666942621	0.688111374036294	0.989171265391501	9
EIF3B	-0.00489717652541072	0.984498119106466	0.999393214781001	9
EIF3C	1.20331517711158	0.0243028225146439	0.320272599229001	9
EIF3CL	0.755753824816685	0.202870307570514	0.787422721548345	9
EIF3D	-0.112359908325969	0.627032646934314	0.978573777801597	9
EIF3E	-0.121085232816346	0.7824068552775	0.993751208175834	9
EIF3F	-0.21952882930161	0.385140940503006	0.910863010956818	9
EIF3G	-0.680935437860635	0.118949200795767	0.663320420455733	9
EIF3H	-0.295403747811433	0.235308223795248	0.813141339593178	9
EIF3I	-0.00814304075823211	0.976523111213135	0.998639733078915	9
EIF3J	0.090698530139841	0.736155442599248	0.991008075540888	9
EIF3K	-0.809703882441685			9
EIF3L	-0.17079289365049	0.794806899441293	0.994714385280344	9
EIF3M	-0.224149059766982	0.410628592646968	0.91601809761032	9
EIF4A1	-0.669680978396144			9
EIF4A2	-0.0779985876885428	0.772794654733387	0.992930756580613	9
EIF4A3	0.567638058102111	0.0263292055179105	0.334750562144596	9
EIF4B	0.0228412888376074	0.959073359209997	0.998639733078915	9
EIF4E	0.377252891018893	0.191924655638234	0.770404371802577	9
EIF4E2	-0.0854132468050963	0.810133993215675	0.995936140923453	9
EIF4E3	-0.0274624259587938	0.930149420028187	0.998639733078915	9
EIF4EBP1	-0.237424972935378	0.670530269911429	0.985298616459508	9
EIF4EBP2	0.169674187597509	0.598211827424918	0.973420238699754	9
EIF4EBP3	-0.378548467990635	0.595440599477934	0.972461451729387	9
EIF4ENIF1	-0.00511552740270344	0.989263239102632	0.999458538741689	9
EIF4G1	0.364692721868172	0.310331571698546	0.877716867185713	9
EIF4G2	0.0588248756184791	0.812852392208195	0.995936140923453	9
EIF4G3	0.335080268620144	0.39490385338398	0.913353694686467	9
EIF4H	0.03749428783217	0.894943138096831	0.998639733078915	9
EIF5	-0.0221493245641053	0.953553717901016	0.998639733078915	9
EIF5A	-0.0669927744715712			9
EIF5A2	-0.519661220471934	0.266050470722961	0.847767249375861	9
EIF5AL1	0.386043804793602	0.326045031527052	0.886743452756009	9
EIF5B	-0.452555687318094	0.464165962166846	0.938355642512777	9
EIF6	-0.702395674900703	0.256529982610028	0.840547211401925	9
EIPR1	0.0910676261599629	0.813274987572633	0.995936140923453	9
ELAC1	-0.248154774583677	0.659263398685976	0.982975949819678	9
ELAC2	-0.0207588253187228	0.944304228494738	0.998639733078915	9
ELANE	-0.930001637767968	0.68098376222141	0.987076378845579	9
ELAPOR1	4.89648156234779	0.00174236925884807	0.0781735946196243	9
ELAPOR2	-0.279835771807156	0.651123302353841	0.981292533915803	9
ELAVL1	0.233288788677927	0.338052789384294	0.895709428128086	9
ELAVL2	-0.354107298345294	0.798783400126814	0.995590233849494	9
ELF1	0.197288580169457	0.606936317563447	0.974885729870166	9
ELF2	0.304611081411708	0.470567664984242	0.939528895871055	9
ELF3	2.74209793792006	0.0226648788155211	0.309861258844812	9
ELF4	0.429385870837434	0.134259267295511	0.694830376926368	9
ELFN1	0.8513955892295	0.131716147185811	0.690679235740588	9
ELK1	0.705096128933051	0.160618923101617	0.736256453536436	9
ELK3	-0.202898459979729	0.7244155375137	0.990984782893948	9
ELK4	0.0277479950082872	0.93400033893872	0.998639733078915	9
ELL	-0.0547862178338189	0.894709127087453	0.998639733078915	9
ELL2	0.710118182362016	0.115183875846701	0.651928370925287	9
ELL3	0.21612165462041	0.873812335776192	0.998639733078915	9
ELMO1	-0.214638269245712	0.714559508554725	0.989276793964962	9
ELMO2	-0.290913444865549	0.347162347096838	0.899092963457163	9
ELMO3	0.706106661488717	0.322232809209604	0.885543112951723	9
ELMOD1	-0.0743472436380265	0.909517054812508	0.998639733078915	9
ELMOD2	0.0657302084749702	0.837497093021988	0.998604146933345	9
ELMOD3	-0.125732948951949	0.602317991638988	0.974057468095769	9
ELN	-1.22249718714959	0.0830936013447401	0.573373278126119	9
ELOA	0.260914427804537	0.313810670937825	0.879953262711861	9
ELOB	-0.742314919016376	0.253440892771941	0.839098594740734	9
ELOC	-0.118256162631591	0.723504464142176	0.990738457795087	9
ELOF1	-0.594360556427385	0.154806819474589	0.727862257442023	9
ELOVL1	-0.410707184707482	0.389483665273279	0.911987370415429	9
ELOVL2	-0.533459166976739	0.386007469914336	0.910863010956818	9
ELOVL3	1.60259759976312	0.320963450746165	0.885543112951723	9
ELOVL4	0.049521873564401	0.910779983801045	0.998639733078915	9
ELOVL5	0.353348214272982	0.303041109590005	0.874342355309609	9
ELOVL6	0.765301183348967	0.0660685094573512	0.514365647732047	9
ELOVL7	0.365875610917324	0.551223574816928	0.961547056000079	9
ELP1	0.109108015546809	0.671036403149945	0.985298616459508	9
ELP2	0.237877655061794	0.511315756876418	0.951538693830295	9
ELP3	1.11962850024267	0.0111914711037523	0.213470135767979	9
ELP4	-0.161736591231264	0.529066548217765	0.957299775766752	9
ELP5	-0.287464200134629			9
ELP6	-0.254605916671533	0.422105752891618	0.922045733570987	9
EMB	-0.12152663030222	0.830537985809492	0.99746225363255	9
EMC1	0.248982059834558	0.367480022445815	0.902407687792826	9
EMC10	-0.0945653451124616	0.862406290332552	0.998639733078915	9
EMC2	-0.259674671271599	0.486601613149825	0.943977712144114	9
EMC3	-0.294191153112712	0.36229012615024	0.90143277046037	9
EMC4	0.0149181800314153	0.960621773261501	0.998639733078915	9
EMC7	-0.529611092444076	0.187242447877519	0.765079182510763	9
EMC8	-0.0829146272405997	0.815535359398765	0.995966406600323	9
EMC9	-0.306832462852172			9
EMCN	-0.706300977919908	0.280936355120451	0.861181225180475	9
EMD	-0.613390977761922	0.0315591633225045	0.364721300975235	9
EME1	2.01884899665692	0.0527983006963727	0.470625432716883	9
EME2	-0.183066099586501	0.580239208862379	0.969055975901473	9
EMG1	-0.103821014105171	0.770308822171622	0.992930756580613	9
EMID1	2.50500921459453	0.00309978483903918	0.10766099766837	9
EMILIN1	-0.722430737453841	0.264164873709478	0.84593551057786	9
EMILIN2	0.203555855011883	0.696990696544465	0.989276793964962	9
EMILIN3	-0.928254306203462	0.263017489461873	0.845428833249157	9
EML1	0.285296911976008	0.594953297040627	0.972236092783093	9
EML2	0.419542029692813	0.273619619589631	0.852564368485894	9
EML3	-0.760229518044459	0.0658616565035941	0.513679603143605	9
EML4	0.34248925420289	0.304765921971508	0.875750516304824	9
EML5	0.56164652061881	0.744935452115123	0.991008075540888	9
EML6	0.865145565008877	0.13944289544645	0.703697975960702	9
EMP1	1.1795790409592	0.116158793646672	0.655185308757555	9
EMP2	-0.47536860592665	0.269317252550558	0.848717328116734	9
EMP3	-1.81744939943138	0.0207023245122103	0.296974744533271	9
EMSY	0.0693873401864127	0.860071826506689	0.998639733078915	9
EMX2	-0.756163486041035	0.000618717109166412	0.0441202089294947	9
EN2	4.40240824688788	0.00362617676624035	0.115857132568125	9
ENAH	-0.313690785262978	0.440710037138145	0.929500440384991	9
ENC1	2.35079148795309	0.00516391417920222	0.139861536145328	9
ENDOD1	-0.403627912134138	0.418023913080323	0.919780432363111	9
ENDOG	0.15902397802578	0.824050395331867	0.997189504159952	9
ENDOU	0.451043221019357	0.746598872321505	0.991008075540888	9
ENDOV	-0.523857344801503	0.199120315736896	0.780997970767379	9
ENG	-0.108136523381347	0.795817207551481	0.994714385280344	9
ENGASE	-0.186626864006273	0.486498890164654	0.943977712144114	9
ENHO	3.0129435674208	0.0734755800433475	0.540459281805551	9
ENKD1	-0.722085105011956	0.155508891096573	0.727862257442023	9
ENKUR	3.51796716036984	0.00365185001667687	0.116178453459717	9
ENO1	-0.180495802000386	0.68932078798052	0.989171265391501	9
ENO2	-1.17861283411358	0.0530654351613688	0.471283724510365	9
ENO3	-0.232210348708985	0.664611487670128	0.983751571031755	9
ENO4	0.283179599077569	0.745887874291065	0.991008075540888	9
ENOPH1	0.113261823724829	0.6882459186727	0.989171265391501	9
ENOSF1	-0.0543088134957573	0.880333110067711	0.998639733078915	9
ENOX1	-0.0702310453937663	0.940432733416342	0.998639733078915	9
ENOX2	-0.666973785178677	0.124687379871746	0.675947135332049	9
ENPEP	-0.5845934044144	0.208251050756509	0.792178019421267	9
ENPP1	-1.90951284773435	0.00261830554417283	0.0971147133208163	9
ENPP2	-1.01076379190043	0.0546877028235344	0.474755607289807	9
ENPP3	1.07360878724726	0.137843941489116	0.7016256621796	9
ENPP4	1.34942685390171	0.0381601104886631	0.399856105133735	9
ENPP5	2.1265962964785	0.0195159379795875	0.285505213594343	9
ENSA	-0.0702868488635513	0.716731546304516	0.989276793964962	9
ENTPD1	-0.32224492427664	0.582847825063512	0.970965892530257	9
ENTPD2	1.24270435862684	0.00827662641245713	0.179680005824626	9
ENTPD3	-0.0384319668114185	0.948104517422525	0.998639733078915	9
ENTPD4	0.122503026742991	0.70513390944159	0.989276793964962	9
ENTPD5	0.2754349983641	0.493219086904342	0.945530063911015	9
ENTPD6	-0.476898401060871	0.2186033421815	0.799109443769469	9
ENTPD7	0.768638971467987	0.0552206666687136	0.476193549252792	9
ENTPD8	-0.589327922613743	0.672743508489901	0.985298616459508	9
ENTR1	-0.106820985170396	0.634204509667872	0.980404340987399	9
ENY2	-0.159702063132335	0.517844499781503	0.953758404613893	9
EOGT	0.216757232165373	0.768245604995247	0.992930756580613	9
EOLA1	0.261652097940099	0.284381692296405	0.8612268238133	9
EOLA2	0.383687388649272	0.0686331686933777	0.525256050717737	9
EOMES	-0.686660236106359	0.204579397066682	0.787978456688567	9
EP300	0.429723118364971	0.37292094705289	0.905673456930873	9
EP400	0.0867916298370384	0.788601338638714	0.994052363875907	9
EPAS1	0.0732492015353163	0.91351752492493	0.998639733078915	9
EPB41	-0.0785203985892327	0.884867267553389	0.998639733078915	9
EPB41L1	-0.0812024190400487	0.780482453257526	0.99341960111525	9
EPB41L2	1.00594322651427	0.0693887273880432	0.528507226509239	9
EPB41L3	-0.0609682962517853	0.830415616107232	0.99746225363255	9
EPB41L4A	0.215501513833274	0.783089455293905	0.993822153589029	9
EPB41L4B	2.88492504569789	0.00314654254721216	0.108014219859067	9
EPB41L5	0.296529745926831	0.427837312557493	0.923608338376662	9
EPC1	-0.02295763179594	0.945984249942607	0.998639733078915	9
EPC2	-0.0626608792533465	0.886837452770756	0.998639733078915	9
EPCAM	3.46376124640228	0.0281933921432712	0.3467278248125	9
EPDR1	0.0557597454811288	0.868873628334346	0.998639733078915	9
EPG5	0.155573154805451	0.676247471083141	0.985627824404081	9
EPHA1	1.91587759844843			9
EPHA10	4.51672889320542	0.0089231764959854	0.187999996278357	9
EPHA2	0.216655828532165	0.645537812732076	0.980691547015745	9
EPHA3	-0.689829062693498	0.445117443583646	0.932585632008735	9
EPHA4	-1.36203193275098	0.00541272702503095	0.143905780812088	9
EPHA5	1.90621931526167	0.0548821566580569	0.47514106418157	9
EPHA6	1.08684456276046	0.188761657853986	0.765680360423931	9
EPHA7	1.82485008443515	0.0598306974327005	0.492011657272475	9
EPHB1	1.92550499115442	0.0114271983992536	0.215423851304448	9
EPHB2	1.64819956273162	0.000752713450817424	0.0501726725830077	9
EPHB3	-0.1727544478607	0.573850329853311	0.968284112085412	9
EPHB4	-0.120884703078213	0.75109143100313	0.991008075540888	9
EPHB6	-0.360741037805971	0.710271838137966	0.989276793964962	9
EPHX1	-0.510177200056212	0.182242190308578	0.759265303738333	9
EPHX2	0.234708472612062	0.512734409961143	0.952274007677829	9
EPHX3	0.990378575150035	0.266890768921311	0.847767249375861	9
EPHX4	0.227074396106533	0.737547141853276	0.991008075540888	9
EPM2A	-0.746232219032183	0.24978462306021	0.837019482631499	9
EPM2AIP1	-0.293302876626553	0.302749511302246	0.874342355309609	9
EPN1	-0.328568164650499	0.478952584026933	0.941072442992838	9
EPN2	-0.266002976772299	0.646646572485655	0.980691547015745	9
EPN3	1.05238481215176	0.150060957867028	0.721659461536377	9
EPO	-1.58827721840869	0.221557910770361	0.80290516196338	9
EPOP	0.353054311348969			9
EPOR	0.648940002221923	0.339759167561793	0.896524077278898	9
EPPIN	3.7658491542284	0.0319232325212162	0.365879234068636	9
EPPK1	1.0633987687594	0.229935069408497	0.808244559806673	9
EPRS1	-0.0541632420157294	0.83325119699827	0.99777061879431	9
EPS15	-0.379087318406383	0.312617916404199	0.878460510954195	9
EPS15L1	-0.319397711001323	0.319749660532735	0.884742116921954	9
EPS8	-0.338633809405275	0.603504948134726	0.974057468095769	9
EPS8L1	1.72094394613027	0.0887971992607114	0.586984083424703	9
EPS8L2	0.40769764215804	0.377782919729681	0.905673456930873	9
EPSTI1	0.499595096857513	0.0642931535717979	0.506704764272384	9
EPX	-0.189342476936559	0.830140503897948	0.99746225363255	9
EPYC	3.88488536382866			9
ERAL1	0.00324090207097903	0.993557666845073	0.999620666732609	9
ERAP1	0.128955409553962	0.722996570389586	0.990516044835733	9
ERAP2	0.0581789187725385	0.933409056149666	0.998639733078915	9
ERAS	0.0380266260075381	0.971753681650664	0.998639733078915	9
ERBB2	0.494285703279805	0.0562943945768051	0.479493109260369	9
ERBB3	2.9548333371308	0.000769008333401861	0.0502271327847118	9
ERBB4	2.26988655585096	0.0420634790059834	0.416246681284481	9
ERBIN	0.21622898260323	0.607707850320587	0.975146817978279	9
ERC1	0.370221582879992	0.393948769976576	0.913028386500901	9
ERC2	0.791874522954701	0.35661219539732	0.899926179335231	9
ERCC1	-0.353077371451214	0.358236373941459	0.900808696207596	9
ERCC2	0.0942904481582642	0.818341603053892	0.995966406600323	9
ERCC3	0.0384044600929563	0.850642114166183	0.998639733078915	9
ERCC4	-0.00984030151919912	0.978393095921614	0.998639733078915	9
ERCC5	-0.122928569019977	0.905247654225898	0.998639733078915	9
ERCC6	0.150050245299434	0.699115146570927	0.989276793964962	9
ERCC6L	1.11324258761885	0.212029107248939	0.794171927467666	9
ERCC6L2	0.401506684830556	0.276642046175171	0.857340592817907	9
ERCC8	-0.0450302191873548	0.918705829514477	0.998639733078915	9
EREG	2.95531948327878	0.250647158864663	0.837952578529169	9
ERF	0.0427030459859603	0.894511902924195	0.998639733078915	9
ERFE	0.224573286470158	0.766848002963361	0.992930756580613	9
ERFL	-0.296974117263422	0.731515922468108	0.991008075540888	9
ERG	-0.0838563174263319	0.836162521702418	0.998604146933345	9
ERG28	0.109649743542523	0.776143774506336	0.992930756580613	9
ERGIC1	0.271176852027547	0.355095178202111	0.899926179335231	9
ERGIC2	-0.114677930227063	0.771586208437929	0.992930756580613	9
ERGIC3	-0.2337604571846	0.602237787823415	0.974057468095769	9
ERH	0.00821326698717849	0.979847385078964	0.998639733078915	9
ERI1	0.74547194872275	0.580645941485848	0.969055975901473	9
ERI2	1.101965517411	0.0976198173812387	0.611794745383946	9
ERI3	-0.407006753256066	0.326877488091094	0.887903506431062	9
ERICH1	0.43746298575271	0.309807684689644	0.877235807280418	9
ERICH2	0.322259915213502	0.608856542172221	0.975328830748679	9
ERICH3	4.22622947760062	0.00152852317625811	0.0727734371605718	9
ERICH4	0.714938511419125	0.551587352750937	0.961727015586651	9
ERICH5	2.04750667433337	0.0924864488079854	0.596414360355908	9
ERLEC1	0.0604250798682755	0.886262504127127	0.998639733078915	9
ERLIN1	0.459028457893826	0.21546419416685	0.798323137611018	9
ERLIN2	-0.0246065674658076	0.942113003411972	0.998639733078915	9
ERMAP	0.991187246208387	0.0162278314345502	0.259241363425752	9
ERMARD	-0.306288752826494			9
ERMN	1.67587945934227	0.163432288652066	0.73994607886052	9
ERMP1	0.61123719955512	0.226208538878923	0.808244559806673	9
ERN1	0.4830685789256	0.213590037878616	0.795103514581832	9
ERN2	0.0836899237277338	0.971461158325398	0.998639733078915	9
ERO1A	0.20619674412878	0.446984132315035	0.932585632008735	9
ERO1B	-0.39123825820278	0.345490422339931	0.899092963457163	9
ERP27	1.37707405586058	0.203790442137467	0.787756350592083	9
ERP29	0.181312520796191	0.585106327864714	0.971161794932015	9
ERP44	-0.308385398260207	0.356057146527826	0.899926179335231	9
ERRFI1	0.457129226239768	0.329894485573941	0.888608120722069	9
ERV3-1	0.648129466726319	0.350359423308593	0.899092963457163	9
ERVFRD-1	-2.59405397016013	0.0324545598118176	0.368792730856228	9
ERVH48-1	0.977523826532168	0.555387237326477	0.963343569668406	9
ERVMER34-1	1.51618747584914	0.156812564736202	0.7292143264838	9
ESAM	-0.268300678793958	0.539285533050203	0.958979719874913	9
ESCO1	-0.159148185461784	0.728050224699687	0.991008075540888	9
ESCO2	3.73522803790102	0.00300485250877574	0.106878621402503	9
ESD	-0.759249938696747	0.0309973650657183	0.36229542104952	9
ESF1	0.21916994605334	0.737856409312738	0.991008075540888	9
ESM1	4.33633884162442	2.9568999288616e-05	0.00703980642740743	9
ESPL1	2.38552740614678	0.00796545367192625	0.177585094488468	9
ESPN	2.77944152027842	0.0123325393028755	0.223912192681113	9
ESPNL	-1.20497465028959	0.104995360755267	0.628298316800495	9
ESR1	-0.057064359215132	0.923499512361966	0.998639733078915	9
ESR2	0.0562166867670583	0.892996835594583	0.998639733078915	9
ESRP1	3.22494325246326	0.00990603485516607	0.198820623253223	9
ESRP2	2.9213696233883	0.00910982026388346	0.190737669383239	9
ESRRA	0.0551330349553016	0.884908595302964	0.998639733078915	9
ESRRG	3.87682598456723	0.0141926441919656	0.240249565272481	9
ESS2	-0.728517352184599	0.092852136635662	0.597205756282276	9
ESYT1	0.13251134804917	0.776841688707114	0.992930756580613	9
ESYT2	-0.164065413443704	0.698189251232111	0.989276793964962	9
ESYT3	-1.17561198559359	0.00427897360980489	0.125659443267167	9
ETAA1	-0.286989272515314	0.564094563247469	0.965041713262426	9
ETF1	0.244540975640964	0.5057906625795	0.950760358225867	9
ETFA	0.260064464412246	0.399626029237182	0.914438028200431	9
ETFB	-0.736886848559858	0.351699917042358	0.89926251090633	9
ETFBKMT	-0.241129093900955	0.490189970974484	0.944931536265188	9
ETFDH	0.0418286329964095	0.900745168684519	0.998639733078915	9
ETFRF1	-0.297510654999833	0.40258501020047	0.915238409840383	9
ETHE1	0.107429987751721	0.847111336769831	0.998639733078915	9
ETNK1	0.241389439153785	0.562748170574619	0.964946561877165	9
ETNK2	-0.791937335128484	0.129270958645409	0.684879194120479	9
ETNPPL	5.86950587174134	0.00371606873748383	0.11667895483549	9
ETS1	0.291835056011705	0.605085414631372	0.974362117013499	9
ETS2	0.454218899978003	0.197927523527819	0.780545498866809	9
ETV1	-0.0532676178056428	0.945692362555481	0.998639733078915	9
ETV2	-0.646328861345132	0.49553020336035	0.946613606254215	9
ETV3	0.422269930825643	0.307082600046437	0.876432473153517	9
ETV4	1.02905397413791	0.272892574903113	0.852161476231194	9
ETV5	0.477356083110732	0.330567355751184	0.889608885732586	9
ETV6	0.286662291672643	0.277015617505275	0.857480226675461	9
ETV7	-0.317874731752648	0.67975031684691	0.986916482166846	9
EVA1A	1.02649083559465	0.0637369888695749	0.505274808111598	9
EVA1B	-1.3061096640459	0.495079513841553	0.946469261729944	9
EVA1C	-1.18919168618985	0.0908555521750725	0.591844133122791	9
EVC	0.0831765143512859	0.899556835325182	0.998639733078915	9
EVC2	-0.460096671110409	0.0890236656052906	0.587428845775456	9
EVI2A	0.0231260520172741	0.97571357114788	0.998639733078915	9
EVI2B	-0.37108276279285	0.528012187542993	0.957299775766752	9
EVI5	0.00274796773768938	0.99523674657801	0.999620666732609	9
EVI5L	-0.258913101894326	0.553518876747134	0.9626262906904	9
EVL	-0.0474264535290104	0.876137644761474	0.998639733078915	9
EVPL	0.191788119444757	0.741791691710576	0.991008075540888	9
EVX1	-0.731035523618534	0.641393261565833	0.980691547015745	9
EWSR1	0.0748215396447113	0.759389287848243	0.991955190535962	9
EXD2	0.0472121388024136	0.856165064301907	0.998639733078915	9
EXD3	-0.603124758471604	0.106722718961374	0.632664278951344	9
EXO1	3.72256494253617	0.000783919668387099	0.0509101684117623	9
EXO5	0.0593838675755294	0.900878095903181	0.998639733078915	9
EXOC1	0.154843037844942	0.648580989631735	0.980691547015745	9
EXOC2	0.0086365372018857	0.972676160274359	0.998639733078915	9
EXOC3	-0.473732771288777	0.114782119439447	0.650402635334235	9
EXOC3L1	-0.17223016688674	0.651436334896176	0.981292533915803	9
EXOC3L2	0.191299655830984	0.725631272955404	0.991008075540888	9
EXOC3L4	-0.571451522126178	0.5366606889669	0.95784961223136	9
EXOC4	0.205579661360833	0.478883772409424	0.941072442992838	9
EXOC5	0.084691568602835	0.801123623557209	0.995590233849494	9
EXOC6	-0.142016575877346	0.784073197122945	0.993964186291201	9
EXOC6B	-0.0500642437103094	0.886342137521385	0.998639733078915	9
EXOC7	0.114680009116196	0.76099990564018	0.992004541019998	9
EXOC8	-0.0642090146010535	0.829730212978752	0.99746225363255	9
EXOG	-0.0440689014836377	0.836856427621162	0.998604146933345	9
EXOSC1	-0.116485901890218	0.738148180436901	0.991008075540888	9
EXOSC10	-0.260578382974776	0.386365479345191	0.910863010956818	9
EXOSC2	-0.0856624194401073	0.790100088055306	0.994052363875907	9
EXOSC3	0.475356553441785	0.112586452158312	0.645265927566736	9
EXOSC4	-0.563726215157265	0.403115665543653	0.915238409840383	9
EXOSC5	0.0423831564294818	0.931990452448381	0.998639733078915	9
EXOSC6	0.202845870193752	0.589941523974445	0.971187979266693	9
EXOSC7	-0.374475949191832	0.355531722192161	0.899926179335231	9
EXOSC8	-0.42652853788426	0.338655508160762	0.896341035675276	9
EXOSC9	-0.113872106179801	0.788901249596511	0.994052363875907	9
EXPH5	1.81067920406691	0.0371019439327955	0.395468924362961	9
EXT1	0.480844846882189	0.118585633842161	0.662293810497217	9
EXT2	-0.0150116453622825	0.950179952697082	0.998639733078915	9
EXTL1	-0.0369858980957552	0.955363866104415	0.998639733078915	9
EXTL2	0.00937779587795261	0.973964787518477	0.998639733078915	9
EXTL3	-0.0202419684537887	0.959642785571501	0.998639733078915	9
EYA1	1.24898104116927	0.264175765902645	0.84593551057786	9
EYA2	2.86325867488671	0.000471822101225	0.0379027354348235	9
EYA3	0.323672168278515	0.24261154674067	0.825069168680706	9
EYA4	2.0217463711578			9
EYS	-0.704322128262745	0.563380415629385	0.965041713262426	9
EZH1	-0.698959635902182	0.0789545595791589	0.560311660551906	9
EZH2	1.39265596150264	0.00721464153907453	0.167085976447912	9
EZR	1.36856766486606	0.00320419675532004	0.108735232671016	9
F10	-1.6578759463369	0.0159295239261379	0.255860394639522	9
F11R	1.6361552728727	0.00747700031054579	0.169796925513794	9
F12	-0.736409928562402	0.505200812177086	0.950760358225867	9
F13A1	2.9967639864885	9.89918141972946e-07	0.00121768180780522	9
F2R	0.621493468162701	0.208902715249241	0.793035479075249	9
F2RL1	2.12608197015013	0.067131012194068	0.51772250313304	9
F2RL2	0.827538034771363	0.174191877860739	0.751250158017082	9
F2RL3	-0.693065084737722	0.456183924609737	0.935968740261907	9
F3	1.01397371988069	0.176246822382281	0.751250158017082	9
F5	1.18578638428877	0.318571567767774	0.883125763337951	9
F7	1.06920880532881	0.408112276465083	0.915271886809331	9
F8	-0.568014822356466	0.394930182885494	0.913353694686467	9
F8A1	-1.32831457324143	0.0584248588079721	0.486988855775229	9
F8A3	-0.935164454099423	0.339422389729365	0.896524077278898	9
FA2H	2.91896852239338	0.0705031924235655	0.530156710832527	9
FAAH	0.550777504818206	0.370625625988268	0.905071602609146	9
FAAH2	1.7685602634866	0.0545665695158876	0.474755607289807	9
FAAP100	-0.17644443795762	0.668546204030816	0.984380101516098	9
FAAP20	-0.745002403030893	0.181414043732893	0.758983454819571	9
FAAP24	0.104477505092793	0.876830980952729	0.998639733078915	9
FABP3	-2.2179790537554	0.00375678267241072	0.117158305464141	9
FABP4	-1.56266419719765	0.198666421626838	0.780997970767379	9
FABP5	-1.70230002361571	0.000807717965251218	0.0509101684117623	9
FABP6	4.30641012646345	0.0126393735948471	0.226912456726265	9
FADD	0.303977140849552	0.632392311299914	0.979380833016394	9
FADS1	-0.47203210374769	0.236117979802891	0.814140971705318	9
FADS2	-0.545089500860268	0.250687527049984	0.837952578529169	9
FADS3	-0.623153136454727	0.212613787162307	0.794171927467666	9
FAF1	-0.413443847155675	0.186391827022873	0.765079182510763	9
FAF2	0.276374264198658	0.194395080727119	0.773615413978879	9
FAH	-1.01634181666814	0.149198726319328	0.719243108817636	9
FAHD1	-0.349321487592809	0.29352840032957	0.869287720408175	9
FAHD2A	-0.312413122773611	0.224508402621281	0.807243127203648	9
FAHD2B	-0.675004427166876	0.0457568139072083	0.43575247102213	9
FAIM	0.34323335743324	0.39756742432468	0.914438028200431	9
FAIM2	-1.58235484500781	0.0552753218086764	0.476193549252792	9
EEIG1	0.112025329329617	0.766762923213531	0.992930756580613	9
EEIG2	0.420701526365561	0.385490411828616	0.910863010956818	9
VCF1	-0.103446434160718	0.830823904291647	0.99746225363255	9
VCF2	-0.632507449744033	0.120006220655559	0.666194743548971	9
FAM107A	-1.54442055338584	0.034838531104172	0.38018699967458	9
FAM107B	-0.589721964571236	0.0917873245236343	0.594447327500439	9
FAM110A	0.781451173315542	0.212716878891668	0.794171927467666	9
FAM110B	-0.474593728258147	0.257655556616699	0.84120654729864	9
FAM110C	1.06640442197786	0.152271261220689	0.723675843478971	9
FAM110D	0.700552250648303	0.307852885421167	0.876582754426691	9
FAM111A	0.174457034848329	0.648517625314615	0.980691547015745	9
FAM111B	2.70610448489075	0.0287670881334464	0.348988736932948	9
FAM114A1	-0.100243675111668	0.809748080466775	0.995936140923453	9
FAM114A2	0.0621161371382097	0.832370552104773	0.99746225363255	9
FAM117A	-0.174893269923126	0.69639106922276	0.989276793964962	9
FAM117B	0.504082108201382	0.354219921594187	0.899715225734967	9
FAM118A	-0.0825894684568596	0.892896442262753	0.998639733078915	9
FAM118B	-0.26567037369621	0.569264832752815	0.966437172085474	9
FAM120A	0.416032238099401	0.16294320106092	0.73994607886052	9
FAM120AOS	-0.0203747727980247	0.912266203122977	0.998639733078915	9
FAM120B	-0.238484432586884			9
FAM120C	0.13042027813553	0.739378333011441	0.991008075540888	9
FAM124A	-0.54924249334507	0.352869464225957	0.899715225734967	9
FAM124B	-0.567791818938402	0.454448045740974	0.934328774803787	9
HYCC1	0.0153709219220979	0.975273714625486	0.998639733078915	9
HYCC2	-0.167234922829032	0.622075748887088	0.978573777801597	9
FAM131A	-0.170901881037856	0.651958670434533	0.981292533915803	9
FAM131B	-0.679570980938709	0.112351787068034	0.644549059040515	9
FAM131C	-2.94361373218714	0.00347304894208696	0.11316926144403	9
FAM133A	0.0121562008797418	0.989780678853689	0.999458538741689	9
FAM133B	-0.232160731629993	0.590509704838596	0.971187979266693	9
FAM135A	-0.148443497307212	0.793382303183263	0.994490164511561	9
FAM136A	0.464371613627456	0.203935486932459	0.787978456688567	9
FAM13A	-0.0945772209601732	0.803263454519564	0.995590233849494	9
FAM13B	0.316889606096817	0.357577363646676	0.900578579257948	9
FAM13C	0.493636626301612	0.559808194680613	0.964946561877165	9
FAM149A	0.27524302591297	0.510953957835127	0.951538693830295	9
FAM149B1	0.316482485647283	0.28719330093202	0.862232237237917	9
FAM151A	-0.273746169031421	0.821694982103404	0.99629084518112	9
FAM151B	0.356696895537731	0.554465693700928	0.962765334045336	9
FAM153A	1.45929663168762	0.071552041145735	0.534023741163094	9
FAM156A	0.26112621307204	0.738272028284882	0.991008075540888	9
FAM161A	0.486106697007001	0.40355825703583	0.915238409840383	9
FAM161B	-0.561691102542651	0.187536275531192	0.765131445762577	9
FAM162A	-0.893741087243302	0.0139532159630951	0.238367163885275	9
FAM162B	0.397013592144686	0.552231512121604	0.96218995166999	9
CIMIP2B	2.76266974476105	0.0229727305424079	0.3119599590952	9
CIMIP2C	1.85990449036915	0.0858477865982804	0.580485193759605	9
FAM167B	-0.737265075926482	0.234662320896876	0.812677377860435	9
FAM168A	0.255150440134754	0.451103177131795	0.932987809673873	9
FAM168B	-0.133107795547166	0.854581278552856	0.998639733078915	9
FAM169A	2.17137905152941	0.0190808148222561	0.283067243810374	9
FAM171A1	0.620068608450824	0.133596334372077	0.693057206498099	9
FAM171A2	0.45591998453066	0.450101826021961	0.932585632008735	9
FAM171B	-0.321704001289513	0.485655401584216	0.943878786410088	9
ARB2A	0.0404965820653761	0.889932394186661	0.998639733078915	9
FAM174A	0.234624973037489	0.436886667171777	0.928431340933285	9
FAM174B	1.50283883446124	0.0467156166861302	0.440619308564836	9
FAM177A1	0.458366495386901	0.303556075646499	0.875040193640685	9
FAM178B	-1.16787323865711			9
FAM180A	-1.27949784535138	0.198694027366343	0.780997970767379	9
FAM181B	-0.155224042021032	0.849568661178473	0.998639733078915	9
CFAP144	2.11373704495928	0.0233733325435272	0.313834800744295	9
FAM184A	-0.139891587928817	0.840444121361348	0.998604146933345	9
FAM184B	-0.628198150370124	0.257097443295506	0.840547211401925	9
FAM185A	-0.00771828593601598	0.982754524061401	0.999070375492198	9
FAM186A	0.557749678628562			9
FAM186B	0.139525088173619	0.859799403966491	0.998639733078915	9
ENTREP2	0.979396774071787	0.585293442289267	0.971161794932015	9
ENTREP1	1.18486076453264	0.0574766611627625	0.48342620821854	9
ENTREP3	-0.631749731917955			9
FAM193A	0.121664630442299	0.577567427182679	0.968693647613172	9
FAM193B	-0.28055828513894	0.469016018549313	0.939188868595478	9
FAM199X	-0.033332100119921	0.942771044016067	0.998639733078915	9
FAM200A	-0.00393933037863852	0.99211241292803	0.999620666732609	9
FAM200B	0.40941773741387	0.204949440938799	0.788443757544336	9
FAM204A	-0.404729462964303	0.175790152588164	0.751250158017082	9
SLX9	-0.368085230719859	0.252376246870643	0.838161746834043	9
FAM20A	-0.30573013352004	0.587512883089193	0.971161794932015	9
FAM20B	-0.0508766294953131	0.854557027791599	0.998639733078915	9
FAM20C	0.515439422935834			9
FAM210A	0.029430988980227	0.905298726990636	0.998639733078915	9
FAM210B	0.210267053233941	0.209049270854005	0.793035479075249	9
ATOSA	0.0880577586956297	0.821720167097862	0.99629084518112	9
ATOSB	0.0493067975474595	0.882145302921124	0.998639733078915	9
FAM216A	-0.360579265903057	0.301571509857415	0.874342355309609	9
FAM216B	1.55525198972765	0.270648677947636	0.849828788594992	9
FAM217B	-0.546736583307036	0.101729446977216	0.620598172035052	9
FAM219A	-0.470636349838857	0.30081988589554	0.874342355309609	9
FAM219B	0.102482114925751	0.815452632755054	0.995966406600323	9
FAM220A	0.34207467649003	0.233732229902586	0.811069938371157	9
FAM221A	0.955540448119747	0.119722837395423	0.665622901240615	9
FAM222A	1.49053845353508	0.0457506772498943	0.43575247102213	9
FAM222B	0.103692263662667	0.746702849756157	0.991008075540888	9
FAM227A	1.03269658436306	0.0191903772337944	0.28362234402393	9
FAM227B	-0.13136549665558	0.824447913606716	0.997189504159952	9
FAM228A	-0.00397944471589897	0.997157571145982	0.999620666732609	9
FAM228B	-0.940206880566014	0.104497270134082	0.628298316800495	9
FAM229A	-0.991632355235819	0.118304681979378	0.661225070313368	9
FAM229B	-0.508845885268231	0.319318089924101	0.88432538937517	9
FAM234A	-0.0901098695505437	0.853378117055242	0.998639733078915	9
FAM234B	0.631194266709371	0.246267418200127	0.831652564642433	9
FAM241A	-0.117147459455536	0.824546037806492	0.997189504159952	9
FAM241B	0.663394531721776	0.390480953555534	0.912807186165296	9
FAM24B	-1.19964305344277	0.106055359572325	0.630410373981091	9
FAM32A	0.0524188654799324	0.821959906903389	0.996392111603895	9
FAM3A	-0.664290998143475	0.0628719134180496	0.502736898138586	9
FAM3C	-0.292394390865931	0.431325355967146	0.925165050575986	9
FAM43A	0.428303701531534	0.211894830906837	0.794171927467666	9
FAM43B	0.590900838523877	0.267114162756331	0.847767249375861	9
FAM47E	0.883148840010861	0.366540847733794	0.90239123320911	9
FAM50A	-0.672023460116524	0.17641640169394	0.751250158017082	9
FAM50B	-0.406442613399345	0.286223549503077	0.862232237237917	9
FAM53A	0.0785489477718533	0.898913644026072	0.998639733078915	9
FAM53B	-0.221886501966553	0.591514742691572	0.971324668364043	9
FAM53C	0.50175006584641	0.233491279822031	0.810574972119707	9
GARIN4	6.13255626752101	0.0101913760111694	0.203231818655504	9
GARIN2	-0.774145764382093	0.54521426161851	0.960600109304229	9
GARIN5A	1.27224800020916	0.190048729354871	0.767526482628524	9
GARIN1A	0.0856631515535678	0.77442734201149	0.992930756580613	9
FAM72A	1.14631385123814	0.21150164300785	0.794171927467666	9
FAM72B	1.80391551734449	0.042701421167269	0.420130416767955	9
FAM72D	3.02704382898386	0.00455509369475634	0.130558714618055	9
FAM76A	-0.472293109379479	0.0842852189258306	0.576254801558215	9
FAM76B	-0.0826679787508563	0.848225131116621	0.998639733078915	9
FAM78A	-0.2157288138514	0.644083315084054	0.980691547015745	9
FAM78B	0.262275670783586	0.564767493608034	0.965041713262426	9
FAM81A	0.0100930596490737	0.988512274360625	0.999458538741689	9
FAM81B	4.35949701329236	0.000973596074250753	0.0557025257830053	9
FAM83B	5.1463405974658	0.002124979379244	0.0855752294548068	9
FAM83D	4.02315477500318	0.000358919723633474	0.0322365805649762	9
FAM83E	1.55539841818343	0.223124299029945	0.804675733687031	9
FAM83F	4.9894860881636	0.000302929270187344	0.0294927459463182	9
FAM83G	0.283630546291975	0.474502717022851	0.939899973963271	9
FAM83H	4.82071148063436			9
FAM86B1	0.123812183785656	0.920061202946804	0.998639733078915	9
FAM86B2	1.81949688956088	0.16726539366622	0.744093812633141	9
FAM89A	-0.918838198916112	0.095932518908085	0.606709473694192	9
FAM89B	-0.705713495035272	0.502297625633692	0.949348943915356	9
FAM8A1	-0.201006239149169	0.554390972993865	0.962765334045336	9
FAM90A1	0.570731870136469	0.390543816322517	0.912807186165296	9
FAM91A1	0.0348993508438766	0.926564426023174	0.998639733078915	9
FAM98A	0.340673492402495	0.372761109347082	0.905673456930873	9
FAM98B	-0.123829598535607	0.62318591532419	0.978573777801597	9
FAM98C	-0.193163488238421	0.623233048172316	0.978573777801597	9
FAM9B	-1.85509992158135	0.144335328885734	0.711869112393627	9
FAN1	-1.56822649042423	0.0757124038955364	0.545965214412317	9
FANCA	1.18119719865155	0.0383445529866587	0.40060150064835	9
FANCB	1.07825449641449	0.311718403848384	0.878197198925416	9
FANCC	0.364369033653605	0.354398254915114	0.899715225734967	9
FANCD2	0.998714281548681	0.155819032146656	0.727862257442023	9
FANCE	-0.540931357512513	0.100928153588866	0.619051687604773	9
FANCF	0.559654840101511	0.376275078808783	0.905673456930873	9
FANCG	0.513770412981873	0.291097269062045	0.866742058595601	9
FANCI	0.997473030551566	0.0822113591279794	0.571022999341938	9
FANCL	-0.0756153121960134	0.93101056110285	0.998639733078915	9
FANCM	0.178126782869399	0.738785857335658	0.991008075540888	9
FANK1	1.00964992660133	0.0625785793714598	0.501120184198379	9
FAP	-0.76605847176003	0.266670033127065	0.847767249375861	9
FAR1	-0.0564847240120029	0.899085770012425	0.998639733078915	9
FAR2	0.148252684948278	0.604681184790631	0.97426949205076	9
FARP1	1.22060254566179	0.000337465229420897	0.0313290833426532	9
FARP2	-0.0513947158781183	0.908734257840605	0.998639733078915	9
FARS2	-0.107705338561164	0.776889660421581	0.992930756580613	9
FARSA	-0.139758709285521	0.729643768510837	0.991008075540888	9
FARSB	-0.352884107400409	0.285059749571158	0.8612268238133	9
FAS	-0.0259670412893133	0.954173131596409	0.998639733078915	9
FASLG	-0.53671254386572	0.38211132645707	0.907856810409095	9
FASN	0.302206102114121	0.350241116272714	0.899092963457163	9
FASTK	-0.32549981646773	0.486377523031303	0.943977712144114	9
FASTKD1	0.199110088835862	0.6917745019836	0.989171265391501	9
FASTKD2	-0.108501626297759	0.713669290494446	0.989276793964962	9
FASTKD3	-0.0982690601772041	0.827831360555052	0.99746225363255	9
FASTKD5	0.139409491110944	0.655865233073423	0.982654069775495	9
FAT1	0.264454623615575	0.620680135320327	0.978517513346508	9
FAT2	0.491326626136204	0.546780316840414	0.960668683051641	9
FAT3	-0.767369141350997	0.377719615662019	0.905673456930873	9
FAT4	0.932193083712711	0.155170170885951	0.727862257442023	9
FAU	-0.870292543355204	0.125360702453904	0.677589883306964	9
FAXC	-0.587056187791038	0.358022758369691	0.900808696207596	9
FAXDC2	-0.127388459315074	0.803668869932752	0.995590233849494	9
FBF1	0.058294100097277	0.911860778534224	0.998639733078915	9
FBH1	0.249933160117874	0.524007169319403	0.955391092995928	9
FBL	-0.20907435851885			9
FBLIM1	0.155090343626869	0.73412290474791	0.991008075540888	9
FBLL1	0.802091508461341	0.442779720819599	0.930967857385186	9
FBLN1	-0.867690756113849	0.0646909158093536	0.508467842524957	9
FBLN2	-0.272172099444717	0.626758069808995	0.978573777801597	9
FBLN5	-0.724157012184077	0.075199656580055	0.545465420529824	9
FBLN7	0.889525024791164	0.0812168148488103	0.567902133578062	9
FBN1	0.656846767131659	0.0920528917529001	0.594657652150791	9
FBN2	1.54506797789226	0.0187932482798109	0.280492555974003	9
FBN3	4.43001131183168	0.000199642243416351	0.0233882472624504	9
FBP1	1.90283373633862	0.0491150324508104	0.452644494592047	9
FBRS	-0.324529473495364	0.266219472796443	0.847767249375861	9
FBRSL1	0.0233657346061433	0.920925107418558	0.998639733078915	9
FBXL12	-0.106873631523436	0.696826781796494	0.989276793964962	9
FBXL13	0.235933473768424	0.653809323283931	0.982077889589305	9
FBXL14	-0.0593040470319628	0.896011470940055	0.998639733078915	9
FBXL15	-0.912077866112643	0.0688221200731341	0.525925334859394	9
FBXL16	-0.178349244143757	0.817644847386091	0.995966406600323	9
FBXL17	-0.135656978030989	0.633415443144003	0.979759546919064	9
FBXL18	0.00825433447994028	0.989524629082465	0.999458538741689	9
FBXL19	0.114110454530773	0.707933722226164	0.989276793964962	9
FBXL2	-0.0111594638401204	0.976550131009415	0.998639733078915	9
FBXL20	0.309086702212212	0.437496013124101	0.928941789266548	9
FBXL22	-0.675418642653924	0.450749921431286	0.932585632008735	9
FBXL3	-0.259453853826162	0.503302652529555	0.949627683549368	9
FBXL4	-0.0842130732321347	0.789418786060148	0.994052363875907	9
FBXL5	-0.175446053372686	0.420875253418085	0.92092197090192	9
FBXL6	0.507905963041604			9
FBXL7	-0.324234997111669	0.489123129947179	0.944931536265188	9
FBXL8	0.278199816019927	0.592679625774565	0.971527934919808	9
FBXO10	-0.484722995840224	0.243339138286618	0.826108674209736	9
FBXO11	0.0206785793890767	0.971086283932362	0.998639733078915	9
FBXO15	1.35774122636616	0.188364334524609	0.765189948662975	9
FBXO16	1.98666118787262	0.02440865783206	0.32054821909167	9
FBXO17	-1.61569883101353			9
FBXO2	1.18087086829682	0.236388770870691	0.814884317333552	9
FBXO21	0.135892187751512	0.732774241780813	0.991008075540888	9
FBXO22	0.0413042824577503	0.929902405455935	0.998639733078915	9
FBXO24	-0.826833850394972	0.267579621965268	0.847767249375861	9
FBXO25	-0.165703062679376	0.602678577207369	0.974057468095769	9
FBXO27	-0.298796323103785	0.518943873765308	0.953758404613893	9
FBXO28	0.0117774171428501	0.969460247214797	0.998639733078915	9
FBXO3	0.0239525677462942	0.945596075718049	0.998639733078915	9
FBXO30	-0.156530896674619	0.722240272087984	0.990516044835733	9
FBXO31	-0.698355787228307	0.0187228439757922	0.280005640471267	9
FBXO32	-1.49376182134096	0.0948032003197204	0.60287058621707	9
FBXO33	0.0347481170858604	0.899021395565847	0.998639733078915	9
FBXO34	0.0460338685745151	0.845752562295578	0.998639733078915	9
FBXO36	0.687290407983076	0.086830381455998	0.582520949308296	9
FBXO38	0.0433588784628783	0.891349021516501	0.998639733078915	9
FBXO39	1.00534517207614	0.304294200878494	0.875053234265414	9
FBXO4	0.376402478999754	0.295987676565076	0.870082505129096	9
FBXO40	-2.84755216794112	0.108588119161576	0.637411278258312	9
FBXO41	0.615667216489175	0.263518107898429	0.845817122052239	9
FBXO42	0.281247922169209	0.381835452936528	0.907851207288101	9
FBXO43	1.52632848573728	0.136664165485465	0.700497286672099	9
FBXO44	-0.0697403122068463	0.837197200398495	0.998604146933345	9
FBXO45	0.19823085732033	0.467105858981647	0.939188868595478	9
FBXO46	-7.2994001711759e-05	0.999831869235041	0.999899608521575	9
FBXO48	0.178519046992289	0.670838537557169	0.985298616459508	9
FBXO5	0.534385337940175	0.2106031943096	0.794171927467666	9
FBXO6	0.00386709546054567	0.993131570416644	0.999620666732609	9
FBXO7	-0.185537806515663	0.295217542764173	0.870082505129096	9
FBXO8	-0.0454961335769273	0.916162477297748	0.998639733078915	9
FBXO9	-0.222813502782471	0.377508351470829	0.905673456930873	9
FBXW10	1.20841560061187	0.345045574215594	0.899092963457163	9
FBXW11	0.199705064745751	0.6313234236184	0.979380833016394	9
FBXW2	0.0874865858840108	0.767550442716231	0.992930756580613	9
FBXW4	-0.0305522551876346	0.920651612386807	0.998639733078915	9
FBXW5	-0.823644436880052	0.106670638856112	0.632609602312204	9
FBXW7	0.145206964772456	0.600646634955359	0.974057468095769	9
FBXW8	0.182166555922246	0.58326960852463	0.970975830769377	9
FBXW9	0.30660274908391	0.59014978939815	0.971187979266693	9
FCER1A	-0.0392105415988849	0.966896411132168	0.998639733078915	9
FCER1G	-0.518746251586863	0.295531093351102	0.870082505129096	9
FCER2	-0.574722423285911	0.698415376967401	0.989276793964962	9
FCF1	-0.0731469501267889	0.772551486642722	0.992930756580613	9
FCGBP	1.65878581536828			9
FCGR1A	-1.4594909096924	0.0179052456307248	0.272754727301474	9
FCGR2A	-0.0674120088170027	0.906116419797232	0.998639733078915	9
FCGR2B	-0.000339859208254189	0.999587562042897	0.999790757779862	9
FCGR3A	-0.0654621915303096	0.903181781435017	0.998639733078915	9
FCGR3B	3.56759591659901	0.0202331094315959	0.292804831686066	9
FCGRT	-0.910214933589996	0.0349316499591087	0.380275627341971	9
FCHO1	0.600325282055217	0.339292253081908	0.896524077278898	9
FCHO2	-0.087961066670017	0.839885488587915	0.998604146933345	9
FCHSD1	-0.345690049512243	0.251099883041797	0.838097512370475	9
FCHSD2	0.13021818830776	0.708652214676055	0.989276793964962	9
FCMR	-0.122378346710042	0.828627685810993	0.99746225363255	9
FCN1	0.269235670440751	0.741442991531756	0.991008075540888	9
FCN3	1.2606247015046	0.0997838742854855	0.614922130493485	9
FCRL3	-0.55228145989334	0.627086724673355	0.978573777801597	9
FCRL5	-1.41970824184792	0.267940279801479	0.847899415785355	9
FCRL6	-0.872731807651396	0.198517808414203	0.780997970767379	9
FCRLB	0.212855393777999	0.798061518405081	0.995590233849494	9
FCSK	0.0715429538071535	0.848596762668098	0.998639733078915	9
FDFT1	-0.319487767635059			9
FDPS	0.548520634474755	0.136403638493383	0.700497286672099	9
FDX1	0.221137245429593	0.558332014976762	0.963922675213097	9
FDX2	-0.766969417712714	0.58458523302292	0.971161794932015	9
FDXACB1	0.134492453233532	0.810107020494538	0.995936140923453	9
FDXR	0.0408747458200155	0.936775497996156	0.998639733078915	9
FECH	-0.0936681464716722	0.768720873537306	0.992930756580613	9
FEM1A	0.0398012930071738	0.961019145586465	0.998639733078915	9
FEM1B	-0.375212749107793	0.38551251686153	0.910863010956818	9
FEM1C	0.443269847068003	0.176574440703662	0.751250158017082	9
FEN1	1.5156313744203	0.00620892215456976	0.154562405819002	9
FER	-0.212301254723735	0.616243428437377	0.977025239540628	9
FER1L5	-0.338883864349129	0.696784643765664	0.989276793964962	9
FER1L6	-0.0438762582028604	0.9880935616301	0.999458538741689	9
FERMT1	0.234741250895234	0.72493099746635	0.990984782893948	9
FERMT2	-0.215113642663374	0.751579037523791	0.991008075540888	9
FERMT3	-0.232180822030159	0.516011724510635	0.953680371468858	9
FES	-0.31067946998182	0.351918865893819	0.899510715057777	9
FEZ1	-0.989531880519892	0.0590878759746165	0.488781239696337	9
FEZ2	-0.144859672499144	0.707990802514272	0.989276793964962	9
FGD1	0.327246046394424	0.429798109299323	0.92451488206047	9
FGD2	0.170865924776207	0.728448581844336	0.991008075540888	9
FGD3	-0.323956636448149	0.626759339837493	0.978573777801597	9
FGD4	0.621006590538473	0.183985166178151	0.761211928138886	9
FGD5	-0.0352312923629633	0.943300672551201	0.998639733078915	9
FGD6	0.431862952661723	0.321533595507801	0.885543112951723	9
FGF1	0.753838298033824	0.177441977369767	0.752516570902464	9
FGF10	0.0702655131603121	0.925146921003107	0.998639733078915	9
FGF12	1.3460151172028	0.10385145680171	0.627230504848625	9
FGF13	0.137837690430265	0.776739490814902	0.992930756580613	9
FGF14	-0.835965360293956	0.402397466676376	0.915238409840383	9
FGF17	-0.294633854103382	0.632780977845033	0.979496645760333	9
FGF18	1.44511782443899	0.198301725184459	0.780997970767379	9
FGF19	5.79631789264103	0.00916515617078318	0.190807180297237	9
FGF2	-0.704099182946294	0.250004102420981	0.837184790343943	9
FGF22	0.692264602305536	0.580700796025388	0.969055975901473	9
FGF7	-0.602399397501242	0.528678047544017	0.957299775766752	9
FGF9	1.82305781174234	0.132322398943635	0.691585959413153	9
FGFBP2	0.447225506453619	0.668466780504593	0.984380101516098	9
FGFBP3	-0.0638175714421229	0.916894618565139	0.998639733078915	9
FGFR1	0.282359562420579	0.43290275945649	0.926809311141991	9
FGFR1OP2	-0.179083802939097	0.734563563158622	0.991008075540888	9
FGFR2	-0.283882613232033	0.419993191286786	0.920390766181715	9
FGFR3	2.7953169066782	0.000393179283766789	0.0339398795770852	9
FGFR4	1.66687605355073	0.0128648426807574	0.22920132208267	9
FGFRL1	0.0245131344581892	0.962028563743173	0.998639733078915	9
FGGY	-0.327893628090163	0.35804660249546	0.900808696207596	9
FGL1	1.92064340459549	0.107769618618844	0.635738877700073	9
FGL2	0.276239767165712	0.679360381165969	0.986817416491918	9
FGR	-0.368613239285496	0.482567185992892	0.94271760619919	9
FH	0.163938168895806	0.674494094666865	0.985298616459508	9
FHAD1	2.09225089719099	0.0168216742762784	0.266135834932632	9
FHDC1	1.12819885967749	0.0532655587286606	0.471283724510365	9
FHIT	0.271369898105094	0.621995922494399	0.978573777801597	9
FHL1	-0.574379772633967	0.488994864260854	0.944931536265188	9
FHL2	-0.471190584933454	0.333140282651956	0.891332918656067	9
FHL3	-0.790942955679252	0.122365060868579	0.672461155428555	9
FHL5	-1.01279391010494	0.310078322948971	0.877414131632904	9
FHOD1	-0.226239801241157	0.394384000262413	0.913353694686467	9
FHOD3	0.949244372721757	0.0138192220285698	0.237326424578389	9
FIBCD1	0.774997323242221	0.603205094837903	0.974057468095769	9
FIBIN	-1.05499306446861	0.366245694873471	0.90239123320911	9
FIBP	-0.588748128378128	0.290362720706944	0.866062063599779	9
FICD	0.266980584345657	0.519938133085628	0.953993185872609	9
FIG4	-0.162286233247215	0.561590586084092	0.964946561877165	9
FIGN	-0.395569142709872	0.668103227499687	0.984380101516098	9
FIGNL1	-0.0173723004596166	0.965005694136878	0.998639733078915	9
FIGNL2	0.158983131073493	0.808233433698175	0.995936140923453	9
FILIP1	-0.0980557919449472	0.91646613215166	0.998639733078915	9
FILIP1L	0.220361010877729	0.793065998288522	0.994276399100931	9
FIP1L1	0.169086546087425	0.64648491428796	0.980691547015745	9
FIS1	-0.557370687760237	0.143652299217055	0.711869112393627	9
FITM1	0.499144061553105			9
FITM2	0.248573321731679	0.495583219404361	0.946613606254215	9
FIZ1	-0.481382136449379	0.115240860912768	0.652000899936132	9
FJX1	1.51884093566401	0.0429803102225717	0.420711113524788	9
FKBP10	0.310093566666485	0.399174349917101	0.914438028200431	9
FKBP11	0.402830532556923	0.47411081604726	0.939899973963271	9
FKBP14	0.373153317660982	0.364360915008328	0.90239123320911	9
FKBP15	-0.0907050750033313	0.622378003754006	0.978573777801597	9
FKBP1A	-0.452156506486076	0.272695236456153	0.852130665631101	9
FKBP1B	0.243899342741155	0.744164711124532	0.991008075540888	9
FKBP2	-0.429018222674067	0.89087378227798	0.998639733078915	9
FKBP3	0.049804701160442	0.874774575014925	0.998639733078915	9
FKBP4	0.270103376890668	0.592735886918951	0.971527934919808	9
FKBP5	-1.58321234452005	0.0921467621689425	0.594743487702563	9
FKBP7	-0.0907769923822635	0.793752045328302	0.994700224220313	9
FKBP8	-0.711636703092577	0.116540343345162	0.655729486310683	9
FKBP9	0.3921921957552	0.345967408294259	0.899092963457163	9
FKBPL	0.100643956019259			9
FKRP	-0.119216118408227	0.692868587685234	0.989171265391501	9
FKTN	-0.00343139293979763	0.992336074134532	0.999620666732609	9
FLACC1	-0.455156203405943	0.570592551735	0.966906276626216	9
FLAD1	-0.0368615554562134	0.915615578924845	0.998639733078915	9
FLCN	-0.441471023679579	0.317378390398721	0.882121038171662	9
FLG	0.0148399806439801	0.986880025923243	0.999458538741689	9
FLI1	-0.24668798488291	0.595092005846165	0.972236092783093	9
FLII	-1.02340882046415			9
FLNA	-0.458894774860115	0.601322262616872	0.974057468095769	9
FLNB	-0.239962047675859	0.486229097461176	0.943977712144114	9
FLNC	0.0190794814773455	0.984827385217933	0.999397054881783	9
FLOT1	-0.182193806435984			9
FLOT2	0.155016581159666	0.530353916825471	0.957299775766752	9
FLRT1	1.68126212317269	0.0462210079632494	0.437964570598537	9
FLRT2	1.92755749282136	0.0026081194036231	0.0971147133208163	9
FLRT3	0.417896054321703	0.442360165831567	0.930767263873637	9
FLT1	0.317343432503747	0.625976118607006	0.978573777801597	9
FLT3	-0.393690526003786	0.763916865351126	0.992795989562244	9
FLT3LG	-1.93920427836496	0.106072387043045	0.630410373981091	9
FLT4	-0.267866278362146	0.557268570756762	0.96370024816501	9
FLVCR1	-0.00626493118039124	0.983129860622146	0.999263264585425	9
FLVCR2	-0.47893565857464	0.318959503972906	0.883663896048061	9
FLYWCH1	-1.21652863555896	0.00179507266483856	0.079332537741563	9
FLYWCH2	-0.279197063545636	0.585745130624804	0.971161794932015	9
FMN1	1.23164321778934	0.295379624690737	0.870082505129096	9
FMN2	-5.19910854506462e-05	0.999948380055603	0.999948380055603	9
FMNL1	-0.985003167628425	0.0955943081089057	0.60578806316954	9
FMNL2	0.157663739548103	0.753199709432475	0.991008075540888	9
FMNL3	-0.127607080261156	0.694280148548297	0.989215180764615	9
FMO1	1.70479470820941	0.00331999989823705	0.10966823841068	9
FMO2	-1.29954734884375	0.178226726502869	0.754527541500001	9
FMO3	1.66538512281769	0.0543988721269036	0.474575503230038	9
FMO4	0.46760732894756	0.356834994900087	0.900229253071301	9
FMO5	0.165776892443104	0.73211819832786	0.991008075540888	9
FMOD	-0.913555560187044	0.0998139302664041	0.614922130493485	9
FMR1	0.0587234729734771	0.873769379427417	0.998639733078915	9
FN1	0.349227995803098	0.496072969237158	0.946613606254215	9
FN3K	-0.647530694787725	0.144285693147654	0.711869112393627	9
FN3KRP	-0.411758596725163	0.0409866893967298	0.412409353909426	9
FNBP1	-0.114308394199886	0.841117949482596	0.998604146933345	9
FNBP1L	0.525285581250603	0.301212258796267	0.874342355309609	9
FNBP4	-0.132559519204246			9
FNDC1	0.260815910039462	0.626842403455218	0.978573777801597	9
FNDC10	-1.45060849854941	0.123900805364711	0.675125977949663	9
FNDC11	-0.0247066870643484	0.976607717386522	0.998639733078915	9
FNDC3A	-0.0715382609746436	0.861088336731626	0.998639733078915	9
FNDC3B	0.596615532233538	0.0368083592063581	0.394621131139353	9
FNDC4	-0.177126670008112	0.722568261689075	0.990516044835733	9
FNDC5	-0.180402236338634	0.779530724775177	0.992930756580613	9
FNIP1	-0.381229397696245	0.300436501631779	0.874342355309609	9
FNIP2	0.163722226948872	0.758723143929264	0.991955190535962	9
FNTA	-0.200917700638108	0.492470916503129	0.945530063911015	9
FNTB	0.581958362486844			9
FOCAD	0.374476550010159	0.19641539328369	0.777914574794888	9
FOLH1	3.11496516978087	0.0008208536062597	0.0509101684117623	9
FOLR1	2.04272169871923	0.142292654090719	0.709109340659388	9
FOLR2	-0.376887263773547	0.560121352660061	0.964946561877165	9
FOS	4.64513763802661	6.39453175664163e-11	4.71948416298936e-07	9
FOSB	5.51812853438034	1.5114938717394e-12	2.23111610407453e-08	9
FOSL1	2.61357320000976	0.0103178371199125	0.204718533569722	9
FOSL2	0.754881331342422	0.131648092893803	0.690679235740588	9
FOXA2	4.01413719833932	0.00736600091623693	0.169097262091094	9
FOXB1	1.6810597064555	0.329121238485206	0.888309445836384	9
FOXC1	0.488436989404438	0.524142737388665	0.955391092995928	9
FOXC2	0.180973094503248	0.883943288719987	0.998639733078915	9
FOXD2	1.10799612513744	0.257192356207103	0.840547211401925	9
FOXD4	1.34846978451465	0.109501716543804	0.638078241044252	9
FOXF1	0.24515030272985	0.655935508426236	0.982654069775495	9
FOXF2	-0.856654682472362	0.470405476693634	0.939528895871055	9
FOXJ1	3.78143607179529	0.0478747584683823	0.448116239538231	9
FOXJ2	-0.178744168741226	0.609949345179655	0.975328830748679	9
FOXJ3	-0.21088452388497	0.466988216875269	0.939188868595478	9
FOXK1	-0.149596869909925	0.713596173096147	0.989276793964962	9
FOXK2	-0.0625842758624076	0.80354413203715	0.995590233849494	9
FOXL1	-1.22082359530501	0.302539208735503	0.874342355309609	9
FOXL2	0.68314783599971	0.449810000504021	0.932585632008735	9
FOXL2NB	0.354169636758166	0.704037317321391	0.989276793964962	9
FOXM1	2.90479801861165	0.000956554905185241	0.0549404939900363	9
FOXN2	-0.160913539137919	0.706085047667624	0.989276793964962	9
FOXN3	-0.42622156920872	0.493112876466326	0.945530063911015	9
FOXN4	0.00912135315498276	0.98846087783239	0.999458538741689	9
FOXO1	-0.590557913323348	0.344076181615017	0.899092963457163	9
FOXO3	-0.656855153428909	0.173140965877413	0.750117028501308	9
FOXO3B	0.369550105874347	0.546882331745038	0.960668683051641	9
FOXO4	0.0537112833272828	0.924755828606299	0.998639733078915	9
FOXO6	-1.40691514800659	0.281389875134684	0.8612268238133	9
FOXP1	-0.276800828529711	0.539038168265131	0.958979719874913	9
FOXP2	-0.534838886396719	0.660453667043967	0.982975949819678	9
FOXP3	1.04347596734651	0.305546813147173	0.875932512888991	9
FOXP4	-1.10253865958367	0.0319463111994461	0.365879234068636	9
FOXQ1	0.703896851499367	0.601995202706572	0.974057468095769	9
FOXRED1	-0.224831224249828	0.410651026914061	0.91601809761032	9
FOXRED2	0.151810641050655	0.723558473081529	0.990738457795087	9
FOXS1	-0.7545253069123	0.230131827720718	0.808244559806673	9
FPGS	0.0116386584480971	0.968407408382738	0.998639733078915	9
FPGT	-0.22484002480688	0.640570146511414	0.980691547015745	9
FPR1	0.84484756131688	0.311847305716354	0.878197198925416	9
FPR3	1.04829276877614	0.076504689376102	0.549037856833259	9
FRA10AC1	-0.209743035572415	0.669648425283325	0.984493894849006	9
FRAS1	0.684478212667527	0.206541350314363	0.790112598188719	9
FRAT1	-0.148944726332702	0.761421736817973	0.992004541019998	9
FRAT2	0.764173797233879	0.227883417188305	0.808244559806673	9
FREM1	-0.0683402671166255	0.909792075006316	0.998639733078915	9
FREM2	2.00197745820877	0.0432691834321764	0.421860248773022	9
FRG1	-0.614246272805203			9
FRK	0.359923619406804	0.366947352757333	0.90239123320911	9
FRMD1	0.440090595412207	0.753032442645643	0.991008075540888	9
FRMD3	-0.00238799811170178	0.996905456204073	0.999620666732609	9
FRMD4A	0.496449399832575	0.347626957988316	0.899092963457163	9
FRMD4B	0.450518821801094	0.252294450544155	0.838161746834043	9
FRMD6	-0.581953363598229	0.3797774814189	0.906881065731184	9
FRMD7	-1.76181153020177	0.228585189901625	0.808244559806673	9
FRMD8	0.28813600821106	0.441351922412902	0.930204107515887	9
FRMPD1	1.95473962045275	0.213675169852161	0.795103514581832	9
FRMPD2	2.93476619907883	0.0425294267093717	0.419636943621014	9
FRMPD3	0.217693936776776	0.827253985891678	0.99746225363255	9
FRMPD4	-0.120848669268973	0.925449893441256	0.998639733078915	9
FRRS1	-0.0479937765304735	0.900039423592885	0.998639733078915	9
FRRS1L	-0.144234309434892	0.757246939948324	0.991890138420883	9
FRS2	-0.112924686165564	0.803792849691215	0.995590233849494	9
FRS3	-0.390478229370662	0.179518473834614	0.756182847698881	9
FRY	-0.0924170059932383	0.883477778814323	0.998639733078915	9
FRYL	0.314961399249375	0.682473764151012	0.987306006486237	9
FRZB	-0.495369201466943	0.470808475337961	0.939528895871055	9
FSBP	0.261409193500556			9
FSCN1	1.16720820728376	0.00233269050931942	0.0901383366703246	9
FSCN2	-1.65701651315307	0.0163740978559619	0.260731454640619	9
FSD1	-1.07787631318837	0.231027350177309	0.808244559806673	9
FSD1L	-0.192783822451369	0.693830259009883	0.989171265391501	9
FSD2	0.207018812874093	0.840897493735881	0.998604146933345	9
FSHR	-1.41744653034784	0.439592509465992	0.929185439005697	9
FSIP1	0.683953653269099	0.44793859989692	0.932585632008735	9
FSIP2	0.365225804939683	0.699171418854796	0.989276793964962	9
FST	-1.80241592661408	0.141396958094134	0.707926593299888	9
FSTL1	0.475218155693946	0.157481883248628	0.730543707929916	9
FSTL3	-1.31710947918118	0.0708199158813912	0.530657428609429	9
FTCD	-1.90905883659272	0.0918886306330914	0.594447327500439	9
FTCDNL1	1.31367633266468	0.100010930108206	0.615498733165088	9
FTH1	0.244939225371542	0.578786763479779	0.969055975901473	9
FTL	-0.342446441813083	0.31211937790302	0.878197198925416	9
FTO	-0.224661255658631	0.492537044666115	0.945530063911015	9
FTSJ1	0.353970218714372	0.21368305957226	0.795103514581832	9
FTSJ3	-0.31463279614071	0.258348081709699	0.842337004781241	9
FUBP1	0.199588456374377	0.707896712147363	0.989276793964962	9
FUBP3	-0.0443453203028397	0.905871865649723	0.998639733078915	9
FUCA1	0.214326286308573	0.548564269167078	0.961089318650903	9
FUCA2	0.262257682234282	0.410877028946408	0.91601809761032	9
FUNDC1	0.0798649356435362	0.839979101697221	0.998604146933345	9
FUNDC2	-0.444665813847222	0.173008729823152	0.75000935709825	9
FUOM	-0.231630865184243	0.7603836012231	0.991955190535962	9
FURIN	0.300366253132265	0.354629274501131	0.899715225734967	9
FUS	0.216499722196197	0.383109351202186	0.909468821662185	9
FUT1	0.333913537578338	0.498024981123404	0.948071543250266	9
POFUT3	0.428456795260558	0.246524209579392	0.832211755708032	9
POFUT4	0.29755925365216	0.519174538285875	0.953758404613893	9
FUT2	0.414219459076559	0.628466901149955	0.979047032739808	9
FUT3	2.13387505510453	0.120421116950541	0.66774459327834	9
FUT4	-0.392000177467946	0.362350328306277	0.90143277046037	9
FUT6	2.58680940633224	0.332490945337213	0.890887428593682	9
FUT8	0.210829898849179	0.490771326766346	0.944931536265188	9
FUT9	3.43333819408567	0.00858709010894093	0.184576449589444	9
FUZ	-0.0170260930498419	0.958329050631267	0.998639733078915	9
FXN	0.127752781904916	0.805210803335578	0.995590233849494	9
FXR1	0.05924150475066	0.872416801193146	0.998639733078915	9
FXR2	0.00548427693755048	0.986615335203523	0.999458538741689	9
FXYD1	-2.24809076710211	0.169831489641971	0.747653629169441	9
FXYD2	-1.96460318743859			9
FXYD3	1.78499645422848	0.143943262137295	0.711869112393627	9
FXYD4	4.595140138692	0.049576282678491	0.454813864895716	9
FXYD5	-2.24964968429478	0.000812336730173501	0.0509101684117623	9
FXYD6	-1.00838864224846	0.326270467584645	0.887102297295441	9
FXYD7	-4.03473624893836	0.000987228736216731	0.0560480129819045	9
FYB1	-0.160372722802848	0.732705046281434	0.991008075540888	9
FYB2	2.05990737944148	0.0953696162541037	0.605306358145418	9
FYCO1	-0.0878168930343598	0.880426339234738	0.998639733078915	9
FYN	-0.848206304712258	0.0243659731003433	0.320272599229001	9
FYTTD1	-0.193510648021651	0.492989043873051	0.945530063911015	9
FZD1	-0.0202875912056426	0.953717480575807	0.998639733078915	9
FZD10	0.760413070982595	0.267729656227705	0.847767249375861	9
FZD2	0.0697407203611985	0.872987198353477	0.998639733078915	9
FZD3	0.618202864587783	0.173083537420861	0.750113357565864	9
FZD4	-0.0458557872399918	0.897299735120086	0.998639733078915	9
FZD5	-0.10894947899317	0.879988462319686	0.998639733078915	9
FZD6	0.669423085385229	0.207886449625291	0.792178019421267	9
FZD7	-0.22823887305557	0.785702505364275	0.994052363875907	9
FZD8	0.429316144231492	0.266981636625903	0.847767249375861	9
FZD9	-0.0951179637824768	0.940609551996439	0.998639733078915	9
FZR1	0.0795715220911257	0.773817538777692	0.992930756580613	9
G0S2	0.769962306877998	0.363799824323118	0.90239123320911	9
G2E3	0.177026340861274	0.682536540813808	0.987306006486237	9
G3BP1	0.26127056478864	0.377330249077973	0.905673456930873	9
G3BP2	0.159756551649468	0.706040919903156	0.989276793964962	9
G6PC3	-0.461476783540879	0.394804040369218	0.913353694686467	9
G6PD	-0.613855085204144	0.212017561348702	0.794171927467666	9
GAA	0.057310134543237	0.84726339027849	0.998639733078915	9
GAB1	-0.590868881187309	0.288018568283699	0.863004415850258	9
GAB2	0.216835771372015	0.690865641462181	0.989171265391501	9
GAB3	-0.855811823855311	0.00185643397875924	0.0805965351778386	9
GABARAP	-0.21967342306541	0.860538848936038	0.998639733078915	9
GABARAPL1	-0.0143752811875295	0.981106301207773	0.998639733078915	9
GABARAPL2	-0.407305762776165	0.172480261280077	0.74938747148236	9
GABBR1	-0.345914056598899			9
GABBR2	0.264983066639468	0.876721452696656	0.998639733078915	9
GABPA	-0.181224075702039	0.635506119833888	0.980691547015745	9
GABPB1	0.249324961060259	0.482859158578791	0.942995405287983	9
GABPB2	-0.237800063739291	0.268772839890484	0.848695964307358	9
GABRA2	-1.84733489439898	0.214730850972579	0.796792883661699	9
GABRA3	2.02018937777381	0.149190652401297	0.719243108817636	9
GABRB1	-2.94434783264032	0.231884923028817	0.808244559806673	9
GABRB2	-2.70302105081678	0.0242172087237305	0.320027052794079	9
GABRB3	0.395865014517092	0.461641806177132	0.937927280347714	9
GABRD	0.917392458207407	0.163862499597431	0.740390862280169	9
GABRE	0.925874839284202	0.161607809334343	0.738443385610612	9
GABRG3	2.54637039187901	0.256529931984097	0.840547211401925	9
GABRP	2.87279943760478	0.0193075522133113	0.283863324921004	9
GABRQ	1.01279338276692	0.240503311052082	0.822392615895185	9
GABRR2	0.290709034303664	0.565654268712108	0.965041713262426	9
GAD1	-0.771883242900533	0.473946702589934	0.939899973963271	9
GADD45A	0.419512975581338	0.594278743154523	0.972232047239538	9
GADD45B	2.93582071674906	4.85766486982809e-05	0.0100991536821877	9
GADD45G	-0.0256812584067085	0.972978728618624	0.998639733078915	9
GADD45GIP1	-0.80997913421743	0.169614995287794	0.747605819334372	9
GAK	0.0860381736214108	0.747988712009929	0.991008075540888	9
GAL3ST1	0.000793461764650593	0.99879261543318	0.999620666732609	9
GAL3ST3	-1.42094063842878			9
GAL3ST4	-0.685097163380404	0.15821514099597	0.732104606972259	9
GALC	0.393396043609327	0.13183122210716	0.691037169575211	9
GALE	0.501486876153841	0.321355336396339	0.885543112951723	9
GALK1	-0.912348980388356	0.135782247136137	0.698468069835944	9
GALK2	0.253359538128214	0.582802732871422	0.970965892530257	9
GALM	-0.424516111681102	0.220912388140476	0.801618778727869	9
GALNS	0.148034418728191	0.62545284177866	0.978573777801597	9
GALNT1	0.467311970788688	0.0791932426215559	0.560926801505176	9
GALNT10	1.16313654646134	0.013786174083936	0.237326424578389	9
GALNT11	0.166317854248088	0.604012500238083	0.97426949205076	9
GALNT12	1.43302400299384	0.0670278468061877	0.51772250313304	9
GALNT13	-2.46548359869159	0.0120510262114134	0.221528528633065	9
GALNT14	0.192280553189724	0.840519143805407	0.998604146933345	9
GALNT15	-0.23272410884018	0.83171926451858	0.99746225363255	9
GALNT16	-0.167881566243035	0.833298523325202	0.99777061879431	9
GALNT17	-0.0427329918924758	0.952841649394463	0.998639733078915	9
GALNT18	-0.270904372221237	0.675419529466884	0.985298616459508	9
GALNT2	0.264351017233108	0.601902987917364	0.974057468095769	9
GALNT3	2.43525180993542	0.0105331363087921	0.207030126570013	9
GALNT4	3.45135435759434	0.0566766381751702	0.480806813852694	9
GALNT5	3.73764467351318	0.00156729912740559	0.0727734371605718	9
GALNT6	1.27316931766033	0.0466779087832628	0.440619308564836	9
GALNT7	0.618737571578649	0.221233314904333	0.802167762540617	9
GALNT9	0.602699136317043			9
GALP	6.26327093516878	0.0216522010324704	0.304099086051661	9
GALT	-0.459766516856771	0.353211666174903	0.899715225734967	9
GAMT	-0.90793293222663	0.123959146937042	0.675125977949663	9
GAN	0.36863562491612	0.207379721796853	0.791808606684778	9
GANAB	0.113791822611665	0.690950176536485	0.989171265391501	9
GANC	-0.16131478495499	0.607095910922371	0.974885729870166	9
GAPDH	-0.138519021579412	0.819409460519024	0.995966406600323	9
GAPDHS	0.468749039679528	0.680291628036718	0.986978632538871	9
GAPT	0.479949779178593	0.572366965210841	0.967224816654519	9
GAPVD1	0.0169009148386664	0.937092974523255	0.998639733078915	9
GAR1	0.557916553066605	0.0560369618041708	0.478711834338841	9
GAREM1	0.247486321594193	0.450759114939399	0.932585632008735	9
GAREM2	-0.0550982029736711	0.907681200190654	0.998639733078915	9
GARNL3	-0.523388843338571	0.141791606374396	0.707926593299888	9
GARRE1	0.371495649599736	0.608023856630731	0.975199423069832	9
GARS1	0.140987910400267	0.606247127635775	0.974885729870166	9
GART	0.485745784650083	0.374835492906546	0.905673456930873	9
GAS1	-0.438979359051055	0.664397997053776	0.98363679574643	9
GAS2	-0.101451988904666	0.91839994820869	0.998639733078915	9
GAS2L1	-0.624978125204088	0.18705675532496	0.765079182510763	9
GAS2L2	3.70534129261721	0.000808886683647314	0.0509101684117623	9
GAS2L3	1.86225568454155	0.0103871433447704	0.205253845933273	9
GAS6	-0.235795159292436	0.589983242427939	0.971187979266693	9
GAS7	-0.219900482928834	0.560985001822083	0.964946561877165	9
DRC4	0.132391164257613	0.674822734519635	0.985298616459508	9
GASK1A	-0.974041345869796	0.096337206843648	0.608209413293827	9
GASK1B	0.406272689653409	0.413845138821445	0.917370189839819	9
GATA2	0.52647584113872	0.196717937520209	0.778068991354716	9
GATA3	0.857933003627728	0.238921459212041	0.818834376463651	9
GATA5	-0.0876539137336034	0.928022557688605	0.998639733078915	9
GATA6	0.189308030341721	0.844829841292836	0.998639733078915	9
GATAD1	-0.0800843664266165	0.792722707357146	0.994276399100931	9
GATAD2A	0.244065008992992	0.335025388791665	0.893374219751931	9
GATAD2B	-0.290525680411117			9
GATB	0.112708628616225	0.764542810139294	0.992930756580613	9
GATC	0.211048338886989	0.702824361039014	0.989276793964962	9
GATD1	-0.625107384514828	0.130473441194745	0.687828023384152	9
GATD3	1.31639105774368	0.249562583033852	0.836845363053769	9
LOC102724023	-0.231674214370009	0.801545688213906	0.995590233849494	9
GATM	-0.0813894070360112	0.887379690346387	0.998639733078915	9
GBA1	-0.814391780124684			9
GBA2	-0.241561223287977	0.404145776584611	0.915238409840383	9
GBE1	-0.014346520112944	0.973898239099012	0.998639733078915	9
GBF1	-0.0837307609559897	0.773325476386663	0.992930756580613	9
GBGT1	-0.944818219175494	0.0613896729582304	0.499544080780838	9
GBP1	0.399653368463697	0.396284696840501	0.913598363372146	9
GBP2	-0.665587169601741	0.256092249684879	0.840547211401925	9
GBP3	0.190340792235851	0.711328891939558	0.989276793964962	9
GBP4	-0.324853815204924	0.418795764915146	0.919780432363111	9
GBP5	-0.163931767041422	0.672404182724147	0.985298616459508	9
GCA	1.15707425270682	0.0536623791519014	0.472692722723396	9
GCAT	-0.114595020948845	0.821294919859298	0.996149080693763	9
GCC1	-0.00756655755966221	0.984262311696217	0.999393214781001	9
GCC2	0.373791923220199	0.458833270861962	0.936890545813179	9
GCDH	0.464634768088121	0.0770440093195233	0.550724756206046	9
GCFC2	-0.253259202183718	0.477968410561213	0.941072442992838	9
GCH1	0.731723202965683	0.219641214638609	0.800524436859384	9
GCK	-0.933230190147241	0.0531078043260821	0.471283724510365	9
GCKR	0.0785944969844471	0.948000089227011	0.998639733078915	9
GCLC	2.51357081762638	2.2919021015899e-05	0.00605880645834129	9
GCLM	0.693093531028949	0.10935995413308	0.638078241044252	9
GCN1	0.172203255005158	0.467542981680944	0.939188868595478	9
GCNA	-0.013928790232313	0.973253523710353	0.998639733078915	9
GCNT1	2.28608337708751	0.000764775511901411	0.0501726725830077	9
GCNT2	1.96367461344856			9
GCNT3	1.82127624824295	0.142189621284522	0.708835190739895	9
GCNT4	-0.0762359718612883	0.891241872398135	0.998639733078915	9
GCOM1	-1.96429211184014	0.111798195174901	0.64449489779145	9
GCSAM	0.633913723149533			9
GCSAML	-1.26640072789393	0.281306032053327	0.8612268238133	9
GCSH	0.88035576665305	0.219769706015001	0.800795021102796	9
GDA	3.32957155563598	0.00885771776628721	0.18759190619714	9
GDAP1	-0.600775944454697	0.131034842366544	0.689124105353932	9
GDAP1L1	-1.68678245918243	0.0777016733173225	0.554084251128984	9
GDAP2	0.160707412145991	0.547374990441359	0.960668683051641	9
GDE1	0.361445922527194	0.30281019107368	0.874342355309609	9
GDF10	-2.2045292521585	0.0117939104719165	0.219256816720352	9
GDF11	0.413679988867407	0.346646817442371	0.899092963457163	9
GDF15	0.536994467005304	0.488364612333159	0.944790307031423	9
GDF5	-0.12247224482422	0.928676749800685	0.998639733078915	9
GDF6	0.589929142796548	0.666615754249093	0.984088154568007	9
GDF7	1.58949495388469	0.0641685549480475	0.506704764272384	9
GDF9	-0.358341508785132	0.650965662864488	0.981292533915803	9
GDI1	-0.321404741555847	0.266591570249487	0.847767249375861	9
GDI2	0.535841063943312	0.201674095692646	0.785771360826075	9
GDNF	-0.658216190025989	0.283383778809144	0.8612268238133	9
GDPD1	0.184001809975812	0.747231769129174	0.991008075540888	9
GDPD2	-0.0108501017537824	0.992847108064723	0.999620666732609	9
GDPD3	-0.458382476269321	0.362252208559461	0.90143277046037	9
GDPD5	-0.272294348600031	0.58734655569519	0.971161794932015	9
GDPGP1	0.164503466090307	0.804845954285655	0.995590233849494	9
GEM	-0.096158427645002	0.916003545502786	0.998639733078915	9
GEMIN2	-0.193767873778563	0.719740964781765	0.9901017186991	9
GEMIN4	0.0329891875542864	0.917366990079488	0.998639733078915	9
GEMIN5	0.332421383750867	0.325930555206098	0.886743452756009	9
GEMIN6	-0.00877493084264675	0.980081206013413	0.998639733078915	9
GEMIN7	0.522610761858441	0.555728993999864	0.963343569668406	9
GEMIN8	-0.195392644199376	0.436025520826229	0.927920525150979	9
GEN1	0.487653283014274	0.412982342180351	0.91719471148147	9
GET1	-0.476505744084956	0.332907107844103	0.891193655946101	9
GET3	-0.423210590180169	0.349583680547775	0.899092963457163	9
GET4	-0.102171282856186	0.92142649350583	0.998639733078915	9
GFER	-0.124937512295043	0.809088077893007	0.995936140923453	9
GFI1	-0.697960060853225	0.269506132006634	0.848950067125463	9
GFM1	0.232077458408062	0.505783643929731	0.950760358225867	9
GFM2	0.509134613124493	0.22467060951715	0.80729378458682	9
GFOD1	-0.480750279819131	0.463649010934319	0.938294906827733	9
GFOD2	0.103932166132848	0.715693104668848	0.989276793964962	9
GFPT1	0.351422445475774	0.134773581396139	0.696376149985979	9
GFPT2	-0.236459975070463	0.489732250934535	0.944931536265188	9
GFRA1	-0.78497117770387	0.259443733791578	0.842792685728616	9
GFRA2	2.01497649814379	0.0219362507556562	0.306138452798877	9
GFRA3	-2.41385917837616	0.0585943484846736	0.486999537152178	9
GFUS	0.254952668554704			9
GGA1	0.0814863172605847	0.768473849755564	0.992930756580613	9
GGA2	0.0200717469570126	0.932711185205584	0.998639733078915	9
GGA3	-0.0835496584714664	0.65604754162141	0.982654069775495	9
GGACT	0.320981844516341	0.53449375120752	0.95784961223136	9
GGCT	0.802427418763382	0.149822225219686	0.721306544836198	9
GGCX	0.0671257527634878	0.800005808662532	0.995590233849494	9
GGH	0.627906884728368	0.404117228676719	0.915238409840383	9
GGN	-0.0703660598970967	0.92367352586694	0.998639733078915	9
GGNBP2	-0.697827322260362			9
GGPS1	0.0426727526274136	0.928601530146246	0.998639733078915	9
GGT1	0.905453550454027	0.395227387953587	0.913353694686467	9
GGT5	0.193311844115289	0.706158070122942	0.989276793964962	9
GGT6	3.05165998829401	0.124570752470131	0.675776875123707	9
GGT7	-0.207856108100614	0.550482135546577	0.961546579712439	9
GGTA1	0.478344922124539	0.250514215679088	0.837942519292775	9
GHDC	-0.148485543184964	0.744366525899043	0.991008075540888	9
GHITM	-0.225957541419862	0.494558159696228	0.946281222050183	9
GHR	-0.174842397972094	0.727359081465967	0.991008075540888	9
GHRL	-0.601701332861519	0.503607988067623	0.949644853499121	9
GID4	0.0733335004812499	0.834641495632931	0.998148190637421	9
GID8	0.0596921454442235	0.839117016462672	0.998604146933345	9
GIGYF1	-0.485983843128095	0.0985457447966442	0.611980350722711	9
GIGYF2	0.0819530150974644	0.842047119579888	0.998639733078915	9
GIMAP1	-1.33722900548856	0.00561500177828353	0.145920847269794	9
GIMAP2	0.108690991012004	0.737068905124812	0.991008075540888	9
GIMAP4	-0.658345890489491	0.186746576140678	0.765079182510763	9
GIMAP5	-1.67239349174455			9
GIMAP6	-0.678457615833252	0.231014170134388	0.808244559806673	9
GIMAP7	-0.651164585351712	0.282251549584363	0.8612268238133	9
GIMAP8	-0.96200991922758	0.0964301377178078	0.608209413293827	9
GIN1	-0.121982964385074	0.818755036692591	0.995966406600323	9
GINM1	-0.105817152295611	0.691702409974727	0.989171265391501	9
GINS1	1.91674194511492	0.0502336064865629	0.456593762377694	9
GINS2	2.03166836773201	0.0133164197224393	0.232895345406312	9
GINS3	0.732948689105379	0.0989598977764412	0.612684611839	9
GINS4	2.14090598301936	0.022583673967788	0.309861258844812	9
GIPC1	-0.376819110998252	0.449135189821112	0.932585632008735	9
GIPC2	-0.0467083878895039	0.875950444623926	0.998639733078915	9
GIPC3	-1.05904089467933	0.0879095488128312	0.585838758476841	9
GIPR	0.969629131782785	0.195881582102857	0.776425358061298	9
GIT1	0.0496253486154942	0.85886760243709	0.998639733078915	9
GIT2	-0.0449155634661905	0.948813795251053	0.998639733078915	9
GJA1	1.84281392730438	8.53131719955002e-06	0.0039424808746352	9
GJA3	-1.12992402574853	0.389034769692868	0.911850347346707	9
GJA4	0.955086316445983	0.021713499659275	0.304670122120302	9
GJA5	0.369456055451309	0.586486651866629	0.971161794932015	9
GJB1	2.96151694561968	0.0904846770556945	0.591312486464214	9
GJB2	1.0716318105959	0.320643942554061	0.88533955032557	9
GJB3	4.27183806464201	0.00253864064275763	0.0951088185983385	9
GJB6	3.73678717976869	0.0383210198129631	0.40060150064835	9
GJC1	-0.808437633747824	0.0880125177469081	0.585938235360541	9
GJC2	-0.14462756072634	0.821981251552725	0.996392111603895	9
GJD2	5.27785599616313	0.0222506189863533	0.307614175272896	9
GJD3	0.295634136169077	0.645803802400563	0.980691547015745	9
GK	0.150321259193265	0.792458103590208	0.994146995928182	9
GK5	-0.816955756952215	0.0144718627331598	0.242749052050195	9
GKAP1	-0.158888561223719	0.730497618359317	0.991008075540888	9
GLA	1.05892427764466	0.0766287726960865	0.549533337604665	9
GLB1	0.385065844147183	0.16646470877881	0.743424340491471	9
GLB1L	-0.0504046185882047	0.862284898258746	0.998639733078915	9
GLB1L2	-0.474827110915502	0.679339753570089	0.986817416491918	9
GLB1L3	-2.23099744519055	0.105237577857012	0.62833175561381	9
GLCCI1	0.316392933764855	0.464824976028933	0.938557427031886	9
GLCE	0.234117970897039	0.56412892691057	0.965041713262426	9
GLDC	0.717425531169373	0.388573384102139	0.911850347346707	9
GLDN	1.57638256774702	0.225067671284591	0.808050658079938	9
GLE1	0.167702360381174	0.540550010427826	0.958979719874913	9
GLG1	-0.0846061245537767	0.714987031492058	0.989276793964962	9
GLI1	2.59305485737511	0.0045741947997453	0.13085211131597	9
GLI2	0.891642436643948	0.0171838714524453	0.268081112025341	9
GLI3	-0.460775864348501	0.37220382211514	0.905673456930873	9
GLI4	-1.02675898778355	0.103669364897717	0.626900243857106	9
GLIPR1	0.215231187694611	0.709719347255035	0.989276793964962	9
GLIPR1L1	-0.92307378819069	0.205208239324219	0.788798007916763	9
GLIPR1L2	0.186496545667239	0.769646972081677	0.992930756580613	9
GLIPR2	-1.04584703792784	0.0378888511164418	0.398449203777634	9
GLIS1	-1.59713425588524	0.0268703434460731	0.33756011881488	9
GLIS2	-0.210587129701843	0.788840628590189	0.994052363875907	9
GLIS3	0.410386030268719	0.278559366695507	0.858073193290024	9
GLMN	-0.214735460674899	0.685676711222269	0.988293730694743	9
GLMP	-0.438275953506002	0.353939194633934	0.899715225734967	9
GLO1	-0.205575270414848	0.358501302319364	0.900808696207596	9
GLOD4	-0.0218826353538045	0.924324060108182	0.998639733078915	9
GLP2R	-1.82060981177168	0.224547136393075	0.807243127203648	9
GLRB	0.533437769672347	0.268241351219682	0.848042532738	9
GLRX	-0.22660435540024	0.693737935795689	0.989171265391501	9
GLRX2	-0.823006936791053	0.230074360019555	0.808244559806673	9
GLRX3	-0.122146191625479	0.526723785763362	0.957268202462574	9
GLRX5	0.0379676982304067	0.893031404741297	0.998639733078915	9
GLS	-0.434660815716438	0.315107376756422	0.880630245192925	9
GLS2	-0.482081787657999	0.743151134491069	0.991008075540888	9
GLT1D1	-0.00230320843063336	0.997525583076887	0.999620666732609	9
GLT8D1	0.140326647859611	0.579052280303636	0.969055975901473	9
GLT8D2	0.0620793979324471	0.849453793461971	0.998639733078915	9
GLTP	0.22115953268857	0.466033079317243	0.939056634854966	9
GLTPD2	-0.0546981664990156	0.920351153792787	0.998639733078915	9
GLUD1	-0.0637324026582825	0.819319697874878	0.995966406600323	9
GLUL	-0.0414761017278356	0.93119343068488	0.998639733078915	9
GLYATL1	3.14868851280717	0.0805496635267014	0.565379735291317	9
GLYATL2	1.39372511268568	0.227045259801269	0.808244559806673	9
GLYCTK	0.289838569252581	0.586596236034918	0.971161794932015	9
GLYR1	0.396498448141193	0.225347611294687	0.808244559806673	9
GM2A	-0.136715649760852	0.654729250023019	0.982654069775495	9
GMCL1	0.311896786761576	0.392797042103723	0.912945341948813	9
GMDS	0.5391370827292	0.223770955384754	0.805826560730507	9
GMEB1	0.00383860531223059	0.990048334973429	0.999458538741689	9
GMEB2	0.00312998064681874	0.989214978684625	0.999458538741689	9
GMFB	-0.0844075587390216	0.78347521746467	0.993964186291201	9
GMFG	-0.341083269144769	0.465891266166624	0.939056634854966	9
GMIP	0.768970229760616	0.0901226027399295	0.590277738070255	9
GMNC	3.26464191642768	0.0022134096802446	0.0871257074402414	9
GMNN	0.634813229486857	0.253469516735766	0.839098594740734	9
GMPPA	-0.485390855878059	0.336923244946301	0.89460168471775	9
GMPPB	0.0497631681890994	0.922991781036232	0.998639733078915	9
GMPR	0.401301144924388	0.30974272328322	0.877235807280418	9
GMPR2	-0.415000265026954			9
GMPS	-0.0567927668635254	0.80602702948923	0.995590233849494	9
GNA11	0.0284701780789813	0.945358793623224	0.998639733078915	9
GNA12	-0.316990367993195	0.401240936691094	0.914991131944397	9
GNA13	0.288811233175594	0.342656916595442	0.899092963457163	9
GNA14	0.537221107661943	0.476744058646582	0.940930478631126	9
GNA15	1.28491889215959	0.0266267883227954	0.336217298915982	9
GNAI1	-0.154297607452175	0.641912978060089	0.980691547015745	9
GNAI2	-0.306793318208494	0.381377847262951	0.907706006085918	9
GNAI3	0.138217286521936	0.516080260642555	0.953680371468858	9
GNAL	-0.667308406013967	0.297821527769165	0.87235962611909	9
GNAO1	-0.241393347233244	0.739557912429899	0.991008075540888	9
GNAQ	-0.217717129686896	0.569969174284293	0.966759950597664	9
GNAS	0.0158535365714952	0.960391235357343	0.998639733078915	9
GNAT2	2.45748781843135	0.0346566033004563	0.379708638591042	9
GNAZ	-0.286906190156865	0.760783463996859	0.991955190535962	9
GNB1	0.169173053740598	0.576460613715544	0.968284112085412	9
GNB1L	-0.214702135735766	0.683302078934822	0.987306006486237	9
GNB2	-0.372844482156024	0.402432940385408	0.915238409840383	9
GNB3	-0.424785239104526	0.230255942973986	0.808244559806673	9
GNB4	0.171125541632275	0.673871933534003	0.985298616459508	9
GNB5	-0.10868634307815	0.700481359106267	0.989276793964962	9
GNE	-0.0375223636116747	0.907487555080514	0.998639733078915	9
GNG11	-0.795724388243507	0.0088071671122145	0.18759190619714	9
GNG12	-0.119542330412633	0.789374831530544	0.994052363875907	9
GNG2	-0.542626438545717	0.205645444978649	0.78935877931593	9
GNG4	-0.806887112459887	0.309066693975858	0.877235807280418	9
GNG5	-0.768214987769171	0.471578456033375	0.939528895871055	9
GNG7	-0.71854890988074	0.0694650577554313	0.528815738797278	9
GNG8	-0.213809304096967	0.768464525698533	0.992930756580613	9
GNGT2	0.0471867609912912	0.944279618624683	0.998639733078915	9
GNL1	-0.371703338259069			9
GNL2	-0.182872285058013	0.646705360849509	0.980691547015745	9
GNL3	0.329710208819291	0.277758909686773	0.857480226675461	9
GNL3L	0.414311151480845	0.237644918373636	0.816354815013552	9
GNLY	-1.73285524554783	0.113846770391686	0.647838156419304	9
GNMT	0.136998506592611	0.932285141286049	0.998639733078915	9
GNPAT	-0.0754201817531705	0.813146114943094	0.995936140923453	9
GNPDA1	-0.606851191730849	0.0281865866162967	0.3467278248125	9
GNPDA2	-0.15191474728991	0.704500908732273	0.989276793964962	9
GNPNAT1	0.452634744667255	0.480119129934908	0.941122155738687	9
GNPTAB	-0.0829611388172629	0.785753717714884	0.994052363875907	9
GNPTG	-0.144772589237888	0.572727937275211	0.967444962861101	9
GNRH1	-0.961811681134882	0.085258361767465	0.578812849570433	9
GNRH2	-0.637987678722391	0.491647015536466	0.945386319025748	9
GNS	-0.0158039116921966	0.965434681434864	0.998639733078915	9
GOLGA1	-0.105980751827242	0.668361276766841	0.984380101516098	9
GOLGA2	0.245055492117968	0.157851953951466	0.73118800679849	9
GOLGA3	0.199429445023461	0.39737636862432	0.914438028200431	9
GOLGA4	0.29235293319087	0.667406586209131	0.984282363239639	9
GOLGA5	0.150190947973741	0.595629923976478	0.972576693342566	9
GOLGA6B	-0.591756135125086	0.783713685764519	0.993964186291201	9
GOLGA6L4	-0.358967097073156	0.757403114798516	0.991890138420883	9
GOLGA6L9	0.580132688594202	0.646831623953982	0.980691547015745	9
GOLGA7	0.0684707078381868	0.920339223375245	0.998639733078915	9
GOLGA7B	0.406027786007401	0.658524845486678	0.982975949819678	9
GOLGA8A	-0.188691038020689	0.71747337845039	0.989276793964962	9
GOLGA8H	-1.12118906326198			9
GOLGA8K	-0.326416345861758	0.740172309655412	0.991008075540888	9
GOLGA8N	-0.850638245806472			9
GOLGA8O	0.113874210731364	0.917353881438606	0.998639733078915	9
GOLGA8Q	-0.042038158674337	0.980739555391177	0.998639733078915	9
GOLGA8R	-2.24155428625837	0.0845622939585259	0.576889070953669	9
GOLGB1	0.258528720522618	0.49800188903619	0.948071543250266	9
GOLIM4	0.391543309132421	0.536222264833576	0.95784961223136	9
GOLM1	0.758883481341539	0.0804746950917316	0.565122252259301	9
GOLM2	-0.0335188292209933	0.890789437487131	0.998639733078915	9
GOLPH3	0.328973453742359	0.341487146723166	0.898679224956436	9
GOLPH3L	0.343476935142717	0.267066474642538	0.847767249375861	9
GOLT1A	2.31278090657202	0.346663438703627	0.899092963457163	9
GOLT1B	-0.0294211618387486	0.937494349798199	0.998639733078915	9
GON4L	0.26648687209203	0.290654703623099	0.866062063599779	9
GON7	0.686593207844503			9
GOPC	0.244470526374292	0.508288243232293	0.951538693830295	9
GORAB	0.421958421064415	0.395492227393281	0.913574069169144	9
GORASP1	0.201155577265763	0.315112514117146	0.880630245192925	9
GORASP2	0.0200806938445386	0.926200106005291	0.998639733078915	9
GOSR1	0.115209085263884	0.695135307469179	0.989276793964962	9
GOSR2	-0.00112552015041107	0.996284848367683	0.999620666732609	9
GOT1	-0.00073426838070864	0.998382849506016	0.999620666732609	9
GOT2	-0.237641159494621	0.508850649356894	0.951538693830295	9
GP1BA	-0.890867274219531	0.325514939002814	0.88645062741709	9
GP2	7.8037974565384	0.000732446984870066	0.0498232716298021	9
GP6	-0.981194398498937			9
GPAA1	-0.917806900381936	0.0583745079924956	0.486988855775229	9
GPALPP1	0.0368194707092371	0.909715092105453	0.998639733078915	9
GPAM	0.0747344173043859	0.829084348394711	0.99746225363255	9
GPANK1	-0.621062594038547			9
GPAT2	0.291197796461129	0.609112832308868	0.975328830748679	9
GPAT3	-0.485683545561459	0.471956385328531	0.939599353653877	9
GPAT4	0.0452908154470784	0.898856310408629	0.998639733078915	9
GPATCH1	-0.121341329198371	0.662676831044779	0.983171338937342	9
GPATCH11	-0.0573048190118124	0.865937303277445	0.998639733078915	9
GPATCH2	0.138424480654012	0.657204954126767	0.982975949819678	9
GPATCH2L	-0.179710587512918	0.545356442325319	0.96064983274572	9
GPATCH3	-0.203821562920357	0.381188788808154	0.907683128181507	9
GPATCH4	0.420988168577953	0.742899269122585	0.991008075540888	9
GPATCH8	0.039022373431028	0.903212854777441	0.998639733078915	9
GPBAR1	-1.84027540338173	0.0667318437046636	0.516804168375939	9
GPBP1	0.056587455831576	0.876373825614892	0.998639733078915	9
GPBP1L1	0.182132444711991	0.533148048250387	0.95784961223136	9
GPC1	-0.176734421274736	0.76266273593429	0.992456322270546	9
GPC2	-0.00122873677773012	0.998725477901505	0.999620666732609	9
GPC3	0.484665598270561	0.505163774710288	0.950760358225867	9
GPC4	-0.0777798291849425	0.889118173004768	0.998639733078915	9
GPC6	0.87709643264662	0.0351263539207414	0.3809699560794	9
GPCPD1	0.236233938802058	0.594966882992904	0.972236092783093	9
GPD1	0.363189920203362	0.790311966626671	0.994052363875907	9
GPD1L	0.145172546281228	0.74639528581292	0.991008075540888	9
GPD2	0.816520747636832	0.0221271774177714	0.307261774095694	9
GPER1	0.927980242537832	0.0791328931785687	0.560768428328782	9
GPHN	0.158618869948221	0.610574264474487	0.975328830748679	9
GPI	-0.597481636267975	0.248421397449276	0.835450672744726	9
GPIHBP1	-0.410133610007673	0.481699850548022	0.94264503432843	9
GPKOW	-0.248441054271984	0.379828275967342	0.906881065731184	9
GPLD1	-0.355391554585706	0.536361603198239	0.95784961223136	9
GPM6A	-0.892832834916334	0.293113699390085	0.869287720408175	9
GPM6B	0.628567450120904	0.263526383328924	0.845817122052239	9
GPN1	0.045040390944042	0.833965649336379	0.997915111894509	9
GPN2	-0.128140191839928	0.65369184168101	0.982001351012964	9
GPN3	-0.437716964938419	0.135232065870629	0.69722686843044	9
GPNMB	-1.69959821250891	0.00802453427146631	0.177585094488468	9
GPR107	0.197310565210518	0.473705632808451	0.939899973963271	9
GPR108	-0.313101754768866	0.349848801451616	0.899092963457163	9
GPR132	1.60650055023963	0.0178105229090114	0.271978858565318	9
GPR135	0.0579636502080179	0.900458792144225	0.998639733078915	9
GPR137	-0.650733808907231	0.186325923661073	0.765050614509348	9
GPR137B	-0.466194314238496	0.34663343663423	0.899092963457163	9
GPR137C	0.984256370863004	0.185217726786966	0.763792369190164	9
GPR141	-0.527194415525478	0.569730611836669	0.966756384847351	9
GPR143	-1.02911974319078	0.0565620563251733	0.480663508011447	9
GPR146	-0.084145212057183	0.931806496630424	0.998639733078915	9
GPR153	-0.273999803452171	0.449172503010158	0.932585632008735	9
GPR155	-0.161084135783079	0.72303105118464	0.990516044835733	9
GPR156	0.524921007548965	0.511900871736764	0.951538693830295	9
GPR157	0.244167867573885	0.672581059696082	0.985298616459508	9
GPR160	2.6972883275627	0.00803650451312895	0.177585094488468	9
GPR161	-0.0984092770976329	0.91287386974102	0.998639733078915	9
GPR162	0.0757357681989314	0.861728157721695	0.998639733078915	9
GPR17	-0.507534728531309	0.588782508645973	0.971161794932015	9
GPR171	0.0651749502247233	0.95572930214437	0.998639733078915	9
GPR173	0.436245154897674	0.329333784697426	0.888309445836384	9
GPR174	-0.178439395490586	0.795113709920634	0.994714385280344	9
GPR176	-0.0590758458350047	0.90774025544191	0.998639733078915	9
GPR18	-1.52917927236334			9
GPR180	0.238939907248882	0.399680787323879	0.914438028200431	9
ACKR5	-0.487139977167102	0.526933479214468	0.957268202462574	9
GPR183	1.10197261018774	0.148740434439703	0.718441607579992	9
GPR19	0.265394407470029	0.786298691203562	0.994052363875907	9
GPR21	-0.393925173665357	0.689519473644916	0.989171265391501	9
GPR22	-2.40613555344259			9
GPR27	0.349815088367135	0.40071436483592	0.914917979790104	9
GPR3	1.57140561840516	0.0521375143558942	0.468228806737437	9
GPR34	-0.433571330076562	0.513909055249789	0.952863302692453	9
GPR35	-0.616379475994675	0.269042698872946	0.848695964307358	9
GPR37	0.0330565454897853	0.974034651196216	0.998639733078915	9
GPR37L1	1.02642981957575	0.347935386301045	0.899092963457163	9
GPR39	3.20395611616685	0.136942516495568	0.700661520274202	9
GPR4	0.784277196681022	0.252125066420196	0.838161746834043	9
GPR61	-0.215734692066758	0.894966260507799	0.998639733078915	9
GPR63	1.34686036140054	0.171441839459697	0.749226042299155	9
GPR65	-0.035770964374751	0.94990316652705	0.998639733078915	9
GPR68	-0.386100814759029	0.423930570973866	0.922647417631964	9
GPR75	0.485494769763077	0.622425608578652	0.978573777801597	9
GPR82	0.129121227623883	0.907353658136631	0.998639733078915	9
GPR83	0.700784277038746	0.580133602548836	0.969055975901473	9
GPR85	0.310785134355873	0.694004752690873	0.989171265391501	9
GPR88	-1.17386020533792	0.336935160022507	0.89460168471775	9
GPR89B	-0.225759210582389	0.673011660808139	0.985298616459508	9
GPRASP1	-0.320591390280096	0.514193413773202	0.953076967056644	9
GPRASP2	-0.243820402536675			9
GPRC5A	1.96265721695277	0.000582531993818322	0.0425163385236661	9
GPRC5B	-0.00872159696123357	0.983805665390386	0.999263264585425	9
GPRC5C	-0.0942361354092889	0.786449920996485	0.994052363875907	9
GPRC5D	1.83481007803947	0.106229405724427	0.630753120634863	9
GPRIN1	1.23685171074082	0.113515533834698	0.646950886074897	9
GPRIN3	0.506758461396573	0.257062361128044	0.840547211401925	9
GPS1	-0.531697040824077	0.164580832092607	0.741226976760448	9
GPS2	0.725793630952885			9
GPSM1	-0.0861765382371249	0.826001577472344	0.99746225363255	9
GPSM2	0.0623613030457963	0.840738237464383	0.998604146933345	9
GPSM3	0.19240468767482			9
GPT	-0.193878671138133	0.648492113143886	0.980691547015745	9
GPT2	1.04645110497446	0.0383476675303921	0.40060150064835	9
GPX1	-0.29023485668168	0.556038697484914	0.963343569668406	9
GPX2	0.0674322132674121	0.950371319084586	0.998639733078915	9
GPX3	0.0462400361557565	0.960317250308554	0.998639733078915	9
GPX4	-0.521885865576381	0.274980306423081	0.853804018323747	9
GPX7	0.801223414073011	0.133192095885495	0.692758466302252	9
GPX8	-0.000465620954019915	0.998810676782844	0.999620666732609	9
GRAMD1A	-0.0846905684374175	0.757911311648882	0.991890138420883	9
GRAMD1B	0.497712246011325	0.267863337806458	0.847899415785355	9
GRAMD1C	1.95411090607631	0.00722179073055807	0.167085976447912	9
GRAMD2A	3.4745047822121	0.00319512681440342	0.108735232671016	9
GRAMD2B	-0.179528428222693	0.427003738094898	0.923608338376662	9
GRAMD4	0.296989061256569	0.402897173751318	0.915238409840383	9
GRAP	0.912613467174558	0.35356230745608	0.899715225734967	9
GRAP2	-0.979446440810544	0.0883946533467273	0.586402606197106	9
GRAPL	1.07433432877726	0.428228020045544	0.923998509558877	9
GRB10	-0.159609392379043	0.675466427154188	0.985298616459508	9
GRB14	3.09419395825643	0.00216070731116592	0.0864341480220058	9
GRB2	-0.233376224546732	0.474091615372612	0.939899973963271	9
GRB7	1.33425075968992	0.104982215961758	0.628298316800495	9
GREB1	-0.0391178367633758	0.926895239420957	0.998639733078915	9
GREB1L	0.148122581056857	0.872822157086092	0.998639733078915	9
GREM1	-0.79925158337027			9
GREM2	1.09938941265801	0.203463458893379	0.787756350592083	9
GRHL1	1.49785130068465	0.0309539125753569	0.36229542104952	9
GRHL2	3.54259172632152	0.00677567979558779	0.162100177411137	9
GRHPR	-0.304227273530529	0.367061706266549	0.90239123320911	9
GRIA1	-0.0460516206641404	0.964346682936857	0.998639733078915	9
GRIA2	-0.749888911210992	0.476899779434353	0.940941389680967	9
GRIA3	0.875913560794072	0.391355575716154	0.912807186165296	9
GRIA4	2.33606918549639	0.190464196529915	0.767953272522486	9
GRID1	-0.0328206629955465	0.963675139026967	0.998639733078915	9
GRID2	1.47133600434347	0.340586059351562	0.897107569965812	9
GRID2IP	-0.662426994940872	0.431396001843447	0.925165050575986	9
GRIK1	0.224674530297811	0.790410432575034	0.994052363875907	9
GRIK2	1.69800281331453	0.0637895457571526	0.505364776743874	9
GRIK3	0.299355125105526	0.796629099270017	0.995207410788884	9
GRIK4	1.16623329527336	0.340035608630296	0.896524077278898	9
GRIK5	-0.925284222517823	0.111924019204173	0.64449489779145	9
GRIN2A	-0.71441805336839	0.399553761832002	0.914438028200431	9
GRIN2C	-0.277542524463695	0.712388252354961	0.989276793964962	9
GRIN2D	0.58292502500363	0.467236554048768	0.939188868595478	9
GRIN3A	1.7185906291804	0.0214762350793165	0.302202770262908	9
GRIN3B	0.752078967772341	0.342834291768055	0.899092963457163	9
GRINA	-0.430185496390441	0.220819328710691	0.801618778727869	9
GRIP1	0.59731650763618	0.310957726228455	0.877973794349317	9
GRIP2	-0.547309881147664	0.500797370936244	0.94888930167018	9
GRIPAP1	0.138540806066313	0.568258093648763	0.965867959768124	9
GRK2	-0.217079736218634	0.440049290897842	0.929498191107035	9
GRK3	-0.291853490013212	0.286573855625089	0.862232237237917	9
GRK4	-0.105596756921725	0.833914333814059	0.997915111894509	9
GRK5	-0.264639524877727	0.59920035686077	0.973817161820319	9
GRK6	-0.251319281544439	0.518861717300739	0.953758404613893	9
GRM2	1.34020093151354	0.052253453260394	0.468500796866069	9
GRM3	-3.49633409057155	0.0145078579503967	0.242971166096346	9
GRM4	-0.254174329202097	0.726535555988937	0.991008075540888	9
GRM6	0.388548173199905	0.597194595742296	0.972987629186919	9
GRM7	1.22111983825856	0.0113363065097607	0.214807728357609	9
GRN	0.169741587468549	0.663841534138822	0.983348063468372	9
GRP	-0.572762457556616	0.760121546754902	0.991955190535962	9
GRPEL1	0.166769434550193	0.572896922977126	0.967566530899926	9
GRPEL2	0.250152015262307	0.457154994962032	0.936230722336266	9
GRPR	0.894429033181892	0.490841825890891	0.944931536265188	9
GRSF1	0.182573515773134	0.354318227905574	0.899715225734967	9
GRTP1	0.356715153559701	0.379819020934168	0.906881065731184	9
GRWD1	0.0743080913396504	0.847337818433994	0.998639733078915	9
GSAP	0.363978647975034	0.396585972653815	0.913831648820319	9
GSC	2.22818164167247	0.0251093731977923	0.325693723877516	9
GSDMA	-3.47810859432567	0.0920486166314182	0.594657652150791	9
GSDMB	0.0443711305592902	0.934745261328403	0.998639733078915	9
GSDMD	-0.132160845588263			9
GSDME	-1.23288287852527	0.00120478399318793	0.0630631791611596	9
GSE1	1.27207599779046	2.38873346563764e-07	0.000705201893725544	9
GSK3A	-0.25449422311573	0.620605920790306	0.978517513346508	9
GSK3B	0.154775204578824	0.616976076588761	0.977025239540628	9
GSKIP	0.0657151863755367	0.809270298164492	0.995936140923453	9
GSN	-1.02312647092723	0.056394402843628	0.480067924091576	9
GSPT1	0.16907518964893	0.393295887971038	0.912945341948813	9
GSPT2	-0.455717484442226	0.185527995791672	0.763792369190164	9
GSR	0.512469503865239	0.178149672468598	0.754527541500001	9
GSS	0.170522749405689	0.685289290025391	0.988233217083314	9
GSTA1	2.63923537146087	0.191035994347211	0.769408543672357	9
GSTA3	1.75930041119382	0.283737630919013	0.8612268238133	9
GSTA4	-0.19552929775908	0.50973848232365	0.951538693830295	9
GSTCD	0.689443879487553	0.0948341929481059	0.60287058621707	9
GSTK1	-0.181841237955069	0.656280317691546	0.982654069775495	9
GSTM1	-0.891157156783715	0.423248902600907	0.922277664097641	9
GSTM2	-0.328888587906137	0.472784369954881	0.939822409233973	9
GSTM3	-0.708861200227104	0.101179752126116	0.61971548594755	9
GSTM4	-0.895139096336236	0.045631509369122	0.435401880929289	9
GSTM5	-0.537103585263855	0.28358118936346	0.8612268238133	9
GSTO1	-0.343794043119865	0.44044900158916	0.929498191107035	9
GSTO2	0.582509426958455	0.307596272811083	0.876432473153517	9
GSTP1	-0.259828860246887	0.644854931195065	0.980691547015745	9
GSTT2B	-0.558042338442309	0.525278551314357	0.95640399400448	9
GSTZ1	0.187079543538653	0.714807894815217	0.989276793964962	9
QTMAN	0.289109239016519	0.350643730631152	0.899092963457163	9
GTF2A1	-0.205708662674283	0.573994566799471	0.968284112085412	9
GTF2A2	-0.16335490167241	0.616105711498761	0.977025239540628	9
GTF2B	-0.192684294334225	0.420328371576784	0.920640686978596	9
GTF2E1	0.670051932047521	0.00970519062951906	0.196978487596176	9
GTF2E2	-0.377300754127261	0.299363803353583	0.874165994322897	9
GTF2F1	-0.0677572123251064	0.804665778779122	0.995590233849494	9
GTF2F2	-0.0741556467097774	0.84076176826327	0.998604146933345	9
GTF2H1	-0.831942117754032			9
GTF2H2	0.700090908608489	0.638311548196829	0.980691547015745	9
GTF2H2C	-0.576250270166186	0.624974925989275	0.978573777801597	9
GTF2H3	0.460463864091682	0.323867139266771	0.886072927642273	9
GTF2H5	-0.152822640131466	0.688409383597227	0.989171265391501	9
GTF2I	0.717980460802632	0.168068086748867	0.745448626352169	9
GTF2IRD1	-0.385069375799458	0.299360536852402	0.874165994322897	9
GTF2IRD2	-0.369542327713078	0.204796370072415	0.788265767572076	9
GTF2IRD2B	-0.0834187591271033	0.761883298136566	0.992074749805385	9
GTF3A	-0.0788171153406253	0.811779897426966	0.995936140923453	9
GTF3C1	0.222524094768544	0.38588417136475	0.910863010956818	9
GTF3C2	0.120941031755102	0.622834321235622	0.978573777801597	9
GTF3C3	0.0871841084351491	0.761503424216364	0.992004541019998	9
GTF3C4	0.653294406179843	0.15288489671691	0.724086010296911	9
GTF3C5	-0.403794828436403	0.133165310491168	0.692758466302252	9
GTF3C6	-0.128638079050286	0.787821414390819	0.994052363875907	9
GTPBP1	-0.153057422215696	0.614106116762007	0.975971187502582	9
GTPBP10	0.117062782843031	0.732469816420052	0.991008075540888	9
GTPBP2	0.155580767684407	0.559994764550267	0.964946561877165	9
GTPBP3	0.138824342644288	0.68359680003207	0.987306006486237	9
GTPBP4	0.287848137533633	0.124860128981914	0.67615870790806	9
GTPBP6	-0.391183285283343			9
GTPBP8	-0.265360395875072	0.499197599748096	0.948602871172571	9
GTSE1	3.5607456908004	6.24124054263765e-05	0.0119645391753084	9
GUCA1B	-0.599700345330348	0.256365764137081	0.840547211401925	9
GUCD1	0.156256600228046	0.581845172584078	0.970136291936471	9
GUCY1A1	-0.330189466472322	0.591331743022314	0.971187979266693	9
GUCY1A2	0.132891881047356	0.763699074744086	0.992788902596531	9
GUCY1B1	-0.360262945727036	0.362546362059137	0.901490654874543	9
GUCY2C	-0.380001996742938	0.731827632110312	0.991008075540888	9
GUCY2D	-2.89225289069887	0.0341372886505454	0.376607262907848	9
GUF1	0.142964163388568	0.609297620012791	0.975328830748679	9
GUK1	-0.477871736369993	0.287823193425338	0.863004415850258	9
GULP1	-0.347815978478802	0.459848874361941	0.937674987492279	9
GUSB	0.871469088274524	0.1168457119766	0.656301200337363	9
GVQW3	0.330429917702951	0.537205082032297	0.958385812893249	9
GXYLT1	0.432298300383856	0.428046886529831	0.923742703518543	9
GXYLT2	0.909530178456351	0.0892521195455383	0.587531020671967	9
GYG1	-0.633204419200993	0.206399933505492	0.790112598188719	9
GYG2	-0.191121220923827	0.76045456406629	0.991955190535962	9
GYPC	-0.511396787964546	0.248346398045793	0.835450672744726	9
GYPE	1.14791019473285	0.282553229492754	0.8612268238133	9
GYS1	-0.117718978314168	0.726798930767079	0.991008075540888	9
GZF1	0.296291460843335	0.309480568615539	0.877235807280418	9
GZMA	-0.837530060699589	0.282057839947159	0.8612268238133	9
GZMB	-1.98601684074667	0.0281242499847788	0.3467278248125	9
GZMH	-0.844155570450133	0.195338768708172	0.77508921283694	9
GZMK	-1.84366726151485	0.0254117842129383	0.328174406620457	9
GZMM	-1.91566252086751	0.0346887052417486	0.379708638591042	9
H1-0	0.0210906362266332	0.947407042943151	0.998639733078915	9
H1-10	-0.742471161465412	0.163687796545211	0.74025599411883	9
H1-2	1.16322913132149	0.0489388617194255	0.451491586150275	9
H1-4	-0.00436073828711125	0.998251459983399	0.999620666732609	9
H2AC11	1.2423493184778	0.465191147480877	0.938713127541383	9
H2AC15	0.772079713502755	0.663212170892795	0.983171338937342	9
H2AC20	0.239914268985588	0.749409536344473	0.991008075540888	9
H2AC6	1.61719436713778	0.00476667274608451	0.132257248881491	9
H2AC8	2.28437298223602	0.0550766259776696	0.475748901357548	9
H2AJ	-0.534796317929913	0.181563270977064	0.759007488782904	9
H2AC25	1.45669723700113			9
H2AX	1.15368848258575	0.0786171001209035	0.558185192344712	9
H2AZ1	0.367465430072875	0.297353663981518	0.87209168170697	9
H2AZ2	0.134283576449635	0.661537204976244	0.983171338937342	9
H2BC11	1.87193860686172	0.0823207738364368	0.571022999341938	9
H2BC12	0.30606394034295	0.511051442586992	0.951538693830295	9
H2BC15	-0.59093689414952	0.753104425710897	0.991008075540888	9
H2BC18	3.76030001518848	0.000532151755636994	0.0411261364657469	9
H2BC21	2.64639518499665	1.12136492437957e-05	0.00447363990507211	9
H2BC4	2.14996687763484	0.00991341905794812	0.198820623253223	9
H2BC5	2.20644057193367	0.00132594895215297	0.0672588745110997	9
H2BC7	5.85389956611624	0.0334990435205753	0.372910544047672	9
H2BC8	4.19664275350304	8.12243914950541e-06	0.0039424808746352	9
H2BC9	7.25328761236277	3.70992552277539e-05	0.00842495548333655	9
H3-7	0.173772405635778	0.87173336738074	0.998639733078915	9
H3-3A	0.382164762448295	0.298913863588198	0.873962823300325	9
H3-3B	0.289730232850916	0.266925662636299	0.847767249375861	9
H3C10	2.06680491303142	0.0932973140874495	0.598245722521652	9
H3C6	1.15871539494039	0.0314444466166645	0.364040373732223	9
H4C16	-0.464677919218734	0.693177661530956	0.989171265391501	9
H4C11	-0.834570241225875	0.762599027714448	0.992456322270546	9
H4C15	0.310950695211479	0.829163721297871	0.99746225363255	9
H4C5	3.06916789586604	0.0425613843549654	0.419671739788674	9
H4C8	0.79519284350982	0.467118905005013	0.939188868595478	9
H4C9	1.04779501254223	0.454126224961036	0.934203669144002	9
H6PD	-0.0183519557265802	0.954529811946051	0.998639733078915	9
HAAO	-0.79681611101005	0.144469456189904	0.711869112393627	9
HABP2	1.16357925040283	0.475221701457096	0.940283675486015	9
HABP4	-0.549852687645385	0.160149561238291	0.735351247601584	9
HACD1	-0.340005247283882	0.660467141136208	0.982975949819678	9
HACD2	0.351718798499821	0.472458594199796	0.939822409233973	9
HACD3	-0.254691014591744	0.413785183448588	0.917370189839819	9
HACD4	0.0856258988289188	0.851108209550821	0.998639733078915	9
HACE1	-0.0994364362508788	0.845322577043032	0.998639733078915	9
HACL1	-0.302055690027365	0.21287274341779	0.794171927467666	9
HADH	0.161878619023354	0.649832471881243	0.980995818924016	9
HADHA	-0.223101045927323	0.523033093441954	0.955391092995928	9
HADHB	0.078172648261877	0.662136277004237	0.983171338937342	9
HAGH	-0.188375491212182	0.615040690824844	0.976405209428427	9
HAGHL	-0.769047427585774	0.263119315684617	0.845428833249157	9
HAL	0.704749991553158	0.523158156698832	0.955391092995928	9
HAMP	-0.492512356948461	0.823673270687987	0.996985744044721	9
HAND2	-0.678332128750185	0.120865296160476	0.669704443177472	9
HAP1	-0.489452002915121	0.49020659421326	0.944931536265188	9
HAPLN1	6.14450597113639	0.000184409485365834	0.0221306375080087	9
HAPLN2	-3.08482088910574	0.000360343865132516	0.0322365805649762	9
HAPLN3	-0.0320075770844596	0.938210098594485	0.998639733078915	9
HAPLN4	0.534588322501589	0.732461881778072	0.991008075540888	9
HARBI1	0.0302708003726109	0.958972849872877	0.998639733078915	9
HARS1	-0.0684029558387405	0.766964951045454	0.992930756580613	9
HARS2	-0.0137407634009386	0.946166171565201	0.998639733078915	9
HAS1	0.434126013447012	0.766127078116347	0.992930756580613	9
HAS2	-1.19007971138211	0.179819367593111	0.756214725083166	9
HAS3	0.187123743177093	0.750398068166875	0.991008075540888	9
HASPIN	2.76767858092488	0.0865333373655688	0.581692070720403	9
HAT1	-0.0521094331648433	0.878310754683037	0.998639733078915	9
HAUS1	-0.141549304707673	0.671148544510152	0.985298616459508	9
HAUS2	0.0328438726335849	0.939087519801689	0.998639733078915	9
HAUS3	0.0941987885619246	0.802661051995612	0.995590233849494	9
HAUS4	-0.167044770183842	0.805024712210658	0.995590233849494	9
HAUS5	-0.264993925080732	0.38730977686903	0.910869371915953	9
HAUS6	-0.00474131268193094	0.989775917125785	0.999458538741689	9
HAUS7	-0.0310994669672542	0.967844860402519	0.998639733078915	9
HAUS8	0.680274064147479	0.132595999592077	0.692218204569389	9
HAVCR2	0.0881771215521952	0.824623280513699	0.997189504159952	9
HAX1	-0.570227441549199	0.117295759560611	0.657577936526461	9
HBA1	-0.209103325018338	0.866888422861962	0.998639733078915	9
HBA2	-0.0912148340241398	0.934520389811731	0.998639733078915	9
HBB	2.26323420423109	0.000214108246332584	0.0239428168493582	9
HBEGF	1.61588749746044	0.0270074313492351	0.338705772426558	9
HBP1	-0.959185326564204			9
HBS1L	0.060924753911647	0.8268575859073	0.99746225363255	9
HCAR1	0.435866568417171	0.679321617916679	0.986817416491918	9
HCCS	0.420037943274862	0.170535862471048	0.748077226132283	9
HCFC1	-0.0021822022476027	0.995066691582651	0.999620666732609	9
HCFC1R1	-1.70317156106531	0.0118934393058135	0.220389281878078	9
HCFC2	-0.474502478638239	0.231012227301183	0.808244559806673	9
HCK	0.00760447194625863	0.987450504334783	0.999458538741689	9
HCLS1	-0.0572798071695405	0.845245193040931	0.998639733078915	9
HCN1	3.14057660187179	0.0544775211720372	0.474700525395774	9
HCN2	1.06849688083683	0.299101561696069	0.873962823300325	9
HCN3	-0.248018804440273			9
HCN4	1.85690232240255	0.219328543482511	0.800372961766465	9
HCRTR1	0.22380277979349	0.861763802695937	0.998639733078915	9
HCST	-1.36049466944154	0.340060856898893	0.896524077278898	9
HDAC1	0.198398246993573	0.57495577008712	0.968284112085412	9
HDAC10	-0.593125759389806	0.556791375638752	0.96370024816501	9
HDAC11	-0.271835613956406	0.377122173238647	0.905673456930873	9
HDAC2	0.296278173186418	0.321966611606311	0.885543112951723	9
HDAC3	0.152644185331918	0.562452879988455	0.964946561877165	9
HDAC4	0.0869547892085831	0.814100684773257	0.995936140923453	9
HDAC5	-0.734174264234346	0.0318485912573703	0.365879234068636	9
HDAC6	-0.0199988062111255	0.938357869050521	0.998639733078915	9
HDAC7	-0.332762107307956	0.233743751631387	0.811069938371157	9
HDAC8	0.269367068099457	0.257755839526089	0.84120654729864	9
HDAC9	-0.544619576275941	0.433892016906454	0.926809311141991	9
HDC	-0.478841697608999	0.643832040307961	0.980691547015745	9
HDDC2	-0.383909743161059	0.366839353615706	0.90239123320911	9
HDDC3	0.0176280639767139	0.978391679598641	0.998639733078915	9
HDGF	0.208680493908762	0.453700968024878	0.934203669144002	9
HDGFL2	-0.150083950552601	0.621262863946511	0.978573777801597	9
HDGFL3	-0.210931435292695	0.490840366725276	0.944931536265188	9
HDHD2	0.307954598119166	0.708142598656441	0.989276793964962	9
HDHD3	0.126462969245059	0.816328892793894	0.995966406600323	9
HDHD5	0.0565891605266023	0.878902777278292	0.998639733078915	9
HDLBP	0.159474030148885	0.697900374660958	0.989276793964962	9
HDX	0.11323192418802	0.816296374745479	0.995966406600323	9
HEATR1	0.269180030159177	0.516437722760566	0.953680371468858	9
HEATR3	-0.0115290785440816	0.975563128841559	0.998639733078915	9
HEATR4	-0.44401442323553	0.463628258108571	0.938294906827733	9
HEATR5A	0.124867816149972	0.704927026123866	0.989276793964962	9
HEATR5B	0.158069653574844	0.633639906209872	0.979901378267566	9
HEATR6	0.0536878088651746	0.797131470572605	0.995470189265839	9
HEBP1	-0.0988487260147049	0.72494594608069	0.990984782893948	9
HEBP2	0.0544732908588618	0.882396386754918	0.998639733078915	9
HECA	-0.188254475548594	0.654477723932718	0.982654069775495	9
HECTD1	-0.0415821204955097	0.892866237559019	0.998639733078915	9
HECTD2	-0.298717817389888	0.540684460211586	0.958992746552915	9
HECTD3	-0.51412405351729	0.111499475264393	0.644283708027277	9
HECTD4	0.272095693951338	0.453636331777775	0.934203669144002	9
HECW1	0.758429718687943	0.47625248943876	0.940744430396661	9
HECW2	1.32085296098581	0.000895732575396253	0.0531000343189723	9
HEG1	0.494712136224167	0.366300970689319	0.90239123320911	9
HELB	0.30969122363465	0.700048850616272	0.989276793964962	9
HELLS	1.4702115607796	0.0369821954462262	0.395468924362961	9
HELQ	-0.168975910835599	0.648491881346571	0.980691547015745	9
HELZ	0.118285548139631	0.717182661457746	0.989276793964962	9
HELZ2	0.655929656354459	0.143887170485527	0.711869112393627	9
HEMK1	-0.30001982521372	0.297797338973441	0.87235962611909	9
HENMT1	0.640354347302658	0.122918882967469	0.672999121469885	9
HEPH	-0.0220965836139766	0.961059494900091	0.998639733078915	9
HEPHL1	-0.447503779183282	0.633014172943218	0.97975487121892	9
HERC1	-0.178609574406808	0.600962614954363	0.974057468095769	9
HERC2	-0.502946088956566			9
HERC3	-0.0885298632060727	0.935820828648753	0.998639733078915	9
HERC4	-0.0858154835396865	0.774670051219	0.992930756580613	9
HERC5	-1.2141679713787	0.0339640068664966	0.375256515985296	9
HERC6	-0.083120690521584	0.852890251040034	0.998639733078915	9
HERPUD1	0.609518030843466	0.145607701218874	0.713821081930189	9
HERPUD2	-0.0449594104201548	0.884275016838551	0.998639733078915	9
HES1	0.694165338123611	0.125179979199462	0.677091122375689	9
HES2	3.11078274183141	0.0238258239786035	0.317066734160602	9
HES4	-0.984862436715943	0.176592923117461	0.751250158017082	9
HES6	-1.28832533365146	0.0294710398636925	0.352815911944822	9
HES7	-2.07364004168616	0.159701114520277	0.734263063172008	9
HESX1	0.265501022938869	0.643162797556683	0.980691547015745	9
HEXA	-0.0857308923456986	0.896266415098003	0.998639733078915	9
HEXB	-0.462401328561823	0.0326443338575773	0.36955440424629	9
HEXD	-0.481540003939878	0.278533930223069	0.858073193290024	9
HEXIM1	0.0953047965447915	0.748173388941617	0.991008075540888	9
HEXIM2	-0.358491993747046	0.599606285654846	0.973817161820319	9
HEY1	1.40492926503739	0.0208728792995549	0.297428100321628	9
HEY2	2.43716218713668	7.70369062497002e-05	0.0135374020613312	9
HEYL	0.693408673742386	0.112220694023812	0.644549059040515	9
HFE	-0.0802230487968813	0.85393182126157	0.998639733078915	9
HFM1	-0.759147369691633	0.301542840478064	0.874342355309609	9
HGD	3.37073967140261	0.00250589246288928	0.0941208108007853	9
HGF	0.994035184544569	0.108299231849062	0.637294303014444	9
HGFAC	1.06042893721326	0.179192025382571	0.75589429032331	9
HGH1	-0.597157031955166	0.222810320091083	0.804675733687031	9
HGS	-0.420156577766508	0.233210340734168	0.810353765114517	9
HGSNAT	-0.121130887051174	0.575514138084698	0.968284112085412	9
HHAT	0.339349237783176			9
HHATL	-0.478409043929609	0.627747487941046	0.979047032739808	9
HHEX	-0.136684744767255	0.787116086567265	0.994052363875907	9
HHIP	3.76530143420023	0.00235600609590321	0.0905483664135465	9
HHIPL1	0.318726792835114	0.587807078100221	0.971161794932015	9
HHIPL2	0.950413718979497	0.36276700260567	0.901633898882352	9
HIBADH	-0.120824588847817	0.625872039294093	0.978573777801597	9
HIBCH	-0.121587775720665	0.702681555861804	0.989276793964962	9
HIC1	-0.151620123176824	0.551157840960518	0.961546579712439	9
HIC2	0.221093817457706	0.511413847338017	0.951538693830295	9
HID1	0.608386813326566	0.192171048426286	0.770439390849258	9
HIF1A	0.979898458403352	0.130098019852966	0.687201660527706	9
HIF1AN	-0.0450361347198025	0.861083398274857	0.998639733078915	9
HIF3A	-0.694433264752575	0.565063094405055	0.965041713262426	9
HIGD1A	0.0249425049735249	0.931472598469192	0.998639733078915	9
HIGD1B	-1.31592139022383	0.0175304008518787	0.270959420915792	9
HIGD1C	0.379246120551848	0.768014374157597	0.992930756580613	9
HIGD2A	-0.407699467271189	0.474267012670001	0.939899973963271	9
HIKESHI	-0.387535351082348	0.218311850357568	0.799033281212017	9
HILPDA	0.817579563814846	0.0131538586488784	0.231484576288639	9
HINFP	0.0172631148971667	0.951352941194328	0.998639733078915	9
HINT1	-0.336928693172936	0.419222135135794	0.919802243544293	9
HINT2	-0.820074793375451	0.469949671088887	0.939188868595478	9
HINT3	0.138982439489434	0.770367005161273	0.992930756580613	9
HIP1	0.567702729176084	0.128560448659186	0.682562328088299	9
HIP1R	0.35468752850147	0.386674127784438	0.910863010956818	9
HIPK1	0.400391922572123	0.353651554656007	0.899715225734967	9
HIPK2	0.365518160429658	0.325408182452324	0.88645062741709	9
HIPK3	-0.128595072789329	0.787915188961941	0.994052363875907	9
HIPK4	-1.33884736609877	0.269229615787929	0.848695964307358	9
HIRA	0.365948501917483	0.429389125754314	0.92450301842919	9
HIRIP3	-0.592236033786851	0.0999021290090869	0.615208730205729	9
HIVEP1	0.123603622683164	0.794861360054232	0.994714385280344	9
HIVEP2	0.396280733147498	0.372976883982014	0.905673456930873	9
HIVEP3	0.147428768872079	0.694182314083772	0.989171265391501	9
HJURP	4.20720863219042	0.000820506111841591	0.0509101684117623	9
HK1	0.0662182409042754	0.885046110746357	0.998639733078915	9
HK2	1.9506369551725	0.00479745986747706	0.132365056268839	9
HK3	-0.484197986567003	0.52835699369635	0.957299775766752	9
HKDC1	1.29365743731267	0.161742383128138	0.738443385610612	9
HLA-A	-0.389812448905771	0.679027916480352	0.986817416491918	9
HLA-B	-0.415850693430911	0.737891867247206	0.991008075540888	9
HLA-C	-0.589487183707321	0.742502829572475	0.991008075540888	9
HLA-DMA	0.384528245251466			9
HLA-DMB	0.495811132055286			9
HLA-DOA	-1.05555939369545			9
HLA-DOB	0.143269061340875	0.963276106001447	0.998639733078915	9
HLA-DPA1	0.179497928791999			9
HLA-DPB1	-0.200835381145216			9
HLA-DQA1	-0.679520175367343	0.523813971345544	0.955391092995928	9
HLA-DQB1	-0.406075903901745	0.748865767185411	0.991008075540888	9
HLA-DRA	-0.405577272676421			9
HLA-DRB1	-0.433234730140737	0.669492579811845	0.984493894849006	9
HLA-DRB5	0.0734377591267756	0.953055748576544	0.998639733078915	9
HLA-E	-1.07003397531137			9
HLA-F	-0.784190756691294	0.527369494214423	0.957268202462574	9
HLCS	0.144664899674936	0.564904257359054	0.965041713262426	9
HLF	-0.677185313456628	0.125599001386212	0.678363285569657	9
HLTF	0.0560357517838184	0.956418821158262	0.998639733078915	9
HLX	-0.121934162117677	0.868806666822281	0.998639733078915	9
HM13	-0.272433236220532	0.567243981281311	0.965197510973307	9
HMBOX1	0.25000245749486	0.606071433715015	0.974885729870166	9
HMBS	-0.253931402500023	0.699193948365861	0.989276793964962	9
HMCES	0.0613881970483928	0.809095036813849	0.995936140923453	9
HMCN1	1.66688200354129	0.000748073293363697	0.0501726725830077	9
HMCN2	-2.17249158696622	0.0126948281988526	0.22741305709134	9
HMG20A	0.509299020209211	0.324434060358366	0.886080378644328	9
HMG20B	-0.030405427043338	0.940951623577418	0.998639733078915	9
HMGA1	2.3844737860291	0.000588280661205279	0.0425163385236661	9
HMGA2	3.74604783469551	0.0195817619900634	0.286184543302302	9
HMGB1	-0.109773615320172	0.705475516975097	0.989276793964962	9
HMGB2	0.465269271235808	0.304070647540656	0.875053234265414	9
HMGB3	1.33498083746135	0.0413442057819725	0.413190129686998	9
HMGCL	-0.121802247806512	0.737807460576655	0.991008075540888	9
HMGCLL1	-1.90857837556511	0.112636067106293	0.645265927566736	9
HMGCR	1.42852091446162	0.00333493777335799	0.10966823841068	9
HMGCS1	0.225149343828011	0.503195869110424	0.949627683549368	9
HMGN1	0.417057899012042	0.262468490626194	0.845362729682141	9
HMGN2	0.329765161409133	0.414765970599655	0.9188594464988	9
HMGN3	-0.418275130214667	0.383017666250385	0.909397421830777	9
HMGN4	-0.284178157184328	0.291487368167268	0.867283786477541	9
HMGN5	0.378507314710103	0.576137022520634	0.968284112085412	9
HMGXB3	0.140289556327136	0.617218369942169	0.977025239540628	9
HMGXB4	0.0677199711521342	0.831453345401777	0.99746225363255	9
HMMR	3.81484215677307	0.0031705818116354	0.108335551207292	9
HMOX1	0.385744551773987	0.501670872005183	0.949348943915356	9
HMOX2	-0.767123705902663			9
HNF1A	3.28937174046065	0.0918951143312908	0.594447327500439	9
HNF1B	3.11529886376043			9
HNF4A	4.13271949736298	0.0553086934887718	0.476193549252792	9
HNF4G	3.78211727579507	0.0126355141628239	0.226912456726265	9
HNMT	-0.42350232650869	0.363906257230686	0.90239123320911	9
HNRNPA0	0.346128943866892	0.243863269203456	0.826893107574444	9
HNRNPA1	0.145674781259369	0.603310781496041	0.974057468095769	9
HNRNPA1L2	-0.170907031158039	0.903065949228281	0.998639733078915	9
HNRNPA2B1	0.232057577503432	0.463917811342552	0.938355642512777	9
HNRNPA3	0.111644116432961	0.653087592305376	0.981479790263432	9
HNRNPAB	0.192083153650474	0.611277134751678	0.975436047895768	9
HNRNPC	0.155594403771219	0.449453818818502	0.932585632008735	9
HNRNPD	0.196942926212711	0.467234076026258	0.939188868595478	9
HNRNPDL	-0.137170845376238	0.660192916401047	0.982975949819678	9
HNRNPF	0.496647613923486	0.181960836012244	0.759038576668581	9
HNRNPH1	-0.0359229415056762			9
HNRNPH2	-0.218218776477056			9
HNRNPH3	-0.0318963480759582	0.923957885462611	0.998639733078915	9
HNRNPK	0.292837873706925	0.40229876328697	0.915238409840383	9
HNRNPL	-0.547534690151146			9
HNRNPLL	0.292238791310368	0.370394395215331	0.905071602609146	9
HNRNPM	0.262375847553784	0.232199782265338	0.808244559806673	9
HNRNPR	-0.55648337927111			9
HNRNPU	0.402745895312578	0.210577164624347	0.794171927467666	9
HNRNPUL1	0.146813502641579	0.694517818294824	0.989228093394875	9
HNRNPUL2	-0.0440655289366364	0.823480249110772	0.996915603799238	9
HOATZ	3.31047518701788	0.0388643875693222	0.402580508709309	9
HOGA1	1.32792091707366	0.137526140627399	0.701162949313771	9
HOMER1	-0.739149995065424	0.118517855069827	0.662165805709962	9
HOMER2	3.43387745920725	0.000139738602695535	0.0198334760998923	9
HOMER3	-0.480546577572755	0.375268303245579	0.905673456930873	9
HOOK1	2.88150681115379	0.0173851642164468	0.269844804415321	9
HOOK2	0.292286587616383	0.523759416883537	0.955391092995928	9
HOOK3	-0.219242025524723	0.306378322415906	0.876432473153517	9
HOPX	0.509144312281246	0.367174083077835	0.90239123320911	9
HOXA1	-0.183460336015974	0.838062383693158	0.998604146933345	9
HOXA10	-0.300194691711266	0.50079390314559	0.94888930167018	9
HOXA11	-0.436316992886311	0.289043324478826	0.864162235859182	9
HOXA13	-1.29887476263559	0.178300161683802	0.754527541500001	9
HOXA2	-0.752083508288577	0.0127137811056055	0.22747651260587	9
HOXA3	-0.125214305037594	0.752715407684194	0.991008075540888	9
HOXA4	-0.474192913610467	0.485258885117369	0.943768865380848	9
HOXA5	-0.274508748414522	0.532975816958497	0.95784961223136	9
HOXA6	-0.080616106494619	0.922560534209709	0.998639733078915	9
HOXA7	-0.382650544166459	0.661442405536621	0.983171338937342	9
HOXA9	0.146589095017169	0.870926449720162	0.998639733078915	9
HOXB2	1.59523091066158	6.79450482298739e-05	0.0123819365051996	9
HOXB3	2.12169378663275	0.00485306148033401	0.132905455493897	9
HOXB4	2.37908116167756	0.000908364807588016	0.0534198124494291	9
HOXB5	2.74936945241322	0.00285698814943898	0.104424441723939	9
HOXB6	2.75657300118071	0.00189057815405702	0.0813275058732935	9
HOXB7	1.5408340120496	0.0365098324540705	0.392800026861906	9
HOXB8	3.37709421964357	0.00087962876490384	0.052781301620917	9
HOXB9	3.10574275371196	0.000900876749482958	0.0531913667964718	9
HOXC4	3.31581982293964	1.05660929072423e-05	0.00433239159455011	9
HOXC5	3.88519494329514	0.126424601217399	0.679443938788914	9
HOXC6	2.18349505584132			9
HOXD1	0.804924087135538	0.586491930692469	0.971161794932015	9
HOXD10	-0.952243661104116	0.0187416552256359	0.280005640471267	9
HOXD11	-0.924979215983019	0.158590700148874	0.732693998402983	9
HOXD3	-1.03940547526382	0.00919069881385648	0.190807180297237	9
HOXD4	-0.832913649772692	0.199303892352916	0.780997970767379	9
HOXD8	-0.611709097500787	0.183314126299565	0.760225751021468	9
HOXD9	-1.43980125207985	0.00239350695545664	0.0908240518496028	9
HP	0.0313751477684733	0.980347777603768	0.998639733078915	9
HP1BP3	0.0434475115255661	0.89875395011213	0.998639733078915	9
HPCA	-1.69804598470867	0.0522742912023857	0.468500796866069	9
HPCAL1	-0.679185169833246	0.109688345817524	0.638280282692314	9
HPD	-0.527064731174574	0.722940116617449	0.990516044835733	9
HPDL	1.29114819676724	0.151479649953829	0.722080305349481	9
HPF1	-0.327059874319041	0.374754913892103	0.905673456930873	9
HPGD	0.965722589432323	0.0275235904629486	0.342848707868003	9
HPGDS	-0.198118422116054	0.787754827892184	0.994052363875907	9
HPN	3.27002424340237	0.0089407150501201	0.187999996278357	9
HPRT1	0.199578383281031	0.666698809117312	0.984088154568007	9
HPS1	-0.264007004207852	0.322546218163784	0.885543112951723	9
HPS3	-0.151471594386023	0.799101436407158	0.995590233849494	9
HPS4	0.0277634286933397	0.912261608821304	0.998639733078915	9
HPS5	0.0135684732330537			9
HPS6	-0.0699409952719581	0.868025492961124	0.998639733078915	9
HPSE	-1.63253542782	0.0880832561659128	0.585938235360541	9
HPSE2	2.03056744697456	0.00173609434253856	0.0781295383847917	9
HPX	0.218585752137108	0.740072537506166	0.991008075540888	9
HR	1.27241658340974	0.0171786390582934	0.268081112025341	9
HRAS	-0.133567341622047			9
HRC	-0.605372378232454	0.157857454764631	0.73118800679849	9
HRCT1	-1.3766216252452	0.108840371359184	0.637509636263216	9
HRH1	0.945618790335763	0.0233052418668017	0.313590405830319	9
HRH2	-0.425874564930156	0.554241270436258	0.962765334045336	9
HRNR	0.855738501683133	0.521171888527713	0.954587200218087	9
HROB	0.349111048374975	0.549361013767924	0.961089318650903	9
HS1BP3	-0.60076002276262	0.203810141786543	0.787756350592083	9
HS2ST1	0.017447913064543	0.948724272019594	0.998639733078915	9
HS3ST1	0.201235547259968	0.501485981970506	0.949348943915356	9
HS3ST3A1	-1.4363801881062	0.137813993204877	0.7016256621796	9
HS3ST3B1	0.0200776812749771	0.974937789295234	0.998639733078915	9
HS3ST5	0.333153306740625	0.734207310817556	0.991008075540888	9
HS6ST1	1.07215801002082	0.0324491330477581	0.368792730856228	9
HS6ST2	-2.02843107851553	6.44021795241882e-05	0.0120334249614752	9
HS6ST3	-0.652709006731194	0.392093619464445	0.912807186165296	9
HSBP1	-0.070330250004831	0.873140782960291	0.998639733078915	9
HSBP1L1	-0.48205905588128	0.336100054914058	0.894066121929431	9
HSCB	-0.0712665644366568	0.858000965549158	0.998639733078915	9
HSD11B1	-0.32103707960165	0.820306250375113	0.996009039113892	9
HSD11B1L	-0.565113819153189	0.204577229591698	0.787978456688567	9
HSD11B2	0.59361079755449	0.47444643245036	0.939899973963271	9
HSD17B1	-1.95304831201663	0.228753043664377	0.808244559806673	9
HSD17B10	-0.444313280888672	0.401911712441989	0.915238409840383	9
HSD17B11	-0.477768298884979	0.219247935272784	0.800372961766465	9
HSD17B12	-0.448110629809353	0.337837886201195	0.89562231289796	9
HSD17B13	-0.943296612948849	0.267752246906731	0.847767249375861	9
HSD17B14	-1.21114195620341	0.00609906448022973	0.153109338082774	9
HSD17B2	4.35368967698857	0.0121451873306426	0.222702000233063	9
HSD17B3	0.727174664287336	0.544693524532772	0.960243480695375	9
HSD17B4	-0.0188297780512222	0.948668283686849	0.998639733078915	9
HSD17B6	-1.08243243102824	0.358685342536049	0.900808696207596	9
HSD17B7	0.263452526413062	0.572759401832069	0.967444962861101	9
HSD17B8	0.018261612727784			9
HSD3B7	-0.678079946094339	0.301882955145955	0.874342355309609	9
HSDL1	-0.133678079821353	0.640149995886605	0.980691547015745	9
HSDL2	0.0946758206082532	0.750058493117063	0.991008075540888	9
HSF1	-0.767249673677887			9
HSF2	-0.325877881336808	0.251151310841706	0.838097512370475	9
HSF2BP	0.0591541799102467	0.930504947821969	0.998639733078915	9
HSF4	-0.183357225565578	0.710820565427944	0.989276793964962	9
HSH2D	0.697573243524125	0.357857989373378	0.900808625706077	9
HSP90AA1	0.301514454598852	0.402176993446369	0.915238409840383	9
HSP90AB1	0.171892001248803	0.534358935544166	0.95784961223136	9
HSP90B1	0.550387821744032	0.108995085964876	0.637509636263216	9
HSPA12A	0.0221311509044787	0.937610820101309	0.998639733078915	9
HSPA12B	-0.255212414399626	0.405772359228009	0.915238409840383	9
HSPA13	0.104348925674115	0.760132417100904	0.991955190535962	9
HSPA14	-0.276252993427517	0.474673705868682	0.940112514736028	9
HSPA1A	1.26199959588291			9
HSPA1B	2.16344913991326			9
HSPA1L	-1.33894746489321			9
HSPA2	0.527074453118499	0.426514399113333	0.923596388384353	9
HSPA4	0.166924411964438	0.43845708327404	0.928941789266548	9
HSPA4L	-0.323378838238523	0.548336862747337	0.961089318650903	9
HSPA5	0.655782629694581	0.0408609225045122	0.411986391454307	9
HSPA6	0.289426055020094	0.715251049157871	0.989276793964962	9
HSPA8	0.426374432964533	0.243394527751382	0.826108674209736	9
HSPA9	-0.054211662123013	0.753757560080308	0.991053651876121	9
HSPB1	-1.67723285231713	0.057753837643891	0.48410244035291	9
IFT25	-0.43949701613835	0.278143171074458	0.858029539859995	9
HSPB2	-1.49921025252563	0.328096460558183	0.887903506431062	9
HSPB3	-1.83157778963873	0.191912606566092	0.770404371802577	9
HSPB6	-3.39370064041748			9
HSPB7	-1.39106745569793	0.186308628666151	0.765050614509348	9
HSPB8	-0.00927128371784973	0.989406305562697	0.999458538741689	9
HSPBAP1	-0.458032153140833	0.348828169261483	0.899092963457163	9
HSPBP1	-0.53413821415783	0.349686013042436	0.899092963457163	9
HSPD1	0.588077048205494	0.106147465110141	0.630520214282009	9
HSPE1	0.899250582859589	0.447944999984799	0.932585632008735	9
HSPG2	0.449665612121205	0.522089103185177	0.955391092995928	9
HSPH1	0.44676638873465	0.208063229022313	0.792178019421267	9
HTATIP2	0.890986181657245	0.00403623633593336	0.121838209723338	9
HTATSF1	-0.0403827095271423	0.888184195669409	0.998639733078915	9
HTR1B	-0.661595626098564	0.677196920156467	0.986198079955565	9
HTR1E	-0.390242158945677	0.549555822627192	0.961089318650903	9
HTR1F	-1.08022827247495	0.173284979037958	0.750117028501308	9
HTR2A	-0.908148097606907	0.473069255708632	0.939835166018185	9
HTR2B	-1.10167426486307	0.028665072048335	0.348737862268041	9
HTR7	0.743680758998873	0.42798620145406	0.923742703518543	9
HTRA1	-0.908116418391621	0.00827737984965419	0.179680005824626	9
HTRA2	-0.0520742148172673	0.817371894598253	0.995966406600323	9
HTRA3	-0.535801094122067	0.248905165206255	0.835589980352406	9
HTRA4	-1.60253511896038	0.242997220961999	0.825519442720383	9
HTT	0.491506759054148	0.0746272436880611	0.542880757326271	9
HUNK	-0.00523920056335997	0.995336360977835	0.999620666732609	9
HUS1	0.0327126464151986	0.895154155698802	0.998639733078915	9
HUS1B	0.396753020294908	0.71754007297125	0.989276793964962	9
HUWE1	0.277509065862261	0.423245032925825	0.922277664097641	9
HVCN1	-0.306537464703233	0.406765043209761	0.915238409840383	9
HYAL1	-1.37128769633322	0.00550022682713876	0.144410813658527	9
HYAL2	-0.0267067732501667	0.950879734621742	0.998639733078915	9
HYAL3	0.104322029267146	0.865856356869466	0.998639733078915	9
HYDIN	2.03424884436315	0.00625701770070397	0.155487943232477	9
HYKK	-0.132879114342632	0.776195459007032	0.992930756580613	9
HYLS1	0.424617129692012	0.304835508255951	0.875750516304824	9
HYOU1	-0.350781929622572			9
HYPK	-1.31504255344599	0.142614819039563	0.709784552734478	9
IAH1	-0.414794620406339	0.185202698423059	0.763792369190164	9
IARS1	0.173980488752599	0.609508188461398	0.975328830748679	9
IARS2	-0.0400121506957041	0.852709650976553	0.998639733078915	9
IBA57	-0.238851873924751	0.423343416214272	0.922277664097641	9
IBTK	-0.456308818542865			9
ICA1	1.1415024749298	0.0136021742989011	0.235858483311362	9
ICA1L	-0.0611786297473393	0.855607603378988	0.998639733078915	9
ICAM1	1.97190423699187	0.0300972189254191	0.356770059301728	9
ICAM2	-0.258562065177076	0.652158635753828	0.981292533915803	9
ICAM3	-0.060298318513058	0.957967728495285	0.998639733078915	9
ICAM5	-1.19869847832941	0.266792296570186	0.847767249375861	9
ICE1	-0.0796937339452625	0.820742153476456	0.996019784191563	9
ICE2	0.0974179177774369	0.789423549747089	0.994052363875907	9
ICMT	0.28751597154085	0.426993557815238	0.923608338376662	9
ICOS	1.0049162179287	0.389163954653596	0.911850347346707	9
ICOSLG	0.116857408282845	0.894921994522573	0.998639733078915	9
ID1	2.37120376827609	0.0027430499821364	0.101225401965789	9
ID2	1.83025035759142	6.22254039489773e-05	0.0119645391753084	9
ID3	2.56751379358856			9
ID4	1.56148597929502	0.000683723145141249	0.0473334929613507	9
IDE	-0.0383913954810998	0.878513276932072	0.998639733078915	9
IDH1	0.914823315120567	0.0265513410124942	0.335985306646822	9
IDH2	0.107663450778783	0.852775541634978	0.998639733078915	9
IDH3A	0.341817355982726	0.52071651595921	0.954248855971741	9
IDH3B	-0.45689710403102	0.0932461974889551	0.598177801449138	9
IDH3G	-0.70270728841972	0.119840144269531	0.665773567769116	9
IDI1	0.20052411665668	0.376751506401651	0.905673456930873	9
IDNK	0.41127199994693	0.352751411225051	0.899715225734967	9
IDO1	1.08560552410695	0.298126324940519	0.872623970344438	9
IDO2	0.821129365759959	0.583247720282216	0.970975830769377	9
IDS	-0.256035049432252	0.782438808727396	0.993751208175834	9
IDUA	-0.393637945232138	0.428483270709503	0.924144003352275	9
IER2	3.22298630514565	5.07142342310106e-07	0.000748592811483948	9
IER3	1.67387765092597	0.462831908668475	0.9381217464643	9
IER3IP1	0.142226345547195	0.659796190192906	0.982975949819678	9
IER5	0.439695576656513	0.48988242184902	0.944931536265188	9
IER5L	0.70336437739453	0.226770070639173	0.808244559806673	9
IFFO1	-0.882057302750408	0.0267689952863646	0.336860306412641	9
IFFO2	0.829413239334774	0.120247954435135	0.667034970092831	9
IFI16	0.426851279532746	0.400682551469806	0.914917979790104	9
IFI27	0.748207588638636	0.56296300965582	0.964946561877165	9
IFI27L1	-0.217819116097799			9
IFI27L2	-0.790427816317849			9
IFI30	-0.145145850532987	0.889707880433056	0.998639733078915	9
IFI35	-0.323650962553469	0.505548830900525	0.950760358225867	9
IFI44	0.719388763673848	0.146945302299689	0.71554489855417	9
IFI44L	0.588921831647316	0.360719499873778	0.901129021301342	9
IFI6	0.165444100947534	0.804307503804392	0.995590233849494	9
IFIH1	0.489844666660181	0.216381546307857	0.79876164416776	9
IFIT1	0.520388684088963	0.29123640773356	0.866742058595601	9
IFIT2	0.647130976802157	0.217234627423634	0.798965012963561	9
IFIT3	0.155423811182095	0.745336022439731	0.991008075540888	9
IFIT5	-0.444597767350078	0.121193607231514	0.670014545447333	9
IFITM1	-0.398477901282922	0.549292642051516	0.961089318650903	9
IFITM10	-1.39704764078261	0.161675885108161	0.738443385610612	9
IFITM2	-0.825663683494003	0.198800075013797	0.780997970767379	9
IFITM3	-1.17857659733402	0.0887618458104276	0.586984083424703	9
IFNAR1	0.25310327961174	0.367110988159223	0.90239123320911	9
IFNAR2	0.168501085554343	0.865767963021077	0.998639733078915	9
IFNGR1	-0.35474085520643	0.155966015196026	0.728023382374641	9
IFNGR2	0.651723891836533	0.407427111378711	0.915238409840383	9
IFNLR1	1.12568102727754	0.223370338954189	0.805281900608526	9
IFRD1	0.15153932072812	0.78227749456768	0.993751208175834	9
IFRD2	-0.0417636473218141	0.883194983418489	0.998639733078915	9
IFT122	0.0470880559214804	0.883975261249737	0.998639733078915	9
IFT140	-0.2141581383865	0.424038884851037	0.922647417631964	9
IFT172	0.0263156729652346	0.922177831446795	0.998639733078915	9
IFT20	0.0541701102553565	0.884198470564113	0.998639733078915	9
IFT22	-0.174456501676843	0.674674932091963	0.985298616459508	9
IFT27	-0.213724792202089	0.640942491183931	0.980691547015745	9
IFT43	-0.463672813663982	0.391394292709541	0.912807186165296	9
IFT46	0.070518909954918	0.79078891483148	0.994052363875907	9
IFT52	-0.33623805724413	0.20417132124704	0.787978456688567	9
IFT57	-0.0553676819288203	0.8906614719396	0.998639733078915	9
IFT74	0.0712238777018009	0.897924566502687	0.998639733078915	9
IFT80	0.273135002021558			9
IFT81	-0.183748285331446	0.700712446841027	0.989276793964962	9
IFT88	-0.150445394056509	0.72317535500269	0.990516044835733	9
IFTAP	0.00194551752941153	0.995806149117149	0.999620666732609	9
IGBP1	-0.393169181714131	0.279926118090488	0.859935365064244	9
IGDCC3	1.62560126517597	0.0437606942182943	0.424131061954197	9
IGDCC4	0.427373268454506	0.327924348911116	0.887903506431062	9
IGF1	0.543793023808932	0.406638268726394	0.915238409840383	9
IGF1R	0.350561807862126	0.47985364745327	0.941072442992838	9
IGF2	0.571488629649554	0.594259875234741	0.972232047239538	9
IGF2BP1	5.51761980183152	0.0158259023647282	0.254472924625003	9
IGF2BP2	-0.193892481559265	0.683614842648709	0.987306006486237	9
IGF2R	0.423809305788377	0.404326259193765	0.915238409840383	9
IGFALS	-0.118463392231753	0.921482017314262	0.998639733078915	9
IGFBP1	4.72483281860884			9
IGFBP2	-1.6361856703141	0.0240883735924139	0.319468537823559	9
IGFBP3	0.468727818228634	0.601554017309254	0.974057468095769	9
IGFBP4	-0.361331117386989	0.454008589238099	0.934203669144002	9
IGFBP5	-0.56174426826993	0.366576504550032	0.90239123320911	9
IGFBP6	-3.45987951782791	0.000281996143398297	0.0281253045452856	9
IGFBP7	-0.567296135039725	0.262789201832697	0.845428833249157	9
IGFBPL1	-0.179320146044019	0.86073399439093	0.998639733078915	9
IGFL2	-0.290671670972452	0.860937041480117	0.998639733078915	9
IGFL4	-1.99849428708558	0.0498872146508297	0.455967715976924	9
IGFLR1	-0.841894059560232	0.358413954932134	0.900808696207596	9
IGFN1	0.463677243041368	0.621621558373005	0.978573777801597	9
IGHMBP2	-0.0961624789757886	0.748626910712555	0.991008075540888	9
IGIP	-0.329191468413265	0.410460272116647	0.91601809761032	9
IGLON5	-1.88234857056848	0.115006970055513	0.651176787491152	9
IGSF1	-0.825084847952837	0.268861260769849	0.848695964307358	9
IGSF10	1.55975469521262	0.000921769320183257	0.0537795926293481	9
IGSF11	1.25731904742623	0.383251426144285	0.909513553266203	9
IGSF21	-2.1209040004502	0.00304933177971542	0.107528779908217	9
IGSF22	0.033664599629491	0.947310992220139	0.998639733078915	9
IGSF3	1.30446855700963	0.05593040639475	0.478564900813035	9
IGSF5	1.34481344705678	0.105471876884461	0.629091789384271	9
IGSF6	1.10391904451944			9
IGSF8	0.45756641330771	0.331182296692653	0.889944887906232	9
IGSF9	1.14580366471692	0.228575149390973	0.808244559806673	9
IGSF9B	-0.249755146354879	0.790614665349007	0.994052363875907	9
IHH	7.96616168896262	2.68730835772422e-05	0.00683919977040813	9
IHO1	-0.0749623887660319	0.900720804018406	0.998639733078915	9
IK	-0.204592712000049	0.381699251053384	0.907851207288101	9
IKBIP	-0.173910353658443	0.690094841741078	0.989171265391501	9
IKBKB	-0.229272705642327	0.283744144982693	0.8612268238133	9
IKBKE	0.0390961759060972	0.943189684270867	0.998639733078915	9
IKBKG	-0.25638553238131	0.666373605229844	0.984088154568007	9
IKZF1	-0.0881143180776146	0.812151099202963	0.995936140923453	9
IKZF2	1.09027855342242	0.0970592085779693	0.609824545100479	9
IKZF3	0.293627735534227	0.648830716117158	0.980691547015745	9
IKZF4	0.324550729722696	0.213444225363363	0.795103514581832	9
IKZF5	-0.200456402283979	0.631960249721438	0.979380833016394	9
IL10	-0.304477817290172	0.844752371998428	0.998639733078915	9
IL10RA	0.467684793090654	0.47986709113302	0.941072442992838	9
IL10RB	0.213726601171939	0.796921627313981	0.995292337827369	9
IL11	1.07438091510554	0.468708575586572	0.939188868595478	9
IL11RA	-0.0669477396067898	0.897677443882387	0.998639733078915	9
IL12A	-0.0132888380760436	0.99032019898977	0.999458538741689	9
IL12RB1	-0.0732546113288151	0.912503677578109	0.998639733078915	9
IL12RB2	0.110231875817597	0.925303452573964	0.998639733078915	9
IL13RA1	0.293360785058128	0.412960681412642	0.91719471148147	9
IL13RA2	0.467244823395474	0.696067777802083	0.989276793964962	9
IL15	-1.04039944921248	0.156723083869772	0.7292143264838	9
IL15RA	-0.890111491359708	0.0438964442377819	0.424589285511917	9
IL16	-0.0873779587205471	0.899282072904943	0.998639733078915	9
IL17B	-2.66679973412834	0.006992303890516	0.164501977880628	9
IL17D	-0.611988918871857	0.25107647672341	0.838097512370475	9
IL17RA	-0.0272804193392252	0.930705294180062	0.998639733078915	9
IL17RB	-0.641112541170136	0.572152820907745	0.967095572213435	9
IL17RC	-0.488059269728153	0.437933750913207	0.928941789266548	9
IL17RD	-0.305575814115347	0.502267077578565	0.949348943915356	9
IL17RE	-0.375682790816533	0.522066406406041	0.955391092995928	9
IL18	0.134697554698927	0.852100003645609	0.998639733078915	9
IL18BP	-0.200004783113775	0.555646837072323	0.963343569668406	9
IL18R1	-0.0174519727444349	0.967090012511095	0.998639733078915	9
IL18RAP	0.28839045964307	0.728860331590495	0.991008075540888	9
IL19	0.478664569469377	0.803113707644325	0.995590233849494	9
IL1B	2.70280311936525	0.0173451436963437	0.269791007483381	9
IL1R1	0.877001806040979	0.0755457654182359	0.545965214412317	9
IL1R2	0.821611164726873	0.328378610895974	0.88792758297041	9
IL1RAP	0.445416341465462	0.416048738109684	0.919780432363111	9
IL1RL1	-0.446429135138434	0.64150429421546	0.980691547015745	9
IL1RL2	0.864639211345696	0.167359356272748	0.744093812633141	9
IL1RN	3.30246043931026	0.0122512820147188	0.223797159157581	9
IL20RA	1.10727466387329	0.121106254264431	0.669948748501521	9
IL20RB	-0.329077903950581	0.745781134190831	0.991008075540888	9
IL21R	-0.612967414670154	0.527671683389551	0.957268202462574	9
IL22RA1	0.297680328071954	0.852582289046288	0.998639733078915	9
IL23A	1.27292573721661	0.149054482150304	0.719243108817636	9
IL24	2.51948392627971			9
IL27RA	0.696196441648377			9
IL2RA	1.53381968755332	0.150088091882818	0.721659461536377	9
IL2RB	0.367853664752966	0.626559841130767	0.978573777801597	9
IL2RG	-0.988215550246999	0.148690635118493	0.718436158750927	9
IL31RA	2.99159063512683	0.0411954349521167	0.412821327446161	9
IL32	0.444566503613297	0.605726590842902	0.974885729870166	9
IL33	0.469867213354582	0.321225466600795	0.885543112951723	9
IL34	-0.0535700153156624	0.946083735548602	0.998639733078915	9
IL3RA	-0.195202118191466			9
IL4I1	0.779939336879619			9
IL4R	-0.296643413504371	0.52828169385049	0.957299775766752	9
IL5RA	2.44610896283348	0.00437523752952982	0.128140637248789	9
IL6	3.13027270922083	0.0109262240953915	0.211934288925195	9
IL6R	0.243004513709341	0.551874957435655	0.962001210050509	9
IL6ST	-0.0146964103096753	0.976570840300047	0.998639733078915	9
IL7	-0.177673868958075	0.813480675231472	0.995936140923453	9
IL7R	-0.72757951367443	0.413222270232554	0.91719471148147	9
ILDR1	3.3314624945616	0.0333377360327461	0.371956403310178	9
ILDR2	1.99489396488501	0.0261939330266141	0.33360538861592	9
ILF2	0.399789031624318	0.133444261929569	0.693057206498099	9
ILF3	0.157378076484924	0.562661450645913	0.964946561877165	9
ILK	0.247925779488888	0.729725783507655	0.991008075540888	9
ILKAP	-0.682783444723842	0.0233871879153664	0.313834800744295	9
ILRUN	-0.148154301704111	0.637825807352119	0.980691547015745	9
HACL2	-0.464609007576222	0.212430326026928	0.794171927467666	9
IMMP1L	0.0182445942299192	0.977671933997357	0.998639733078915	9
IMMP2L	-0.31179362877791	0.41632181780776	0.919780432363111	9
IMMT	0.0184446184983014	0.947286092530996	0.998639733078915	9
IMP3	-0.0363338439085159	0.949131813176671	0.998639733078915	9
IMP4	-0.200641245400644	0.500630497652922	0.94888930167018	9
IMPA1	-0.127137487384861	0.8007560817242	0.995590233849494	9
IMPA2	-0.998868761890557	0.0890108439408455	0.587428845775456	9
IMPACT	-0.23037669819954	0.346136397002761	0.899092963457163	9
IMPDH1	-0.310310127787237	0.587482644370089	0.971161794932015	9
IMPDH2	0.104125324392365	0.726979429953363	0.991008075540888	9
IMPG1	0.761477274158573	0.507173645706435	0.951538693830295	9
IMPG2	1.37803299207069	0.162701049285843	0.739891423221214	9
INA	3.89572160601686	0.0207725026468302	0.297428100321628	9
INAFM1	-1.59734163939247	0.0419716625994575	0.416246681284481	9
INAFM2	-0.236211618981921	0.631659855499643	0.979380833016394	9
INAVA	2.9003332528453	0.0492081361490983	0.452644494592047	9
INCA1	-1.05990011390072	0.265447992921237	0.847012067339036	9
INCENP	0.680521923081577	0.179634027986372	0.756182847698881	9
INF2	-0.125424015396989	0.745133453861062	0.991008075540888	9
ING1	0.518836853126944	0.20994448392878	0.79410413507266	9
ING2	0.357254022469736	0.348847720974425	0.899092963457163	9
ING3	-0.105117295808973	0.767323800435666	0.992930756580613	9
ING4	-0.0397457239086447	0.872543133505671	0.998639733078915	9
ING5	-0.135393049578548	0.658343775467285	0.982975949819678	9
INHA	-1.19738241479824	0.162704935964776	0.739891423221214	9
INHBA	0.346836594831738	0.769101344025635	0.992930756580613	9
INHBB	0.891455374149007	0.13275170171454	0.692218204569389	9
INHBE	2.08050650074023	0.10678434220804	0.632775461795617	9
INIP	0.214757159329866	0.513969081772056	0.952863302692453	9
INKA1	-1.32597390589431	0.0577248951278147	0.48410244035291	9
INKA2	0.526720238061941	0.508784336587517	0.951538693830295	9
INMT	1.27113034901508	0.268448551275576	0.84851585982415	9
INO80	0.226671685059926	0.439178983748241	0.929022782904526	9
INO80B	0.274608861164635	0.779953851831159	0.993090555238483	9
INO80C	0.116095041711104	0.768576113322284	0.992930756580613	9
INO80D	0.0127381958645242			9
INO80E	-0.354205321602281	0.216185598235855	0.798400989783844	9
INPP1	-0.408296632097232	0.161798055068861	0.738443385610612	9
INPP4A	-0.11783903275197	0.702340965438379	0.989276793964962	9
INPP4B	-0.799269617866938	0.138160606514959	0.702446909885441	9
INPP5A	-0.745412329977283	0.279088573488469	0.858556095648301	9
INPP5B	-0.439129329307608	0.292280169620885	0.868077984662753	9
INPP5D	-0.382917965102008			9
INPP5E	0.00146472645954837	0.994656025537943	0.999620666732609	9
INPP5F	-0.117335529546045	0.551158160757872	0.961546579712439	9
INPP5J	0.457269203356386	0.408992166207868	0.915271886809331	9
INPP5K	-0.0308834118951165	0.914048951235915	0.998639733078915	9
INPPL1	-0.00301317604870576	0.990015465512331	0.999458538741689	9
INSIG1	0.71881493691891	0.175540180546823	0.751250158017082	9
INSIG2	-0.204330237843347	0.636215660485391	0.980691547015745	9
INSR	-0.381004336818553	0.392413348684819	0.912807186165296	9
INSRR	-0.361295943570879	0.669151714188502	0.984493894849006	9
INSYN1	-0.217541466852216	0.735650761060513	0.991008075540888	9
INSYN2A	0.02867388520965	0.967425203039188	0.998639733078915	9
INSYN2B	1.45230227037227	0.450438798379247	0.932585632008735	9
INTS1	-0.0300879302411373	0.924353772662502	0.998639733078915	9
INTS10	0.251885590936599	0.161037252362457	0.737304864181833	9
INTS11	-0.497452126866003	0.0824627904615364	0.57159429596038	9
INTS12	-0.105494349427986	0.822704618581201	0.996712317373367	9
INTS13	0.136868332268403	0.728437144675437	0.991008075540888	9
INTS14	0.118428818336151	0.623002162244103	0.978573777801597	9
INTS2	0.147571567416472	0.732611761363072	0.991008075540888	9
INTS3	-0.101544581185163			9
INTS4	-0.103724531344207	0.6127174193744	0.975911270057349	9
INTS5	-0.04209989059165	0.909741823262556	0.998639733078915	9
INTS6	0.173044371610226	0.63192372636777	0.979380833016394	9
INTS6L	-0.0953040928942102	0.810145839684835	0.995936140923453	9
INTS7	0.26101130827986	0.411520418118866	0.916760170819889	9
INTS8	-0.258040531472086	0.292559335907838	0.868382939339552	9
INTS9	0.0931936383668207	0.684943456728647	0.988024075517596	9
INTU	0.334168352640021	0.444665374860221	0.932377161200351	9
INVS	0.0586258283181115	0.836264171129687	0.998604146933345	9
IP6K1	-0.26893989653455	0.447773606504149	0.932585632008735	9
IP6K2	0.0141129623807172	0.965334370458112	0.998639733078915	9
IP6K3	-1.27703974753679	0.137333887351124	0.701162949313771	9
IPCEF1	-0.289550048112176	0.546563540729522	0.960668683051641	9
IPMK	0.851669783196089	0.0702730685217575	0.529505239637398	9
IPO11	0.176332790099781	0.815590079715692	0.995966406600323	9
IPO13	-0.298787651754508	0.486550067345312	0.943977712144114	9
IPO4	0.0915054481900391	0.938401437853928	0.998639733078915	9
IPO5	0.185239649096695	0.463041930526125	0.9381217464643	9
IPO7	0.09048150424264	0.799877096668539	0.995590233849494	9
IPO8	-0.0568508276329491	0.83670872407236	0.998604146933345	9
IPO9	0.0658687086977987	0.7824948856191	0.993751208175834	9
IPP	-0.208040760197214	0.586149791213552	0.971161794932015	9
IPPK	0.314757661979164	0.687824930092965	0.989171265391501	9
DRC11	0.288344072785359	0.650781303227337	0.981292533915803	9
IQCB1	0.352109671163285	0.240246356279345	0.822039050774086	9
IQCC	0.123632345469227	0.758310636479018	0.991955190535962	9
DRC10	0.411760021341725	0.510185045523197	0.951538693830295	9
IQCE	0.190845064480308	0.303221642832142	0.874361138864084	9
DRC9	1.11333478495335	0.0420293746130012	0.416246681284481	9
IQCH	0.743152196272104	0.303052216453115	0.874342355309609	9
IQCJ-SCHIP1	-1.86553360974706			9
IQCK	0.568246452853912	0.0816840560948453	0.568817870690354	9
IQCN	-0.284364184352628	0.608858862176347	0.975328830748679	9
IQGAP1	-0.527186844304997	0.235655855713099	0.813141339593178	9
IQGAP2	1.60427322557954	0.000540821102632438	0.0413630067148053	9
IQGAP3	3.36395733179105	0.000126781831443029	0.0186078040643192	9
IQSEC1	0.0137350033825282	0.965293256615739	0.998639733078915	9
IQSEC2	-0.11559244052338	0.729604120191161	0.991008075540888	9
IQSEC3	-0.551270043101101	0.343517841429165	0.899092963457163	9
IQUB	-0.123782082147893	0.845873407294955	0.998639733078915	9
IRAG1	-0.729475922732418	0.147706250221591	0.716023632026568	9
IRAG2	0.547505568387907	0.359232209411982	0.901041060854761	9
IRAK1	0.0840870156263648	0.804566010946505	0.995590233849494	9
IRAK1BP1	0.123167908363705	0.711804793322651	0.989276793964962	9
IRAK2	0.462157012656126	0.323106753983429	0.885547974781809	9
IRAK3	-0.543375604797919	0.353195705490078	0.899715225734967	9
IRAK4	-0.0522894255059768	0.866075555707275	0.998639733078915	9
IREB2	0.0493990205542038	0.902726777650117	0.998639733078915	9
IRF1	1.48859905834936	0.0313609099427833	0.364040373732223	9
IRF2	0.137880828216111	0.691841257910217	0.989171265391501	9
IRF2BP1	-0.59804042922145	0.132152705837691	0.691494537706544	9
IRF2BP2	-0.0926862194732583	0.807004132627762	0.995590233849494	9
IRF2BPL	0.590739988288183	0.282884852534945	0.8612268238133	9
IRF3	-0.40845975599229	0.384757724727802	0.910863010956818	9
IRF4	-2.90129797825356	0.000501048598914831	0.0393403104711799	9
IRF5	-0.0937716103454635	0.786433588113532	0.994052363875907	9
IRF6	3.51023714576484	9.36939002858447e-05	0.0156742978531937	9
IRF7	0.896492978058665			9
IRF8	1.71772412657304	0.00445856345272034	0.129552864420482	9
IRF9	0.529051978526084	0.579571433003077	0.969055975901473	9
IRGQ	0.118438385933696	0.662685287950691	0.983171338937342	9
IRS1	0.356269665073664	0.480280963851244	0.941122155738687	9
IRS2	-1.75332079260025	0.00107808588679344	0.0587218663282583	9
IRS4	-3.16709091001555	3.96199850935461e-05	0.00874387954711468	9
IRX2	-0.7700412897719	0.665023388466079	0.983904002921499	9
IRX3	0.818049611253789	0.165080782306271	0.741331739465429	9
IRX5	1.59391601476864	0.156838523385383	0.7292143264838	9
IRX6	-0.36241556642609	0.818218598414258	0.995966406600323	9
ISCA1	-0.173772205893458	0.523088175139454	0.955391092995928	9
ISCA2	0.279980383629042	0.370391888349434	0.905071602609146	9
ISCU	-0.820367022385216	0.00743520539504744	0.169491025734572	9
ISG15	0.0333738113666696	0.967241668378514	0.998639733078915	9
ISG20	0.623897491571531	0.334315737735733	0.89288991831674	9
ISG20L2	0.207412205709486	0.467410733326923	0.939188868595478	9
ISL1	0.467814585042817	0.725263099356637	0.990984782893948	9
ISLR	-0.535251141009752			9
ISLR2	0.217004483269555	0.624078186964171	0.978573777801597	9
ISM1	1.22240204688113	0.181454685458862	0.758983454819571	9
ISM2	-1.92911062936544	0.0126042983156854	0.226912456726265	9
ISOC1	0.687926455725616	0.124742952594738	0.675965757434262	9
ISOC2	-0.146131254734211	0.79156577197518	0.994052363875907	9
IST1	-0.0857251704239864	0.67991467228914	0.986916482166846	9
ISY1	-0.467309070116716	0.351306301664921	0.899092963457163	9
ISYNA1	-0.567504569740132	0.295345499240536	0.870082505129096	9
ITCH	0.0949685110821108	0.691089339287006	0.989171265391501	9
ITFG1	-0.0320650242075409	0.933048189893905	0.998639733078915	9
ITFG2	-0.0627790123929852	0.804093581732812	0.995590233849494	9
ITGA1	-0.46452284337049	0.482212118951871	0.94271760619919	9
ITGA10	-0.567429801604064	0.261405783904125	0.843678462867405	9
ITGA11	-0.472546892895934	0.626617530050157	0.978573777801597	9
ITGA2	0.916813226140471	0.189129961827644	0.765938627234022	9
ITGA2B	0.201139635244147	0.733377699930374	0.991008075540888	9
ITGA3	-0.610677040885868	0.252123516910724	0.838161746834043	9
ITGA4	0.60332202193544	0.183684339427327	0.760764459676422	9
ITGA5	-0.374684843868478	0.58625416858534	0.971161794932015	9
ITGA6	1.06232072806753	0.0274559963339238	0.342848707868003	9
ITGA7	0.0365973866638513	0.959105360758875	0.998639733078915	9
ITGA8	-0.937940827878563	0.0620243237255522	0.500793671899467	9
ITGA9	-1.4716970773973	0.000482971149113202	0.0381237279789304	9
ITGAD	0.659015756882149	0.569748160758281	0.966756384847351	9
ITGAE	0.00224135662487432	0.995876317302265	0.999620666732609	9
ITGAL	-0.656891794308888	0.0759636735679164	0.546975505139519	9
ITGAM	-0.0566250372142621	0.896903184219032	0.998639733078915	9
ITGAV	-0.360052549100103	0.387607381582112	0.911062509479864	9
ITGAX	-0.689747051337708	0.27771917640327	0.857480226675461	9
ITGB1	-0.0721222321889421	0.8903457981176	0.998639733078915	9
ITGB1BP1	-0.629978165695165	0.0250232603809962	0.32513896462145	9
ITGB1BP2	-1.1031321452909	0.228691888811426	0.808244559806673	9
ITGB2	-0.180863315168933	0.640028802946577	0.980691547015745	9
ITGB3	-0.0911946870519745	0.858414860275745	0.998639733078915	9
ITGB3BP	0.249875576469655	0.639672876559759	0.980691547015745	9
ITGB4	-0.188348494246639	0.637194656157949	0.980691547015745	9
ITGB5	-0.126070668120529	0.684349460707191	0.987746395765997	9
ITGB6	3.4483901400966	0.134784002473406	0.696376149985979	9
ITGB7	0.526669490483623	0.490597696619312	0.944931536265188	9
ITGB8	0.615480081783033	0.347569906317441	0.899092963457163	9
ITGBL1	-0.357223801348511	0.767792136949517	0.992930756580613	9
ITIH2	0.340629272519562	0.645657162617555	0.980691547015745	9
ITIH3	-0.997774380330687	0.0627018539089682	0.501648816016411	9
ITIH4	-0.931341409583902	0.347345706994225	0.899092963457163	9
ITIH5	0.757873400056485	0.165287161208549	0.741807171358891	9
ITK	-0.302984003081662	0.650894660009808	0.981292533915803	9
ITM2A	-0.159073687444216	0.828187682110631	0.99746225363255	9
ITM2B	-0.0864359170859599	0.738067391571169	0.991008075540888	9
ITM2C	-0.832090959536865	0.0133083172607899	0.232895345406312	9
ITPA	-0.181562329567716	0.740693145762942	0.991008075540888	9
ITPK1	-0.826352318412171			9
ITPKA	0.173578614434967	0.81595729936104	0.995966406600323	9
ITPKB	-1.20646726882902	0.0414855692959251	0.413762492146723	9
ITPKC	0.109912464635081	0.82174927444483	0.99629084518112	9
ITPR1	0.597024735304752			9
ITPR2	0.355733642238532	0.369457210159752	0.904254332476886	9
ITPR3	0.187983598742964	0.673686739709045	0.985298616459508	9
ITPRID1	1.40132234043423	0.218584195999522	0.799109443769469	9
ITPRID2	0.0458553284258083	0.916414072461297	0.998639733078915	9
ITPRIP	0.60308306862478	0.391658182778288	0.912807186165296	9
ITPRIPL1	-0.156928212195747	0.803710813812977	0.995590233849494	9
ITPRIPL2	0.363896215850052	0.557273430152908	0.96370024816501	9
ITSN1	-0.103370170099736	0.776941947561005	0.992930756580613	9
ITSN2	-0.0108141490894997	0.982059487595564	0.99878393181735	9
IVD	-0.00218289465010998	0.992351181022919	0.999620666732609	9
IVNS1ABP	0.896242046245943	0.00461167872404189	0.130909595472274	9
IWS1	0.0167306170683294	0.945102925117596	0.998639733078915	9
IZUMO1	-0.0870346056971441	0.969865427568463	0.998639733078915	9
IZUMO4	-0.820788548427743	0.217347250103118	0.798965012963561	9
JADE1	-0.754067742851035	0.0133761244815966	0.233386493466723	9
JADE2	-1.17337675375283	0.000472735687232199	0.0379027354348235	9
JADE3	-0.176663831657139	0.662755504816414	0.983171338937342	9
JAG1	0.0666564229872763	0.871409244870539	0.998639733078915	9
JAG2	0.439562965225484	0.272142043700577	0.851408242555084	9
JAGN1	-0.305377567873358	0.412888397452982	0.91719471148147	9
JAK1	-0.0233367769246964	0.958566821252603	0.998639733078915	9
JAK2	-0.172942882084614	0.659066373001673	0.982975949819678	9
JAK3	-0.154600282507062	0.782410997066466	0.993751208175834	9
JAKMIP1	-0.625772820620415	0.727898045086561	0.991008075540888	9
JAKMIP2	-0.62263442533673	0.494606485790482	0.946281222050183	9
JAKMIP3	0.330701732096014			9
JAM2	-0.293906594839838	0.525282411848124	0.95640399400448	9
JAM3	0.0271657524631161	0.969529366935758	0.998639733078915	9
JAML	-0.213502055052236	0.701433880674492	0.989276793964962	9
JARID2	0.676018226193188	0.0274609428198029	0.342848707868003	9
JAZF1	-0.520193208674566	0.363290612818155	0.902175763090306	9
JCAD	-0.270082134890408	0.641668335975826	0.980691547015745	9
JCHAIN	-0.989321732600516	0.244947275141088	0.82871114562402	9
JDP2	0.108625735709551	0.806406456735821	0.995590233849494	9
JHY	0.85811043410219	0.14047597797907	0.706496051430682	9
JKAMP	0.2006546388648	0.396193040215323	0.913598363372146	9
JMJD1C	0.145462015809102	0.795391333420866	0.994714385280344	9
JMJD4	-0.273709427448766	0.739431093704952	0.991008075540888	9
JMJD6	-0.0465314200885631	0.888058338069683	0.998639733078915	9
JMJD7	0.321223762546558	0.809838316895434	0.995936140923453	9
JMJD7-PLA2G4B	0.186866586298203			9
JMJD8	0.0398564598013998	0.927587823649153	0.998639733078915	9
JMY	-0.440202156557585	0.396012340031736	0.913574069169144	9
JOSD1	0.24998749512592	0.336372129042305	0.894300807929598	9
JOSD2	-1.30193420945457	0.0455427150276853	0.434980972319446	9
JPH1	-1.26911643260359	0.187254819471842	0.765079182510763	9
JPH2	-0.416290127900082	0.70699862717997	0.989276793964962	9
JPH3	-0.862338020860783	0.334327117304832	0.89288991831674	9
JPH4	-1.02304746733253	0.00405455375888026	0.122141363336391	9
JPT1	0.557487723784439	0.499517934345942	0.948833384233747	9
JPT2	1.31080688672147	0.00867936215475241	0.185899647632245	9
JRK	-0.210682745170631	0.520089892418401	0.954025960232138	9
JRKL	0.407480107840793	0.401811273555241	0.915238409840383	9
JSRP1	0.552880891184161	0.75289774006668	0.991008075540888	9
JTB	-0.0278074462685176	0.979437819121369	0.998639733078915	9
JUN	2.41464713606141	3.06161245378988e-05	0.00706132209849881	9
JUNB	3.92989801674416	1.70121689880986e-07	0.000627791566083309	9
JUND	0.724417400610293	0.226907401795604	0.808244559806673	9
JUP	0.389758685976604	0.29353825155457	0.869287720408175	9
KALRN	-0.292214894755155	0.613033337357603	0.975911270057349	9
KANK1	-0.86157407608991	0.199226160154028	0.780997970767379	9
KANK2	-0.5618639650507	0.225871338914593	0.808244559806673	9
KANK3	-0.786978841376284	0.0693327372029179	0.528507226509239	9
KANK4	0.817742860283366	0.28926397990517	0.864162235859182	9
KANSL1	-0.184237636909849			9
KANSL1L	-0.179410355857404	0.717030229632791	0.989276793964962	9
KANSL2	0.186189873064388	0.572512875822677	0.967360641027763	9
KANSL3	-0.0330464478266262	0.862667658711169	0.998639733078915	9
KARS1	-0.0208040938083623	0.928245902414919	0.998639733078915	9
KAT14	0.280356338289782	0.376862967936655	0.905673456930873	9
KAT2A	0.00606271050304874	0.988627676885238	0.999458538741689	9
KAT2B	-0.327587069723435	0.495941241600958	0.946613606254215	9
KAT5	-0.0877917354802349	0.878978313670357	0.998639733078915	9
KAT6A	-0.0359057378167177	0.91748557883698	0.998639733078915	9
KAT6B	-0.451304917673375			9
KAT7	0.138029822189111	0.702368887280509	0.989276793964962	9
KAT8	-0.787398168210839	0.00632556113426686	0.156139812546678	9
KATNA1	-0.16303960626067	0.544586727834546	0.960207445296214	9
KATNAL1	0.0879408516485123	0.807516099812683	0.995635244682176	9
KATNAL2	0.565741184178305	0.10525566182117	0.62833175561381	9
KATNB1	-0.225633090955518	0.543636451273473	0.959871555065334	9
KATNBL1	0.023846007336884	0.960574843194477	0.998639733078915	9
KATNIP	0.11717458311923	0.618202030203501	0.977406778856767	9
KAZALD1	2.51302080571118	0.001831491273022	0.0801584865349412	9
KAZN	1.14353509260119	0.00707719078488974	0.165819703453583	9
KBTBD11	-1.17396540175655			9
KBTBD12	2.08720736895222	0.00940695038582683	0.193815298019812	9
KBTBD13	-0.448082583453121	0.77540529776469	0.992930756580613	9
KBTBD2	0.148447236067996	0.708544232234091	0.989276793964962	9
KBTBD3	-0.500846041052633	0.299071754658963	0.873962823300325	9
KBTBD4	-0.707368617272181			9
KBTBD6	-0.0294693439441121	0.949896157726822	0.998639733078915	9
KBTBD7	0.0783608061875312	0.837444154021312	0.998604146933345	9
KBTBD8	-0.146008500917181	0.915792848290839	0.998639733078915	9
KCMF1	-0.0475282157754284	0.844965085434616	0.998639733078915	9
KCNA1	0.345272451942405	0.877726210067298	0.998639733078915	9
KCNA2	0.537817865443344	0.671825815996861	0.985298616459508	9
KCNA3	-0.761433954058663	0.405971784182273	0.915238409840383	9
KCNA4	-1.28554045648301	0.270936588001521	0.849972029064486	9
KCNA5	-1.54722687580083	0.0735641598617034	0.540459281805551	9
KCNA6	-0.401654970154252	0.689248045869624	0.989171265391501	9
KCNAB1	-1.31180197836224	0.000634686007391671	0.0448258380627199	9
KCNAB2	0.167817600170602	0.586746262033252	0.971161794932015	9
KCNAB3	-1.44043924691136	5.78119703521539e-05	0.0113781665915752	9
KCNB1	-0.798825606169908	0.394956561553198	0.913353694686467	9
KCNC1	0.459873218143992	0.649247569476117	0.980854452785389	9
KCNC2	7.62907990541167	0.000301802741895448	0.0294927459463182	9
KCNC3	2.97848741387951	0.00109992265429971	0.0592553222632047	9
KCNC4	0.324341863821071	0.351499119107499	0.899092963457163	9
KCND1	-0.27236878736171	0.643680911747733	0.980691547015745	9
KCND2	0.660849636220712	0.407372858390134	0.915238409840383	9
KCND3	0.879529204857778	0.344678161323321	0.899092963457163	9
KCNE1	5.84157522113402	0.00100469637611216	0.0560953386960343	9
LOC102723475	1.89430048868357	0.28822167371644	0.863075880392333	9
KCNE3	1.14905972235385	0.0553536831229807	0.476193549252792	9
KCNE4	0.0899150652895255			9
KCNF1	1.02043945469645	0.392832004213542	0.912945341948813	9
KCNG1	-1.97054559716475	0.030611228149317	0.360904423891428	9
KCNG2	-0.0593508927531737	0.962934326654803	0.998639733078915	9
KCNG3	2.40212304008697	0.212948478349504	0.794171927467666	9
KCNH1	-0.0739091287692718	0.954607877830959	0.998639733078915	9
KCNH2	-0.74878061823269	0.462710001154369	0.9381217464643	9
KCNH3	1.22920077166187	0.00684747565976042	0.163025142280199	9
KCNH4	0.259575618327843	0.910897780389937	0.998639733078915	9
KCNH8	0.411039896693323	0.596730264279492	0.972773091899058	9
KCNIP1	-0.245040629118181	0.775779508582886	0.992930756580613	9
KCNIP2	-0.590608614377367	0.309357226310012	0.877235807280418	9
KCNIP3	-1.32236193651929	0.0329348087733173	0.370328662012678	9
KCNIP4	1.25144806844246	0.197350383509575	0.77914730010888	9
KCNJ11	0.304388106019088	0.694913829442551	0.989276793964962	9
KCNJ12	-0.617755766650656	0.546365979727334	0.960668683051641	9
KCNJ13	-1.52685545584656	0.370702291505443	0.905071602609146	9
KCNJ14	-0.00138265223271993	0.998125974350316	0.999620666732609	9
KCNJ15	0.213899228186185	0.872984094098014	0.998639733078915	9
KCNJ16	2.49721383808281	0.108324057060039	0.637294303014444	9
KCNJ2	1.73480699521069	0.00282485516729676	0.103725589861859	9
KCNJ3	0.225761084836306			9
KCNJ5	-0.140343838915684	0.816628263768976	0.995966406600323	9
KCNJ8	-0.939164717438473	0.0356516679003967	0.385212360147284	9
KCNK1	0.436965297670301	0.282196363731682	0.8612268238133	9
KCNK12	-0.829452008717841	0.187162940775234	0.765079182510763	9
KCNK13	2.61153851240106	0.0382928981071749	0.40060150064835	9
KCNK15	0.3279580895709	0.533402793399519	0.95784961223136	9
KCNK17	-1.31172049899402	0.0210535576330593	0.297970280411827	9
KCNK2	0.414401567442253	0.631126324465968	0.979380833016394	9
KCNK3	-1.28771411398278	0.188199963611904	0.765189948662975	9
KCNK5	1.70365281704105	0.0243439845457523	0.320272599229001	9
KCNK6	-0.00170614919024097	0.998132266541602	0.999620666732609	9
KCNK7	-0.919503286978863	0.414142495488507	0.917677856159618	9
KCNMA1	-0.533274216963273	0.580383915621383	0.969055975901473	9
KCNMB1	-1.55200981782903	0.181760742061055	0.759038576668581	9
KCNMB2	0.0971174987771565	0.933764625799367	0.998639733078915	9
KCNMB3	0.426603392630545	0.38557009036923	0.910863010956818	9
KCNMB4	1.01241559450592	0.0833207622542961	0.573514755318627	9
KCNN1	0.814508435582112	0.318361463284752	0.883125763337951	9
KCNN2	-0.436868939376517	0.571931257271061	0.967095572213435	9
KCNN3	-0.834196164586695	0.244074269046475	0.827084546693071	9
KCNN4	1.37406529579406	0.0764343424013081	0.549025463837328	9
KCNQ1	1.28117469466656	0.0326241061368398	0.36955440424629	9
KCNQ3	-0.246271147683647	0.762356863175518	0.992456322270546	9
KCNQ4	-1.10709020879242	0.237611767065696	0.816354815013552	9
KCNQ5	-0.376252191975322	0.741515768532888	0.991008075540888	9
KCNRG	1.19460634183799	0.310642381941628	0.877937271278944	9
KCNS1	3.27924683150646	0.0192554470074185	0.283662328619266	9
KCNS2	0.790465656105397	0.453694180219447	0.934203669144002	9
KCNS3	0.0499983773562194	0.925102004000727	0.998639733078915	9
KCNT1	-0.722680396097543	0.388764950522642	0.911850347346707	9
KCNT2	-1.04005209475012	0.310855010031324	0.877937271278944	9
KCP	1.58328673027986	0.162284537537565	0.739345651660223	9
KCTD1	1.17353357814073	0.0145509457915568	0.242971166096346	9
KCTD10	-0.125174927395174	0.787458837939542	0.994052363875907	9
KCTD11	-0.761089832494886			9
KCTD12	-0.966248703054955	0.0901752116623822	0.590277738070255	9
KCTD13	-0.536845917943635	0.168417859626398	0.745957814118282	9
KCTD15	-0.182579705400654	0.517812563153482	0.953758404613893	9
KCTD16	0.0699503725099376	0.95716491960822	0.998639733078915	9
KCTD17	-0.218959300330196	0.550177205022205	0.961546579712439	9
KCTD18	-0.0294854273459408	0.945829173374343	0.998639733078915	9
KCTD19	-0.685720486307065	0.252220434079805	0.838161746834043	9
KCTD2	-0.404174385860635	0.194333061232494	0.773615413978879	9
KCTD20	0.0784132440074415	0.83168763330276	0.99746225363255	9
KCTD21	-0.364833934737668	0.351911968313633	0.899510715057777	9
KCTD3	0.135890831357181	0.765568164516505	0.992930756580613	9
KCTD5	0.441218802153683	0.0279368413206046	0.346243253344621	9
KCTD6	-0.170339249788199	0.576351220986372	0.968284112085412	9
KCTD7	-0.61573618993206	0.0852975787889875	0.578812849570433	9
KCTD8	0.237696628102368	0.628249142756885	0.979047032739808	9
KCTD9	0.0947147808742196	0.829628193127955	0.99746225363255	9
KDELR1	0.14826158383189	0.67637276809217	0.985627824404081	9
KDELR2	0.086519894215739	0.831428956053363	0.99746225363255	9
KDELR3	0.784900462056718	0.191481636932358	0.770362617268612	9
KDF1	3.81161526954822	0.00849280204691133	0.183010585422567	9
KDM1A	-0.00831143366469804	0.969865173394314	0.998639733078915	9
KDM1B	0.647904746265155	0.150579936405563	0.72170459047022	9
KDM2A	0.238660258860887	0.458132183291081	0.936616815343768	9
KDM2B	0.201563756910228	0.628453563965699	0.979047032739808	9
KDM3A	0.115727365568032	0.725215445631494	0.990984782893948	9
KDM3B	0.164735833315694	0.679850472278135	0.986916482166846	9
KDM4A	0.893616484691455	0.0463915604205148	0.438965271389243	9
KDM4B	0.233374813202646	0.411427857709975	0.916692318136897	9
KDM4C	0.0953574332904617	0.747237990642611	0.991008075540888	9
KDM4D	0.823368278120401	0.144858112375624	0.711869112393627	9
KDM5A	0.182940166323224	0.56757208085779	0.965421927349831	9
KDM5B	0.616278237209971	0.0941503772256617	0.600495581316297	9
KDM5C	0.231613233323371	0.327623252404923	0.887903506431062	9
KDM6A	0.257554913429341	0.4869532842991	0.944013070233436	9
KDM6B	0.661499060949871	0.0646679510429123	0.508467842524957	9
KDM7A	0.162451045201604	0.77479078580842	0.992930756580613	9
KDM8	0.121369756248854	0.7188300960995	0.989688281227594	9
KDR	-0.332594441242297	0.609552811639792	0.975328830748679	9
KDSR	-0.225880298473618	0.542621540966685	0.959697647520876	9
KEAP1	0.0216705327671476	0.934488001062975	0.998639733078915	9
KEL	-0.138287529217304			9
KERA	0.539219399776363	0.7479295599183	0.991008075540888	9
KHDC1	-0.125127196285262	0.817960907978639	0.995966406600323	9
KHDC1L	-1.19527970443776	0.618717670822248	0.977597903910864	9
KHDC4	-0.0457488293258086	0.892727127079283	0.998639733078915	9
KHDRBS1	-0.0646129751611691	0.777310198718313	0.992930756580613	9
KHDRBS2	3.10260498824339	0.0178358874799287	0.271978858565318	9
KHDRBS3	0.0342391154456884	0.94369955221526	0.998639733078915	9
KHK	-0.272589230901147	0.626125735014578	0.978573777801597	9
KHNYN	0.0131225461843969	0.970955747464089	0.998639733078915	9
KHSRP	0.0442967784098501	0.825236070944045	0.997459757021024	9
KIAA0040	0.532566033197623	0.109346319376687	0.638078241044252	9
BLTP2	0.364032356808043	0.450677920979861	0.932585632008735	9
KIAA0232	0.199483698915596	0.56116743522042	0.964946561877165	9
KIAA0319	1.90835454876655	0.051017730346731	0.461159043262766	9
KIAA0319L	0.30040563395253	0.309520972773	0.877235807280418	9
KIAA0513	-1.03980891256193	0.0376512250389231	0.397546303862335	9
KIAA0586	0.0565047286468849	0.885505217396028	0.998639733078915	9
KIAA0753	0.455910624162442	0.121825656700987	0.671407782337969	9
KIAA0825	0.588697061816369	0.249138069576315	0.836143299032655	9
MATCAP2	0.671385945846254	0.206454766798804	0.790112598188719	9
MATCAP1	-0.350390201219111	0.259788798105867	0.842792685728616	9
KIAA0930	-0.431058913266336	0.0795435276689969	0.560985194420479	9
BLTP1	-0.125727027540288	0.788833158503273	0.994052363875907	9
KIAA1143	-0.416991825887023			9
KIAA1191	-0.0238894028333278	0.903825080392507	0.998639733078915	9
KIAA1210	3.06311325269742	0.0102159751671556	0.203231818655504	9
KIAA1217	0.852984926694846	0.130360026287158	0.687475651312875	9
KIAA1328	0.0655522850155159	0.863737925697176	0.998639733078915	9
NHSL3	0.520662736760236	0.230878450466441	0.808244559806673	9
KIAA1549	0.487146244485387	0.29072023801366	0.866062063599779	9
KIAA1549L	1.33716163487262	0.159055354504676	0.73326994662795	9
KIAA1586	0.0276663419256403	0.948303119183102	0.998639733078915	9
KIAA1614	-0.406711996741676	0.390752733409196	0.912807186165296	9
KIAA1671	0.748866526438072	0.253118089602082	0.839003323620096	9
KIAA1755	-1.1732073670017	0.02504457711365	0.32513896462145	9
KIAA1958	0.41198091992323	0.413110451533484	0.91719471148147	9
KIAA2012	3.221366087317	0.0102100013937568	0.203231818655504	9
KIAA2013	-0.196533040491573	0.610097519370806	0.975328830748679	9
BRD10	-0.172451676239163	0.690644516422123	0.989171265391501	9
KIDINS220	-0.224238174254532	0.606509466383986	0.974885729870166	9
KIF11	2.34583375787976	0.00129732244611096	0.0667239603729754	9
KIF12	1.64199013807455	0.170459873553656	0.748077226132283	9
KIF13A	-0.279652893093849	0.624455221066735	0.978573777801597	9
KIF13B	0.65371982107217	0.211772476001961	0.794171927467666	9
KIF14	3.19476514808285	0.00192998054493028	0.0813275058732935	9
KIF15	2.49541580490267			9
KIF16B	0.163829841170854	0.644913433937538	0.980691547015745	9
KIF17	-0.251136581669057	0.604756640674101	0.97426949205076	9
KIF18A	2.02374019692036	0.0410341078619067	0.412446430790595	9
KIF18B	4.59627044571762	3.75774049912888e-06	0.00252127306852916	9
KIF19	3.65968800958964	8.03497508764724e-06	0.0039424808746352	9
KIF1A	2.55599233711258	0.0393551379186948	0.404184446816787	9
KIF1B	-0.239531973038066	0.593215670453301	0.971751915609941	9
KIF1C	-0.114900402841369	0.758926618368181	0.991955190535962	9
KIF20A	4.38433759008279	6.3744451691812e-06	0.00337410153960562	9
KIF20B	0.303680958771385	0.616386401115605	0.977025239540628	9
KIF21A	0.227391328543436	0.625407855093133	0.978573777801597	9
KIF21B	-0.47064174070427	0.270797952695516	0.849848431125195	9
KIF22	0.433608381267604	0.385464245507044	0.910863010956818	9
KIF23	1.2420593722863	0.0368395040112477	0.394621131139353	9
KIF24	1.51681035489741	0.0130450259309137	0.230408874561168	9
KIF25	2.431741070075	0.0882154221411348	0.586288989745741	9
KIF26A	0.834234076425704	0.128395089398922	0.682562328088299	9
KIF26B	3.99182799548482			9
KIF27	0.562403684076569	0.354239121664043	0.899715225734967	9
KIF2A	0.276016648212826	0.316586362956892	0.881911182317315	9
KIF2C	1.82036554132716	0.012363406308649	0.224196855678093	9
KIF3A	-0.051926519327466	0.890013557092304	0.998639733078915	9
KIF3B	0.257795997349721	0.400629765323761	0.914917979790104	9
KIF3C	0.310367636717059	0.485519381235887	0.943768865380848	9
KIF4A	3.697497428463	0.000169943289929756	0.0207316768814308	9
KIF5A	0.492447191681222	0.420523492727771	0.920698201743492	9
KIF5B	0.21200958932485	0.647431513424145	0.980691547015745	9
KIF5C	-1.3740175471496	0.0290158845895911	0.349667362473858	9
KIF6	1.59686080374093	0.0428345977140848	0.420130416767955	9
KIF7	0.0965593572196443	0.710627002582288	0.989276793964962	9
KIF9	0.146488473375599	0.739803613864065	0.991008075540888	9
KIFAP3	-0.0140658306445202	0.958472043507442	0.998639733078915	9
KIFBP	-0.199285748231331	0.436313594843681	0.92821123892158	9
KIFC1	1.35616039077184			9
KIFC2	0.33868606203403	0.481604568478527	0.942583536901557	9
KIFC3	-0.244057689110483	0.582758794799045	0.970965892530257	9
KIN	0.0222156549101452	0.949931930240259	0.998639733078915	9
KIR2DL1	-0.807057211282113	0.795825863228826	0.994714385280344	9
KIR2DL4	-1.17897586847592			9
KIRREL1	0.313718454679626	0.487424192909996	0.944144890972491	9
KIRREL2	2.98111876528788	0.144491568635256	0.711869112393627	9
KIRREL3	-0.801575014840844	0.254527399016599	0.839946107061038	9
KIT	-1.11331063087968	0.156631958677756	0.7292143264838	9
KITLG	-0.957508695947838	0.0696122610754409	0.529173808342532	9
KIZ	-0.0238414334651392	0.956504917009923	0.998639733078915	9
KL	0.359063709206436	0.54448797695831	0.960207445296214	9
KLC1	-0.0135572311932369	0.978669467290158	0.998639733078915	9
KLC2	-0.869994856805987	0.0630990199349364	0.503189969346081	9
KLC3	3.16349694220568	0.126328851786021	0.679443938788914	9
KLC4	-0.0792044492356034	0.809563987880802	0.995936140923453	9
KLF10	1.75460593611832	0.00098579200799393	0.0560480129819045	9
KLF11	0.434982345278822	0.429610716691775	0.92451488206047	9
KLF12	0.147579946336308	0.655931348501744	0.982654069775495	9
KLF13	-0.0596221671715713	0.950847157205598	0.998639733078915	9
KLF14	-0.468287082849308	0.76136237488192	0.992004541019998	9
KLF15	-0.439956472756817	0.451244056553492	0.933085210672351	9
KLF16	0.178270753704272	0.744196830500377	0.991008075540888	9
KLF17	1.88168403959206	0.0734335084196248	0.540459281805551	9
KLF2	0.518581629991925	0.533398857472836	0.95784961223136	9
KLF3	-0.33475619858765	0.463976260682649	0.938355642512777	9
KLF4	1.52814012722742	0.0184895707301285	0.27821055407485	9
KLF5	0.864359215859107	0.366090951788727	0.90239123320911	9
KLF6	1.22806819370946	0.065258885745396	0.510756316271363	9
KLF7	0.251022530987049	0.701570672204773	0.989276793964962	9
KLF8	-0.00286576154038048	0.994800268942181	0.999620666732609	9
KLF9	-0.265578390338412	0.706674850299558	0.989276793964962	9
KLHDC1	-0.414473329153305	0.367152002252789	0.90239123320911	9
KLHDC10	0.100797010238669	0.681009812489897	0.987076378845579	9
KLHDC2	-0.0389547849977801	0.918180868369831	0.998639733078915	9
KLHDC3	-0.0586153250254424	0.805376397630667	0.995590233849494	9
KLHDC4	0.0310476483179145	0.930554186686225	0.998639733078915	9
KLHDC7A	2.13493330814181	0.13966118711361	0.704077453204919	9
KLHDC7B	0.830107347336239	0.488755690879225	0.944931536265188	9
KLHDC8A	0.112648770102594	0.918360438812929	0.998639733078915	9
KLHDC8B	-0.949531240729732	0.00422091622308975	0.125540495322588	9
KLHDC9	0.191309632887693	0.74520044457607	0.991008075540888	9
KLHL10	0.465157919189151	0.757133364402431	0.991890138420883	9
KLHL11	-0.170574526379881	0.847707460995082	0.998639733078915	9
KLHL12	0.424459167417885	0.139023043150553	0.702495653805487	9
KLHL13	-0.539178340354139	0.29450962784897	0.869965782411697	9
KLHL14	1.0011018280262	0.0648439605766295	0.509399522124336	9
KLHL15	0.317206295303359	0.454629052007029	0.934328774803787	9
KLHL17	-0.24417560942782	0.59124416318229	0.971187979266693	9
KLHL18	0.366026293595056	0.272034442456504	0.851408242555084	9
KLHL2	0.556764342336097	0.21216475525852	0.794171927467666	9
KLHL20	0.131448868543168	0.801882089054469	0.995590233849494	9
KLHL21	-0.625367192384957	0.251469858713238	0.838097512370475	9
KLHL22	-0.373746475300654	0.269161748560644	0.848695964307358	9
KLHL23	-1.3130531868085			9
KLHL24	-0.0322070656446469	0.953424821045358	0.998639733078915	9
KLHL25	-0.914211486377359	0.0415895710282979	0.414007678413902	9
KLHL26	-0.105807411415479	0.718360896876521	0.989276793964962	9
KLHL28	0.0119245826579447	0.978790669181712	0.998639733078915	9
KLHL29	0.0550013376836104	0.874619357629664	0.998639733078915	9
KLHL3	0.131523621559864	0.735872759009629	0.991008075540888	9
KLHL30	-1.56159516587453	0.0492171542456633	0.452644494592047	9
KLHL31	4.36328500425402	0.00154506040135043	0.0727734371605718	9
KLHL32	0.920533636047889	0.308726550461328	0.877235807280418	9
KLHL33	-1.29469677877888	0.0594669273081706	0.490112403124459	9
KLHL35	-0.80248649737415	0.317492710610194	0.882121038171662	9
KLHL36	0.29232335843859	0.487096952628846	0.944013070233436	9
KLHL38	-2.83349948347271	0.00247058073778268	0.0933883896826052	9
KLHL4	-0.133892505417829	0.862074115267179	0.998639733078915	9
KLHL41	-0.314726203607586	0.686665101955701	0.989057725406724	9
KLHL42	-0.21188372547423	0.475726013534903	0.940304189312895	9
KLHL5	-0.203947521374407	0.675277712389252	0.985298616459508	9
KLHL6	0.977761724764072	0.0698306289263223	0.529173808342532	9
KLHL7	0.213609000031922	0.533965743435517	0.95784961223136	9
KLHL8	0.113861964410824	0.687748047583156	0.989171265391501	9
KLHL9	0.148558892284169	0.661677364941533	0.983171338937342	9
KLK1	2.25407053030114	0.148131584908544	0.71726787667146	9
KLK10	2.68450106086577	0.000306394437086919	0.0295600541558171	9
KLK11	5.09718488944985	2.2985784273905e-05	0.00605880645834129	9
KLK13	3.48287272957264	0.0112218129209594	0.213735716808105	9
KLK14	0.324318380648906	0.691247817402491	0.989171265391501	9
KLK2	3.54226206081256	0.0168567517409597	0.266405259580627	9
KLK3	2.64714463085379	0.0746395313297066	0.542880757326271	9
KLK4	2.14647705224891	0.105191983701167	0.62833175561381	9
KLK5	-0.0159493018943714	0.995172711615653	0.999620666732609	9
KLK6	2.80104920873635	0.0663457491368505	0.515962311541468	9
KLK7	4.87007208060469	0.00376911363820172	0.117158305464141	9
KLK8	2.86054029152626	0.0670887857535408	0.51772250313304	9
KLKB1	-0.771724588787385	0.19308758653772	0.772198228116891	9
KLLN	0.976544722840918			9
KLRB1	-0.491678900992096	0.661231770890133	0.983171338937342	9
KLRC1	-0.49994634467836	0.659797369446386	0.982975949819678	9
KLRC2	1.76211471206798	0.230244858662375	0.808244559806673	9
KLRC3	-0.210860091332743	0.89516341970158	0.998639733078915	9
KLRD1	-0.618632941998897	0.166746323081169	0.743720644349187	9
KLRF1	-0.841058665160469	0.451358720627827	0.933085210672351	9
KLRG1	-0.575207681203773	0.305436655130732	0.87578680388204	9
KMO	5.5588906681642	1.90948431946553e-05	0.00575222408972054	9
KMT2A	-0.152743417262751	0.629105527101528	0.979219295330233	9
KMT2B	0.0748241146560101	0.705931251200923	0.989276793964962	9
KMT2C	0.268225567248904	0.412423487348064	0.91719471148147	9
KMT2D	0.131768525441683	0.757759365574161	0.991890138420883	9
KMT2E	0.145997967517696	0.795392963704289	0.994714385280344	9
KMT5A	-0.109534166341191	0.776676058879807	0.992930756580613	9
KMT5B	0.044939173819436	0.879610150600525	0.998639733078915	9
KMT5C	-0.0370023391272779	0.920930485639981	0.998639733078915	9
KNDC1	-0.892829258771683	0.0123301493307089	0.223912192681113	9
KNL1	3.65370611727659	9.01337095532035e-05	0.0152926860541935	9
KNOP1	0.421890024701183	0.482035471675584	0.94271760619919	9
KNSTRN	0.929123684833296	0.0332156603473986	0.37166960529843	9
KNTC1	0.622260001534448	0.1107871227158	0.642060745350578	9
KPNA1	-0.123472465984907	0.706600943622679	0.989276793964962	9
KPNA2	0.815945376754552	0.142591250563337	0.709784552734478	9
KPNA3	0.205750771607125	0.531707166310361	0.95784961223136	9
KPNA4	0.0282665492504635	0.930257983440433	0.998639733078915	9
KPNA5	-0.359831785883819	0.462265723681148	0.937927280347714	9
KPNA6	-0.0891240619479119	0.801860136649415	0.995590233849494	9
KPNB1	0.159130132210262	0.529857725553398	0.957299775766752	9
KPTN	-0.443744870269911	0.374980147345637	0.905673456930873	9
KRAS	0.303348592581687	0.295207183953015	0.870082505129096	9
KRABD3	-0.487546133270787	0.113588023037175	0.647114167522863	9
KRABD2	0.275760717498652	0.473976288525567	0.939899973963271	9
KRABD1	-0.359424672770176	0.738139933256743	0.991008075540888	9
KRABD4	0.0164488193031141	0.965866393827006	0.998639733078915	9
KRCC1	-0.0598391531958434	0.88084513818913	0.998639733078915	9
KREMEN1	0.637759482611495	0.0684110429490649	0.524034979227372	9
KREMEN2	0.50503183691276	0.723125080568971	0.990516044835733	9
KRI1	-0.0299452189656285	0.895595682669004	0.998639733078915	9
KRIT1	0.150470488612772	0.792762510802252	0.994276399100931	9
KRR1	-0.0580150687637559	0.881539710036802	0.998639733078915	9
KRT10	-0.798439774156919	0.295024988600852	0.870082505129096	9
KRT13	0.568709322420559	0.433897613082756	0.926809311141991	9
KRT15	0.962465265249496	0.604995513119125	0.974362117013499	9
KRT17	3.85716214353187	0.0480129684059359	0.44859387074563	9
KRT18	1.86283894616888	0.0348481139868374	0.38018699967458	9
KRT19	2.31675111988596	0.00590263884767132	0.150741958530236	9
KRT222	-1.31545320641031	0.250587002854137	0.837952578529169	9
KRT24	-0.619463606077359	0.74849930328919	0.991008075540888	9
KRT5	2.99721063478475	0.0467132996786494	0.440619308564836	9
KRT6A	-1.44063713151203	0.642718735327817	0.980691547015745	9
KRT7	1.59916009565451	0.20937501273232	0.793678624278833	9
KRT8	2.27530131590176	0.0181805857992255	0.274962732563902	9
KRT80	0.795403234527873	0.425943103443322	0.923242529682058	9
KRT81	0.970689955082115	0.602385814267068	0.974057468095769	9
KRT85	-0.145631393868633	0.951190142398054	0.998639733078915	9
KRT86	0.817386516668906	0.561513314371935	0.964946561877165	9
KRTAP5-1	1.46739678750819			9
KRTAP5-9	1.18792863365413	0.469754917195739	0.939188868595478	9
KRTCAP2	-1.413329826187	0.109807525644505	0.638640223025431	9
KRTCAP3	1.54987725406015	0.102912230712194	0.624624768726439	9
KSR1	-0.609734081764372	0.189695310643356	0.766938504630672	9
KSR2	1.70386223509736	0.361520777453886	0.90143277046037	9
KTI12	-0.234158949983048			9
KTN1	-0.0334682547733327	0.953771775687181	0.998639733078915	9
KXD1	-0.28734724269071	0.592119821732006	0.971527934919808	9
KY	0.771553077767811	0.579468969010822	0.969055975901473	9
KYAT1	-0.0862064773937808	0.943298545009738	0.998639733078915	9
KYAT3	-0.210844530197095	0.461343298812557	0.937871978208531	9
KYNU	1.48265308973747	0.0550659455017964	0.475748901357548	9
L1CAM	-0.834712581929885	0.350942342505599	0.899092963457163	9
L2HGDH	0.534018124193866	0.185387264735239	0.763792369190164	9
L3HYPDH	-0.249368282945638	0.590846172101274	0.971187979266693	9
L3MBTL1	-0.178669272067351	0.742878934465946	0.991008075540888	9
L3MBTL2	-0.135002952686309	0.661201402462228	0.983171338937342	9
L3MBTL3	-0.153244018923247	0.784527678314404	0.994052363875907	9
L3MBTL4	0.0982276912305707	0.893593234444179	0.998639733078915	9
LACC1	0.213830213184111	0.657059064352863	0.982970871841135	9
LACTB	0.0321023997669938	0.928723849432168	0.998639733078915	9
LACTB2	-0.605397724676985	0.220204562407831	0.801612502064797	9
LAD1	2.10144892502328	0.0890910383119777	0.587481343581456	9
LAG3	-1.46484926765825	0.0341671537426781	0.37665523255838	9
LAGE3	-0.394844943343049	0.56675565878856	0.965061168919095	9
LAIR1	-0.219794118087706	0.89929543358859	0.998639733078915	9
LAMA1	1.13344057416822	0.061761299927689	0.500793671899467	9
LAMA2	-0.193470549189222	0.766509741625789	0.992930756580613	9
LAMA3	0.257916737294288	0.419675270410024	0.920099911550707	9
LAMA4	-0.402254719310532	0.260453309838483	0.842792685728616	9
LAMA5	0.267474000898199	0.425238218118208	0.923026083637447	9
LAMB1	-0.818157150595247	0.0872644323061372	0.583647614531442	9
LAMB2	-0.181398019099592	0.631446753080573	0.979380833016394	9
LAMB3	2.31354048608953	0.028896204657601	0.349197053275557	9
LAMB4	-0.57225534339202	0.459624117561291	0.937429300377919	9
LAMC1	0.134170297487885	0.74731237949114	0.991008075540888	9
LAMC2	2.97099493628484	0.00154059857724721	0.0727734371605718	9
LAMC3	1.31784533712734	0.116536547214358	0.655729486310683	9
LAMP1	0.052515774664604	0.854225887659035	0.998639733078915	9
LAMP2	0.0138587237722223	0.952792206055431	0.998639733078915	9
LAMP3	0.840007444477391	0.310689271929241	0.877937271278944	9
LAMP5	1.14609005088406	0.181294634566318	0.758983454819571	9
LAMTOR1	-0.444327299905642	0.277473202024442	0.857480226675461	9
LAMTOR2	-0.373520541051958	0.516733792590969	0.953680371468858	9
LAMTOR3	-0.339872253842397	0.329738478599822	0.888350005952175	9
LAMTOR4	-0.805013589651182	0.109270398289987	0.638078241044252	9
LAMTOR5	-0.0955277433668832	0.813710204951219	0.995936140923453	9
LANCL1	-0.0858080280332413	0.814530938427765	0.995936140923453	9
LANCL2	-0.1244875225684	0.712040903555284	0.989276793964962	9
LANCL3	-1.2784800374456	0.0241381691958895	0.319524103083214	9
LAP3	0.452445174676661	0.169618040034606	0.747605819334372	9
LAPTM4A	-0.0962724134526814	0.750176207223074	0.991008075540888	9
LAPTM4B	0.650936687299664	0.153048462307863	0.724086010296911	9
LAPTM5	-0.513434097614144	0.38425158754853	0.910507103051549	9
LARGE1	-0.549747316816546	0.228326052808658	0.808244559806673	9
LARGE2	2.82306931552101	0.0186535534089646	0.279538174487032	9
LARP1	0.296933924805828	0.4688753693187	0.939188868595478	9
LARP1B	0.266773198616471	0.476321404621268	0.940744430396661	9
LARP4	-0.0206765862941097	0.949111237391183	0.998639733078915	9
LARP4B	0.262051185207714	0.217983414585557	0.799033281212017	9
LARP6	-0.187633670644455	0.458121893306208	0.936616815343768	9
LARP7	-0.234368699405405	0.641723442091294	0.980691547015745	9
LARS1	0.057688624091562	0.741942334870436	0.991008075540888	9
LARS2	0.375907158510632	0.260158619632718	0.842792685728616	9
LAS1L	-0.279088023908812	0.246226286278663	0.831652564642433	9
LASP1	0.209154567838358	0.562500004483471	0.964946561877165	9
LAT	-1.13132536158637	0.28175752482605	0.8612268238133	9
LAT2	-0.118144430476236	0.710486706790257	0.989276793964962	9
LATS1	0.130611441196096	0.725446830275698	0.991008075540888	9
LATS2	0.193593517361975	0.741538751060276	0.991008075540888	9
LAX1	-0.698174199639169	0.408693959808557	0.915271886809331	9
LAYN	-0.0739835083726462	0.826812597277561	0.99746225363255	9
LBH	-1.45445650582907	0.0311566191474782	0.363825818585838	9
LBHD1	0.693918576871109	0.229274689074401	0.808244559806673	9
LBP	0.34471263343616	0.895028270218704	0.998639733078915	9
LBR	-0.35978001216153	0.361542097665905	0.90143277046037	9
LBX2	0.69658483433382	0.375313224639089	0.905673456930873	9
LCA5	-0.621193967616438	0.39629905295521	0.913598363372146	9
LCA5L	-0.0745776223537291	0.885747452303056	0.998639733078915	9
LCAT	-0.962986364875662	0.0841539482332916	0.575975222712405	9
LCK	-0.63698475645724	0.313822048891301	0.879953262711861	9
LCLAT1	-0.0182164974009891	0.965374350990927	0.998639733078915	9
LCMT1	-0.578150389687165	0.182723192401637	0.759617216219006	9
LCMT2	-0.253548194576207	0.535267011352273	0.95784961223136	9
LCN10	-0.915434746302733	0.418362651470584	0.919780432363111	9
LCN12	0.577089924028202	0.564907779488218	0.965041713262426	9
LCN2	1.72055647341203	0.286630862680143	0.862232237237917	9
LCN6	-1.01621110376604	0.456445054355557	0.936165825669359	9
LCNL1	-0.771317364865224	0.212698819475508	0.794171927467666	9
LCOR	-0.0729599400811063	0.824325002005368	0.997189504159952	9
LCORL	0.112032520304702	0.774817287615565	0.992930756580613	9
LCP1	-0.160293805239514	0.566235806640156	0.965061168919095	9
LCP2	-0.0942210235599838	0.791367529625746	0.994052363875907	9
LDAH	0.0748242708158887	0.777693316873169	0.992930756580613	9
LDB1	-0.25863855447468	0.375957069979165	0.905673456930873	9
LDB2	-0.182106089766535	0.621588894300805	0.978573777801597	9
LDB3	0.119546886808741	0.900796149427171	0.998639733078915	9
LDHA	-0.695286014182924			9
LDHAL6A	0.190671784661643	0.91035404357936	0.998639733078915	9
LDHAL6B	-0.299830553026063	0.849439069831474	0.998639733078915	9
LDHB	0.195764609078594	0.866519110811853	0.998639733078915	9
LDHD	0.280717417515775	0.6304912637163	0.979238377916278	9
LDLR	1.56766826619576	0.010834791747864	0.211026453687766	9
LDLRAD1	3.09362457706111	0.0425920250209827	0.419693512239469	9
LDLRAD2	0.0812637880562961	0.924068277616123	0.998639733078915	9
LDLRAD3	0.219482083059442	0.586168965226335	0.971161794932015	9
LDLRAD4	-0.224654180187319	0.600989173287186	0.974057468095769	9
LDLRAP1	-0.260089416942749	0.384017914022815	0.910454293108057	9
LDOC1	-1.0085743528361	0.0515296691549526	0.464364741389655	9
LEAP2	0.718864687371244	0.339541685159508	0.896524077278898	9
LEF1	2.17885682469982	0.00394823162013763	0.119917380544962	9
LEFTY1	-1.3384712429745	0.148067355689662	0.71726787667146	9
LEFTY2	-0.834535727500524			9
LEKR1	0.200290901857705	0.751118359302679	0.991008075540888	9
LEMD2	-0.387733699740548	0.21535458330838	0.798304621852082	9
LEMD3	0.0630942465129555	0.875160225785124	0.998639733078915	9
LENG1	-0.210927483058267			9
LENG8	-0.449493746071278			9
LENG9	-0.151661984650845			9
LEO1	0.457987459507883	0.28208703378238	0.8612268238133	9
LEPR	-1.02772106591577	0.0733906929300927	0.540459281805551	9
LEPROT	-0.366507570854772	0.25997360590531	0.842792685728616	9
LEPROTL1	-0.117494004090645	0.66524798341421	0.983940429176067	9
LETM1	0.222992845588093	0.449029809067076	0.932585632008735	9
LETM2	-0.0284421213230185	0.939827782355375	0.998639733078915	9
LETMD1	0.00974428897023476	0.973155488648145	0.998639733078915	9
LFNG	0.827328747497675	0.0585490998548922	0.486999537152178	9
LGALS1	-1.59819549218364	0.0209461322540083	0.297428100321628	9
LGALS2	-0.681579711318288	0.368049366390316	0.902670603071424	9
LGALS3	-0.346749726732038	0.335476882925942	0.893441965603623	9
LGALS3BP	-0.895665720852971	0.191329952656341	0.770073256511478	9
LGALS4	0.433213353364292			9
LGALS8	-0.0848538952635349	0.83085220314685	0.99746225363255	9
LGALS9	0.439127610136799	0.360332168935536	0.901129021301342	9
LGALSL	-0.129508201701498	0.642575479513035	0.980691547015745	9
LGI2	-1.8052886326203	0.199759753260406	0.782223950268295	9
LGI3	0.0628113707135889	0.959968255786537	0.998639733078915	9
LGI4	-2.24838100421343	0.00788761669744485	0.17716818767252	9
LGMN	0.897302909182897	0.00158604075348744	0.0731610861319627	9
LGR4	0.373124458723655	0.51045518694405	0.951538693830295	9
LGR5	1.85992144937716	0.133821582681352	0.693552546962756	9
LGR6	-1.14802651474956	0.214113319986781	0.795739159677259	9
LGSN	1.68099481282974	0.216764099244262	0.798902092039156	9
LHCGR	0.114877036185377	0.885937421959407	0.998639733078915	9
LHFPL2	0.0926455501136955	0.749738294366341	0.991008075540888	9
LHFPL3	-4.64717540895599	9.45066397218505e-05	0.0156742978531937	9
LHFPL5	-1.39598803234478			9
LHFPL6	-0.546188063877748	0.345715646101267	0.899092963457163	9
LHPP	-0.965784491324273	0.132889740032892	0.692405736895701	9
LHX4	-0.00111486335126815	0.99880241066384	0.999620666732609	9
LHX6	0.647746669271584	0.322613647918647	0.885543112951723	9
LHX8	-0.921338476875377	0.675527177890663	0.985298616459508	9
LIAS	-0.488304755867802	0.183787436049311	0.760977936472336	9
LIF	1.79455419035039	0.00411041070647003	0.123076287334395	9
LIFR	-1.04004382161298	0.0796265325212794	0.56103448522511	9
LIG1	0.370628824085027	0.497505814813779	0.947694326037707	9
LIG3	-0.17082506737939	0.461615121801762	0.937927280347714	9
LIG4	0.208252846971419	0.678517234729246	0.98672896048664	9
LILRB1	-0.199061007570817	0.904806858200661	0.998639733078915	9
LILRB2	-0.680161085959882	0.590831030231816	0.971187979266693	9
LILRB3	0.464855515342069			9
LILRB4	0.504145159575579			9
LILRB5	-1.01401758214713			9
LIMA1	-0.262502456237983	0.566043419513438	0.965061168919095	9
LIMCH1	0.841337955871845	0.0144709330051887	0.242749052050195	9
LIMD1	-0.19831422842031	0.729895874820043	0.991008075540888	9
LIMD2	0.245735639072283	0.693116249907335	0.989171265391501	9
LIME1	-1.32990529094477	0.0649570791047116	0.509745584617038	9
LIMK1	-0.20138610710716	0.639280332489505	0.980691547015745	9
LIMK2	0.366734544876512	0.201708023788895	0.785771360826075	9
LIMS1	1.11653607171403	0.00217448706991875	0.0867502801055963	9
LIMS2	-1.32932998901939	0.151537643440877	0.722080305349481	9
LIMS4	1.58829809224829	0.153884801093426	0.726413031320774	9
LIN37	-1.07077157209323	0.220647959759405	0.801618778727869	9
LIN52	0.418966309332319	0.202448177789505	0.786404619039707	9
LIN54	0.129541005796726	0.742163652107598	0.991008075540888	9
LIN7A	-0.162118307025951	0.683457636197622	0.987306006486237	9
LIN7B	-1.11135132383209	0.112331266002335	0.644549059040515	9
LIN7C	-0.17506695912115	0.59657916852924	0.972773091899058	9
LIN9	0.299147488657995	0.637067711768293	0.980691547015745	9
LINGO1	0.671555187006582	0.182131907385842	0.759038576668581	9
LINGO2	-0.0313728713350072	0.974954976612674	0.998639733078915	9
LINGO3	-0.630207035780407	0.673520499482974	0.985298616459508	9
LINS1	-0.0906304799834392	0.717691556036917	0.989276793964962	9
LIPA	0.462951133211777	0.187290557608206	0.765079182510763	9
LIPE	-0.338746500104271	0.466178728227574	0.939088738158503	9
LIPG	2.28582264328155	0.0385855561913856	0.401665299676335	9
LIPH	1.86187850439908	0.211449843007966	0.794171927467666	9
LIPI	-0.557757757307123	0.47835169183598	0.941072442992838	9
LIPT1	-0.559210297642303	0.16184525393273	0.738443385610612	9
LIPT2	0.70563504832191	0.237349260335027	0.816354815013552	9
LITAF	-0.41191543653142	0.244720674573275	0.828134313933086	9
LIX1L	-0.772639264983398	0.0484905475095645	0.450662541199641	9
LKAAEAR1	1.12269640378724	0.466204340710352	0.939088738158503	9
LLGL1	0.00286725259953404	0.994525243993399	0.999620666732609	9
LLGL2	1.6786230292536	0.0145916065329836	0.243374806817368	9
LLPH	-0.0382592269527727	0.918876688228064	0.998639733078915	9
LMAN1	0.556093137869207	0.146571654291835	0.714977993903015	9
LMAN2	-0.0723332062243932	0.844809857692207	0.998639733078915	9
LMAN2L	0.209008277463275	0.539757901158415	0.958979719874913	9
LMBR1	0.0886163198264788	0.765892858611151	0.992930756580613	9
LMBR1L	-0.101886124304252	0.749382620544211	0.991008075540888	9
LMBRD1	-0.245553606438051	0.386756890989383	0.910863010956818	9
LMBRD2	-0.206526307510489	0.588304262603486	0.971161794932015	9
LMCD1	-0.177411427197546	0.79046462916174	0.994052363875907	9
LMF1	-0.492593779585852	0.300666146295856	0.874342355309609	9
LMF2	-0.60578814100885	0.122142660306664	0.671989492652503	9
LMLN	0.335336868760697	0.277613447988198	0.857480226675461	9
LMNA	-0.490743695501188	0.415455055516656	0.919443969637919	9
LMNB1	2.78416109664875	0.00100080366605736	0.0560953386960343	9
LMNB2	1.04128648305519	0.0731830342962996	0.540459281805551	9
LMNTD1	2.27793568344182	0.201015127517417	0.78490569466541	9
LMNTD2	0.449470519451872			9
LMO2	0.633625201092431	0.0288836756056792	0.349197053275557	9
LMO3	-2.69236669347616	0.0202965336306244	0.293434997964395	9
LMO4	0.329670363418829	0.447137438007117	0.932585632008735	9
LMO7	0.0654668758398092	0.857970484323238	0.998639733078915	9
LMOD1	-0.516573858914981	0.61647307962397	0.977025239540628	9
LMTK2	0.39023714902537	0.259685683671813	0.842792685728616	9
LMTK3	1.27460524175883	0.206317776851473	0.790112598188719	9
LNP1	-0.108794427081745	0.782030375131301	0.993751208175834	9
LNPEP	0.080169762132346	0.787875262838959	0.994052363875907	9
LNPK	0.0128776633038451	0.966342341641968	0.998639733078915	9
LNX1	1.22143494999241	0.0371597722438471	0.395468924362961	9
LNX2	0.66771603620139	0.0733475432036171	0.540459281805551	9
LONP1	-0.0256879500420695	0.909597097028414	0.998639733078915	9
LONP2	0.150961092903473	0.587918974264362	0.971161794932015	9
LONRF1	-0.904911071354548			9
LONRF2	-0.379885834446111	0.282476205605136	0.8612268238133	9
LONRF3	0.305609413122484	0.732807924084476	0.991008075540888	9
LOX	1.44733743552067	0.0021058395403813	0.0853964215812317	9
LOXHD1	6.44674570330575	4.03501169666932e-05	0.00875894230213761	9
LOXL1	0.184141402251091	0.752881983383367	0.991008075540888	9
LOXL2	0.137052707742324	0.806505386023681	0.995590233849494	9
LOXL3	0.288709433278597	0.343017615303127	0.899092963457163	9
LOXL4	0.10193855998548	0.794953611529903	0.994714385280344	9
LPA	0.201517035954599	0.88747087751596	0.998639733078915	9
LPAR1	0.149823639894384	0.745943768955377	0.991008075540888	9
LPAR2	1.42105280309754	0.0412717654959081	0.413190129686998	9
LPAR3	5.73391690472958	2.24945127085303e-05	0.00605880645834129	9
LPAR4	-0.0309663157184553	0.974970888580503	0.998639733078915	9
LPAR5	-0.406430764774555	0.490460729309381	0.944931536265188	9
LPAR6	0.271629775127814	0.530155520584029	0.957299775766752	9
LPCAT1	-0.160901142448641			9
LPCAT2	-0.690219299074474	0.138740230627989	0.702495653805487	9
LPCAT3	0.759740611628444	0.226241336442009	0.808244559806673	9
LPCAT4	0.00794540262177388	0.98103505858232	0.998639733078915	9
LPGAT1	0.122599635712251	0.691055015357531	0.989171265391501	9
LPIN1	-0.54679861560308	0.0594014426369793	0.490112403124459	9
LPIN2	0.212260370153773	0.48020666388561	0.941122155738687	9
LPIN3	-0.0508812189564886	0.924645531935792	0.998639733078915	9
LPL	0.810103565435519	0.203797515071491	0.787756350592083	9
LPP	-0.412114923347177	0.61132436007613	0.975436047895768	9
LPXN	-0.226651337523703	0.486061106687474	0.943977712144114	9
LRATD1	1.25270167426195	0.0697658824068224	0.529173808342532	9
LRATD2	0.385791432020301	0.547909546064338	0.960745862937005	9
LRBA	0.52087322934037	0.187733495752219	0.765131445762577	9
LRCH1	-0.23776851866494	0.631419997604925	0.979380833016394	9
LRCH2	-0.712190564543952	0.231504473910338	0.808244559806673	9
LRCH3	-0.158657105320021	0.49107441136564	0.944931536265188	9
LRCH4	-0.299162671171252	0.624706078169417	0.978573777801597	9
LRCOL1	0.237918181719645	0.805453294680863	0.995590233849494	9
LRFN1	-1.25390952200093	0.014931563483335	0.246635138480758	9
LRFN3	-0.830263314873467	0.0827957118375852	0.57270267218116	9
LRFN4	-0.656029841571624	0.292436328214806	0.868367057086855	9
LRFN5	0.584616259216197	0.372746140753171	0.905673456930873	9
LRG1	2.91208798128838	0.000237576723208211	0.0256950930901191	9
LRGUK	1.49729729994299	0.0155580142764211	0.251535431253288	9
LRIF1	0.351132367126529	0.394551226818733	0.913353694686467	9
LRIG1	0.428860716902514	0.570912134552996	0.966951740948172	9
LRIG2	-0.101086950094152	0.71184310479089	0.989276793964962	9
LRIG3	-0.0867110353564393	0.856494392716289	0.998639733078915	9
LRIT3	0.193096054346229	0.817987734289008	0.995966406600323	9
LRMDA	-0.130184534229105	0.813900881955974	0.995936140923453	9
LRP1	-0.341337792519553	0.348353834645785	0.899092963457163	9
LRP10	-0.212957280044322	0.675654499976919	0.985298616459508	9
LRP11	0.119480225710582	0.887915572685629	0.998639733078915	9
LRP12	0.209154289301863	0.610777332062612	0.975328830748679	9
LRP2	3.25078738574859	0.0532977863613462	0.471283724510365	9
LRP2BP	-0.234153484650432	0.480311605373288	0.941122155738687	9
LRP3	-0.453399154804417	0.359757535203255	0.901129021301342	9
LRP4	-0.471138702761542	0.370710853558356	0.905071602609146	9
LRP5	0.140672759113908	0.698053206556135	0.989276793964962	9
LRP6	-0.45205128537531			9
LRP8	0.682916802637519	0.0636045709237809	0.504496008278307	9
LRPAP1	-1.04212946744943	0.055612061553274	0.477539057933611	9
LRPPRC	-0.329991927094219	0.151375754374353	0.722080305349481	9
LRR1	-0.0631405667255053	0.8889021038749	0.998639733078915	9
LRRC1	1.11182630517736	0.0129617821272909	0.229411110288898	9
LRRC10B	-0.302162710878082	0.625599229828624	0.978573777801597	9
LRRC14	-0.300512646645541	0.346605807444264	0.899092963457163	9
LRRC15	0.104335157224229	0.932776666442596	0.998639733078915	9
LRRC17	0.326455529707061	0.596074311508231	0.972773091899058	9
LRRC18	5.3934789028582	0.0569708618651768	0.481401809416439	9
LRRC19	-1.13718544684206	0.548767825216393	0.961089318650903	9
LRRC2	-1.34354434208761	0.0996793823869512	0.614863085421558	9
LRRC20	-0.467517635784474	0.22905300784574	0.808244559806673	9
LRRC23	0.185966042404183	0.704931830928163	0.989276793964962	9
LRRC25	-0.383955890986871	0.439274664861168	0.929067623840231	9
LRRC26	1.69312716093708	0.393613293962936	0.912945341948813	9
LRRC27	-0.0950580022151183	0.774192924911426	0.992930756580613	9
LRRC28	-0.141463388575688	0.516411633855002	0.953680371468858	9
LRRC3	-0.160723314752706	0.80113389278734	0.995590233849494	9
LRRC32	-0.0161406644592766	0.978585877110767	0.998639733078915	9
LRRC34	-0.245991462275917	0.582968725356732	0.970975830769377	9
LRRC36	0.928128530738383	0.263940193713427	0.84593551057786	9
LRRC37A	-0.0499179611821604	0.906232209881005	0.998639733078915	9
LRRC37A3	-0.193769523382393	0.705362010195952	0.989276793964962	9
LRRC37B	0.00375711860047463	0.991116112331976	0.999573118505296	9
LRRC39	-0.462991491335654	0.418272119467995	0.919780432363111	9
LRRC3B	2.46319587544718	0.0135323559645652	0.235278099402764	9
LRRC4	-0.847031117755627	0.324639682260709	0.886080378644328	9
LRRC40	0.0645148378491291	0.870901332022446	0.998639733078915	9
LRRC41	0.224661895438841	0.444314301145264	0.932355626500428	9
LRRC42	0.0413716107374519	0.869357859504214	0.998639733078915	9
LRRC43	0.780162625070779	0.339539017757474	0.896524077278898	9
LRRC45	0.49756242522533	0.329734411201402	0.888350005952175	9
LRRC46	1.72157792967529	0.0461707999694572	0.437964570598537	9
LRRC47	-0.141202804765699	0.590965937686299	0.971187979266693	9
LRRC49	-0.464554979183854	0.286916692814804	0.862232237237917	9
LRRC4B	-0.487185999098831	0.307436889677363	0.876432473153517	9
LRRC4C	1.44087620103748	0.00561415074890091	0.145920847269794	9
LRRC55	-0.646853432019923	0.478999105091163	0.941072442992838	9
LRRC56	1.21626034813429	0.121136319338159	0.669948748501521	9
LRRC57	-0.0376931742487345	0.874190371806869	0.998639733078915	9
LRRC58	-0.188355344421365	0.460988481584814	0.937747940696302	9
LRRC59	0.631910316731406	0.10838669136104	0.637408745490163	9
LRRC61	0.480551630997053	0.531746434999347	0.95784961223136	9
LRRC63	1.20840170418918	0.301488401879494	0.874342355309609	9
LRRC66	0.174137505801612	0.707267193823181	0.989276793964962	9
LRRC69	-0.144841751025084	0.850294124598922	0.998639733078915	9
LRRC7	2.20428350968057	0.105007245277882	0.628298316800495	9
LRRC70	0.144802714333098	0.894961982071856	0.998639733078915	9
LRRC71	1.70290262420902	0.030012490803203	0.356494253586697	9
LRRC73	-0.976695648778044	0.282832250810672	0.8612268238133	9
LRRC74B	3.48635455221714	0.0129558794750313	0.229411110288898	9
LRRC75A	-0.614518846780292	0.26192658098595	0.844723238351237	9
LRRC75B	0.247664059678163	0.655705279083702	0.982654069775495	9
LRRC8A	0.0402847695136277	0.926607180175036	0.998639733078915	9
LRRC8B	0.226738932374731	0.62696292701523	0.978573777801597	9
LRRC8C	-0.438850925166499	0.370329363859762	0.905071602609146	9
LRRC8D	-0.278778551002127	0.362947985064779	0.901794048147871	9
LRRC8E	1.14519067722211	0.46525650589455	0.938716687193747	9
LRRCC1	-0.229146818021935	0.726968755381439	0.991008075540888	9
LRRD1	-0.737254567737254	0.56781867110977	0.965730084600912	9
LRRFIP1	-0.220081589407908	0.651539982829543	0.981292533915803	9
LRRFIP2	-0.124427752830493	0.702558245858043	0.989276793964962	9
LRRIQ1	0.698878718485003	0.472755375070986	0.939822409233973	9
LRRIQ3	0.449542518032829	0.814146598144452	0.995936140923453	9
LRRK1	-0.502223542106205	0.0806900046654357	0.565816982262884	9
LRRK2	-0.690611838885297	0.269252977498229	0.848695964307358	9
LRRN1	0.534252805331409	0.471993551978165	0.939599353653877	9
LRRN2	-0.107955352343237	0.871573461476981	0.998639733078915	9
LRRN3	0.549183979154022	0.593515797403847	0.971886033994504	9
LRRN4CL	-1.10093154171697	0.0481279398409204	0.448778597594331	9
LRRTM1	2.2707993115382	0.0132134481299921	0.231680401545484	9
LRRTM2	-0.721459755631341	0.646007618967954	0.980691547015745	9
LRRTM4	2.86759716999899	0.0658967328877903	0.513679603143605	9
LRSAM1	-0.558656932871642	0.104627776276682	0.628298316800495	9
LRRC51	-0.160454414155191			9
LRWD1	-0.0519606404001022	0.91276873107318	0.998639733078915	9
LSAMP	0.461669630880071	0.467546922879458	0.939188868595478	9
LSG1	-0.147933225559701	0.535429677418754	0.95784961223136	9
LSM1	0.131163670862033	0.777642132558586	0.992930756580613	9
LSM10	-0.660134250327742	0.236029735714013	0.814026852540783	9
LSM11	-0.85277943187615	0.0150624989077671	0.247591922469432	9
LSM12	0.509836148037496	0.201790113021853	0.785771360826075	9
LSM14A	-0.348747464161161			9
LSM14B	0.244256994028331	0.538959547729299	0.958979719874913	9
LSM2	-0.255260843623866			9
LSM3	-0.3053795950836	0.405850228873496	0.915238409840383	9
LSM4	0.162638755449843	0.773587947272875	0.992930756580613	9
LSM5	0.201898302938315	0.632112176702323	0.979380833016394	9
LSM6	-0.379198026855809	0.373952980613841	0.905673456930873	9
LSM7	-0.157704493436957	0.828865502756234	0.99746225363255	9
LSM8	-0.309174709425841	0.462439815294987	0.937927280347714	9
LSMEM1	0.638972340372857	0.421521137550947	0.92185181722105	9
LSMEM2	1.34697009679426	0.322733717308141	0.885543112951723	9
LSP1	-1.87495602991411			9
LSR	0.486812692905369	0.336834895939624	0.89460168471775	9
LSS	-0.793331229891026	0.365721802934027	0.90239123320911	9
LST1	-0.164571108250091			9
LTA4H	0.0615766896918701	0.85823799567634	0.998639733078915	9
LTB	0.918584069212896			9
LTB4R	0.445414515306163			9
LTB4R2	-0.475449956581107	0.878451207824313	0.998639733078915	9
LTBP1	0.0703283328806244	0.853630092860657	0.998639733078915	9
LTBP2	-0.311662222436654	0.578825158013043	0.969055975901473	9
LTBP3	-0.461511684439797	0.322759084588918	0.885543112951723	9
LTBP4	-0.0367532489340613	0.937813064728515	0.998639733078915	9
LTBR	-0.233310052023417	0.521773175678901	0.955265900194959	9
LTC4S	-0.94504992091103			9
LTF	1.66441264984944	0.144563619568143	0.711869112393627	9
LTK	3.51787037631594	0.00192431064030955	0.0813275058732935	9
LTN1	0.0281988406178579	0.944652000907214	0.998639733078915	9
LTO1	-0.418023743703785	0.194691589962227	0.773848027749352	9
LTV1	0.101735088518258	0.72189891813265	0.990516044835733	9
LUC7L	-0.179549439474861	0.666806756966322	0.984088154568007	9
LUC7L2	0.00384095230637691	0.996183178939519	0.999620666732609	9
LUC7L3	-0.591245389143022	0.235417562895847	0.813141339593178	9
LUM	0.717378612300544	0.186716995482481	0.765079182510763	9
LURAP1	-0.466759449478166	0.528289468140554	0.957299775766752	9
LURAP1L	-0.0955881734805748	0.865426475138008	0.998639733078915	9
LUZP1	0.579808788457834	0.206805718589474	0.790257822276928	9
LUZP2	2.08206492446874	0.336202349585418	0.89417709589736	9
LVRN	-0.592954802581514	0.680926870066109	0.987076378845579	9
LXN	0.535099254720056	0.274305726643322	0.853352465043075	9
LY6E	0.216946996063154			9
LY6G5B	-1.89158308334902			9
LY6G5C	-0.675721234328463			9
LY6H	-1.85326191931752			9
LY6K	-0.404881685270602	0.802323014472129	0.995590233849494	9
LY75	0.570804066114707	0.426539975585403	0.923596388384353	9
LY86	-0.562093514536897	0.369693858309807	0.90468352826775	9
LY9	-0.728828533062861	0.374117621412067	0.905673456930873	9
LY96	-0.83474906865817	0.0987145325567898	0.611980350722711	9
LYAR	0.315681232002948	0.398164437453891	0.914438028200431	9
LYG1	-0.881915352636077	0.154890121381765	0.727862257442023	9
LYL1	-1.46724823253915	0.0326756493916827	0.36955440424629	9
LYN	1.00834900971127	0.00295877119379449	0.106177144977833	9
LYNX1	-1.27581576895757	0.0431698311041118	0.421169779859745	9
LYPD1	0.737838690522752	0.620674297499198	0.978517513346508	9
LYPD3	-0.104926264503553	0.882591560365595	0.998639733078915	9
LYPD5	-0.0784403046369581	0.913462800187432	0.998639733078915	9
LYPD6	0.645394975171071	0.103841731745079	0.627230504848625	9
LYPD6B	-0.718201071484551	0.519289164323226	0.953758404613893	9
LYPLA1	0.980471229416747	0.0152990740271922	0.249260079156053	9
LYPLA2	-0.00130866962967115	0.997999489959459	0.999620666732609	9
LYPLAL1	-0.722624390679977	0.0881495215801937	0.586114904524883	9
LYRM1	-0.531532196342794	0.110196532094177	0.639391120378205	9
LYRM2	-0.226219568477236	0.322679941289033	0.885543112951723	9
LYRM4	-0.175684819871809	0.554872487917848	0.963018553104686	9
LYRM7	-0.456099181766427	0.276537547916498	0.857340592817907	9
LYRM9	-0.723436888198632	0.212748974519415	0.794171927467666	9
LYSMD1	0.338174331735368	0.208299551911061	0.792178019421267	9
LYSMD2	-1.01044943782747	0.0618594161880227	0.500793671899467	9
LYSMD3	0.0894392154260729	0.817388756489187	0.995966406600323	9
LYSMD4	-0.349856906221419	0.241879851017929	0.824224507214899	9
LYST	-0.26154711916555	0.592255658240527	0.971527934919808	9
LYVE1	1.05218502640131	0.256742282930236	0.840547211401925	9
LYZ	0.845828357489975	0.267170855068094	0.847767249375861	9
LZIC	-0.274408551733695	0.377760726236885	0.905673456930873	9
LZTFL1	0.304056013301805	0.446972329419957	0.932585632008735	9
LZTR1	-0.164502102479366	0.758963244856917	0.991955190535962	9
LZTS1	-0.199039412320775	0.621308081087331	0.978573777801597	9
LZTS2	-0.642537661387966	0.026573637586162	0.335985306646822	9
LZTS3	0.494540380296089	0.267226535238103	0.847767249375861	9
M1AP	1.91601149872463	0.010787578122535	0.210907868432768	9
M6PR	0.180268301834498	0.729114568765734	0.991008075540888	9
MAB21L4	2.50078292630146	0.31481464368591	0.880630245192925	9
MACC1	2.61759295959903	0.0203501120471509	0.293921725956942	9
MACF1	-0.0778156864617024	0.879231955085369	0.998639733078915	9
MACIR	0.166096519132329	0.635581813050019	0.980691547015745	9
MACO1	0.101126849302866	0.651432535221447	0.981292533915803	9
MACROD1	-0.49222449100969	0.357172954230455	0.900466264286207	9
MACROD2	0.388530903378761	0.466491057791083	0.939090560115758	9
MACROH2A1	0.321701661874824	0.277915027722491	0.857504959074348	9
MACROH2A2	0.0923215584679679	0.804569095999773	0.995590233849494	9
MAD1L1	-0.76406040425169	0.507574080690239	0.951538693830295	9
MAD2L1	1.60111703101815	0.0238428341520404	0.317066734160602	9
MAD2L1BP	0.24520815272561	0.535388351516655	0.95784961223136	9
MAD2L2	-0.0282938447705252	0.955089995674377	0.998639733078915	9
MADCAM1	2.13612084977801	0.0176835983614378	0.271613938891992	9
MADD	-0.0180430843704655	0.929808054542042	0.998639733078915	9
MAEA	0.0511223999281286	0.839172398796496	0.998604146933345	9
MAEL	4.27486459197625	0.0463056713028237	0.438433620334176	9
MAF	-0.22362870950688	0.515402639785072	0.953680371468858	9
MAF1	-0.325628229150091	0.348697640748579	0.899092963457163	9
MAFB	-0.521468180541619	0.210338035193315	0.794171927467666	9
MAFF	1.74789546655819	0.0204680722638225	0.295048061217075	9
MAFG	-0.00393267497591906	0.993938508418392	0.999620666732609	9
MAFK	0.33047989202841	0.607377721783303	0.974885729870166	9
MAG	4.4484110484812	0.018700736760531	0.279961029738538	9
MAGEC3	0.158360822422376	0.898824719871563	0.998639733078915	9
MAGED1	0.684700532495608	0.0926783574016444	0.597134431082224	9
MAGED2	-0.0138896029067273	0.966684055181386	0.998639733078915	9
MAGED4	-0.0657085390012133	0.935390274962266	0.998639733078915	9
MAGED4B	0.173294302148965	0.797457795074159	0.995540807940601	9
MAGEE1	-0.376165625642714	0.363883382290615	0.90239123320911	9
MAGEE2	-0.367495260626874	0.812299993208334	0.995936140923453	9
MAGEF1	0.0230144077794265	0.928257856450638	0.998639733078915	9
MAGEH1	0.0484799882156747	0.840963618133844	0.998604146933345	9
MAGEL2	-1.1100172879954			9
MAGI1	0.216317918788848	0.433702336306877	0.926809311141991	9
MAGI2	-0.558220853554673	0.0531765152498605	0.471283724510365	9
MAGI3	0.316149238999371	0.281007812842785	0.861181225180475	9
MAGIX	1.67499540160424	0.00542494914609497	0.143905780812088	9
MAGOH	-0.0109937714256023	0.97852838096654	0.998639733078915	9
MAGOHB	-0.0786990794154306	0.862822924873352	0.998639733078915	9
MAGT1	0.458058776628054	0.171642243552674	0.749226042299155	9
MAIP1	0.181412940760829	0.423132619395893	0.922277664097641	9
MAK	0.835617010021611	0.182777586412509	0.759617216219006	9
MAK16	-0.0250385094586	0.927290001629232	0.998639733078915	9
MAL	-1.7432598802974	0.130731121015993	0.688694531519296	9
MAL2	3.62100213512723	0.00887427861479416	0.18759190619714	9
MALL	1.20147432214183	0.210259043900765	0.794171927467666	9
MALRD1	-0.550208533344178	0.688104388519406	0.989171265391501	9
MALSU1	-0.314445074960766	0.435422121472277	0.927723143050271	9
MALT1	-0.231395154563329	0.508806926649017	0.951538693830295	9
MAMDC2	-1.62194042157529	0.0287956279769316	0.348988736932948	9
MAMDC4	0.0849206175560187	0.879019654236343	0.998639733078915	9
MAML1	-0.449306021167205			9
MAML2	0.0273016692297934	0.954102607307446	0.998639733078915	9
MAML3	-0.346748232738649	0.496079120349246	0.946613606254215	9
MAMLD1	0.309036064217183	0.339676681443981	0.896524077278898	9
MAMSTR	-0.22845606079307	0.729651061849833	0.991008075540888	9
MAN1A1	0.0701288193569209	0.844253122086532	0.998639733078915	9
MAN1A2	0.0828158381428485	0.790684642575511	0.994052363875907	9
MAN1B1	0.0272454968637162	0.937762462226067	0.998639733078915	9
MAN1C1	-0.371404791107185	0.44261188848324	0.93092564012688	9
MAN2A1	0.384612158026792	0.314307100906262	0.880191067440206	9
MAN2A2	-0.262054164255422	0.479660791496361	0.941072442992838	9
MAN2B1	-0.427767596581998	0.437579821232671	0.928941789266548	9
MAN2B2	0.0220398666284984	0.946320179975065	0.998639733078915	9
MAN2C1	-0.461737728415336	0.0515077863408296	0.464364741389655	9
MANBA	-0.0424243166611556	0.8752536845876	0.998639733078915	9
MANBAL	-0.737245322521993	0.105592061126565	0.629246836612525	9
MANEA	-0.0874325788587749	0.878086666392998	0.998639733078915	9
MANEAL	1.60064914269987	0.095900052757322	0.606709473694192	9
MANF	0.439458191248364	0.378024069965141	0.905918955776669	9
MANSC1	-0.0169697911046912			9
MAOA	-0.613189142330776	0.260054761411326	0.842792685728616	9
MAOB	-0.830212465921265	0.187779726545005	0.765131445762577	9
MAP10	-0.238996337083181	0.592210429436927	0.971527934919808	9
MAP1A	-0.425754654055145	0.522487829631366	0.955391092995928	9
MAP1B	0.424031781304515	0.516482587502361	0.953680371468858	9
MAP1LC3A	-0.889310932794911	0.181200420661056	0.758983454819571	9
MAP1LC3B	0.0184336225762632	0.960982525324444	0.998639733078915	9
MAP1LC3B2	-0.804682188973939	0.354539060488085	0.899715225734967	9
MAP1LC3C	-1.16875096013233	0.395326655060758	0.913353694686467	9
MAP1S	-0.671620778791329	0.250196488822315	0.837475673263174	9
MAP2	0.700305089549226	0.127664681319879	0.681300943499864	9
MAP2K1	-0.0858181227478282	0.790181457838215	0.994052363875907	9
MAP2K2	-0.720782013496873	0.119518897216438	0.664739427962262	9
MAP2K3	0.923877840886422	0.00194473211440657	0.0815516782407822	9
MAP2K4	-0.0220264097164148	0.921112898985246	0.998639733078915	9
MAP2K5	-0.28175717276804	0.505891829751066	0.950760358225867	9
MAP2K6	1.75176338810841	0.0141678932466276	0.240105938247381	9
MAP2K7	-0.477570037623875	0.0919397905754016	0.594447327500439	9
MAP3K1	1.18162900205991	0.089273831098763	0.587531020671967	9
MAP3K10	-0.26650913781892	0.485534907099937	0.943768865380848	9
MAP3K11	-0.133620636772344	0.71647483579631	0.989276793964962	9
MAP3K12	-0.127321852975641	0.546595425638397	0.960668683051641	9
MAP3K13	0.259345136795918	0.347708047077122	0.899092963457163	9
MAP3K14	-0.525410388175546	0.23837595510587	0.817568232429493	9
MAP3K15	-0.455279843211291	0.776956470442292	0.992930756580613	9
MAP3K19	3.343050318981	0.00181967784376278	0.0801584865349412	9
MAP3K2	-0.102965789955419	0.778694149353784	0.992930756580613	9
MAP3K20	-0.401735346048127	0.367823998385464	0.902670603071424	9
MAP3K21	1.70836381012631	0.0210588600703834	0.297970280411827	9
MAP3K3	-0.122822726564732	0.78276168941538	0.993751208175834	9
MAP3K4	0.0111190863863736	0.974950423322231	0.998639733078915	9
MAP3K5	0.0547612136670351	0.933960253512241	0.998639733078915	9
MAP3K6	-0.423182534234429	0.398551143583853	0.914438028200431	9
MAP3K7	-0.0105655543097298	0.973808254890307	0.998639733078915	9
MAP3K7CL	-0.134743991552183	0.75751473730287	0.991890138420883	9
MAP3K8	0.827462781610474	0.237432134773663	0.816354815013552	9
MAP3K9	1.17957591435598	0.262820443604366	0.845428833249157	9
MAP4	0.0918513683778995	0.808283317173897	0.995936140923453	9
MAP4K1	0.100792019996195	0.947293869986724	0.998639733078915	9
MAP4K2	-0.586149910298003	0.0450605704240856	0.431908493525927	9
MAP4K3	-0.00585956612864069	0.987590031366698	0.999458538741689	9
MAP4K4	0.247953676667724	0.438410358629708	0.928941789266548	9
MAP4K5	-0.315402137296764	0.500799741455098	0.94888930167018	9
MAP6	-0.748799592918707	0.108852905045499	0.637509636263216	9
MAP6D1	-0.735377619620711	0.380401420201731	0.907021407027033	9
MAP7	0.889338148486131	0.101236832437597	0.619807915226615	9
MAP7D1	-0.210110642285791	0.666749156825933	0.984088154568007	9
MAP7D2	-1.75687173413937	0.0206535489101319	0.296789578836105	9
MAP7D3	-0.451520779393572	0.329159879428979	0.888309445836384	9
MAP9	-0.223473200459804	0.624498764300511	0.978573777801597	9
MAPK1	0.155208550080761	0.698974768791301	0.989276793964962	9
MAPK10	-0.626707434227745	0.284659604672825	0.8612268238133	9
MAPK11	-0.529418637949251	0.283277456592376	0.8612268238133	9
MAPK12	-0.981292670209488	0.0321519369358982	0.367049297069446	9
MAPK13	1.35126118492198	0.00693882277387408	0.164140966290313	9
MAPK14	0.021722442227239	0.955779882947556	0.998639733078915	9
MAPK15	2.95662195755293			9
MAPK1IP1L	0.282288087824089	0.147531882305792	0.716023632026568	9
MAPK3	-0.45685876413139	0.225308170142573	0.808244559806673	9
MAPK4	0.0388883867422916	0.964868459248947	0.998639733078915	9
MAPK6	0.252862491827847	0.561341794132462	0.964946561877165	9
MAPK7	-0.313012169489273	0.207839631893944	0.792178019421267	9
MAPK8	0.270734986375433	0.41660099594034	0.919780432363111	9
MAPK8IP1	0.106234375632374	0.855667923776542	0.998639733078915	9
MAPK8IP2	-0.496021114403563	0.262881820571038	0.845428833249157	9
MAPK8IP3	0.100855215827721	0.704751759179667	0.989276793964962	9
MAPK9	-0.0719704044179191	0.71065590512	0.989276793964962	9
MAPKAP1	0.246036093613939	0.48722977456906	0.944013070233436	9
MAPKAPK2	0.232137754090213	0.538599866698017	0.958979719874913	9
MAPKAPK3	0.119982383707703	0.714617341358138	0.989276793964962	9
MAPKAPK5	-0.12373560719881	0.594305644376971	0.972232047239538	9
MAPKBP1	-0.11854749385746	0.782048068928106	0.993751208175834	9
MAPRE1	0.0204765213547055	0.95699084857545	0.998639733078915	9
MAPRE2	-0.360182558174773	0.427830167595627	0.923608338376662	9
MAPRE3	-0.866184971758002	0.0683016460910064	0.523740570363296	9
MAPT	-0.222004878177022			9
MARCHF1	0.00240955584237	0.99667812302716	0.999620666732609	9
MARCHF10	1.70476986695926	0.0625568833138675	0.501120184198379	9
MARCHF2	-0.53883757873619	0.267664545782221	0.847767249375861	9
MARCHF3	-0.280770700606065	0.708054793887453	0.989276793964962	9
MARCHF5	0.063802408444851	0.835044173270776	0.998369795570889	9
MARCHF6	-0.00647466925558743	0.981804634693821	0.998719468866067	9
MARCHF7	-0.0939653002974693	0.755797790117492	0.991890138420883	9
MARCHF8	-0.238431911793622	0.828593547747699	0.99746225363255	9
MARCHF9	-0.0108354198689422	0.981521351317079	0.998706601419412	9
MARCKS	1.24991808007476	0.00473490026649398	0.132257248881491	9
MARCKSL1	0.843344335330309	0.150206585162871	0.721659461536377	9
MARF1	-0.178084917296995			9
MARK1	0.456485310187454	0.0989941602354864	0.612684611839	9
MARK2	0.289004537477201	0.206614364135794	0.790112598188719	9
MARK3	0.0139040227370381	0.962873144061092	0.998639733078915	9
MARK4	-0.0851149918331934	0.795057515844721	0.994714385280344	9
MARS1	-0.0120539807620241	0.96985942742985	0.998639733078915	9
MARS2	0.86420931642584	0.0910985842155524	0.592381586610471	9
MARVELD1	-0.335649780366279	0.439326062895794	0.929067623840231	9
MARVELD2	5.13028978603626	0.00190315607037973	0.0813275058732935	9
MARVELD3	2.70058368321254	0.0152206484956043	0.249082031533942	9
MAS1	-0.15850707902468	0.911688131181558	0.998639733078915	9
MASP1	-1.39873539172928	0.0489029567922843	0.451442492314514	9
MASP2	-0.35361542750184	0.684562688730976	0.987791568077004	9
MAST1	-0.475417127395454	0.588542390517796	0.971161794932015	9
MAST2	-0.248199875762278	0.457087267162389	0.936230722336266	9
MAST3	-0.00443167471039491	0.990269600257475	0.999458538741689	9
MAST4	-0.164336071628711	0.749038847117384	0.991008075540888	9
MASTL	0.421606535156019	0.17484729414498	0.751250158017082	9
MAT1A	1.90943394022766	0.0547462041084449	0.474755607289807	9
MAT2A	0.573801839979191	0.309989889613361	0.877414131632904	9
MAT2B	-0.114644001768136	0.688744503162566	0.989171265391501	9
MATK	-0.988250676110758	0.281616250852731	0.8612268238133	9
MATN1	1.68185668543192	0.0370568757578674	0.395468924362961	9
MATN2	-0.932206181485922	0.207458741180951	0.791905476744769	9
MATN3	-0.473086555178879	0.527219582067045	0.957268202462574	9
MATR3	-0.0343985749443947	0.971434965333077	0.998639733078915	9
MAU2	-0.0984308217660811	0.699738016981306	0.989276793964962	9
MAVS	-0.0169494218063449	0.957693143415672	0.998639733078915	9
MAX	-0.0839386450678796	0.727317889620078	0.991008075540888	9
MAZ	-0.129333443123908	0.885335238746416	0.998639733078915	9
MB	0.611921602211558	0.564325670226841	0.965041713262426	9
MB21D2	-0.043263769691852	0.931499099981554	0.998639733078915	9
MBD1	-0.0926084447130627	0.6125248854836	0.975769461971015	9
MBD2	-0.0604919139235002	0.80660429490077	0.995590233849494	9
MBD3	-0.354066444447523	0.523704650667902	0.955391092995928	9
MBD4	0.0497046910019538	0.86378251930344	0.998639733078915	9
MBD5	0.181118568417784	0.594843544828464	0.972236092783093	9
MBD6	-0.394959608105292	0.241571063598306	0.824224507214899	9
MBIP	0.0762004751123366	0.843296301850806	0.998639733078915	9
MBLAC1	-0.751013578518321	0.181173561498969	0.758983454819571	9
MBLAC2	-0.522539375711172	0.264102568073849	0.84593551057786	9
MBNL1	-0.492359560171181	0.330955732847484	0.889730147622575	9
MBNL2	-0.32249525407251	0.464516971835434	0.938378954600087	9
MBNL3	-0.571264792384992	0.377606537714581	0.905673456930873	9
MBOAT1	0.660560297620995	0.150833863667816	0.72170459047022	9
MBOAT2	-0.412357612436487	0.143302839795035	0.711501250660784	9
MBOAT7	0.235108829881942			9
MBP	-0.676381889317352	0.168269384479705	0.745669283790131	9
MBTD1	0.260671646485816	0.604472248957002	0.97426949205076	9
MBTPS1	0.41180650983715	0.154070119368871	0.727055317136799	9
MBTPS2	-0.0726201257907323	0.837614241391176	0.998604146933345	9
MC1R	-0.935853655995399	0.223105856164967	0.804675733687031	9
MCAM	-0.0824560280093437	0.91162825629841	0.998639733078915	9
MCAT	-0.1778408925321	0.664829367695293	0.983884316666505	9
MCC	-0.0510791761891345	0.907227617115046	0.998639733078915	9
MCCC1	0.0949383210365927	0.811449245522524	0.995936140923453	9
MCCC2	0.94918434752729	0.0462264616890807	0.437964570598537	9
MCEE	-0.0176340865688096	0.970180223758456	0.998639733078915	9
MCF2	-2.70534849596189	0.0561398711069059	0.47876216873079	9
MCF2L	0.0690701508940499	0.865865829425841	0.998639733078915	9
MCF2L2	-0.131587103103847	0.846256111646537	0.998639733078915	9
MCFD2	-0.15726853534343	0.675786440033039	0.985298616459508	9
MCHR1	-0.139954367741042	0.922327384298946	0.998639733078915	9
MCIDAS	4.58177925176356	0.041113648448586	0.412561906695838	9
MCL1	1.56868190176007	0.0114154507134051	0.215423851304448	9
MCM10	2.47870469271583	0.0503889464747147	0.456593762377694	9
MCM2	1.47798257492093	0.0853791413910711	0.578812849570433	9
MCM3	0.239575519324759	0.48534260509976	0.943768865380848	9
MCM3AP	0.151368332389171	0.743422687635138	0.991008075540888	9
MCM4	1.22268604903147	0.0296074911700731	0.35387544709429	9
MCM5	0.223638017777652	0.592808748097713	0.971527934919808	9
MCM6	0.414211553679398	0.353364796653791	0.899715225734967	9
MCM7	0.111685234929849	0.794126887478312	0.994714385280344	9
MCM8	0.195496306707134	0.709244248028376	0.989276793964962	9
MCM9	0.0564196685881404	0.898268073043192	0.998639733078915	9
MCMBP	-0.048187981825381	0.886390870981471	0.998639733078915	9
MCMDC2	0.407623407510362	0.572077074140474	0.967095572213435	9
MCOLN1	-0.687696655524814	0.100216764326705	0.616374857594373	9
MCOLN2	-0.267619983272155	0.736914170250961	0.991008075540888	9
MCOLN3	-0.242555470462418	0.6239629666108	0.978573777801597	9
MCPH1	0.20191487999144	0.514404306016163	0.953080823824775	9
MCRIP1	-0.214744000866254			9
MCRIP2	-0.357326584435915	0.588581388161612	0.971161794932015	9
MCRS1	-0.308518719211295	0.299884301167747	0.874342355309609	9
MCTP1	0.785315556898362	0.31850688103164	0.883125763337951	9
MCTP2	-0.0920851029554618	0.850214286129875	0.998639733078915	9
MCTS1	-0.782286166592815			9
MCU	-0.107628589113093	0.667877790314796	0.984377839524384	9
MCUB	-0.521393087869906	0.177461566513886	0.752516570902464	9
MCUR1	-0.547145617357624	0.0698381127981417	0.529173808342532	9
MDC1	-0.378155174187517			9
MDFI	0.3361557399202	0.433966090543718	0.926809311141991	9
MDFIC	-0.152342016914517	0.737727183957554	0.991008075540888	9
MDGA1	-0.62938847878459	0.141717375452059	0.707926593299888	9
MDH1	-0.0945544748284629	0.790378847575941	0.994052363875907	9
MDH1B	-0.0603612652929124	0.931631957475583	0.998639733078915	9
MDH2	-0.0020004214725741	0.995213603945575	0.999620666732609	9
MDK	0.3845904214074	0.566465024597911	0.965061168919095	9
MDM1	-0.292898919912747	0.438513847302349	0.928941789266548	9
MDM2	1.22003296918025	0.0278225705230554	0.346166670193768	9
MDM4	0.114987135534556	0.74269840766318	0.991008075540888	9
MDN1	0.0865943267647813	0.800466002447827	0.995590233849494	9
ME1	0.127343806786419	0.79103703518593	0.994052363875907	9
ME2	0.125614437625832	0.669451819924783	0.984493894849006	9
ME3	-0.508264600873675	0.213566023948577	0.795103514581832	9
MEA1	-0.357895669822193	0.379554506541688	0.906881065731184	9
MEAF6	-0.00731376566539009	0.976469608150746	0.998639733078915	9
MEAK7	0.427918658203427	0.104490422791419	0.628298316800495	9
MECOM	1.97805599940883	0.00588670722852428	0.150595641941503	9
MECP2	-0.374883432689673	0.287123929393082	0.862232237237917	9
MECR	-0.0444584784043555	0.912626864262148	0.998639733078915	9
MED1	0.317362324286965	0.504643544088007	0.950692608662357	9
MED10	-0.249225119090871	0.334085928368169	0.892568758125346	9
MED11	-0.394979805494512	0.357434142267155	0.900578579257948	9
MED12	-0.157680078647488	0.532712116840812	0.95784961223136	9
MED12L	0.423938874855583	0.641769403309934	0.980691547015745	9
MED13	0.135062584065097	0.703626851751149	0.989276793964962	9
MED13L	-0.0691886103953185	0.889657145335689	0.998639733078915	9
MED14	0.313435142945527	0.408349383790343	0.915271886809331	9
MED15	-0.398880176151258	0.193208917085312	0.772407629752441	9
MED16	-0.478396315593316	0.231292705369536	0.808244559806673	9
MED17	0.033312725080877	0.952043137306706	0.998639733078915	9
MED18	-0.077480185841671			9
MED19	-0.173626616671819	0.610556300046862	0.975328830748679	9
MED20	0.370657617536827	0.173379790494446	0.750117028501308	9
MED21	-0.237157121041286	0.241174169315395	0.823633020149649	9
MED22	-1.92633503219105			9
MED23	0.180403880615023	0.703844924369634	0.989276793964962	9
MED24	0.476717975465694	0.161258152564095	0.737655789022242	9
MED25	-0.432274284876561	0.208566175559528	0.792492332025996	9
MED26	0.0422603061888478	0.916852538239373	0.998639733078915	9
MED27	-0.29651287083586	0.417832679531309	0.919780432363111	9
MED28	-0.0712755861997118	0.819728003806303	0.995966406600323	9
MED29	-0.126477588848832	0.613538025310072	0.975911270057349	9
MED30	-0.205126172224782	0.4426642549997	0.93092564012688	9
MED31	-0.354384820621892	0.675845030258961	0.985298616459508	9
MED4	-0.0540683256838505	0.869598391491615	0.998639733078915	9
MED6	-0.108008851676877	0.659589362130445	0.982975949819678	9
MED7	-0.147531544537596	0.644682689970543	0.980691547015745	9
MED8	-0.0162042800730141	0.946061479760737	0.998639733078915	9
MED9	-0.227924415284518	0.356979676255851	0.900440362476524	9
MEDAG	-0.670997062865673	0.542327173877735	0.959543069141869	9
MEF2A	-0.178315808132294	0.750149277945302	0.991008075540888	9
MEF2C	-0.661161474805576	0.0979261809249377	0.611794745383946	9
MEF2D	-0.126361874446977	0.816689221887862	0.995966406600323	9
MEGF10	-2.41127211853965	0.000764692064901847	0.0501726725830077	9
MEGF11	0.727225203714631	0.428926589509076	0.924317015813788	9
MEGF6	0.792824429918612	0.143876730180467	0.711869112393627	9
MEGF8	0.124177893506252	0.687739581782796	0.989171265391501	9
MEGF9	0.933725692274033	0.0659706043273486	0.513874454077041	9
MEI1	-0.255098466771693	0.765550571472655	0.992930756580613	9
MEIOC	-0.0290530795484716	0.977130329215243	0.998639733078915	9
MEIS1	-0.604707478705686	0.106637982064665	0.632609602312204	9
MEIS2	-1.1220814879812	0.0867058139802912	0.582021155144647	9
MEIS3	-0.753840732610109	0.0500489461151567	0.456593762377694	9
MELK	4.03887437769277	0.0014400195910074	0.0708537639428676	9
MELTF	-1.87453282980502	0.00681192917970097	0.162440850761819	9
MEMO1	0.0797637994427383	0.876131859563311	0.998639733078915	9
MEN1	-0.0187669170387071	0.960625234195027	0.998639733078915	9
MEOX1	1.53597381193513	0.0821892669406851	0.571022999341938	9
MEOX2	-0.896704659912424	0.449704293706102	0.932585632008735	9
MEPCE	-0.506319930999789	0.0539781100371239	0.472692722723396	9
MERTK	-0.549452412575392	0.0209207733504394	0.297428100321628	9
MESD	0.156255463439526	0.579269295383643	0.969055975901473	9
MEST	2.33939871114973	0.00177580192307691	0.0791579042747248	9
MET	1.09154712956701	0.00651947839742452	0.159064496899807	9
METAP1	0.412256528928636	0.201463956958796	0.785475295475117	9
METAP1D	0.362353206033761	0.334780318421545	0.892969331445685	9
METAP2	-0.265035918730592	0.388912673228383	0.911850347346707	9
METRN	-1.43317748603931	0.0371447201463236	0.395468924362961	9
METRNL	0.471863604462709			9
METTL1	-0.0644829345539357	0.902530392927012	0.998639733078915	9
METTL14	-0.214607597392012	0.577272203344086	0.968502424036797	9
METTL15	0.212546672906803	0.432955216319948	0.926809311141991	9
METTL16	-0.394511010271494	0.226918995305034	0.808244559806673	9
METTL17	-0.0771023789969678	0.851667494355542	0.998639733078915	9
METTL18	-0.279171478023901	0.538328482540334	0.958979719874913	9
METTL21A	0.368030481109809	0.392365377038316	0.912807186165296	9
METTL21C	-0.619694909456885	0.606961701356348	0.974885729870166	9
METTL22	-0.344765211482391	0.229281264768379	0.808244559806673	9
METTL23	-0.296814526760689	0.355195150163765	0.899926179335231	9
METTL24	-0.360914935203488	0.385341960242188	0.910863010956818	9
METTL25	0.364841940377428	0.417285525823285	0.919780432363111	9
METTL26	-0.708684894728822	0.222227296403972	0.803797383538111	9
METTL27	-1.53996266011733	0.0334061387212838	0.372229169516353	9
METTL2A	0.403203504503572	0.270130805129509	0.849719278000843	9
METTL2B	0.526850060335584	0.146040072755523	0.714043562088201	9
METTL3	-0.0439790602237378	0.893201901145567	0.998639733078915	9
METTL4	0.0354940946705332	0.902816052071237	0.998639733078915	9
METTL5	-0.0832749704858338	0.837748879404586	0.998604146933345	9
METTL6	-0.0142631276349898	0.963707922351629	0.998639733078915	9
TMT1A	-0.521422176826634	0.0754278494757336	0.545965214412317	9
TMT1B	1.78005767942048	0.0985636937670216	0.611980350722711	9
METTL8	0.0432126754502848	0.860886599490367	0.998639733078915	9
METTL9	-0.391508673154764			9
MEX3A	1.2910261059293	0.0783007019152342	0.556742129562029	9
MEX3B	0.283191714623744	0.7044783112076	0.989276793964962	9
MEX3C	0.888509808396363	0.00356993648623606	0.114805735236014	9
MEX3D	0.985677640044394	0.0235244199798839	0.314817736466968	9
MFAP1	-0.0429532732953267	0.904337085290691	0.998639733078915	9
MFAP2	0.0606868917258514	0.908185000978722	0.998639733078915	9
MFAP3	0.638654639530635	0.0286815097075673	0.348737862268041	9
MFAP3L	2.2941401680061	0.00080927852681615	0.0509101684117623	9
MFAP4	-0.696994362867484	0.189253882563597	0.765938627234022	9
MFAP5	-0.0551941664127269	0.972517015636508	0.998639733078915	9
MFF	-0.191805955210085	0.358976490632801	0.900912798310158	9
MFGE8	-1.10802436214932	0.0608078264234826	0.497276634812758	9
MFHAS1	0.547720407791629			9
MFN1	0.0538445391106953	0.87881308720178	0.998639733078915	9
MFN2	0.149741617293597	0.702557190474347	0.989276793964962	9
MFNG	0.176415450652652	0.634755100181669	0.9806316645278	9
MFSD1	-0.0894215228866183	0.693117023611532	0.989171265391501	9
SLC75A1	-0.107237901866154	0.825383596603115	0.997459757021024	9
MFSD11	-0.0884898193571306	0.751865250206817	0.991008075540888	9
MFSD12	0.133240740885208	0.791074792908251	0.994052363875907	9
SLC68A1	-0.565083773039107	0.153017016631881	0.724086010296911	9
SLC71A1	0.674731808246836	0.682211280527847	0.987306006486237	9
SLC71A2	0.474427758348338	0.157364116791821	0.730493083766552	9
MFSD2A	3.97765253952661	3.31739486653989e-06	0.00244840328124977	9
MFSD2B	-2.35265738837405	0.00123651378764047	0.0642682395047921	9
SLC33A2	0.12402844052781	0.787175237799643	0.994052363875907	9
SLC60A1	-0.212171782888126	0.731867694781638	0.991008075540888	9
SLC60A2	1.20910025443665	0.0675201973857223	0.519637973728179	9
SLC61A1	-0.144080946353031	0.62791904465891	0.979047032739808	9
MFSD6	0.274672494575082	0.487973129065751	0.944528359163539	9
MFSD6L	2.59270386770213	0.0753919567440865	0.545965214412317	9
MFSD8	-0.426801828842641	0.263155652156235	0.845428833249157	9
SLC67A2	0.78490061123339	0.0707848989701393	0.530657428609429	9
MGA	0.0663459327273316	0.851578358938491	0.998639733078915	9
MGARP	-0.532611068253338	0.4859535740829	0.943977712144114	9
MGAT1	0.0574615037195437	0.862474929194275	0.998639733078915	9
MGAT2	0.708375002430778	0.687142625574035	0.989171265391501	9
MGAT3	0.351764250483309	0.473539874124565	0.939899973963271	9
MGAT4A	-0.1323457605072	0.801254340324528	0.995590233849494	9
MGAT4B	0.159036461020507			9
MGAT4C	-3.87676480971056	0.00152986939551352	0.0727734371605718	9
MGAT5	0.720097906281777	0.0853977643857108	0.578812849570433	9
MGAT5B	-0.137340365885352	0.852828952977986	0.998639733078915	9
MGLL	1.16646080049759	0.0108503782090352	0.211026453687766	9
MGME1	0.536156867345237	0.188234320778539	0.765189948662975	9
MGMT	-0.482605058640069	0.3317471857572	0.890518010101223	9
MGP	-0.999825820573075	0.15291268348512	0.724086010296911	9
MGRN1	0.122228393702992	0.716516537191418	0.989276793964962	9
MGST1	0.0843776172317176	0.916580141330222	0.998639733078915	9
MGST2	0.498551039909341	0.184759015240361	0.763526040916898	9
MGST3	-0.545259195704913	0.0978267061185226	0.611794745383946	9
MIA2	0.850215384809515	0.0125880190171704	0.226912456726265	9
MIA3	-0.0484138212437141	0.873390271604983	0.998639733078915	9
MIB1	-0.0638259203846767	0.882011565468142	0.998639733078915	9
MIB2	-0.581277531433157	0.11234413763563	0.644549059040515	9
MICA	-0.166710082088892			9
MICAL1	-0.66880713203348	0.165618884017778	0.742393060123421	9
MICAL2	-0.26445762743306	0.755660034551006	0.991890138420883	9
MICAL3	-0.100702576993331	0.874253279660127	0.998639733078915	9
MICALL1	0.126929803139866	0.842360333408445	0.998639733078915	9
MICALL2	0.042539675712507	0.927689244526445	0.998639733078915	9
MICB	-0.183384781578896			9
MICOS10	-0.724195731940773	0.0605100102854555	0.495169306792222	9
MICOS13	-0.851026565964473	0.200646530763559	0.783944796347509	9
MICU1	-0.336722400027787	0.269961040835757	0.84965776626367	9
MICU2	-0.0717214277979741	0.839981195551961	0.998604146933345	9
MICU3	-0.0886140001310609	0.876284180180831	0.998639733078915	9
MID1	0.0170276836387802	0.963802534824629	0.998639733078915	9
MID1IP1	0.624600588728485	0.0458554102277352	0.436409871290522	9
MID2	-0.21248651620257	0.69539736619513	0.989276793964962	9
MIDEAS	0.855254833312546	0.111519874941379	0.644283708027277	9
MIDN	1.67569378160804	0.000941719714523243	0.0542997058831156	9
MIEF1	0.161625220871079	0.801124511953857	0.995590233849494	9
MIEF2	-0.631312032573169			9
MIEN1	-0.728617373421127	0.202965583643865	0.787490896356019	9
MIER1	-0.286246982340927	0.316909360978375	0.882121038171662	9
MIER2	-0.332663499406883	0.424973445429437	0.922776261839354	9
MIER3	-0.0952700087848364	0.759345192026335	0.991955190535962	9
MIF4GD	-0.407327645699794	0.267005744289374	0.847767249375861	9
MIGA1	-0.306393159395388	0.393665544441718	0.912945341948813	9
MIGA2	-0.227976665984494	0.377147965430335	0.905673456930873	9
MIIP	-0.65886104958517	0.189193444478331	0.765938627234022	9
MILR1	-0.272023055808353	0.718076047476685	0.989276793964962	9
MINAR1	0.51243757857808	0.35367004678716	0.899715225734967	9
MINAR2	0.0416408954832109	0.971691873698524	0.998639733078915	9
MINDY1	-0.187620179446976	0.640341189458627	0.980691547015745	9
MINDY2	0.159635505161428	0.671503235171655	0.985298616459508	9
MINDY3	-0.154156027286288	0.61576910232789	0.977025239540628	9
MINDY4	1.26525879877654			9
MINK1	0.129114391901563	0.589088099512296	0.971161794932015	9
MINPP1	0.216869466602178	0.564471158865165	0.965041713262426	9
MIOS	0.212772657688746	0.347211216351572	0.899092963457163	9
MIPEP	0.198772599634981	0.576015206762247	0.968284112085412	9
MIPOL1	0.048588010439376	0.91570363406843	0.998639733078915	9
MIS12	-0.029821397916756	0.903309916365447	0.998639733078915	9
MIS18A	0.586159493295536	0.290397624508568	0.866062063599779	9
MIS18BP1	0.169884174415852	0.722575465524337	0.990516044835733	9
MISP	1.96167407956347	0.087363202202192	0.584043581388839	9
MISP3	0.811411992085433			9
MITD1	-0.0989468086557341	0.836137477811181	0.998604146933345	9
MITF	-1.02111778501598	0.0649000943433358	0.509569304575521	9
MIX23	0.245051748821781	0.574459254993735	0.968284112085412	9
MIXL1	0.930798176947553	0.546999657088014	0.960668683051641	9
MKI67	3.67370611449257	0.000122453818466054	0.0186078040643192	9
MKKS	-0.170196550549711	0.555196456991068	0.963241055670563	9
MKLN1	-0.0674309778626332	0.877227189803164	0.998639733078915	9
MKNK1	-0.0904406179098687	0.760516092501034	0.991955190535962	9
MKNK2	0.241228152976316	0.37181334034183	0.905666124882138	9
MKRN1	0.277637656160009	0.390736429128859	0.912807186165296	9
MKRN2	-0.013596606330108	0.959836604141904	0.998639733078915	9
MKRN2OS	0.285415533891285	0.63021368539752	0.979238377916278	9
MKS1	0.159649965810392	0.591193832044875	0.971187979266693	9
MKX	-1.02074374157714	0.303575694846823	0.875040193640685	9
MLC1	-1.06814761442452	0.406606971704717	0.915238409840383	9
MLEC	0.546490757077895	0.141842706623675	0.707926593299888	9
MLF1	0.385129614622048	0.373633528948735	0.905673456930873	9
MLF2	-0.279050509304873	0.438688560853566	0.928941789266548	9
MLH1	0.17698622078385	0.495094720930526	0.946469261729944	9
MLH3	-0.29022475812726	0.404729662407913	0.915238409840383	9
MLKL	0.125131889479986	0.767818103301178	0.992930756580613	9
MLLT1	-0.272966457643478	0.328746625420147	0.888271817284787	9
MLLT10	-0.0146455881473623	0.977548788319196	0.998639733078915	9
MLLT11	-0.443571526316652	0.476331134258156	0.940744430396661	9
MLLT3	0.00277611390921619	0.992581664795794	0.999620666732609	9
MLLT6	0.424782600785804			9
MLPH	-0.338410239941619	0.55469921873397	0.962944274695065	9
MLST8	-0.198720647991695	0.527421583860153	0.957268202462574	9
MLX	0.359716403901608	0.237034746617467	0.816128387136306	9
MLXIP	-0.276186939954464	0.584541474784105	0.971161794932015	9
MLXIPL	0.309365818109103	0.796779396817904	0.995283124010246	9
MLYCD	0.151906322614214	0.646137599417749	0.980691547015745	9
MMAA	-0.162488196381656	0.608101212785889	0.975199423069832	9
MMAB	-0.253079931048007	0.426061842186963	0.923242529682058	9
MMACHC	0.362038167787482	0.434472700918454	0.927172406860967	9
MMADHC	-0.252369782919492	0.291243182076701	0.866742058595601	9
MMD	0.578032433291736	0.297576197752611	0.87235962611909	9
MME	-0.927300508560418	0.3357443657749	0.893441965603623	9
MMGT1	-0.102868954315945	0.758583440738244	0.991955190535962	9
MMP1	-0.388510384952923	0.852722322643735	0.998639733078915	9
MMP10	3.38394392371052	0.18692188499236	0.765079182510763	9
MMP11	3.03843184786647			9
MMP12	1.99198362529344			9
MMP14	0.0883796431382431	0.826483789080831	0.99746225363255	9
MMP15	0.942686514597216	0.0253571286697003	0.328174406620457	9
MMP16	1.88063642215074	0.000128581804387275	0.0186078040643192	9
MMP17	-0.499126389847494	0.404047008669419	0.915238409840383	9
MMP19	-0.726171176415184	0.122705820059317	0.672991958789044	9
MMP2	-0.677378536894761	0.220554341844702	0.801618778727869	9
MMP21	0.538020699294914	0.631784996208002	0.979380833016394	9
MMP23B	-0.659932677982489	0.576601676392573	0.968284112085412	9
MMP24	-0.194659064086554	0.75952647154788	0.991955190535962	9
MMP24OS	-0.532522423527361	0.389319002934034	0.911850347346707	9
MMP25	0.151785000758016	0.816637132583511	0.995966406600323	9
MMP26	8.66334623238771	0.000325075088195866	0.0307591883131999	9
MMP27	3.61311429779958	0.11289759695327	0.645363401857339	9
MMP28	-1.61783850412673			9
MMP3	-0.0939278230135336	0.955329159529203	0.998639733078915	9
MMP7	1.0873981478423			9
MMP8	4.47852267266404	0.113132440527457	0.645574325936278	9
MMP9	0.412568236348571	0.666842824387874	0.984088154568007	9
MMRN1	-0.242734532980141	0.743750471398806	0.991008075540888	9
MMRN2	-0.245168474489487	0.681224594743104	0.987193819262023	9
MMS19	-0.507068312283082	0.0313465366050569	0.364040373732223	9
MMS22L	0.777104324480405	0.180600097999772	0.757986365247268	9
MMUT	-0.125661029925445	0.72524176098833	0.990984782893948	9
MN1	1.86734154478395	0.0062982270769241	0.15582354194672	9
MNAT1	0.236273895206615	0.513076563824466	0.952606851221223	9
MND1	1.97539440292597	0.234477275966799	0.812469265386365	9
MNDA	0.237630258283642	0.624941214079029	0.978573777801597	9
MNS1	1.45053615991146	0.0863648308672709	0.581644362710602	9
MNT	0.161754852404193	0.697571968012047	0.989276793964962	9
MOAP1	0.320679826012924			9
MOB1A	-0.0681768560126588	0.728927611760473	0.991008075540888	9
MOB1B	0.105978513966957	0.793077049184633	0.994276399100931	9
MOB2	-0.342112481238267	0.501350660382272	0.949348943915356	9
MOB3A	-0.687819479857766	0.223595010993836	0.805586028137664	9
MOB3B	-0.458926261691291	0.447930656644535	0.932585632008735	9
MOB3C	-0.230955165599453	0.528066863268444	0.957299775766752	9
MOB4	-0.623193205321749			9
MOBP	1.37491084407822	0.227502062056349	0.808244559806673	9
MOCOS	1.97907416513384	0.0123048333915222	0.223912192681113	9
MOCS1	-0.577699003751466	0.156791106483296	0.7292143264838	9
MOCS2	-0.400901520859796	0.14128836669407	0.707926593299888	9
MOCS3	-0.125449862297292	0.761650960810397	0.992004541019998	9
MOGAT1	3.5915374900752	0.122866744452375	0.672991958789044	9
MOGS	-0.0600843120581381	0.855312109425078	0.998639733078915	9
MOK	0.25289979622559	0.590450871642409	0.971187979266693	9
MON1A	-0.352939682471206	0.460606299936517	0.937747940696302	9
MON1B	-0.0343244315717276	0.914633816192154	0.998639733078915	9
MON2	0.216962031697826	0.468443085427482	0.939188868595478	9
MORC2	0.123484954411118	0.59806342775767	0.973383517777009	9
MORC3	0.0526594307629396	0.917449723442241	0.998639733078915	9
MORC4	0.104340157921953	0.792161989889958	0.994052363875907	9
MORF4L1	-0.0858482549638083	0.728966623994584	0.991008075540888	9
MORF4L2	-0.472017285697907	0.298026719882456	0.872623970344438	9
MORN1	-0.234034828967571	0.482388412454237	0.94271760619919	9
MORN2	0.416215286474053	0.465775514239737	0.939056634854966	9
MORN3	2.11230394938908	0.13028013783665	0.687475651312875	9
MORN4	-0.12454433054265	0.736519109148948	0.991008075540888	9
MORN5	0.261107389905825	0.814006955810595	0.995936140923453	9
MOSMO	-0.373878967988752			9
MOSPD1	-0.119323758764071	0.79158128275661	0.994052363875907	9
MOSPD2	-0.160300761283448	0.707149071045179	0.989276793964962	9
MOSPD3	-0.578061109329818	0.188079300229352	0.765189948662975	9
MOV10	-0.0492319481204758	0.875379038290518	0.998639733078915	9
MOV10L1	-1.15094844711232	0.132741028835239	0.692218204569389	9
MOXD1	-0.804397878443479	0.0541720360479471	0.473716483473784	9
MPC1	-0.449058061933214	0.21654532141309	0.798889791784458	9
MPC2	-0.00683061392424108	0.983770817042844	0.999263264585425	9
MPDU1	0.49160218549475	0.335636397175277	0.893441965603623	9
MPDZ	-0.305491007606865	0.624732566818821	0.978573777801597	9
MPEG1	0.454559252050771	0.367400716218727	0.902407687792826	9
MPG	-0.179370019123111	0.644202971592288	0.980691547015745	9
MPHOSPH10	0.0324445798246352	0.945419729143444	0.998639733078915	9
MPHOSPH6	-0.549267567935111	0.199034367580521	0.780997970767379	9
MPHOSPH8	-0.242555028455554	0.531481719161133	0.957666217839047	9
MPHOSPH9	0.315018804960402	0.404023753832457	0.915238409840383	9
MPI	0.156981975096639	0.548548313921207	0.961089318650903	9
MPL	-0.881536195078663	0.195027501791089	0.774495817578225	9
MPLKIP	0.276483182510754	0.427551568129153	0.923608338376662	9
MPND	-0.155830381977975	0.820794356244124	0.996019784191563	9
MPP1	-0.504164993431449	0.271395091019789	0.850385100220023	9
MPP2	-0.693202610727199	0.340683328825768	0.897203678286737	9
MPP3	0.0019534860099705	0.996626712707464	0.999620666732609	9
MPP4	-0.114810085251287	0.925296896171416	0.998639733078915	9
MPP7	-0.523074635731929	0.432956490774781	0.926809311141991	9
MPPE1	-0.0069127196964465	0.987936860137816	0.999458538741689	9
MPPED1	-0.818939155617165	0.480475344871401	0.941122155738687	9
MPPED2	0.0754429965166094	0.915955207157061	0.998639733078915	9
MPRIP	-0.0323705283426799	0.936120911683265	0.998639733078915	9
MPST	0.692061919413075	0.183605790246124	0.760652559591083	9
MPV17	-0.223945538807852	0.304186268851459	0.875053234265414	9
MPV17L	-1.0839909775191	0.27686431891824	0.857480226675461	9
MPV17L2	-0.177652911050441	0.744391197786781	0.991008075540888	9
MPZ	-0.732407893744425	0.156021130373237	0.728023382374641	9
MPZL1	-0.0280931930853106	0.929109594735217	0.998639733078915	9
MPZL2	1.50191387436586	1.22900671192992e-05	0.00465163283969168	9
MPZL3	0.739931882682863	0.201354562490644	0.785463714832029	9
MR1	0.189179059639352	0.530076402365539	0.957299775766752	9
MRAP2	3.37572500461133	0.000272122538699884	0.0275123342037602	9
MRAS	-0.0690042827742507	0.883774483436168	0.998639733078915	9
MRC1	0.572296575763549	0.431640650378247	0.925409969532796	9
MRC2	-0.0847660689159509	0.766193034987091	0.992930756580613	9
MRE11	0.19153640001085	0.510467744201703	0.951538693830295	9
MREG	1.70157872981496	0.0389849920761884	0.40302838747555	9
MRFAP1	-0.0158880924604976	0.934484269427171	0.998639733078915	9
MRFAP1L1	-0.229470706057399	0.294574354850916	0.869965782411697	9
MRGBP	-0.162579357202837	0.58029340928651	0.969055975901473	9
MRGPRE	-0.265606312531455	0.772599678450446	0.992930756580613	9
MRGPRF	-0.729481135989377	0.344095991305623	0.899092963457163	9
MRI1	-0.160260139247571	0.770577804047134	0.992930756580613	9
MRM1	-0.261359234323851			9
MRM2	-0.15440765897924	0.9121573043339	0.998639733078915	9
MRM3	-0.358147520490269	0.353940283024728	0.899715225734967	9
MRNIP	-0.535433544953724			9
MRO	0.982813085061691	0.488170626674965	0.944556277975341	9
MROH1	0.00977018386507064	0.970916589846664	0.998639733078915	9
MROH6	0.204127961483606	0.846444446231026	0.998639733078915	9
MROH7	0.406420299645911	0.667462377936518	0.984282363239639	9
MROH8	-0.488291310163944	0.312345728226979	0.878197198925416	9
MROH9	5.4352938359932	0.00757307831743202	0.171714606825828	9
MRPL1	0.257790194937584	0.618772252302635	0.977597903910864	9
MRPL10	-0.436088104050601	0.136663566945751	0.700497286672099	9
MRPL11	-0.12494357697681	0.749379919690319	0.991008075540888	9
MRPL12	-0.397215313801502	0.70432803690218	0.989276793964962	9
MRPL13	-0.106081548481205	0.795754761331945	0.994714385280344	9
MRPL14	-0.430141723099728	0.394982503927742	0.913353694686467	9
MRPL15	-0.0707204497651375	0.862857828500327	0.998639733078915	9
MRPL16	-0.193881352559931	0.579157843024982	0.969055975901473	9
MRPL17	-0.148932809471731	0.769056124416334	0.992930756580613	9
MRPL18	-0.343000344141726	0.417548196294558	0.919780432363111	9
MRPL19	0.142246708240066	0.744307390221436	0.991008075540888	9
MRPL2	-0.790283066592381	0.443680231586308	0.931999985547957	9
MRPL20	-0.255608837851885	0.470765808223085	0.939528895871055	9
MRPL21	-0.747785109227212	0.113645326135096	0.647190840694503	9
MRPL22	-0.434205730884248	0.344802503564928	0.899092963457163	9
MRPL23	0.0345940725500251			9
MRPL24	-0.424691931891424	0.342846164423828	0.899092963457163	9
MRPL27	-0.52764096661699	0.293570847925937	0.869287720408175	9
MRPL28	-0.269396033037997	0.532392023363601	0.95784961223136	9
MRPL3	0.186886079093835	0.452483671855439	0.933488676486113	9
MRPL30	0.210637693484795	0.499045913547386	0.948602871172571	9
MRPL32	0.0827244991075329	0.812325212972691	0.995936140923453	9
MRPL33	-0.280741826296544	0.423674569986767	0.922534345415942	9
MRPL34	-0.349848421481332	0.381400786232556	0.907706006085918	9
MRPL35	-0.11323318383581	0.615663012892322	0.976972880380946	9
MRPL36	-0.284518202908853	0.433988615853495	0.926809311141991	9
MRPL37	-0.13577124843302	0.735609507188882	0.991008075540888	9
MRPL38	-0.854574643744352	0.32359906347626	0.885547974781809	9
MRPL39	-0.0140458136131966	0.967800381767768	0.998639733078915	9
MRPL4	-0.381675814736429	0.499680675390155	0.94888930167018	9
MRPL40	-0.904436745663618	0.123951551697726	0.675125977949663	9
MRPL41	-0.865121634066167	0.268081198663387	0.847899415785355	9
MRPL42	-0.141115213845343	0.617840574274071	0.977381279269056	9
MRPL43	-0.391181816449682	0.251960696259785	0.838161746834043	9
MRPL44	0.0332409643206437	0.91954646465741	0.998639733078915	9
MRPL45	-0.384989683622714	0.778158058400117	0.992930756580613	9
MRPL46	-0.64637851102282	0.235069473785087	0.813038861303871	9
MRPL47	-0.228116058539396	0.570127048977214	0.966759950597664	9
MRPL48	-0.183123341374292	0.701987608060608	0.989276793964962	9
MRPL49	-0.0838240729096682	0.797455474049496	0.995540807940601	9
MRPL50	-0.125457726401184	0.776244172055312	0.992930756580613	9
MRPL51	-0.0766946853078947	0.859978006923422	0.998639733078915	9
MRPL52	-0.307980869117958	0.570992329441868	0.966951740948172	9
MRPL53	-0.735904358377012	0.603377155545948	0.974057468095769	9
MRPL54	-0.754117982294093	0.205490745421011	0.789086600717884	9
MRPL55	-0.670986182237765	0.151972299318075	0.723633261365841	9
MRPL57	-0.127355209783907	0.734784304323937	0.991008075540888	9
MRPL58	-0.504607307767658	0.294616384443125	0.869965782411697	9
MRPL9	-0.69010570617417	0.12133744997722	0.670056902025346	9
MRPS10	-0.130866307395768	0.560035551653496	0.964946561877165	9
MRPS11	0.00733656645190951	0.987682398841563	0.999458538741689	9
MRPS12	-0.164721799948424			9
MRPS14	-0.185307350621585	0.436029309043222	0.927920525150979	9
MRPS15	-0.44473034250498	0.396037650466636	0.913574069169144	9
MRPS16	-0.320849995798347	0.461263838987669	0.937839604310879	9
MRPS17	-0.266328757407122	0.573030915419313	0.967682112173033	9
MRPS18A	0.0318650584114903	0.924726607642492	0.998639733078915	9
MRPS18B	-0.399203268075645			9
MRPS18C	0.208789772974604	0.832771096948144	0.99758896469785	9
MRPS2	-0.227142030544934	0.554459422957063	0.962765334045336	9
MRPS21	-0.509950842998478	0.241297928711411	0.823727734900356	9
MRPS22	0.00624005181747921	0.987178851341111	0.999458538741689	9
MRPS23	-0.147774465797703	0.507780920388116	0.951538693830295	9
MRPS25	-0.208909490558949	0.444354842655004	0.932355626500428	9
MRPS26	-0.0105519227452535	0.981475837398993	0.998706601419412	9
MRPS27	-0.130823568810814	0.535282974070222	0.95784961223136	9
MRPS30	0.408525435801211	0.289236494023272	0.864162235859182	9
MRPS31	-0.249439633354922	0.53065926253609	0.957299775766752	9
MRPS33	-0.0678328163005542	0.818872208087565	0.995966406600323	9
MRPS34	-0.940990330420752	0.150732915358174	0.72170459047022	9
MRPS35	0.181938156061993	0.449555317816022	0.932585632008735	9
KGD4	-0.490065272608402	0.437267602610683	0.928941789266548	9
MRPS5	-0.24985390781217	0.482765702485534	0.942980618550875	9
MRPS6	0.262068923231324	0.638152548994443	0.980691547015745	9
MRPS7	0.213023912802088	0.510584226528454	0.951538693830295	9
MRPS9	-0.0536188727828793	0.890809272050171	0.998639733078915	9
MRRF	0.0397315200830582	0.872750815414335	0.998639733078915	9
MRS2	0.342679681051172	0.408970834216614	0.915271886809331	9
MRTFA	-0.504799325054377	0.28672430827117	0.862232237237917	9
MRTFB	-0.393769379994351	0.230835921973407	0.808244559806673	9
MRTO4	-0.121926073467604	0.736349610026687	0.991008075540888	9
MS4A1	-0.682388292546064	0.488066157656251	0.944556277975341	9
MS4A14	0.439084326811725	0.675741030307774	0.985298616459508	9
MS4A2	-2.22145024414281	0.0327040213607102	0.36955440424629	9
MS4A4A	0.0154563883079281	0.97653093941718	0.998639733078915	9
MS4A4E	0.273388342081426	0.642510280294411	0.980691547015745	9
MS4A6A	-0.357937633395431	0.284724370074219	0.8612268238133	9
MS4A7	-0.0842708095244512	0.868915845337511	0.998639733078915	9
MS4A8	4.11480027575915	0.0569057160853453	0.481401809416439	9
MSANTD1	0.270450591461047	0.718008788003414	0.989276793964962	9
MSANTD2	-0.00312028671145724	0.993869804120066	0.999620666732609	9
MSANTD3	-0.296245711152248	0.464124128341871	0.938355642512777	9
MSANTD4	-0.0279607943219025	0.937902938669494	0.998639733078915	9
MSC	-0.875130971116471	0.0871479245467943	0.583590557298875	9
MSH2	0.462582103467644	0.202079795076867	0.78600786696433	9
MSH3	0.0974582598053001	0.692530848093548	0.989171265391501	9
MSH4	-0.952555857295386	0.438632995367328	0.928941789266548	9
MSH5	-0.00116066801685458			9
MSH6	-0.0914447393426253	0.862259265510319	0.998639733078915	9
MSI1	0.163649809946882	0.71955676310249	0.9901017186991	9
MSI2	0.598025265147299	0.211310612312998	0.794171927467666	9
MSL1	-0.0910815496248863	0.680698005013216	0.987076378845579	9
MSL2	0.14910288989338	0.709885783739242	0.989276793964962	9
MSL3	0.385039789709793	0.21825718419333	0.799033281212017	9
MSLN	1.9262110362789			9
MSMO1	0.551525761858286	0.187649587302117	0.765131445762577	9
MSN	0.276552126651361	0.556964903622455	0.96370024816501	9
MSR1	0.491081691304997	0.41588648585209	0.919780432363111	9
MSRA	-0.868616722132085			9
MSRB1	-0.476453389008784	0.490454157072605	0.944931536265188	9
MSRB2	-0.709681607192657	0.191605181236666	0.770404371802577	9
MSRB3	-0.168939946020115	0.847479943613142	0.998639733078915	9
MSS51	-0.246107057120603	0.51528247348289	0.953680371468858	9
MST1	0.0601311943216421	0.877056495762983	0.998639733078915	9
MST1R	1.01648314142393	0.19919105548094	0.780997970767379	9
MSTN	-0.984514830775916	0.182792825594337	0.759617216219006	9
MSTO1	-0.445179293958803	0.132759957803397	0.692218204569389	9
MSX1	1.95867545904439	0.0105300477474776	0.207030126570013	9
MSX2	4.2416186501888	0.000355304565154499	0.0322365805649762	9
MT1A	0.52469479151064	0.68958827202076	0.989171265391501	9
MT1E	0.786180939928764	0.372810243044349	0.905673456930873	9
MT1F	1.38765144450614	0.078115673649183	0.555962130537893	9
MT1G	1.65517248795755			9
MT1M	0.644512953652714	0.55951643452491	0.964839029208201	9
MT1X	0.675390730840596	0.543024294014235	0.959834942395417	9
MT2A	1.15963720400247	0.166456734680934	0.743424340491471	9
MTA1	-0.055812200879509	0.800207842545071	0.995590233849494	9
MTA2	0.42213289348712	0.096206983854097	0.607794632793824	9
MTA3	0.199851801928759	0.287892537639085	0.863004415850258	9
MTAP	0.438999584566248	0.137276377446609	0.701162949313771	9
MTARC1	0.874130465711846	0.0806730043253674	0.565816982262884	9
MTARC2	0.11527730492234	0.771919743036892	0.992930756580613	9
MTBP	0.753464467065719	0.226008428274324	0.808244559806673	9
MTCH1	-0.24995397458689	0.365854163183179	0.90239123320911	9
MTCH2	-0.813620596744777			9
MTCL1	1.83536756644078	0.00103135463254813	0.0568053198919513	9
MTCP1	-0.162314657681168	0.823357462985318	0.996915603799238	9
MTDH	-0.0866727018941463	0.69829028257817	0.989276793964962	9
MTERF1	0.00157263541134241	0.997152832075394	0.999620666732609	9
MTERF2	-0.15686163789277	0.658992780140741	0.982975949819678	9
MTERF3	-0.198566228306054	0.642276946036728	0.980691547015745	9
MTERF4	0.0880681238946405	0.792292260754695	0.994052363875907	9
MTF1	0.448104710211079	0.250448250028526	0.837911744939047	9
MTF2	0.258956091882199	0.535941235364018	0.95784961223136	9
MTFMT	-0.203383471648396	0.343246541645011	0.899092963457163	9
MTFP1	0.997443912516158	0.421680511524798	0.922000597040075	9
MTFR1	-0.114693166893774	0.703294759685232	0.989276793964962	9
MTFR1L	-0.647851427407813	0.129606496332621	0.685525780222656	9
MTFR2	0.822876799094115	0.401410507007415	0.914991131944397	9
MTG1	-0.147966033085367	0.847554851834496	0.998639733078915	9
MTG2	-0.186288009851216	0.516936526358729	0.953680371468858	9
MTHFD1	0.372358131815346	0.314814260691972	0.880630245192925	9
MTHFD1L	0.650081710523772	0.0831155178644243	0.573373278126119	9
MTHFD2	-0.223714247560454	0.545650377285925	0.960668683051641	9
MTHFD2L	0.163672995609569	0.693462652067595	0.989171265391501	9
MTHFR	-0.189436152848232	0.367426822168057	0.902407687792826	9
MTHFSD	0.380295077347872	0.274845789857177	0.853804018323747	9
MTIF2	0.0849580828675456	0.796895634785127	0.995292337827369	9
MTIF3	-0.211445402623918	0.517213197080052	0.953680371468858	9
MTLN	0.97720864411301	0.289258223533935	0.864162235859182	9
MTM1	0.226924775886054	0.662428507110043	0.983171338937342	9
MTMR1	0.331231178242353	0.252100364675216	0.838161746834043	9
MTMR10	0.0405587184322169	0.960372630811916	0.998639733078915	9
MTMR11	-0.488550691800836	0.155108073423414	0.727862257442023	9
MTMR12	0.074935537770565	0.874894892049256	0.998639733078915	9
MTMR14	-0.214499192378383	0.468425898593547	0.939188868595478	9
MTMR2	0.115400138387442	0.576519239543565	0.968284112085412	9
MTMR3	0.0797095396588786	0.909062955988268	0.998639733078915	9
MTMR4	0.0555036003463739	0.87724411901646	0.998639733078915	9
MTMR6	-0.0885597899431525	0.782698658495019	0.993751208175834	9
MTMR7	-0.0375511239647321	0.96316900087822	0.998639733078915	9
MTMR8	0.636151482536117	0.346356965140034	0.899092963457163	9
MTMR9	-0.565336027378615			9
MTO1	-0.132374984773331	0.619158292706296	0.977949874416405	9
MTOR	0.149698300525623	0.513932682762707	0.952863302692453	9
MTPAP	0.0205262640410017	0.949019792392629	0.998639733078915	9
MTPN	-0.683336740839125			9
MTR	-0.0128296259182964	0.974348130433646	0.998639733078915	9
MTRES1	-0.303786305604089	0.500634816150626	0.94888930167018	9
MTREX	-0.0594897843931307	0.882972768641331	0.998639733078915	9
MTRF1	0.206786867781063	0.606561318557327	0.974885729870166	9
MTRF1L	0.430291887770788	0.315537793294857	0.880630245192925	9
MTRR	-0.00568609640121424	0.979649238984199	0.998639733078915	9
MTSS1	0.0487724188698377	0.927025998757443	0.998639733078915	9
MTSS2	-0.412909012264545	0.58852723281052	0.971161794932015	9
MTURN	-0.161238513719828	0.746941572564059	0.991008075540888	9
MTUS1	-0.431898315350946	0.450489930505623	0.932585632008735	9
MTUS2	0.624329417461579	0.45733002692603	0.93628967093691	9
MTX1	0.126533725981938	0.727043591861029	0.991008075540888	9
MTX2	0.15728526053726	0.666769283760205	0.984088154568007	9
MTX3	-0.183508806662527	0.668483013460743	0.984380101516098	9
MUC1	0.298433310526917	0.675142688097244	0.985298616459508	9
MUC12	-1.46867839139447	0.206720327536277	0.790257822276928	9
MUC13	2.40813405284254	0.112327410146329	0.644549059040515	9
MUC15	0.230856874607419	0.913535990903204	0.998639733078915	9
MUC16	2.56020004422563	0.016813686246993	0.266135834932632	9
MUC20	2.40096784334486			9
MUC3A	-0.358079611178624	0.69944658385274	0.989276793964962	9
MUC5B	2.60026042108952	0.128521614350527	0.682562328088299	9
MUC7	4.50916608403386	0.163910189107529	0.740390862280169	9
MUL1	-0.181161788593227	0.574963398629941	0.968284112085412	9
MUS81	-0.450987210953146	0.0970860836654783	0.609824545100479	9
MUSTN1	-0.943610734430274	0.428431063371337	0.924144003352275	9
MUTYH	-0.718803710744592	0.460019627734907	0.937747940696302	9
MVB12A	-0.35652830751285	0.469237613087357	0.939188868595478	9
MVB12B	-0.224120331185763	0.562743686848922	0.964946561877165	9
MVD	-0.40982440846335	0.344016908216524	0.899092963457163	9
MVK	-0.33285978466338	0.507865327024344	0.951538693830295	9
MVP	-0.72539933408542	0.188737020171729	0.765680360423931	9
MX1	0.705923022638332	0.102022285843631	0.622036745699229	9
MX2	1.14078674508732	0.0215265079837461	0.30262169937912	9
MXD1	0.782811589051626	0.112651601879241	0.645265927566736	9
MXD3	0.178586607845653	0.774419365622738	0.992930756580613	9
MXD4	-0.442724609654294	0.325463899618343	0.88645062741709	9
MXI1	-0.295889813335732	0.53038155926505	0.957299775766752	9
MXRA5	1.16445573659291	0.00774827527944424	0.174614185343323	9
MXRA7	-0.537220189558031	0.31658232176116	0.881911182317315	9
MXRA8	-0.789912895106722	0.0390637036902875	0.40302838747555	9
MYADM	-0.147327891704044	0.814179768694176	0.995936140923453	9
MYB	2.24893727726441	0.0332370022882057	0.37166960529843	9
MYBBP1A	0.058847018494798	0.766131272967918	0.992930756580613	9
MYBL1	0.492763562570794	0.452319672144938	0.933409545725668	9
MYBL2	4.39418224159191	0.000454608265241504	0.0371365786020548	9
MYBPH	-2.19261059691129	0.33828620710486	0.896167032138341	9
MYC	2.02849893321394	0.00125023464075391	0.0645269703921975	9
MYCBP	-0.127536422629659			9
MYCBP2	-0.0984293459098408	0.816728830279448	0.995966406600323	9
MYCBPAP	0.101169631277367	0.827338699341719	0.99746225363255	9
MYCL	1.48882522662884	0.146602242407539	0.714977993903015	9
MYCN	3.31074370892664	0.00057421141298966	0.0425163385236661	9
MYCT1	0.0307213476802972	0.950131268029083	0.998639733078915	9
MYD88	0.621909338627906	0.0700762585898709	0.529173808342532	9
MYDGF	0.126889917926443	0.79147889569827	0.994052363875907	9
MYEF2	-0.0787344876830065	0.919573792901512	0.998639733078915	9
MYEOV	2.79520439652345	0.116401029818614	0.655631169375315	9
MYG1	-0.735097876754621	0.691072343047206	0.989171265391501	9
MYH10	-0.356273820232914	0.473569685798409	0.939899973963271	9
MYH11	-3.51719461371491			9
MYH14	1.54301212224198	0.0640397443011325	0.506315300283351	9
MYH3	-0.257132446676316	0.646563026162936	0.980691547015745	9
MYH7B	-0.831913218310896	0.053990917316689	0.472692722723396	9
MYH9	-0.232243134863598	0.644949425419248	0.980691547015745	9
MYL12A	-0.118049041359107	0.772987403817457	0.992930756580613	9
MYL12B	-0.450301360330086	0.340420362883811	0.897013915753078	9
MYL3	-0.484887452015938	0.474936931494568	0.940283675486015	9
MYL5	-0.117859295935199	0.810943439842231	0.995936140923453	9
MYL6	-0.689856939175453	0.332102022491607	0.890518010101223	9
MYL6B	-0.399793128214128	0.411082039729233	0.916063650621962	9
MYL9	-1.68638355135516	0.112930944177055	0.645363401857339	9
MYLIP	-0.288720120455918	0.637234106080497	0.980691547015745	9
MYLK	-0.758085096441682	0.378234031199418	0.90602188789194	9
MYLK2	1.81174938121549	0.185560681971886	0.763792369190164	9
MYLK3	1.77906791052733	0.0229252330045319	0.3119599590952	9
MYLK4	0.874526089693003	0.203788709502397	0.787756350592083	9
MYNN	0.172075168380912	0.566967716067095	0.965061168919095	9
MYO10	0.282583655715577	0.579277932018304	0.969055975901473	9
MYO15A	0.602775635153508	0.422581014403352	0.922252790777094	9
MYO15B	-0.276435575555237	0.440760563680628	0.929500440384991	9
MYO16	0.0303840474931056	0.974032997787172	0.998639733078915	9
MYO18A	-0.193354946718727	0.665456384158987	0.984051461287397	9
MYO18B	-5.68000500284903	0.000145191401073877	0.0199836130908566	9
MYO19	0.23556051267036			9
MYO1A	0.80342088303651	0.561274755741169	0.964946561877165	9
MYO1B	0.60830988747185	0.0763169182692736	0.54871604022053	9
MYO1C	-0.0661246348748621	0.902750666463141	0.998639733078915	9
MYO1D	0.323944086500185	0.573909275964891	0.968284112085412	9
MYO1E	-0.789846450071964	0.136756484791461	0.700497286672099	9
MYO1F	-0.431912422146814	0.257327424552446	0.840547211401925	9
MYO1G	-0.793766738710499	0.0939063102668804	0.600340842158973	9
MYO1H	-0.0764945392675446	0.919140495505095	0.998639733078915	9
MYO3A	2.83572624455953	0.174538755586083	0.751250158017082	9
MYO3B	0.654633957498768	0.561264643077083	0.964946561877165	9
MYO5A	0.0820876058416582	0.845931150454392	0.998639733078915	9
MYO5B	1.10498906944352	0.0738057471748477	0.541372976745903	9
MYO5C	1.05491640966782	0.00734909147486137	0.168971868006898	9
MYO6	0.613516238528581	0.10493115392889	0.628298316800495	9
MYO7A	0.147618763256344	0.728772810321669	0.991008075540888	9
MYO7B	-0.684958133262675	0.491665106096291	0.945386319025748	9
MYO9A	-0.159555980258948	0.635504628736304	0.980691547015745	9
MYO9B	-0.349184059700347	0.332587817976506	0.890985259737061	9
MYOC	-0.0610215161860423			9
MYOCD	0.0425429183962449	0.968722372973543	0.998639733078915	9
MYOCOS	2.82254340754953	0.174715228628061	0.751250158017082	9
MYOF	0.149633900488578	0.688375800771265	0.989171265391501	9
MYOM1	-0.111008086190259	0.896100141684516	0.998639733078915	9
MYOM2	-0.177805249525629	0.860821476294653	0.998639733078915	9
MYOM3	0.807010172763854	0.508859686008018	0.951538693830295	9
MYORG	0.517072446015292	0.474223177433124	0.939899973963271	9
MYOT	0.983207473904744	0.475831794945227	0.940387351075979	9
MYOZ1	-1.15332664579773	0.116313470618641	0.655556754410752	9
MYOZ2	-1.23952424273762	0.112805303253359	0.645363401857339	9
MYOZ3	0.0470090880081823	0.930150617684213	0.998639733078915	9
MYPOP	-0.187947323020078	0.681937946771849	0.987306006486237	9
MYRF	-0.278164040686063	0.654020480400654	0.982200990784994	9
MYRFL	2.11880959268626	0.185413874438075	0.763792369190164	9
MYRIP	0.133490132007124	0.841207542290226	0.998604146933345	9
MYSM1	-0.142693281547614	0.78442015800491	0.994052363875907	9
MYZAP	-1.07633607499096	0.311229588467381	0.878131264920736	9
MZB1	-1.44431575100494	0.145551393397148	0.71378209898183	9
MZF1	-0.413822038117748	0.417141198610033	0.919780432363111	9
MZT1	0.209926657657769	0.666205403762692	0.984088154568007	9
MZT2A	-0.514450155239886	0.350634643817941	0.899092963457163	9
MZT2B	-0.741223163290541	0.417643288189316	0.919780432363111	9
N4BP1	0.0859050988285002	0.810288415515636	0.995936140923453	9
N4BP2	0.394511966640777	0.459621770423767	0.937429300377919	9
N4BP2L1	-0.726400672993508	0.203207968580725	0.787490896356019	9
N4BP2L2	-0.461394503453062	0.256160710682813	0.840547211401925	9
N4BP3	0.12200549368071	0.77191987669346	0.992930756580613	9
HEMK2	-0.257894858897454	0.454707822994285	0.934328774803787	9
NAA10	-0.712829527679382	0.166604903248579	0.743426534719553	9
NAA11	-0.989138593219507	0.565698938254515	0.965041713262426	9
NAA15	0.133192005032063	0.659690544538992	0.982975949819678	9
NAA16	-0.0819647497000446	0.849671359609365	0.998639733078915	9
NAA20	-0.423122894137768	0.0632102019287603	0.50346248156102	9
NAA25	0.0537001678842996	0.854389156650252	0.998639733078915	9
NAA30	-0.0547998821128351	0.870684889804021	0.998639733078915	9
NAA35	0.0549549734142706	0.885788952747998	0.998639733078915	9
NAA38	-0.591520983653594	0.353033554410793	0.899715225734967	9
NAA40	0.709528452716608	0.133446687226419	0.693057206498099	9
NAA50	0.217604713679264	0.361593390560829	0.90143277046037	9
NAA60	0.185558379586628	0.612417588423467	0.975769461971015	9
NAA80	-1.10413366220261	0.0206693101445374	0.296789578836105	9
NAAA	0.739564338901237	0.131642494252151	0.690679235740588	9
NAALAD2	-1.40247790508267			9
NAALADL1	-0.752496700882576	0.102131964103488	0.622448357610071	9
NAALADL2	0.228806936067729	0.63247444743176	0.979380833016394	9
NAB1	-0.102876545014709	0.796651362772268	0.995207410788884	9
NAB2	0.206153154944339	0.485526192373797	0.943768865380848	9
NABP1	0.383997869102555	0.413168100707587	0.91719471148147	9
NABP2	-0.372261407086061	0.274488009215129	0.853352465043075	9
NACA	-0.279315938796137	0.452382080490579	0.933409545725668	9
NACAD	-1.0113669903118	0.0859934340663829	0.581203791325036	9
NACC1	0.469296231636755	0.353039091733073	0.899715225734967	9
NACC2	-0.103897004641409	0.878928573927347	0.998639733078915	9
NADK	0.501058180270577	0.165008229494862	0.741331739465429	9
NADK2	-0.417402623217703	0.0755512699274786	0.545965214412317	9
NADSYN1	-0.0624583074206183	0.890883485628193	0.998639733078915	9
NAE1	-0.313791357503861	0.309864338402554	0.877235807280418	9
NAF1	-0.0319737962071752	0.952735501991274	0.998639733078915	9
NAGA	0.130508469714877	0.69165414065875	0.989171265391501	9
NAGK	-0.264519813208756	0.402217980421969	0.915238409840383	9
NAGLU	-0.699920833630558	0.030772275806895	0.361360034356068	9
NAGPA	-0.143998664753741	0.646903842868342	0.980691547015745	9
NAGS	2.47330235347987	0.0168841883535069	0.266466319429355	9
NAIF1	-0.264167077469071	0.430053830086787	0.92451488206047	9
NAIP	-0.841510114689582	0.546288846855007	0.960668683051641	9
NALCN	-1.36114832319759	0.0740868707075947	0.542189538182849	9
NAMPT	1.56917450919894	0.0265856539640599	0.335985306646822	9
NANOS1	-1.12260609592493	0.193350463514347	0.772407629752441	9
NANP	0.196680201166595	0.631756656508579	0.979380833016394	9
NANS	0.692178046973262	0.0653215692252695	0.510766737390829	9
NAP1L1	-0.569451249973611	0.025720590646836	0.330042007221541	9
NAP1L2	-1.22768841663197	0.0485386458206776	0.450662541199641	9
NAP1L3	0.217409305839876	0.565670409581852	0.965041713262426	9
NAP1L4	-0.295908078845887			9
NAP1L5	-0.556908102187711	0.0836553132320016	0.573808586718204	9
NAPA	-0.634041211779994	0.333383560990213	0.891660580499461	9
NAPB	0.000851151331259176	0.998914597706775	0.999620666732609	9
NAPEPLD	-0.850478616484196			9
NAPG	0.179506454134503	0.435619967775453	0.927920525150979	9
NAPRT	-0.717912036566212			9
NAPSA	0.136634482420345	0.859540309433672	0.998639733078915	9
NARF	0.142812763925386	0.725558864195961	0.991008075540888	9
NARS1	-0.0812929189196117	0.693921295308808	0.989171265391501	9
NARS2	-0.024786913414365	0.931562724513302	0.998639733078915	9
NASP	0.226522532820521	0.542356675882439	0.959543069141869	9
NAT1	0.516196407020042	0.327688331769348	0.887903506431062	9
NAT10	0.0510747328904095	0.809013869907081	0.995936140923453	9
NAT14	-0.750707334590207	0.218247695663035	0.799033281212017	9
NAT2	0.724790387384707	0.583748456055561	0.971006418732942	9
NAT8L	0.98261051465088	0.254228617266073	0.839523181088257	9
NAT9	-0.121454668208441	0.699137274444682	0.989276793964962	9
NATD1	-0.381641191231339	0.444695278168586	0.932377161200351	9
NAV1	-0.448537948436286	0.314083520935216	0.879953262711861	9
NAV2	-0.0484285854316932	0.913159504545906	0.998639733078915	9
NAV3	0.448093208021583	0.398444477484676	0.914438028200431	9
NAXD	-0.235463429187848	0.324994185351968	0.886080378644328	9
NAXE	-0.62228466689399	0.169336322489474	0.747480100558351	9
NBAS	-0.0728208172226109	0.80664291983888	0.995590233849494	9
NBDY	-0.341581701184163	0.319849931133991	0.884742116921954	9
NBEA	-0.303803654446987	0.665112830582043	0.983920571644946	9
NBEAL1	-0.13852382751831	0.644732745358753	0.980691547015745	9
NBEAL2	0.493367774174529	0.145846292757629	0.71393513926047	9
NBL1	-0.321918084215191			9
NBN	-0.671337086044329	0.413516962385344	0.91719471148147	9
NBPF1	-0.365695232038459	0.522580373435602	0.955391092995928	9
NBPF10	0.203104550704318	0.693969201339289	0.989171265391501	9
NBPF11	-0.118550294148634	0.749254204609467	0.991008075540888	9
NBPF12	-0.0751028855728961	0.818168019621967	0.995966406600323	9
NBPF14	-0.0605307886556892	0.858503687566702	0.998639733078915	9
NBPF15	0.324265134553818	0.30511899547192	0.87578680388204	9
NBPF19	0.168241279090777	0.89800548561363	0.998639733078915	9
NBPF20	0.141208066386014	0.687875054357886	0.989171265391501	9
NBPF26	0.548001178038136	0.451961696692068	0.933194377517362	9
NBPF3	0.554829690971162	0.23326286484463	0.810353765114517	9
NBPF9	-0.0190528396597738	0.936320850030291	0.998639733078915	9
NBR1	-0.0481337496912382	0.868101461468471	0.998639733078915	9
NCALD	0.747614844885129	0.151070590857165	0.721901259838982	9
NCAM1	-0.130598892658671	0.8901049446162	0.998639733078915	9
NCAM2	2.28716198893143	0.00603171272327735	0.152294745478516	9
NCAPD2	0.880017668334039	0.145533981161636	0.71378209898183	9
NCAPD3	0.672288273593011	0.126911186100349	0.679443938788914	9
NCAPG	3.57513784232964	0.000216970763519194	0.0240804920323822	9
NCAPG2	0.940260522813915	0.0536767043644592	0.472692722723396	9
NCAPH	4.48755342892159	1.76801458025813e-06	0.00169284421665391	9
NCAPH2	-0.463283425974074	0.175942340146975	0.751250158017082	9
NCBP1	0.174265730985602	0.513805965360622	0.952863302692453	9
NCBP2	0.225007338131091	0.370656319667263	0.905071602609146	9
NCBP2AS2	-0.436065312206972	0.28632984079518	0.862232237237917	9
NCBP3	0.407195964944239	0.158080598717063	0.731711419775028	9
NCDN	-0.121814053856035	0.728532866361376	0.991008075540888	9
NCEH1	1.50588765647614	0.00247373893136635	0.0933883896826052	9
NCF1	-0.321277484844707	0.643844233573668	0.980691547015745	9
NCF2	0.0661639020496918	0.913940822397956	0.998639733078915	9
NCF4	-0.889279970163199	0.394949681609269	0.913353694686467	9
NCK1	-0.0742082803680979	0.833947687588427	0.997915111894509	9
NCK2	0.221545258983001	0.475159548866945	0.940283675486015	9
NCKAP1	-0.103004986821057	0.797940565795099	0.995590233849494	9
NCKAP1L	-0.0452869763598796	0.906358954650236	0.998639733078915	9
NCKAP5	1.74733175677031	0.0281912409649265	0.3467278248125	9
NCKAP5L	0.0193333542757388	0.951635027043899	0.998639733078915	9
NCKIPSD	-0.353854734519784	0.26748322963887	0.847767249375861	9
NCL	0.098564821042948	0.662905240011917	0.983171338937342	9
NCLN	0.189122672834689	0.621990232323076	0.978573777801597	9
NCMAP	2.56956139989191	0.0347797510911003	0.380002891084923	9
NCOA1	-0.0253423538814489	0.926666709497462	0.998639733078915	9
NCOA2	0.196389142744053	0.641329604433446	0.980691547015745	9
NCOA3	0.0365147507573813	0.906033700239064	0.998639733078915	9
NCOA4	0.0195956312808536	0.937552739276148	0.998639733078915	9
NCOA5	0.101491577357444	0.706967167084193	0.989276793964962	9
NCOA6	0.292378537026133	0.366899948501809	0.90239123320911	9
NCOA7	0.726245807496809	0.22047118461807	0.801618778727869	9
NCOR1	-0.381723676580675	0.273414029807629	0.852564368485894	9
NCOR2	-0.0343505779538954	0.914317437941861	0.998639733078915	9
NCR3LG1	0.0258137764048739	0.980305613650502	0.998639733078915	9
NCS1	-0.818421213798295	0.346729294262343	0.899092963457163	9
NCSTN	0.41974797120664	0.141588961404694	0.707926593299888	9
NDC1	0.418056896702696	0.290721328171323	0.866062063599779	9
NDC80	0.812344549644729	0.270153280377885	0.849719278000843	9
NDE1	0.0490514756378917	0.954837855678627	0.998639733078915	9
NDEL1	0.262708652974112	0.408863984134449	0.915271886809331	9
NDFIP1	0.0104498645070753	0.962486442749362	0.998639733078915	9
NDFIP2	0.191558092003863	0.604682467322915	0.97426949205076	9
NDN	-1.51321455267449			9
NDNF	0.316694096798848	0.63958218731619	0.980691547015745	9
NDOR1	-0.363099641511406	0.356653895339821	0.899926179335231	9
NDP	0.0194046366259601	0.973299158504398	0.998639733078915	9
NDRG1	-0.146893826827722	0.809354910616926	0.995936140923453	9
NDRG2	-0.628652070977906	0.0453463692562337	0.433521863077245	9
NDRG3	-0.262055271856329	0.350793934291626	0.899092963457163	9
NDRG4	-0.941682750578694	0.187882998123114	0.765131445762577	9
NDST1	0.43899122023924	0.306547924428353	0.876432473153517	9
NDST2	-0.0963027286493245	0.934992456511133	0.998639733078915	9
NDUFA1	-0.488576718238591	0.433523214912451	0.926809311141991	9
NDUFA10	-0.0755205789544876	0.66597041643989	0.984088154568007	9
NDUFA11	-0.367493110181217	0.604378563087134	0.97426949205076	9
NDUFA12	-0.662895182231783	0.208271885862633	0.792178019421267	9
NDUFA13	-0.873775370806121	0.407012450704518	0.915238409840383	9
NDUFA2	-0.182201195358942	0.812947766552338	0.995936140923453	9
NDUFA3	0.299394718808811			9
COXFA4	-0.637614984158006	0.127062132063962	0.679552221520342	9
COXFA4L2	-1.83135400920718	0.0111916654841816	0.213470135767979	9
NDUFA5	-0.432580675176107	0.3456013009284	0.899092963457163	9
NDUFA6	-0.653497333165847			9
NDUFA7	-0.3878803731498	0.714721554236991	0.989276793964962	9
NDUFA8	-0.0951937956328045	0.841950382041674	0.998639733078915	9
NDUFA9	-0.148477523919878	0.806125250571422	0.995590233849494	9
NDUFAB1	-0.395158185790103	0.281090111978831	0.861181225180475	9
NDUFAF1	-0.14760507572957	0.708908914143478	0.989276793964962	9
NDUFAF2	-0.5981599096161	0.191733630290844	0.770404371802577	9
NDUFAF3	-0.545856443402817	0.308285232763033	0.876632309923931	9
NDUFAF4	-0.335304818951938	0.312307333382682	0.878197198925416	9
NDUFAF5	-0.301216859586784	0.427313512894821	0.923608338376662	9
NDUFAF6	0.0732636958786294	0.832378567864355	0.99746225363255	9
NDUFAF7	-0.154449093628754	0.583230101092005	0.970975830769377	9
NDUFAF8	-0.233718765704536	0.753927475916658	0.99111089146029	9
NDUFB1	-0.514280292725869	0.492873673959431	0.945530063911015	9
NDUFB10	-0.583973075213581	0.188229724767863	0.765189948662975	9
NDUFB11	-0.390779431889704	0.539251729520201	0.958979719874913	9
NDUFB2	-0.723485345679511	0.400185977172731	0.914774925977681	9
NDUFB3	-0.25192961836465	0.587166115732656	0.971161794932015	9
NDUFB4	-0.201318128612454	0.555986424183439	0.963343569668406	9
NDUFB5	-0.0489366970377454	0.882179490328469	0.998639733078915	9
NDUFB6	-0.421897437028148	0.343151625344521	0.899092963457163	9
NDUFB7	-0.812653088073953	0.144666629540341	0.711869112393627	9
NDUFB8	-0.483429854095899	0.624745540250276	0.978573777801597	9
NDUFB9	-0.721434539875288	0.217965852709052	0.799033281212017	9
NDUFC1	-0.312583624782393	0.533428398338561	0.95784961223136	9
NDUFC2	0.29083859986935	0.610243800867567	0.975328830748679	9
NDUFS1	-0.630997905758732			9
NDUFS2	-0.0774721238217271	0.696815507106632	0.989276793964962	9
NDUFS3	-0.226220925325919			9
NDUFS4	-0.496968204787454	0.193923492630985	0.773128433453111	9
NDUFS5	-0.358185284597088	0.392318711903407	0.912807186165296	9
NDUFS6	-0.551942100990248	0.378287772263636	0.90602188789194	9
NDUFS7	-1.01885222514681	0.283347378515363	0.8612268238133	9
NDUFS8	-1.07117151146948	0.12682284714995	0.679443938788914	9
NDUFV1	-0.36869667637404	0.304817656803943	0.875750516304824	9
NDUFV2	-0.0446097377527727	0.961932128292451	0.998639733078915	9
NDUFV3	-0.426677558031328	0.158385574369757	0.732558224916282	9
NEB	0.374266198019644	0.559956098620641	0.964946561877165	9
NEBL	1.15413318604012	0.0286445643580619	0.348737862268041	9
NECAB1	-2.08763035136072	0.00124975969871239	0.0645269703921975	9
NECAB2	-4.01680041531385	9.16682280141658e-06	0.0039424808746352	9
NECAB3	-0.632005649528855	0.192595240563478	0.771565378753955	9
NECAP1	0.218821566863089	0.448817161625476	0.932585632008735	9
NECAP2	0.180386602930614	0.47270398422665	0.939822409233973	9
NECTIN1	0.672353578547997	0.141265321943117	0.707926593299888	9
NECTIN2	0.391586247080452	0.340364755782665	0.897013915753078	9
NECTIN3	-0.0376450135327733	0.935375495903572	0.998639733078915	9
NECTIN4	2.23378031002854	0.158412428286212	0.732558224916282	9
NEDD1	-0.0704141401896179	0.887046049340724	0.998639733078915	9
NEDD4	-0.222983272463423	0.628828663064393	0.979219295330233	9
NEDD4L	-0.144807464913985	0.742378909294855	0.991008075540888	9
NEDD8	0.116881469268496			9
NEDD9	0.416370874344302	0.475596998443296	0.940283675486015	9
NEFH	0.623643187238898	0.386720209643534	0.910863010956818	9
NEFL	-3.68578917939417	0.123034313207199	0.673131763251099	9
NEFM	-1.52757573213882	0.0811931642809394	0.567902133578062	9
NEGR1	-0.452760253597082	0.656442969513226	0.982654069775495	9
NEIL1	-0.0618648766350557	0.868008576495572	0.998639733078915	9
NEIL2	0.109642968755941			9
NEIL3	5.45844869299395	0.00201948328111007	0.0837426340189251	9
NEK1	0.151072933888669	0.759882256388412	0.991955190535962	9
NEK10	2.23036528204241	0.00646473471973868	0.158580190323799	9
NEK11	0.350783580471957	0.360600000418565	0.901129021301342	9
NEK2	4.2676251874793	0.00109339568056451	0.0591194638857608	9
NEK3	-0.289273935296896	0.458690602605257	0.936890545813179	9
NEK4	0.47609584210706	0.229257537190369	0.808244559806673	9
NEK5	1.68911552674631	0.00571030585831753	0.147748009607616	9
NEK6	0.476222649520458	0.213539603247471	0.795103514581832	9
NEK7	-0.0194850275227937	0.969925187427576	0.998639733078915	9
NEK8	0.481914001893074	0.386554644149327	0.910863010956818	9
NEK9	-0.141844386401208	0.651623116658196	0.981292533915803	9
NELFA	0.0801458730322199	0.79022733181657	0.994052363875907	9
NELFB	-0.25314733510377	0.418595376145801	0.919780432363111	9
NELFCD	0.103424056724508	0.956422659968429	0.998639733078915	9
NELFE	-0.261193307571423			9
NELL1	0.319187326059226	0.746506960829003	0.991008075540888	9
NELL2	0.182028728795633	0.802791406503756	0.995590233849494	9
NEMF	-0.0185601822554505	0.973807329241074	0.998639733078915	9
NEMP1	0.213698529967958	0.552862163642544	0.962471800628327	9
NEMP2	-0.102784811316799	0.761721335126306	0.992004541019998	9
NENF	-1.25464751835166	0.0398596100591787	0.406612272915867	9
NEO1	0.278041913186231	0.451483149043237	0.933085210672351	9
RMP64	-0.412318212776717	0.0283277846233072	0.347009484501774	9
NES	-0.586933419596079	0.313751675718149	0.879953262711861	9
NET1	-0.462402835250309	0.285051504481618	0.8612268238133	9
NETO2	2.37803704635353	0.000996814652484515	0.0560953386960343	9
NEU1	-0.046584729720494			9
NEU3	0.21704816290546	0.490072908946457	0.944931536265188	9
NEURL1	-1.50802019073456	0.122833667693035	0.672991958789044	9
NEURL1B	-0.0437250667011785	0.936850185428665	0.998639733078915	9
NEURL4	-0.658785709601023			9
NEXMIF	-0.871359606425351	0.323910948957232	0.886072927642273	9
NEXN	-0.439373569284293	0.657735389783141	0.982975949819678	9
NF1	0.0779713400106888	0.832522463804036	0.997553704700981	9
NF2	-0.209159739810185	0.627924056301268	0.979047032739808	9
NFAM1	1.16996914707176	0.0143729010043522	0.242189944891829	9
NFASC	-0.412825401691803	0.630383563531181	0.979238377916278	9
NFAT5	-0.0895305511982753	0.862797594856012	0.998639733078915	9
NFATC1	-0.674750713734296	0.180088471014177	0.756780355620486	9
NFATC2	0.0151515836144637	0.979087697027436	0.998639733078915	9
NFATC2IP	0.0740309077723389	0.77787804067176	0.992930756580613	9
NFATC3	0.332678168605668	0.590450400563109	0.971187979266693	9
NFATC4	-0.586535389003995			9
NFE2	1.71896628264929	0.065684670863246	0.513000754821362	9
NFE2L1	-0.111090314880391	0.802881998024446	0.995590233849494	9
NFE2L2	0.156958236876571	0.692599298542278	0.989171265391501	9
NFE2L3	0.370640927153496	0.46562054947192	0.939056634854966	9
NFIA	-0.144542161648083	0.639127741642071	0.980691547015745	9
NFIB	-0.66922618013766	0.141149574697879	0.707926593299888	9
NFIC	-0.354154272917121	0.308071917919054	0.876582754426691	9
NFIL3	-0.403002908242161	0.596733598889903	0.972773091899058	9
NFILZ	1.87122357042658	0.28909492252445	0.864162235859182	9
NFIX	-0.688499898756997	0.282036103329491	0.8612268238133	9
NFKB1	0.246778716758499	0.531160909344721	0.957514599552134	9
NFKB2	-0.548669881774397	0.19202342682262	0.770404371802577	9
NFKBIA	1.36150690850566	0.00668291820921707	0.160924234398456	9
NFKBIB	-0.326013745052038			9
NFKBID	0.372271073264395	0.374246209708852	0.905673456930873	9
NFKBIE	0.609815590683635	0.172769363339007	0.74938747148236	9
NFKBIL1	-0.156154165432035	0.959343831522659	0.998639733078915	9
NFKBIZ	2.05996119762054	0.0152571236723075	0.249093733560345	9
NFRKB	0.136357972966287	0.647722735594655	0.980691547015745	9
NFS1	-0.303082280279429	0.345632652018938	0.899092963457163	9
NFU1	-0.615816991886798	0.10158472329971	0.620137345172465	9
NFX1	-0.0204076697343839	0.944822957182419	0.998639733078915	9
NFXL1	0.278089542410207	0.462281282294502	0.937927280347714	9
NFYA	0.536101057399867	0.264628470082129	0.84593551057786	9
NFYB	-0.325508958078006	0.279128155478368	0.858556095648301	9
NFYC	-0.230108263448462	0.363961318074686	0.90239123320911	9
NGDN	-0.457585982026469	0.155247753193106	0.727862257442023	9
NGEF	-1.28806600397248	0.0237467101345377	0.316666912389794	9
NGF	-0.86213989111483	0.294473843998235	0.869965782411697	9
NGFR	0.377695467949359	0.477808513958029	0.941072442992838	9
NGLY1	0.172574476912781	0.442286639575286	0.930767263873637	9
NGRN	-0.228434564963907	0.711505394064178	0.989276793964962	9
NHEJ1	-0.129635256147783	0.851565586609511	0.998639733078915	9
NHLRC1	-0.441275726887603	0.543562587333264	0.959871555065334	9
NHLRC2	-0.01433840999308	0.966402925479212	0.998639733078915	9
NHLRC3	-0.148466850512633	0.652574657468945	0.981436950613188	9
NHLRC4	0.610626966916779	0.309758083917932	0.877235807280418	9
NHP2	0.288679311776762	0.41220740954058	0.91719471148147	9
NHS	0.319219730425999	0.413056160733403	0.91719471148147	9
NHSL1	1.78254122191664	0.00699818957181392	0.164501977880628	9
NHSL2	0.148648722476486	0.603089053698156	0.974057468095769	9
NIBAN1	1.18947077985291			9
NIBAN2	0.582336979006785	0.0625892770583136	0.501120184198379	9
NIBAN3	-0.28197997884399	0.758555489070982	0.991955190535962	9
NICN1	0.438872942577666	0.806510040950956	0.995590233849494	9
NID1	0.533910467678932	0.229711270808389	0.808244559806673	9
NID2	0.449427990397836	0.507908174429095	0.951538693830295	9
NIF3L1	0.0758286512426944	0.801576993507715	0.995590233849494	9
NIFK	0.0697300785519301	0.851223662494288	0.998639733078915	9
NIM1K	-0.00172070639828616	0.998638383505524	0.999620666732609	9
NIN	-0.181929723538984	0.669603899331944	0.984493894849006	9
NINJ1	-0.421683086983545	0.307018849168355	0.876432473153517	9
NINJ2	0.106666261606036	0.874258339354034	0.998639733078915	9
NINL	-0.0555472765186157	0.891986867495698	0.998639733078915	9
NIP7	0.263258081767447	0.394122177331837	0.913286885336774	9
NIPA1	-0.0402285153121612			9
NIPA2	0.134283725682148			9
NIPAL1	2.13968923863724	0.0766539626128315	0.549533337604665	9
NIPAL2	-0.448268170605198	0.259107672993834	0.842792685728616	9
NIPAL3	0.583734712870885	0.148421542485215	0.717623254524699	9
NIPAL4	0.7368639945699	0.648754732706232	0.980691547015745	9
NIPBL	0.186374535558159	0.79250238473592	0.994146995928182	9
NIPSNAP1	0.613114796312286	0.262249003677302	0.845049841216177	9
NIPSNAP2	0.158277458243887	0.528537730476522	0.957299775766752	9
NIPSNAP3A	0.0778189517804852	0.828430528057019	0.99746225363255	9
NIPSNAP3B	0.085254426941653	0.854201699697945	0.998639733078915	9
NISCH	-0.179808229652489	0.364595542754248	0.90239123320911	9
NIT1	-0.27301702702688	0.323457263265679	0.885547974781809	9
NIT2	-0.448688087702657	0.220973295213312	0.801618778727869	9
NKAIN1	1.08675009951865	0.374362970796261	0.905673456930873	9
NKAIN2	0.730739637167114	0.747220046093179	0.991008075540888	9
NKAIN3	-0.19565484044148	0.806537951734976	0.995590233849494	9
NKAIN4	0.876108147748477	0.575407975609406	0.968284112085412	9
NKAP	-0.0326137939119757	0.90567307213627	0.998639733078915	9
NKAPD1	0.00949989152878116	0.977181679823467	0.998639733078915	9
NKAPL	-0.942173025323252	0.370609981678011	0.905071602609146	9
NKD1	-0.700301633917943	0.214667765976494	0.79675908815163	9
NKD2	0.887778840135935			9
NKG7	-1.08800727771208	0.165772534555407	0.742630768610731	9
NKIRAS1	-0.229389382662492	0.463743779301193	0.938355642512777	9
NKIRAS2	0.281383538283223	0.399987026007054	0.914709337901305	9
NKPD1	0.488737301952511	0.570671870602777	0.966906276626216	9
NKRF	0.365445292749925	0.205255277312397	0.788798007916763	9
NKTR	-0.0913747297761809	0.839741560026997	0.998604146933345	9
NKX3-1	-0.144415072278732	0.842798652800069	0.998639733078915	9
NKX3-2	-1.00647908379071	0.631779978908776	0.979380833016394	9
NKX6-1	2.02817596108882	0.169591542476766	0.747605819334372	9
NLE1	-0.115400440502907	0.754141443754122	0.991262854074319	9
NLGN1	1.66947917569426	0.0129370173493326	0.229411110288898	9
NLGN2	-0.271020093127141			9
NLGN3	1.56486830299836	0.00807524652759369	0.177908528348971	9
NLGN4X	0.520695032653925	0.226224525399269	0.808244559806673	9
NLK	-0.01848555917706	0.960526281691428	0.998639733078915	9
NLN	0.55729102788135	0.0162893665125519	0.259662353230862	9
NLRC3	-0.15992496339008	0.611466102605704	0.975451328278699	9
NLRC4	-0.101518586940626	0.852714211244471	0.998639733078915	9
NLRC5	-0.665547359616026	0.203502411826227	0.787756350592083	9
NLRP1	-0.560361631479021	0.288257170268559	0.863075880392333	9
NLRP3	0.602362454301301	0.462251104048433	0.937927280347714	9
NLRP9	-0.598276996351738	0.692169342836875	0.989171265391501	9
NLRX1	-0.391252070496596	0.398673497541298	0.914438028200431	9
NMB	-0.335607196838421	0.575406059053865	0.968284112085412	9
NMD3	0.0935477062151362	0.776503888788069	0.992930756580613	9
NME1	-0.0658805833545547	0.942666664181961	0.998639733078915	9
NME2	0.305357464133017	0.710146419531783	0.989276793964962	9
NME3	-0.553971304583141	0.358183234008129	0.900808696207596	9
NME4	-0.516637665520887	0.347476832275037	0.899092963457163	9
NME5	0.701894928702966	0.209085501773634	0.793035479075249	9
NME6	-0.11341267841698	0.65047179798675	0.981292533915803	9
NME7	-0.104214147155202	0.802348296713425	0.995590233849494	9
NME8	-0.35073696129689	0.76455002289838	0.992930756580613	9
NME9	1.23617673685954	0.0396347835829159	0.405158615282148	9
NMI	0.299021577477608	0.483701201675439	0.94318539470689	9
NMNAT1	0.411856862660422	0.325565963516928	0.88645062741709	9
NMNAT2	0.319441021297485	0.663613471107858	0.983296370911773	9
NMNAT3	-0.246039747276631	0.736142551321747	0.991008075540888	9
NMRAL1	0.128161657784392			9
NMRK1	0.174402579708997	0.639526665981377	0.980691547015745	9
NMRK2	-3.21096751540333	0.00553327742158664	0.144816858191561	9
NMT1	-0.113740935980655	0.651361167901357	0.981292533915803	9
NMT2	-0.289392056241558	0.312310271531075	0.878197198925416	9
NMU	3.7752894233464	0.138122107158943	0.702446909885441	9
NMUR1	0.241251694543539	0.761762175493644	0.992004541019998	9
NMUR2	0.791620422909437	0.589046621679908	0.971161794932015	9
NNAT	0.102070943943332	0.88313612664652	0.998639733078915	9
NNMT	-0.900853720621022	0.275080256182435	0.853934734281582	9
NNT	0.397745487364682	0.176626374870718	0.751250158017082	9
NOA1	0.143910927305622	0.689654601506039	0.989171265391501	9
NOB1	0.131752131218316	0.804543480605614	0.995590233849494	9
NOC2L	0.0976686198631887	0.691590937269167	0.989171265391501	9
NOC3L	-0.161797453632025	0.566538267943397	0.965061168919095	9
NOC4L	0.0558438536164566			9
NOCT	1.59170276777667	0.00201802764106688	0.0837426340189251	9
NOD1	-0.120216654839841	0.818990553178608	0.995966406600323	9
NOD2	-0.440892262973276	0.426948448515913	0.923608338376662	9
NODAL	0.135925268676926	0.914004745796649	0.998639733078915	9
NOG	2.65451467674845	0.0297742215961366	0.355580327654185	9
NOL10	0.330544676306756	0.211930617139571	0.794171927467666	9
NOL11	0.215891566408498	0.453569111542217	0.934203669144002	9
NOL12	-0.882741754997296	0.0524934643611965	0.469609713597346	9
NOL3	-0.301373714414972	0.484564650308605	0.943726621213358	9
NOL4	-2.10519801965709	0.321638241559174	0.885543112951723	9
NOL4L	0.630543688265414	0.0746562279224407	0.542880757326271	9
NOL6	0.0227192367492925	0.922838699402563	0.998639733078915	9
NOL7	-0.193126813965483	0.418394049695855	0.919780432363111	9
NOL8	-0.0903592116656151	0.840532337899051	0.998604146933345	9
NOL9	-0.0658341978256686	0.814013217955964	0.995936140923453	9
NOLC1	0.607918923939624	0.0284924984656007	0.348160405505573	9
NOM1	-0.0315866914830961	0.890605030489154	0.998639733078915	9
NOMO1	-1.20538268579326	0.404139378063571	0.915238409840383	9
NOMO2	0.778867927942183	0.2045529986657	0.787978456688567	9
NOMO3	-1.40047680724918			9
NONO	0.241253390568649	0.471556265640005	0.939528895871055	9
NOP10	0.0134768045062814	0.973521045195294	0.998639733078915	9
NOP14	0.0854009060176626	0.842965703154519	0.998639733078915	9
NOP16	0.356378438496744	0.364621188195459	0.90239123320911	9
NOP2	0.00491226829367281	0.996021764454289	0.999620666732609	9
NOP53	-0.637600863266446	0.0373415797561728	0.396345624556668	9
NOP56	-0.305553973129664	0.368060305351957	0.902670603071424	9
NOP58	-0.161794733070749	0.717378350537574	0.989276793964962	9
NOP9	-0.742686610007668			9
NOS1	2.67568365453894	0.0170636208399656	0.267438569335318	9
NOS1AP	0.521157460518022	0.605655668917332	0.974885729870166	9
NOS2	-0.386327431355067	0.681685638979527	0.987306006486237	9
NOS3	0.763893605067709	0.247494663268366	0.834188414193187	9
NOSIP	-0.602612138250406	0.226304630232723	0.808244559806673	9
NOSTRIN	0.0299067334718439	0.970887728379969	0.998639733078915	9
NOTCH1	0.467744684932455	0.155671874895297	0.727862257442023	9
NOTCH2	0.0945414440883932	0.843030077742652	0.998639733078915	9
NOTCH2NLA	0.0288759427582762	0.980020689625049	0.998639733078915	9
NOTCH2NLB	-0.438962861111564	0.722845105465173	0.990516044835733	9
NOTCH2NLC	-0.968487716835998	0.224502721324586	0.807243127203648	9
NOTCH3	-0.341210846267531	0.330911376947499	0.889730147622575	9
NOTCH4	-0.34370718567747			9
NOTUM	0.345454668489786	0.872266665087241	0.998639733078915	9
NOVA1	-0.55900525080908	0.146109310835329	0.714145542132545	9
NOVA2	-0.228810061553761	0.632456051095055	0.979380833016394	9
NOX1	-1.59276131666251	0.536566909579226	0.95784961223136	9
NOX4	0.0620619118095607	0.951427124028731	0.998639733078915	9
NOX5	1.57907238302646	0.0831956130349378	0.573514755318627	9
NOXA1	0.138507252078876	0.833760291900694	0.997915111894509	9
NOXRED1	0.598751969810718	0.315503290114978	0.880630245192925	9
NPAP1	2.58374140725808	0.0410989680959872	0.412561906695838	9
NPAS1	0.526670340584751	0.626016794139601	0.978573777801597	9
NPAS2	-0.344878919477813	0.442462833859583	0.930767263873637	9
NPAS3	2.80153006367691	0.00103775308143374	0.0569452536618718	9
NPAS4	-0.580808879597091	0.579933355709439	0.969055975901473	9
NPAT	-0.0597903899669115	0.894853011373408	0.998639733078915	9
NPC1	-0.194144930586406	0.570402442167833	0.966906276626216	9
NPC1L1	-0.644347142539354	0.518957292456964	0.953758404613893	9
NPC2	0.0938193043131524	0.749555106892982	0.991008075540888	9
NPDC1	0.120573037120728	0.778900949784319	0.992930756580613	9
NPEPL1	-0.132673111103772			9
NPEPPS	0.220135380414995	0.688187994134012	0.989171265391501	9
NPFF	-1.66043255636194	0.0571391620355801	0.481401809416439	9
NPFFR1	1.98005771490398	0.350612132886419	0.899092963457163	9
NPHP1	0.0100750580081325	0.982070996978323	0.99878393181735	9
NPHP3	-0.234014656246778	0.697147889749024	0.989276793964962	9
NPHP4	0.268669974253472	0.375153812306418	0.905673456930873	9
NPIPA1	-0.0785319291024629			9
NPIPA5	0.117141769151608			9
NPIPA7	-0.643769491117919	0.35152653096634	0.899092963457163	9
NPIPB11	-0.525115058455308	0.179272593233807	0.75589429032331	9
NPIPB12	-0.620444234925869	0.309505070360399	0.877235807280418	9
NPIPB13	0.507690151809413	0.426452345712993	0.923596388384353	9
NPIPB15	-1.31539124329214	0.0722561352573877	0.535966237454422	9
NPIPB2	0.660663978003747	0.478139270715623	0.941072442992838	9
NPIPB3	-0.439039480530546	0.565839035360913	0.965041713262426	9
NPIPB4	-0.411570700449675	0.656064322765375	0.982654069775495	9
NPIPB5	-0.0774270969306803			9
NPIPB6	0.311810615138292	0.623351355907761	0.978573777801597	9
NPIPB9	0.0113448694221978	0.987764082129656	0.999458538741689	9
NPL	0.796967243041309	0.0704420191647485	0.530156710832527	9
NPLOC4	-0.214792064053735	0.492378257782205	0.945530063911015	9
NPM1	-0.162869012448949	0.627213091382489	0.978573777801597	9
NPM2	-0.27388495996312	0.715984591618582	0.989276793964962	9
NPM3	0.0925301355866693	0.807806818936168	0.99582733040895	9
NPNT	-1.30367990187885	0.0208940079319698	0.297428100321628	9
NPPA	-0.818148814224766	0.444910097816128	0.932502844536203	9
NPPC	0.943841471656277	0.442873538009537	0.930967857385186	9
NPR1	-1.73229093178657	0.00220683922744594	0.0870993418083677	9
NPR2	0.937571448756301	0.0151992561358601	0.249008013120344	9
NPR3	-0.873891080312773	0.146826861461744	0.715284258097955	9
NPRL2	-0.350677054175446	0.243757452024561	0.826893107574444	9
NPRL3	-0.417036182856857	0.351353607113931	0.899092963457163	9
NPTN	-0.31299801724938	0.586683143979498	0.971161794932015	9
NPTX1	2.33509719276909	0.0309060349491596	0.36229542104952	9
NPTX2	0.628588384801978	0.293376925421248	0.869287720408175	9
NPTXR	-0.484865964516342	0.19905619127074	0.780997970767379	9
NPW	-0.70895728269365	0.471416385993391	0.939528895871055	9
NPY1R	0.011804211107646	0.987771210427571	0.999458538741689	9
NPY5R	0.176282325900319	0.909361829688038	0.998639733078915	9
NQO1	-0.0813356594550998	0.894525220127942	0.998639733078915	9
NQO2	-0.47600479445648	0.183976411705509	0.761211928138886	9
NR1D1	-0.934199155740824	0.0485608734183205	0.450662541199641	9
NR1D2	-0.499432469741222	0.208943056340143	0.793035479075249	9
NR1H2	-0.550157919722879	0.179207815894337	0.75589429032331	9
NR1H3	-0.42759099682807	0.374376422675792	0.905673456930873	9
NR1H4	-3.95889368419664	0.000475035976928552	0.0379027354348235	9
NR1I2	0.295865725387383	0.806255485223021	0.995590233849494	9
NR1I3	0.932291652415579	0.380376829986188	0.907021407027033	9
NR2C1	-0.44721912595827	0.152496051758309	0.723675843478971	9
NR2C2	-0.315710176900313	0.554685109023512	0.962944274695065	9
NR2C2AP	-0.00378284674579621	0.98889335983649	0.999458538741689	9
NR2E3	0.403085867665633	0.705220713947497	0.989276793964962	9
NR2F1	0.0235432828227844	0.933842803416179	0.998639733078915	9
NR2F2	-0.196324601778053	0.419689228674948	0.920099911550707	9
NR2F6	0.20140921925246	0.671743820612251	0.985298616459508	9
NR3C1	-0.372565613773467	0.448901383588834	0.932585632008735	9
NR3C2	0.120011192818506	0.870477280432706	0.998639733078915	9
NR4A1	2.43437056013704	0.000560402958140547	0.0424210670005775	9
NR4A2	2.8889103405304	1.45482305743278e-05	0.00511301027399172	9
NR4A3	1.64533770311066	0.0403106717118633	0.409068587092685	9
NR5A2	0.313632928250086	0.163807715783408	0.740390862280169	9
NR6A1	-0.128109974617104	0.78067611825411	0.99341960111525	9
NRARP	1.36186746701144	0.00725910817693476	0.167308485446074	9
NRAS	0.8103420387232	0.0289191240243084	0.349197053275557	9
NRBF2	-0.0679066499856352	0.838247694708095	0.998604146933345	9
NRBP1	-0.222372603150046	0.384809535432329	0.910863010956818	9
NRBP2	0.11035600181638	0.811946889928299	0.995936140923453	9
NRCAM	1.54463259017785	0.099252643235518	0.613769697025338	9
NRDC	-0.122417053065699	0.562628323084665	0.964946561877165	9
NRDE2	-0.110012441692453	0.580304627082539	0.969055975901473	9
NREP	1.60199331865911	0.161247366902541	0.737655789022242	9
NRF1	-0.246079988586756	0.292838329895374	0.869036306309934	9
NRG1	0.804378217773938	0.343559138722326	0.899092963457163	9
NRG2	2.56439589971794	0.0188535540991187	0.280824734669113	9
NRG4	0.897844284430873	0.472679418964799	0.939822409233973	9
NRGN	-1.61600737577054	0.023185072190135	0.31340187783753	9
NRIP1	0.994738800630598	0.0409491023107276	0.412409353909426	9
NRIP2	-0.762242078045928	0.0204897702433253	0.295072681523634	9
NRIP3	-0.755022838872353	0.0979799998704457	0.611794745383946	9
NRK	-0.244213316193755	0.77537516249068	0.992930756580613	9
NRL	0.248592047019539			9
NRM	-0.000205752029338845			9
NRN1	-0.56079314421187	0.449430188059001	0.932585632008735	9
NRN1L	-1.36579362669274	0.312190770039093	0.878197198925416	9
NRP1	0.551711325731901	0.108049693208814	0.636441149822548	9
NRP2	-0.619235902159848	0.468351727283489	0.939188868595478	9
NRROS	0.105068166734393	0.808105169038046	0.995936140923453	9
NRSN1	2.92189031469023	0.125960801451979	0.679443938788914	9
NRSN2	-1.09732734941879	0.0865693018683202	0.581692070720403	9
NRTN	1.02686434250697	0.449219861940347	0.932585632008735	9
NRXN1	2.86271230472068	0.00947655189897277	0.194282475806579	9
NRXN2	-0.353669136462726	0.379326987425829	0.906881065731184	9
NRXN3	0.505093970944167	0.495839637654861	0.946613606254215	9
NSA2	-0.280986875721542	0.364758168361745	0.90239123320911	9
NSD1	0.233666238959227	0.523512459302062	0.955391092995928	9
NSD2	0.867800827893836	0.0630086136469048	0.502740619482142	9
NSD3	0.15973158012382	0.660443998708058	0.982975949819678	9
NSDHL	0.179462674144887	0.615185132516098	0.976459053122344	9
NSF	-0.80616635199824			9
NSFL1C	-0.374907244687577	0.0669803924042837	0.517642707999807	9
NSG1	0.137768872746209	0.780883088872106	0.99341960111525	9
NSL1	-0.14327428805098	0.425668991490731	0.923242529682058	9
NSMAF	-0.21335442403535	0.306167077876987	0.876432473153517	9
NSMCE1	-0.609192667785861	0.215620807843046	0.798323137611018	9
NSMCE2	-0.463493179370199	0.148495599125314	0.717728729105686	9
NSMCE3	-0.0895851857454711			9
NSMCE4A	-0.467294051632165	0.0315037886317596	0.364441554853764	9
NSMF	-0.510986195484341	0.11473267205021	0.650372109114112	9
NSRP1	0.188733015672913	0.710796624207228	0.989276793964962	9
NSUN2	0.332408500461541	0.19595506732516	0.776508120479647	9
NSUN3	0.0642289425907917	0.856136199408424	0.998639733078915	9
NSUN4	0.146411960183872	0.565479480148306	0.965041713262426	9
NSUN5	-0.494600919198179	0.179121961032881	0.75589429032331	9
NSUN6	0.385915112704956	0.375350829389	0.905673456930873	9
NSUN7	0.952835261721573	0.00659325921255641	0.160334595117867	9
NT5C	-1.05961078604406	0.0776121755574377	0.553713544419206	9
NT5C1A	-0.240617014466293	0.787662123916677	0.994052363875907	9
NT5C2	0.259959629806877	0.67895620620025	0.986817416491918	9
NT5C3A	0.0718918923562085	0.852177411353187	0.998639733078915	9
NT5C3B	-0.339806894583418	0.258638144138878	0.842400186591788	9
NT5DC1	0.147615800730202	0.614876281452042	0.976405209428427	9
NT5DC2	-0.0900847356304672	0.88982521848166	0.998639733078915	9
NT5DC3	-0.941890272113663	0.107244738054484	0.634230600329425	9
NT5E	-0.282661304250326	0.501993189595569	0.949348943915356	9
NT5M	-0.82773387961744	0.143913344153338	0.711869112393627	9
NTAN1	-0.923763526175581			9
NTAQ1	0.0294440345363122	0.919796418989754	0.998639733078915	9
NTF3	0.483686918708115	0.48159049930169	0.942583536901557	9
NTF4	0.557770742115773	0.769809077885944	0.992930756580613	9
NTHL1	-0.693382643488532	0.257261720249886	0.840547211401925	9
NTM	-0.103568423242851	0.871070904179241	0.998639733078915	9
NTMT1	-0.0698596626562418	0.863162882103263	0.998639733078915	9
NTN1	-0.456632718258491	0.535382775430003	0.95784961223136	9
NTN3	4.1649898341044	0.0113296691719538	0.214807728357609	9
NTN4	0.727931658965533	0.173389289427983	0.750117028501308	9
NTN5	0.45914194513773	0.52021794625481	0.954142284377143	9
NTNG1	1.40156136994905	0.0249680204683888	0.32471625562457	9
NTNG2	-1.6017859059852	0.0261857185731285	0.33360538861592	9
NTPCR	0.186401268340986	0.590738872248128	0.971187979266693	9
NTRK1	-1.42086619415017	0.0939900878144696	0.600340842158973	9
NTRK2	-0.707248665256915	0.364239522402895	0.90239123320911	9
NTRK3	-0.368931150705079	0.469983805008676	0.939188868595478	9
NUAK1	-0.808346325424463	0.276706169716094	0.857348878445784	9
NUAK2	1.67123081527828	0.0157961832879943	0.254272040909579	9
NUB1	0.0892341008465652	0.806270901992486	0.995590233849494	9
NUBP1	-0.157616760036328	0.715369877980056	0.989276793964962	9
NUBP2	-0.45220181219448	0.360395385110039	0.901129021301342	9
NUBPL	-0.352755804564891	0.212220119509577	0.794171927467666	9
NUCB1	-0.798732921716057	0.155604336281199	0.727862257442023	9
NUCB2	-0.0484409687559705	0.931234623181845	0.998639733078915	9
NUCKS1	-0.189115233913586	0.473006286801238	0.939835166018185	9
NUDC	-0.206996174190886	0.529458435045513	0.957299775766752	9
NUDCD1	0.136590645478677	0.678057839901815	0.98672896048664	9
NUDCD2	-0.111260907322756	0.627161756055468	0.978573777801597	9
NUDCD3	-0.106520419938846	0.689486976676677	0.989171265391501	9
NUDT1	-0.554764174705575	0.402047858945426	0.915238409840383	9
NUDT10	-0.224639998215393	0.487259371459152	0.944013070233436	9
NUDT11	-0.31484653145554	0.329425533822102	0.888317556585321	9
NUDT12	0.066438778407487	0.876126318972005	0.998639733078915	9
NUDT13	-0.0289663376897676	0.949403738894297	0.998639733078915	9
NUDT14	0.201882560005636	0.743975370464795	0.991008075540888	9
NUDT15	0.535621826210266	0.0932308136615372	0.598177801449138	9
NUDT16	-0.0186099040455588	0.956569161573516	0.998639733078915	9
NUDT16L1	-0.330058281597499	0.460590393890131	0.937747940696302	9
NUDT17	-0.0582856341343502	0.894271868552145	0.998639733078915	9
NUDT18	-0.252812958024685	0.562744139810478	0.964946561877165	9
NUDT19	0.461744562430446	0.32528828845436	0.886440418500972	9
NUDT2	-0.196446807203663	0.567222105822162	0.965197510973307	9
NUDT21	0.551007298742495	0.260048218502571	0.842792685728616	9
NUDT22	-0.106735909652317	0.848050099451331	0.998639733078915	9
NUDT3	0.126089903436082	0.871793106274118	0.998639733078915	9
NUDT4	0.238866704908675	0.515063271265933	0.953680371468858	9
NUDT5	0.0859262998983227	0.792929568481286	0.994276399100931	9
NUDT6	-0.135060646167306	0.853046573415872	0.998639733078915	9
NUDT7	-0.399978781957145	0.602007978904645	0.974057468095769	9
NUDT8	-0.040707630753657	0.947224718842743	0.998639733078915	9
NUDT9	-0.304485032378807	0.267679433789715	0.847767249375861	9
NUF2	1.91292866492119	0.087226198024744	0.583647614531442	9
NUFIP1	0.262960185691837	0.447038186161782	0.932585632008735	9
NUFIP2	0.294899391237812	0.268234437951139	0.848042532738	9
NUMA1	-0.474740764001962	0.174563958849132	0.751250158017082	9
NUMB	0.10502627730713	0.676939762549414	0.986018140417594	9
NUMBL	-0.146747848915761	0.485726119380139	0.943891949469487	9
NUP107	-0.0880356371012553	0.748570005604779	0.991008075540888	9
NUP133	-0.123288063552002	0.648289596634532	0.980691547015745	9
NUP153	0.21711299972696	0.548643351685492	0.961089318650903	9
NUP155	0.303553277513648	0.320281951520707	0.884742116921954	9
NUP160	0.277366142727167			9
NUP188	0.339086521156066	0.151432560191745	0.722080305349481	9
NUP205	0.301427471153793	0.19997745761753	0.782573502622577	9
NUP210	1.92578074709249	0.00872203964666952	0.186318418559318	9
NUP210L	0.715651495186307	0.638203358110278	0.980691547015745	9
NUP214	0.0236905813096282	0.91815264968399	0.998639733078915	9
NUP35	0.0400751096539285	0.899510899628258	0.998639733078915	9
NUP37	-0.159470847520022	0.614925736341445	0.976405209428427	9
NUP42	-0.245382419428997	0.413517431400934	0.91719471148147	9
NUP43	-0.159909751484867	0.672042743873884	0.985298616459508	9
NUP50	0.305638233892938	0.254028919236832	0.839356367845794	9
NUP54	-0.0851554329488828	0.810320479689337	0.995936140923453	9
NUP58	0.23859102270259	0.481865642535838	0.94271760619919	9
NUP62	0.150979038008267	0.552282018792757	0.96218995166999	9
NUP62CL	3.07871758051999	0.0338811688626343	0.37462167309464	9
NUP85	0.0436892453055799	0.86945376773079	0.998639733078915	9
NUP88	0.334663085532891	0.124411753558482	0.675776875123707	9
NUP93	-0.0668312540565285	0.803426321748382	0.995590233849494	9
NUP98	0.356943086035527	0.308520821278051	0.877133251711347	9
NUPR1	-1.16164798428455	0.252289746323487	0.838161746834043	9
NUS1	0.377891661665038	0.229799419562041	0.808244559806673	9
NUSAP1	2.74640127109918	0.0115553990115893	0.216733474981029	9
NUTF2	-0.159642817962079	0.698491483630477	0.989276793964962	9
NUTM2A	-0.14044705886734	0.856611998380572	0.998639733078915	9
NUTM2D	-0.295181628078718	0.575789243278222	0.968284112085412	9
NUTM2E	0.0112226491018582	0.991689016666722	0.999620666732609	9
NUTM2F	-0.0951803634743197	0.952502341956868	0.998639733078915	9
NUTM2G	-0.109394635031784	0.845267480073307	0.998639733078915	9
NVL	0.290161522737867	0.417881313541233	0.919780432363111	9
NWD1	2.38191354334964	0.0203926304765272	0.294247916387114	9
NXF1	-0.14841552224053	0.598831327791766	0.973498192071791	9
NXF3	0.683508796212309	0.585647984311326	0.971161794932015	9
NXN	-0.0942070440890499	0.765475377050719	0.992930756580613	9
NXNL2	0.299786620350696	0.720984173044413	0.990516044835733	9
NXPE2	-0.0404242129967045	0.977792978617296	0.998639733078915	9
NXPE3	-0.0345602300639245	0.919110127857008	0.998639733078915	9
NXPH2	-0.375502544294267	0.825293890117826	0.997459757021024	9
NXPH3	-0.318280197895647	0.585498690703235	0.971161794932015	9
NXPH4	1.22323674982304	0.374637433233589	0.905673456930873	9
NXT1	0.46970492175297	0.120126355882547	0.666610954579802	9
NXT2	0.766765084689175	0.0593992997933514	0.490112403124459	9
NYAP1	-1.16823560065571	0.0594623708666746	0.490112403124459	9
NYNRIN	0.105798996714955	0.746594287183525	0.991008075540888	9
OAF	0.433949506719083	0.406070703057031	0.915238409840383	9
OARD1	-0.0918391619033143	0.763312250262843	0.992788902596531	9
OAS1	0.308695623487952	0.479118621490882	0.941072442992838	9
OAS2	1.10242598506118	0.015758972634987	0.253949994612493	9
OAS3	1.16083683897	0.0323080800872759	0.368262216346162	9
OASL	0.506239515469902	0.510430364003127	0.951538693830295	9
OAT	-0.199542075336819	0.578184693976837	0.969055975901473	9
OAZ1	-0.305568016715316	0.479828806654966	0.941072442992838	9
OAZ2	-0.305048160193186	0.178544165959872	0.754938537305549	9
OBI1	-0.358549578027317	0.360234534175682	0.901129021301342	9
OBSCN	0.254999887710812	0.62332638316472	0.978573777801597	9
OBSL1	-0.58968575283802	0.0413273423862112	0.413190129686998	9
OCEL1	-0.642628543356461	0.157404887113287	0.730493083766552	9
OCIAD1	-0.108742136455818	0.735199506290521	0.991008075540888	9
OCIAD2	0.972109382370586	0.152375710476566	0.723675843478971	9
OCLN	4.03249752311546	0.00943595741711054	0.193815298019812	9
OCRL	-0.25278862511766	0.587510553498997	0.971161794932015	9
ODAD1	2.50657189610364	0.0115822966572487	0.216962285479248	9
ODAD2	0.186899357853502	0.765681210053779	0.992930756580613	9
ODAD3	-0.23918324404906	0.80216019351537	0.995590233849494	9
ODAD4	0.571354436799645	0.366366347833482	0.90239123320911	9
ODAM	-2.99161212847869	0.0931592192758396	0.598139728460491	9
ODC1	0.218538485682464	0.507427875413354	0.951538693830295	9
ODF2	0.373273894914729	0.0982076733229815	0.611980350722711	9
ODF2L	0.337690328414473	0.60122960185844	0.974057468095769	9
CIMAP1B	0.33974154758559	0.584040271444291	0.971044432408191	9
CIMAP1C	-0.859342487697746	0.388479228588957	0.911850347346707	9
ODR4	0.244606995196778	0.648408279974509	0.980691547015745	9
OFD1	0.130188411357612	0.785821158165387	0.994052363875907	9
OGA	-0.245448933376412	0.453908015051827	0.934203669144002	9
OGDH	0.0458460224854555	0.89778888959228	0.998639733078915	9
OGDHL	1.67389705819346	0.0793996041711192	0.560985194420479	9
OGFOD1	0.252202031433087	0.339936049145096	0.896524077278898	9
OGFOD2	-0.494643639706855	0.625227483638004	0.978573777801597	9
OGFOD3	-0.183319518729815	0.618337905882724	0.977406778856767	9
OGFR	-0.203163413322144	0.50261723821062	0.949352252865382	9
OGFRL1	-0.0457957440915196	0.900097452501294	0.998639733078915	9
OGG1	-0.301281937010292	0.294146970412681	0.869965782411697	9
OGN	0.221752299210403	0.681478668730816	0.987306006486237	9
OGT	0.1501521089439	0.691788296725011	0.989171265391501	9
OIP5	2.44090023234303	0.0282276511024314	0.3467278248125	9
OLA1	0.273832931640199	0.380192070654593	0.907021407027033	9
OLFM1	2.15799504623842	0.000104107355800741	0.0168871283403818	9
OLFM2	0.337860766604819	0.372488343643577	0.905673456930873	9
OLFM3	-1.55604125901669	0.295597432498489	0.870082505129096	9
OLFM4	4.21742346560408	0.00324551852390563	0.10966823841068	9
OLFML1	0.0225902004435194	0.937741332193767	0.998639733078915	9
OLFML2A	-1.37389495496649	0.00712994734075481	0.166791050232776	9
OLFML2B	0.382848715695447	0.436544948040556	0.928257515958762	9
OLFML3	-0.261343084743018	0.49984224253698	0.94888930167018	9
OLR1	0.608136784236173	0.553369809275984	0.9626262906904	9
OMA1	0.0451399713166533	0.914005583171726	0.998639733078915	9
OMD	-0.744192138224454	0.269023885432396	0.848695964307358	9
OMG	3.50948598084718			9
ONECUT2	0.458183907325899	0.768496451168149	0.992930756580613	9
OPA1	0.109874724547071	0.760284773193637	0.991955190535962	9
OPA3	0.135163223452021	0.71765174545163	0.989276793964962	9
OPCML	-1.16281541618228	0.128452500970337	0.682562328088299	9
OPHN1	-0.474375044733908	0.31982887988303	0.884742116921954	9
OPLAH	-0.306486671761806	0.449335138093482	0.932585632008735	9
OPN3	3.45537895095615	0.00354484859243634	0.114497833857665	9
OPRL1	-0.0166837159704142	0.988837412700017	0.999458538741689	9
OPTN	-0.146465944951298	0.727643381708186	0.991008075540888	9
OR10A2	-0.953388531127021	0.664114683606544	0.983348063468372	9
OR1L8	0.266838906492524	0.815921957122861	0.995966406600323	9
OR2A42	-0.54885878020035	0.812962524444632	0.995936140923453	9
OR2A7	-0.244839996060228	0.937045122549282	0.998639733078915	9
OR51E1	0.416001481722625	0.449457376270885	0.932585632008735	9
OR51E2	0.0685282306506617	0.926327200704272	0.998639733078915	9
OR7D2	2.25453567454389	0.307637374098124	0.876432473153517	9
ORAI1	0.208374144355995			9
ORAI2	-0.143168000334166	0.781600236706707	0.993729637728484	9
ORAI3	-0.713508281110237	0.215539110916193	0.798323137611018	9
ORC1	2.50222800704506	0.0110722551252088	0.213086776927258	9
ORC2	0.0795029840198512	0.826009294095573	0.99746225363255	9
ORC3	-0.260131156619615	0.458231542873236	0.936616815343768	9
ORC4	-0.0956512784323277	0.778490720169279	0.992930756580613	9
ORC5	-0.302491841031251	0.332111757035921	0.890518010101223	9
ORC6	1.85238354409749	0.0124393245774859	0.224745251026033	9
ORM1	2.50810833680958	0.113977019331733	0.648329395898156	9
ORM2	2.44029879620191	0.0409778614862536	0.412409353909426	9
ORMDL1	-0.309538231391725	0.410248170337939	0.91601809761032	9
ORMDL2	0.11667240388434	0.851867296423214	0.998639733078915	9
ORMDL3	-0.0378447247450176	0.871667115310128	0.998639733078915	9
OS9	-0.00285320603308229	0.994705827530231	0.999620666732609	9
OSBP	0.304483821354631	0.401321167639241	0.914991131944397	9
OSBP2	-0.111594662973227	0.775512417114449	0.992930756580613	9
OSBPL10	0.625176323965936	0.280567398825471	0.860830466444143	9
OSBPL11	0.327492828361397	0.440196136002917	0.929498191107035	9
OSBPL1A	-0.501691274450553	0.190350907776586	0.767953272522486	9
OSBPL2	0.0077504829429135	0.967603164897441	0.998639733078915	9
OSBPL3	1.35851114941037	0.0199367087214529	0.2896513360604	9
OSBPL5	-0.597608388671969	0.104923918397047	0.628298316800495	9
OSBPL6	-0.567204636079531	0.27254198573254	0.852130665631101	9
OSBPL7	-0.25530606022987	0.41878114910347	0.919780432363111	9
OSBPL8	-0.369280285838829	0.448513179289138	0.932585632008735	9
OSBPL9	-0.297400697634286	0.477259263624794	0.940941389680967	9
OSCAR	1.51308656187832	0.299116603435624	0.873962823300325	9
OSCP1	0.0298089964438899	0.939402207161109	0.998639733078915	9
OSER1	0.16458416835835	0.648787101022465	0.980691547015745	9
OSGEP	-0.371440954483169	0.27056186980916	0.849828788594992	9
OSGEPL1	-0.261258360673806	0.478560421406202	0.941072442992838	9
OSGIN1	-0.713772084697331	0.324876608880514	0.886080378644328	9
OSGIN2	-0.938990970557972	0.186515633040422	0.765079182510763	9
OSM	2.19292309993759	0.0227465755735111	0.310316268059702	9
OSMR	0.292499137001297	0.522493226562428	0.955391092995928	9
OSR1	0.234130346912276	0.752909189018242	0.991008075540888	9
OSR2	-1.04761959937159	0.000793272408836604	0.0509101684117623	9
OST4	-0.208774304199511	0.580980962846485	0.969242765887994	9
OSTC	0.639248915848238	0.154356263365529	0.727364000909456	9
OSTF1	0.867541572692687	0.0329611042619498	0.370328662012678	9
OSTM1	-0.565435602943735	0.273606789711088	0.852564368485894	9
OTOGL	-0.0523545025216971	0.965458415945984	0.998639733078915	9
OTUB1	-0.222475121932272	0.606206699723839	0.974885729870166	9
OTUB2	-0.0884966065150959			9
OTUD1	0.413878615016521	0.447662399104246	0.932585632008735	9
OTUD3	-0.108338556098655	0.726323308093174	0.991008075540888	9
OTUD4	0.32192607233245	0.387956118086845	0.911301759879046	9
OTUD5	-0.129013881684798	0.642804703484333	0.980691547015745	9
OTUD6B	-0.00669526643545023	0.987928124384079	0.999458538741689	9
OTUD7A	-0.76266142100703	0.405547725407367	0.915238409840383	9
OTUD7B	0.253551005897468	0.386355934478783	0.910863010956818	9
OTULIN	0.0204032248183509	0.941643451433247	0.998639733078915	9
OTULINL	-1.22569356125931	0.00605852886864096	0.152610827013668	9
OVCA2	-0.0198542376493227	0.988338502450476	0.999458538741689	9
OVCH2	-3.45425002431496	0.0991314464526202	0.613277150497538	9
OVGP1	4.60280998036521	3.02137439034884e-05	0.00706132209849881	9
OVOL1	2.50083351518191	0.0877711521813129	0.585180658242258	9
OVOL2	4.65255102520635	0.0537804978654056	0.472692722723396	9
OXA1L	-0.261102609449753	0.277691387175944	0.857480226675461	9
OXCT1	-0.0587984105955296	0.907523709426059	0.998639733078915	9
OXCT2	-0.320880779759827	0.747276585319534	0.991008075540888	9
OXER1	-0.268957811901288	0.74471684237219	0.991008075540888	9
OXGR1	0.40226854055525	0.674651178781297	0.985298616459508	9
OXLD1	-0.328674745045063	0.536259931867013	0.95784961223136	9
OXNAD1	0.0040708331225857	0.993132338730443	0.999620666732609	9
OXR1	0.684044606790854	0.136608614332418	0.700497286672099	9
OXSM	0.341013547709497	0.478600299322843	0.941072442992838	9
OXSR1	0.413296426932198	0.22345604395993	0.805281900608526	9
OXTR	0.580799107932532	0.541873171518788	0.959523738578315	9
P2RX1	-0.204277014795338			9
P2RX2	-3.21639270090127	0.00411765417554294	0.123076287334395	9
P2RX4	-0.0424004161873046	0.921210444484635	0.998639733078915	9
P2RX5	-1.40702166458361	0.378643065290317	0.906447911395215	9
P2RX6	1.32797711286712	0.100794515363984	0.618639435046888	9
P2RX7	-0.956684846871139	0.170430115555739	0.748077226132283	9
P2RY1	-0.962861525081992	0.129310908069492	0.684879194120479	9
P2RY10	0.142770834814567	0.870373259518752	0.998639733078915	9
P2RY11	-0.467062887540459			9
P2RY12	-0.966233110559062	0.473965602928689	0.939899973963271	9
P2RY13	-0.820454665640424	0.281082802862881	0.861181225180475	9
P2RY14	1.27110168785413	0.12384482289215	0.675125977949663	9
P2RY2	1.78349672794416	0.0227031528543389	0.310010397116463	9
P2RY6	0.0937268725946994	0.886540961824256	0.998639733078915	9
P2RY8	0.252303195842954			9
P3H1	0.281172565365553	0.491190276929936	0.944931536265188	9
P3H2	-0.458554968087794	0.407782830015949	0.915271886809331	9
P3H3	-0.825007155616196	0.110284414205126	0.639649602389729	9
P3H4	0.488630175266213	0.236912464650123	0.816128387136306	9
P4HA1	0.683887852065586	0.0474853549839209	0.446153980281923	9
P4HA2	-0.260648705546618	0.672782085688981	0.985298616459508	9
P4HA3	-0.107709459694563	0.92857884028351	0.998639733078915	9
P4HB	0.546332795661616	0.34511677412265	0.899092963457163	9
P4HTM	-0.102625805876269	0.767964567257555	0.992930756580613	9
PA2G4	0.0721020606501603	0.829600159093457	0.99746225363255	9
PAAF1	-0.310632153049939	0.355597291751734	0.899926179335231	9
PABIR1	-0.381071234685487	0.126628225250953	0.679443938788914	9
PABIR2	-0.0655552900077715	0.830304855489558	0.99746225363255	9
PABIR3	0.958337235080199	0.0354320080069738	0.383439787530015	9
PABPC1	0.223785161652712	0.479876179012742	0.941072442992838	9
PABPC1L	1.18046509148257	0.0765104580655791	0.549037856833259	9
PABPC4	-0.268740034128726	0.260101312236422	0.842792685728616	9
PABPC4L	1.52320800534948	0.00257342885035527	0.0961680588863141	9
PABPC5	0.14110497111388	0.726951356125791	0.991008075540888	9
PABPN1	-0.140884994028173			9
PACC1	0.673981461204056	0.205227912748541	0.788798007916763	9
PACRG	0.873282439130209	0.258182035748922	0.842029392330939	9
PACRGL	-0.0270525647226567	0.932018903852748	0.998639733078915	9
PACS1	-0.303414801616003	0.400403820658614	0.914774925977681	9
PACS2	-0.365587828976811	0.249741695935909	0.837019482631499	9
PACSIN1	2.6809173683906	0.0108651246394351	0.211026453687766	9
PACSIN2	-0.471932809982184	0.131694987800805	0.690679235740588	9
PACSIN3	-0.745752517139176	0.0393288432077587	0.404184446816787	9
PADI2	-0.161968147348898	0.829122709973563	0.99746225363255	9
PAEP	-0.370878231335159	0.84089580026248	0.998604146933345	9
PAF1	-0.275082211755386	0.321748691216177	0.885543112951723	9
PAFAH1B1	-0.247719325115081	0.411613757699617	0.916829738555009	9
PAFAH1B2	-0.0867679568591451	0.717768010640319	0.989276793964962	9
PAFAH1B3	0.176844194332914	0.845297782573407	0.998639733078915	9
PAFAH2	0.53188644578552	0.0436631810756363	0.423806501011616	9
PAG1	1.6919360773845	0.00203998111650125	0.0837426340189251	9
PAGE4	-1.6784867650488	0.064640191767068	0.508467842524957	9
PAGR1	-0.432977034621404	0.532950211040896	0.95784961223136	9
PAICS	0.518872235541973	0.22388359522959	0.806035548581458	9
PAIP1	0.0731619999234652	0.742778147892481	0.991008075540888	9
PAIP2	0.124996869280062	0.790360364581029	0.994052363875907	9
PAIP2B	0.364772851845418	0.506423399146368	0.951008032046065	9
PAK1	0.424436786435255	0.251226681501025	0.838097512370475	9
PAK1IP1	-0.0752962502815524			9
PAK2	0.148854768379474	0.672155358170689	0.985298616459508	9
PAK3	-0.342893100716268	0.593748914516962	0.971886033994504	9
PAK4	-0.0601980388859149	0.849060327832547	0.998639733078915	9
PAK5	3.43739334357868	0.0312899786721875	0.364040373732223	9
PAK6	1.41526977789265			9
PALB2	0.0951984855394878	0.783050740637568	0.993822153589029	9
PALD1	0.0149338461036142	0.954626237081276	0.998639733078915	9
PALLD	-0.110536919230113	0.856102881105092	0.998639733078915	9
PALM	-0.846761629643157	0.147083653694638	0.71554489855417	9
PALM2AKAP2	-0.137046651293451	0.858427787584412	0.998639733078915	9
PALM3	1.27712017295869			9
PALMD	-0.265516978197694	0.689867759181634	0.989171265391501	9
PAM	0.398886843467039	0.125126999222408	0.677052652317435	9
PAM16	-0.309432078757698			9
PAMR1	0.733929596976481	0.296990873430271	0.871547173499848	9
PAN2	0.0165613855196815	0.965592558863123	0.998639733078915	9
PAN3	0.167831665261551	0.661927078256161	0.983171338937342	9
PANK1	1.52492276823486	0.00587798322146971	0.150595641941503	9
PANK2	0.0425926370774157	0.884758144827594	0.998639733078915	9
PANK3	0.0350213799854718	0.935155265503196	0.998639733078915	9
PANK4	-0.664477597825125			9
PANX1	0.735201398577384	0.0845733994677691	0.576889070953669	9
PANX2	-0.562238479351094	0.356568578462221	0.899926179335231	9
PAOX	-0.354702033090933	0.704582658093597	0.989276793964962	9
PAPLN	-0.240549342677249	0.53294359694537	0.95784961223136	9
PAPOLA	0.082524756274909	0.769013040830755	0.992930756580613	9
PAPOLG	-0.0035718446414744	0.988977602767037	0.999458538741689	9
PAPPA	-0.323592646911922	0.545902933786369	0.960668683051641	9
PAPPA2	1.47076991977044			9
PAPSS1	1.86880554677932	0.00178688692500524	0.0792079216216288	9
PAPSS2	0.956029645275656	0.00306334326538573	0.10766099766837	9
PAQR3	-0.277016784988237	0.483300342595815	0.942995405287983	9
PAQR4	2.32853004313334	0.00902478086761274	0.189494723167613	9
PAQR5	1.27212434708113	0.0707216582238507	0.530657428609429	9
PAQR6	0.266029123592324	0.5665399357342	0.965061168919095	9
PAQR7	-0.154124729181435	0.658263016710456	0.982975949819678	9
PAQR8	0.544283275661091	0.175017249685217	0.751250158017082	9
PARD3	-0.189557064284999	0.624665057747102	0.978573777801597	9
PARD3B	-0.0121216450920333	0.984840428176304	0.999397054881783	9
PARD6A	0.214983738122068	0.711221161777047	0.989276793964962	9
PARD6B	0.804619829771323	0.499903494346018	0.94888930167018	9
PARD6G	-0.304988589801698	0.468195920715062	0.939188868595478	9
PARG	0.316888347499286	0.35131116233864	0.899092963457163	9
PARK7	-0.436501575864796	0.315995255385303	0.881426757395846	9
PARL	-0.529943701660635	0.44245009880214	0.930767263873637	9
PARM1	0.0237761029685534	0.953993512482621	0.998639733078915	9
PARN	-0.592335825851566			9
PARP1	0.631952728705837	0.0642657344782952	0.506704764272384	9
PARP10	-0.223809487386162	0.61791935376969	0.977396250807779	9
PARP11	0.257542299730544	0.387815742105651	0.911301759879046	9
PARP12	-0.305104280150085	0.32252212372829	0.885543112951723	9
PARP14	0.290226891887219	0.246545763004622	0.832211755708032	9
PARP15	-0.391896372965766	0.438417100655574	0.928941789266548	9
PARP16	0.14537201305158	0.747236884857903	0.991008075540888	9
PARP2	-0.192117178235099	0.427057368879795	0.923608338376662	9
PARP3	-0.402106628468616	0.247509720362838	0.834188414193187	9
PARP4	0.664953370283393	0.0807836371655179	0.565945547318561	9
PARP6	-0.213302927519952	0.52282485394596	0.955391092995928	9
PARP8	-0.0782939145726779	0.812997138154419	0.995936140923453	9
PARP9	0.484599680872967	0.12181476644532	0.671407782337969	9
PARPBP	1.17709950132862	0.086624492156894	0.581739821987221	9
PARS2	0.0143960969218225	0.980316145036291	0.998639733078915	9
PARVA	-0.240766814847032	0.645459965065754	0.980691547015745	9
PARVB	-0.400468337712728	0.417515032402042	0.919780432363111	9
PARVG	0.143736593950064	0.811880550515237	0.995936140923453	9
PASK	0.553573078368884	0.22987291571779	0.808244559806673	9
PATJ	0.802028111525604	0.0287959143872264	0.348988736932948	9
PATL1	0.0935925525218295	0.795779751385756	0.994714385280344	9
PATL2	0.102186522437067	0.848471772042414	0.998639733078915	9
PATZ1	0.272584798639637	0.410831584214409	0.91601809761032	9
PAWR	-0.319912715267037	0.51068392354987	0.951538693830295	9
PAX2	2.83813630605243	0.0230169914220383	0.312273722776386	9
PAX5	0.404937310336898	0.789755499988111	0.994052363875907	9
PAX8	1.91361451123446	0.0857745629122494	0.580255876786303	9
PAXBP1	-0.0805441226054247	0.856481522657478	0.998639733078915	9
PAXIP1	0.243334145634876	0.696349887304309	0.989276793964962	9
PBDC1	-0.339066675425339	0.402489655185821	0.915238409840383	9
PBK	4.89814574951979	0.000151483836563889	0.020327753741087	9
PBLD	0.25861139640005	0.399715407189338	0.914438028200431	9
PBRM1	-0.0143693580599137	0.975871066502715	0.998639733078915	9
PBX1	-0.655288600972651	0.243905737441849	0.826893107574444	9
PBX2	-0.838505531460139			9
PBX3	0.0355565634904504	0.940591049130942	0.998639733078915	9
PBX4	0.254061135308036	0.71642345640408	0.989276793964962	9
PBXIP1	-0.182752165113986	0.637314305683585	0.980691547015745	9
PC	-0.569725781301595	0.409891752702643	0.91601809761032	9
PCBD1	0.385500660659154	0.343379496713515	0.899092963457163	9
PCBD2	0.677173239730246	0.25200553221497	0.838161746834043	9
PCBP1	-0.0605687750218465	0.967829192668742	0.998639733078915	9
PCBP2	0.228341093500626	0.516176196403206	0.953680371468858	9
PCBP3	-1.12139978801919	0.111796332593161	0.64449489779145	9
PCBP4	-0.297272924470089	0.542887452059443	0.959822934465138	9
PCCA	0.295295106363981	0.302926907392675	0.874342355309609	9
PCCB	0.325554201569551	0.392304289340353	0.912807186165296	9
PCDH1	0.57206234672202	0.344028445763902	0.899092963457163	9
PCDH10	3.06698301364076	0.000201397388302678	0.0234080854231167	9
PCDH11X	2.48293381261996			9
PCDH12	0.47977915967684	0.236820685673396	0.816128387136306	9
PCDH17	1.33114500688213	0.0701249854601983	0.529173808342532	9
PCDH18	0.67774883218239	0.173818877147739	0.751250158017082	9
PCDH19	1.70962226312234	0.0057353296566315	0.148005596261429	9
PCDH20	2.33900860536563	0.0503726559560804	0.456593762377694	9
PCDH7	0.539189619660371	0.256638727421279	0.840547211401925	9
PCDH9	1.18629954692422	0.0814187995915229	0.567969234768653	9
PCDHA1	-0.447314512165743	0.867057686318564	0.998639733078915	9
PCDHA10	-0.623558966592383	0.235325082516812	0.813141339593178	9
PCDHA12	-1.05892340739377	0.433455158189905	0.926809311141991	9
PCDHA13	-0.767471084253321	0.530726164487294	0.957299775766752	9
PCDHA2	-0.884732976488676	0.375657734656606	0.905673456930873	9
PCDHA3	-0.946956651743711	0.192066126159033	0.770404371802577	9
PCDHA4	0.642060953075392	0.515432257765693	0.953680371468858	9
PCDHA5	-0.0150809602774743	0.989078761191668	0.999458538741689	9
PCDHA6	-0.849636056707506	0.350680890273427	0.899092963457163	9
PCDHA7	-0.019571249400992	0.982573595929807	0.999070375492198	9
PCDHAC1	1.2008347408208	0.278389745605602	0.858073193290024	9
PCDHAC2	1.15612325655498	0.212734933290871	0.794171927467666	9
PCDHB10	0.358855569652296	0.313498358618077	0.879878415964762	9
PCDHB11	0.621635490750562	0.133729370990889	0.693354143026524	9
PCDHB12	0.146102435188479	0.691582642452417	0.989171265391501	9
PCDHB13	-0.200267330482005	0.689894598187706	0.989171265391501	9
PCDHB14	0.101873050307851	0.784899531372259	0.994052363875907	9
PCDHB15	-0.161812663652855	0.616337754767503	0.977025239540628	9
PCDHB16	0.67176982957233	0.0984365939086965	0.611980350722711	9
PCDHB2	0.696610943888622	0.0735323900783111	0.540459281805551	9
PCDHB3	0.514437725752213	0.443332746676257	0.931667806618484	9
PCDHB4	0.197497341996442	0.652222820286427	0.981292533915803	9
PCDHB5	-0.39004848707167	0.491094077127171	0.944931536265188	9
PCDHB6	-0.301353859091589	0.608203095236155	0.975199423069832	9
PCDHB7	-0.354370941500497	0.553148977764255	0.962588268076922	9
PCDHB8	0.43125124447759	0.468573808535725	0.939188868595478	9
PCDHB9	0.295622743492941	0.588625878119782	0.971161794932015	9
PCDHGA1	-0.929115014185901	0.144178970699613	0.711869112393627	9
PCDHGA10	0.209248250962383	0.739649594644274	0.991008075540888	9
PCDHGA11	-0.278581593624909	0.615275359930026	0.976462701637148	9
PCDHGA12	-0.279813013344731	0.769143484070098	0.992930756580613	9
PCDHGA2	-0.460035458462519	0.413162941396244	0.91719471148147	9
PCDHGA3	-0.579017971230029	0.381179972734224	0.907683128181507	9
PCDHGA4	-1.088108394549	0.166255064383807	0.743424340491471	9
PCDHGA5	0.321812740071149	0.617204630261193	0.977025239540628	9
PCDHGA6	0.10220818639386	0.846907034148142	0.998639733078915	9
PCDHGA7	-0.0313554687448469	0.946245977934159	0.998639733078915	9
PCDHGA8	0.765421990493871	0.336379300082831	0.894300807929598	9
PCDHGA9	0.6234323199077	0.484357347376631	0.943726621213358	9
PCDHGB1	-0.0092118432162961	0.993132636416213	0.999620666732609	9
PCDHGB2	-0.297565718159172	0.603174176174979	0.974057468095769	9
PCDHGB3	-0.56832673023562	0.420093148744915	0.920438617874972	9
PCDHGB4	0.305753401801346	0.591318749614498	0.971187979266693	9
PCDHGB5	0.544677804250805	0.463978514909769	0.938355642512777	9
PCDHGB6	-0.180688416121748	0.696049691590718	0.989276793964962	9
PCDHGB7	0.105319623709052	0.854555479823187	0.998639733078915	9
PCDHGC3	0.406369337102931	0.530738940134631	0.957299775766752	9
PCDHGC4	0.236565050619774	0.811551546003975	0.995936140923453	9
PCDHGC5	0.00206712376961518	0.997199007293341	0.999620666732609	9
PCED1A	-0.380298575704987	0.39307797480302	0.912945341948813	9
PCED1B	-0.923428547308322	0.0692527081835905	0.528507226509239	9
PCF11	-0.0544035866440974	0.918687064148936	0.998639733078915	9
PCGF1	-0.426684678329386	0.17734719572143	0.752463913780981	9
PCGF2	0.027774960316705			9
PCGF3	0.0322697419306451	0.914067788656732	0.998639733078915	9
PCGF5	-0.0650256551444608	0.877975478780851	0.998639733078915	9
PCGF6	-0.215773292703815	0.591611753547497	0.971324668364043	9
PCID2	0.0758561048869724	0.804005392529629	0.995590233849494	9
PCIF1	-0.788210043762921	0.0318901300344842	0.365879234068636	9
PCK1	1.50579857036466	0.339724569549244	0.896524077278898	9
PCK2	0.991176196826159			9
PCLAF	4.50583015744782	0.000579473611575189	0.0425163385236661	9
PCLO	0.564943465859268	0.433689088426596	0.926809311141991	9
PCM1	-0.00161194830562419	0.997037245549066	0.999620666732609	9
PCMT1	0.109078531393119	0.751714514499866	0.991008075540888	9
PCMTD1	-0.0606685641761067	0.893049366367143	0.998639733078915	9
PCMTD2	-0.0822927684978368	0.898291291316511	0.998639733078915	9
PCNA	0.267141666175265	0.649359778189836	0.980884126674189	9
PCNP	0.0258681493552079	0.929822155950205	0.998639733078915	9
PCNT	-0.000800937570090498	0.997345843990557	0.999620666732609	9
PCNX1	0.0330542974157833	0.925880087884167	0.998639733078915	9
PCNX2	0.371349949161724	0.340971009585417	0.897801118888751	9
PCNX3	-0.117255066151748	0.737423487454609	0.991008075540888	9
PCNX4	0.274646535316003	0.48399975531775	0.94344039377311	9
PCOLCE	-1.19721199706876	0.148857554665354	0.718772117898361	9
PCOLCE2	-1.2896229101686	0.174662404862978	0.751250158017082	9
PCP2	3.64186322328643	0.00464169259792629	0.131005782864226	9
PCP4	-1.4311197872127	0.242752889342206	0.825069168680706	9
PCP4L1	0.220014457326025			9
PCSK1	-1.03385003566547	0.387237109428869	0.910869371915953	9
PCSK1N	-2.39656943663541	0.00657125596355575	0.16006321663044	9
PCSK2	-0.328914152156326	0.807707406171436	0.995787941409552	9
PCSK4	0.225728553101737	0.632009695105331	0.979380833016394	9
PCSK5	2.70339880658986	9.34806792305615e-06	0.0039424808746352	9
PCSK6	0.355354426682351	0.522695509132395	0.955391092995928	9
PCSK7	0.346291795072111	0.479782960765257	0.941072442992838	9
PCSK9	4.27816538149453	0.000799180178561866	0.0509101684117623	9
PCTP	0.571497693571159	0.15599045410495	0.728023382374641	9
PCYOX1	-0.127626230311881	0.741223941631399	0.991008075540888	9
PCYOX1L	0.175073101230362	0.585214898947571	0.971161794932015	9
PCYT1A	0.245935268840984	0.368259763681059	0.902670603071424	9
PCYT1B	0.019082006776148	0.965092842546295	0.998639733078915	9
PCYT2	0.193823833259074	0.678578203721265	0.98672896048664	9
PDAP1	-0.185510714950851	0.538465257372078	0.958979719874913	9
PDCD1	0.25587504379025			9
PDCD10	-0.137030297879313	0.690170738705629	0.989171265391501	9
PDCD11	0.23808630887888	0.342537943691356	0.899092963457163	9
PDCD1LG2	-0.0425654918494326	0.958346662414502	0.998639733078915	9
PDCD2	-0.235103275326166	0.324970482089976	0.886080378644328	9
PDCD2L	0.113863428986571	0.829804497870557	0.99746225363255	9
PDCD4	-0.135119840754665	0.62582576808293	0.978573777801597	9
PDCD5	-0.440713926083394	0.284697117705744	0.8612268238133	9
PDCD6	-0.211122507230673	0.704300638333562	0.989276793964962	9
PDCD6IP	-0.0410102046499387	0.872345898409964	0.998639733078915	9
PDCD7	-0.0103889269413419	0.965402257946647	0.998639733078915	9
PDCL	0.0632333540373852	0.850025276063674	0.998639733078915	9
PDCL3	-0.287005968526279	0.360075674841945	0.901129021301342	9
PDE10A	-0.334002553062766	0.610793068697379	0.975328830748679	9
PDE11A	-0.405893983943802	0.652536004625825	0.981436950613188	9
PDE12	-0.142413223861649	0.638107777700361	0.980691547015745	9
PDE1A	-0.68657252695168	0.298072333274063	0.872623970344438	9
PDE1B	-1.22370069871404	0.0836231828961535	0.573808586718204	9
PDE1C	0.603742647390836			9
PDE2A	-0.714455250243481	0.327429418891901	0.887903506431062	9
PDE3A	-0.819782466906448	0.24431910249501	0.827534252393034	9
PDE3B	1.15624726568134	0.0390987501432822	0.40302838747555	9
PDE4A	0.0539784820836605	0.876264316999196	0.998639733078915	9
PDE4B	0.855124312790785	0.0452377282408875	0.432763516891601	9
PDE4C	-2.15890274478652	0.0642949680565122	0.506704764272384	9
PDE4D	0.112742226571801	0.810564559692778	0.995936140923453	9
PDE4DIP	0.138363279076013	0.695280715412055	0.989276793964962	9
PDE5A	0.13295731981608	0.757220169390595	0.991890138420883	9
PDE6B	0.219888972411511	0.644615223990023	0.980691547015745	9
PDE6C	-0.17460003475308	0.770017273610636	0.992930756580613	9
PDE6D	-0.237834732908199	0.372816526537611	0.905673456930873	9
PDE7A	0.45265148945868	0.172712114399813	0.74938747148236	9
PDE7B	0.0832687272878662	0.886115380120583	0.998639733078915	9
PDE8A	0.426308909390259	0.216880053119966	0.798902092039156	9
PDE8B	-0.560547085186893	0.441835870933934	0.930767263873637	9
PDE9A	0.618869069572117	0.105584508925423	0.629246836612525	9
PDF	0.021435051362516	0.97419338219235	0.998639733078915	9
PDGFA	-1.25149090040905	0.0445923221047854	0.428801433311737	9
PDGFB	0.40523004960791	0.256744621723954	0.840547211401925	9
PDGFC	-0.190395281676645	0.535271584487471	0.95784961223136	9
PDGFD	-0.0323559805768408	0.947144373548545	0.998639733078915	9
PDGFRA	-0.233923470923805	0.43868779156746	0.928941789266548	9
PDGFRB	-0.11816300797786	0.744755257579657	0.991008075540888	9
PDGFRL	0.596391478384227	0.0524347353629002	0.469368786350376	9
PDHA1	-0.287162195851674	0.300482906438341	0.874342355309609	9
PDHB	0.136571374708273	0.688145710409993	0.989171265391501	9
PDHX	0.102537474115861	0.702239046655306	0.989276793964962	9
PDIA2	0.712353177216964	0.511647097027819	0.951538693830295	9
PDIA3	0.632248715157454	0.0777832011042547	0.554397794060794	9
PDIA4	1.23093578035021	0.00506390836008446	0.137658105530768	9
PDIA5	0.779872407145167	0.053071837153269	0.471283724510365	9
PDIA6	1.02632766817796	0.0420479942941071	0.416246681284481	9
PDIK1L	-0.0662490824533667	0.883026825912179	0.998639733078915	9
PDK1	-0.489024511479239	0.0589734900672989	0.488226408796073	9
PDK2	-0.0913756794532021	0.85323618647912	0.998639733078915	9
PDK3	-0.710701895019856	0.0208982960285718	0.297428100321628	9
PDK4	-0.991440728796251	0.145214029271855	0.712601158936786	9
PDLIM1	-0.176123761654297	0.763337119863091	0.992788902596531	9
PDLIM2	-0.163489844504989	0.814632816256934	0.995936140923453	9
PDLIM3	0.4216754621318	0.723417188081284	0.990738457795087	9
PDLIM4	-0.999924138786472	0.123619565193399	0.674832988838669	9
PDLIM5	-0.458785646238824	0.488179652101746	0.944556277975341	9
PDLIM7	-1.4048183487666	0.0905493845184737	0.591415692423535	9
PDP1	0.0536304763879264	0.857848949919395	0.998639733078915	9
PDP2	0.0235812021965162	0.957935842562956	0.998639733078915	9
PDPK1	0.227836903614471	0.639324746107217	0.980691547015745	9
PDPN	-0.993161436946707	0.065364024587174	0.510766737390829	9
PDPR	0.504406304671796	0.263033034772404	0.845428833249157	9
PDRG1	-0.197772541557483	0.622770917060376	0.978573777801597	9
PDS5A	0.230879792780702	0.430699891732655	0.924804318367251	9
PDS5B	-0.107839952714289	0.779266981825739	0.992930756580613	9
PDSS1	0.369161747115763	0.35993278337751	0.901129021301342	9
PDSS2	-0.0668508220176281	0.780827239626769	0.99341960111525	9
PDXDC1	0.0122044816588738	0.988476181191116	0.999458538741689	9
PDXK	-0.00538754913939767	0.986193171291615	0.999458538741689	9
PDXP	-0.175432921986053	0.854535606333428	0.998639733078915	9
PDZD11	-0.145742385959045	0.708384360124157	0.989276793964962	9
PDZD2	-0.431359136231187	0.336968048711516	0.89460168471775	9
PDZD4	-0.691268009889145	0.241945992125341	0.824224507214899	9
PDZD7	-0.566232023843615	0.495994673990019	0.946613606254215	9
PDZD8	0.562520297444209	0.129490220701475	0.685525780222656	9
PDZK1	2.50307801593203	0.005374440947728	0.143457726635466	9
PDZK1IP1	2.2866965950419	0.100032617089834	0.615498733165088	9
PDZRN3	-0.539588979420855	0.22022218653773	0.801612502064797	9
PDZRN4	-2.2200375982786	0.00204237998234053	0.0837426340189251	9
PEA15	-0.267894329280406	0.499185725491696	0.948602871172571	9
PEAK1	0.346846289027237	0.440395097208066	0.929498191107035	9
PEAK3	0.886393865227799	0.395750488261057	0.913574069169144	9
PEAR1	-0.19220389700032	0.704116138531331	0.989276793964962	9
PEBP1	-0.117500724968547	0.626866155455321	0.978573777801597	9
PEBP4	-2.32154324155266	0.0219633237256291	0.306138452798877	9
PECAM1	-0.109190470718769	0.86071114220934	0.998639733078915	9
PECR	0.55816931543436	0.264980521926083	0.84593551057786	9
PEDS1	-0.691087477934403	0.262151125510785	0.845049841216177	9
PEF1	-0.710666081032198	0.05446891429173	0.474700525395774	9
PEG10	-0.141117525873907	0.777018940349461	0.992930756580613	9
PEG3	0.797603488048659	0.350142387713297	0.899092963457163	9
PELI1	0.422934103450698	0.412397709504816	0.91719471148147	9
PELI2	-0.0724241172451074	0.885207033467397	0.998639733078915	9
PELI3	-1.13090814316354	0.0273979269861921	0.34272949173151	9
PELO	-0.560026974647069	0.0754908701085538	0.545965214412317	9
PELP1	-0.339833974249868	0.377812883568375	0.905673456930873	9
PEMT	-1.55355003389679			9
PENK	1.80691122808796	0.21273730825573	0.794171927467666	9
PEPD	-0.439623282043184	0.204554661581634	0.787978456688567	9
PER1	-0.875406442015077	0.159025117482097	0.73326994662795	9
PER2	-0.0459030330157402	0.914654251223872	0.998639733078915	9
PER3	-0.477161332028986	0.367862142778634	0.902670603071424	9
PERP	0.810746149115737	0.0595064540354136	0.49016449108077	9
PES1	-0.184127440029437	0.529144018399692	0.957299775766752	9
PET100	-0.39641744934774	0.557513660931962	0.96370024816501	9
PEX1	-0.00253056772473006	0.995467724618337	0.999620666732609	9
PEX10	0.00261654873495975	0.993992582748214	0.999620666732609	9
PEX11A	-0.136409461028233	0.744247648773172	0.991008075540888	9
PEX11B	-0.0846051128228256	0.767866617056685	0.992930756580613	9
PEX11G	-0.577494376013126	0.450007414046971	0.932585632008735	9
PEX12	-0.21162980683786	0.55097743973043	0.961546579712439	9
PEX13	0.172270875861518	0.50093135364098	0.94888930167018	9
PEX14	-0.530910942430743	0.186454964186556	0.765079182510763	9
PEX16	-0.636617501377887	0.160807575426715	0.736710310637411	9
PEX19	-0.0986199582998942	0.783701590186166	0.993964186291201	9
PEX2	-0.041943032406997	0.84177811223495	0.998639733078915	9
PEX26	0.314261729207991	0.39882975280985	0.914438028200431	9
PEX3	-0.399994560452897	0.366860563997889	0.90239123320911	9
PEX5	-0.262310823326287			9
PEX5L	-0.77733049605317	0.53510892712443	0.95784961223136	9
PEX6	-0.444812404633082	0.203153877373467	0.787490896356019	9
PEX7	0.0462648767384261	0.896696531035288	0.998639733078915	9
PFAS	0.117981794620404	0.757609052196889	0.991890138420883	9
PFDN1	-0.0618997373427786	0.831525913209771	0.99746225363255	9
PFDN2	-0.0413736685907261	0.92520571653823	0.998639733078915	9
PFDN4	-0.143413718895636	0.718335480763783	0.989276793964962	9
PFDN5	-0.303545475321359	0.712523974700258	0.989276793964962	9
PFDN6	-0.196363905227378			9
PFKFB2	0.389185549865656	0.352573671291296	0.899715225734967	9
PFKFB3	1.50605521471045	0.000301058592240049	0.0294927459463182	9
PFKFB4	0.886161693108867	0.0812982766974491	0.567969234768653	9
PFKL	0.0718323749284399	0.851335191729836	0.998639733078915	9
PFKM	-0.203778913127025	0.461158667095233	0.937754936629389	9
PFKP	-0.191038687225727	0.748679023002275	0.991008075540888	9
PFN1	-0.528662393749128	0.410818239079795	0.91601809761032	9
PFN2	-0.252624052446694	0.284527166029542	0.8612268238133	9
PFN4	0.22285109187926	0.739501286845122	0.991008075540888	9
PGAM1	-0.165225850474066	0.655180338430446	0.982654069775495	9
PGAM5	0.168033808272087	0.645437184946013	0.980691547015745	9
PGAP1	-0.015421756773735	0.971990852854674	0.998639733078915	9
PGAP2	0.731268745921073	0.138290814994044	0.702446909885441	9
PGAP3	-0.130356878371983	0.698309465308008	0.989276793964962	9
PGAP4	-0.373633797618367	0.398205444879311	0.914438028200431	9
PGAP6	0.191936143785799	0.658505043640885	0.982975949819678	9
PGBD1	0.117399586343082	0.672318287072231	0.985298616459508	9
PGBD2	0.0956145972298986	0.829329403153683	0.99746225363255	9
PGBD4	-0.0762418023559645	0.876803627898261	0.998639733078915	9
PGBD5	1.78401287374622	0.00582868265632338	0.149629886417373	9
PGD	0.754911917894335	0.106915186924619	0.633042548814402	9
PGF	-0.715010653539196	0.232502736852664	0.808323702269945	9
PGGHG	1.09394980479835	0.141369946086256	0.707926593299888	9
PGGT1B	-0.0132541716106159	0.965910827487324	0.998639733078915	9
PGK1	0.457855401073859	0.111448424035024	0.644283708027277	9
PGLS	-0.576071160656983	0.400866332197218	0.914991131944397	9
PGM1	-0.0203533752487914	0.96065692695164	0.998639733078915	9
PGM2	-0.279136194497047	0.550650565088408	0.961546579712439	9
PGM2L1	0.0975326791355918	0.885140765838354	0.998639733078915	9
PGM3	0.367095389066477	0.194424491101217	0.773615413978879	9
PGM5	-0.0659306133637369	0.949153300647731	0.998639733078915	9
PGP	-0.644879434367266	0.0986816618325732	0.611980350722711	9
PGPEP1	-0.36654634596338	0.287616986922439	0.862773218903801	9
PGR	0.345417552337265	0.523433521487853	0.955391092995928	9
PGRMC1	1.12944635295256	0.0620937900379964	0.500793671899467	9
PGRMC2	-0.150970904228313	0.449501295984457	0.932585632008735	9
PGS1	0.00708168874874084	0.982172202138836	0.998818041734162	9
PHACTR1	-0.217358726738068	0.697692284299936	0.989276793964962	9
PHACTR2	-0.55522012215825	0.368849086045749	0.903215222150182	9
PHACTR3	-2.22245767375374	0.0487206272667605	0.451302226391315	9
PHACTR4	0.16064423855598	0.560189939690056	0.964946561877165	9
PHAX	0.00413655821265908	0.987955328874211	0.999458538741689	9
PHB1	-0.247465494788353	0.646057554780021	0.980691547015745	9
PHB2	0.221815852416992	0.471330928605969	0.939528895871055	9
PHC1	-0.0336547660174193	0.9210104037825	0.998639733078915	9
PHC2	0.0737484746328528	0.83812715505424	0.998604146933345	9
PHC3	-0.113996553489637	0.741159659548358	0.991008075540888	9
PHETA1	-0.0216083369924647	0.956484534323107	0.998639733078915	9
PHETA2	-0.322280865572181	0.659052131322035	0.982975949819678	9
PHEX	-1.07013539875147	0.162414214824191	0.739345651660223	9
PHF1	-0.658406737521561			9
PHF10	-0.0579477549433638	0.931182751021149	0.998639733078915	9
PHF11	-0.0854017711719262			9
PHF12	-0.0218093460349333	0.928283398113724	0.998639733078915	9
PHF13	0.0981188284763235	0.781278236466582	0.993692085940702	9
PHF14	-0.55210753591819	0.267052249131893	0.847767249375861	9
PHF19	-0.13029364446376	0.692260980968929	0.989171265391501	9
PHF2	-0.0693080766178495	0.866212067277832	0.998639733078915	9
PHF20	-0.0807751363123178	0.806731526719497	0.995590233849494	9
PHF20L1	0.0937933160756608	0.817349739983517	0.995966406600323	9
PHF21A	-0.055867141997113	0.869346406848869	0.998639733078915	9
PHF21B	1.24470964224464	0.0723773303370431	0.536338326194552	9
PHF23	0.295472179329301	0.31749290341612	0.882121038171662	9
PHF24	-0.752696563609926	0.345783288821068	0.899092963457163	9
PHF3	0.124283221584017	0.821127398266359	0.99604866814754	9
PHF5A	0.206742425216716	0.532110034867297	0.95784961223136	9
PHF6	0.313489599690231	0.452109643521023	0.933369293428507	9
PHF7	-0.231334877875941	0.574629732763413	0.968284112085412	9
PHF8	0.229858503261525	0.573894818425883	0.968284112085412	9
PHGDH	0.588249369659661	0.165743688491399	0.742630768610731	9
PHIP	-0.134651762988403	0.776000157023778	0.992930756580613	9
PHKA1	0.0814129081355466	0.84271499027103	0.998639733078915	9
PHKA2	-0.134634126376642	0.68377679725688	0.987306006486237	9
PHKB	0.219264758825665	0.315282295660768	0.880630245192925	9
PHKG1	0.0770037150403492	0.901688572559494	0.998639733078915	9
PHKG2	-0.171181094271375	0.704352320149682	0.989276793964962	9
PHLDA1	0.138619791366229	0.73453601684337	0.991008075540888	9
PHLDA2	-0.610995515025074			9
PHLDA3	-0.844689728631872	0.0349392052674887	0.380275627341971	9
PHLDB1	-0.59247168495122	0.0395317716605354	0.404666075923137	9
PHLDB2	-0.424029263072291	0.604428727747382	0.97426949205076	9
PHLDB3	0.292881622005302	0.574815389691117	0.968284112085412	9
PHLPP1	0.146049177507973	0.673978564590132	0.985298616459508	9
PHLPP2	-0.142255836006702	0.713200372561043	0.989276793964962	9
PHOSPHO1	1.48910948179946	0.0708573803800003	0.530657428609429	9
PHOSPHO2	0.0806037480984921	0.919000488800271	0.998639733078915	9
PHPT1	-0.669992590078788	0.294104708925616	0.869965782411697	9
PHRF1	-0.0405882687315577			9
PHTF1	0.478142281776559	0.169976081182267	0.747758383259838	9
PHTF2	0.0513101577025651	0.838187970520395	0.998604146933345	9
PHYH	-0.450706391595877	0.184764922305749	0.763526040916898	9
PHYHD1	-0.060579002518836	0.910285783302735	0.998639733078915	9
PHYHIP	0.205992779817241	0.64276509809324	0.980691547015745	9
PHYHIPL	3.39658684612298	0.00108559458831703	0.0589134621990724	9
PHYKPL	0.174595275271055	0.553651901950421	0.9626262906904	9
PI15	-0.969089689048207	0.405410097427415	0.915238409840383	9
PI16	-1.29436647298643	0.229341803706063	0.808244559806673	9
PI4K2A	0.021283015149808	0.953308477200383	0.998639733078915	9
PI4K2B	0.981111877588169	0.0353703154739407	0.383052990983741	9
PI4KA	-0.218303726648598	0.468940855406189	0.939188868595478	9
PI4KB	-0.262853907099993	0.315155370755978	0.880630245192925	9
PIANP	-1.50064749966161	0.000113363076478279	0.0179930362569449	9
PIAS1	-0.059650019535073	0.895136040939998	0.998639733078915	9
PIAS2	-0.0115862037832386	0.968926576946619	0.998639733078915	9
PIAS3	0.459931456327431	0.201453561049134	0.785475295475117	9
PIAS4	-0.373941163820487	0.1966507754438	0.778068991354716	9
PIBF1	0.263160978805922	0.57094123526467	0.966951740948172	9
PICALM	0.0294659335323638	0.935953968049601	0.998639733078915	9
PICK1	-0.209467162870872	0.579576557399566	0.969055975901473	9
PID1	-0.822262578197415	0.220377312651848	0.801618778727869	9
PIDD1	-0.258015341539072	0.425669701103071	0.923242529682058	9
PIEZO1	0.0168969886125136	0.970673749939628	0.998639733078915	9
PIEZO2	0.566592830299129	0.380773728089612	0.907280226042092	9
PIF1	0.813500563335239	0.163954676028307	0.740390862280169	9
CIMAP3	1.58901780561674	0.00238620256883344	0.0908240518496028	9
PIGA	0.653046927064871	0.105480806092139	0.629091789384271	9
PIGB	0.131565949393558	0.726996749115291	0.991008075540888	9
PIGBOS1	-0.619252071475062	0.253503209290016	0.839098594740734	9
PIGC	-0.0270840586900756	0.946331239027158	0.998639733078915	9
PIGF	0.0835679058030858	0.84119490681405	0.998604146933345	9
PIGG	0.128990314542416	0.663329405089609	0.983171338937342	9
PIGH	-0.237348678792745	0.52004933406898	0.954025960232138	9
PIGK	-0.277506901321553	0.36143618445909	0.90143277046037	9
PIGL	-0.231787051049542	0.437734034341097	0.928941789266548	9
PIGM	0.438892310686397	0.187013819139641	0.765079182510763	9
PIGN	0.331143684676071	0.249514441511866	0.836845363053769	9
PIGO	0.00291089880737762	0.993580072855245	0.999620666732609	9
PIGP	0.49598991306675	0.19443893949337	0.773615413978879	9
PIGQ	-0.285980694845432	0.522243942711669	0.955391092995928	9
PIGR	1.92286028006222	0.10749010201664	0.634918525757352	9
PIGS	0.503187898685265	0.174594371677015	0.751250158017082	9
PIGT	-0.469457105287636	0.253910942670853	0.83922512869782	9
PIGU	-0.394033787199723	0.26448436633016	0.84593551057786	9
PIGV	-0.159037077527637	0.602770400745414	0.974057468095769	9
PIGW	-0.155244153341437			9
PIGX	-0.595215255823026	0.140020606363863	0.705166895440798	9
PIGZ	0.743717395778909	0.0394962679624714	0.404583214013907	9
PIH1D1	-0.430546835907065	0.214105388098762	0.795739159677259	9
PIH1D2	1.04758764277599	0.0415942949046688	0.414007678413902	9
PIK3AP1	1.06643127939161	0.150969985474659	0.7217478076306	9
PIK3C2A	0.00247707093570101	0.995395233795514	0.999620666732609	9
PIK3C2B	0.304855609546598	0.477146020358884	0.940941389680967	9
PIK3C2G	0.855614970624435	0.438763102416257	0.928941789266548	9
PIK3C3	-0.0556352037155058	0.849037473796528	0.998639733078915	9
PIK3CA	0.0515831052457957	0.914746914949802	0.998639733078915	9
PIK3CB	0.16873752730063	0.60632888050153	0.974885729870166	9
PIK3CD	-0.372495817245035	0.200285153051403	0.783569876541682	9
PIK3CG	0.15744714893412	0.655307811373159	0.982654069775495	9
PIK3IP1	-0.709490349935721	0.149783386361795	0.721306544836198	9
PIK3R1	-0.719712721539961	0.15294082848875	0.724086010296911	9
PIK3R2	0.42136190542464	0.721877701760526	0.990516044835733	9
PIK3R3	0.949780163001552	0.447438919044408	0.932585632008735	9
PIK3R4	-0.152747896807962	0.613485024172127	0.975911270057349	9
PIK3R5	0.0718155733667502	0.876264536849723	0.998639733078915	9
PIK3R6	-0.10886225005082	0.798547063956563	0.995590233849494	9
PIKFYVE	0.0793158572063647	0.843190373276506	0.998639733078915	9
PILRA	-0.445224432888426	0.455322556186066	0.935032867537914	9
PILRB	1.25140820548226			9
PIM1	1.48181854763996	0.0225526806056193	0.309861258844812	9
PIM2	0.324260808072562	0.397448420153141	0.914438028200431	9
PIM3	0.646936809396332	0.104292257555133	0.628298316800495	9
PIMREG	4.73993829748176	0.000866910354849373	0.0522304642772718	9
PIN1	-0.415225265861214	0.338753513989134	0.896439695230119	9
PIN4	-0.325906529083749	0.398354907655554	0.914438028200431	9
PINK1	0.142967608620438	0.801628293244279	0.995590233849494	9
PINLYP	-0.883795070855972	0.103048095137958	0.624805507481841	9
PINX1	0.455041752762289	0.495131470705144	0.946469261729944	9
PIP4K2A	-0.0670950495770277	0.748205815272772	0.991008075540888	9
PIP4K2B	-0.285394055834619			9
PIP4K2C	0.199180004014804	0.619442935773984	0.978134058082988	9
PIP4P1	-0.121077026526313	0.688477257932835	0.989171265391501	9
PIP4P2	-0.458456744982535	0.356319775851149	0.899926179335231	9
PIP5K1A	0.40712469236972	0.232807676209278	0.809153310224902	9
PIP5K1B	1.06577345594082	0.0968958304214083	0.609407478845508	9
PIP5K1C	-0.689372589687106	0.260191861876243	0.842792685728616	9
PIP5KL1	1.0366387520417	0.168268785622747	0.745669283790131	9
PIPOX	0.0925477848942834	0.909616703299393	0.998639733078915	9
PIR	-0.845098258802397	0.598621385029585	0.973498192071791	9
PISD	0.15595819990866	0.542601380943886	0.959697647520876	9
PITHD1	-0.0581446396414837	0.776704209188256	0.992930756580613	9
PITPNA	-0.0844110971320556	0.764743642929146	0.992930756580613	9
PITPNB	-0.0312762837576417	0.890945244068291	0.998639733078915	9
PITPNC1	0.0313560743177824	0.877834704073072	0.998639733078915	9
PITPNM1	0.292054833095488	0.435780272025607	0.927920525150979	9
PITPNM2	-0.471571719784261	0.297832573813038	0.87235962611909	9
PITPNM3	0.2519062175852	0.551139563955069	0.961546579712439	9
PITRM1	-0.225973584405193	0.307008951404744	0.876432473153517	9
PITX1	1.23294330517805	0.331856033223349	0.890518010101223	9
PIWIL2	-0.504665151055639	0.384691055297475	0.910863010956818	9
PIWIL4	-0.823086479643468	0.0349850485692295	0.380275627341971	9
PJA1	0.171346603647535	0.649273684585464	0.980854452785389	9
PJA2	-0.0614255833131538	0.895766505946785	0.998639733078915	9
PJVK	-0.14045829079003	0.659388164942297	0.982975949819678	9
PKD1	-0.202774358042915	0.612161191001412	0.975769461971015	9
PKD1L1	-0.107265810013562	0.923282501100502	0.998639733078915	9
PKD2	-0.434601549443701	0.401236174605776	0.914991131944397	9
PKD2L1	-1.12062254320246	0.675109908078779	0.985298616459508	9
PKD2L2	0.600917015406883	0.532025306883546	0.95784961223136	9
PKDCC	-0.0385360598349296	0.939747247110826	0.998639733078915	9
PKDREJ	-0.956401472069446	0.362110191562145	0.90143277046037	9
PKHD1	2.84694615080885	0.0522336489611054	0.468500796866069	9
PKHD1L1	3.36172942411209	0.00137287687556434	0.0689286923816502	9
PKIA	-0.547741820070227	0.507306210920017	0.951538693830295	9
PKIB	0.648058523714112	0.477041733404712	0.940941389680967	9
PKIG	-0.656656372942582	0.119412564480603	0.664398365736216	9
PKM	0.0292733759412373	0.952666193014393	0.998639733078915	9
PKMYT1	3.96845501744613	0.000840826459826645	0.0513512839308957	9
PKN1	-0.519438102033022	0.198674867136352	0.780997970767379	9
PKN2	-0.0333134542194927	0.946538009827548	0.998639733078915	9
PKN3	-0.31104147557445	0.395927198126133	0.913574069169144	9
PKNOX1	0.242681942407858	0.317098495619101	0.882121038171662	9
PKNOX2	0.0396764375148291	0.889724254593486	0.998639733078915	9
PKP1	0.023347289388099	0.987394712090953	0.999458538741689	9
PKP2	1.48963878243246	0.0533041711161087	0.471283724510365	9
PKP3	3.03476116946351	0.00599819073202959	0.151876558925215	9
PKP4	0.701967615139537	0.00320437817301618	0.108735232671016	9
PLA1A	1.17284540272254	0.00491844355178431	0.134446565310904	9
PLA2G12A	0.338588833091826	0.198765816662523	0.780997970767379	9
PLA2G15	0.0744733319094921	0.867277949523043	0.998639733078915	9
PLA2G2A	-3.16575077463379	0.248257258388521	0.835450672744726	9
PLA2G2C	-0.0453663139331199	0.951086109811501	0.998639733078915	9
PLA2G4A	-0.467551462280982	0.422012260525949	0.922045733570987	9
PLA2G4B	0.809451572231267	0.343508008646409	0.899092963457163	9
PLA2G4C	0.447321493389069	0.365680545152159	0.90239123320911	9
PLA2G4D	2.0840291711953	0.423185563144621	0.922277664097641	9
PLA2G5	-0.10968993581982	0.953101317658631	0.998639733078915	9
PLA2G6	-0.28160266691234	0.554804005944853	0.963012927063966	9
PLA2G7	2.82380524042599	0.0140986174308631	0.239757709558721	9
PLA2R1	-0.199282632328054	0.656100231440568	0.982654069775495	9
PLAA	-0.0526436062317342	0.841358638152067	0.998604146933345	9
PLAAT1	0.0259252667247377			9
PLAAT2	2.70031361898485	0.0900973650644142	0.590277738070255	9
PLAAT3	-0.182453460638602	0.645439552841563	0.980691547015745	9
PLAAT4	-1.03361494171162	0.126942693061009	0.679443938788914	9
PLAAT5	-1.21280522714388	0.268968516399809	0.848695964307358	9
PLAC8	0.516334128504816	0.539072754221194	0.958979719874913	9
PLAC8L1	0.00945898556465567	0.990659567735475	0.999461819379628	9
PLAC9	-3.20387269184029	0.000417132569317197	0.0351845363182351	9
PLAG1	0.65988145846353	0.417891280543802	0.919780432363111	9
PLAGL1	0.00431258412976139	0.994577385250919	0.999620666732609	9
PLAGL2	0.400141960761157	0.233878318983973	0.811155513750571	9
PLAT	0.630111168015196	0.0436984956669385	0.423806501011616	9
PLAU	0.690879603799335	0.202537950940306	0.786546354598753	9
PLAUR	1.17847369727823	0.00167544341299118	0.0763309266023544	9
PLB1	-1.22376764942747	0.0983857052707499	0.611980350722711	9
PLBD1	0.0665234716167559	0.889817976278652	0.998639733078915	9
PLBD2	-0.435081050706784	0.247549402053083	0.834188414193187	9
PLCB1	0.925808826207887	0.0707520512384938	0.530657428609429	9
PLCB2	-0.395419603534293	0.358737103907125	0.900808696207596	9
PLCB3	-0.149451912055651	0.717764161379571	0.989276793964962	9
PLCB4	0.139213205811491	0.805754488048396	0.995590233849494	9
PLCD1	-0.282942108149567	0.493551191818601	0.945530063911015	9
PLCD3	-0.486288935589579	0.286976285272735	0.862232237237917	9
PLCD4	-0.424258498772057	0.599365896505768	0.973817161820319	9
PLCE1	-1.33654411772404	0.000762239195776168	0.0501726725830077	9
PLCG1	0.0220825186226005	0.938485493740933	0.998639733078915	9
PLCG2	-0.261456323328473	0.529196335151369	0.957299775766752	9
PLCH1	3.0383705695627	0.00634777815267761	0.156426633241526	9
PLCH2	-0.362388357489051			9
PLCL1	-0.774990436934496	0.499474326956607	0.948833384233747	9
PLCL2	-3.22295388162009			9
PLCXD1	0.734254036293081			9
PLCXD2	0.738889231937288	0.62400187539561	0.978573777801597	9
PLCXD3	0.59476842956372	0.461890393620476	0.937927280347714	9
PLD1	-0.0130451640556712	0.980678703047169	0.998639733078915	9
PLD2	-0.445532640096408	0.0222567535527032	0.307614175272896	9
PLD3	-0.822725786299303	0.11299318764739	0.645469211634337	9
PLD4	-0.461318120574129	0.426045517544668	0.923242529682058	9
PLD5	-1.37490711104253	0.166034352791362	0.743424340491471	9
PLD6	-0.176385282110131	0.746990889286034	0.991008075540888	9
PLEC	-0.425108482503565	0.396881325469988	0.914226786089653	9
PLEK	0.64651063392242	0.0623825672779023	0.501063036571903	9
PLEK2	2.17055721528755	0.0829000073255535	0.573155507322012	9
PLEKHA1	0.116514690523986	0.682243723436915	0.987306006486237	9
PLEKHA2	-0.0525337777320919	0.888135257150011	0.998639733078915	9
PLEKHA3	-0.131596694977246	0.732068325978896	0.991008075540888	9
PLEKHA4	-0.420944367349856	0.226174225341843	0.808244559806673	9
PLEKHA5	-0.152548990180828	0.717930399267121	0.989276793964962	9
PLEKHA6	0.109683487086092	0.748555931548253	0.991008075540888	9
PLEKHA7	0.779602925284171	0.0393103905681692	0.404184446816787	9
PLEKHA8	0.04936579528283	0.88672851203336	0.998639733078915	9
PLEKHB1	2.1012083729095	0.0154134782562244	0.250295217315873	9
PLEKHB2	0.736211077384426	0.032746911506954	0.36955440424629	9
PLEKHD1	0.283700678068388	0.795838878818367	0.994714385280344	9
PLEKHF1	-0.845621531028899	0.0279260652548781	0.346243253344621	9
PLEKHF2	0.403821762587803	0.23919940593975	0.81921634131709	9
PLEKHG1	1.19346854220843	0.00822945284153818	0.179166597926173	9
PLEKHG2	0.0509387507328769	0.850032846242735	0.998639733078915	9
PLEKHG3	0.302739113337882	0.510916717908897	0.951538693830295	9
PLEKHG4	-0.670099650666641	0.0115510453976872	0.216733474981029	9
PLEKHG4B	2.81491110407441	0.0116613557254039	0.217614755831463	9
PLEKHG5	0.243612909336031	0.393473703003416	0.912945341948813	9
PLEKHG6	1.42198306034704	0.0849254683992074	0.578755696694691	9
PLEKHG7	3.7851931678928	0.0175901645594776	0.271085376145044	9
PLEKHH1	2.61158007126784	0.00228521211325826	0.0889789641283005	9
PLEKHH2	-0.76361597196985	0.0457422500425871	0.43575247102213	9
PLEKHH3	-0.284657935670258	0.421229053634182	0.921422949124801	9
PLEKHJ1	-0.581293044880585	0.307680582337343	0.876432473153517	9
PLEKHM1	0.0640409485419356			9
PLEKHM2	-0.326799564985297	0.368099091557748	0.902670603071424	9
PLEKHM3	0.0874576425866343	0.873643779064205	0.998639733078915	9
PLEKHN1	1.24518625726733	0.194417485554824	0.773615413978879	9
PLEKHO1	-0.411949110156192	0.354982046835354	0.899926179335231	9
PLEKHO2	0.277002937535777	0.636211237337707	0.980691547015745	9
PLEKHS1	1.83849212103847	0.130991103432781	0.689124105353932	9
PLG	0.837091057283828	0.472661750347393	0.939822409233973	9
PLGLB1	-0.00163215535388745	0.999011183228741	0.999620666732609	9
PLGLB2	-0.262504254159686	0.687358035041781	0.989171265391501	9
PLGRKT	0.439590655226747	0.374849552994556	0.905673456930873	9
PLIN1	0.204803326858507	0.772783928838436	0.992930756580613	9
PLIN2	-0.236464318466013	0.624910808166542	0.978573777801597	9
PLIN3	0.507182324233291	0.301142154439386	0.874342355309609	9
PLIN4	-1.00661169294181	0.30091556110272	0.874342355309609	9
PLIN5	1.17561352876117	0.149270678759023	0.719355040536056	9
PLK1	1.12508556464675	0.137563031042116	0.701162949313771	9
PLK2	0.179085263617777	0.545771255319188	0.960668683051641	9
PLK3	1.05925710688857	0.100613560072541	0.618300066707237	9
PLK4	1.68515695523743	0.00495580887918783	0.134968071707918	9
PLK5	-0.0216593556833277	0.982758746165348	0.999070375492198	9
PLLP	1.4532477635502	0.0394040636058595	0.40419971013627	9
PLN	-1.11955039860554	0.321844295047566	0.885543112951723	9
PLOD1	0.334523346718902	0.516677031345625	0.953680371468858	9
PLOD2	-0.555055014360007	0.325850418766308	0.886743452756009	9
PLOD3	-0.529393774042474	0.278686909530396	0.858073193290024	9
PLP1	1.02099443088726	0.398785805848448	0.914438028200431	9
PLP2	-0.180762586394263	0.782503320115734	0.993751208175834	9
PLPBP	-0.0946124198299063	0.649662351139563	0.980939644555144	9
PLPP1	-0.172867810819645	0.674185724407882	0.985298616459508	9
PLPP2	0.68538951578284	0.351549383537714	0.899092963457163	9
PLPP3	-0.493675074206383	0.45966487881142	0.937429300377919	9
PLPP4	-0.512279967196948	0.663150667304272	0.983171338937342	9
PLPP5	0.59816890400677	0.257221439484519	0.840547211401925	9
PLPP6	0.156547460565968	0.726912303641195	0.991008075540888	9
PLPP7	-0.758288174224605	0.152903164690302	0.724086010296911	9
PLPPR2	-0.39885803659151	0.250990472864841	0.838097512370475	9
PLPPR3	3.0509733185382	0.0103654039721431	0.205246313153408	9
PLPPR4	2.41772229163374	0.000248241907280734	0.0261419755473383	9
PLPPR5	1.98574828127026	0.34533939985688	0.899092963457163	9
PLRG1	-0.261373981861806	0.349075208434059	0.899092963457163	9
PLS1	3.20269861019291	0.0229550474658758	0.3119599590952	9
PLS3	-0.460596321353611	0.398350588794974	0.914438028200431	9
PLSCR1	0.43912545988404	0.306370791530312	0.876432473153517	9
PLSCR2	1.23296858491298	0.281210749737289	0.8612268238133	9
PLSCR4	-0.00569465453548609	0.993084472865285	0.999620666732609	9
PLTP	-1.62289855352795	0.000686225018205342	0.0473334929613507	9
PLVAP	0.503986264975208	0.36395988968619	0.90239123320911	9
PLXDC1	-0.730874017072876	0.108615336238452	0.637411278258312	9
PLXDC2	-0.210415093364965	0.720214136548346	0.99041185667879	9
PLXNA1	0.0574965588085668	0.843025624229366	0.998639733078915	9
PLXNA2	0.54963263474596	0.32281738979698	0.885543112951723	9
PLXNA3	-0.153204919798719	0.60443491975481	0.97426949205076	9
PLXNA4	1.20473214371667	0.205820536120217	0.78958597099246	9
PLXNB1	0.229044515665346	0.516471447624191	0.953680371468858	9
PLXNB2	0.17289154265458	0.5009501061034	0.94888930167018	9
PLXNB3	-0.338892645849634	0.741181009445395	0.991008075540888	9
PLXNC1	-1.36195952118045	0.0180218422713681	0.272868832610563	9
PLXND1	0.127124255022708	0.720696528261961	0.990516044835733	9
PM20D1	0.0304471971160418	0.981071756396918	0.998639733078915	9
PM20D2	-0.34928304639487	0.475334748486683	0.940283675486015	9
PMAIP1	2.29270724866562	0.00636193264488881	0.156514146285339	9
PMEL	-3.33001978775565	0.0032947515666707	0.10966823841068	9
PMEPA1	-0.287970917180477	0.497928960025319	0.948071543250266	9
PMF1	-1.11142194033462	0.108829774684312	0.637509636263216	9
PMFBP1	0.813817331399953	0.460869172139229	0.937747940696302	9
PML	-0.386882717864456	0.259975971385672	0.842792685728616	9
PMM1	-0.326777618169682	0.598349554250182	0.973420238699754	9
PMM2	0.434381016986026	0.264654238304759	0.84593551057786	9
PMP22	-0.814461066808717	0.0445362812704129	0.428552834310668	9
PMPCA	-0.189571287782223	0.493504198715752	0.945530063911015	9
PMPCB	-0.125592409565738	0.663108610983527	0.983171338937342	9
PMS1	-0.319989453901209	0.537738699742561	0.958874238572112	9
PMS2	0.123833568233771	0.629983248580633	0.979238377916278	9
PMVK	-0.067793113947855	0.896300666823374	0.998639733078915	9
PNCK	0.847300867309427	0.217085312049933	0.798902092039156	9
PNISR	-0.156958033449077	0.772844887868051	0.992930756580613	9
PNKD	-0.174637572182915	0.741361012720674	0.991008075540888	9
PNKP	-0.143981773003276	0.681591679722335	0.987306006486237	9
PNMA1	-0.0295515868846814	0.946727114368703	0.998639733078915	9
PNMA2	2.00360486898799	0.00812258581175977	0.178153772908449	9
PNMA3	-0.570048027690794	0.493283648182187	0.945530063911015	9
PNMA6A	-0.58956440270463	0.147680605253076	0.716023632026568	9
PNMA6E	-0.880273762641877	0.399755641643667	0.914438028200431	9
PNMA8A	-0.126414720014735	0.802290248695495	0.995590233849494	9
PNMA8B	-0.0989057073935384	0.87558244509365	0.998639733078915	9
PNMA8C	-1.13569782769337	0.356024675710561	0.899926179335231	9
PNMT	-2.48226749838444	0.0527739801259149	0.470625432716883	9
PNN	0.0463074669610161	0.914941311272285	0.998639733078915	9
PNO1	0.316908180518226	0.297065910138166	0.871594096511522	9
PNP	1.73808312737013	0.00722103859468337	0.167085976447912	9
PNPLA2	-0.448493522645713	0.354097232320643	0.899715225734967	9
PNPLA3	1.24696787705348	0.362081181102163	0.90143277046037	9
PNPLA4	0.0294293721141999	0.922681153396556	0.998639733078915	9
PNPLA6	-0.481336293221346	0.193949907802782	0.773128433453111	9
PNPLA7	-0.194753348247301	0.719787381841342	0.9901017186991	9
PNPLA8	-0.104218052609099	0.814708769269208	0.995936140923453	9
PNPO	0.463652949341404	0.488603785150901	0.944931536265188	9
PNPT1	-0.0292484113501736	0.907475703526981	0.998639733078915	9
PNRC1	0.735560832066598	0.124337114671901	0.675776875123707	9
PNRC2	-0.117680050189905	0.683184822972506	0.987306006486237	9
POC1A	1.36743974354205	0.061903974447173	0.500793671899467	9
POC1B	1.15432048295613	0.0429725266934565	0.420711113524788	9
POC5	-0.238693592005157	0.571239801826803	0.966957302976707	9
PODN	-0.789800553308212	0.251656534265717	0.838161746834043	9
PODNL1	1.26744975188393			9
PODXL	0.650629741614683	0.136789157705545	0.700497286672099	9
PODXL2	1.90348769788689	0.0120069554342992	0.221528528633065	9
POFUT1	0.325662235120867	0.30386732661454	0.875053234265414	9
POFUT2	0.101983925671189	0.628510919466325	0.979047032739808	9
POGK	0.326499757853349	0.324483634011102	0.886080378644328	9
POGLUT1	-0.260291079900511	0.231487910810633	0.808244559806673	9
POGLUT2	0.635351816718775	0.27990770364477	0.859935365064244	9
POGLUT3	-0.330872312777358	0.384097018756598	0.91049559882225	9
POGZ	0.0970347298393189	0.75261844853903	0.991008075540888	9
POLA1	0.225469376741898	0.432418381472497	0.926270168178136	9
POLA2	0.0243465308012403	0.970686404110458	0.998639733078915	9
POLB	0.223345381566356	0.51818067003401	0.953758404613893	9
POLD1	-0.0290916079705726	0.949591329475918	0.998639733078915	9
POLD2	-0.0753609633911173	0.869114183604881	0.998639733078915	9
POLD3	0.114173696929442	0.651473254522268	0.981292533915803	9
POLD4	-0.840354155845306	0.258447550616777	0.842337004781241	9
POLDIP2	-0.155823167798612	0.652291099022409	0.981295241813064	9
POLDIP3	-0.0331443689535676	0.903334837690331	0.998639733078915	9
POLE	0.412534052893825	0.0696651630403452	0.529173808342532	9
POLE2	0.142687450043784	0.825812444768031	0.99746225363255	9
POLE3	0.449397030694811	0.224107969775307	0.806518338652351	9
POLE4	-0.723644432262302	0.451838881054852	0.933085210672351	9
POLG	0.211441255505291	0.456119034898819	0.935968740261907	9
POLG2	-0.06111650764295	0.912248256379219	0.998639733078915	9
POLH	0.208383280095464	0.543632748190295	0.959871555065334	9
POLI	-0.177723529275371	0.668459890950756	0.984380101516098	9
POLK	-0.0762883379402408	0.879090732881821	0.998639733078915	9
POLL	-0.273834894628353	0.435924688532909	0.927920525150979	9
POLM	-0.309463246183309	0.317981261396577	0.883125763337951	9
POLN	-0.156994443400666	0.744483455157024	0.991008075540888	9
POLQ	3.86082581379917	0.00330817629348502	0.10966823841068	9
POLR1A	-0.0460394359517941	0.89796682156406	0.998639733078915	9
POLR1B	0.120406273876312	0.68364457786476	0.987306006486237	9
POLR1C	0.148239990949657	0.631900371550683	0.979380833016394	9
POLR1D	-0.0751489442073889	0.730670630775948	0.991008075540888	9
POLR1E	-0.382926321871398	0.254064375823793	0.839356367845794	9
POLR1F	-0.091310902320147	0.774764864075891	0.992930756580613	9
POLR1G	-0.190942846955042	0.799602972754211	0.995590233849494	9
POLR1H	0.541391183073436			9
POLR2A	-0.537405329839166			9
POLR2B	0.0388513528117826	0.914922965522237	0.998639733078915	9
POLR2C	-0.0826857820969586	0.709685413625867	0.989276793964962	9
POLR2D	0.228418594891846	0.593020353385282	0.971727832906349	9
POLR2E	-0.310150331271825	0.456992228218777	0.936230722336266	9
POLR2F	-0.616292077373497	0.229176359827278	0.808244559806673	9
POLR2G	0.0149069987403027	0.968898249433991	0.998639733078915	9
POLR2H	0.0307342464587965	0.926888200140833	0.998639733078915	9
POLR2I	-1.09190802087698	0.302879488520799	0.874342355309609	9
POLR2J	-0.486044135750756	0.435323830487182	0.92764761972301	9
POLR2J2	-1.45693049299787	0.103627521895219	0.626900243857106	9
POLR2J3-UPK3BL2	-0.275332064799337	0.652907151781279	0.981436950613188	9
POLR2K	-0.179279044280519	0.533109589961936	0.95784961223136	9
POLR2L	-0.810542119655663	0.24556040548351	0.830024535228324	9
POLR2M	-1.12922967701735			9
POLR3A	0.0124927596366601	0.955928688048464	0.998639733078915	9
POLR3B	0.0995392341895507	0.771851532981882	0.992930756580613	9
POLR3C	-0.177779869109159	0.372047905258849	0.905673456930873	9
POLR3D	0.504821820639442	0.13554508621471	0.697917950714537	9
POLR3E	-0.227477552673363			9
POLR3F	-0.133144003048686	0.692299513253444	0.989171265391501	9
POLR3G	-0.307284903395867	0.625765037075921	0.978573777801597	9
POLR3GL	0.215714572245069	0.569022718065313	0.966312788442061	9
POLR3H	0.206291407423415	0.649654995999082	0.980939644555144	9
POLR3K	-0.0728790404330323	0.877298620916054	0.998639733078915	9
POLRMT	-0.340956571681055	0.327903738697595	0.887903506431062	9
POM121	0.174106902341117	0.648344392565993	0.980691547015745	9
POM121C	0.183309140870457	0.448828866863281	0.932585632008735	9
POMC	-1.08870737816522	0.282234139007039	0.8612268238133	9
POMGNT1	-0.221641614872636	0.460910615829625	0.937747940696302	9
POMGNT2	-0.34827199819594	0.539887639271465	0.958979719874913	9
POMK	0.249836319937587	0.838100024167884	0.998604146933345	9
POMP	-0.289027506258139	0.539095393674876	0.958979719874913	9
POMT1	-0.27576650286064	0.175494752078766	0.751250158017082	9
POMT2	-0.0273061394356186	0.90992957888703	0.998639733078915	9
POMZP3	-0.540023229467067			9
PON2	0.380215918513806	0.208578870667366	0.792492332025996	9
PON3	-0.750449080900117	0.302813477610585	0.874342355309609	9
POP1	0.201706050444037	0.665721471298487	0.984088154568007	9
POP4	-0.122276305519002	0.642234160321998	0.980691547015745	9
POP5	-0.382352905276914	0.494510653688362	0.946281222050183	9
POP7	-0.493507059946785	0.380480763654995	0.907021407027033	9
POPDC2	-0.686404497090776	0.420406655845683	0.920640686978596	9
POPDC3	-1.78237748268746	0.0192401252140187	0.283662328619266	9
POR	-0.51506161427382	0.154368549552858	0.727364000909456	9
PORCN	1.52200019515421	0.00962899209923844	0.195972846181001	9
POSTN	0.491780314383549	0.461747462438156	0.937927280347714	9
POT1	-0.131565311414125	0.721173043369534	0.990516044835733	9
POU2AF1	-0.00537201200650727	0.994270488154066	0.999620666732609	9
POU2F1	-0.408526913901622	0.132230611135657	0.691584478393078	9
POU2F2	-0.38578442717913	0.514409248927036	0.953080823824775	9
POU2F3	0.327962086623451	0.827019961206523	0.99746225363255	9
POU5F1	1.89927976779381	0.198767529899502	0.780997970767379	9
POU5F1B	2.97454870056109	0.00579158351461953	0.148936523099824	9
POU6F1	-0.802114849870393	0.0487211123312795	0.451302226391315	9
PP2D1	0.268564221234433	0.779120584985941	0.992930756580613	9
PPA1	0.895222739567487	0.0460210363057913	0.437422097173075	9
PPA2	-0.177573807285467	0.613235032709947	0.975911270057349	9
PPAN	0.105511775716278	0.813607016715687	0.995936140923453	9
PPARA	0.0964110156881824	0.817410312693745	0.995966406600323	9
PPARD	0.0447612809227748	0.864978476912829	0.998639733078915	9
PPARG	-0.409696897459481	0.285184190685302	0.8612268238133	9
PPARGC1A	-1.17637249940944	0.00449471562061414	0.130102852638479	9
PPARGC1B	-0.326200846027539	0.496293153380141	0.946690707517402	9
PPAT	0.077843698310696	0.820369751205657	0.996009039113892	9
PPCDC	-0.555224675660765	0.235641191958294	0.813141339593178	9
PPCS	-0.291825395003082	0.466570994081314	0.939090560115758	9
PPDPF	-1.51919694300979	0.03762654844681	0.397546303862335	9
PPEF1	-1.04872092612434	0.395232380396177	0.913353694686467	9
PPFIA1	-0.0933902700884919			9
PPFIA2	0.126233659181518	0.895697658047794	0.998639733078915	9
PPFIA3	0.163143854173894	0.752092775631772	0.991008075540888	9
PPFIA4	-0.566885375440702	0.145758595978225	0.713849580369802	9
PPFIBP1	-0.0973531105089679	0.822108124263247	0.996392111603895	9
PPFIBP2	-0.0219371898932432	0.966620449757876	0.998639733078915	9
PPHLN1	0.207639788492676	0.538900674197449	0.958979719874913	9
PPIA	0.0286374748805752	0.942893426107236	0.998639733078915	9
PPIB	0.73004741992894	0.0571707453361573	0.481401809416439	9
PPIC	0.558715457556384	0.260776714350493	0.843225647432121	9
PPID	0.173916810999161	0.66803731132295	0.984380101516098	9
PPIE	-0.412208537712105	0.0540356425885656	0.472803864996928	9
PPIF	0.3248521286442	0.42425459556455	0.922647417631964	9
PPIG	-0.129877431590494	0.801023948612797	0.995590233849494	9
PPIH	0.329945048302711	0.399397894030558	0.914438028200431	9
PPIL1	-0.132196374217258	0.807268780709027	0.995590233849494	9
PPIL2	0.289289915991425	0.255451994150496	0.840547211401925	9
PPIL3	0.098455192033152	0.770789979719813	0.992930756580613	9
PPIL4	0.126613132510827	0.721120965498313	0.990516044835733	9
PPIL6	1.36950361282012	0.00520371740465552	0.140556619765551	9
PPIP5K1	0.085052130880951	0.791868614668379	0.994052363875907	9
PPIP5K2	0.278919655480221	0.452771404733791	0.933879599685521	9
PPL	0.0901775800302548	0.832822221527783	0.99758896469785	9
PPM1A	-0.207820511504403	0.493175681759503	0.945530063911015	9
PPM1B	0.196031013530789	0.56862549622037	0.965998858147166	9
PPM1D	-0.2274913049592	0.434338164042512	0.927019323226072	9
PPM1E	-0.0648535581085234	0.901013331722908	0.998639733078915	9
PPM1F	-0.477441982923778	0.150914258510463	0.7217478076306	9
PPM1G	-0.107330895651602	0.73125211719534	0.991008075540888	9
PPM1H	1.72766160417545	0.0282475649719372	0.3467278248125	9
PPM1J	0.601003366727517	0.343332069870633	0.899092963457163	9
PPM1K	-0.461178777527244	0.21037603045716	0.794171927467666	9
PPM1L	-0.0390628849211282	0.914258259733662	0.998639733078915	9
PPM1M	-0.447002819060299	0.228060599158036	0.808244559806673	9
PPM1N	0.034270772419434	0.974204111999068	0.998639733078915	9
PPME1	-0.216281461032206	0.556697017712706	0.96370024816501	9
PPOX	-0.145602008565684	0.595069121852014	0.972236092783093	9
PPP1CA	0.264906312500126	0.528946987583736	0.957299775766752	9
PPP1CB	-0.688238780803899	0.109288272720213	0.638078241044252	9
PPP1CC	-0.107996370157828	0.494843529713805	0.946409088119393	9
PPP1R10	0.0685793340106685			9
PPP1R11	-0.618930657085052			9
PPP1R12A	-0.0263367392690244	0.964348729502461	0.998639733078915	9
PPP1R12B	-0.37312781191944	0.65782692898745	0.982975949819678	9
PPP1R12C	-1.1123138592415	0.0131573443199084	0.231484576288639	9
PPP1R13B	0.878099633717233	0.00459828844472003	0.130909595472274	9
PPP1R13L	0.161385285505347	0.673758022783689	0.985298616459508	9
PPP1R14A	-1.23775895615203	0.134678337932327	0.696376149985979	9
PPP1R14B	0.07698813576575	0.902947692694694	0.998639733078915	9
PPP1R14C	0.998222310784177	0.447122637010016	0.932585632008735	9
PPP1R15A	1.63884153452049	0.0169832055562827	0.266974544426292	9
PPP1R15B	1.25364648584516	0.0122592926607607	0.223797159157581	9
PPP1R16A	-0.344192406856092	0.523897052057164	0.955391092995928	9
PPP1R16B	0.187070642697579	0.779338096755939	0.992930756580613	9
PPP1R17	-1.25905517835213	0.635071998731919	0.980691547015745	9
PPP1R18	-0.81704002531321			9
PPP1R1A	0.92292356237894	0.497132758698689	0.947127315415174	9
PPP1R1B	0.409899812436239	0.674399846849172	0.985298616459508	9
PPP1R1C	0.82866487755231	0.656589464819166	0.982654069775495	9
PPP1R2	-0.204638044899705	0.344376088125546	0.899092963457163	9
PPP1R21	-0.161749372625163	0.744900622044498	0.991008075540888	9
PPP1R26	0.210675757079005	0.528328067542877	0.957299775766752	9
SAXO4	-0.470370210155853	0.312449884944778	0.878322748366	9
PPP1R35	0.499959919478885			9
PPP1R36	0.701307676286393	0.453506461262362	0.934203669144002	9
PPP1R37	-0.263800899497095	0.37319889549833	0.905673456930873	9
PPP1R3B	-1.28605266418943	0.25354091158215	0.839098594740734	9
PPP1R3C	-1.02630741852633	0.180996532768881	0.758787225277321	9
PPP1R3D	-0.0974048010227127	0.77304207909983	0.992930756580613	9
PPP1R3E	-0.8367341379067	0.0226238842520263	0.309861258844812	9
PPP1R3F	-0.779649870829339	0.129206358256788	0.684816895593696	9
PPP1R3G	-1.28754850761186	0.0308422049199441	0.361893312260171	9
PPP1R42	1.68600344976466	0.228502951322555	0.808244559806673	9
PPP1R7	-0.619525413162865	0.168739893807841	0.746130582121962	9
PPP1R8	0.0941365510063791	0.706183956688911	0.989276793964962	9
PPP1R9A	-0.291097195460477	0.769030114382963	0.992930756580613	9
PPP1R9B	-0.0443580875951175	0.895943979073661	0.998639733078915	9
PPP2CA	-0.331696925511382	0.221033483337924	0.801640109963413	9
PPP2CB	-0.534079207812706	0.174757585737085	0.751250158017082	9
PPP2R1A	-0.0816214182484032	0.8196899293157	0.995966406600323	9
PPP2R1B	0.259474914985043	0.32818925080197	0.887903506431062	9
PPP2R2A	0.0425154377254484	0.878674794986412	0.998639733078915	9
PPP2R2B	-0.932948602252731	0.179728667546359	0.756214725083166	9
PPP2R2C	2.24288122359121	8.85992155223216e-05	0.0152071281433138	9
PPP2R2D	-0.238914741707812	0.386843724387799	0.910863010956818	9
PPP2R3A	-0.0308216337667886	0.939722713067684	0.998639733078915	9
PPP2R3B	0.767881601048039			9
PPP2R3C	-0.570525908022267	0.186134538513543	0.765050614509348	9
PPP2R5A	-0.166594765230657	0.474816562852232	0.940269289544111	9
PPP2R5B	-0.44029773757424	0.297339462388652	0.87209168170697	9
PPP2R5C	-0.160420305471939	0.525596807819427	0.956520093727353	9
PPP2R5D	0.341539315232607	0.438588491478452	0.928941789266548	9
PPP2R5E	-0.176082610504263	0.583405478790721	0.971006418732942	9
PPP3CA	-0.303675797391239	0.32030769411496	0.884742116921954	9
PPP3CB	-0.16997768392939	0.5276782421569	0.957268202462574	9
PPP3CC	-0.505581779369008	0.163425392019582	0.73994607886052	9
PPP3R1	0.100699964437468	0.773149320316568	0.992930756580613	9
PPP4C	0.0545160664452262	0.894899079765427	0.998639733078915	9
PPP4R1	0.25735813259044	0.260001331443236	0.842792685728616	9
PPP4R2	0.416233133230698	0.157872841783325	0.73118800679849	9
PPP4R3A	-0.0357213332899068	0.898956084826798	0.998639733078915	9
PPP4R3B	0.21809746684561	0.542245397526585	0.959543069141869	9
PPP5C	0.048496611989397	0.828163552508368	0.99746225363255	9
PPP6C	-0.157170478672842	0.433900866943041	0.926809311141991	9
PPP6R1	-0.352273513066477	0.393526211160957	0.912945341948813	9
PPP6R2	-0.214853447114074	0.307506413845279	0.876432473153517	9
PPP6R3	-0.0465889433442881	0.786985260645924	0.994052363875907	9
PPRC1	0.4956017677404	0.149786583361097	0.721306544836198	9
PPT1	-0.146270441677674	0.536779249595633	0.957857652717738	9
PPT2	-0.920796866535569			9
PPTC7	0.010924382155449	0.989255300938908	0.999458538741689	9
PPWD1	-0.0828396933886274	0.847932982424321	0.998639733078915	9
PQBP1	-0.80105972502293	0.122868771141402	0.672991958789044	9
PRADC1	-1.1853667590759	0.0964581150681423	0.608209413293827	9
PRAF2	-1.17289229377171	0.181717194766619	0.759038576668581	9
PRAG1	1.39736853603835	0.350544392155819	0.899092963457163	9
PRAM1	-0.0897946641186216	0.878512879190189	0.998639733078915	9
PRAME	5.40072526806319			9
PRC1	2.12545523600242	0.0939489230403149	0.600340842158973	9
PRCC	-0.373754237361775	0.301770081484762	0.874342355309609	9
PRCD	-0.154954696742238	0.771277426853505	0.992930756580613	9
PRCP	0.357731999843814	0.170814433177434	0.748889143972689	9
PRDM1	0.748361459783746	0.25460769255872	0.840023278913561	9
PRDM10	0.233601006546399	0.432942702305071	0.926809311141991	9
PRDM11	-0.144775214778728	0.729632492229393	0.991008075540888	9
PRDM15	0.249449412025574	0.360651501019535	0.901129021301342	9
PRDM16	-0.28044953173682	0.678521451917156	0.98672896048664	9
PRDM2	-0.171867719826178	0.581398951928698	0.96983048134473	9
PRDM4	-0.0186579880791766	0.927897437589982	0.998639733078915	9
PRDM5	-0.152308833235279	0.770867337606681	0.992930756580613	9
PRDM6	1.65293533616073	0.0550812866621536	0.475748901357548	9
PRDM8	-1.2919689145258	0.037512233672803	0.396930524189423	9
PRDX1	-0.104650135599146	0.64691006090636	0.980691547015745	9
PRDX2	-0.308247150424329	0.570548781750366	0.966906276626216	9
PRDX3	-0.0403405826366508	0.901980561984229	0.998639733078915	9
PRDX4	-0.591376360138402	0.295747166000259	0.870082505129096	9
PRDX5	-0.362622740841375	0.536271192840144	0.95784961223136	9
PRDX6	-0.154356247150141	0.668863093611525	0.984493894849006	9
PREB	-0.144223497201837	0.726806819563353	0.991008075540888	9
PRELID1	0.416417907969612	0.256456446711183	0.840547211401925	9
PRELID2	0.225966167075622	0.471188441839627	0.939528895871055	9
PRELID3A	-0.613003721374009	0.167084827943686	0.744093812633141	9
PRELID3B	0.302246985905781	0.483334612002354	0.942995405287983	9
PRELP	-1.18991121552927	0.248693872775579	0.835450672744726	9
PREP	0.39453824556854	0.0989289801803117	0.612684611839	9
PREPL	-0.170706620901652	0.792215919313558	0.994052363875907	9
PREX1	1.35537076235137	0.00449955079535321	0.130102852638479	9
PREX2	0.700744347864753	0.224878736826232	0.807844982791922	9
PRF1	-0.809371254137397	0.183257528961482	0.760225751021468	9
PRG2	-0.413569677553934	0.808230233122128	0.995936140923453	9
PRG4	-0.429395047030455	0.742938634098381	0.991008075540888	9
PRH1	-0.164668834504893			9
PRH2	0.532137502911528			9
PRICKLE1	0.598036470600462	0.304383854681599	0.875053234265414	9
PRICKLE2	-0.116812008047104	0.745590217390356	0.991008075540888	9
PRICKLE3	-0.0350635576722666	0.900454873386926	0.998639733078915	9
PRICKLE4	0.61941246327957	0.579137568202592	0.969055975901473	9
PRIM1	0.164621487972069	0.822478494068823	0.996520155212172	9
PRIM2	-0.0758383469962663	0.839887645339491	0.998604146933345	9
PRIMA1	-3.55643871720496			9
PRIMPOL	0.110461402322628	0.770742615497899	0.992930756580613	9
PRKAA1	-0.237383662664728	0.4510117088979	0.932929349080984	9
PRKAA2	0.0898917328745072	0.892146890013968	0.998639733078915	9
PRKAB1	0.408006706524207	0.222173357558911	0.803797383538111	9
PRKAB2	0.0143219108218497	0.980114592234692	0.998639733078915	9
PRKACA	-0.906437934117961			9
PRKACB	-0.22483415064994	0.571422569870999	0.966957302976707	9
PRKAG1	0.157925797702072	0.869708586915457	0.998639733078915	9
PRKAG2	0.498032170936261	0.17492703317598	0.751250158017082	9
PRKAG3	-1.13020651234268	0.553633406347862	0.9626262906904	9
PRKAR1A	0.0657020645160878	0.920969805793676	0.998639733078915	9
PRKAR1B	-1.36710458630711	0.00232978960498224	0.0901383366703246	9
PRKAR2A	0.208611992431593	0.567533932206728	0.965421927349831	9
PRKAR2B	-0.945149270240973	0.368753319996083	0.903215222150182	9
PRKCA	-0.348922317008529	0.476503009763008	0.940825538957812	9
PRKCB	-1.25882391831428	0.0620793608378512	0.500793671899467	9
PRKCD	1.04191178677553	0.0179680665905825	0.272868832610563	9
PRKCE	-0.202553710815812	0.52610386442634	0.956988757965781	9
PRKCG	3.96148462301071	0.0166283662637851	0.264065618963964	9
PRKCH	0.174813941346822	0.730533827517399	0.991008075540888	9
PRKCI	0.184214266466955	0.545372644022027	0.96064983274572	9
PRKCQ	1.22077821625333	0.132875850142443	0.692405736895701	9
PRKCSH	-0.606041572162602	0.248320263251137	0.835450672744726	9
PRKCZ	1.35961398213178	0.0232285248218971	0.313590405830319	9
PRKD1	0.627506615610632	0.00332755447868911	0.10966823841068	9
PRKD2	0.101495146933631	0.754722203741743	0.991496480013516	9
PRKD3	0.119529425455845	0.827553935366411	0.99746225363255	9
PRKDC	0.332651830085094	0.388971400702101	0.911850347346707	9
PRKG1	0.0365331837931037	0.967380027682016	0.998639733078915	9
PRKG2	-0.815017290813349	0.334670079781348	0.892969331445685	9
PRKN	0.259589767062833	0.68075825980995	0.987076378845579	9
PRKRA	-0.350822374236461	0.242300312118753	0.824670257593937	9
PRKRIP1	0.179874152192506			9
PRKX	1.57286727624997	0.0120533420370253	0.221528528633065	9
PRL	0.0511028794311592			9
PRLHR	-1.65808214129329	0.234738895425508	0.812677377860435	9
PRLR	-0.787471794031702	0.315516652987345	0.880630245192925	9
PRMT1	-0.106806509734148	0.720330446477161	0.990479526823416	9
PRMT2	-0.119174335546764	0.671604898666211	0.985298616459508	9
PRMT3	0.0268859273255094	0.941826654946793	0.998639733078915	9
PRMT5	0.607545651848602	0.313368336010931	0.879731838694817	9
PRMT6	0.401831835260969	0.442155644896754	0.930767263873637	9
PRMT7	-0.2624841780063	0.424434179264344	0.922691151711485	9
PRMT9	0.16448917362665	0.626295885855921	0.978573777801597	9
PRND	-0.972158588440269	0.219302487224969	0.800372961766465	9
PRNP	-0.412961214672663	0.399760761193509	0.914438028200431	9
PROB1	0.286980728107327	0.599622260265895	0.973817161820319	9
PROC	0.374526195950766	0.706007654627402	0.989276793964962	9
PROCA1	-0.854732857147236	0.061317481079658	0.499544080780838	9
PROCR	0.104215806741816	0.852062584704981	0.998639733078915	9
PROK1	-8.21012754098796	3.99479767224193e-07	0.000737090105499539	9
PROM1	2.42167417917203	0.0288517467430072	0.349197053275557	9
PROM2	0.940580622907511	0.130345551798402	0.687475651312875	9
PRORP	0.76610890989757	0.241039834164909	0.823608562988013	9
PROS1	-0.470362865104897	0.328154686611489	0.887903506431062	9
PROSER1	0.415466213457802	0.155485251240613	0.727862257442023	9
PROSER2	0.607559980491578	0.305229588111964	0.87578680388204	9
PROSER3	-0.033533314397359	0.941654121869918	0.998639733078915	9
PROX1	0.546426549783487	0.456222145260106	0.935968740261907	9
PROX2	-0.107865309604519	0.897074372092563	0.998639733078915	9
PROZ	1.06935227163196	0.422688920209594	0.922277664097641	9
PRPF18	0.37744281525047	0.625414617130543	0.978573777801597	9
PRPF19	0.171696150552751	0.557690857970087	0.96370024816501	9
PRPF3	-0.194982501064435	0.469559907189375	0.939188868595478	9
PRPF31	0.453774230643366			9
PRPF38A	0.0816625239463314	0.77286478721692	0.992930756580613	9
PRPF38B	0.0519630195996543	0.895286392977989	0.998639733078915	9
PRPF39	-0.1314157261342	0.813077010690714	0.995936140923453	9
PRPF4	0.241795661085222	0.348251942963996	0.899092963457163	9
PRPF40A	0.0944115894251058	0.814030341665357	0.995936140923453	9
PRPF40B	-0.365121747019525	0.266917845780334	0.847767249375861	9
PRP4K	-0.130416091607046	0.760996659992597	0.992004541019998	9
PRPF6	-0.17194506075031	0.449588902061181	0.932585632008735	9
PRPF8	-0.879767239492159			9
PRPH	-2.0861506388557	0.104222484270701	0.628298316800495	9
PRPH2	-0.385771269761997	0.413483117379872	0.91719471148147	9
PRPS1	0.0446621327754616	0.905489800474574	0.998639733078915	9
PRPS2	-1.07378209377929	0.0194641171682857	0.285029596747088	9
PRPSAP1	-0.0485906379857235	0.824652278116695	0.997189504159952	9
PRPSAP2	0.213479999944674	0.399672904623666	0.914438028200431	9
PRR11	1.80247409882259	0.030076572073149	0.356770059301728	9
PRR12	0.0080598652594807	0.980233526833975	0.998639733078915	9
PRR13	-0.188800115020227	0.693221479523588	0.989171265391501	9
PRR14	-0.406474120486189	0.229356122218312	0.808244559806673	9
PRR14L	0.420645326323195	0.0842300007157175	0.576144133718585	9
PRR15	4.35675772470866	0.00080147287758634	0.0509101684117623	9
PRR15L	4.7201423829264	0.00121324277559847	0.0632815427936714	9
PRR16	-0.314939437877029	0.615206909697026	0.976459053122344	9
PRR18	1.92011667123673	0.179003167617375	0.75589429032331	9
PRR19	-0.308009367993701	0.738026528664936	0.991008075540888	9
PRR22	-0.222835814711137	0.7461595563748	0.991008075540888	9
PRR29	2.15124813673274	0.000105401234300629	0.0169111697772999	9
PRR3	0.0265247189635237			9
PRR36	2.45504993198832	0.0156242998425492	0.252330733015174	9
PRR5	-0.787573947096814	0.208156551238142	0.792178019421267	9
PRR5L	0.86806642243223	0.0558950730989128	0.478564900813035	9
PRR7	0.0745305479289883	0.932655315162905	0.998639733078915	9
PRRC1	0.224218120479023	0.359652508516596	0.901129021301342	9
PRRC2A	-0.496748143128483			9
PRRC2B	0.362878614573978	0.468070230419056	0.939188868595478	9
PRRC2C	0.0545962770812075	0.859839686514721	0.998639733078915	9
PRRG1	0.309420414273307	0.463520130928294	0.938294906827733	9
PRRG2	1.61443549951491	0.0762928051754193	0.54871604022053	9
PRRG3	0.0882103251300779	0.883401788954233	0.998639733078915	9
PRRG4	1.81886643764568	0.0551953648265337	0.476193549252792	9
PRRT1	-0.429538357562582			9
PRRT1B	2.6055812730649	0.0374779475861152	0.396930524189423	9
PRRT2	-0.049052283813596	0.934440679574702	0.998639733078915	9
PRRT3	0.0387853072377296	0.919253212906058	0.998639733078915	9
PRRT4	0.449503189656387	0.523553655441917	0.955391092995928	9
PRRX1	-0.531985074541295	0.10517748152197	0.62833175561381	9
PRRX2	-0.909604684740031	0.0511895908074913	0.462429345109779	9
PRSS12	3.20235808517965	0.00726321195391171	0.167308485446074	9
PRSS16	3.79984607744829	0.00700980584560091	0.164501977880628	9
PRSS21	-0.191191984658374	0.917326694378352	0.998639733078915	9
PRSS22	4.10804420389405			9
PRSS23	0.040269163903986	0.928124657349838	0.998639733078915	9
PRSS27	-0.384077862066248	0.620332157844061	0.978491449234472	9
PRSS33	1.49600553363937	0.509235005367084	0.951538693830295	9
PRSS35	0.364443898401532	0.670978550401811	0.985298616459508	9
PRSS36	-0.628079098523175	0.355928630861489	0.899926179335231	9
PRSS37	-0.79423342107981	0.506878813500053	0.951429064861939	9
PRSS50	-0.922514405532806	0.568165081866398	0.965867959768124	9
PRSS53	-0.0165762278924365	0.979638020040456	0.998639733078915	9
PRSS8	3.32971249084161	0.0177314796017726	0.271613938891992	9
PRTFDC1	-0.026118667829904	0.940759926308144	0.998639733078915	9
PRTG	-0.84739699763269	0.164472045556937	0.741226976760448	9
PRUNE1	-0.0679321529390886	0.814938513970191	0.995966406600323	9
PRUNE2	-0.0513348928715391	0.961749568246404	0.998639733078915	9
PRX	-0.555450771752249	0.185353225021944	0.763792369190164	9
PRXL2A	0.41728050128478	0.410265799441636	0.91601809761032	9
PRXL2B	-0.550802345287717			9
PRXL2C	-0.076553609155225	0.840179391609665	0.998604146933345	9
PSAP	-0.212004534179387	0.546991484152777	0.960668683051641	9
PSAT1	1.419292877916	0.198412646218506	0.780997970767379	9
PSD	-1.9099962215298	0.0119509920370563	0.220786725230273	9
PSD2	2.31621063549601	0.0184011692027912	0.277327858020936	9
PSD3	-0.0754296780338366	0.831087409331956	0.99746225363255	9
PSD4	0.582977047531235	0.284227908577726	0.8612268238133	9
PSEN1	0.168021109616479	0.48341211515576	0.942995405287983	9
PSEN2	0.000272159819840308	0.999704934436106	0.999840404987557	9
PSENEN	-0.249423357205244	0.763855461540776	0.992795989562244	9
PSIP1	0.0493176163128821	0.929256182517936	0.998639733078915	9
PSKH1	-0.0702193513289765	0.882492080320742	0.998639733078915	9
PSMA1	-0.077828908594072	0.920975581981629	0.998639733078915	9
PSMA2	0.0468989021951006	0.954117262586872	0.998639733078915	9
PSMA3	-0.404796950703262	0.224126971421445	0.806518338652351	9
PSMA4	-0.205760457767243	0.518188135013713	0.953758404613893	9
PSMA5	-0.11699430059827	0.674091393536013	0.985298616459508	9
PSMA6	0.272623696608515	0.716373317856843	0.989276793964962	9
PSMA7	-0.269558214611873	0.461047991895986	0.937747940696302	9
PSMB1	-0.313597928769985	0.309527888404644	0.877235807280418	9
PSMB10	-0.821814820804556	0.242207394924818	0.824670257593937	9
PSMB2	-0.192221127110464	0.574932583701943	0.968284112085412	9
PSMB3	-0.119841787820665			9
PSMB4	-0.549040345001529	0.121109573561663	0.669948748501521	9
PSMB5	-0.0324756071252723	0.929303036603165	0.998639733078915	9
PSMB6	-0.636627031002742	0.217952343466571	0.799033281212017	9
PSMB7	0.19964344844706	0.706322169664079	0.989276793964962	9
PSMB8	0.259769118197731			9
PSMB9	-0.872619132972284			9
PSMC1	0.227628887796554	0.706183046135194	0.989276793964962	9
PSMC2	-0.216884697401419	0.495590760453442	0.946613606254215	9
PSMC3	-0.562879597278695	0.211649509625615	0.794171927467666	9
PSMC3IP	0.421934053966916	0.376815215989428	0.905673456930873	9
PSMC4	-0.28980430544873			9
PSMC5	-0.648261142371765	0.130558984373785	0.688033262528183	9
PSMC6	0.0514277096833275	0.883691491515868	0.998639733078915	9
PSMD1	-0.422322430200016	0.284153363224228	0.8612268238133	9
PSMD10	0.0489559174261991	0.891065220831573	0.998639733078915	9
PSMD11	-0.00577302033246671	0.982040390026004	0.99878393181735	9
PSMD12	-0.0724366468216748	0.783684910423113	0.993964186291201	9
PSMD13	-0.126470812812733	0.640866237047318	0.980691547015745	9
PSMD14	-0.159935274536141	0.694680718941932	0.989228093394875	9
PSMD2	-0.101238871565954	0.777227385360277	0.992930756580613	9
PSMD3	0.0174056328472641	0.946130064249473	0.998639733078915	9
PSMD4	-0.460230465988673	0.210507444085162	0.794171927467666	9
PSMD5	-0.0373597862844514	0.876107110051573	0.998639733078915	9
PSMD6	-0.228658999370791	0.360363691061808	0.901129021301342	9
PSMD7	-0.124042479648202	0.833650695817108	0.997915111894509	9
PSMD8	-0.24267760641216	0.566476472533598	0.965061168919095	9
PSMD9	-0.359027040569815	0.635658897317269	0.980691547015745	9
PSME1	-0.148396959110852			9
PSME2	0.214130253644478			9
PSME3	0.3873142482476	0.218027136729076	0.799033281212017	9
PSME3IP1	-0.155909285116914	0.558004411472487	0.96370024816501	9
PSME4	0.039325922865336	0.866993190615732	0.998639733078915	9
PSMF1	-0.331221673268425	0.274438879392324	0.853352465043075	9
PSMG1	-0.126067612612354	0.739967843841722	0.991008075540888	9
PSMG2	-0.31347623660661	0.327016681028744	0.887903506431062	9
PSMG3	-0.0895026164725937	0.885180057613204	0.998639733078915	9
PSMG4	-0.331327424852358	0.217427170047736	0.798965012963561	9
PSORS1C1	-0.777482795210072			9
PSPC1	0.0644984882029988	0.730760646598181	0.991008075540888	9
PSPH	0.488184687246335	0.302358341401644	0.874342355309609	9
PSPN	-0.514029888645895	0.697186491196018	0.989276793964962	9
PSRC1	0.970645974854007	0.155462163643364	0.727862257442023	9
PSTK	-0.0384440360132393	0.927778747698679	0.998639733078915	9
PSTPIP1	-0.627799629765862	0.32233140650299	0.885543112951723	9
PSTPIP2	-0.102251435978042	0.809705636241673	0.995936140923453	9
PTAFR	0.182796052349695	0.704989002760347	0.989276793964962	9
PTAR1	-0.0405817137192775	0.909755374091268	0.998639733078915	9
PTBP1	0.339792888379242	0.433950828796609	0.926809311141991	9
PTBP2	-0.346676831790657	0.355957778012453	0.899926179335231	9
PTBP3	0.495074231384471	0.138289759217879	0.702446909885441	9
PTCD1	-0.44524099818277			9
PTCD2	0.00229510966225007	0.994213307095976	0.999620666732609	9
PTCD3	-0.129989299082787	0.563824636135375	0.965041713262426	9
PTCH1	3.58918711292328	0.000221443291687704	0.0243934658850911	9
PTCH2	1.4288043165725	0.0230826984890563	0.312877605506851	9
PTCHD1	-2.75825171302682	1.30179998127496e-05	0.00468679744478041	9
PTCHD4	-0.764167663025078	0.228631887165516	0.808244559806673	9
PTDSS1	-0.0187071746677417	0.950175407065018	0.998639733078915	9
PTDSS2	0.0383917418349573	0.958015325857878	0.998639733078915	9
PTEN	-0.79649370753953			9
PTER	0.412727126122942	0.328717756624953	0.888271817284787	9
PTGDR	-0.890504539126629	0.0985824439263246	0.611980350722711	9
PTGDR2	-0.820977858117812	0.585727668303062	0.971161794932015	9
PTGDS	-1.35982660259483	0.20656591802549	0.790112598188719	9
PTGER2	-1.9115655471338	0.00571533862786726	0.147748009607616	9
PTGER3	-0.227555000056393	0.836560605498657	0.998604146933345	9
PTGER4	0.0562954103140379	0.947460701259426	0.998639733078915	9
PTGES	-0.121106739810207	0.796400207657407	0.995146318905527	9
PTGES2	-0.292593346839139	0.466038962108778	0.939056634854966	9
PTGES3	-0.0883744807556672	0.685565557179656	0.988293730694743	9
PTGES3L	-1.91459972451487	0.081477792823371	0.568112281467067	9
PTGFR	-0.320954494033907	0.754357595850804	0.991292579960725	9
PTGFRN	0.308628021967338	0.629477889537234	0.979219295330233	9
PTGIR	0.550162421464344	0.479330930857592	0.941072442992838	9
PTGIS	-1.38923628972634	0.152307152161158	0.723675843478971	9
PTGR1	0.710052814064918	0.133998895089965	0.693776811793398	9
PTGR2	0.476777402304863	0.523942002817543	0.955391092995928	9
PTGS1	0.856495263529308	0.101532639506051	0.620137345172465	9
PTGS2	3.01925010387377	2.23702715789848e-05	0.00605880645834129	9
PTH1R	0.260579631195283	0.5961222326097	0.972773091899058	9
PTH2R	1.67709640482211	0.127895719053771	0.681787182720375	9
PTHLH	0.722168336796495	0.371638155878051	0.905666124882138	9
PTK2	0.209913279127921	0.470892043584283	0.939528895871055	9
PTK2B	0.0511659274988875	0.887730001329699	0.998639733078915	9
PTK6	0.0302317163650689	0.968347747770119	0.998639733078915	9
PTK7	0.241195734975612	0.596913879383802	0.972773091899058	9
PTMA	0.29245511682755	0.484932087345244	0.943768865380848	9
PTMS	-1.32881115083622	0.0475744438021642	0.446153980281923	9
PTN	-1.40560679806487	0.000340383468175951	0.0314025023359076	9
PTOV1	-0.387946984356989	0.335735864020124	0.893441965603623	9
PTP4A1	0.651875071000687	0.73655692993992	0.991008075540888	9
PTP4A2	-0.0327965554624969	0.904233601163462	0.998639733078915	9
PTP4A3	-0.299867049679108			9
PTPA	0.0391151764195755	0.922864822519886	0.998639733078915	9
PTPDC1	0.206804734655204	0.547584216864685	0.960745862937005	9
PTPMT1	-0.19355455413099	0.841102122777471	0.998604146933345	9
PTPN1	-0.0432465010637625	0.89831530798525	0.998639733078915	9
PTPN11	-0.0117484367678935	0.978547815771872	0.998639733078915	9
PTPN12	0.255845930768711	0.549593858053809	0.961089318650903	9
PTPN13	-0.0491291342564802	0.903395359726603	0.998639733078915	9
PTPN14	0.272616258765328	0.565421566957103	0.965041713262426	9
PTPN18	-0.193716060959856	0.659441207019558	0.982975949819678	9
PTPN2	0.141478758808625	0.706640653352323	0.989276793964962	9
PTPN20	-1.2896022194975	0.185517863373245	0.763792369190164	9
PTPN21	-0.0439105245382868	0.903068285281074	0.998639733078915	9
PTPN22	0.171100636210847	0.832157934816943	0.99746225363255	9
PTPN23	-0.340515762072892	0.232149020658911	0.808244559806673	9
PTPN3	1.64912858995919	0.0128722915796039	0.22920132208267	9
PTPN4	0.0221867220913309	0.953448180669057	0.998639733078915	9
PTPN5	0.340678902939709	0.651959270811383	0.981292533915803	9
PTPN6	0.630558134886102	0.229741368039002	0.808244559806673	9
PTPN7	-0.482502539226102	0.299337463881303	0.874165994322897	9
PTPN9	0.0726008949842338	0.776935374674618	0.992930756580613	9
PTPRA	-0.0812362095626315	0.704466777774709	0.989276793964962	9
PTPRB	-0.0858733578332939	0.873902115021103	0.998639733078915	9
PTPRC	-0.112568322378287	0.838643766130351	0.998604146933345	9
PTPRD	1.36514566425057	0.00204803813297419	0.0837426340189251	9
PTPRE	0.695706683891952	0.212904372165333	0.794171927467666	9
PTPRF	1.06475377298241	7.69507850549787e-05	0.0135374020613312	9
PTPRG	-0.0833759405084468	0.814076838362878	0.995936140923453	9
PTPRH	0.0721211274365667	0.932109676234104	0.998639733078915	9
PTPRJ	1.01292889784874	0.0248878557359074	0.324531482789513	9
PTPRK	0.265163967108747			9
PTPRM	-0.00910121947689661	0.984761951423562	0.999397054881783	9
PTPRN	0.343203713316589	0.786166058091549	0.994052363875907	9
PTPRN2	0.934563385614994	0.0471262505532112	0.443641954346908	9
PTPRO	-1.31798530775593	0.017198889850823	0.268081112025341	9
PTPRR	-0.489762565004922	0.588330954892351	0.971161794932015	9
PTPRS	0.238703926647407	0.422271149855128	0.922045733570987	9
PTPRT	0.841840715787832	0.331955116562545	0.890518010101223	9
PTPRU	-0.464506952325773	0.168637709214329	0.745957814118282	9
PTPRZ1	-2.34763718531412	0.0995826832849578	0.614776721519865	9
PTRH2	0.0633782600147453	0.867699984382366	0.998639733078915	9
PTRHD1	-0.123243125018329	0.872667181903422	0.998639733078915	9
PTS	-0.399446612979661	0.368225006684903	0.902670603071424	9
PTTG1	2.13338618610859	0.0278603078511074	0.346166670193768	9
PTTG1IP	-0.282382887798537	0.248638131583039	0.835450672744726	9
PTX3	0.480734351320191	0.429331258484012	0.92450301842919	9
PUDP	0.162896905099813	0.54300784634645	0.959834942395417	9
PUF60	-0.463324563559907			9
PUM1	0.136139421941399	0.611125844235428	0.975330153179712	9
PUM2	0.0547651667107919	0.860528885756575	0.998639733078915	9
PUM3	0.35020932036336	0.323546055017852	0.885547974781809	9
PURA	-0.0322875704165966	0.914636158681836	0.998639733078915	9
PURB	0.225084366923518	0.341081962821702	0.897933093135571	9
PURG	-0.328996263397469	0.479817485512612	0.941072442992838	9
PUS1	0.122784329401196	0.804451755931334	0.995590233849494	9
PUS10	0.297446724670278	0.546081563855549	0.960668683051641	9
PUS3	0.0442601740396227	0.880340582242073	0.998639733078915	9
PUS7	0.696719154211451	0.0708030117390972	0.530657428609429	9
PUS7L	0.438303156247903	0.350800238570143	0.899092963457163	9
PUSL1	-1.05178959937346	0.0538385635934302	0.472692722723396	9
PVR	0.396418481017111	0.328573896873851	0.888130249359991	9
PVRIG	-0.341032072034448	0.739297044475199	0.991008075540888	9
PWP1	-0.0729197506144754	0.762781449506087	0.992456322270546	9
PWP2	1.41165224962155	0.286900909044095	0.862232237237917	9
PWWP2A	-0.0430891685670152	0.904674595232164	0.998639733078915	9
PWWP2B	-0.167779860798089	0.682765963131868	0.987306006486237	9
PWWP3A	-0.176083012537531	0.570617384945948	0.966906276626216	9
PWWP3B	-0.838076509345766	0.214200547979012	0.795739159677259	9
PXDC1	0.0355677668720508	0.947580116581606	0.998639733078915	9
PXDN	0.453831682614464	0.213985198818814	0.795739159677259	9
PXDNL	0.843912984059121	0.562241142287164	0.964946561877165	9
PXK	0.267854559027854	0.516701056384046	0.953680371468858	9
PXMP2	0.201348543174314	0.825416362848845	0.997459757021024	9
PXMP4	-0.0165559262400913	0.969125797033187	0.998639733078915	9
PXN	-0.50413321784003	0.347093916102917	0.899092963457163	9
PXYLP1	0.244839882462549	0.55366826149729	0.9626262906904	9
PYCARD	-0.417239591711088	0.675130679845972	0.985298616459508	9
PYCR1	1.69910702135059	0.0317536366868935	0.365879234068636	9
PYCR2	-0.450582795943662	0.31828897175886	0.883125763337951	9
PYCR3	-0.285678530355769			9
PYGB	-0.0278083070403461	0.9670394273129	0.998639733078915	9
PYGL	-0.0213754515553945	0.947491611498866	0.998639733078915	9
PYGM	-0.807963602065705	0.311577253556106	0.878197198925416	9
PYGO1	-0.346243105298189	0.366925371178157	0.90239123320911	9
PYGO2	-0.201818422278463	0.418166791293264	0.919780432363111	9
PYHIN1	-0.472432579205473	0.496673139944695	0.946841304239138	9
PYM1	0.0624206707603027	0.856759120575788	0.998639733078915	9
PYROXD1	-0.37929778872098	0.439521320641007	0.929185439005697	9
PYROXD2	0.485869747989599	0.304410159064623	0.875053234265414	9
PYY	5.67083025447443	0.000126676122485674	0.0186078040643192	9
PZP	1.03317741987872	0.074656196137794	0.542880757326271	9
QARS1	0.0416599295675777	0.899770668950693	0.998639733078915	9
QDPR	0.279842755842894	0.433350591454561	0.926809311141991	9
QKI	0.0612337897467809	0.857262977898125	0.998639733078915	9
QPCT	-0.323263384878673	0.59810233088798	0.973383517777009	9
QPCTL	0.365009753656272	0.354649121327321	0.899715225734967	9
QPRT	0.320083246273168	0.498618198579223	0.948466910982978	9
QRFP	-0.226939483741212	0.806986744001422	0.995590233849494	9
QRFPR	-4.13437411043633	0.136641981475826	0.700497286672099	9
QRICH1	0.115920438512596	0.580306483468047	0.969055975901473	9
QRICH2	-0.180887780665111	0.707242948230215	0.989276793964962	9
QRSL1	0.0134893171944489	0.964297371944789	0.998639733078915	9
QSER1	0.177505408906585	0.680685872600656	0.987076378845579	9
QSOX1	0.56108169835747	0.19740184477953	0.77914730010888	9
QSOX2	0.369110134800725	0.122222835959949	0.672180060210432	9
QTRT1	-0.270323012790394	0.579799588140717	0.969055975901473	9
QTRT2	0.385315857027399	0.251250987554286	0.838097512370475	9
R3HCC1	-0.382758340864524	0.33938567216776	0.896524077278898	9
R3HCC1L	-0.407176361692368	0.242745012024623	0.825069168680706	9
R3HDM1	0.50096070858685	0.0854136205576639	0.578812849570433	9
R3HDM2	0.21024164930848	0.580928325907894	0.969242765887994	9
R3HDM4	-0.24642057880277	0.584100231376758	0.971044432408191	9
RAB10	0.101854412159621	0.61986812673211	0.978191699654598	9
RAB11A	0.104382558849689	0.675143846620901	0.985298616459508	9
RAB11B	-0.57657720878797	0.188433403115637	0.765189948662975	9
RAB11FIP1	0.53347835225877	0.457507762157569	0.936515720210776	9
RAB11FIP2	-0.837333479717677	0.114130980023897	0.648455502745473	9
RAB11FIP3	0.165410796671459			9
RAB11FIP4	2.02246479486216	0.0264442900319931	0.335924410638769	9
RAB11FIP5	-0.148867773463181	0.753063162437484	0.991008075540888	9
RAB12	-0.175134999198959	0.632715119747629	0.979496645760333	9
RAB13	0.000456772780232691	0.99945881969905	0.999729730810983	9
RAB14	0.0394607540169926	0.862665813721909	0.998639733078915	9
RAB15	0.817239008297733	0.0429693522457302	0.420711113524788	9
RAB17	2.45833231847533	0.00450393318191605	0.130102852638479	9
RAB18	-0.094696099726924	0.758537687995625	0.991955190535962	9
RAB19	2.93091686274171	0.222203121780416	0.803797383538111	9
RAB1A	0.168189058275556	0.448338534803024	0.932585632008735	9
RAB1B	-0.73707633052473	0.307339967978121	0.876432473153517	9
RAB20	0.781714648661131	0.162399329402533	0.739345651660223	9
RAB21	-0.0643391269468306	0.841988879201951	0.998639733078915	9
RAB22A	-0.186299206740705	0.333758435748969	0.892158319671656	9
RAB23	-0.191210663973394	0.816303313640798	0.995966406600323	9
RAB24	-0.597191699230287	0.422171935703683	0.922045733570987	9
RAB25	3.21258377274943	0.0162777475417087	0.259662353230862	9
RAB26	0.215972488901139	0.795226000847505	0.994714385280344	9
RAB27A	0.0160007193152078	0.964684702081805	0.998639733078915	9
RAB27B	-0.3091352684306	0.752492933009422	0.991008075540888	9
RAB28	-0.0369413825299863	0.901402528104144	0.998639733078915	9
RAB29	0.133954958710899	0.755878561752298	0.991890138420883	9
RAB2A	-0.0700038667381203	0.723044668819681	0.990516044835733	9
RAB2B	-0.193944193612534	0.323415582759685	0.885547974781809	9
RAB30	-0.0988705136469414	0.72164871413562	0.990516044835733	9
RAB31	0.18497202122392	0.645028804810235	0.980691547015745	9
RAB32	-0.0130535586330228	0.978345840230576	0.998639733078915	9
RAB33A	-1.58660620280625	0.0851208799406498	0.578812849570433	9
RAB33B	0.0132705095168313	0.962210621010969	0.998639733078915	9
RAB34	-0.297334631338016	0.394573432219326	0.913353694686467	9
RAB35	-0.0406006894295302	0.90568807708388	0.998639733078915	9
RAB36	0.618682047715932	0.127273987216876	0.680192369771293	9
RAB37	-0.264029633623272	0.60882637767232	0.975328830748679	9
RAB38	-0.479270777668913	0.622809800129433	0.978573777801597	9
RAB39B	0.519221500954813	0.656551112796051	0.982654069775495	9
RAB3A	-0.430766006755768	0.359921706483118	0.901129021301342	9
RAB3B	2.25928799210066	0.0527275339634871	0.470625432716883	9
RAB3C	-1.45743186283157	0.070175877514686	0.529173808342532	9
RAB3D	0.156363315186712	0.791171006666387	0.994052363875907	9
RAB3GAP1	-0.219130948788463	0.470039389703054	0.939188868595478	9
RAB3GAP2	0.140683196120907	0.639804912162098	0.980691547015745	9
RAB3IL1	-0.441551419963038	0.255572277279837	0.840547211401925	9
RAB3IP	1.03436781644308	0.0502976779245976	0.456593762377694	9
RAB40A	-1.41774039561009			9
RAB40B	-0.100233256404098	0.695414286785923	0.989276793964962	9
RAB40C	-0.349985812952753	0.439060377476393	0.929022782904526	9
RAB41	-0.297390168302599	0.668634859440906	0.984412443667187	9
RAB42	0.629842512294079	0.26094779672554	0.843594048941239	9
RAB43	0.920845792720509	0.114314243440466	0.648848482940523	9
RAB44	-0.612806243833823	0.618372776531408	0.977406778856767	9
RAB4A	-0.057328688925334	0.81544721066567	0.995966406600323	9
RAB4B	-1.035759625681			9
RAB5A	0.256252305747135	0.306894270436467	0.876432473153517	9
RAB5B	-0.0348946619329357	0.963511576517903	0.998639733078915	9
RAB5C	-0.0472577809271922	0.936180913655057	0.998639733078915	9
RAB5IF	0.746887741564573	0.30817688775423	0.876582754426691	9
RAB6A	-0.196533665801687	0.411842115914307	0.91719471148147	9
RAB6B	0.136295882174102	0.807325604621921	0.995590233849494	9
RAB6C	1.83158183183106	0.174878810256867	0.751250158017082	9
RAB6D	1.74324239289286	0.0850502579363766	0.578804452466047	9
RAB7A	-0.153924649169657	0.508346958165543	0.951538693830295	9
RAB7B	-0.439147832912304	0.547797248001194	0.960745862937005	9
RAB8A	0.0705650368815181	0.916920224380149	0.998639733078915	9
RAB8B	-0.0096332295852762	0.978680793747634	0.998639733078915	9
RAB9A	-0.409611127432303	0.240516829674108	0.822392615895185	9
RAB9B	0.707862307939301			9
RABAC1	-0.771164352150788	0.419371963590849	0.919950892341288	9
RABEP1	0.301168604724276	0.589008898012616	0.971161794932015	9
RABEP2	-0.245586422551268	0.597887869863286	0.973383517777009	9
RABEPK	-0.361797822483076	0.38963027419014	0.912185959923974	9
RABGAP1	-0.0065906494445019	0.983286741580017	0.999263264585425	9
RABGAP1L	0.18969281525515	0.655678507755112	0.982654069775495	9
RABGEF1	0.0410334327532797	0.958770239181381	0.998639733078915	9
RABGGTA	0.223630728095047			9
RABGGTB	-0.0500542479389353	0.885279249356684	0.998639733078915	9
RABIF	0.255494206187776	0.523826092163577	0.955391092995928	9
RABL2B	-0.0210110384273315	0.926966520968156	0.998639733078915	9
RABL3	0.22432368242861	0.352667704861596	0.899715225734967	9
RABL6	0.192806933976583	0.563426430934419	0.965041713262426	9
RAC1	-0.209500048474234	0.489500212925927	0.944931536265188	9
RAC2	-0.47355405935801	0.17413054543508	0.751250158017082	9
RAC3	0.918545887118884	0.199782148398582	0.782223950268295	9
RACGAP1	1.76319069559728	0.00540180148762935	0.143905780812088	9
RACK1	-0.260256749073087	0.480438640916787	0.941122155738687	9
RAD1	0.163345006988721	0.592750872369179	0.971527934919808	9
RAD17	-0.140607654301745			9
RAD18	0.0881837091354072	0.774691728262105	0.992930756580613	9
RAD21	0.0389418238560936	0.899013696375206	0.998639733078915	9
RAD23A	-0.153055504691413	0.516621150108957	0.953680371468858	9
RAD23B	0.179786641198045	0.485824169514526	0.943958215901529	9
RAD50	0.296190328702765	0.764717431478197	0.992930756580613	9
RAD51	2.69916863749003	0.00138729000467199	0.0691519920529608	9
RAD51AP1	1.20484852922517	0.113127273402894	0.645574325936278	9
RAD51B	-0.701024581577477	0.231312684079209	0.808244559806673	9
RAD51C	0.0090582253398365	0.978927017594261	0.998639733078915	9
RAD51D	-0.281670169489165	0.366222102474593	0.90239123320911	9
RAD52	0.0566330178450145	0.861104272693817	0.998639733078915	9
RAD54B	1.25256960318091	0.0852763624765252	0.578812849570433	9
RAD54L	2.45088771731124	0.0145284601296122	0.242971166096346	9
RAD54L2	-0.14387735913036	0.684497831906682	0.987791568077004	9
RAD9A	0.431308266451936	0.257250863288542	0.840547211401925	9
RAD9B	0.354289735961963	0.626076252210664	0.978573777801597	9
RADIL	-0.591414158216351	0.216951601096468	0.798902092039156	9
RADX	-0.951913832103561	0.0666104666346175	0.51631719377117	9
RAE1	-0.267772207494057	0.327339240733791	0.887903506431062	9
RAET1E	0.267551927987503	0.806689541637098	0.995590233849494	9
RAET1G	-0.87724431888995	0.367289921354944	0.90239123320911	9
RAF1	0.0401756042750536	0.940189330620443	0.998639733078915	9
RAG1	0.10058889075332	0.913885512748171	0.998639733078915	9
RAI1	0.260125937166319	0.521801297559241	0.955265900194959	9
RAI14	0.482846333713602	0.189085827867079	0.765938627234022	9
RAI2	-0.404847799876143	0.277121142897099	0.857480226675461	9
RALA	-0.318841145265747	0.242993022075652	0.825519442720383	9
RALB	0.15496352310653	0.571786636986507	0.967095572213435	9
RALBP1	0.11161665384264	0.689665010980118	0.989171265391501	9
RALGAPA1	-0.0392526048784072	0.921752147264716	0.998639733078915	9
RALGAPA2	0.709746556935335	0.0681711984023792	0.523440172955345	9
RALGAPB	0.0560765698714003	0.830441190059172	0.99746225363255	9
RALGDS	0.411591242496113	0.606964557728223	0.974885729870166	9
RALGPS1	0.336975284021193	0.393272870554011	0.912945341948813	9
RALGPS2	0.536081318634373	0.260400100548352	0.842792685728616	9
RALY	-0.166337803499927	0.640232965163636	0.980691547015745	9
RAMAC	0.174727241431467	0.763757176068101	0.992788902596531	9
RAMP1	-1.90118864944508	0.0114972198832847	0.21646742690965	9
RAMP2	-2.17272256175484	0.000480080838460589	0.0380993185834234	9
RAMP3	1.03153742612971	0.0956226669727679	0.60578806316954	9
RAN	0.233078850274923	0.456860421339478	0.936230722336266	9
RANBP1	0.0418881997559138	0.910516579680677	0.998639733078915	9
RANBP10	0.0611745194537103	0.872089551873555	0.998639733078915	9
RANBP17	0.719075816583913	0.178344732219599	0.754527541500001	9
RANBP2	0.145162744338027	0.738850024942695	0.991008075540888	9
RANBP3	-0.451969093289552	0.134725458381528	0.696376149985979	9
RANBP3L	-1.87191107830788	0.0388289541990851	0.402580508709309	9
RANBP6	0.1069318979587	0.737807266854197	0.991008075540888	9
RANBP9	-0.256195630051517	0.595275638290882	0.97242847463609	9
RANGAP1	0.445158627537644	0.150185632712085	0.721659461536377	9
RAP1A	-0.262122744503638	0.571091747008073	0.966951740948172	9
RAP1B	0.217871668769093	0.655891249206317	0.982654069775495	9
RAP1GAP	1.96899931110715	0.0687638955634237	0.52591909969518	9
RAP1GAP2	0.600149145126841	0.0312824793521018	0.364040373732223	9
RAP1GDS1	0.191139788832751	0.589230292021514	0.971161794932015	9
RAP2A	0.262765484131145	0.425575746987435	0.923242529682058	9
RAP2B	0.177613637493552	0.496104793576493	0.946613606254215	9
RAP2C	-1.1191194772984	0.199233295140705	0.780997970767379	9
RAPGEF1	-0.103846770526026	0.814045621128393	0.995936140923453	9
RAPGEF2	0.276683261178752	0.578117336215783	0.969055975901473	9
RAPGEF3	-0.705658219508259	0.175011485248274	0.751250158017082	9
RAPGEF4	0.393070730054937	0.443430459778257	0.931740500610229	9
RAPGEF5	-0.0256820326538926	0.969485734360738	0.998639733078915	9
RAPGEF6	-0.0143573888574353	0.977446910697024	0.998639733078915	9
RAPGEFL1	0.422820164077168	0.390611987672277	0.912807186165296	9
RAPH1	0.493421005008624	0.598388675967859	0.973420238699754	9
RARA	0.311767220789729	0.398993043396995	0.914438028200431	9
RARB	-0.798740475234576	0.109375177873753	0.638078241044252	9
RARG	-0.253196612980015	0.534370060437446	0.95784961223136	9
RARRES1	0.837713673262675	0.387572656690389	0.911062509479864	9
RARRES2	-1.42467789642919	0.00391954228798801	0.119770219311371	9
RARS1	-0.21062113379662	0.460268395061249	0.937747940696302	9
RARS2	-0.131224560302113	0.572232787888468	0.967108791163462	9
RASA1	0.172434318836482	0.759753181904816	0.991955190535962	9
RASA2	0.0790596888953239	0.8671497185668	0.998639733078915	9
RASA3	-0.4432213680157			9
RASA4	-0.115652519747853	0.888527078727401	0.998639733078915	9
RASA4B	-0.861497775569644	0.137371528283488	0.701162949313771	9
RASAL1	1.09275438251969	0.409734841137279	0.915887078357671	9
RASAL2	0.245810578038315	0.659985920266328	0.982975949819678	9
RASAL3	-0.464924129501062	0.304324002943421	0.875053234265414	9
RASD1	-0.617077426370953	0.49658127239943	0.946788447673468	9
RASD2	-1.1714992252035	0.0539096218582661	0.472692722723396	9
RASEF	1.98065165344416	0.0565321229812098	0.480663508011447	9
RASGEF1A	0.868677623586226	0.163554244006928	0.73994607886052	9
RASGEF1B	0.377969149429813	0.380967332856823	0.907595029099349	9
RASGEF1C	0.470300624491648	0.716950613796991	0.989276793964962	9
RASGRF1	2.50109014579908	0.0185887106337516	0.27897020858512	9
RASGRF2	-0.391101303005992	0.412805501940608	0.91719471148147	9
RASGRP1	1.43210407922983	0.0491547368837886	0.452644494592047	9
RASGRP2	-1.00464442080329	0.0884311497455971	0.586402606197106	9
RASGRP3	0.802950219282975	0.093977206037445	0.600340842158973	9
RASGRP4	-0.673633704026908	0.372964202077919	0.905673456930873	9
RASIP1	-0.0411887318543713	0.935766500082421	0.998639733078915	9
RASL10A	-0.830190453926111	0.328875095683855	0.888309445836384	9
RASL10B	-1.45122413063335	0.0229585901943281	0.3119599590952	9
RASL11A	-0.515937469924219	0.371181700474914	0.905369091236447	9
RASL11B	-0.617202439790916	0.548962400417983	0.961089318650903	9
RASL12	-0.384578612358208	0.450782364635345	0.932585632008735	9
RASSF1	-0.0158941182229001	0.965348650683298	0.998639733078915	9
RASSF10	2.28540141881228	0.215109522932417	0.797796901508898	9
RASSF2	0.414589366813574	0.464391821008246	0.938355642512777	9
RASSF3	0.276388486748816	0.679244050818068	0.986817416491918	9
RASSF4	0.0416187348620044	0.935071198057475	0.998639733078915	9
RASSF5	0.184391013180539	0.72520856996866	0.990984782893948	9
RASSF6	3.31609243028725	0.0255429180192371	0.328717535206591	9
RASSF7	2.2303894841004	0.0266773894646318	0.336280910236917	9
RASSF8	0.00983533458818033	0.981499752417045	0.998706601419412	9
RASSF9	-0.204969115807877	0.736778474226706	0.991008075540888	9
RAVER1	-0.315347925448305	0.659917396011385	0.982975949819678	9
RAVER2	0.571568278945075	0.0533014626105554	0.471283724510365	9
RB1	0.405343706419648	0.316023089771232	0.881426757395846	9
RB1CC1	0.0933953414809588	0.879401638445544	0.998639733078915	9
RBAK	0.126542513692559	0.779881793555262	0.993084468139166	9
RBBP4	0.261056609524263	0.464817301943659	0.938557427031886	9
RBBP5	0.200301304337572	0.594306289901018	0.972232047239538	9
RBBP6	-0.00996155868234908	0.985770141024583	0.999458538741689	9
RBBP7	-0.527085139896198	0.156753985046844	0.7292143264838	9
RBBP8	0.189162871816569	0.631613971765902	0.979380833016394	9
RBBP8NL	2.96052290874278	0.0768036403002565	0.55007206912765	9
RBBP9	-0.0923941249421115	0.755553452252387	0.991890138420883	9
RBCK1	-0.281014639157304	0.415009221332757	0.919055337264113	9
RBFA	0.00490510685211757	0.990313393239493	0.999458538741689	9
RBFOX1	-1.1318744903597	0.348413918026598	0.899092963457163	9
RBFOX2	-0.90913015364117			9
RBFOX3	-0.42691745607207	0.710048441063394	0.989276793964962	9
RBIS	-0.290863975693176	0.442282435689396	0.930767263873637	9
RBKS	0.603555724064341	0.458881880793174	0.936890545813179	9
RBL1	0.558694686409492	0.178882545662615	0.755719878799616	9
RBL2	0.267178401418951	0.637846950709398	0.980691547015745	9
RBM10	-0.255272545175	0.42666793594063	0.923608338376662	9
RBM11	-0.310810001770937	0.717608438461936	0.989276793964962	9
RBM12	0.175381320019956	0.512865175818935	0.952371727294414	9
RBM12B	0.125595643828697	0.785085505794707	0.994052363875907	9
RBM14	0.21180897069794	0.443934424886481	0.932003419961505	9
RBM14-RBM4	-0.28292286138909			9
RBM15	0.63065449849541	0.0502911064300819	0.456593762377694	9
RBM15B	0.158769953649181	0.656362459082071	0.982654069775495	9
RBM17	-0.0384584174505092	0.859786050547801	0.998639733078915	9
RBM18	-0.0898972677294642	0.681147408588656	0.987178880527948	9
RBM19	-0.367767332694605	0.155466919181917	0.727862257442023	9
RBM20	-1.02839398593158	0.0190379222255616	0.282715060333515	9
RBM22	-0.0428414451167938	0.828616773827574	0.99746225363255	9
RBM23	0.0655183818267751	0.769436789864805	0.992930756580613	9
RBM24	-0.691792318111108	0.285277930247237	0.8612268238133	9
RBM25	0.0699423141677734	0.883326092375784	0.998639733078915	9
RBM26	-0.0717323297152051	0.848919652848444	0.998639733078915	9
RBM27	-0.126696885263989	0.678074777377149	0.98672896048664	9
RBM28	-0.132586875203332	0.58652828370167	0.971161794932015	9
RBM3	0.115648845629824	0.711147553018898	0.989276793964962	9
RBM33	-0.272907369262082	0.216978729911085	0.798902092039156	9
RBM34	0.0460227440637297	0.961377879804613	0.998639733078915	9
RBM38	-0.585895534945195	0.139061872530292	0.702495653805487	9
RBM39	-0.0947776352124068	0.768279499262392	0.992930756580613	9
RBM4	0.0958109313744053	0.748456370062145	0.991008075540888	9
RBM41	-0.0604568867674133	0.91805701927668	0.998639733078915	9
RBM42	-0.557704063721232	0.150644506651649	0.72170459047022	9
RBM43	-0.330748903870943	0.409515672299483	0.915887078357671	9
RBM44	-0.743814509654204	0.392542063984295	0.912921601775984	9
RBM45	-0.413592089312068	0.403831122330327	0.915238409840383	9
RBM47	2.71233736877914	0.000142050739384916	0.0199696282291499	9
RBM48	0.130973278004743	0.706235861318304	0.989276793964962	9
RBM4B	-0.0301547324709785	0.928981817556768	0.998639733078915	9
RBM5	-0.0274199385705957	0.924072169392133	0.998639733078915	9
RBM6	0.0409109002637884	0.918746952773704	0.998639733078915	9
RBM7	0.416196426428855	0.410975097269032	0.916063650621962	9
RBM8A	-0.14964255374779	0.647356667778245	0.980691547015745	9
RBMS1	-0.22836914616074	0.563358792506681	0.965041713262426	9
RBMS2	0.03382364096477	0.911521144368464	0.998639733078915	9
RBMS3	-0.371484485335349	0.47863523542783	0.941072442992838	9
RBMX	-0.147798370989291	0.557778825626743	0.96370024816501	9
RBMX2	-0.580257834993387	0.157642139047478	0.731057371812701	9
RBMXL1	0.0872850042487079	0.812203598614002	0.995936140923453	9
RBP1	1.428640029468	0.00700231164610283	0.164501977880628	9
RBP4	0.084165876043719			9
RBP5	-0.180963280976495			9
RBP7	1.21024055500625	0.11208037413662	0.64449489779145	9
RBPJ	-0.69966666109958	0.0886217054506369	0.586984083424703	9
RBPMS	-0.702809119828019	0.0908338509301991	0.591844133122791	9
RBPMS2	-0.952484631055296	0.200597711575398	0.783944796347509	9
RBSN	-0.0962332051490031	0.774691976146987	0.992930756580613	9
RBX1	-0.179996512417742	0.671023325132405	0.985298616459508	9
RC3H1	0.229271710476121	0.53242928668867	0.95784961223136	9
RC3H2	0.244185541741345	0.329060919780739	0.888309445836384	9
RCAN1	1.71481485337902	0.016195806177202	0.259010070402686	9
RCAN2	-1.4000641470372	0.0808234393453505	0.565955781867514	9
RCAN3	1.44064852349791	0.00365683729481207	0.116178453459717	9
RCBTB1	-0.113463927870502	0.748121938777968	0.991008075540888	9
RCBTB2	-0.03391906956877	0.904113706772967	0.998639733078915	9
RCC1	1.03899084705187	0.0323885109945921	0.368609723046395	9
RCC1L	-0.353553616317146	0.207378986110769	0.791808606684778	9
RCC2	1.17043441394165			9
RCCD1	-0.0664321358990123	0.846603709846417	0.998639733078915	9
RCE1	-0.289897298209384	0.545974729341411	0.960668683051641	9
RCHY1	-0.0566170518434292	0.87969385197693	0.998639733078915	9
RCL1	0.136885124640121	0.634636009791875	0.9806316645278	9
RCN1	0.4085556479191	0.438752915708383	0.928941789266548	9
RCN2	0.321466825403538	0.25528340844785	0.840547211401925	9
RCN3	-0.458166414912387	0.349004951621416	0.899092963457163	9
RCOR1	0.687742466645568	0.0309990149836695	0.36229542104952	9
RCOR2	1.13465030155368	0.0584307583437419	0.486988855775229	9
RCOR3	-0.111181888355177	0.712154835823217	0.989276793964962	9
RCSD1	-0.182204093229917	0.479545863857151	0.941072442992838	9
RCVRN	-1.68651835798171	0.130977890396159	0.689124105353932	9
RDH10	2.06783751688059	0.00202717662382795	0.0837426340189251	9
RDH11	-0.101803653881508	0.672417190544034	0.985298616459508	9
RDH13	0.504438816242982			9
RDH14	-0.415231564370137			9
RDH16	-0.330059749350301	0.578593437993838	0.969055975901473	9
RDH5	-0.693728652111747	0.352131269195507	0.899715225734967	9
RDX	0.207966869811867	0.505950611789407	0.950760358225867	9
REC8	2.59553528453927			9
RECK	-0.506349851274581	0.324691048184603	0.886080378644328	9
RECQL	0.266756827638483	0.69455954577743	0.989228093394875	9
RECQL4	0.419074507605477	0.52617849465824	0.956988757965781	9
RECQL5	-0.0836066252844874	0.779380754498129	0.992930756580613	9
REELD1	-1.27917267603212	0.550141747503796	0.961546579712439	9
REEP1	-0.514143457642983	0.592088008933774	0.971527934919808	9
REEP2	-1.24018021196778	0.146292119857261	0.714565844213444	9
REEP3	-0.360141077343193	0.320909402757143	0.885543112951723	9
REEP4	0.270779228478322	0.496454789277703	0.946690707517402	9
REEP5	-0.710802540628472	0.0284768838759862	0.348160405505573	9
REEP6	0.0623041187680486	0.926502243906836	0.998639733078915	9
REL	0.650154262505199	0.352540024982727	0.899715225734967	9
RELA	0.00780768558450109	0.976050225790075	0.998639733078915	9
RELB	-0.120423259974447	0.771822887216022	0.992930756580613	9
RELCH	0.239564439952436	0.551427987987386	0.961598024808858	9
RELL1	-0.558012361473191	0.154381912800578	0.727364000909456	9
RELL2	-0.54440602754654	0.300749629363127	0.874342355309609	9
RELN	0.143518330401312	0.858706952230904	0.998639733078915	9
RELT	1.31574482984202	0.0128622745551077	0.22920132208267	9
REM1	-2.12355940876441	0.000506971544905095	0.0395947458960006	9
REM2	0.998020482640325	0.144968399963095	0.711869112393627	9
REN	-3.41407821560608	0.00176747110315728	0.0790595180415292	9
RENBP	-0.594890431907544	0.311489418272812	0.878131264920736	9
REP15	-1.26748746026778	0.361607116057637	0.90143277046037	9
REPIN1	0.402969037164185	0.247583459290045	0.834188414193187	9
REPS1	-0.487856459816202	0.123790760983109	0.675125977949663	9
REPS2	0.191179365896247	0.554252655068862	0.962765334045336	9
RER1	-0.0117712681090223	0.964742190891748	0.998639733078915	9
RERE	-0.671835017647033	0.0833405020092443	0.573514755318627	9
RERG	-1.26587600005624	0.154834475561088	0.727862257442023	9
RERGL	-2.09784571332831	0.0037700829954249	0.117158305464141	9
RESF1	1.03836822047005	0.0697127828306092	0.529173808342532	9
REST	0.323443340594891	0.460958899162	0.937747940696302	9
RET	0.358496685299862	0.509916568050339	0.951538693830295	9
RETREG1	0.229303414175882	0.619877051593328	0.978191699654598	9
RETREG2	-0.244610264978991	0.368606689610008	0.903215222150182	9
RETREG3	-0.246334509787876	0.39786890486178	0.914438028200431	9
RETSAT	0.377983147722045	0.350432808491579	0.899092963457163	9
REV1	-0.138590341710376	0.774826487266576	0.992930756580613	9
REV3L	-0.518213195819095	0.314828138996898	0.880630245192925	9
REX1BD	-0.705454123240493	0.16340817425227	0.73994607886052	9
REXO1	-0.294982888795722	0.408332902253343	0.915271886809331	9
REXO2	-0.76433315359675	0.0983825495812847	0.611980350722711	9
REXO4	-0.472279265066547			9
REXO5	0.056739971162438	0.904113221403787	0.998639733078915	9
RFC1	0.129720416864713	0.782299268003281	0.993751208175834	9
RFC2	0.0952695233010953	0.788532364914482	0.994052363875907	9
RFC3	0.614106327231455	0.12456060364442	0.675776875123707	9
RFC4	0.0452282511065453	0.892321796043981	0.998639733078915	9
RFC5	0.283402370468037	0.48651802100814	0.943977712144114	9
RFESD	-0.712986193018397	0.440184967677478	0.929498191107035	9
RFFL	-0.1565859726425	0.847454476106331	0.998639733078915	9
RFK	0.0559553711655865	0.859786005431192	0.998639733078915	9
RFLNA	-1.36717979790324	0.337925454889659	0.895693596628885	9
RFLNB	-0.44372915348176			9
RFNG	-0.731697524349124	0.116566233458386	0.655729486310683	9
RFT1	0.197756488978273	0.647414249818185	0.980691547015745	9
RFTN1	-0.579416723418762	0.0143136229749342	0.241466729980576	9
RFTN2	0.0791437508416203	0.833072249539992	0.997726529449073	9
RFWD3	0.324737038981068	0.453268438479361	0.934193719686379	9
RFX1	0.18036834855193			9
RFX2	-0.906764799664132	0.0580123144599354	0.485459097652211	9
RFX3	0.390010502197646	0.392375070044179	0.912807186165296	9
RFX5	0.359064590780802	0.21606606655054	0.798400989783844	9
RFX7	0.13105336324798	0.738625069205125	0.991008075540888	9
RFX8	0.521125020694272	0.539317107465141	0.958979719874913	9
RFXANK	0.173423207427747	0.675340878822616	0.985298616459508	9
RFXAP	0.0186803323421647	0.967300850620037	0.998639733078915	9
RGCC	0.736584116051771	0.167761099301028	0.744609605309455	9
RGL1	0.454845791453382	0.305324123686875	0.87578680388204	9
RGL2	0.29152091537498			9
RGL3	0.718788994011975	0.283067767754555	0.8612268238133	9
RGL4	-0.0631948840159988	0.947969251592255	0.998639733078915	9
RGMA	-1.59711222394288	0.00053946865496072	0.0413630067148053	9
RGMB	0.139228761057904	0.840359395486555	0.998604146933345	9
RGN	-1.28309008998575	0.0588494884623732	0.487473231870421	9
RGP1	0.298552006955122	0.48326207240847	0.942995405287983	9
RGPD1	-1.19066641123137	0.22787021970264	0.808244559806673	9
RGPD2	0.191741654775525	0.813441051444494	0.995936140923453	9
RGPD3	0.327252697050952	0.692014274504644	0.989171265391501	9
RGPD4	0.781217140097053	0.408594815232909	0.915271886809331	9
RGPD5	-0.296920095093043	0.686399189370492	0.988781342680563	9
RGPD6	0.347347013511481	0.779125872630687	0.992930756580613	9
RGPD8	0.371499489235178	0.642689256453586	0.980691547015745	9
RGS1	-0.126642590602702	0.881898192254636	0.998639733078915	9
RGS10	0.139408651271867	0.744293068028158	0.991008075540888	9
RGS11	0.31444087378098	0.708405350298044	0.989276793964962	9
RGS12	0.259517747832697	0.344227528649509	0.899092963457163	9
RGS13	-2.17379568766382	0.109581216790677	0.638078241044252	9
RGS14	-0.144712975833964	0.705891232810253	0.989276793964962	9
RGS16	2.55124067975759	0.000917626669520003	0.0537503463047015	9
RGS17	-0.5129736573142	0.511261370288858	0.951538693830295	9
RGS18	-0.359593957105913	0.648157098032572	0.980691547015745	9
RGS19	0.190754160873784	0.718883392136188	0.989688281227594	9
RGS2	-1.32907683784449	0.159277130555961	0.733340525307716	9
RGS20	1.81436755803887	0.142059196162382	0.708663668317988	9
RGS22	0.0728809018533578	0.875698143222373	0.998639733078915	9
RGS3	0.450771522653844	0.170234243000784	0.747758383259838	9
RGS4	0.631637012045717	0.453824721700199	0.934203669144002	9
RGS5	-0.778750288280338	0.162434655398286	0.739345651660223	9
RGS6	-0.339406643460395	0.445513387772947	0.932585632008735	9
RGS7	2.97685306929533	0.000366546448194335	0.0325446397024634	9
RGS7BP	2.23567869775597	0.0347700888507575	0.380002891084923	9
RGS9	0.327353555866481	0.698367855002523	0.989276793964962	9
RGS9BP	-0.553285032722668	0.735958251841475	0.991008075540888	9
RHBDD1	0.0326326673274435	0.898680698011579	0.998639733078915	9
RHBDD2	-0.520357290569151	0.232122156854659	0.808244559806673	9
RHBDD3	0.0258055740005227	0.95412500615337	0.998639733078915	9
RHBDF1	-0.547727823338149	0.0669632360110162	0.517642707999807	9
RHBDF2	0.702316509000184	0.126515892699989	0.679443938788914	9
RHBDL1	-0.349666258866256	0.432126653333413	0.926048421872025	9
RHBDL2	0.607391223047881	0.365110234303976	0.90239123320911	9
RHBDL3	-0.785140874716929	0.192179245112592	0.770439390849258	9
RHD	-0.353303853026259	0.606671187917258	0.974885729870166	9
RHEB	-0.151422797048974	0.672538358211321	0.985298616459508	9
RHEBL1	-0.130206856152986	0.832252075187137	0.99746225363255	9
RHEX	2.20526359656529	0.00922636694977304	0.191278655260674	9
RHNO1	0.304857788361904	0.40620277048069	0.915238409840383	9
RHOA	0.00168728086475775	0.995104793949263	0.999620666732609	9
RHOB	0.928192078132552	0.172705178935983	0.74938747148236	9
RHOBTB1	0.340415186926959	0.391214937818313	0.912807186165296	9
RHOBTB2	-0.228720761813975	0.678223297961919	0.98672896048664	9
RHOBTB3	-0.130044414430511	0.716317412265805	0.989276793964962	9
RHOC	0.0858078089642378	0.828381325081025	0.99746225363255	9
RHOD	-0.717116968734384	0.304104065363063	0.875053234265414	9
RHOF	1.91175713503015	0.101441485332172	0.620137345172465	9
RHOG	-0.88477877088262	0.0735027921229102	0.540459281805551	9
RHOH	-0.55210526821898	0.253780137770483	0.839168596243302	9
RHOJ	0.124145047093882	0.698530629512959	0.989276793964962	9
RHOQ	-0.451194019303377	0.264941149848711	0.84593551057786	9
RHOT1	-0.106437176833714	0.741385776450604	0.991008075540888	9
RHOT2	-0.331827274143202	0.342291315228214	0.899092963457163	9
RHOU	-1.45370228584075			9
RHOV	2.01234615685166	0.0678378636433753	0.521267415533505	9
RHOXF1	0.440672576836402	0.711907357027063	0.989276793964962	9
RHPN1	1.13484245817716	0.0622363508350959	0.500793671899467	9
RHPN2	1.85378225768383	0.0130743839149025	0.23057464870714	9
RIBC1	0.902058245949461	0.188752648317906	0.765680360423931	9
RIBC2	1.87194920668881	0.121622933185887	0.671131258600702	9
RIC1	0.186315143508878	0.624747888535215	0.978573777801597	9
RIC3	-1.15580741585174	0.11705070667185	0.656702957500256	9
RIC8A	-0.0608209444440421	0.823058402760611	0.996895469200737	9
RIC8B	-0.0480398349648219	0.885085332752482	0.998639733078915	9
RICTOR	-0.558264792761657	0.22447409889578	0.807243127203648	9
RIDA	0.0408255324846926	0.93731130117044	0.998639733078915	9
RIF1	-0.169782692880091	0.692075096529373	0.989171265391501	9
RIIAD1	0.707554948565891	0.562332515937972	0.964946561877165	9
RILP	-1.97092821101386	0.20829628301708	0.792178019421267	9
RILPL1	-0.29069046952046	0.185657273941759	0.763792369190164	9
RILPL2	-0.0651896517279146	0.811993441826581	0.995936140923453	9
RIMBP2	0.257649576095847	0.607266843792954	0.974885729870166	9
RIMKLA	-0.269789552015219	0.782616646798728	0.993751208175834	9
RIMKLB	-0.277573482274775	0.434209110705469	0.92701195879714	9
RIMS1	5.2115366944268	0.00204756886954799	0.0837426340189251	9
RIMS2	3.12165193036186	0.0117859000217961	0.219256816720352	9
RIMS3	-0.638585815882504	0.428678684037119	0.924317015813788	9
RIMS4	0.931044396492704	0.104283236171846	0.628298316800495	9
RIN1	-0.434246759019076	0.362280492411872	0.90143277046037	9
RIN2	-0.912021895439913	0.20599344647095	0.789784224248753	9
RIN3	-0.52427568187651	0.255159476268018	0.840547211401925	9
RING1	-0.192509154305406			9
RINL	1.01560295749588			9
RINT1	0.284653521372852	0.556957922247666	0.96370024816501	9
RIOK1	-0.048176303748752	0.893940598330224	0.998639733078915	9
RIOK2	-0.180470104425784	0.645697530772	0.980691547015745	9
RIOK3	-0.018269745005806	0.956933340085785	0.998639733078915	9
RIOX1	0.230733676064191	0.625539956699059	0.978573777801597	9
RIOX2	0.465550957439005	0.307389367723392	0.876432473153517	9
RIPK1	0.083025347499504	0.742078760820991	0.991008075540888	9
RIPK2	0.54111105429684	0.0686416179008546	0.525256050717737	9
RIPK3	1.30324661265406			9
RIPK4	3.08881320857754	0.00662588495527466	0.160659606827934	9
RIPOR1	-0.343170474704738	0.403078340155117	0.915238409840383	9
RIPOR2	-0.969900865161569	0.193946675794121	0.773128433453111	9
RIPOR3	-0.882196654390885	0.1750169854464	0.751250158017082	9
RIPPLY3	1.62453211897353	0.23202607108638	0.808244559806673	9
RIT1	0.16650918210237	0.43038939950046	0.92451488206047	9
RITA1	0.121956175193427	0.790308895838678	0.994052363875907	9
RLF	0.0304786823894278	0.950963572413377	0.998639733078915	9
RLIM	0.484539883048059	0.152176153668908	0.723675843478971	9
RLN2	3.47789522709274	0.0398596273226244	0.406612272915867	9
RMC1	-0.20950165937436	0.454450322462456	0.934328774803787	9
RMDN1	0.0237031125914581	0.931844243954133	0.998639733078915	9
RMDN2	-0.444153256262347	0.371765726324303	0.905666124882138	9
RMDN3	0.207302557903664	0.344913930173897	0.899092963457163	9
RMI1	0.638671813335508	0.353432784742328	0.899715225734967	9
RMI2	0.715986796792571	0.301897694881403	0.874342355309609	9
RMND1	0.114179850018107	0.73310160885532	0.991008075540888	9
RMND5A	0.123160706553024	0.717251386060259	0.989276793964962	9
RMND5B	-0.435766516853808	0.189973893815124	0.767526482628524	9
RNASE1	-0.169810265043658	0.787978232098589	0.994052363875907	9
RNASE4	-1.02113131624321	0.398335447767896	0.914438028200431	9
RNASE6	-0.228515450966785	0.611016196309696	0.975328830748679	9
RNASEH1	-0.292152881895498	0.388680102300962	0.911850347346707	9
RNASEH2A	0.36299311673869	0.782293139311441	0.993751208175834	9
RNASEH2B	-0.548427829095355	0.0716894141756869	0.534448203357229	9
RNASEH2C	-1.20644926035256	0.0134580003394585	0.23426125355041	9
RNASEK	-0.23113864158737	0.772349947296897	0.992930756580613	9
RNASEL	-0.000913819427813265	0.997636750694677	0.999620666732609	9
RNASET2	1.1784888442363	0.0901493931762814	0.590277738070255	9
RND1	4.92228274027456	1.2812975881218e-05	0.00468679744478041	9
RND2	-0.0839271170230106	0.854321369342826	0.998639733078915	9
RND3	1.56139051947738	0.0086898419393164	0.185899647632245	9
RNF10	-0.0300005789205633	0.902080642180767	0.998639733078915	9
RNF103	-0.2170014061073	0.584249610183316	0.971117678473354	9
RNF11	-0.222758376660749	0.475651934479647	0.940283675486015	9
RNF111	0.00460428341091836	0.986463654150162	0.999458538741689	9
RNF112	-1.1561330743331	0.0478065187040863	0.447761435654199	9
RNF113A	0.0897460580594703	0.74262169220059	0.991008075540888	9
RNF114	0.0859093018608621	0.741454383902133	0.991008075540888	9
RNF115	-0.230651309657254	0.530692077480874	0.957299775766752	9
RNF121	0.106229999170668	0.693943657787268	0.989171265391501	9
RNF122	1.52368124046019	0.00150608120443177	0.072414542861946	9
RNF123	0.093984110570879	0.793056084716998	0.994276399100931	9
RNF125	-0.319674305612445	0.5203615322386	0.954168518928445	9
RNF126	-0.451723083590752	0.28330849376094	0.8612268238133	9
RNF13	-0.169044260687502	0.659820008164972	0.982975949819678	9
RNF130	-0.272476944488884	0.33767033034787	0.895338916160393	9
RNF133	-0.479571220541761	0.724230799227595	0.990984782893948	9
RNF135	0.121932412490774	0.670734806386221	0.985298616459508	9
RNF138	0.34309316827622	0.251497621922417	0.838097512370475	9
RNF139	-0.094899136795149	0.728577996305453	0.991008075540888	9
RNF14	-0.114519974170243	0.690788770237901	0.989171265391501	9
RNF141	0.139926917330814	0.639825264490971	0.980691547015745	9
RNF144A	-0.396567332987231	0.401568041015532	0.91516841955076	9
RNF144B	-0.111599542578523	0.831972888403864	0.99746225363255	9
RNF145	0.186513724007929	0.539827083079987	0.958979719874913	9
RNF146	-0.314474486197713	0.392214106833922	0.912807186165296	9
RNF148	-0.955827386431269	0.549983829811404	0.961546579712439	9
RNF149	0.146429333124641	0.590246064033076	0.971187979266693	9
RNF150	-0.400032736216798	0.238385859520123	0.817568232429493	9
RNF152	0.272477482579239	0.441576554967257	0.930494151016658	9
RNF157	1.34064407650137	0.143642297095675	0.711869112393627	9
ARK2C	1.52741427901549	0.00886743890695383	0.18759190619714	9
RNF166	-0.370380673003538	0.31330918978961	0.879731838694817	9
RNF167	-0.291891776730869	0.296932245534115	0.871547173499848	9
RNF168	0.120434379708982	0.697046234636515	0.989276793964962	9
RNF169	0.35397438774884	0.595083213946104	0.972236092783093	9
RNF17	0.462631540119853	0.692987180860501	0.989171265391501	9
RNF170	-0.259862636371112	0.50891287288785	0.951538693830295	9
RNF180	0.947911753080951	0.0324992379436208	0.369016347142913	9
RNF181	-0.671784339162667	0.131046091980793	0.689124105353932	9
RNF182	-0.921680296694438	0.34848210326642	0.899092963457163	9
RNF183	2.06182060408679	0.0969752870651098	0.609647449901229	9
RNF185	-0.360561105966833	0.195679979832673	0.775834591004591	9
RNF187	-0.348687955174669			9
RNF19A	0.111934639991811	0.794332673028613	0.994714385280344	9
RNF19B	0.513314461590193	0.361248790704223	0.90143277046037	9
RNF2	0.176803495674858	0.571896081344423	0.967095572213435	9
RNF20	-0.144566037016527	0.603568516653983	0.974057468095769	9
RNF207	0.668517237109951	0.154721946781544	0.727862257442023	9
RNF208	-0.363313457758816	0.516091020123476	0.953680371468858	9
RNF212	-0.750798163562337	0.225551615710785	0.808244559806673	9
RNF213	0.207332113723105	0.260248184416805	0.842792685728616	9
RNF214	0.160445980521941	0.613291496649807	0.975911270057349	9
RNF215	-0.331435714626721	0.402850582333231	0.915238409840383	9
RNF216	-0.24078347382541	0.466061168413216	0.939056634854966	9
RNF217	0.00703165211093629	0.987965096456136	0.999458538741689	9
RNF220	-0.456504396458477	0.237808661891319	0.816630955468711	9
RNF223	3.01018100726012	0.0710367293427303	0.531730812286025	9
RNF227	-0.996549716016999	0.00550797968225397	0.144410813658527	9
RNF24	1.59726516303391	0.00297139490796421	0.106200387981743	9
RNF25	-0.691210776153115	0.104833584413408	0.628298316800495	9
RNF26	-0.105356731521821	0.841471937512954	0.998630589293191	9
RNF31	-0.668430540693269	0.332769122929795	0.891175834495453	9
RNF32	0.695915075182835	0.331963977538253	0.890518010101223	9
RNF34	-0.0151638847890177	0.954504802549538	0.998639733078915	9
RNF38	-0.243430656884128	0.605380609908591	0.97469711854938	9
RNF39	0.181507170984512			9
RNF4	0.36214025524109	0.229311659310025	0.808244559806673	9
RNF40	-0.209125676513499	0.693189783602145	0.989171265391501	9
RNF41	0.209542200066662	0.522417748697845	0.955391092995928	9
RNF43	1.89385154898375	0.175715074289124	0.751250158017082	9
RNF44	0.343860438481119	0.396581360371381	0.913831648820319	9
RNF5	0.0833393661407494			9
RNF6	0.408301630041635	0.346575087092215	0.899092963457163	9
RNF7	-0.367438104842919	0.3810767683791	0.907683128181507	9
RNF8	0.376859598449681	0.144885106457677	0.711869112393627	9
RNFT1	0.210195889251214	0.698448775330056	0.989276793964962	9
RNFT2	0.82699973768717	0.440291376245018	0.929498191107035	9
RNGTT	0.0490574290485484	0.863648112204182	0.998639733078915	9
RNH1	-0.964501577058192			9
RNLS	-0.503651953514518	0.203373845658945	0.787751328777536	9
RNMT	-0.0538338130404628	0.875183015080888	0.998639733078915	9
RNPC3	-0.373591202619803	0.621943812609959	0.978573777801597	9
RNPEP	0.343009285289457	0.316463698395716	0.881911182317315	9
RNPEPL1	-0.0823798236862189	0.843761863778531	0.998639733078915	9
RNPS1	-0.0241851521301539	0.895632275521593	0.998639733078915	9
RO60	-0.495101174366118	0.224670244108925	0.80729378458682	9
ROBO1	0.259504095732726	0.306949674273895	0.876432473153517	9
ROBO2	2.89726691581518	3.70422675839002e-06	0.00252127306852916	9
ROBO3	0.240847292568814			9
ROBO4	-0.413673417647236	0.415569657041715	0.919443969637919	9
ROCK1	-0.221628193421667	0.692419005900796	0.989171265391501	9
ROCK2	-0.405960491220273	0.587848413127702	0.971161794932015	9
ROGDI	-0.0368609516439735	0.956884900013194	0.998639733078915	9
ROM1	-0.980605383883846	0.155353229304499	0.727862257442023	9
ROMO1	-0.562211551463575	0.435051695170727	0.927598629005124	9
ROPN1B	-0.55394766664145	0.606654331114068	0.974885729870166	9
ROPN1L	3.05850275080561	0.00290816722300805	0.104957106060689	9
ROR1	-0.258484942007324	0.620668878799075	0.978517513346508	9
ROR2	0.0365139922475447	0.91626291965723	0.998639733078915	9
RORA	-0.49893946808413	0.367268765792713	0.90239123320911	9
RORB	0.654562787856574	0.493630468816843	0.9455592201149	9
RORC	2.60803833506058	0.00293893462001278	0.10580881445368	9
RP1	2.90310620297321	0.0254024731380503	0.328174406620457	9
RP2	0.235171953963331	0.560714844837599	0.964946561877165	9
RP9	-0.510719502310431	0.277266173089535	0.857480226675461	9
RPA1	0.0589129312772251	0.865952208382545	0.998639733078915	9
RPA2	-0.27856213024402	0.123868033307454	0.675125977949663	9
RPA3	0.417503642052182	0.463254799630817	0.938140224633076	9
RPA4	-0.140044344506507	0.923820419247324	0.998639733078915	9
RPAIN	0.138561456223906	0.721501338438421	0.990516044835733	9
RPAP1	-0.0462084822017056	0.840442832462061	0.998604146933345	9
RPAP2	0.0793134188748664	0.818084902770668	0.995966406600323	9
RPAP3	-0.307021454356818	0.470882639288674	0.939528895871055	9
RPE	0.251605513990477	0.455411392384476	0.935085208372131	9
RPF1	-0.347619517650208	0.0813840819296028	0.567969234768653	9
RPF2	0.175143270709207	0.613697223579291	0.975911270057349	9
RPGR	-0.0884976280471537	0.8503758289276	0.998639733078915	9
RPGRIP1	0.578890201475612	0.499767650441189	0.94888930167018	9
RPGRIP1L	0.311655326360737	0.320939860277131	0.885543112951723	9
RPH3AL	-0.931046821065176	0.436405798937454	0.92821123892158	9
RPIA	0.600061402675455	0.21137658283888	0.794171927467666	9
RPL10	-0.335333652163135	0.433678682860544	0.926809311141991	9
RPL10A	-0.494340700017529	0.222405229510285	0.804046924516611	9
RPL11	-0.427794317654693	0.278817940648429	0.858138369873114	9
RPL12	-0.057497626827286	0.889541212371393	0.998639733078915	9
RPL13	-0.769305081230444	0.176418919193484	0.751250158017082	9
RPL13A	-0.130349445581187	0.714063082905653	0.989276793964962	9
RPL14	-0.617693753872704	0.171143715109837	0.749226042299155	9
RPL15	-0.192068201603518	0.374934302290833	0.905673456930873	9
RPL17	-1.06108673124756	0.222985728330325	0.804675733687031	9
RPL18	-0.581306301944817	0.23175518650974	0.808244559806673	9
RPL18A	-0.494292537283416	0.27842789640989	0.858073193290024	9
RPL19	-0.394283480273691	0.276082053452599	0.856684294936685	9
RPL21	-0.662401827399123	0.0299004250375353	0.35593562417666	9
RPL22	-0.141489414022152	0.745434426782375	0.991008075540888	9
RPL22L1	-0.0628568835974374	0.918719309748975	0.998639733078915	9
RPL23	-0.337562881579454	0.33531317756588	0.893441965603623	9
RPL23A	-0.222486587454038	0.802152439814686	0.995590233849494	9
RPL24	-0.484773765148256	0.329231777331755	0.888309445836384	9
RPL26	-0.368638055167325	0.739525477105188	0.991008075540888	9
RPL26L1	0.0720036136924181	0.879207145992542	0.998639733078915	9
RPL27	-0.248253952482288	0.399516332828822	0.914438028200431	9
RPL27A	-0.568626412028265	0.448759201353494	0.932585632008735	9
RPL28	-0.535750716896157	0.367256558238048	0.90239123320911	9
RPL29	-0.74437272807225	0.20052434325272	0.783944796347509	9
RPL3	-0.22257917155677	0.491590310767321	0.945386319025748	9
RPL30	-0.328433535199352	0.629503220154269	0.979219295330233	9
RPL31	-0.326904230730212	0.434143772110027	0.927006541315797	9
RPL32	-0.486922027371291	0.292013255218611	0.867459782709179	9
RPL34	-0.386787383303461	0.385485762348634	0.910863010956818	9
RPL35	-0.470859646377493	0.309614557350711	0.877235807280418	9
RPL35A	-0.226580605354667	0.492739163274225	0.945530063911015	9
RPL36	-0.530915194254838	0.321545330243724	0.885543112951723	9
RPL36A	-0.113566747179563	0.944897218821121	0.998639733078915	9
RPL36AL	-0.688858898843795	0.0770179442284593	0.550724756206046	9
RPL37	-0.318320724529754	0.424351556012696	0.922647417631964	9
RPL37A	-0.460863342753698	0.230774770980435	0.808244559806673	9
RPL38	-0.324830372116985	0.341721564449151	0.898849295172085	9
RPL39	0.105597388561529	0.838824262114968	0.998604146933345	9
RPL39L	0.616339186476929	0.394196709206657	0.91331621795628	9
RPL4	-0.29975370134209	0.300623106143708	0.874342355309609	9
RPL41	-0.162064751825916	0.683071199378369	0.987306006486237	9
RPL5	-0.324082852380349	0.172281633487674	0.74938747148236	9
RPL6	-0.385836132381172	0.296000508381503	0.870082505129096	9
RPL7	-0.0161158964912272	0.953589301975708	0.998639733078915	9
RPL7A	-0.320257900493823			9
RPL7L1	0.240743475858094	0.341736408594895	0.898849295172085	9
RPL8	-0.476157799836308	0.216038235761909	0.798400989783844	9
RPL9	0.282280632970892	0.543805167171402	0.959871555065334	9
RPLP0	0.0392290106161195	0.933567252381788	0.998639733078915	9
RPLP1	-0.735206896512594	0.22600763764625	0.808244559806673	9
RPLP2	-0.55557247439548	0.301529941036035	0.874342355309609	9
RPN1	0.27084583851198	0.406362249823628	0.915238409840383	9
RPN2	0.332644641498621	0.334537852700746	0.892969331445685	9
RPP14	-0.63998940487248			9
RPP21	1.50587250558934			9
RPP25	0.205153496659105	0.704902489941382	0.989276793964962	9
RPP25L	-0.208390058257852	0.655908271900565	0.982654069775495	9
RPP30	-0.396787819504184	0.270461086864867	0.849828788594992	9
RPP38	-0.0451869875056105	0.918070530401211	0.998639733078915	9
RPP40	-0.10140489161739	0.829149221769144	0.99746225363255	9
RPRD1A	0.29780387042823	0.217412251379334	0.798965012963561	9
RPRD1B	0.222043510293598	0.503248372908643	0.949627683549368	9
RPRD2	0.0713131100292758	0.854369210703832	0.998639733078915	9
RPRM	-1.85538577312355	0.0232759166419288	0.313590405830319	9
RPS10	0.933598085326219			9
RPS11	-0.434508299043253	0.276760883801515	0.857348878445784	9
RPS12	-0.534701537177671	0.166414653819731	0.743424340491471	9
RPS13	-0.283702302949196	0.366518105300127	0.90239123320911	9
RPS14	-0.262814158681734	0.453163712361344	0.934193719686379	9
RPS15	-0.691819237062786	0.129615510745681	0.685525780222656	9
RPS15A	-0.328909092901343	0.70322834420199	0.989276793964962	9
RPS16	-0.379170188282133	0.255817114832863	0.840547211401925	9
RPS17	0.189410336683567	0.792279874645565	0.994052363875907	9
RPS18	-0.120537366147012			9
RPS19	-0.321346790531618	0.498404226464956	0.948182083625366	9
RPS19BP1	-0.710461080988795	0.15116072988166	0.722080305349481	9
RPS2	-0.118863829091354	0.814472042653963	0.995936140923453	9
RPS20	-0.707296163571159	0.141863482350862	0.707926593299888	9
RPS21	-0.396120056152023	0.403158093881258	0.915238409840383	9
RPS23	-0.272035214950389	0.652903803440529	0.981436950613188	9
RPS24	-0.337633383538482	0.346409657004647	0.899092963457163	9
RPS25	-0.311983262480135			9
RPS26	-0.807591416274986	0.0561888441725844	0.478870397708729	9
RPS27	-0.58597502365016	0.0263067720680902	0.334750562144596	9
RPS27A	-0.460463753824614	0.24062200220522	0.822561689335629	9
RPS27L	-0.566649962186801	0.09417703886913	0.600495581316297	9
RPS28	-0.27154131880666	0.703516574890893	0.989276793964962	9
RPS29	-0.130047759689009	0.746119591792432	0.991008075540888	9
RPS3	-0.504516052376618	0.248519949146695	0.835450672744726	9
RPS3A	-0.48596449125961	0.348953522223227	0.899092963457163	9
RPS4X	-0.32475248212045	0.400317661318738	0.914774925977681	9
RPS5	-0.0432963134911069	0.90299455447934	0.998639733078915	9
RPS6	-0.299812866673474	0.3587477393684	0.900808696207596	9
RPS6KA1	2.13827931278283			9
RPS6KA2	-0.427180165179193	0.424290870480038	0.922647417631964	9
RPS6KA3	0.0284648144337783	0.952014306056405	0.998639733078915	9
RPS6KA4	-0.370076615551829	0.40422915889683	0.915238409840383	9
RPS6KA5	-0.123758438906786	0.801356971992497	0.995590233849494	9
RPS6KA6	-0.172538741148123	0.745079650877867	0.991008075540888	9
RPS6KB1	0.06768474517599	0.838107459771514	0.998604146933345	9
RPS6KB2	-0.450611845515185	0.25255743277831	0.838318026813724	9
RPS6KC1	-0.0478605975142765	0.893814224796037	0.998639733078915	9
RPS6KL1	-0.501361628148499	0.401298615178443	0.914991131944397	9
RPS7	-0.236691325013767	0.561966635920764	0.964946561877165	9
RPS8	-0.309595146885801	0.44729653590488	0.932585632008735	9
RPS9	-0.183440127249958			9
RPSA	-0.033159612150616	0.935628738578865	0.998639733078915	9
RPTOR	0.0331907076361785	0.937694600071037	0.998639733078915	9
RPUSD1	-0.303021699180628	0.528213380145098	0.957299775766752	9
RPUSD2	-0.131758419106492	0.765532779721602	0.992930756580613	9
RPUSD3	-0.382748794966183	0.393008995049005	0.912945341948813	9
RPUSD4	-0.405483495146443	0.172152545899488	0.74938747148236	9
RRAD	0.535177412894886	0.486824178077905	0.944013070233436	9
RRAGA	-0.597809260862385	0.0786016952586766	0.558185192344712	9
RRAGB	-0.187945785041525	0.586670798960319	0.971161794932015	9
RRAGC	-0.0822278740243443	0.839135377682492	0.998604146933345	9
RRAGD	-0.383439728997295	0.475494456830111	0.940283675486015	9
RRAS	-1.70195909538658	0.0386691780874089	0.401968829400171	9
RRAS2	0.528131452408981	0.0622139396084554	0.500793671899467	9
RRBP1	0.526799298907401	0.195092322155671	0.774544854045147	9
RREB1	0.692180741435408	0.108646214761731	0.637411278258312	9
RRM1	0.440749938840285	0.332214029777009	0.890630456508978	9
RRM2	3.53869117267666	0.00100101784736474	0.0560953386960343	9
RRM2B	0.232223209458712	0.5261208331403	0.956988757965781	9
RRN3	-0.484304350998246			9
RRP1	-0.123766105873897	0.704345127254023	0.989276793964962	9
RRP12	0.134751149035625	0.609483779530067	0.975328830748679	9
RRP15	-0.126864116728261	0.721655462527563	0.990516044835733	9
RRP1B	0.209893050944543	0.556206396790355	0.963483323314004	9
RRP36	-0.498881394448281	0.222724818385843	0.804611121926927	9
RRP7A	-0.589766437703778	0.2271695336664	0.808244559806673	9
RRP8	-0.356858211330835	0.217649580040546	0.799033281212017	9
RRP9	-0.326618826295789	0.452223880704752	0.933409545725668	9
RRS1	0.191210165479459	0.593758434697002	0.971886033994504	9
RSAD1	-0.165429765153805	0.587151768000942	0.971161794932015	9
RSAD2	-0.00923476746960702	0.988188891038398	0.999458538741689	9
RSBN1	-0.243435396853308	0.538910633720483	0.958979719874913	9
RSBN1L	-0.180989018543552	0.520724490311697	0.954248855971741	9
RSF1	0.0348115897585242	0.935834772514812	0.998639733078915	9
RSKR	0.280275257166416	0.497143990233505	0.947127315415174	9
RSL1D1	-0.202610471086574	0.509399514487293	0.951538693830295	9
RSL24D1	-0.290944259038729	0.375872946422309	0.905673456930873	9
RSPH1	2.8039196664651	0.00238773665014527	0.0908240518496028	9
RSPH10B	2.89203607829147	0.065071413784889	0.510100445501193	9
RSPH14	1.54674896566368	0.204587810926687	0.787978456688567	9
RSPH3	0.465931783105139	0.212466548827848	0.794171927467666	9
RSPH4A	1.92128192792443	0.00952498592313804	0.194734511373186	9
RSPH9	-0.325646149953937	0.609393289819391	0.975328830748679	9
RSPO1	-1.37193735320797	0.0587475792328383	0.487449700424916	9
RSPO3	-1.62732366215881	0.0653420957776982	0.510766737390829	9
RSPO4	-0.470770292370376	0.701265123093377	0.989276793964962	9
RSPRY1	0.217552092618834	0.477384092589938	0.940941389680967	9
RSRC1	0.0927325391986859	0.822170308199678	0.996392111603895	9
RSRC2	0.0387806463252979	0.911421380943264	0.998639733078915	9
RSRP1	-0.0206871027715476	0.955942586578486	0.998639733078915	9
RSU1	-0.341223361540983	0.349189773505792	0.899092963457163	9
RTCA	-0.0509924455234024	0.843899495422778	0.998639733078915	9
RTCB	-0.0868799462900575	0.742953101307967	0.991008075540888	9
RTEL1	-1.16910591977405	0.122137466485476	0.671989492652503	9
RTF1	-0.115598663744449	0.658394561206586	0.982975949819678	9
RTF2	-0.377055522354353	0.282014310100691	0.8612268238133	9
RTKN	0.261316035058561	0.493035030561788	0.945530063911015	9
RTKN2	1.53616327378206	0.0735930300776322	0.540459281805551	9
RTL1	-0.240818822672734	0.848955680472593	0.998639733078915	9
RTL10	0.130371156026138	0.75370965160942	0.991053651876121	9
RTL5	-0.36349181271009	0.29966653807821	0.874342355309609	9
RTL6	0.309149525714183	0.528745985137235	0.957299775766752	9
RTL8A	-0.482863054559382	0.287887842496437	0.863004415850258	9
RTL8B	-0.412327607016253	0.28371112516347	0.8612268238133	9
RTL8C	-1.02048459899591	0.108032985813462	0.636441149822548	9
RTL9	-0.946410707811262	0.337083517286516	0.894676206377135	9
RTN1	0.962593634529492	0.161762480261069	0.738443385610612	9
RTN2	-0.187322381760248	0.746007145139925	0.991008075540888	9
RTN3	0.0555512210886766	0.755029654930618	0.991635620289248	9
RTN4	0.0203074740931615	0.97488474654978	0.998639733078915	9
RTN4IP1	-0.20757506949541	0.715088864058166	0.989276793964962	9
RTN4R	-0.184482914399503	0.781368744767545	0.993692085940702	9
RTN4RL1	-0.722246276448565	0.344788278663055	0.899092963457163	9
RTN4RL2	0.15823273761297	0.829411398884058	0.99746225363255	9
RTP4	-0.273205765330437	0.558570296277345	0.964143903467724	9
RTRAF	-0.307104210901624	0.326078413492285	0.886743452756009	9
RTTN	-0.155814350959427	0.662959990129604	0.983171338937342	9
RUBCN	-0.330412073212983	0.609920358827522	0.975328830748679	9
RUBCNL	0.0381012386474925	0.95411878448035	0.998639733078915	9
RUFY1	-0.365003108958026			9
RUFY2	-0.0533607261439842	0.88901880411086	0.998639733078915	9
RUFY3	-0.635921096529724	0.0350527711694606	0.380731387220315	9
RUFY4	-3.275814539624	0.00720148598977138	0.167085976447912	9
RUNDC1	0.239449774342979	0.500498591632443	0.94888930167018	9
RUNDC3A	0.362720388039479	0.598886562460273	0.973498192071791	9
RUNDC3B	-0.752646971234738	0.14369857911335	0.711869112393627	9
RUNX1	0.731786919199582	0.145722669185597	0.713849580369802	9
RUNX1T1	-0.197952863676931	0.592397576101823	0.971527934919808	9
RUNX2	0.680104820840426	0.0939619448243181	0.600340842158973	9
RUNX3	0.368409953196618	0.478362853005784	0.941072442992838	9
RUSC1	-0.297988872989317	0.519135365497029	0.953758404613893	9
RUSC2	-0.284371205535528	0.387107738484729	0.910869371915953	9
RUSF1	-0.338745405879307	0.41528033649568	0.919443969637919	9
RUVBL1	0.229865535054507	0.492987261337218	0.945530063911015	9
RUVBL2	-0.0949213174071322	0.849153033023117	0.998639733078915	9
RWDD1	-0.558096279300998	0.166280347005166	0.743424340491471	9
RWDD2A	-0.0291806376265878	0.929828298655826	0.998639733078915	9
RWDD2B	-0.559880443700559	0.17659336575609	0.751250158017082	9
RWDD3	-0.286449823875008	0.615039221540995	0.976405209428427	9
RWDD4	-0.276306673543955	0.404090707508521	0.915238409840383	9
RXFP1	1.05656701849253	0.182583717642085	0.759617216219006	9
RXFP2	-0.59780966832916	0.750374772284805	0.991008075540888	9
RXRA	-0.0947537596214057	0.744755952647145	0.991008075540888	9
RXRB	-0.368072932995743			9
RXRG	0.151615536362051	0.854215440439398	0.998639733078915	9
RXYLT1	0.184537088860872	0.610506301832451	0.975328830748679	9
RYBP	-0.625157147558211			9
RYK	0.216674590093568	0.578554768165482	0.969055975901473	9
RYR1	-0.187825391617177	0.732251346696453	0.991008075540888	9
RYR2	0.0172193285171829	0.975113395355955	0.998639733078915	9
RYR3	-0.189420294260042	0.825314548854351	0.997459757021024	9
S100A1	-1.12087074715333	0.153200042068884	0.724490919122178	9
S100A10	-0.389842022699095	0.539446306802551	0.958979719874913	9
S100A11	-0.437275181676828	0.561143545519797	0.964946561877165	9
S100A13	-0.362491938451425	0.601458742668817	0.974057468095769	9
S100A14	1.85303110785491	0.193672129998165	0.773128433453111	9
S100A16	-0.0186509506929723	0.964056910905602	0.998639733078915	9
S100A2	1.55718015876277	0.199310301191025	0.780997970767379	9
S100A3	-2.11396107006763	0.127666039544789	0.681300943499864	9
S100A4	-2.49798241517611	0.00307872919292166	0.10766099766837	9
S100A5	-0.199055321505572	0.85659362414624	0.998639733078915	9
S100A6	-1.96596211943336	0.0148284138369537	0.245935074884577	9
S100A8	0.834606556201649	0.552347191687982	0.96218995166999	9
S100A9	1.05716541636116	0.152255761934688	0.723675843478971	9
S100B	-0.80259679987792	0.464441861946911	0.938355642512777	9
S100PBP	-0.0467573779376972	0.82932300329098	0.99746225363255	9
S1PR1	-0.634528181368877	0.395195304333583	0.913353694686467	9
S1PR2	-0.264288337928099	0.613769879319309	0.975911270057349	9
S1PR3	-0.635553561356394	0.146554043932055	0.714977993903015	9
S1PR4	-0.809318138602621	0.349564993953989	0.899092963457163	9
S1PR5	1.93833990607346	0.00960349382068175	0.195797199291551	9
SAAL1	-0.0641148581481627	0.820496115357335	0.996019676235714	9
SAC3D1	-0.109859979000857	0.874451532651954	0.998639733078915	9
SACM1L	-0.175529727717856	0.472725157705697	0.939822409233973	9
SACS	0.375147579011812	0.391208856569062	0.912807186165296	9
SAE1	0.195576690014344	0.563691778439257	0.965041713262426	9
SAFB	-0.0316223090303772	0.888443379029694	0.998639733078915	9
SAFB2	-0.151745599237862	0.553652282954201	0.9626262906904	9
SALL1	0.344888029564722	0.544751636565482	0.960243480695375	9
SALL2	-0.321506948690808	0.546959154168586	0.960668683051641	9
SALL4	0.975361480965485	0.317123394255145	0.882121038171662	9
SAMD1	0.426788363937631			9
SAMD10	1.21166236379329	0.0977204287253106	0.611794745383946	9
SAMD11	1.00027007506596	0.176756530240415	0.751253424382022	9
SAMD12	1.26683051766474	0.0451036995239131	0.432041342422116	9
SAMD13	0.633690083239488	0.3174464652912	0.882121038171662	9
SAMD14	-0.181688387908976	0.635942185603326	0.980691547015745	9
SAMD15	0.939104531153679	0.217821193256252	0.799033281212017	9
SAMD3	-0.517362493089141	0.306195404933499	0.876432473153517	9
SAMD4A	-0.0253246912065593	0.962016772806335	0.998639733078915	9
SAMD4B	0.0194456135684777	0.944458044802119	0.998639733078915	9
SAMD5	0.0807241519555999	0.863388922253982	0.998639733078915	9
SAMD8	-0.329976097018927	0.389363372354603	0.911850347346707	9
SAMD9	0.0681945421896541	0.898114428249444	0.998639733078915	9
SAMD9L	-0.421254999258001	0.458446462862877	0.936756400653229	9
SAMHD1	0.797198900880313	0.0117491927515186	0.218977063390361	9
SAMM50	0.43703970737917	0.339203058161213	0.896524077278898	9
SAMSN1	0.356580231118285	0.623795780044466	0.978573777801597	9
SAP130	0.177621304278563	0.465448831100856	0.938976383200728	9
SAP18	-0.0912153838321193	0.677087515531395	0.986136045067481	9
SAP25	-0.931715091054075	0.509978835524767	0.951538693830295	9
SAP30	-0.177220789954596	0.639595578272967	0.980691547015745	9
SAP30BP	-0.402587218526992	0.231361727457744	0.808244559806673	9
SAP30L	-0.305002392333062	0.316584223858673	0.881911182317315	9
SAPCD2	4.6337679412652	5.40308680874172e-05	0.0107776978897076	9
SAR1A	-0.00922593811628836	0.970561422062755	0.998639733078915	9
SAR1B	-0.00964106178103483	0.973913183647797	0.998639733078915	9
SARAF	0.0289574767161813	0.937914125777606	0.998639733078915	9
SARDH	0.34413304726289	0.557870603597875	0.96370024816501	9
SARM1	0.129476995598543	0.749390802716221	0.991008075540888	9
SARNP	-0.0923837037449748	0.93991082703223	0.998639733078915	9
SARS1	-0.31675863197332	0.266600286879798	0.847767249375861	9
SARS2	-0.84190854483101	0.785546679476814	0.994052363875907	9
SART1	-0.675488414568233	0.0832591418688436	0.573514755318627	9
SART3	0.00410268512735392	0.986777757327429	0.999458538741689	9
SASH1	-0.0193513443339544	0.970020045068715	0.998639733078915	9
SASH3	-0.091260018509493	0.849971373548068	0.998639733078915	9
SASS6	0.195943118010464	0.711685983260704	0.989276793964962	9
SAT1	1.315400162053	5.31649069969891e-05	0.0107502355093501	9
SAT2	-0.829794687592542	0.109945378747235	0.638938478617296	9
SATB1	0.0777141551581426	0.854820373737665	0.998639733078915	9
SATB2	0.772373763528514	0.0986408665466498	0.611980350722711	9
SAV1	0.0160332150176648	0.969553783930403	0.998639733078915	9
SAXO2	1.03138167168163	0.0972236139436349	0.610428653943852	9
SAYSD1	-0.179694842389828	0.547965545699251	0.960745862937005	9
SBDS	-0.123248801306625	0.839556574505282	0.998604146933345	9
SBF1	-0.371998498826549	0.248605634804618	0.835450672744726	9
SBF2	-0.124912284346878	0.789377334460808	0.994052363875907	9
SBK1	1.79061167153849	0.181990633080663	0.759038576668581	9
SBK2	1.09347778657421	0.675462299390978	0.985298616459508	9
SBNO1	-0.0229002093087056	0.935189798178294	0.998639733078915	9
SBNO2	0.676876336090028			9
SBSPON	0.928043789965067	0.0622557000159557	0.500793671899467	9
SC5D	-0.162151712853085	0.558791275984541	0.964151727037734	9
SCAF1	-0.490755699484201	0.215174795223861	0.79783852104984	9
SCAF11	0.0184799448224572	0.966608059222958	0.998639733078915	9
SCAF4	0.0801338296439512	0.659620952409636	0.982975949819678	9
SCAF8	0.347408694556545	0.513504929695001	0.952840511279436	9
SCAI	0.135099275600693	0.801300304714908	0.995590233849494	9
SCAMP1	-0.312608418372583	0.277684260337485	0.857480226675461	9
SCAMP2	0.232156335243345	0.347555868589863	0.899092963457163	9
SCAMP3	-0.475369842958954			9
SCAMP4	-0.134957329139053	0.774615952622928	0.992930756580613	9
SCAMP5	-0.121101436233076	0.76060680203605	0.991955190535962	9
SCAND1	-0.614246887522841	0.270808121267992	0.849848431125195	9
SCAP	0.0405109352861368	0.889641889809114	0.998639733078915	9
SCAPER	-0.103540301756339	0.830953651221946	0.99746225363255	9
SCARA3	-0.742690422469148	0.215629994556949	0.798323137611018	9
SCARA5	-2.26228839484749	0.114319070319946	0.648848482940523	9
SCARB1	0.384767314600864	0.247751310865624	0.834491532636072	9
SCARB2	-0.150622818205181	0.549157520041402	0.961089318650903	9
SCARF1	-1.15556457945943			9
SCARF2	-0.613053355072556	0.203381905966479	0.787751328777536	9
SCCPDH	0.260548214199114	0.402085897747612	0.915238409840383	9
SCD	-0.00567701613485439	0.993629247919191	0.999620666732609	9
SCD5	0.737416898663085	0.0664134131785645	0.515962311541468	9
SCFD1	0.0121610487410697	0.978153529640176	0.998639733078915	9
SCFD2	0.153863272806583	0.691477538347924	0.989171265391501	9
SCG2	-1.24886755362227	0.349283153100402	0.899092963457163	9
SCG3	-2.31749530311082	0.0566500388268473	0.480806813852694	9
SCG5	3.15585567900007			9
SCGB1D2	5.81315362327002	0.000155285050184152	0.0206068009368092	9
SCGB1D4	2.12462516063374	0.297639095855257	0.87235962611909	9
SCGB2A1	2.12514968048021	0.255253792942555	0.840547211401925	9
SCGB2B2	-0.0620904456990127	0.933304578911602	0.998639733078915	9
SCGB3A1	3.56826192738725	0.00679780942744712	0.162366448152988	9
SCHIP1	-0.502673591154325	0.718383439774434	0.989276793964962	9
SCIMP	0.00281363433807773	0.996606954110097	0.999620666732609	9
SCIN	0.889612769335863	0.298681433222541	0.873868235195699	9
SCLT1	0.210921266730548	0.691630796326048	0.989171265391501	9
SCLY	-0.739417157391442			9
SCMH1	-0.360301628613709	0.212846533224598	0.794171927467666	9
SCML1	-0.111691938798113	0.787098441714489	0.994052363875907	9
SCML2	-0.133305937594195	0.675738843526271	0.985298616459508	9
SCML4	-0.753008982813102	0.261053795155605	0.843619396852548	9
SCN11A	0.954142913204114	0.211913627070627	0.794171927467666	9
SCN1B	-1.09824451244024	0.0886690981063505	0.586984083424703	9
SCN2A	-0.258985747402177	0.73543990886304	0.991008075540888	9
SCN2B	-0.881167455119915	0.144900006362526	0.711869112393627	9
SCN3A	-1.04342887483218	0.202625588130025	0.786679722879354	9
SCN3B	-1.52850649101285	0.00798988717016799	0.177585094488468	9
SCN4A	-0.545284678812313	0.737875848645386	0.991008075540888	9
SCN4B	0.093409980499695	0.923476383148384	0.998639733078915	9
SCN5A	0.910001453355722	0.163421041146267	0.73994607886052	9
SCN7A	-1.27821119578812			9
SCN8A	0.0447297011111409	0.931981969588518	0.998639733078915	9
SCN9A	-0.657526550819374	0.387165246987126	0.910869371915953	9
SCNM1	0.0971924185663691			9
SCNN1A	2.54357479042159	0.00533339403209135	0.143029822370039	9
SCNN1B	2.29082171228246	0.0417820358627757	0.41559611278331	9
SCNN1D	0.0482917705672026	0.922603119608202	0.998639733078915	9
SCNN1G	2.75178674421609	0.0410462574914561	0.412446430790595	9
SCO1	-0.110442314709889	0.696051235130264	0.989276793964962	9
SCO2	0.12034828665118	0.926270439368509	0.998639733078915	9
SCOC	-0.354402796639245	0.32799210136136	0.887903506431062	9
SCP2	0.0408559375860938	0.90434492777019	0.998639733078915	9
SCPEP1	-0.331964562572314	0.386227759665901	0.910863010956818	9
SCRG1	0.0218546203432331			9
SCRIB	0.24791718140042			9
SCRN1	-0.346469657746083	0.483699235043066	0.94318539470689	9
SCRN2	-0.244140230782903	0.443836206778378	0.932003419961505	9
SCRN3	0.157014685316376	0.666804950809508	0.984088154568007	9
SCTR	0.345054105085307	0.669690617043484	0.984493894849006	9
SCUBE1	0.282093504958756	0.778945840542414	0.992930756580613	9
SCUBE2	-0.409745555129819	0.526932991198395	0.957268202462574	9
SCUBE3	0.772644972269861	0.193830809784756	0.773128433453111	9
SCX	-0.529031631631914	0.513499420362657	0.952840511279436	9
SCYL1	-0.203104155441391	0.487627620066542	0.944240081282873	9
SCYL2	0.103131068553572	0.796050889007934	0.994878263707232	9
SCYL3	-0.0600312134054467	0.806953411614562	0.995590233849494	9
SDAD1	-0.10538921324165	0.743296823579351	0.991008075540888	9
SDC1	2.03719234827156	0.0143015991815846	0.241466729980576	9
SDC2	0.0665169662679652	0.818885337438355	0.995966406600323	9
SDC3	-0.711860854754279	0.252852017738423	0.838462877724287	9
SDC4	0.137305183812117	0.772848414401758	0.992930756580613	9
SDCBP	-0.129318175185484	0.704249462980312	0.989276793964962	9
SDCBP2	0.16493308262328			9
SDCCAG8	-0.357589464334367			9
SDE2	0.232934191479448	0.643248533439269	0.980691547015745	9
SDF2	-0.194281580510989	0.575172558565231	0.968284112085412	9
SDF2L1	0.343894368178042	0.583882668310364	0.971010823223219	9
SDF4	-0.210295017812734	0.5751397951766	0.968284112085412	9
SDHA	0.194664103997338	0.837919810838832	0.998604146933345	9
SDHAF1	-0.188030601301943	0.660352550950955	0.982975949819678	9
SDHAF2	-0.309031320739364	0.640670693715643	0.980691547015745	9
SDHAF3	0.462646488889477	0.382122780507534	0.907856810409095	9
SDHAF4	-0.188555058496248	0.727803673492659	0.991008075540888	9
SDHB	-0.190864889327633	0.460480881808046	0.937747940696302	9
SDHC	0.185494169644742	0.59507162126362	0.972236092783093	9
SDHD	-0.153924389969046	0.482555789127193	0.94271760619919	9
SDK1	0.92763626282701	0.310165093073673	0.877414131632904	9
SDK2	3.61212689759386	6.78608718460051e-05	0.0123819365051996	9
SDR39U1	-0.312664511447223	0.518617719478158	0.953758404613893	9
SDR42E1	1.09912256120782	0.0701816284232055	0.529173808342532	9
SDR42E2	0.959220989499559			9
SDR9C7	-1.41678821315852	0.0977861222873851	0.611794745383946	9
SDS	2.93416370801219	0.042638568461432	0.419871853942093	9
SDSL	0.540129039611749	0.360423796166993	0.901129021301342	9
SEC11A	0.00555141140712214	0.986113968856786	0.999458538741689	9
SEC11C	0.0105132035399792	0.975334326939781	0.998639733078915	9
SEC13	0.0243234012744367	0.944047780848667	0.998639733078915	9
SEC14L1	0.846871727125742	0.0875858531841308	0.584737575237881	9
SEC14L2	0.648373015967029	0.211712494936906	0.794171927467666	9
SEC14L5	0.408969091638007	0.59263642795933	0.971527934919808	9
SEC14L6	-0.299893057652207	0.680097178822651	0.986916482166846	9
SEC16A	0.528820384771234	0.0617837196527892	0.500793671899467	9
SEC22A	0.0439733570936642	0.84104598243685	0.998604146933345	9
SEC22B	0.14547863943932	0.555829393274168	0.963343569668406	9
SEC22C	-0.190520199939741	0.44890598855123	0.932585632008735	9
SEC23A	0.0868241567615463	0.832230547130678	0.99746225363255	9
SEC23B	0.575792150758198	0.182136348388328	0.759038576668581	9
SEC23IP	0.367544024676671	0.239080831927543	0.819000269223127	9
SEC24A	0.354593001500528	0.303950320417551	0.875053234265414	9
SEC24B	-0.0326817641235126	0.920759203958428	0.998639733078915	9
SEC24C	0.0918279003086093	0.891124568195768	0.998639733078915	9
SEC24D	0.783712126940597	0.0346052576432565	0.379708638591042	9
SEC31A	0.225593031930721	0.295915400079562	0.870082505129096	9
SEC31B	-0.317552197817427	0.373322559688537	0.905673456930873	9
SEC61A1	0.261576587686067	0.535067043119249	0.95784961223136	9
SEC61A2	-0.186018501013183	0.390995891648307	0.912807186165296	9
SEC61B	0.25169311098302	0.619696080175158	0.978191699654598	9
SEC61G	0.205984629957702	0.559841567665395	0.964946561877165	9
SEC62	-0.389151757040537	0.380680202643692	0.907280226042092	9
SEC63	0.206636148221903	0.55050411150858	0.961546579712439	9
SECISBP2	-0.240251830126482	0.471823327322529	0.939599353653877	9
SECISBP2L	0.0357189154172872	0.92770043038175	0.998639733078915	9
SECTM1	-0.857267809685518	0.143026849385703	0.710941883909763	9
SEH1L	0.125023042880217	0.608142076196605	0.975199423069832	9
SEL1L	-0.0847042629358144	0.813932072813003	0.995936140923453	9
SEL1L2	-1.79128957048608	0.164773726709687	0.741226976760448	9
SEL1L3	2.03775899703478	0.00368689466557852	0.11667895483549	9
SELE	6.33665213920413	0.000400668003908408	0.034118284875201	9
SELENBP1	-0.131369482300027	0.735856131821448	0.991008075540888	9
SELENOF	-0.242496980868535	0.409729416028239	0.915887078357671	9
SELENOH	-0.146434146340316	0.850657122488349	0.998639733078915	9
SELENOI	0.183748300172089	0.606267000016779	0.974885729870166	9
SELENOK	-0.206564507585004	0.606884716188855	0.974885729870166	9
SELENOM	-2.26191618590563	0.00149390729119669	0.072414542861946	9
SELENON	-0.052109511333673	0.923431679889246	0.998639733078915	9
SELENOO	-0.5419277970958	0.424757303571783	0.922776261839354	9
SELENOP	-0.0867068808790514	0.921736858822134	0.998639733078915	9
SELENOS	0.124606007600927	0.724484920862066	0.990984782893948	9
SELENOT	-0.202534114230423	0.310847615736471	0.877937271278944	9
SELENOV	-0.571475075688461	0.836251652995921	0.998604146933345	9
SELENOW	-1.16193212680361	0.0733430270249348	0.540459281805551	9
SELL	-0.0930270211411309	0.883373306643107	0.998639733078915	9
SELP	0.577624690031259	0.536997024991114	0.958130434654155	9
SELPLG	-0.455294129620104	0.37907103937432	0.906881065731184	9
SEM1	-0.112387008468895	0.835054805042159	0.998369795570889	9
SEMA3A	1.63324363083984	0.00578400419024079	0.148936523099824	9
SEMA3B	0.224421927604415	0.690587630376588	0.989171265391501	9
SEMA3C	0.415843785231455	0.460350223632133	0.937747940696302	9
SEMA3D	1.28006100622889	0.0110119725206817	0.212203298143319	9
SEMA3E	3.29477215243285	0.00972127727941214	0.196978487596176	9
SEMA3F	0.926284067149404	0.0149696629425561	0.246635138480758	9
SEMA3G	0.573510455598465	0.192817570770378	0.771740824875692	9
SEMA4A	0.241175269505806	0.550903744585723	0.961546579712439	9
SEMA4B	0.240077127613377	0.490716800565849	0.944931536265188	9
SEMA4C	-0.144104211765107	0.661508507227438	0.983171338937342	9
SEMA4D	0.251375792019982	0.643400993561281	0.980691547015745	9
SEMA4F	-0.125672911286212	0.7468661431248	0.991008075540888	9
SEMA4G	-0.0401403155425347	0.941370001269824	0.998639733078915	9
SEMA5A	-1.10341720379504	0.00930596870227603	0.192119446173841	9
SEMA5B	0.814192839775244	0.0720504303231281	0.535689167618899	9
SEMA6A	0.292231140184675	0.274832084270911	0.853804018323747	9
SEMA6B	0.395617821353757	0.514329458013584	0.953080823824775	9
SEMA6C	-0.272815621335831	0.363216477121531	0.902143432406347	9
SEMA6D	1.26018379047921	0.00287218503759362	0.104424441723939	9
SEMA7A	1.20542679441582			9
SENP1	0.333030323861997	0.37924742007884	0.906881065731184	9
SENP2	-0.0207760394034641	0.945777754211337	0.998639733078915	9
SENP3	-1.06449055946116	0.176704867463946	0.751250158017082	9
SENP5	0.381877846817163	0.481239248428654	0.942118374808403	9
SENP6	-0.175116978202519	0.713783306745879	0.989276793964962	9
SENP7	-0.0382482207833231	0.934192787909436	0.998639733078915	9
SENP8	-0.0236036760998055	0.954594709344468	0.998639733078915	9
SEPHS1	0.091367119102957	0.741274743174749	0.991008075540888	9
SEPHS2	0.472266341223849	0.127864955120311	0.681787182720375	9
SEPSECS	0.0846789301213289	0.850606838217919	0.998639733078915	9
SEPTIN1	-1.27425158714561	0.0212204584821	0.299746591056725	9
SEPTIN10	0.0159601918166626	0.968468076711391	0.998639733078915	9
SEPTIN11	0.553065915507363	0.0571302765418207	0.481401809416439	9
SEPTIN2	0.0578474502542673	0.716504680072052	0.989276793964962	9
SEPTIN3	0.838796956782824	0.555775618870803	0.963343569668406	9
SEPTIN4	-0.660392807261264	0.168551755233563	0.745957814118282	9
SEPTIN5	-0.859535211494978	0.418675544347629	0.919780432363111	9
SEPTIN6	0.320777658252487	0.256097507089759	0.840547211401925	9
SEPTIN7	-0.38192666275005	0.364720200327695	0.90239123320911	9
SEPTIN8	0.332127292274193	0.226362268583009	0.808244559806673	9
SEPTIN9	0.0022187562472269	0.996048123020596	0.999620666732609	9
SERAC1	-0.16378981522207	0.646998996059906	0.980691547015745	9
SERBP1	0.117376560730202	0.597531876371473	0.973231572743311	9
SERF1A	-1.40406852814777	0.596120172392637	0.972773091899058	9
SERF2	-0.554619312466923	0.524264470785653	0.955391092995928	9
SERGEF	-0.442976699522214	0.227627842580167	0.808244559806673	9
SERHL2	-0.448196967001784	0.37664483694934	0.905673456930873	9
SERINC1	-0.522170597073404	0.181994905433916	0.759038576668581	9
SERINC2	3.3912441499694	0.00132193707890677	0.0672588745110997	9
SERINC3	-0.142601992313662	0.652097205892234	0.981292533915803	9
SERINC4	0.697569012315145	0.607479096493855	0.974885729870166	9
SERINC5	0.656019826272806	0.150356368306968	0.721659461536377	9
SERP1	0.52681688465738	0.041422363534208	0.413413032280067	9
SERP2	-0.63535912691368	0.0222448387147965	0.307614175272896	9
SERPINA1	3.86725119090107	0.000163335526699185	0.0206068009368092	9
SERPINA11	5.7677773184759	0.0742836940904846	0.542822578450318	9
SERPINA3	-0.482471160525546	0.704559349685905	0.989276793964962	9
SERPINA4	6.36472453481943	0.000464531934061521	0.0376755817510006	9
SERPINA5	5.38403147850546	1.74187977290623e-05	0.00547061432507849	9
SERPINA6	3.24829521604312			9
SERPINB1	0.40414991897609	0.22229075964704	0.803829961575197	9
SERPINB5	3.38253160002423	0.0305543520369902	0.36076707011157	9
SERPINB6	-0.706736694644052	0.0588416704338103	0.487473231870421	9
SERPINB8	0.511187983324456	0.402879943235686	0.915238409840383	9
SERPINB9	0.496709214822083	0.173929835352133	0.751250158017082	9
SERPIND1	-2.05944351993967	0.0292791021617586	0.351945298867849	9
SERPINE1	0.244903493647908	0.789949626643321	0.994052363875907	9
SERPINE2	-0.155383570541044	0.829477768216034	0.99746225363255	9
SERPINE3	-0.618276903142799	0.460457481898771	0.937747940696302	9
SERPINF1	-1.37846836177763	0.00769742646508756	0.173733504665378	9
SERPINF2	-1.96926511277466	0.261431155691045	0.843678462867405	9
SERPING1	-1.21420090965023	0.0530877752685189	0.471283724510365	9
SERPINH1	0.81295209620042	0.0773329599866096	0.552255356730694	9
SERPINI1	-1.36310648406528	0.00425741732918183	0.125546214341951	9
SERPINI2	3.34372915367114	0.0418957197286107	0.416246681284481	9
SERTAD1	0.442430267292169	0.37989011383454	0.906881065731184	9
SERTAD2	0.103047582905205	0.795529368256875	0.994714385280344	9
SERTAD3	0.0418279290054355	0.935283756824848	0.998639733078915	9
SERTAD4	-1.2075108911613			9
SERTM1	0.206631147792357	0.800716351264388	0.995590233849494	9
SERTM2	-2.09713334562108	0.226371847180963	0.808244559806673	9
SESN1	-1.18194376201123	0.000334428892435281	0.0312437017799822	9
SESN2	-0.578591525485457			9
SESN3	0.358873786317808	0.435175157906679	0.927598629005124	9
SESTD1	0.183790209721214	0.623496264602675	0.978573777801597	9
SET	0.171850293367045	0.504182764256909	0.950235161286546	9
SETBP1	-0.207179142943126	0.67406161017085	0.985298616459508	9
SETD1A	-0.0731208816232138	0.805690559340811	0.995590233849494	9
SETD1B	-0.167456941527643	0.631783080261847	0.979380833016394	9
SETD2	0.161064572819289	0.666240844361104	0.984088154568007	9
SETD3	-0.0913571483528013	0.810580290394846	0.995936140923453	9
SETD4	-0.0645176821016807	0.803770410166395	0.995590233849494	9
SETD5	0.308566238319212	0.296322362121086	0.870394025651151	9
SETD6	0.00611690543719083	0.985042025789467	0.999450063572839	9
SETD7	-0.0760647673867552	0.876077053802202	0.998639733078915	9
SETD9	-0.151993599377762	0.765984890004117	0.992930756580613	9
SETDB1	-0.0128647068971206	0.979243486777794	0.998639733078915	9
SETDB2	-0.73937927540935	0.192766622350267	0.771740824875692	9
SETMAR	-0.642653829276186	0.0889532561315091	0.587428845775456	9
SETX	-0.121461060583794	0.661426562525662	0.983171338937342	9
SEZ6L	1.66989983741729	0.263176308433025	0.845428833249157	9
SEZ6L2	0.268338700112385	0.674079020907227	0.985298616459508	9
SF1	0.169637716471855	0.440474212234517	0.929498191107035	9
SF3A1	0.0826884884249868	0.771181341025713	0.992930756580613	9
SF3A2	-0.818631174687211	0.0891510202305034	0.587481343581456	9
SF3A3	0.052596007588201	0.748709136054717	0.991008075540888	9
SF3B1	-0.0521894487334235	0.891955524830503	0.998639733078915	9
SF3B2	-0.27432156620248	0.213341678835091	0.795035728675783	9
SF3B3	0.0442206772303329	0.876913284699797	0.998639733078915	9
SF3B4	-0.401084147404751	0.266847199059022	0.847767249375861	9
SF3B5	-0.233293382660082	0.553188185156107	0.962588268076922	9
SF3B6	-0.0377315922340859	0.905871599300823	0.998639733078915	9
SFI1	-0.0510232598119574	0.865651830171709	0.998639733078915	9
SFMBT1	-0.205534754149519	0.659463286907086	0.982975949819678	9
SFMBT2	-0.251212046374879	0.625775012184643	0.978573777801597	9
SFN	2.45907478498825	0.0249660145422597	0.32471625562457	9
SFPQ	0.399739737773251	0.148157289883564	0.71726787667146	9
SFR1	-0.39305894827927	0.349499939572299	0.899092963457163	9
SFRP1	1.36657421178563	0.0047585558746741	0.132257248881491	9
SFRP2	0.752146295317547	0.510269446513115	0.951538693830295	9
SFRP4	2.56621429554088	0.00484739145754939	0.132905455493897	9
SFRP5	0.881240321273795			9
SFSWAP	-0.159722944342104	0.483800841575266	0.94325508156023	9
SFT2D1	0.125863538252832	0.676471478154444	0.985627824404081	9
SFT2D2	-0.65250803131225	0.025459102900475	0.328211194684639	9
SFTPD	0.340308495454228	0.563039799201886	0.964946561877165	9
SFXN1	0.469432464888748	0.104600000469636	0.628298316800495	9
SFXN2	2.27717073241471	0.00150304945304853	0.072414542861946	9
SFXN3	-0.62735155682515	0.102475160492131	0.622996640866702	9
SFXN4	-0.09963988642414	0.699380366000681	0.989276793964962	9
SFXN5	-0.0966034285817713	0.779621256720038	0.992930756580613	9
SGCA	-2.03852170875569	0.0735941437862718	0.540459281805551	9
SGCB	-0.241765868005662	0.550863324664598	0.961546579712439	9
SGCD	0.0709966995062781	0.909916549624651	0.998639733078915	9
SGCE	-1.17381985008892	0.0395865181832564	0.404945665213478	9
SGF29	-1.1085166999603	0.0205112874188085	0.295094652620889	9
SGIP1	-0.316026932719957	0.706886640664845	0.989276793964962	9
SGK1	2.12046501990956	2.04711161087557e-06	0.00177749496989025	9
SGK2	-0.000658585784253196	0.999265024136197	0.999729730810983	9
SGK3	0.663211040470105			9
SGMS1	0.207571355104414	0.655250410353765	0.982654069775495	9
SGMS2	-0.245109601136648	0.7285259750251	0.991008075540888	9
SGO1	2.88415107870193	0.0300198060570601	0.356494253586697	9
SGO2	0.590321669410682	0.270827655308781	0.849848431125195	9
SGPL1	0.568993777056937	0.154664366259811	0.727862257442023	9
SGPP1	-0.615615936065181			9
SGPP2	2.08110260534686	0.000356950236566672	0.0322365805649762	9
SGSH	0.0601941205691032	0.81353752262814	0.995936140923453	9
SGSM1	-0.317484468242924	0.598849712723608	0.973498192071791	9
SGSM2	-0.410211066329729	0.218099167516462	0.799033281212017	9
SGSM3	-0.121589528544431	0.912027284503796	0.998639733078915	9
SGTA	-0.417407367132504	0.314035579101979	0.879953262711861	9
SGTB	-0.0260712123744805	0.961952749328814	0.998639733078915	9
SH2B1	-0.282504306495015	0.258099485586973	0.841946189336865	9
SH2B2	0.0588480272318494	0.916839155667154	0.998639733078915	9
SH2B3	0.444086153375891	0.365870421394276	0.90239123320911	9
SH2D1A	-0.222463915441407	0.811972020153013	0.995936140923453	9
SH2D1B	0.558127082332122	0.562085309086416	0.964946561877165	9
SH2D2A	-0.360439464188647	0.622275808074213	0.978573777801597	9
SH2D3A	1.60757427273941	0.0292573166294819	0.351945298867849	9
SH2D3C	-0.0788142882833026	0.802806893225792	0.995590233849494	9
SH2D4A	1.85434410644531	0.00119429245395267	0.0627460965784995	9
SH2D4B	1.06521164880786	0.469630392958232	0.939188868595478	9
SH2D5	-2.99615666433754	0.0174649537995933	0.270514357854981	9
SH3BGRL	-0.564745305511739	0.232207256853683	0.808244559806673	9
SH3BGRL2	-0.487535647665379	0.222949441715441	0.804675733687031	9
SH3BGRL3	-1.40525024215987	0.0561127220901214	0.47876216873079	9
SH3BP1	0.292088284786467	0.683620082248353	0.987306006486237	9
SH3BP2	0.146016108750023	0.608483941591699	0.975328830748679	9
SH3BP4	0.626891200136289	0.163298446820332	0.73994607886052	9
SH3BP5	-0.413179138249202	0.659691407307992	0.982975949819678	9
SH3BP5L	0.128660762423146	0.549277519535612	0.961089318650903	9
SH3D19	-0.135433207568575	0.821118681110089	0.99604866814754	9
SH3D21	0.289056016429075	0.596470121035962	0.972773091899058	9
SH3GL1	-0.0232882151225354	0.954279234278779	0.998639733078915	9
SH3GL2	-0.311768575328779	0.784798390394546	0.994052363875907	9
SH3GL3	-3.10406452768438	0.00950952154264739	0.194687999294061	9
SH3GLB1	-0.035955852434857	0.915735331062034	0.998639733078915	9
SH3GLB2	-0.105530750676427	0.777228605193876	0.992930756580613	9
SH3KBP1	0.195957618428313	0.300701952206595	0.874342355309609	9
SH3PXD2A	0.169514551410994	0.632266599001848	0.979380833016394	9
SH3PXD2B	-0.118359807628172	0.776734217669365	0.992930756580613	9
SH3RF1	0.581768386487418	0.0533510672486159	0.471283724510365	9
SH3RF2	3.31015072467629	0.000156443181921656	0.0206068009368092	9
SH3RF3	0.29393641254754	0.403571247027324	0.915238409840383	9
SH3TC1	0.269558368756199	0.448884510982714	0.932585632008735	9
SH3TC2	-0.899612032045212	0.301055004927105	0.874342355309609	9
SH3YL1	0.622230540619483	0.218675820781219	0.799133138747484	9
SHANK1	1.95279909433001	0.00150257872013659	0.072414542861946	9
SHANK2	3.89059574331215	0.00103102433296464	0.0568053198919513	9
SHANK3	-0.85031793316091			9
SHARPIN	-0.601702064685174	0.194255355660261	0.773615413978879	9
SHB	1.00700285304885	0.0785113644012921	0.557971232512023	9
SHBG	-0.819698274210451	0.302861839971389	0.874342355309609	9
SHC1	0.418544569015418	0.194707104875083	0.773848027749352	9
SHC2	-0.330748400596349	0.413632509439348	0.9173121201674	9
SHC3	-0.134853673405184	0.747949973655854	0.991008075540888	9
SHC4	-0.0476605940415489	0.960167854394114	0.998639733078915	9
SHCBP1	2.42413934721299	0.00675672901832093	0.161927689844171	9
SHD	2.24584444822489	0.237945789354025	0.816818092245294	9
SHE	-0.193508478588884	0.772151879410393	0.992930756580613	9
SHF	-0.438747519534793	0.23208594342613	0.808244559806673	9
SHFL	-0.117842528514489	0.745640005098097	0.991008075540888	9
SHH	2.10998915459254	0.139638850225167	0.704077453204919	9
SHISA2	-0.684758498452366	0.547329991685008	0.960668683051641	9
SHISA3	-4.43560426517729	0.000323581941739503	0.0307591883131999	9
SHISA4	-0.932592198877213	0.102739333060715	0.624122008208583	9
SHISA5	-0.215877628432563	0.549571619354221	0.961089318650903	9
SHISA6	-0.477681503503471	0.575068663507238	0.968284112085412	9
SHISA7	1.90376295810125	0.183002314628505	0.75985855590193	9
SHISAL1	-1.16765789714556	0.188978911507671	0.765938627234022	9
SHISAL2A	2.75753711981676	0.0298431609762308	0.35582786685795	9
SHKBP1	-0.450674369829886	0.268007808952313	0.847899415785355	9
SHLD1	-0.248402767044873	0.610399333646214	0.975328830748679	9
SHLD2	0.11833664705016	0.698109137165673	0.989276793964962	9
SHLD3	0.442560835656313	0.647602279094607	0.980691547015745	9
SHMT1	1.79445563037122			9
SHMT2	0.346766272309096	0.27307963372237	0.852324683309623	9
SHOC1	-0.245201206401795	0.737955498005451	0.991008075540888	9
SHOC2	-0.0892183806670488	0.814348601280834	0.995936140923453	9
SHOX2	1.22330651711925	0.136854106309386	0.700497286672099	9
SHPK	0.582814346081118	0.418046540220705	0.919780432363111	9
SHPRH	-0.0498905763067505	0.944460922444798	0.998639733078915	9
SHQ1	0.396582694724316	0.169481259950478	0.747605819334372	9
SHROOM1	-0.346381219851186	0.381780041970628	0.907851207288101	9
SHROOM2	0.86811101029276	0.162627754383469	0.739891423221214	9
SHROOM3	2.55712309130874	0.000303698759151844	0.0294927459463182	9
SHROOM4	0.470025824429966	0.183281358592443	0.760225751021468	9
SHTN1	1.09331780076779	0.118924439829937	0.663320420455733	9
SIAE	0.864435220565502	0.020033487754053	0.290771202298501	9
SIAH1	-0.191511089316343	0.74799482078997	0.991008075540888	9
SIAH2	0.0111106539957422	0.971996478048925	0.998639733078915	9
SIAH3	1.73527758101654	0.0629831647703422	0.502740619482142	9
SIDT1	0.777813159326537	0.208000480303312	0.792178019421267	9
SIDT2	-0.200759996134763	0.375440068549958	0.905673456930873	9
SIGIRR	-0.425765679906491	0.407367421063207	0.915238409840383	9
SIGLEC1	0.838183268622401	0.237136688058236	0.816128387136306	9
SIGLEC10	-0.737552237839059	0.266709266702334	0.847767249375861	9
SIGLEC11	1.68819525908376	0.105805697819758	0.629905788684344	9
SIGLEC12	-0.351814191794181	0.773950266179056	0.992930756580613	9
SIGLEC14	-0.765378243784748	0.494422278763272	0.946281222050183	9
SIGLEC15	1.47484037521525	0.422949364279817	0.922277664097641	9
SIGLEC5	0.158650247477511	0.896633218138353	0.998639733078915	9
SIGLEC6	-1.75590650296217	0.133056584297318	0.692758466302252	9
SIGLEC7	0.167470460937922	0.811495786622535	0.995936140923453	9
SIGLEC8	-1.51533796202546	0.124942329164163	0.676301327756585	9
SIGLEC9	0.382391138532524	0.46976422116181	0.939188868595478	9
SIGMAR1	-0.365351944049431	0.369913034290694	0.90487731015936	9
SIK1	-1.00359776683273	0.38041314504212	0.907021407027033	9
LOC102724428	1.58373018660007	0.0521487811311122	0.468228806737437	9
SIK2	-0.0392783935435236	0.91012736313624	0.998639733078915	9
SIK3	0.0279733645105498	0.922624483855071	0.998639733078915	9
SIKE1	0.294407702643825	0.376039152247744	0.905673456930873	9
SIL1	-0.453551028403456	0.431780695571305	0.925575783811798	9
SIMC1	-0.295626396191523	0.325102008017958	0.886210663038426	9
SIN3A	0.119283664206606	0.698363307938373	0.989276793964962	9
SIN3B	-0.346049220269703	0.110147847430787	0.639359959074262	9
SINHCAF	-0.102796689856693			9
SIPA1	-0.4521670724532	0.300134470232652	0.874342355309609	9
SIPA1L1	0.375076423261148	0.393944304855884	0.913028386500901	9
SIPA1L2	1.21237454639547	0.00563004460769317	0.146054637002037	9
SIPA1L3	0.77687735103415	0.0732292393739181	0.540459281805551	9
SIRPA	-0.330734029799064	0.437032210356047	0.928606946461151	9
SIRPB1	-0.0966361980129795	0.932624784538427	0.998639733078915	9
SIRPB2	-0.334601971117976	0.716335557424945	0.989276793964962	9
SIRPG	-2.11001411229081	0.088844991174733	0.587037114919532	9
SIRT1	-0.117492397254459	0.783465419714014	0.993964186291201	9
SIRT2	-0.77069279809553			9
SIRT3	-0.0324519620325	0.907694442320644	0.998639733078915	9
SIRT4	-0.370567848360506	0.358566071324409	0.900808696207596	9
SIRT5	0.245048131795046	0.476155487757004	0.940744430396661	9
SIRT6	-0.212206693945298	0.616334227281041	0.977025239540628	9
SIRT7	0.0507051891428924	0.90358221309952	0.998639733078915	9
SIT1	-0.562347935559775	0.63327535466393	0.979759546919064	9
SIVA1	-0.290952246482923	0.703707540534147	0.989276793964962	9
SIX1	4.99055239568505	0.111944286701973	0.64449489779145	9
SIX2	-2.81059700118718	0.0247704197282985	0.323285734402666	9
SIX4	2.01778899303924	0.0101656936318774	0.203231818655504	9
SIX5	-0.538438306130802	0.444504667874325	0.932377161200351	9
SKA2	-0.0410196785944627	0.897588123128575	0.998639733078915	9
SKA3	4.17205931876601	1.69528638345519e-05	0.00544002658830043	9
SKAP1	1.11842733867476	0.161263818926548	0.737655789022242	9
SKAP2	0.118140684013372	0.812003189719553	0.995936140923453	9
SKI	-0.232204748813565	0.589733506130958	0.971187979266693	9
SKIDA1	-0.760177869945205	0.289239998211367	0.864162235859182	9
SKIL	0.680728530324041	0.190670371006782	0.768565086409371	9
SKIC2	0.0929252171548088			9
SKOR1	0.0454358024512444	0.9424216013193	0.998639733078915	9
SKP1	-0.377336717483683	0.182920739890062	0.759733551355433	9
SKP2	0.22395198711562	0.684260565524963	0.987733178214049	9
SLA	-0.77898388561155	0.160658629960088	0.736256453536436	9
SLA2	0.00904203761943521	0.990465985441679	0.999458538741689	9
SLAIN1	0.954552151490274	0.362125299407565	0.90143277046037	9
SLAIN2	0.0852041729476458	0.819018818858753	0.995966406600323	9
SLAMF1	-0.56661957336487	0.472059400223369	0.939599353653877	9
SLAMF6	-1.78652809217444	0.01070400674996	0.209551516758832	9
SLAMF7	-0.644639391845099	0.118100891060691	0.660798904424733	9
SLAMF8	-0.530193616358453	0.602133727267621	0.974057468095769	9
SLBP	-0.0122275377566329	0.961298902216357	0.998639733078915	9
SLC10A3	-0.863326772910461	0.0514514337175138	0.464226536127274	9
SLC10A4	0.835035456366339	0.651968046673724	0.981292533915803	9
SLC10A5	0.0766946074966011	0.959162441740237	0.998639733078915	9
SLC10A6	0.252054724853968	0.885842348777244	0.998639733078915	9
SLC10A7	0.231316536444384	0.604107408932041	0.97426949205076	9
SLC11A1	0.614011914896275	0.446560456076974	0.932585632008735	9
SLC11A2	0.613223453927022	0.102264367578029	0.622547672320259	9
SLC12A2	0.0768778055588834	0.830878382448778	0.99746225363255	9
SLC12A4	-0.341182399609168	0.308839056710063	0.877235807280418	9
SLC12A5	0.872374535569944	0.526349090675735	0.957181092455899	9
SLC12A6	-0.172882686850891	0.752020600285204	0.991008075540888	9
SLC12A7	0.537702174361844			9
SLC12A8	1.12303047107841	0.0757050822122681	0.545965214412317	9
SLC12A9	-0.201755293724404	0.547364656821035	0.960668683051641	9
SLC13A3	0.679138985232785	0.0973073654145192	0.610694736770288	9
SLC13A4	-0.530274101331917	0.339561628386172	0.896524077278898	9
SLC13A5	0.579410768626278	0.658356790480087	0.982975949819678	9
SLC14A1	0.266208357320686	0.740431242924097	0.991008075540888	9
SLC15A1	2.64418954946903	0.0430337120168402	0.420740900093562	9
SLC15A2	2.38841429296168	0.0047115105113657	0.132257248881491	9
SLC15A3	-0.622161770894018	0.209631808678866	0.793888952327014	9
SLC15A4	-0.395557956624414	0.170822420415693	0.748889143972689	9
SLC16A1	-1.87115156680777			9
SLC16A10	0.456461660395682	0.795444774927415	0.994714385280344	9
SLC16A11	-1.21431119446069	0.0939608350615562	0.600340842158973	9
SLC16A12	3.17421047872611	0.000603815248746941	0.0432665868289009	9
SLC16A13	0.34422133974374	0.576882356594541	0.968424936391677	9
SLC16A14	0.478284703059607	0.302864364657975	0.874342355309609	9
SLC16A2	0.0405963213408597	0.889888731119732	0.998639733078915	9
SLC16A3	0.194758975823763	0.729697203334105	0.991008075540888	9
SLC16A4	0.0609799801865945	0.893058868135616	0.998639733078915	9
SLC16A5	-0.147150706461081	0.679070288559591	0.986817416491918	9
SLC16A6	1.21899469828014	0.180907104004106	0.758627773353584	9
SLC16A7	-0.396777687405263	0.499339576440921	0.948738767903776	9
SLC16A8	-0.0434016600730894	0.94706496109738	0.998639733078915	9
SLC16A9	0.627852304981703	0.0223149231281066	0.308129635448065	9
SLC17A5	0.567394333344468	0.320190393905114	0.884742116921954	9
SLC17A7	-0.612903518039136	0.548681603132248	0.961089318650903	9
SLC17A8	2.94725383701177	0.238860388934294	0.818815188355578	9
SLC17A9	0.48815750253062	0.53944747354553	0.958979719874913	9
SLC18A2	0.555415426140283	0.446264190945903	0.932585632008735	9
SLC18B1	1.11396058930558	0.0404990733045682	0.409456726745706	9
SLC19A1	0.309395053038435	0.63506384930968	0.980691547015745	9
SLC19A2	-0.230627472642771	0.656773629898368	0.982830043687126	9
SLC19A3	-2.20248857007025	0.112747834390288	0.645363401857339	9
SLC1A1	1.3057131204316	0.0323653218489201	0.368609723046395	9
SLC1A2	0.734217659834205	0.345788164074261	0.899092963457163	9
SLC1A3	0.149148527208612	0.869825598735534	0.998639733078915	9
SLC1A4	0.962480040837445	0.0930565374218922	0.598000674307597	9
SLC1A5	0.146770727474302	0.757840580355735	0.991890138420883	9
SLC1A6	0.0436835601525645	0.973783521596768	0.998639733078915	9
SLC1A7	-1.2344633631008	0.053199998638268	0.471283724510365	9
SLC20A1	0.5251127563883	0.0676333411603258	0.519966535868526	9
SLC20A2	-0.147391205563386	0.678631014623695	0.98672896048664	9
SLC22A1	-0.617369229905652	0.509684244075835	0.951538693830295	9
SLC22A11	0.503439486199864	0.746761800960066	0.991008075540888	9
SLC22A15	1.48804196491754	0.0017337968230384	0.0781295383847917	9
SLC22A16	1.35812444849923	0.126135759497174	0.679443938788914	9
SLC22A17	-0.748780377637041	0.0302102012083258	0.357031849508484	9
SLC67A1	0.644176798441412			9
SLC22A2	3.19052816894352	0.176614963595123	0.751250158017082	9
SLC22A23	-0.0448169472028492	0.923874261322747	0.998639733078915	9
SLC22A3	0.178731500252507	0.784938099232822	0.994052363875907	9
SLC22A4	1.76046255369974	0.00332980319080937	0.10966823841068	9
SLC22A5	1.07913275702417	0.0373495538078941	0.396345624556668	9
SLC23A1	1.38389436918755	0.00944063405434895	0.193815298019812	9
SLC23A2	-0.119116103679597	0.747398860559288	0.991008075540888	9
SLC23A3	-0.601296164143234	0.438536446931321	0.928941789266548	9
SLC24A1	0.397579454056797	0.346278349848376	0.899092963457163	9
SLC24A2	-2.00254969019691	0.137620676275812	0.701214636695636	9
SLC24A3	-0.195032889013359	0.757065399521365	0.991890138420883	9
SLC24A4	0.574697852012863	0.454631531218014	0.934328774803787	9
SLC25A1	-0.248393805809232	0.662045885317058	0.983171338937342	9
SLC25A10	1.13467334535234	0.232217680247958	0.808244559806673	9
SLC25A11	-0.301200661642823	0.44461635643008	0.932377161200351	9
SLC25A12	-0.138440708145685	0.752800894825437	0.991008075540888	9
SLC25A13	0.236254096780738	0.470444292835494	0.939528895871055	9
SLC25A14	-0.407515821383826	0.273851119624504	0.852809362189304	9
SLC25A15	1.4436883412623	0.0254524997041802	0.328211194684639	9
SLC25A16	-0.238493342735154	0.406390077171351	0.915238409840383	9
SLC25A17	-0.672853943871348	0.0404669886964055	0.409456726745706	9
SLC25A18	-0.0982498681606528	0.878601563167626	0.998639733078915	9
SLC25A19	0.233515656920288	0.417400327074801	0.919780432363111	9
SLC25A20	0.19597671152549	0.632197465518884	0.979380833016394	9
SLC25A21	-0.0715780600024023	0.936872959146056	0.998639733078915	9
SLC25A22	0.604801881624131	0.164856592690506	0.741226976760448	9
SLC25A23	-0.425912912837831	0.318940251058233	0.883663896048061	9
SLC25A24	-0.311618855585502			9
SLC25A25	1.35825080775841	0.0319502969117588	0.365879234068636	9
SLC25A26	-0.240221286577288			9
SLC25A27	-0.42364854666667	0.424501822857639	0.922702312943838	9
SLC25A28	-0.632558021560878	0.111972419025057	0.64449489779145	9
SLC25A29	0.476109682410381	0.317125881960327	0.882121038171662	9
SLC25A3	-0.208706962684064	0.478836827284987	0.941072442992838	9
SLC25A30	-0.178530393064737	0.533820349009798	0.95784961223136	9
SLC25A32	0.132510703615981	0.886009936728728	0.998639733078915	9
SLC25A33	0.313648100763917	0.384227066800505	0.910507103051549	9
SLC25A34	-1.1055700821061	0.00111451757028514	0.0598232503817415	9
SLC25A35	0.956067850249826	0.137420147361308	0.701162949313771	9
SLC25A36	0.072890666397848	0.860842055240955	0.998639733078915	9
SLC25A37	-0.152915951047159	0.691463160277015	0.989171265391501	9
SLC25A38	-0.0391184074010604	0.864097217858821	0.998639733078915	9
SLC25A39	0.188027775334027	0.646989222354993	0.980691547015745	9
SLC25A4	-0.0995395935949729	0.855381547689776	0.998639733078915	9
SLC25A40	0.0749632565227399	0.858358289206325	0.998639733078915	9
SLC25A41	0.628797104058052	0.483353866457225	0.942995405287983	9
SLC25A42	-0.424188616641444	0.0700288855161438	0.529173808342532	9
SLC25A43	0.135879276282637	0.698106773633419	0.989276793964962	9
SLC25A44	0.300297994942182	0.384826247987428	0.910863010956818	9
SLC25A45	-0.161947087181687	0.759974445541592	0.991955190535962	9
SLC25A46	-0.234953772492901	0.556291768527938	0.963483323314004	9
SLC25A5	0.00935416967792721	0.977907987128212	0.998639733078915	9
SLC25A51	0.0705873522110431	0.878850660417131	0.998639733078915	9
SLC25A53	0.276197634094282	0.484982979490402	0.943768865380848	9
SLC25A6	-0.443661589866577			9
SLC26A1	0.504570440893854	0.357750502221176	0.900808625706077	9
SLC26A11	-0.0355784276766117	0.888116706911881	0.998639733078915	9
SLC26A2	1.01634298538407	0.064549263171527	0.508166225959952	9
SLC26A4	0.176498672408239	0.752721156212355	0.991008075540888	9
SLC26A5	-0.375467721194786	0.80478271913281	0.995590233849494	9
SLC26A6	-0.126013916049755	0.777136141650474	0.992930756580613	9
SLC26A7	3.06103995984497	0.0061804320496449	0.154562405819002	9
SLC26A8	-0.317122563839576	0.76821402364043	0.992930756580613	9
SLC27A1	-0.313675064840879	0.406617262540031	0.915238409840383	9
SLC27A2	2.50862984608841	0.0438432792430687	0.424565051674028	9
SLC27A3	-1.88079505175818			9
SLC27A4	-0.315021687076213	0.507607648009628	0.951538693830295	9
SLC27A5	-0.427404147458511	0.607228133465524	0.974885729870166	9
SLC27A6	3.36967008170939	0.00544307102446311	0.143954356746027	9
SLC28A1	1.59566430514868	0.185555927732033	0.763792369190164	9
SLC28A2	3.21853102959351	0.0156868741386038	0.2530644253114	9
SLC28A3	0.907712655447631	0.420786529315433	0.920864337913285	9
SLC29A1	0.466140397204178	0.351086812869608	0.899092963457163	9
SLC29A2	0.479896197286539	0.490004426508317	0.944931536265188	9
SLC29A3	-0.297602637167559	0.23151167981393	0.808244559806673	9
SLC29A4	-0.223948288878616	0.689427894022	0.989171265391501	9
SLC2A1	0.615728531856293	0.308208420532114	0.876582754426691	9
SLC2A10	0.338903156609881	0.412910793760692	0.91719471148147	9
SLC2A11	2.09420996861097			9
SLC2A12	-1.25153893966793	0.159062528522409	0.73326994662795	9
SLC2A13	-0.581183063618315	0.329585923992037	0.888350005952175	9
SLC2A14	0.239498060551032	0.892151704580188	0.998639733078915	9
SLC2A3	2.80963910514495	0.000570855043033736	0.0425163385236661	9
SLC2A4	-2.66697094029756			9
SLC2A4RG	-0.3952819844356	0.46245069753883	0.937927280347714	9
SLC2A5	-0.70447106165027	0.270982207762176	0.849972029064486	9
SLC2A6	-0.0862081864103715			9
SLC2A8	-1.23032698194851	0.0700439631860015	0.529173808342532	9
SLC2A9	0.173601497435533	0.737156883669017	0.991008075540888	9
SLC30A1	1.79408466833291	0.00620930198839295	0.154562405819002	9
SLC30A2	0.565909643025467			9
SLC30A4	0.24134266400196	0.392751625519818	0.912945341948813	9
SLC30A5	0.0598111642068133	0.802172767259439	0.995590233849494	9
SLC30A6	0.34642403969501	0.23998494965542	0.821525473530533	9
SLC30A7	-0.0979095771975602			9
SLC30A9	0.177855764233386	0.472935495954878	0.939822409233973	9
SLC31A1	0.709170223248586	0.0961330692252104	0.607717445324767	9
SLC33A1	0.580903137960914	0.0519285870295604	0.467388947038622	9
SLC34A2	3.340741864075	0.0342409022525686	0.377186535932959	9
SLC34A3	0.28549454985983	0.789517258592078	0.994052363875907	9
SLC35A1	-0.0885025139195073	0.853069350614131	0.998639733078915	9
SLC35A2	0.475979157596624	0.220766878074867	0.801618778727869	9
SLC35A3	0.438278681467226	0.278684199191716	0.858073193290024	9
SLC35A4	-0.178560023658822	0.646870635707622	0.980691547015745	9
SLC35A5	-0.152050514916025	0.540943014180401	0.958992746552915	9
SLC35B1	0.103133399961007	0.789919089591486	0.994052363875907	9
SLC35B2	0.325519724510295	0.334676771070402	0.892969331445685	9
SLC35B3	0.0504736008675981	0.872376965718295	0.998639733078915	9
SLC35B4	0.0903586777722478	0.727860272865373	0.991008075540888	9
SLC35C1	0.0817602465872269	0.835137155622911	0.998369795570889	9
SLC35H1	-0.0824930259830318	0.727759598371795	0.991008075540888	9
SLC35D1	0.305298216115906	0.447048289486305	0.932585632008735	9
SLC35D2	0.181812233965587	0.80202994066706	0.995590233849494	9
SLC35E1	0.259646582267658	0.482534782611898	0.94271760619919	9
SLC35E2B	-0.0638777039218055	0.893520356664834	0.998639733078915	9
SLC35E3	0.104179843071109	0.742638991456603	0.991008075540888	9
SLC35E4	-0.31641498515663	0.581800145374862	0.970136291936471	9
SLC35F1	-1.67413128652834	0.0172475409825539	0.268555857007888	9
SLC35F2	1.24097560408636	0.00838312088972911	0.181176057764702	9
SLC35F3	-0.876207283730338	0.220804971634319	0.801618778727869	9
SLC35F4	-1.1807648230599	0.251391491677428	0.838097512370475	9
SLC35F5	-0.00523901591487257	0.985978588819184	0.999458538741689	9
SLC35F6	-0.00678036705113266	0.986302630361569	0.999458538741689	9
SLC35G1	0.0237726313739164	0.961574517337773	0.998639733078915	9
SLC35G2	0.127765712749029	0.794674790311536	0.994714385280344	9
SLC36A1	0.643721542007311	0.0529075885349598	0.471283724510365	9
SLC36A4	-0.623554378725756	0.307787468218294	0.876567782822737	9
SLC37A1	0.50895443272536	0.16462981862739	0.741226976760448	9
SLC37A2	0.722381550495299	0.169999218055581	0.747758383259838	9
SLC37A3	-0.364977643356711	0.143256520688365	0.711501250660784	9
SLC37A4	0.453534282748287			9
SLC38A1	-0.728114489450672	0.315320855078921	0.880630245192925	9
SLC38A10	0.232512626551844	0.4761876059757	0.940744430396661	9
SLC38A11	-0.319173794421473	0.583726350882912	0.971006418732942	9
SLC38A2	-0.209303009933594	0.64568001672871	0.980691547015745	9
SLC38A3	-0.408553209775603	0.649612876393562	0.980939644555144	9
SLC38A4	-0.406660742687312	0.724640945682416	0.990984782893948	9
SLC38A5	1.20891733408711	0.0718484521078392	0.535093340849553	9
SLC38A6	-0.554615194051343	0.287216036210205	0.862232237237917	9
SLC38A7	0.0478022562523738	0.862980688932471	0.998639733078915	9
SLC38A9	-0.0779381458421752	0.773488407432252	0.992930756580613	9
SLC39A1	0.0288048819708773	0.980047769149027	0.998639733078915	9
SLC39A10	0.623666387083017	0.168878956362677	0.746130582121962	9
SLC39A11	1.34022165630401	0.00150363719812724	0.072414542861946	9
SLC39A13	-0.8619871339966	0.100747340726937	0.618639435046888	9
SLC39A14	0.269762590203856	0.53772552383348	0.958874238572112	9
SLC39A3	-0.40943801153512	0.425932057686014	0.923242529682058	9
SLC39A4	1.68598910175892			9
SLC39A5	0.76393578626655	0.459375968183852	0.937429300377919	9
SLC39A6	1.38662779695444	0.0196288903759681	0.286362374740045	9
SLC39A7	-0.439960382398678			9
SLC39A8	1.65345448527064	0.000590464697334297	0.0425163385236661	9
SLC39A9	0.425735209070557	0.181924799521968	0.759038576668581	9
SLC3A1	1.93250228347894	0.132513520093007	0.692155721901229	9
SLC3A2	-0.723176340620526	0.0271757116064374	0.340526892209357	9
SLC40A1	0.00541297714568117	0.991801924481636	0.999620666732609	9
SLC41A1	0.143120578085836	0.758711413875126	0.991955190535962	9
SLC41A2	1.05565291343527	0.0167058093103432	0.264870516895786	9
SLC41A3	-0.184702714077724	0.404723262146487	0.915238409840383	9
SLC43A1	0.285242559469351	0.488670986110278	0.944931536265188	9
SLC43A2	-0.0857633308882342			9
SLC43A3	0.0782726133879737	0.892672744205666	0.998639733078915	9
SLC44A1	0.336360535139413	0.23011395341599	0.808244559806673	9
SLC44A2	0.0140779772916728	0.96284631621796	0.998639733078915	9
SLC44A3	0.907137124151083	0.201240283668893	0.785225436752981	9
SLC44A4	3.02173329053016			9
SLC44A5	-0.139823947974012	0.902293860773602	0.998639733078915	9
SLC45A1	-0.411418244071244	0.461091697959065	0.937747940696302	9
SLC45A3	-0.483474145797385	0.176384003989584	0.751250158017082	9
SLC45A4	0.519337989857758	0.231241444082574	0.808244559806673	9
SLC46A1	0.611690458509591	0.159191469083106	0.733340525307716	9
SLC46A2	2.17165975434755	0.0850094953284134	0.578804452466047	9
SLC46A3	-1.13677936906942	0.0114203672578032	0.215423851304448	9
SLC47A1	1.00964319823125	0.186275899747176	0.765050614509348	9
SLC47A2	1.06632757664903	0.283924469731086	0.8612268238133	9
SLC48A1	-0.62542900587112	0.0492863330898452	0.452963966695048	9
SLC49A3	0.153803285315863	0.694500852987604	0.989228093394875	9
SLC49A4	0.354170184458953	0.263457118635731	0.845817122052239	9
SLC4A11	0.50902007015673	0.484533290847487	0.943726621213358	9
SLC4A1AP	-0.0966546971001919	0.687010343601678	0.989171265391501	9
SLC4A2	-0.486727862361173	0.344999982052809	0.899092963457163	9
SLC4A3	-1.54955182723875	0.0136583283425112	0.235858483311362	9
SLC4A4	-0.235991209011871	0.683523337604419	0.987306006486237	9
SLC4A5	-0.258975242551466	0.711357613518004	0.989276793964962	9
SLC4A7	-0.061557590854665	0.904312507330499	0.998639733078915	9
SLC4A8	1.3080306284952	0.0674473319525497	0.519347974413973	9
SLC50A1	-0.315228771861567	0.546744484406918	0.960668683051641	9
SLC51A	-0.343734248047784	0.676794763428764	0.98596870237583	9
SLC51B	-0.124201320949541	0.813975687941954	0.995936140923453	9
SLC52A1	1.273717734802	0.072878175501623	0.539495861875355	9
SLC52A2	0.169329646932628			9
SLC52A3	2.34695733833522	0.0033324181522329	0.10966823841068	9
SLC5A1	3.41950036968204	0.0584610969740333	0.486988855775229	9
SLC5A10	0.709181694078514	0.426763731791075	0.923608338376662	9
SLC5A2	1.00198664036199	0.229808625353014	0.808244559806673	9
SLC5A3	1.41285788586069	0.0242540981034795	0.32022785519272	9
SLC5A4	0.0293016743313345	0.973690580843637	0.998639733078915	9
SLC5A5	1.44023356031929	0.516249668098723	0.953680371468858	9
SLC5A6	-0.350238493156752	0.278586594662687	0.858073193290024	9
SLC5A7	-2.16547701464254	0.302155550499755	0.874342355309609	9
SLC5A9	0.15329606904998	0.779239361838099	0.992930756580613	9
SLC66A1	-0.549112146403782	0.140844944607921	0.707387624143422	9
SLC66A2	0.0256157926740179	0.960248012176609	0.998639733078915	9
SLC66A3	-0.280214074278928	0.413421598645564	0.91719471148147	9
SLC6A1	-0.52340754278352	0.347602325503284	0.899092963457163	9
SLC6A11	5.40738910466649	0.0138270256173304	0.237326424578389	9
SLC6A12	-1.69892748180755	0.0246079759549942	0.322591770045887	9
SLC6A14	2.17400751947747			9
SLC6A15	-3.08757565424908	0.0379666293020842	0.398879299023534	9
SLC6A16	0.171017479783422	0.645653472217487	0.980691547015745	9
SLC6A2	-1.4721520275977	0.105090840150141	0.62833175561381	9
SLC6A20	-1.81489890843543	0.0190233811126403	0.282715060333515	9
SLC6A4	0.870777850576028	0.313941407268476	0.879953262711861	9
SLC6A6	-0.0667179816998814	0.917960805639976	0.998639733078915	9
SLC6A8	0.0963702050765065	0.828506310443045	0.99746225363255	9
SLC6A9	0.0223618678391851	0.951786988036894	0.998639733078915	9
SLC7A1	1.05842472384429	0.011931124822797	0.220695906653267	9
SLC7A11	2.88496541158987	0.00599055803262254	0.151876558925215	9
SLC7A2	0.111287801607777	0.739297453957914	0.991008075540888	9
SLC7A3	0.0879681668185422	0.922627223837043	0.998639733078915	9
SLC7A4	2.63808563013766	0.00173573360368062	0.0781295383847917	9
SLC7A5	1.41816794766678	0.0045430592222731	0.130467115136135	9
SLC7A6	0.594735809365657	0.220265585554828	0.801612502064797	9
SLC7A6OS	-0.288439584350323	0.474255641680748	0.939899973963271	9
SLC7A7	-0.256184765510523	0.604784998012406	0.97426949205076	9
SLC7A8	-0.718588210872667	0.152985060440311	0.724086010296911	9
SLC7A9	-0.135594740191016	0.81227628963887	0.995936140923453	9
SLC8A1	0.00111244121605842	0.998637166099624	0.999620666732609	9
SLC8A2	-0.433249403135696	0.704994656911264	0.989276793964962	9
SLC8A3	-0.762612185078846	0.493382790797279	0.945530063911015	9
SLC8B1	-0.47523638311511	0.19915295350212	0.780997970767379	9
SLC9A1	-0.374075773524504	0.370527959107646	0.905071602609146	9
SLC9A2	2.8117653884927	0.0875472201519425	0.584737575237881	9
SLC9A3	0.797072121451554	0.307290108214042	0.876432473153517	9
NHERF1	2.66381718919569	0.000271347081618972	0.0275123342037602	9
NHERF2	-0.563772176454586	0.25288203336245	0.838462877724287	9
SLC9A4	2.51365887176613	0.304357404607432	0.875053234265414	9
SLC9A5	-0.185570672627991	0.636158150384818	0.980691547015745	9
SLC9A6	0.102262254872915	0.764141451228526	0.992930756580613	9
SLC9A7	-0.559113012699355	0.285480851495053	0.8612268238133	9
SLC9A8	0.235218401757021	0.328079329578808	0.887903506431062	9
SLC9A9	0.103624925533648	0.874364809765977	0.998639733078915	9
SLC9B1	0.146396301288413	0.865835332108664	0.998639733078915	9
SLC9B2	-0.217530199387725	0.511747518890561	0.951538693830295	9
SLC9C2	1.3843434818506	0.420164504487095	0.920458333442268	9
SLCO1C1	0.0338702488087847	0.977563826571613	0.998639733078915	9
SLCO2A1	-0.00143371873770846	0.998517423016925	0.999620666732609	9
SLCO2B1	-0.195999198600566	0.753410515799732	0.991008075540888	9
SLCO3A1	-0.34707320413684	0.390984681050246	0.912807186165296	9
SLCO4A1	-0.865495241513247	0.179454514665073	0.756182847698881	9
SLCO5A1	0.689692519017565	0.417719124998766	0.919780432363111	9
SLF1	0.318967805273648	0.346432987608828	0.899092963457163	9
SLF2	-0.468545947875134	0.071310349646411	0.532983595384293	9
SLFN11	0.68454349774302	0.00423542894591481	0.125540495322588	9
SLFN12	1.09569314910734	0.0305751375048828	0.36076707011157	9
SLFN13	1.91386220195435	2.55449263065096e-06	0.00198457188005467	9
SLFN5	1.20721689095291	0.00894085748847684	0.187999996278357	9
SLFNL1	0.0791289847680895	0.911760488988769	0.998639733078915	9
SLIRP	-0.194841238560156	0.70368002569324	0.989276793964962	9
SLIT1	-0.0223580984631337	0.977077388448944	0.998639733078915	9
SLIT2	0.493403859992053	0.555166143198679	0.963241055670563	9
SLIT3	-0.446696134978098	0.536540978925788	0.95784961223136	9
SLITRK2	-0.244832966065866	0.831195854045481	0.99746225363255	9
SLITRK3	0.973189787322622	0.538319827282558	0.958979719874913	9
SLITRK4	-0.500376694828505	0.568292339989577	0.965867959768124	9
SLITRK5	3.38021841412814	0.0197748430283423	0.288024183785708	9
SLITRK6	5.646029287346	2.39080418355069e-05	0.00619134395673538	9
SLK	0.0287511512790772	0.955860038237845	0.998639733078915	9
SLMAP	0.0923175078292086	0.906545688234141	0.998639733078915	9
SLPI	3.02175971817119	0.0693101195978122	0.528507226509239	9
SLTM	0.208331404235097	0.610143274299603	0.975328830748679	9
SLU7	-0.287186143100357	0.408247310198251	0.915271886809331	9
SLX4	-0.157361970527787	0.644748938986671	0.980691547015745	9
SLX4IP	0.830480189383066	0.0663505866918351	0.515962311541468	9
SMAD1	-0.15726223666624	0.661215071873597	0.983171338937342	9
SMAD2	0.176006464566283	0.450359426189454	0.932585632008735	9
SMAD3	-0.109966563841289	0.683532723097103	0.987306006486237	9
SMAD4	-0.032491442770278	0.907608088157304	0.998639733078915	9
SMAD5	-0.0819793530738305	0.822388422592031	0.996520155212172	9
SMAD6	0.912390115406749	0.000181760317385733	0.0219915085650066	9
SMAD7	1.17162911837701	0.00802347064539588	0.177585094488468	9
SMAD9	1.24188878915067	0.0668704135052002	0.517605754457399	9
SMAGP	0.241770810666526	0.562936361148806	0.964946561877165	9
SMAP1	0.197273379743693	0.732745717914514	0.991008075540888	9
SMAP2	-0.183978547924239	0.62961657963412	0.979219295330233	9
SMARCA1	-0.416086969233393	0.353978622599817	0.899715225734967	9
SMARCA2	-0.233553893589367	0.601541619390201	0.974057468095769	9
SMARCA4	0.344133848965612	0.256003591921396	0.840547211401925	9
SMARCA5	-0.024006837592104	0.94169630489059	0.998639733078915	9
SMARCAD1	0.258058714813334	0.564586918622118	0.965041713262426	9
SMARCAL1	-0.0199176253594574	0.9298905167183	0.998639733078915	9
SMARCB1	0.490615886200294			9
SMARCC1	0.666276024351943	0.101044794775722	0.61914579314422	9
SMARCC2	-0.265335290630028	0.517152405344806	0.953680371468858	9
SMARCD1	0.26706333762297	0.296362060356526	0.870394025651151	9
SMARCD2	-0.168168837838115	0.634066239078169	0.980355269197952	9
SMARCD3	-0.397521802811439	0.344465305253944	0.899092963457163	9
SMARCE1	-0.210406912587305	0.757732148877544	0.991890138420883	9
SMC1A	0.186259488462419	0.59637723721522	0.972773091899058	9
SMC1B	0.809813707547831	0.354680773562209	0.899715225734967	9
SMC2	0.0457816462374502	0.900483399209781	0.998639733078915	9
SMC3	-0.220773916341547	0.677975612017812	0.98672896048664	9
SMC4	0.922401533339747	0.0488266144263214	0.451302226391315	9
SMC5	-0.290123008827319	0.504149130339783	0.950235161286546	9
SMC6	0.0624414552806319	0.904816559111087	0.998639733078915	9
SMCHD1	-0.0804856068979576	0.860782946890507	0.998639733078915	9
SMCO3	-0.303829987724045	0.822802726871877	0.996749368186769	9
SMCO4	-0.705211094345667	0.17022214702305	0.747758383259838	9
SMCR8	-0.931230805292627			9
SMDT1	-0.51750810045617			9
SMG1	-0.0240778860436846	0.943891423008173	0.998639733078915	9
SMG5	-0.11108932451899	0.71665025337201	0.989276793964962	9
SMG6	0.0477466831413406	0.922592351685808	0.998639733078915	9
SMG7	0.384954885378735	0.211378053027833	0.794171927467666	9
SMG8	-0.0301520304958071	0.95796147680196	0.998639733078915	9
SMG9	-0.248706469858991	0.512150012015974	0.951557903286306	9
SMIM1	-0.0366589579477463	0.963320260930289	0.998639733078915	9
SMIM10	-0.202686344030147	0.652695762373502	0.981436950613188	9
SMIM10L1	-0.22332265621653			9
SMIM10L2A	-0.112868445769473	0.817118386369819	0.995966406600323	9
SMIM10L2B	-0.378531945914713	0.412885523969962	0.91719471148147	9
SMIM11	-0.940437224940001	0.464941389244387	0.938594070929486	9
LOC102723553	-0.246619426759663	0.803145883749991	0.995590233849494	9
SMIM12	0.188833556865567	0.62204644094176	0.978573777801597	9
SMIM13	-0.052613225631274	0.896646306776993	0.998639733078915	9
SMIM14	0.130317052079245	0.702814828634536	0.989276793964962	9
SMIM15	0.166367151224426	0.699094258734561	0.989276793964962	9
SMIM17	-0.397595939255774			9
SMIM19	-0.23042895173153	0.567239548837459	0.965197510973307	9
SMIM20	-0.166192807829853	0.563174217910154	0.964946561877165	9
SMIM22	1.78600770364371	0.263952914076004	0.84593551057786	9
SMIM24	1.72786541283093	0.251041911960912	0.838097512370475	9
SMIM26	-0.237947571392732	0.729052912439234	0.991008075540888	9
SMIM27	0.346031293327046	0.650038222329069	0.981206074220205	9
SMIM29	-0.664146761981435	0.147112848746891	0.71554489855417	9
SMIM3	-1.53419634900753	9.4058805500805e-07	0.00121768180780522	9
SMIM30	0.0825968251986604	0.85138639472125	0.998639733078915	9
SMIM31	5.03875539775714	0.0102052135569307	0.203231818655504	9
SMIM38	-0.0971391426996991	0.912243046103791	0.998639733078915	9
UQCC5	-0.662636091235101	0.362540251421336	0.901490654874543	9
SMIM5	-0.189235377772569	0.759575593639043	0.991955190535962	9
ERLN	3.55382615722751	0.0185328412501377	0.2785776677121	9
SMIM7	-0.158062280310892	0.695202527299066	0.989276793964962	9
SMIM8	-0.0798565376341606	0.855089193890279	0.998639733078915	9
SMKR1	2.19850277749696	0.139403698809945	0.703697975960702	9
SMN1	0.0286529711482046			9
SMNDC1	-0.0255922445776137	0.934496027453275	0.998639733078915	9
SMO	0.275794696938732	0.562725436142317	0.964946561877165	9
SMOC1	-1.31063915854417	0.199940483155759	0.782573502622577	9
SMOC2	-2.06332901232167	0.000368196926381098	0.0325446397024634	9
SMOX	-0.556291939877645	0.293917242686338	0.869964391275926	9
SMPD1	-0.595668489616087	0.227585654479837	0.808244559806673	9
SMPD2	0.167241201391166	0.717886401976749	0.989276793964962	9
SMPD3	1.37885332450651	0.198544406946645	0.780997970767379	9
SMPD4	0.0729516784650348	0.756635473466066	0.991890138420883	9
SMPDL3A	-0.395001132886814	0.533830320375517	0.95784961223136	9
SMPDL3B	2.17160566573431	0.0966317689198464	0.608961949795781	9
SMPX	-1.42630998456429	0.408609760413075	0.915271886809331	9
SMS	-0.49216083453184	0.164975384930198	0.741331739465429	9
SMTN	-0.725719115602494	0.375536933516471	0.905673456930873	9
SMTNL1	-0.974717411178263	0.171274281463805	0.749226042299155	9
SMTNL2	0.635836657779683	0.14680523626224	0.715284258097955	9
SMU1	-0.126454659241455	0.446102478017246	0.932585632008735	9
SMUG1	0.207876675851075	0.619193789465193	0.977949874416405	9
SMURF1	0.179375465231723	0.620134596280362	0.978462381331176	9
SMURF2	0.0344347242232621	0.923592834836675	0.998639733078915	9
SMYD2	1.4992792087909	0.00647066662130508	0.158580190323799	9
SMYD3	0.478046526699097	0.303799533310926	0.875053234265414	9
SMYD4	-0.318580141142473	0.446565715698301	0.932585632008735	9
SMYD5	-0.641428743156399	0.0886813681861924	0.586984083424703	9
SNAI1	2.44034702733917	0.000249609899664946	0.0261419755473383	9
SNAI2	-1.26382639916933	0.0103184465128293	0.204718533569722	9
SNAI3	0.118341944388092	0.889426678188728	0.998639733078915	9
SNAP23	-0.316676330994452	0.664938610305786	0.983884316666505	9
SNAP25	-0.85907804407887	0.165595286636598	0.742393060123421	9
SNAP29	0.0270497391074146	0.942010739669356	0.998639733078915	9
SNAP47	-0.530271052335742	0.0316093183803729	0.364721300975235	9
SNAP91	0.895680923976075	0.251525776017967	0.838097512370475	9
SNAPC1	0.348315440976719	0.400395462370951	0.914774925977681	9
SNAPC2	-1.23557588947713	0.0287967130671588	0.348988736932948	9
SNAPC3	0.0328841835874258	0.91197744266835	0.998639733078915	9
SNAPC4	0.00181856445720962	0.995146952852622	0.999620666732609	9
SNAPC5	-0.449268452887058	0.187709258064606	0.765131445762577	9
SNAPIN	-0.223895350399149	0.340460981506043	0.897013915753078	9
SNCA	-0.607306742308455	0.32322130255683	0.885547974781809	9
SNCAIP	-0.745021353941559	0.190332151875319	0.767953272522486	9
SNCG	-2.20104316617162	0.0139271005411454	0.238367163885275	9
SND1	0.207897823132722	0.534678201152212	0.95784961223136	9
SNED1	-0.279434720510578	0.546587002363362	0.960668683051641	9
SNF8	-0.218063577191536	0.657134107670776	0.982970871841135	9
SNIP1	-0.0943674665779503	0.741973586337057	0.991008075540888	9
SNN	0.058721753647587	0.890258622316716	0.998639733078915	9
SNORC	-0.11504727831969	0.868254648576296	0.998639733078915	9
SNPH	-0.365647253983147	0.50491591321211	0.950760358225867	9
SNRK	-0.349159927478013	0.245630500446043	0.830071386695066	9
SNRNP200	-0.00707135351536105	0.979496117993553	0.998639733078915	9
SNRNP25	-0.0646602030588157	0.903064845625237	0.998639733078915	9
SNRNP27	0.248811915333503	0.340489734432931	0.897013915753078	9
SNRNP35	-0.176519226905378	0.619814293175168	0.978191699654598	9
SNRNP40	0.00508328982416066	0.987287389985211	0.999458538741689	9
SNRNP48	-0.151827113606901	0.681990262570217	0.987306006486237	9
SNRNP70	-0.219432137754802	0.53939032678781	0.958979719874913	9
SNRPA	-0.59915628862166	0.282424430973971	0.8612268238133	9
SNRPA1	-0.104904062557674	0.757720941389099	0.991890138420883	9
SNRPB	-0.355269338533957	0.450227710799495	0.932585632008735	9
SNRPB2	-0.0479151360769016	0.881549762687449	0.998639733078915	9
SNRPC	0.0264996918769585	0.932949287986948	0.998639733078915	9
SNRPD1	-0.000627453695425407	0.998759795203709	0.999620666732609	9
SNRPD2	-0.363727744513999	0.442284332466097	0.930767263873637	9
SNRPD3	-0.137974977326055	0.80643053255907	0.995590233849494	9
SNRPE	0.107968118231297	0.767558757840714	0.992930756580613	9
SNRPF	-0.0503542699133889	0.926048655751721	0.998639733078915	9
SNRPG	-0.107230457740482	0.805690178904194	0.995590233849494	9
SNRPN	0.11636616536404	0.843570852533472	0.998639733078915	9
SNTA1	-0.801462546733691	0.104799866328381	0.628298316800495	9
SNTB1	0.431748728952062	0.285198268580639	0.8612268238133	9
SNTB2	0.196007760946106	0.591019581026175	0.971187979266693	9
SNTG2	-0.740753077512633	0.458386761807082	0.936756400653229	9
SNTN	4.25326456395646	0.00802588766083833	0.177585094488468	9
SNU13	-0.173266875689635	0.56553199168891	0.965041713262426	9
SNUPN	0.189774008248793	0.742513846786797	0.991008075540888	9
SNURF	1.14407316213971	0.408151205553324	0.915271886809331	9
SNW1	-0.160866866764019	0.477100482683375	0.940941389680967	9
SNX1	0.0106472455411135	0.967678010666502	0.998639733078915	9
SNX10	-0.506648894853446	0.528207777273836	0.957299775766752	9
SNX11	0.128106652767454	0.64535811698215	0.980691547015745	9
SNX12	0.0498972071995144	0.884834531436215	0.998639733078915	9
SNX13	-0.122568162597079	0.774971760417138	0.992930756580613	9
SNX14	0.0584414624967261	0.865805466499667	0.998639733078915	9
SNX15	-1.25404565298055			9
SNX16	-0.177046406826087	0.715047151110546	0.989276793964962	9
SNX17	-0.114639431706177	0.71866300310376	0.989569457911809	9
SNX18	-0.00516129953063327	0.98732804283467	0.999458538741689	9
SNX19	0.179793308414431	0.509582771731311	0.951538693830295	9
SNX2	0.0454745986443225	0.893599731376507	0.998639733078915	9
SNX20	-0.565327467449324	0.263756744010664	0.84593551057786	9
SNX21	-1.2575380576856	0.00630219189365162	0.15582354194672	9
SNX22	-0.161798672271249	0.807343867634221	0.995590233849494	9
SNX24	0.347619644210453	0.228579014820995	0.808244559806673	9
SNX25	-0.583781949104771	0.1831452777224	0.760225751021468	9
SNX27	-0.0368476657112494	0.875678460582004	0.998639733078915	9
SNX29	0.234999393460221	0.627125767500951	0.978573777801597	9
SNX3	-0.146535246050999	0.474469287945779	0.939899973963271	9
SNX30	0.00443708763222683	0.994430258006094	0.999620666732609	9
SNX31	-2.33405440082788	0.056040515529945	0.478711834338841	9
SNX32	0.816847119018689	0.18904338948002	0.765938627234022	9
SNX33	-0.248767801178451	0.544601092881235	0.960207445296214	9
SNX4	0.0400710270265034	0.895514369971034	0.998639733078915	9
SNX5	0.0453082395801287	0.866607215953471	0.998639733078915	9
SNX6	0.177363696995826	0.566288781692681	0.965061168919095	9
SNX7	-0.0484186708211503	0.914925062725938	0.998639733078915	9
SNX8	0.211572827860604	0.571334283461282	0.966957302976707	9
SNX9	-0.538085907104597	0.28101459451789	0.861181225180475	9
SOAT1	-0.196217111514452	0.431284712054365	0.925165050575986	9
SOAT2	0.710528675322833	0.504747508575767	0.950692608662357	9
SOBP	-0.538696896058588	0.123015258085356	0.673131763251099	9
SOCS1	0.188318835275779	0.747361045803158	0.991008075540888	9
SOCS2	-1.38777772853307	0.00178039592298683	0.0791579042747248	9
SOCS3	4.68541306151889	6.2699051641343e-06	0.00337410153960562	9
SOCS4	0.0751488487313491	0.817315644207169	0.995966406600323	9
SOCS5	-0.239748243337165	0.631808267199828	0.979380833016394	9
SOCS6	-0.299638398978262	0.4767207640629	0.940930478631126	9
SOCS7	-0.302228557398506	0.740951326366348	0.991008075540888	9
SOD1	-0.608571758939588	0.0978984241287496	0.611794745383946	9
SOD3	-2.22640434090977	0.00236170456400077	0.0905483664135465	9
MTCL2	0.0332520387012666	0.925249838982652	0.998639733078915	9
MTCL3	0.86408566199108	0.488821841085654	0.944931536265188	9
SON	-0.125483480021611	0.617184996156114	0.977025239540628	9
SORBS1	0.702630581898989	0.522426447067265	0.955391092995928	9
SORBS2	0.33968711191516	0.474305151236722	0.939899973963271	9
SORBS3	-0.929701682890401	0.0723789679411658	0.536338326194552	9
SORCS1	-1.53502673930147	0.0239724167214081	0.318216585633727	9
SORCS2	-0.613449288371895	0.307409401191404	0.876432473153517	9
SORCS3	-0.642350683243527	0.610619568644453	0.975328830748679	9
SORD	2.01353215287948	0.00391697765389027	0.119770219311371	9
SORL1	1.12931280489503	0.00458770503576652	0.130909595472274	9
SORT1	-0.65348388912247	0.139199084325143	0.702948232543086	9
SOS1	0.0155460634369552	0.965227990025119	0.998639733078915	9
SOS2	0.0255652444416523	0.953274393179784	0.998639733078915	9
SOSTDC1	2.67895077694049	0.0699365118083185	0.529173808342532	9
SOWAHB	4.25990699840094	0.005555471786989	0.145140387695123	9
SOWAHC	-0.0753899971213293	0.839137275379007	0.998604146933345	9
SOWAHD	0.74070076710547	0.561786530033606	0.964946561877165	9
SOX10	-2.3357165219372	0.0103728575037221	0.205246313153408	9
SOX12	0.175700239982278	0.674673740481429	0.985298616459508	9
SOX13	-0.323054095506149	0.328520365514182	0.888130249359991	9
SOX15	-0.935653519392656	0.0559584729221123	0.478564900813035	9
SOX17	3.64203700646873	3.63191336361038e-07	0.000737090105499539	9
SOX18	-0.114298667554059	0.857825656602511	0.998639733078915	9
SOX3	3.81666717411608	0.0852651866622349	0.578812849570433	9
SOX4	0.0745327596545358	0.916774687526708	0.998639733078915	9
SOX5	0.366990094468745	0.379725040076919	0.906881065731184	9
SOX6	1.66442349457414	0.0118442759020697	0.219916171811887	9
SOX7	1.2903058837935	0.0406297460867243	0.410496702249238	9
SOX8	0.62229589286962	0.257758770640996	0.84120654729864	9
SOX9	3.39607771203826	0.00981137651426566	0.198120011938544	9
SP1	-0.0268834043258521	0.939082643440988	0.998639733078915	9
SP100	0.0396713038091514	0.910478016124236	0.998639733078915	9
SP110	-0.039000384620483	0.903082084457395	0.998639733078915	9
SP140	0.154525385764788	0.823253694349652	0.996915603799238	9
SP140L	-0.188322165529592	0.590614257017573	0.971187979266693	9
SP2	0.368976913280896	0.350572511794394	0.899092963457163	9
SP3	0.295698257364851	0.486934853172705	0.944013070233436	9
SP4	-0.185205803874387	0.764298761545051	0.992930756580613	9
SP5	-1.39121321021415	0.0527276127084367	0.470625432716883	9
SP6	1.36842278338385	0.104873894411713	0.628298316800495	9
SP9	6.21059449307709	0.0210365707843659	0.297970280411827	9
SPA17	0.478899323087632	0.464859653751786	0.938557427031886	9
SPAAR	-0.364670749898314	0.679124214930817	0.986817416491918	9
SPACA4	2.06860536119947	0.248836009244157	0.835547846326889	9
SPACA6	-0.958751598483292	0.119401416093883	0.664398365736216	9
SPACA9	-0.555119531992602	0.185080540039673	0.763792369190164	9
SPAG1	1.08540775700617	0.0351178953506072	0.3809699560794	9
SPAG16	-0.0695423616729993	0.840585740978307	0.998604146933345	9
SPAG17	5.05579188245216	0.000209491317534653	0.0236862199641149	9
SPAG4	0.463694454402475	0.51385957238226	0.952863302692453	9
SPAG5	2.21242026833882	0.00188947584029333	0.0813275058732935	9
SPAG6	3.32777725198017	0.00379638222252286	0.117727726862731	9
SPAG7	-0.592439517014347	0.175760233783061	0.751250158017082	9
SPAG8	0.0243312200019789	0.966848577904863	0.998639733078915	9
SPAG9	-0.19914893358152	0.638540627646709	0.980691547015745	9
SPARC	0.109745608066848	0.794899636049219	0.994714385280344	9
SPARCL1	-0.571336855098793	0.510522705161501	0.951538693830295	9
SPART	0.183989250629148	0.728102478561588	0.991008075540888	9
SPAST	0.0787775639690355	0.814346855104375	0.995936140923453	9
SPATA1	-0.223030022698125	0.816301792851738	0.995966406600323	9
SPATA13	0.636531509945568	0.190414815925021	0.767953272522486	9
SPATA17	1.60225348815974	0.128549721613089	0.682562328088299	9
SPATA18	1.98236540676157	0.00548299295799063	0.144268197955258	9
SPATA2	-0.16775283085915	0.601671173732103	0.974057468095769	9
SPATA20	-0.490780893459831	0.254845444345067	0.840431993739394	9
SPATA24	0.467596285970703	0.566914573978502	0.965061168919095	9
SPATA25	-1.14717925157728	0.0838250594067857	0.574439044523474	9
SPATA2L	0.0652610966580009	0.889710319882028	0.998639733078915	9
SPATA33	-0.24613947765946	0.673167506574544	0.985298616459508	9
SPATA4	1.00972867763661	0.353945249912226	0.899715225734967	9
SPATA46	-0.523854638842184	0.761299933090195	0.992004541019998	9
AFG2A	0.209715685492398	0.545139902205018	0.960600109304229	9
AFG2B	0.0535034282186194	0.853229172039301	0.998639733078915	9
SPATA6	-0.11492895742314	0.76364922042444	0.992788902596531	9
SPATA6L	0.5529969289334	0.247786490586268	0.834491532636072	9
SPATA7	-0.22580663475248	0.489320466715809	0.944931536265188	9
SPATA9	-0.322044980998416	0.662071913508007	0.983171338937342	9
SPATC1L	-1.05318247814513			9
SPATS1	4.53223090507943	0.038851941048081	0.402580508709309	9
SPATS2	0.403934744396361	0.208452811703862	0.792421311759131	9
SPATS2L	0.535366611435074	0.163560275309453	0.73994607886052	9
SPC24	1.38414356172396	0.189354536912711	0.765980356088938	9
SPC25	0.61679644319356			9
SPCS1	-0.191424958501248	0.459561705676605	0.937429300377919	9
SPCS2	0.150238300300248	0.574784550770917	0.968284112085412	9
SPCS3	0.108546496371698	0.771646759282908	0.992930756580613	9
SPDEF	5.12681225344715	0.000147105643310424	0.0199836130908566	9
SPDL1	0.0229471847904433	0.947467783533774	0.998639733078915	9
SPDYA	-0.683819764764928	0.501706884587077	0.949348943915356	9
SPDYE1	-0.165760563462856	0.820139232973641	0.996009039113892	9
SPDYE2	-0.306615568309623	0.719624907132483	0.9901017186991	9
SPDYE21	0.106872951978159	0.927446204383292	0.998639733078915	9
SPDYE2B	-0.994291883877881	0.32430825217279	0.886080378644328	9
SPDYE3	-0.205093615797884	0.814317538798496	0.995936140923453	9
SPDYE5	-0.0290146453931489	0.966521351394148	0.998639733078915	9
SPDYE6	0.0204368626857943	0.979667459990577	0.998639733078915	9
SPECC1	0.133690849214058	0.707781336418848	0.989276793964962	9
SPECC1L	-0.152205130476869	0.576243923285924	0.968284112085412	9
SPEF1	1.90870828605147	0.0611531016396068	0.498994435214061	9
SPEF2	0.0626940279854091	0.91041423843541	0.998639733078915	9
SPEG	-0.997067184633101	0.233799484513481	0.811072665312218	9
SPEGNB	-0.955246837264797	0.459595207552521	0.937429300377919	9
SPEN	0.299127118629822	0.526147500430939	0.956988757965781	9
SPESP1	-0.692025418532613	0.487096721086171	0.944013070233436	9
SPG11	0.18974552263495	0.494130982805609	0.946064084880081	9
SPG21	0.000889527928908869	0.997002675636649	0.999620666732609	9
SPG7	-0.142964002438349	0.568140233957225	0.965867959768124	9
SPHK1	-0.236387572201205	0.760414332512676	0.991955190535962	9
SPHK2	0.0338931670751126	0.899142709333852	0.998639733078915	9
SPI1	-0.364375632126021	0.507636068755632	0.951538693830295	9
SPICE1	0.631444890816462	0.291985369502846	0.867459782709179	9
SPIDR	0.323852452005529	0.299809976546472	0.874342355309609	9
SPIN1	0.0436977537143589	0.92263597937923	0.998639733078915	9
SPIN2A	0.714197240616249	0.50876360525789	0.951538693830295	9
SPIN2B	-0.502070633280805	0.26961229909744	0.849094290610162	9
SPIN3	0.151339640904619	0.682468150839185	0.987306006486237	9
SPIN4	0.645044499795904	0.214285154103184	0.795739159677259	9
SPINDOC	0.255934093951568	0.428966667766965	0.924317015813788	9
SPINK1	0.116916037142306	0.95933108280525	0.998639733078915	9
SPINK2	-2.32054927557075	0.131465681233838	0.690679235740588	9
SPINK5	2.27205753292096	0.0259390742733435	0.331216847187563	9
SPINK9	-0.754889641530736	0.588645956035291	0.971161794932015	9
SPINT1	2.58172691851094	0.00688243449380251	0.16359358383739	9
SPINT2	2.78536281345449	0.00481984976976711	0.132734706066292	9
SPIRE1	-0.444432261822289	0.424114599303737	0.922647417631964	9
SPIRE2	0.33567790053544	0.539045972921129	0.958979719874913	9
SPN	-0.0734987124252977	0.879400215828529	0.998639733078915	9
SPNS1	-0.335774858432507	0.724692296214	0.990984782893948	9
SPNS2	0.644180308930684	0.294720625458384	0.870074230478241	9
SPNS3	-0.846906177311992	0.412983447329885	0.91719471148147	9
SPOCD1	-2.59668232816009	0.0443408217186273	0.427229027016095	9
SPOCK1	-1.67747383111289	0.0294376668884691	0.352815911944822	9
SPOCK2	-0.130737231287975	0.745094033119072	0.991008075540888	9
SPOCK3	0.425764785406854	0.647995810393485	0.980691547015745	9
SPON1	0.792875032019663	0.0298977176175021	0.35593562417666	9
SPON2	-1.12137210231416	0.0227749018407393	0.310415813546771	9
SPOP	-0.165030635504745	0.49646587405272	0.946690707517402	9
SPOPL	-0.0759482259583579	0.879245768933208	0.998639733078915	9
SPOUT1	0.0207995963192708	0.990548745743685	0.999458538741689	9
SPP1	3.20681922520078	2.84781134521033e-05	0.00697034628611096	9
SPPL2A	-0.0100225959903649	0.974863836211938	0.998639733078915	9
SPPL2B	-0.122604244321444	0.701762293185915	0.989276793964962	9
SPPL3	-0.178145889655312	0.355686962120247	0.899926179335231	9
SPR	-0.251805435251736	0.616799667814145	0.977025239540628	9
SPRED1	0.358346297878135	0.274071692821692	0.852956411077586	9
SPRED2	0.131498288954422	0.769493989409665	0.992930756580613	9
SPRED3	0.584492931657649	0.395863216768381	0.913574069169144	9
SPRING1	0.873044338878094	0.0275126110599215	0.342848707868003	9
SPRN	1.56752261091699	0.184764485250645	0.763526040916898	9
SPRTN	0.327475852624527	0.442242369559517	0.930767263873637	9
SPRY1	1.61561875207732	0.0177383535730561	0.271613938891992	9
SPRY2	0.501916657888422	0.480396338016606	0.941122155738687	9
SPRY3	1.37425121928421			9
SPRY4	1.07991421141338	0.00426113768615389	0.125546214341951	9
SPRYD3	-0.383274782791282	0.433803505177804	0.926809311141991	9
SPRYD4	0.0287851757784966	0.943767614255434	0.998639733078915	9
SPRYD7	-0.543619635887846	0.0790829230685954	0.560718843261271	9
SPSB1	-0.467951555437771	0.472846647698358	0.939822409233973	9
SPSB2	-0.105223537440566	0.831431531763353	0.99746225363255	9
SPSB4	1.22457302024254	0.405402536886244	0.915238409840383	9
SPTAN1	-0.225146860176024	0.65917764938597	0.982975949819678	9
SPTB	-0.894917373228043	0.0924755467739839	0.596414360355908	9
SPTBN1	-0.14071921065512	0.803290210548768	0.995590233849494	9
SPTBN2	1.24010141033455	0.0530979896684491	0.471283724510365	9
SPTBN4	-0.330348726592228	0.552792895662461	0.962471800628327	9
SPTBN5	0.785775389122262	0.0377130513126851	0.397630250304675	9
SPTLC1	0.250825853294742	0.434535974981175	0.927173392121584	9
SPTLC2	0.880477493546247	0.0543979136614348	0.474575503230038	9
SPTLC3	0.595509663523816	0.20974402408246	0.793888952327014	9
SPTSSA	-0.117890089081338	0.754522783130616	0.991322723790924	9
SPTSSB	0.361697475766782	0.60036128735416	0.974057468095769	9
SPTY2D1	0.580927583267908	0.0957673777915562	0.606444557520875	9
MISFA	0.0384428737811912	0.967333821419846	0.998639733078915	9
SPX	1.58527881156404	0.396501843444	0.913831648820319	9
SQLE	0.908348030947254	0.0293909007880911	0.352714704498385	9
SQOR	0.867787565590398	0.202347762099682	0.786221457318611	9
SQSTM1	-1.5269139554868			9
SRA1	-0.285821389785015	0.591301562993279	0.971187979266693	9
SRARP	5.55261344593677	0.0141399373111479	0.23999572009164	9
SRBD1	0.177537290229331	0.608097982164622	0.975199423069832	9
SRC	-0.351471336141411	0.228111544149032	0.808244559806673	9
SRCAP	0.109406012362519	0.913672297055053	0.998639733078915	9
SRCIN1	1.71369062749458	0.191623813830233	0.770404371802577	9
SRD5A1	0.187583582488617	0.597987447671866	0.973383517777009	9
SRD5A2	2.58217527409028	0.00714360929167757	0.166846229041855	9
SRD5A3	1.06641969364562	0.158765822435971	0.733044199242219	9
SREBF1	0.0492326823218051	0.898039068399562	0.998639733078915	9
SREBF2	0.534887558872773	0.19135754385774	0.770073256511478	9
SREK1	-0.181547266672626	0.709831000810557	0.989276793964962	9
SREK1IP1	-0.564737185309855	0.231948995442094	0.808244559806673	9
SRF	0.137424151561422	0.78657250227706	0.994052363875907	9
SRFBP1	0.263852815417518	0.666556868267717	0.984088154568007	9
SRGAP1	-0.136528719856357	0.758234115826052	0.991955190535962	9
SRGAP2	0.169240793417002	0.530358473102392	0.957299775766752	9
SRGAP2B	0.0835037764920075	0.865155539249654	0.998639733078915	9
SRGAP2C	0.0396832121858714	0.929447434158794	0.998639733078915	9
SRGAP3	0.983145296253831	0.0684082834701535	0.524034979227372	9
SRGN	-0.0455905744756046	0.912088854676212	0.998639733078915	9
SRI	-0.210031874172322	0.54197040228436	0.959543069141869	9
SRL	-0.0436187574511069	0.952582057130933	0.998639733078915	9
SRM	-1.11561515232503	0.102177184500975	0.622466950234786	9
SRMS	3.18465880057587	0.013364684030628	0.233386493466723	9
SRP14	-0.394732638072551	0.123528373006679	0.674584651850385	9
SRP19	-0.00667271586682996	0.989640844051315	0.999458538741689	9
SRP54	0.227206994056647	0.351252190212012	0.899092963457163	9
SRP68	-0.0139484010430854	0.952025218675388	0.998639733078915	9
SRP72	0.268657723559113	0.349148940737224	0.899092963457163	9
SRP9	0.186666673647938	0.391293520847654	0.912807186165296	9
SRPK1	0.251301989219508	0.58726034694456	0.971161794932015	9
SRPK2	0.31563035182258	0.349383189036622	0.899092963457163	9
SRPK3	-1.88374084866152	0.00134586484746119	0.0678031092606641	9
SRPRA	-0.0384303916406954	0.938178369760402	0.998639733078915	9
SRPRB	0.30677539946264	0.502108032950631	0.949348943915356	9
SRPX	-0.796522774311413	0.14339331245725	0.711711057559334	9
SRPX2	-0.0759818239832252	0.880987950171728	0.998639733078915	9
SRR	-0.0666089860813286	0.841620833014521	0.998639733078915	9
SRRD	0.0479267967551095	0.880085379876768	0.998639733078915	9
SRRM1	-0.0655318329507986	0.88150762433325	0.998639733078915	9
SRRM2	0.0489265165354869	0.879297836633776	0.998639733078915	9
SRRM3	-1.81520927862412	0.000625128619189283	0.0443630939800626	9
SRRM4	4.42962912941255	0.000160575954396335	0.0206068009368092	9
SRRM5	0.790569422044482	0.426086534371512	0.923242529682058	9
SRRT	-0.164243299775243	0.602774631107581	0.974057468095769	9
SRSF1	0.240084563269908	0.612445726681944	0.975769461971015	9
SRSF10	0.0479896162654648	0.874671268512798	0.998639733078915	9
SRSF11	-0.173864150772696	0.70138240517731	0.989276793964962	9
SRSF12	0.610523047303055	0.316758238553596	0.882035155497007	9
SRSF2	0.126745822473276	0.693264338541652	0.989171265391501	9
SRSF3	0.154844456538634	0.512515949858911	0.952082549190459	9
SRSF4	-0.0909726963065861	0.706450559631736	0.989276793964962	9
SRSF5	-0.300582815354597	0.424130253315025	0.922647417631964	9
SRSF6	0.438048485135841	0.301170769671775	0.874342355309609	9
SRSF7	0.237511918482875	0.324080956910949	0.886080378644328	9
SRSF8	-0.29032027924408	0.249435484655329	0.836799361135753	9
SRSF9	0.696275412521089	0.0769379013346028	0.550724756206046	9
SRXN1	0.435923527779199	0.688373745908926	0.989171265391501	9
SS18	0.0329157630381849	0.889649787162494	0.998639733078915	9
SS18L1	0.00983855864196897	0.974305113676543	0.998639733078915	9
SS18L2	-0.193387173835393	0.775336036409325	0.992930756580613	9
SSB	-0.0284558898461992	0.944287664285021	0.998639733078915	9
SSBP1	-0.59960557813283	0.517171040257576	0.953680371468858	9
SSBP2	-0.441578924237818	0.139007362671003	0.702495653805487	9
SSBP3	-0.0239307115058721	0.91704742987193	0.998639733078915	9
SSBP4	-0.30738195141448	0.45480922139296	0.934328774803787	9
SSC4D	0.80083926722303	0.367077965133395	0.90239123320911	9
SSC5D	-0.9589092521248	0.228678248544391	0.808244559806673	9
SSH1	0.086443579126787	0.846465190738061	0.998639733078915	9
SSH2	0.767322530761714	0.0368193423924062	0.394621131139353	9
SSH3	-0.249207538600832	0.369956951887524	0.90487731015936	9
SSNA1	-0.558251808032843	0.301529860681513	0.874342355309609	9
SSPN	0.357991403760215	0.417772948073568	0.919780432363111	9
SSR1	-0.346860653752306	0.312190124541493	0.878197198925416	9
SSR2	0.0814236330010087	0.852195875516032	0.998639733078915	9
SSR3	-0.331631379289185	0.56122344042332	0.964946561877165	9
SSR4	-0.157202104938429	0.791982827388092	0.994052363875907	9
SSRP1	-0.0884227184777046	0.752702797586121	0.991008075540888	9
SST	-2.89511854502209	0.126652419112212	0.679443938788914	9
SSTR1	-1.08163057800053	0.150822082469823	0.72170459047022	9
SSTR2	1.31785950629199	0.0910105232527032	0.592069781283893	9
SSTR3	0.0605990721419994	0.966001904615228	0.998639733078915	9
SSU72	-0.464640186668007	0.155726115686539	0.727862257442023	9
SSUH2	0.699762387324389	0.324724001900746	0.886080378644328	9
SSX2IP	0.160429309906352	0.649171728505937	0.980854452785389	9
ST13	-0.625364281663896	0.06149962980927	0.500163105021837	9
ST14	3.32481225735987	0.00118119568832002	0.0627180919255099	9
ST3GAL1	0.00404244606954518	0.993536408326586	0.999620666732609	9
ST3GAL2	-0.0391728854822053	0.914520665279052	0.998639733078915	9
ST3GAL3	-0.472622685049544	0.536409919513999	0.95784961223136	9
ST3GAL4	0.0569156892664176	0.897921514042186	0.998639733078915	9
ST3GAL5	-0.0880589770079518	0.800329308645517	0.995590233849494	9
ST3GAL6	0.181558350991694	0.67307397738905	0.985298616459508	9
ST6GAL1	0.395604326127334	0.438841380516381	0.928974274745777	9
ST6GAL2	1.6324276097551	0.0336219005775548	0.37338560004501	9
ST6GALNAC1	2.29040386879309	0.00529621397725348	0.142659515544231	9
ST6GALNAC2	0.519295282912643	0.555890546357942	0.963343569668406	9
ST6GALNAC3	-0.266079532062988	0.548336378690662	0.961089318650903	9
ST6GALNAC4	-0.355337203247573	0.408281892267281	0.915271886809331	9
ST6GALNAC5	-0.122616234188189	0.841030479453392	0.998604146933345	9
ST6GALNAC6	0.203764402841457	0.859118572435695	0.998639733078915	9
ST7	-0.477298768931985	0.0901192639159536	0.590277738070255	9
ST7L	0.0357867342065641	0.892701870945383	0.998639733078915	9
ST8SIA1	-0.454778632928422	0.312554546123265	0.878449667807599	9
ST8SIA2	4.01066998445436	0.00440147567253783	0.128399569965081	9
ST8SIA4	0.244696100321391	0.49060096264096	0.944931536265188	9
ST8SIA5	-0.721969861285882	0.347511211036288	0.899092963457163	9
ST8SIA6	2.12936791282408	0.0717615198658613	0.534715696486612	9
STAB1	0.00622043797261856	0.990433010923954	0.999458538741689	9
STAB2	-0.627877935967318	0.358193355285911	0.900808696207596	9
STAC	0.693585411024597	0.424793087694508	0.922776261839354	9
STAC2	-1.64264547410665	0.078222252079091	0.556452367681668	9
STAC3	0.771588413212039	0.124693723291726	0.675947135332049	9
STAG1	-0.0888850533711481	0.874766814165753	0.998639733078915	9
STAG2	-0.178530294788102	0.654370689563721	0.982621134145482	9
STAG3	0.266565129764518	0.620965543112729	0.978573777801597	9
STAM	0.071793562061062	0.861369765258517	0.998639733078915	9
STAM2	-0.0500512198989981	0.872676347550953	0.998639733078915	9
STAMBP	-0.097912707324565	0.639040705906058	0.980691547015745	9
STAMBPL1	0.54862735799541	0.38865834869807	0.911850347346707	9
STAP1	-2.17146940151837	0.0863738529274195	0.581644362710602	9
STAP2	0.957385195730027	0.103669179382506	0.626900243857106	9
STAR	0.338097688852616	0.753363020852534	0.991008075540888	9
STARD10	-1.00190251925308	0.0278485080759455	0.346166670193768	9
STARD13	-0.20095874718073	0.526558852256135	0.957268202462574	9
STARD3	0.00492627409630649	0.980682515437224	0.998639733078915	9
STARD3NL	0.314933610818581	0.376846809622778	0.905673456930873	9
STARD4	1.17972838132003	0.147403563904349	0.715731581181611	9
STARD5	-0.021814914582372	0.97610567755361	0.998639733078915	9
STARD7	0.0896747062277784	0.771986353066829	0.992930756580613	9
STARD8	-1.43550520104388	0.00206305700641057	0.0841237140100176	9
STARD9	-0.670573475076024	0.163240169268706	0.73994607886052	9
STAT1	0.121818418025075	0.663169510894222	0.983171338937342	9
STAT2	0.144364509101784	0.612181082390763	0.975769461971015	9
STAT3	0.370114790885313	0.356554492897723	0.899926179335231	9
STAT4	0.360939455179499	0.466465929584967	0.939090560115758	9
STAT5A	-0.412079864590373	0.390607325353685	0.912807186165296	9
STAT5B	-0.291888857630386	0.514213465594412	0.953076967056644	9
STAT6	-0.329108328895468	0.228002144231207	0.808244559806673	9
STAU1	0.17917646908568	0.549388258712492	0.961089318650903	9
STAU2	0.386541163006736	0.305200322001658	0.87578680388204	9
STBD1	0.415106120468108	0.603494939860586	0.974057468095769	9
STC1	1.73262541454032	0.0110099639445719	0.212203298143319	9
STC2	2.01769427821508	9.22002690294014e-06	0.0039424808746352	9
STEAP1	1.01717798079279	0.0941659843635109	0.600495581316297	9
STEAP2	-0.0183673434050949	0.96894758092865	0.998639733078915	9
STEAP3	3.1894622681753	0.0021465960170454	0.0861029994771932	9
STEAP4	-0.567664426441852	0.530553283375725	0.957299775766752	9
STEEP1	-0.0819561110031368	0.764996819852924	0.992930756580613	9
STIL	1.90416470283487	0.00332221425055651	0.10966823841068	9
STIM1	-0.197805816157721	0.62980835290224	0.979238377916278	9
STIM2	0.155719109004532	0.535713455336437	0.95784961223136	9
STIMATE	0.120789481395746	0.915372018370678	0.998639733078915	9
STIMATE-MUSTN1	-0.126320438952894	0.96753695333229	0.998639733078915	9
STING1	-0.186000949673727			9
STIP1	-0.00861704801648273	0.97666136877297	0.998639733078915	9
STK10	0.307852776971082	0.280661933507569	0.86094156286476	9
STK11	-0.218344798292315	0.466456975276598	0.939090560115758	9
STK11IP	-0.305356765319855	0.223682702473099	0.805705312641632	9
STK16	-0.228332730282512	0.53594897024341	0.95784961223136	9
STK17A	0.799614783145944			9
STK17B	0.479698599565648	0.287477903737815	0.862667480600506	9
WHR1	-0.207057937872058			9
STK24	0.252196491345251	0.631258552076524	0.979380833016394	9
STK25	0.0360613761522546	0.895864109303452	0.998639733078915	9
STK26	-1.42218141262015	0.190354655295804	0.767953272522486	9
STK3	-0.0702555050405139	0.752243795453006	0.991008075540888	9
STK31	-0.55545639451239	0.603461349528869	0.974057468095769	9
STK32A	0.261142620742152	0.652116970707458	0.981292533915803	9
STK32B	-0.384502198832334	0.533769510227687	0.95784961223136	9
STK32C	-0.0528860091669201	0.915710418644148	0.998639733078915	9
STK33	-0.414111750786451	0.35318706780195	0.899715225734967	9
STK35	-0.0899700620252435	0.694691309269784	0.989228093394875	9
STK36	0.464624526905023	0.0834933122461592	0.573763865021209	9
STK38	0.150848641457955	0.66936928109615	0.984493894849006	9
STK38L	-0.145727923846711	0.775510453203545	0.992930756580613	9
STK39	0.448106121957662	0.228660275774209	0.808244559806673	9
STK4	0.192281204368638	0.482524379501722	0.94271760619919	9
STK40	-0.138952874514531	0.80237781951023	0.995590233849494	9
STKLD1	-0.695767609163737			9
STMN1	0.621074415099559	0.270386918537013	0.849828788594992	9
STMN2	1.0728154111162	0.381322445415725	0.907706006085918	9
STMN3	0.0207109616304277	0.959278327653846	0.998639733078915	9
STMND1	3.30944801356731	0.0483326841173982	0.450119085335593	9
STMP1	0.626720203565433	0.0944164226208424	0.601242801685183	9
STN1	-0.336490763224226	0.427661034275052	0.923608338376662	9
STOM	-0.553342477151251	0.355193673999775	0.899926179335231	9
STOML1	-0.658402413643075	0.0850295299906707	0.578804452466047	9
STOML2	-0.017656783204834	0.9623373650525	0.998639733078915	9
STOML3	4.10205904551134	0.0381679596323713	0.399856105133735	9
STON1	-0.475061603672982	0.533301673643651	0.95784961223136	9
STON1-GTF2A1L	0.814821987297678			9
STON2	0.85862581075796	0.176843249056185	0.751405641715126	9
STOX1	1.72023485411404	0.0135676442554321	0.235614113946392	9
STOX2	-0.305435811065977	0.529826631204068	0.957299775766752	9
STPG1	0.43588745145952	0.406747267427056	0.915238409840383	9
STPG2	2.14983450745435	0.0934126706334662	0.598725328363263	9
STRA6	0.260065851117581			9
STRADA	-0.451938097759331	0.47108247314118	0.939528895871055	9
STRADB	-0.59334444795179	0.0342871031092962	0.377413817297779	9
STRAP	-0.0168255197551991	0.957873204868089	0.998639733078915	9
STRBP	0.517298088852822	0.091925391699179	0.594447327500439	9
STRIP1	0.0225562988792075	0.926853098790541	0.998639733078915	9
STRIP2	1.12326830940573	0.0917485545305434	0.594447327500439	9
STRN	0.0379277695566947	0.91191286147321	0.998639733078915	9
STRN3	0.241876710758579	0.561290317306525	0.964946561877165	9
STRN4	-0.209277578646302	0.564124851558829	0.965041713262426	9
STS	0.0804159788554726	0.844110368506015	0.998639733078915	9
STT3A	0.354465030845997	0.248250541520746	0.835450672744726	9
STT3B	0.519730357938671	0.0502339352985521	0.456593762377694	9
STUB1	-0.135129674373892	0.651428341319777	0.981292533915803	9
STUM	-0.538989330147569	0.281580734799178	0.8612268238133	9
STX10	-0.252037229186872	0.535688197665125	0.95784961223136	9
STX11	0.612773628378001	0.476867616204047	0.940941389680967	9
STX12	-0.176348782760189	0.647844021364588	0.980691547015745	9
STX16	-0.217739575928364	0.562672665463667	0.964946561877165	9
STX17	0.0399650672152934	0.904746527689188	0.998639733078915	9
STX18	1.68774152136838	0.0180236509582886	0.272868832610563	9
STX19	2.54738036671633	0.088261070587709	0.586328381163444	9
STX1A	-0.00405758325150227	0.99362934903535	0.999620666732609	9
STX1B	-1.43323917215518	0.0111432007118435	0.213470135767979	9
STX2	-0.220353499502627	0.418002920414441	0.919780432363111	9
STX3	-0.547762836225417	0.260692168201869	0.84313696205692	9
STX4	-0.284059894939655	0.379165413636822	0.906881065731184	9
STX5	-0.0265061447831778	0.920447656409074	0.998639733078915	9
STX6	0.740229631180931	0.0111849838485071	0.213470135767979	9
STX7	-0.48318260178986	0.126882182473419	0.679443938788914	9
STX8	-0.790883378045161	0.0487470425251226	0.451302226391315	9
STXBP1	-0.28767606865637	0.534762147376183	0.95784961223136	9
STXBP2	1.72876144515099	0.0241462782269685	0.319524103083214	9
STXBP3	-0.380326944749829	0.394664191417146	0.913353694686467	9
STXBP4	0.21088849614875	0.52066057542201	0.954248855971741	9
STXBP5	-0.22257994839264	0.608702573595793	0.975328830748679	9
STXBP5L	1.00551512761756	0.198918434492443	0.780997970767379	9
STXBP6	1.58716784148065	0.0361560317046691	0.389846007299212	9
STYK1	1.46642532302227	0.200928631192494	0.784839249810108	9
STYX	-0.0674311154037471	0.816110936262834	0.995966406600323	9
STYXL1	0.429655864634955	0.415473638485229	0.919443969637919	9
SUB1	-0.164845779370093	0.582691042057987	0.970965892530257	9
SUCLA2	-0.0619068902462608	0.864125045498834	0.998639733078915	9
SUCLG1	-0.403821102721075	0.152520530388394	0.723675843478971	9
SUCLG2	-0.030077603550961	0.913412556524451	0.998639733078915	9
SUCO	0.203152754480059	0.543444259169462	0.959871555065334	9
SUDS3	0.434149393073158	0.117491894039542	0.658177551391911	9
SUFU	0.624735824225699	0.0926790177907578	0.597134431082224	9
SUGCT	-1.23106988410187	0.00386317279347418	0.119048629654431	9
SUGP1	-0.229874270011861	0.518977059990422	0.953758404613893	9
SUGP2	0.155334891632184	0.449839650864902	0.932585632008735	9
SUGT1	-0.043866273793863	0.877765534560247	0.998639733078915	9
SULF1	1.0888479849706	0.121305192395602	0.670056902025346	9
SULF2	-0.401232694380172	0.325999500712899	0.886743452756009	9
SULT1A1	0.895800921642867	0.124474226310509	0.675776875123707	9
SULT1A2	1.28508897742613	0.403663563327799	0.915238409840383	9
SULT1B1	-0.0234108763032377	0.98392073711077	0.999263264585425	9
SULT1C2	-0.0408803226870177	0.948922906104498	0.998639733078915	9
SULT1C4	0.904632652515216	0.118250653317811	0.661173444554622	9
SULT4A1	1.44087026056311	0.162168529930484	0.739274141539183	9
SUMF1	0.722321801130365	0.0388401471182261	0.402580508709309	9
SUMF2	-0.0223846248741454	0.940078668083764	0.998639733078915	9
SUMO1	0.0936687636418579	0.784074180961638	0.993964186291201	9
SUMO2	0.0891797041526028	0.759168568704431	0.991955190535962	9
SUMO3	0.0727122442778095	0.783858850010293	0.993964186291201	9
SUN1	-0.668706585558336	0.155285990502386	0.727862257442023	9
SUN2	-0.0180695377338311	0.975205703907946	0.998639733078915	9
SUOX	0.192690742179223	0.375235666521433	0.905673456930873	9
SUPT16H	-0.00994582939299978	0.97385403135561	0.998639733078915	9
SUPT20H	0.088642802838311	0.75753816784677	0.991890138420883	9
SUPT20HL1	-0.601519879929906	0.58427586901442	0.971117678473354	9
SUPT20HL2	-1.05415215957576	0.48332481197768	0.942995405287983	9
SUPT3H	0.227840764263225	0.511493595751997	0.951538693830295	9
SUPT4H1	-0.527541828339012	0.762775060890674	0.992456322270546	9
SUPT5H	0.0383709418385536	0.861381573708455	0.998639733078915	9
SUPT6H	-0.244801087999049	0.502719419874231	0.949352252865382	9
SUPT7L	-0.101691582370194	0.724801889231812	0.990984782893948	9
SUPV3L1	-0.0360337070452262	0.867659526556003	0.998639733078915	9
SURF1	-0.467766520935757			9
SURF2	0.0613291444671167			9
SURF4	-0.656542933768005			9
SURF6	-0.259030049967617			9
SUSD1	1.40628928694381	3.96883632312637e-05	0.00874387954711468	9
SUSD2	0.160655665504102			9
SUSD3	-1.10730161125112	0.0301958829941296	0.357031849508484	9
SUSD4	1.08360662691267	0.153620540443817	0.725397567975426	9
SUSD5	-0.487497033955434	0.368021026931841	0.902670603071424	9
SUSD6	0.670579883901832	0.181512481145456	0.759007488782904	9
SUV39H1	0.112780766235321	0.823327132873269	0.996915603799238	9
SUV39H2	0.857044755102825	0.0390292694663089	0.40302838747555	9
SUZ12	0.25881008648532	0.555624913317673	0.963343569668406	9
SV2A	-1.08197879802717	0.00193387674016164	0.0813275058732935	9
SV2B	-0.231814029288421	0.825258511276319	0.997459757021024	9
SV2C	4.57704476295807	0.000196874848494131	0.0233882472624504	9
SVBP	-0.311339059987176	0.579786616929746	0.969055975901473	9
SVEP1	0.45085956647401	0.374664722687085	0.905673456930873	9
SVIL	-0.167470023812284	0.833503435890925	0.997915111894509	9
SVIP	-0.344008528861516	0.551448227085359	0.961598024808858	9
SVOPL	1.56354761966092	0.160238695340596	0.73547368840875	9
SWAP70	0.433338916156228	0.386811171506542	0.910863010956818	9
SWI5	-0.415840982306291	0.335645042966561	0.893441965603623	9
SWSAP1	0.331618441980347	0.535137279699659	0.95784961223136	9
SWT1	-0.184131133076018	0.707295913929784	0.989276793964962	9
SYAP1	0.197772259909843	0.456911150927632	0.936230722336266	9
SYBU	0.824855442171904	0.19543947227011	0.77508921283694	9
SYCE1	0.756729984819528	0.423030834109797	0.922277664097641	9
SYCE1L	0.0389686770313438	0.957038075427271	0.998639733078915	9
SYCE2	0.409722626339971	0.575543463438323	0.968284112085412	9
SYCP2	0.677425970971018	0.405223597583468	0.915238409840383	9
SYCP2L	-0.0731607674404688	0.929674224474964	0.998639733078915	9
SYCP3	-0.0394955243635245	0.974333365039525	0.998639733078915	9
SYDE1	-0.63348418176568	0.0620879523697363	0.500793671899467	9
SYDE2	-0.213800005437026	0.722042716493045	0.990516044835733	9
SYF2	-0.126338641842478	0.732555890873515	0.991008075540888	9
SYK	1.85364666483217	0.000147565464867107	0.0199836130908566	9
SYMPK	-0.14040124866606	0.589368427545626	0.971161794932015	9
SYN1	0.307818228819211	0.702991164851377	0.989276793964962	9
SYN2	-0.27428259724732	0.732265872582468	0.991008075540888	9
SYN3	-0.604962042586334	0.310452719749978	0.877877757861746	9
SYNC	0.208567427648934	0.833701735126625	0.997915111894509	9
SYNCRIP	0.345603935075431	0.166546561725297	0.743424340491471	9
SYNDIG1	0.15206914244987	0.717388174432284	0.989276793964962	9
SYNDIG1L	0.756191941222238	0.398186588318255	0.914438028200431	9
SYNE1	-0.293585362623656	0.477302472886444	0.940941389680967	9
SYNE2	-0.383324508655387	0.557506109551355	0.96370024816501	9
SYNE3	-0.019978541404065	0.97538102981599	0.998639733078915	9
SYNE4	1.32569767702104	0.103131923491188	0.624930345916841	9
SYNGAP1	-0.609354419973847			9
SYNGR1	-0.730696896054843	0.0502293338860569	0.456593762377694	9
SYNGR2	0.212757758719092	0.640416251995534	0.980691547015745	9
SYNJ1	-0.0039528307645537	0.992381995717941	0.999620666732609	9
SYNJ2	-0.228564747325871	0.674677697021321	0.985298616459508	9
SYNJ2BP	0.241957212280741	0.341588815806496	0.898786543693348	9
SYNM	2.29347431282957			9
SYNPO	-0.244879243248542	0.739349795236828	0.991008075540888	9
SYNPO2	0.0714297891502581	0.93509613753162	0.998639733078915	9
SYNPO2L	-0.770338243766997	0.42198177507053	0.922045733570987	9
SYNRG	-0.311613192941628			9
SYP	-0.552520570977656	0.256333773879718	0.840547211401925	9
SYPL1	-0.41832244474769	0.180401229690148	0.757582518195241	9
SYPL2	-0.476000142252086	0.577636485723726	0.968699405336051	9
SYS1	-0.554008988296453	0.031236600934245	0.364040373732223	9
SYT1	1.69286020736481			9
SYT11	-0.266148910060226	0.607476654235836	0.974885729870166	9
SYT12	-0.968817659150315	0.37642067328157	0.905673456930873	9
SYT13	-0.0154649365662746	0.991264687909123	0.999594074205941	9
SYT14	2.29886938680238	0.0400859120778226	0.408074584952234	9
SYT15	-1.06693573812581	0.0546443165948077	0.474755607289807	9
SYT16	0.479997556785023	0.576565079430224	0.968284112085412	9
SYT17	1.76428013787338	0.00515396767037212	0.139848744085226	9
SYT2	0.119448890831663	0.817390113914285	0.995966406600323	9
SYT3	0.0653177042250178	0.928206969974845	0.998639733078915	9
SYT5	2.75525761672177	0.0671819464452283	0.517844757951966	9
SYT6	2.00209134827582	0.144503962076412	0.711869112393627	9
SYT7	-0.350353004938005	0.417127078126138	0.919780432363111	9
SYT9	-2.11723771089886			9
SYTL1	1.18920150594759	0.171640001746833	0.749226042299155	9
SYTL2	-0.123288967206139	0.833311848011399	0.99777061879431	9
SYTL3	0.668877389448388	0.0824805806107723	0.57159429596038	9
SYTL4	0.185919734402868	0.752905817938912	0.991008075540888	9
SYTL5	-1.16596726658957	0.0690614871167203	0.527375380925975	9
SYVN1	0.263435476143351	0.237024331881659	0.816128387136306	9
SZRD1	0.159341766694175	0.71179105699469	0.989276793964962	9
SZT2	-0.0757053540049126	0.781202328758351	0.993692085940702	9
TAB1	-0.427427991721302	0.101426120987278	0.620137345172465	9
TAB2	0.273099286097088	0.491150385874239	0.944931536265188	9
TAB3	0.0455279223100811	0.930191330804799	0.998639733078915	9
TAC1	1.97860348790314	0.209806978052143	0.793888952327014	9
TAC4	0.31901350085841	0.658381549130293	0.982975949819678	9
TACC1	-0.779584456640932	0.176460393260532	0.751250158017082	9
TACC2	-0.204977365827169	0.642814285087721	0.980691547015745	9
TACC3	1.49332164149321	0.0320981719642139	0.366719130312509	9
TACO1	-0.205698462029678	0.541452829277459	0.959354844912325	9
TACR1	-0.469536445104417	0.586213911206681	0.971161794932015	9
TACR2	0.69121183771554	0.502280426661408	0.949348943915356	9
TACSTD2	2.76109923347092	0.00138437069202567	0.0691519920529608	9
TADA1	0.295487375143914	0.43638544957317	0.92821123892158	9
TADA2A	-0.0304745955490318			9
TADA2B	0.0148942715432882	0.953408285776848	0.998639733078915	9
TADA3	-0.412736215189219	0.231400212167094	0.808244559806673	9
TAF1	0.277273864818273	0.565073448386231	0.965041713262426	9
TAF10	-0.899106283885038	0.153282469392151	0.724490919122178	9
TAF11	0.0188488980870774	0.934494588496064	0.998639733078915	9
TAF12	-0.0977404683993629	0.731207990627926	0.991008075540888	9
TAF13	0.375331057606605	0.539552655357874	0.958979719874913	9
TAF15	0.00512216731986744			9
TAF1A	-0.0916211046620384	0.885164890220361	0.998639733078915	9
TAF1B	0.306360013791338	0.299705784717415	0.874342355309609	9
TAF1C	0.177553020807064	0.571221146505715	0.966957302976707	9
TAF1D	-0.11854421396693	0.789701876459703	0.994052363875907	9
TAF2	0.285115028648934	0.416854730088956	0.919780432363111	9
TAF3	-0.0560420003129834	0.861424839129861	0.998639733078915	9
TAF4	0.253269547011036	0.766747098847297	0.992930756580613	9
TAF4B	0.149043248715975	0.78155661969353	0.993729637728484	9
TAF5	0.227664945590028	0.407551829562257	0.915271886809331	9
TAF5L	0.383346547537282	0.352916224128478	0.899715225734967	9
TAF6	0.0107616042570669	0.973892889409645	0.998639733078915	9
TAF6L	-0.851588860207446	0.0626018304763776	0.501120184198379	9
TAF7	-0.163721878004184	0.277537357454754	0.857480226675461	9
TAF7L	0.757512639500173	0.428481715042928	0.924144003352275	9
TAF8	0.274725288221287	0.30222200972483	0.874342355309609	9
TAF9	0.14487817685213			9
TAF9B	-0.249455820785234	0.349848641411308	0.899092963457163	9
TAFA2	-0.0880124927152702	0.877780211411397	0.998639733078915	9
TAFA5	0.0545050761395196	0.942991099094449	0.998639733078915	9
TAGAP	-2.46504090324734	4.44579334465702e-05	0.00937490793721175	9
TAGLN	-1.28439444826784	0.229992177487958	0.808244559806673	9
TAGLN2	-0.0492291146877963	0.908861155708777	0.998639733078915	9
TAL1	-0.447391296942657	0.408176121434394	0.915271886809331	9
TALDO1	0.0442744770555239	0.911059680498598	0.998639733078915	9
TAMALIN	0.130171752379495	0.774851446984497	0.992930756580613	9
TAMM41	-0.861964153624649	0.108984374800602	0.637509636263216	9
TANC1	-0.847486291840407	0.127998847581154	0.682087570666089	9
TANC2	0.620777693948398	0.0527750358816011	0.470625432716883	9
TANGO2	-0.324976011208361	0.635947368353923	0.980691547015745	9
TANGO6	-0.0466408727749335	0.915224670419772	0.998639733078915	9
TANK	0.385100447493638	0.32703878292187	0.887903506431062	9
TAOK1	-0.0613492529361897	0.871959371411587	0.998639733078915	9
TAOK2	-0.0467108983169949	0.861487117618964	0.998639733078915	9
TAOK3	-0.352683322457189	0.432298304819202	0.926147355215711	9
TAP1	-1.0487257896807			9
TAP2	0.317514524161572			9
TAPBP	0.15108350431834			9
TAPBPL	-0.639229653797805	0.10780126081453	0.635738877700073	9
TAPT1	-0.185432940778808	0.565758397535624	0.965041713262426	9
TARBP1	0.344045921467822	0.39383019048309	0.913028386500901	9
TARBP2	0.140647092126217	0.75100979382981	0.991008075540888	9
TARDBP	0.0318186107899921	0.878252529366449	0.998639733078915	9
TARS1	0.239157175246503	0.343911784118558	0.899092963457163	9
TARS2	-0.00698377958812446	0.984458805881731	0.999393214781001	9
TARS3	-0.328575292652879	0.272064634983706	0.851408242555084	9
TAS1R3	-1.09347487308999	0.122490948239415	0.672746321514118	9
TAS2R14	-1.45931561281493			9
TAS2R20	-0.0283518268605258			9
TAS2R4	-0.360163661238067	0.618386417434005	0.977406778856767	9
TAS2R5	0.411834665897564	0.618253512783568	0.977406778856767	9
TASL	1.13874281545481	0.104767830098284	0.628298316800495	9
TASOR	-0.190905731127016	0.529647616895153	0.957299775766752	9
TASOR2	0.259219028606742	0.506445124746655	0.951008032046065	9
TASP1	0.192184268963963	0.617040857927083	0.977025239540628	9
TATDN1	-0.283660850036773	0.412691412358393	0.91719471148147	9
TATDN2	0.682449414595588	0.0356740936468625	0.385212360147284	9
TATDN3	-0.0579674791490465	0.827860987903733	0.99746225363255	9
TAX1BP1	-0.0038972534675768	0.991688890873247	0.999620666732609	9
TBC1D1	-0.901731588678214	0.138730403594714	0.702495653805487	9
TBC1D10A	0.195415212907548	0.718255287050296	0.989276793964962	9
TBC1D10B	-0.307501122018964	0.439102205833057	0.929022782904526	9
TBC1D10C	-0.750915773668033	0.147643115970041	0.716023632026568	9
TBC1D12	-0.102195328401461	0.789659393522536	0.994052363875907	9
TBC1D13	-0.240148804505069	0.302010775093671	0.874342355309609	9
TBC1D14	0.42000409396135	0.519554951420641	0.953922810257342	9
TBC1D15	0.0414925985614398	0.932056156605645	0.998639733078915	9
TBC1D16	0.162276850019227	0.698322453815523	0.989276793964962	9
TBC1D17	-0.761187256806183	0.0536565634607834	0.472692722723396	9
TBC1D19	-0.108268586278759	0.775039063713632	0.992930756580613	9
TBC1D2	0.0220302681485081	0.963330813298554	0.998639733078915	9
TBC1D20	-0.293614946329823	0.146618683527161	0.714977993903015	9
TBC1D22A	-0.289584210244782	0.327571403258476	0.887903506431062	9
TBC1D22B	0.164817617140739	0.46239492819431	0.937927280347714	9
TBC1D23	-0.00969588867348922	0.977578801545577	0.998639733078915	9
TBC1D24	0.437971641633167	0.125409901849104	0.677589883306964	9
TBC1D25	-0.0938512542430923	0.751233312128185	0.991008075540888	9
TBC1D2B	-0.138914895850077	0.748030863918509	0.991008075540888	9
TBC1D3	0.511855358152972	0.581934289157542	0.970175292777781	9
TBC1D30	0.985310879292531	0.0979546894491516	0.611794745383946	9
TBC1D31	-0.227591614331057	0.55281024174509	0.962471800628327	9
TBC1D32	1.02751804860271	0.0891440325627756	0.587481343581456	9
TBC1D3E	0.231133953129316	0.802843833453738	0.995590233849494	9
TBC1D4	-0.154847690413838	0.633414786666202	0.979759546919064	9
TBC1D5	0.0968290863108124	0.772624117329369	0.992930756580613	9
TBC1D7	0.0487379038735915			9
TBC1D8	-0.381782401342657	0.410772500694723	0.91601809761032	9
TBC1D8B	-0.07510163158288	0.893852640249808	0.998639733078915	9
TBC1D9	0.870362347382807	0.0371202772150084	0.395468924362961	9
TBC1D9B	-0.52485624575265			9
TBCA	-0.254425566251726	0.482227784916668	0.94271760619919	9
TBCB	-0.449767144499585	0.35071727970568	0.899092963457163	9
TBCC	0.120307286812491	0.739020766098653	0.991008075540888	9
TBCCD1	0.368024802682342	0.327932348091112	0.887903506431062	9
TBCD	0.290971881720618	0.313539764783866	0.879878415964762	9
TBCE	0.482250287931666			9
TBCEL	-0.0281235175018061	0.939302825984319	0.998639733078915	9
TBCK	0.171006901532981	0.56619650442269	0.965061168919095	9
TBK1	-0.139317426438606	0.753121402667266	0.991008075540888	9
TBKBP1	-0.585368903094047	0.138451667815141	0.702495653805487	9
TBL1X	-0.935218446093688	0.0191464018357496	0.28362234402393	9
TBL1XR1	0.0199469569226399	0.957179673161686	0.998639733078915	9
TBL2	0.139479689125076	0.655677155065865	0.982654069775495	9
TBL3	-0.740636013596952	0.0993395718216977	0.614050008232864	9
TBP	-0.00334940340024991	0.991158749653355	0.999573118505296	9
TBPL1	-0.0817693182449401	0.779232028258498	0.992930756580613	9
TBRG1	-0.210152670822353	0.492922158683919	0.945530063911015	9
TBRG4	-0.0294003350204904	0.921192605322543	0.998639733078915	9
TBX1	-1.32551921725451	0.0314244495384203	0.364040373732223	9
TBX18	2.05056209312257	0.123301238668274	0.674342194880471	9
TBX19	-0.957482065608315	0.0301873208294917	0.357031849508484	9
TBX2	-0.522121308355903	0.248607144489822	0.835450672744726	9
TBX21	-0.0936310679815787	0.883606710699038	0.998639733078915	9
TBX3	0.266396627509207	0.640552027018594	0.980691547015745	9
TBX6	-0.495026182682019	0.408916552779166	0.915271886809331	9
TBXA2R	-1.24711868791837	0.0985129136229331	0.611980350722711	9
TBXAS1	-0.350881771103021	0.403631302673366	0.915238409840383	9
TC2N	0.93928463730925			9
TCAF1	0.0776104901853773			9
TCAF2	-0.520019838954559	0.714308163510451	0.989276793964962	9
TCAIM	0.477583636462509	0.184155567112116	0.761647611695698	9
TCAP	-0.752374121901827	0.239863558183525	0.82130039024519	9
TCEA1	-0.0451412167345127	0.877268464377741	0.998639733078915	9
TCEA2	-0.743159638454284	0.104337150167984	0.628298316800495	9
TCEA3	-1.13734961381195			9
TCEAL1	-1.07783594168393	0.0837623367976241	0.574275826042606	9
TCEAL2	-2.15904091943558	0.0160903793892923	0.257882834055748	9
TCEAL3	-1.03500884056817	0.119003724170521	0.66337385667714	9
TCEAL4	-1.13728617972574	0.0734275510221797	0.540459281805551	9
TCEAL5	0.0834208336479711	0.840840817866754	0.998604146933345	9
TCEAL6	-2.48017650370339	0.151321958878724	0.722080305349481	9
TCEAL7	-0.441285638086251	0.261127093301219	0.843619396852548	9
TCEAL8	-0.234353285975207	0.185372119366283	0.763792369190164	9
TCEAL9	-0.0370705688430993	0.931848904256878	0.998639733078915	9
TCEANC	-0.526332784863426	0.203693888743569	0.787756350592083	9
TCEANC2	0.396459891220537	0.3210390817531	0.885543112951723	9
TCERG1	0.276840093896245	0.454030740286126	0.934203669144002	9
TCF12	0.47793381381323	0.232277713385559	0.808262924866629	9
TCF15	-1.4571033295395	0.24257972900206	0.825069168680706	9
TCF19	-0.0744058966231086	0.951435111638121	0.998639733078915	9
TCF20	0.16447557919653			9
TCF21	1.22164054911744	0.180107674906495	0.756780355620486	9
TCF23	-0.170872329428048	0.889043906855419	0.998639733078915	9
TCF25	-0.18772776997088	0.617540994467699	0.977116799157219	9
TCF3	0.526665543760008	0.198559062973333	0.780997970767379	9
TCF4	0.0012501890028891	0.997216692862208	0.999620666732609	9
TCF7	1.61751547091343	0.042189073203126	0.417008622052741	9
TCF7L1	-0.591556768689661	0.179649570743701	0.756182847698881	9
TCF7L2	-0.294855265013624	0.406770757005738	0.915238409840383	9
TCFL5	-0.0228909874623177	0.945777753866232	0.998639733078915	9
TCHH	0.846182854046734	0.448919569375221	0.932585632008735	9
TCHP	-0.313349899214087	0.132948153135221	0.692465662818985	9
TCIM	2.09274188395999	0.00535916929173558	0.14330923535382	9
TCIRG1	-0.554985292146589	0.142626183974134	0.709784552734478	9
TCL1B	-0.316298406492985	0.914322257749338	0.998639733078915	9
TCN1	0.835037424833574	0.632698179981204	0.979496645760333	9
TCN2	0.0320801478825965	0.941635958396752	0.998639733078915	9
TCOF1	-0.392649470906293	0.253161764338724	0.839003323620096	9
TCP1	0.30301678764239	0.264749356018492	0.84593551057786	9
TCP11L1	0.174777389582817	0.770281338791506	0.992930756580613	9
TCP11L2	-0.708279041281398	0.302875897064468	0.874342355309609	9
TCTA	-0.687908609623757	0.167540335279571	0.744449996707329	9
DRC5	1.49949147802663	0.126286196382849	0.679443938788914	9
TCTN1	0.0169706147957157	0.961118849673459	0.998639733078915	9
TCTN2	0.411421172192955	0.319945908990791	0.884742116921954	9
TCTN3	0.0322447359891273	0.90155910663887	0.998639733078915	9
TDG	0.226115273134259	0.51764793596119	0.953758404613893	9
CRIPTO	0.798802054902794	0.482542828481545	0.94271760619919	9
TDO2	0.217190785681087			9
TDP1	0.783688523054212	0.0516490385716752	0.46515647245668	9
TDP2	0.204435354139985	0.553945971634287	0.962765334045336	9
TDRD1	-0.314155044402533	0.829799802103645	0.99746225363255	9
TDRD10	-1.05153686634956	0.128348740470164	0.682562328088299	9
TDRD12	-0.960088565769119	0.358997973014047	0.900912798310158	9
TDRD3	-0.51331056494138	0.257416363875775	0.840646669727947	9
TDRD5	3.83888336567923	0.0243658533442605	0.320272599229001	9
TDRD6	0.240396112358029	0.697028097830621	0.989276793964962	9
TDRD7	0.00601305265053018	0.986019724637885	0.999458538741689	9
TDRD9	0.832205535134933	0.30955923033652	0.877235807280418	9
TDRKH	0.196288608278366	0.680721606286755	0.987076378845579	9
TDRP	0.3084143853928	0.451545501046742	0.933085210672351	9
TEAD1	0.33290730866568	0.490669821578482	0.944931536265188	9
TEAD2	0.171776153497158	0.669018495152815	0.984493894849006	9
TEAD3	-0.493134022623486	0.334694557562362	0.892969331445685	9
TEAD4	0.570243121080634	0.164772938037399	0.741226976760448	9
TEC	1.39689577719903	0.0166371536912463	0.264065618963964	9
TECPR1	-0.121681298802956	0.63944109044351	0.980691547015745	9
TECPR2	0.111318427241287	0.749312065044305	0.991008075540888	9
TECR	-0.705020593475162	0.208700085041649	0.792748830494025	9
TECTA	0.0795726847509546			9
TEDC1	0.160727451445199	0.806832708303175	0.995590233849494	9
TEDC2	2.13058558545914	0.0387614429622424	0.402580508709309	9
TEF	-0.557833328571346	0.0997326585654213	0.614922130493485	9
TEFM	0.132280226607525	0.732272081229757	0.991008075540888	9
TEK	-0.119560507282171	0.817063944219745	0.995966406600323	9
TEKT1	2.72937653233821	0.0170851955072966	0.267438569335318	9
TEKT2	1.87060808643664	0.0177922357974229	0.271978858565318	9
TEKT3	1.40924090212855	0.0280601014401851	0.3467278248125	9
TEKT4	2.99444848113777	0.0337431786769248	0.373936231569135	9
TELO2	-0.215993292381694	0.601572139519607	0.974057468095769	9
TENM1	-0.570316677563607	0.550840096890032	0.961546579712439	9
TENM2	-0.278791873993007	0.790944966343861	0.994052363875907	9
TENM3	-0.222713450974897	0.618886619726375	0.977673950533072	9
TENM4	0.912083671407202	0.0596947700413363	0.49116750311046	9
TENT2	-0.0659353754625	0.836595319056064	0.998604146933345	9
TENT4A	0.0266363014445372	0.919438111054683	0.998639733078915	9
TENT4B	0.0890356052634078	0.80806079846598	0.995936140923453	9
TENT5A	-0.860242804094039	0.0307523256387936	0.361360034356068	9
TENT5B	-0.387057309000986	0.832757486861329	0.99758896469785	9
TENT5C	1.08447973195237	0.00629573586683218	0.15582354194672	9
TEP1	0.0739965741449583	0.77561930761768	0.992930756580613	9
SPMIP8	-0.322880968284512	0.795456557365778	0.994714385280344	9
TEPSIN	-0.20322651527815	0.520455477503892	0.954222246110415	9
TERF1	-0.100932370623675	0.773737697513448	0.992930756580613	9
TERF2	0.0133931615533009	0.955634120513985	0.998639733078915	9
TERF2IP	-0.0161324071858625	0.934748384946669	0.998639733078915	9
TES	0.282700547071655	0.678332058460275	0.98672896048664	9
TESC	-0.200832662853597	0.695409140201567	0.989276793964962	9
TESK1	-0.701388315079625	0.131881031337152	0.691052858916471	9
TESK2	-0.134462541020067	0.769352068853235	0.992930756580613	9
TESMIN	2.67149275995539	0.00191113409193995	0.0813275058732935	9
TESPA1	-1.23619342181385	0.0520537943389678	0.468228806737437	9
TET1	0.701237542827518	0.269397067400223	0.848787643947641	9
TET2	0.385777857983286	0.307558960914327	0.876432473153517	9
TET3	0.77965597053688	0.108879988044184	0.637509636263216	9
TEX10	0.129482873101182	0.699333801883124	0.989276793964962	9
TEX14	1.00144310368138	0.413969831991351	0.917508812315967	9
TEX15	-0.921460498943898	0.43427508825825	0.927018738652208	9
TEX2	-0.146339818012659	0.742696133684242	0.991008075540888	9
TEX22	-0.582802722033166	0.404624054951227	0.915238409840383	9
TEX261	0.0736787675285568	0.829597782543442	0.99746225363255	9
TEX264	-0.230805139581166	0.586575675415896	0.971161794932015	9
TEX29	-1.11283204069979	0.173263326891868	0.750117028501308	9
TEX30	-0.147047413167118	0.718336579671498	0.989276793964962	9
SAXO5	3.37895672943914	0.00365984559709832	0.116178453459717	9
TEX50	-1.73570782368246	0.33277970325445	0.891175834495453	9
TEX52	1.25383664059297	0.226697929575777	0.808244559806673	9
TEX9	0.983428096557438	0.143598602953963	0.711869112393627	9
TF	0.73816809570336	0.110364633033101	0.639863451768107	9
TFAM	0.137757033993851	0.721094364611736	0.990516044835733	9
TFAP2A	1.30257292079031			9
TFAP2C	-0.238500479401898	0.761129816511263	0.992004541019998	9
TFAP2E	0.167458056447924	0.719752600867303	0.9901017186991	9
TFAP4	0.0274965708444868	0.956026186054272	0.998639733078915	9
TFB1M	-0.180272628797783	0.611058940909409	0.975328830748679	9
TFB2M	0.38664147783867	0.257175737226805	0.840547211401925	9
TFCP2	0.147366682640402	0.443630435886451	0.931999985547957	9
TFCP2L1	3.30526755278042	0.000895443157634561	0.0531000343189723	9
TFDP1	0.512061919954765	0.128381190351055	0.682562328088299	9
TFDP2	0.14675457647732	0.57897429509797	0.969055975901473	9
TFE3	-0.198683365938637	0.581589215375974	0.969928641754011	9
TFEB	-0.173630018079502	0.728211009581831	0.991008075540888	9
TFEC	0.138179383313874	0.819355971603456	0.995966406600323	9
TFF3	0.0325873590556933			9
TFG	0.187087463969676	0.434640170178212	0.927261678277292	9
TFIP11	0.164956121186999	0.577962016433026	0.969055975901473	9
TFPI	-0.917188469908442	0.082207733464643	0.571022999341938	9
TFPI2	3.15873339097543	7.03465114476682e-05	0.0126632299448662	9
TFPT	0.162725609910832			9
TFR2	1.87165204356816	0.0822968968815721	0.571022999341938	9
TFRC	1.5320203107925	0.000116618920776799	0.0183128924424078	9
TG	-1.06230055498609	0.133542025198674	0.693057206498099	9
TGDS	0.209938979870893	0.638418741747268	0.980691547015745	9
TGFA	1.61740063603526	0.106585587352204	0.632609602312204	9
TGFB1	-0.987649088495492	0.0578707814691022	0.484807380967888	9
TGFB1I1	-1.42385261432591	0.0672773749583692	0.518309672108814	9
TGFB2	0.801541886476802	0.307257064468632	0.876432473153517	9
TGFB3	-0.305459784882021	0.408736006429284	0.915271886809331	9
TGFBI	0.763433724269615	0.166275602272948	0.743424340491471	9
TGFBR1	0.0106788916754173	0.984421799955651	0.999393214781001	9
TGFBR2	-0.344861829946174	0.583950088521801	0.971013546994515	9
TGFBR3	-0.625275157503007	0.317993993834857	0.883125763337951	9
TGFBR3L	-3.29098388008658	0.00114301508491481	0.0611306002479256	9
TGFBRAP1	-0.111337496509263	0.753392627572182	0.991008075540888	9
TGIF1	0.608977562595491	0.249937111922988	0.83715037646817	9
TGIF2	-0.199521457933753	0.634003361819003	0.980355269197952	9
TGM1	0.753114459311761			9
TGM2	-1.14614406703009	0.0633077354857916	0.503494333785437	9
TGM3	0.166559320869215	0.950480334617423	0.998639733078915	9
TGOLN2	0.311025447015834	0.455076734582277	0.934658088099206	9
TGS1	0.0957347132385294	0.767367602661544	0.992930756580613	9
TH	1.28410418010352	0.211732518264715	0.794171927467666	9
THADA	0.0410361255468233	0.853780435335271	0.998639733078915	9
THAP1	-0.0791508048877772	0.809319109813259	0.995936140923453	9
THAP10	0.21220215816146	0.662999787069246	0.983171338937342	9
THAP11	-0.166574236194238	0.681794045020778	0.987306006486237	9
THAP12	-0.0319816872001032	0.943642044048696	0.998639733078915	9
THAP2	0.187827873468207	0.721883925257332	0.990516044835733	9
THAP3	-0.575312872800806	0.103759583314819	0.627188865401326	9
THAP4	-0.290179373800383	0.392263594590513	0.912807186165296	9
THAP5	-0.307262766376839	0.429972374644094	0.92451488206047	9
THAP6	-0.375234500315882	0.267516147141046	0.847767249375861	9
THAP7	-1.13483205338952	0.0224080619647387	0.308837910981801	9
THAP8	-0.395713024267752	0.392841427259178	0.912945341948813	9
THAP9	-0.0176904924354334	0.97323334663801	0.998639733078915	9
THBD	1.81636956971694	0.0346082868059548	0.379708638591042	9
THBS1	-0.116288513367558	0.905409946874568	0.998639733078915	9
THBS2	0.128760954865125	0.882575346196905	0.998639733078915	9
THBS3	-0.0760804889701936	0.840469247599621	0.998604146933345	9
THBS4	2.34460683640168	0.0115432541056328	0.216733474981029	9
SPMAP2	0.011388321965931	0.993506200157522	0.999620666732609	9
THEM4	-0.331784412562775	0.44715125513527	0.932585632008735	9
THEM5	-0.167598237618154	0.88004828372818	0.998639733078915	9
THEM6	0.453526288114689	0.451784019708698	0.933085210672351	9
THEMIS	0.240500296817731	0.927303303356265	0.998639733078915	9
THEMIS2	-0.021645266701942	0.961689541230378	0.998639733078915	9
THG1L	-0.0754740549100446	0.774642592406923	0.992930756580613	9
THNSL1	0.443426531904057	0.337299172717889	0.894676206377135	9
THNSL2	0.618712773587672	0.316062043689195	0.881426757395846	9
THOC1	0.0143231380206207	0.977403394647353	0.998639733078915	9
THOC2	-0.200942195165195	0.6281227075522	0.979047032739808	9
THOC3	0.429687912994832	0.423459802282432	0.922338813854358	9
THOC5	-0.854526710748609	0.0479314918391908	0.448362960100314	9
THOC6	-0.458694481818633	0.405448679869196	0.915238409840383	9
THOC7	-0.374569878853921	0.377828954465083	0.905673456930873	9
THOP1	-0.0886179755933344	0.8209184130123	0.996019784191563	9
THPO	-1.78342212364819	0.000398477612015624	0.034118284875201	9
THRA	-0.476501703739292	0.181834632845594	0.759038576668581	9
THRAP3	0.243225166289525	0.281860471522066	0.8612268238133	9
THRB	-1.46339756590448	0.183410076039386	0.760268501100077	9
THSD1	0.169216849822818	0.698544464934563	0.989276793964962	9
THSD4	0.0703847566893484	0.868867833520389	0.998639733078915	9
THSD7A	1.14739844916611	0.0883087814811825	0.586381432048464	9
THSD7B	1.88173463842933	0.0151091917396161	0.248083180498858	9
THTPA	-0.313234833082751	0.601846043804575	0.974057468095769	9
THUMPD1	-0.218164608660115	0.536508174237353	0.95784961223136	9
THUMPD2	-0.174057109685224	0.687160445597232	0.989171265391501	9
THUMPD3	0.208522037780516	0.352957365487317	0.899715225734967	9
THY1	-0.057075920519234	0.936951575051549	0.998639733078915	9
THYN1	-0.619999107273674	0.0635131431556951	0.504312805874779	9
TIA1	-0.0856162179252981	0.848191665145076	0.998639733078915	9
TIAL1	-0.0182627883991002	0.956552003885577	0.998639733078915	9
TIAM1	-0.626091767069513	0.138986240761236	0.702495653805487	9
TIAM2	0.344264484574344	0.663688289643078	0.983308525887932	9
TICAM1	0.350595598309085	0.470987814514517	0.939528895871055	9
TICRR	2.14235136267174	0.00908805834704279	0.190552314290765	9
TIE1	-0.453889732995574	0.318680000039168	0.8832210815956	9
TIFA	1.0491795085611	0.073874478303007	0.541372976745903	9
TIGAR	0.755994695635104	0.126395571849785	0.679443938788914	9
TIGD1	-0.173274404436258	0.704172751594848	0.989276793964962	9
TIGD2	-0.156114670475776	0.744730016336248	0.991008075540888	9
TIGD3	-0.203115318181496	0.868571324718039	0.998639733078915	9
TIGD4	1.32258481784381	0.146684308402648	0.715061782143821	9
TIGD5	-0.608858083806346			9
TIGD6	-0.388457724507518	0.23749314016495	0.816354815013552	9
TIGD7	-0.160767116663699	0.842191945978992	0.998639733078915	9
TIGIT	-0.4828971705103	0.51862993311426	0.953758404613893	9
TIMELESS	1.03021541988767	0.0400245618413396	0.407983114431395	9
TIMM10	-0.145628527448983	0.712831909152576	0.989276793964962	9
TIMM10B	0.0111263557331558	0.97468880639793	0.998639733078915	9
TIMM13	-0.0403454448040785	0.93404603421611	0.998639733078915	9
TIMM17A	0.120828630709768	0.776813399944608	0.992930756580613	9
TIMM17B	-0.175394995096106	0.722032151006567	0.990516044835733	9
TIMM21	-0.145434427792339	0.543456315950079	0.959871555065334	9
TIMM22	-1.16437342292486			9
TIMM23	-0.233757108568056	0.570551102983504	0.966906276626216	9
TIMM23B	-0.0733137237051569	0.831311767887899	0.99746225363255	9
TIMM29	-0.307435017462856	0.393182120950325	0.912945341948813	9
TIMM44	-0.523426388380894	0.167311901374473	0.744093812633141	9
TIMM50	-0.597278218280702	0.190466562611261	0.767953272522486	9
TIMM8A	0.258127471953935	0.580695580644926	0.969055975901473	9
TIMM8B	0.141597204221113	0.789943366972929	0.994052363875907	9
TIMM9	-0.382255490481399	0.167697452729562	0.744609605309455	9
TIMMDC1	-0.423735612802603	0.119397312401626	0.664398365736216	9
TIMP1	-1.44129702320103	0.0378986980627192	0.398449203777634	9
TIMP2	-0.838419173791366	0.0952716166917943	0.605122346810489	9
TIMP3	-1.09288592692593	0.122272130866665	0.672200716470333	9
TIMP4	-1.05827147830503	0.298570035704516	0.873749464122593	9
TINAGL1	-0.350549187280751	0.574024854873604	0.968284112085412	9
TINF2	-0.845121013410258			9
TIPARP	-0.423516998651871	0.487455335959715	0.944144890972491	9
TIPIN	0.609239364612208	0.0616963295472194	0.500793671899467	9
TIPRL	-0.340408895451519	0.179582770939406	0.756182847698881	9
TIRAP	-0.0753715144065629	0.899531465822927	0.998639733078915	9
TJAP1	-0.0324984949503123	0.876240733546174	0.998639733078915	9
TJP1	-0.136547301732473			9
TJP2	-0.144436698111117	0.892729626028256	0.998639733078915	9
TJP3	2.54335488468901	0.0500997966041628	0.456593762377694	9
TK1	2.4074407438125	0.0130493746448842	0.230408874561168	9
TK2	-0.0268116256446216	0.929029097372896	0.998639733078915	9
TKFC	0.277878587048324	0.500707156616953	0.94888930167018	9
TKT	0.214785683958553	0.577404064683217	0.968529704407837	9
TLCD1	0.819621616772326	0.475492732598057	0.940283675486015	9
TLCD2	-0.183640628230974			9
TLCD3A	0.255862661155522	0.495037163205642	0.946469261729944	9
TLCD4	-0.00930212766223252	0.983227092833107	0.999263264585425	9
TLCD4-RWDD3	-0.767550220960214	0.349267041325557	0.899092963457163	9
TLCD5	-0.247675458846972	0.536709853178347	0.95784961223136	9
TLDC2	-0.344858157827537	0.78496406376872	0.994052363875907	9
TLE1	-0.276712919454383	0.502095126399273	0.949348943915356	9
TLE2	-0.670316118714531	0.324348217054189	0.886080378644328	9
TLE3	0.567787364425473	0.0151732528682007	0.248858206208346	9
TLE4	0.232122278409864	0.518618871008015	0.953758404613893	9
TLE5	-0.980822047610049	0.128680527511195	0.682765372607028	9
TLE6	-0.173191111497998	0.792992514542586	0.994276399100931	9
TLK1	-0.0123906967117997	0.969407810748649	0.998639733078915	9
TLK2	0.0880062416002488	0.742315499262514	0.991008075540888	9
TLL1	0.352638021533973	0.599779981312364	0.973859014866549	9
TLL2	-0.356553047468029	0.624317739775423	0.978573777801597	9
TLN1	-0.524556448843618	0.426238510079232	0.923349962911586	9
TLN2	0.0655554174583113	0.854013115479599	0.998639733078915	9
TLNRD1	0.305126234220031	0.376679903897917	0.905673456930873	9
TLR1	-0.218807802751895	0.713217911360721	0.989276793964962	9
TLR10	-0.328325656882523	0.72998450093357	0.991008075540888	9
TLR2	-0.0700039408828744	0.85057978506405	0.998639733078915	9
TLR3	-0.119544937947151	0.752558539155173	0.991008075540888	9
TLR4	-0.0777760459960956	0.882884643031955	0.998639733078915	9
TLR5	0.183169357777895	0.675112682766084	0.985298616459508	9
TLR6	1.22675778695977	0.0553585888840723	0.476193549252792	9
TLR7	-0.241334953354712	0.688465841974334	0.989171265391501	9
TLR8	0.657850019734675	0.590060547965974	0.971187979266693	9
TLR9	-0.87363898547003	0.515671221793396	0.953680371468858	9
TM2D1	-0.399156869155126	0.196941904725566	0.778521028197247	9
TM2D2	0.0221449336982911	0.936168146903798	0.998639733078915	9
TM2D3	-0.449123541470975	0.157917984260794	0.73118800679849	9
TM4SF1	0.0294946361647145	0.955845024426424	0.998639733078915	9
TM4SF18	0.216562287826812	0.640153415663795	0.980691547015745	9
TM6SF1	-0.537184086989102	0.475640669083676	0.940283675486015	9
TM6SF2	-0.910757760224127	0.302469563231004	0.874342355309609	9
TM7SF2	0.214366737396996	0.724693129221337	0.990984782893948	9
TM7SF3	0.259923965544432	0.499203787227731	0.948602871172571	9
TM9SF1	0.813838306541464	0.350096124900858	0.899092963457163	9
TM9SF2	0.131573445041867	0.603140863282853	0.974057468095769	9
TM9SF3	0.0278012420106079	0.920477341561939	0.998639733078915	9
TM9SF4	0.210547139413116	0.33512023941138	0.893374219751931	9
TMA16	0.197213700167664	0.576064084072328	0.968284112085412	9
TMA7	-0.547758241169148	0.46077666734067	0.937747940696302	9
TMBIM1	-0.319266543653713	0.463246404939679	0.938140224633076	9
TMBIM4	-0.0150258948597655	0.9773482308091	0.998639733078915	9
TMBIM6	0.131047625957402	0.547283435258358	0.960668683051641	9
TMC1	1.15346134413545	0.243755780006512	0.826893107574444	9
TMC2	-0.517444538087567	0.69401343932491	0.989171265391501	9
TMC3	1.11408448260514	0.235662804063384	0.813141339593178	9
TMC4	1.581094349924			9
TMC5	0.872502249167052	0.558119715554643	0.963781600526682	9
TMC6	0.0830589639484727	0.826460048285826	0.99746225363255	9
TMC7	0.120119291879047	0.831393503017572	0.99746225363255	9
TMC8	-0.616473487745712	0.231981626774887	0.808244559806673	9
TMCC1	0.46731893987329	0.0380340303422679	0.399303216132445	9
TMCC2	-0.230277195923202	0.676443552980456	0.985627824404081	9
TMCC3	-0.66341940801154	0.193536884650773	0.772943169461596	9
TMCO1	-0.0310816681469073	0.90699342572874	0.998639733078915	9
SLC9D1	0.248905435404612	0.593610008583684	0.971886033994504	9
TMCO4	-0.4158835895219	0.307049661822112	0.876432473153517	9
TMCO6	-0.277405853527817	0.427390253760208	0.923608338376662	9
TMED1	-0.352937787103804	0.609898140172366	0.975328830748679	9
TMED10	0.411874425863849	0.128282190962116	0.682562328088299	9
TMED2	0.55676214279107	0.0868591971700806	0.582520949308296	9
TMED3	0.431042788932667	0.373572492257843	0.905673456930873	9
TMED4	0.145518117360246	0.624439476587633	0.978573777801597	9
TMED5	0.0835136237563525	0.840241474976501	0.998604146933345	9
TMED6	0.591682748358521	0.610894159064179	0.975328830748679	9
TMED7	-0.135795136830703	0.662393542481309	0.983171338937342	9
TMED8	-0.275983064078494	0.451640308341262	0.933085210672351	9
TMED9	0.464782321342184	0.227424432168486	0.808244559806673	9
TMEFF1	0.777856762027093	0.599429598692202	0.973817161820319	9
TMEM100	-0.0107486570289454	0.983714160304486	0.999263264585425	9
TMEM101	2.97280676770984	0.000268083217480696	0.0275123342037602	9
TMEM102	0.0958213395023387	0.975404755346391	0.998639733078915	9
SLC38A12	0.124954607113443	0.786367716895413	0.994052363875907	9
TMEM106A	0.333395823588258	0.54185596001757	0.959523738578315	9
TMEM106B	-0.0798239178659353	0.842615680873053	0.998639733078915	9
TMEM106C	0.380165110221267	0.424972620387937	0.922776261839354	9
TMEM107	-0.221046003952211	0.568176234541422	0.965867959768124	9
TMEM108	0.0695692511857012	0.929865764677185	0.998639733078915	9
TMEM109	-0.357150276557543	0.376797761787056	0.905673456930873	9
TMEM11	-0.0177810733961231	0.95356446607482	0.998639733078915	9
TMEM115	-0.424504355965426	0.310507402872175	0.877877757861746	9
TMEM116	0.231409424792603	0.655428857321902	0.982654069775495	9
TMEM117	-0.0197614571881061	0.956710261776971	0.998639733078915	9
TMEM119	-0.10006513909431	0.879046404840601	0.998639733078915	9
TMEM120A	-0.853112758433658	0.0485742228201768	0.450662541199641	9
TMEM120B	1.66436835626012	0.00343024378144565	0.112021744375927	9
TMEM121	-0.711426281080104	0.170061487338927	0.747758383259838	9
TMEM121B	1.79791860755242	0.0386576270097163	0.401968829400171	9
TMEM123	-0.49195976454278	0.357489980216159	0.900578579257948	9
TMEM125	2.90593762337979	0.0407146841134592	0.41097893117917	9
TMEM126A	-0.679520161450331	0.182841268831795	0.759617216219006	9
TMEM126B	-0.47795536146378	0.130055759350575	0.687201660527706	9
TMEM127	-0.0475361866054289	0.869328872833938	0.998639733078915	9
TMEM128	-0.212323077718334	0.482959137578435	0.942995405287983	9
TMEM129	-0.31762198385686	0.234810365922535	0.812677377860435	9
TMEM130	0.302934349482925	0.621554275167827	0.978573777801597	9
TMEM131	0.193990541719017	0.484023718043748	0.94344039377311	9
TMEM131L	-0.558075572455402	0.290030573927412	0.865576486401642	9
TMEM132A	0.993816083455173	0.146500817964458	0.714977993903015	9
TMEM132B	2.55450873486282	0.00595999907079142	0.151772944896954	9
TMEM132C	-0.266734059081965	0.659223703820131	0.982975949819678	9
TMEM132D	3.18917451486121	0.0243011882966681	0.320272599229001	9
TMEM132E	0.209128168682023	0.760678209950438	0.991955190535962	9
TMEM134	-0.361935624145294	0.247354526609719	0.834188414193187	9
TMEM135	0.0689019840547586	0.838913692004177	0.998604146933345	9
TMEM138	-0.484247157491896	0.0745420976829486	0.542880757326271	9
TMEM139	2.04382978519606	0.0613699217735712	0.499544080780838	9
TMEM140	-1.10017530246911			9
TMEM141	0.029813081525079	0.968079833855424	0.998639733078915	9
TMEM143	-0.434939201364104	0.303119658855535	0.874342355309609	9
TMEM144	0.259921688215653	0.603232083778798	0.974057468095769	9
TMEM145	0.368675973301462	0.68876077048157	0.989171265391501	9
TMEM147	-0.917653006998505	0.135946660181176	0.698958081133523	9
TMEM14A	-0.175738005056083	0.667558625789702	0.984284072108766	9
TMEM14B	0.12442749472713	0.719047231685363	0.989807453322325	9
TMEM14C	-0.66286972713767			9
TMEM150A	-0.469923444752893	0.135168536380888	0.697142825128681	9
TMEM150B	0.169607373810088	0.805940243582765	0.995590233849494	9
TMEM150C	0.0498495955462469	0.881469539736914	0.998639733078915	9
TMEM154	1.03353753811112	0.0816947692696667	0.568817870690354	9
TMEM156	-1.22298547691197	0.218120792332413	0.799033281212017	9
TMEM158	-1.28511009612248	0.111865508835876	0.64449489779145	9
TMEM160	-0.350262273030145	0.645756427586767	0.980691547015745	9
TMEM161A	-0.779689633058889	0.0967837364826843	0.608961949795781	9
TMEM161B	-0.0232306413746401	0.959266867712165	0.998639733078915	9
TMEM163	-0.759732082823826	0.653390582349718	0.981748614216632	9
TMEM164	0.450071266842619	0.201893436833854	0.785771360826075	9
TMEM165	0.391888849012046	0.343658425235175	0.899092963457163	9
TMEM167A	0.377690893575332	0.186671990833915	0.765079182510763	9
TMEM167B	0.173355551905938	0.438987029564728	0.929022782904526	9
TMEM168	0.102797825433305	0.667479605448735	0.984282363239639	9
TMEM169	0.224970936143369	0.752965585393672	0.991008075540888	9
TMEM17	0.323485132197909	0.610870225459679	0.975328830748679	9
TMEM170A	0.66196945043928	0.145688421541803	0.713849580369802	9
TMEM170B	-0.178287039043533	0.730789603392071	0.991008075540888	9
TMEM175	-0.733697484336558	0.143688926192018	0.711869112393627	9
TMEM176A	-0.745909167623209	0.168838359417346	0.746130582121962	9
TMEM176B	-0.920370046301255	0.0904347666371296	0.591312486464214	9
TMEM177	-0.362168777592071	0.429915275577263	0.92451488206047	9
TMEM178A	0.837747813721395	0.0688359695785075	0.525925334859394	9
TMEM178B	0.012063821974668	0.990362391594914	0.999458538741689	9
TMEM179B	-0.341350612384164	0.480921240914992	0.94174561384269	9
TMEM18	-0.426898241970204	0.0756625655959718	0.545965214412317	9
TMEM181	0.373615286643169	0.0800318401476048	0.563352404586931	9
TMEM182	0.302369179915895	0.655234095901945	0.982654069775495	9
TMEM183A	0.0523964114343489	0.827153306929878	0.99746225363255	9
TMEM184A	1.67022438335526	0.0625778446801039	0.501120184198379	9
TMEM184B	0.384855254189162	0.189183627943498	0.765938627234022	9
TMEM184C	0.226066843599106	0.510171040774917	0.951538693830295	9
TMEM185A	-0.127133692242724	0.679978588058138	0.986916482166846	9
TMEM185B	0.16516265360935	0.569281973530465	0.966437172085474	9
TMEM186	0.0590108245790297	0.884056925820626	0.998639733078915	9
TMEM187	-0.340145031499217	0.392307413642486	0.912807186165296	9
TMEM19	0.140528442916239	0.733185964071658	0.991008075540888	9
TMEM190	1.77401692091708	0.183594902861487	0.760652559591083	9
TMEM191B	-1.63839913796035	0.0329990923179477	0.37041794806481	9
TMEM191C	-1.02953909337719	0.163009570803449	0.73994607886052	9
TMEM192	0.456167927148046	0.320368144764211	0.884743533183258	9
TMEM196	2.20886484899185	0.102789944065231	0.624139187308463	9
TMEM198	-0.401130781558548	0.450776061986988	0.932585632008735	9
VMA12	-0.215247276351981	0.673958286625965	0.985298616459508	9
TMEM200A	-0.393920492566908	0.361419947602138	0.90143277046037	9
TMEM200B	-1.20367760903806	0.0440742024971295	0.425493330974577	9
TMEM200C	-1.33582532732905	0.107634893776791	0.635265360671414	9
TMEM201	0.0974076751342386	0.779435900761128	0.992930756580613	9
TMEM203	-0.407469888339998	0.171812895683398	0.749226042299155	9
TMEM204	-0.663248845141205	0.0536682330996626	0.472692722723396	9
TMEM205	-0.40335649316227	0.573482807980069	0.968223690791924	9
TMEM208	-0.43534272576716	0.448559056760604	0.932585632008735	9
TMEM209	0.1088254312643	0.715641177785428	0.989276793964962	9
LHFPL7	1.57750809983213	0.312947016343202	0.879217911732395	9
TMEM212	2.53689530399339	0.222059430230888	0.803797383538111	9
TMEM213	1.9842064224667	0.331441354645604	0.890337731742266	9
TMEM214	-0.233346827026094	0.589320115840297	0.971161794932015	9
TMEM215	0.906202887917553	0.48624209510806	0.943977712144114	9
TMEM216	0.198615443984494	0.562188339117716	0.964946561877165	9
TMEM217	0.845301553485243	0.36258722430663	0.901490654874543	9
TMEM218	-0.0722306503062126	0.820310341987405	0.996009039113892	9
TMEM219	-0.185193980090718	0.666724347605047	0.984088154568007	9
TMEM220	-0.114602683140869	0.771194498103942	0.992930756580613	9
TMEM221	-0.914102118175015	0.209714757249822	0.793888952327014	9
TMEM222	-0.66578933228671	0.040436068430301	0.409456726745706	9
TMEM223	-0.691620404612925	0.201619859585964	0.785771360826075	9
TMEM225B	-0.545919393549015	0.477181443907279	0.940941389680967	9
TMEM229A	-0.833661937674096	0.673304311338099	0.985298616459508	9
TMEM229B	0.195631632031304	0.661812760112082	0.983171338937342	9
TMEM230	-0.0300921635241463	0.910901979515937	0.998639733078915	9
TMEM231	0.49232202448431	0.130932087022448	0.689124105353932	9
TMEM232	2.55475470755732	0.00248233354679847	0.0934737895007454	9
TMEM233	0.707592371434858	0.399705113537531	0.914438028200431	9
TMEM234	-0.256762225596696	0.593637692882111	0.971886033994504	9
TMEM236	0.515259462660055	0.637542058181823	0.980691547015745	9
TMEM237	-0.197090454387954	0.525540390890823	0.956520093727353	9
TMEM238	2.5357083598444	0.107551464414039	0.635026866486254	9
TMEM240	-0.765058709115259	0.0420730335665907	0.416246681284481	9
SLC35D4	0.0343846144661708	0.942165099688434	0.998639733078915	9
TMEM242	-0.488679979272535	0.0848547568507372	0.578540908024819	9
TMEM243	-0.00864733689017584	0.978475448647962	0.998639733078915	9
TMEM245	-0.201720444272275	0.60959587104021	0.975328830748679	9
TMEM248	-0.167931652626628	0.345684762355027	0.899092963457163	9
TMEM25	-0.315535767148664	0.26110686762757	0.843619396852548	9
TMEM250	0.0186643879382988	0.964130731445866	0.998639733078915	9
LYSET	0.120712071830852			9
TMEM252	-0.0392798984087594	0.970529665653819	0.998639733078915	9
TMEM253	-1.0383826318664	0.339880426993691	0.896524077278898	9
TMEM254	0.392485886639857	0.306474905761516	0.876432473153517	9
TMEM255A	-1.8623531081477	0.0307551785127612	0.361360034356068	9
TMEM255B	-0.318667510199423	0.529836229983696	0.957299775766752	9
TMEM258	-0.444332504963911	0.541118527609188	0.958992746552915	9
TMEM259	-0.51535210872327	0.13545318960872	0.697879417736237	9
TMEM26	1.98064111006594	0.0081855176345729	0.179002112302119	9
TMEM260	0.666604337880145	0.137476821873	0.701162949313771	9
TMEM263	0.374474561910497	0.518538435475721	0.953758404613893	9
TMEM265	-1.6275113483763	0.25363341910363	0.839098594740734	9
TMEM266	1.02104876361419	0.368991180965892	0.903413306060298	9
TMEM267	-0.265349418674899	0.479352017649079	0.941072442992838	9
TMEM268	-0.0989473731667272	0.721783343938511	0.990516044835733	9
TMEM273	-0.756507092689626	0.212589261591734	0.794171927467666	9
TMEM30A	-0.110928364274741	0.712210576223128	0.989276793964962	9
TMEM30B	2.44523176647606	0.00793004065103217	0.177356560681645	9
TMEM33	0.196590910915001	0.43493017885903	0.927478238968238	9
TMEM35A	0.236589571449573	0.694164835282163	0.989171265391501	9
TMEM35B	-0.329004130802902	0.812399353219047	0.995936140923453	9
TMEM37	-0.518453900841502	0.479441769674686	0.941072442992838	9
TMEM38A	-0.262184357381061	0.499028184017807	0.948602871172571	9
TMEM38B	-0.693562003241175	0.0499027418645487	0.455967715976924	9
TMEM39A	0.556244152097534	0.0255015063623204	0.32847097331083	9
TMEM39B	-0.333631833056244	0.350188736004577	0.899092963457163	9
TMEM41A	-0.221485079773054	0.275903271086129	0.856309542578291	9
TMEM41B	0.183703291411546	0.653104751549341	0.981479790263432	9
TMEM42	-0.258065586738899			9
TMEM43	-0.297717989127192	0.446276487724048	0.932585632008735	9
TMEM44	0.243343105628936	0.570955599923973	0.966951740948172	9
TMEM45A	0.18199459803095	0.656555129387908	0.982654069775495	9
TMEM45B	1.14445051718348	0.230760728069606	0.808244559806673	9
TMEM47	-0.480393231983601	0.406693408515558	0.915238409840383	9
TMEM50A	-0.00131900715085287			9
TMEM50B	-1.01703357574			9
TMEM51	-0.541194427444217	0.0136616085110233	0.235858483311362	9
TMEM52	1.99961547589863	0.175106161121999	0.751250158017082	9
TMEM53	-0.633075817501077	0.266274185465308	0.847767249375861	9
TMEM54	-1.23319310559186			9
TMEM59	-0.217738695688559	0.182044270457155	0.759038576668581	9
TMEM59L	0.192785439298755	0.784002504553573	0.993964186291201	9
TMEM60	-0.393486898778053	0.329282073317025	0.888309445836384	9
TMEM62	0.523032683973646	0.10846916911964	0.637411278258312	9
TMEM63A	-0.134140892677292	0.627345278730202	0.978573777801597	9
TMEM63B	0.495930371216083	0.0862670439871426	0.581484886566663	9
TMEM63C	2.28434342347167	0.0226309180871242	0.309861258844812	9
TMEM64	-0.96207774154892	0.0320642872295712	0.366719130312509	9
TMEM65	-0.11947077695952	0.630726596551958	0.979380833016394	9
TMEM67	0.28090752867617	0.509495193377401	0.951538693830295	9
TMEM68	0.205829812876125	0.584837942353116	0.971161794932015	9
TMEM69	0.130398336158806	0.673811955325347	0.985298616459508	9
TMEM70	0.121816688700583	0.703102000548905	0.989276793964962	9
TMEM71	0.264446258055223	0.787372697959394	0.994052363875907	9
TMEM74	0.74325225239189	0.494663741283214	0.946281222050183	9
TMEM74B	-1.07962660405688	0.123473024074904	0.674531942401798	9
TMEM79	-0.184297864925279	0.660910864135379	0.983171338937342	9
TMEM80	-0.729777353298165	0.0402193956896309	0.408588093444351	9
TMEM81	-0.488178480178817	0.419759411438411	0.920117117945111	9
TMEM86A	0.187733287160867	0.687612322932977	0.989171265391501	9
TMEM86B	-0.833843130408658	0.24189657094516	0.824224507214899	9
TMEM87A	-0.00543779805615169	0.98173053620325	0.998712918325029	9
TMEM87B	0.49826413310275	0.164098616178062	0.740525733232767	9
TMEM88	-0.376348075843046	0.440806499388779	0.929500440384991	9
TMEM278	-1.40401668826667	0.082972503970395	0.573373278126119	9
TMEM8B	-0.0140646293398119	0.95751104482235	0.998639733078915	9
TMEM9	-0.118409703096037	0.76028613740222	0.991955190535962	9
TMEM91	-0.662087127721007	0.209097898825342	0.793035479075249	9
TMEM92	2.98782315036142	6.33568576542764e-05	0.0119898791773689	9
TMEM94	-0.0453635808697552	0.834094574217652	0.997916033676686	9
TMEM97	1.00900109352716	0.0577325452154255	0.48410244035291	9
TMEM98	0.174442215686252	0.672159416685266	0.985298616459508	9
TMEM9B	0.177996619049625	0.568146839265369	0.965867959768124	9
TMF1	0.303960528187787	0.519756239165221	0.953979035340765	9
TMIE	-1.00714151879456	0.380752524867861	0.907280226042092	9
TMIGD2	-0.231076839939247	0.854841333086307	0.998639733078915	9
TMIGD3	-0.0195257498162859	0.987357966645744	0.999458538741689	9
TMLHE	0.354009536758578	0.344276409793285	0.899092963457163	9
TMOD1	-1.4654234261009	0.086271384159677	0.581484886566663	9
TMOD2	-0.912544210188548	0.0813200451179742	0.567969234768653	9
TMOD3	0.62603076172622	0.0823156750901208	0.571022999341938	9
TMOD4	0.719662985247181	0.322031885368065	0.885543112951723	9
TMPO	0.515256415570424	0.274882900761437	0.853804018323747	9
TMPPE	0.490616312306233	0.570297648747616	0.966906276626216	9
TMPRSS13	1.60040064701134	0.175290443277786	0.751250158017082	9
TMPRSS2	4.03118873172569	0.00861538629290483	0.184842612019721	9
TMPRSS3	2.12916052675335	0.152497251873828	0.723675843478971	9
TMPRSS4	1.71394348498899	0.198747039502789	0.780997970767379	9
TMPRSS5	-0.0057811482283827	0.991176189659374	0.999573118505296	9
TMPRSS6	-0.464420464159066	0.519362513128276	0.953758404613893	9
TMPRSS9	-0.622709218679079	0.247300027231685	0.834188414193187	9
TMSB10	-0.000558621220479053	0.999329632583767	0.999729730810983	9
TMSB15A	0.632992342289192	0.430408933644031	0.92451488206047	9
TMSB15B	0.318920986100448	0.63318242891692	0.979759546919064	9
TMSB4X	-0.766535915513525	0.071432919635129	0.533614031748046	9
TMTC1	0.447484449354832	0.271458128981201	0.850385100220023	9
TMTC2	1.22333798401249	0.00474733025860284	0.132257248881491	9
TMTC3	-0.193799850166861	0.596858101387078	0.972773091899058	9
TMTC4	0.204146417414886	0.540271750633401	0.958979719874913	9
TMUB1	-0.662528759615919	0.21837431421248	0.799063770969366	9
TMUB2	-0.101686874152976	0.597547438776006	0.973231572743311	9
TMX1	0.0214087437488243	0.947536057493872	0.998639733078915	9
TMX2	-0.0287614020680311	0.905323723749167	0.998639733078915	9
TMX3	0.0245898436153731	0.94690702026403	0.998639733078915	9
TMX4	-0.185674091513647	0.41797200287595	0.919780432363111	9
TNC	0.666953501753376	0.270515396309748	0.849828788594992	9
TNFAIP1	0.68387817971402	0.0316268047725967	0.364721300975235	9
TNFAIP2	0.237127360604492	0.55738993560055	0.96370024816501	9
TNFAIP3	1.19693965531721	0.0658906673773005	0.513679603143605	9
TNFAIP6	0.34894757618147	0.747056647454814	0.991008075540888	9
TNFAIP8	-1.00396182521825	0.037818823608408	0.398176644282247	9
TNFAIP8L1	0.0871074381049885	0.886293626905599	0.998639733078915	9
TNFAIP8L2	-0.53705702901919	0.405122742312795	0.915238409840383	9
TNFAIP8L3	-0.35722413378639	0.72575423286215	0.991008075540888	9
TNFRSF10A	0.533490375183921	0.316697279105834	0.88203179941155	9
TNFRSF10B	0.609279389821327	0.028467663848204	0.348160405505573	9
TNFRSF10C	1.49969573170736	0.0352477893590091	0.382006327994371	9
TNFRSF10D	1.13575236015837	0.024655129097304	0.322636844508248	9
TNFRSF11A	0.676799267029755	0.127200596771655	0.680046363254762	9
TNFRSF11B	1.29776206634772	0.166457022511801	0.743424340491471	9
TNFRSF12A	0.568645225699363	0.396103486841612	0.913575557698288	9
TNFRSF13C	0.907417421916263	0.28443451766303	0.8612268238133	9
TNFRSF14	-0.101584541927255			9
TNFRSF18	-0.817604487464483	0.444002674337482	0.932014146174001	9
TNFRSF19	1.1180262976599	0.139853357344334	0.704564985583522	9
TNFRSF1A	0.0196851756165612	0.951586306355326	0.998639733078915	9
TNFRSF1B	0.437472361107028	0.16726580681439	0.744093812633141	9
TNFRSF21	0.255947383056243	0.641477618166253	0.980691547015745	9
TNFRSF25	0.366564073428005	0.517953469005992	0.953758404613893	9
TNFRSF4	0.330106371303707	0.711566119357372	0.989276793964962	9
TNFRSF8	0.0307812502424399	0.965331311045249	0.998639733078915	9
TNFRSF9	2.56880587939851	0.124138751967834	0.675419136674233	9
TNFSF10	1.28410701435369	0.0332977741813414	0.371791561793329	9
TNFSF12	-1.22756625102268	0.0100472833492945	0.201231953214296	9
TNFSF13	1.13715094260704	0.0469318896021624	0.442354787993683	9
TNFSF13B	-0.131554229363629	0.816377026250384	0.995966406600323	9
TNFSF14	0.278828828181393	0.723942421151888	0.990923041415339	9
TNFSF15	-0.255281676409658	0.753520714369576	0.991053651876121	9
TNFSF4	0.173822682025866	0.694642714509101	0.989228093394875	9
TNFSF8	0.0755280918923577	0.888280851457536	0.998639733078915	9
TNFSF9	2.5976810589967	0.0221594404613631	0.307329612485957	9
TNIK	-0.888215149682629	0.20052737335158	0.783944796347509	9
TNIP1	0.0134730196407863	0.966266481568247	0.998639733078915	9
TNIP2	0.0112723746413873	0.976416165875461	0.998639733078915	9
TNK1	1.31166781083125			9
TNK2	-0.350048529600466	0.274360276556032	0.853352465043075	9
TNKS	-0.436084201370359			9
TNKS1BP1	-0.393778574872786	0.294387332330703	0.869965782411697	9
TNKS2	0.118488445851667	0.787991444394354	0.994052363875907	9
TNN	1.07330982161712	0.252744631409735	0.838462877724287	9
TNNC1	2.14480880163804	0.137220266820875	0.701162949313771	9
TNNC2	-0.664615527432257	0.365400540614672	0.90239123320911	9
TNNI1	-0.326107947609069	0.717197866571753	0.989276793964962	9
TNNI3	3.78081839716745	0.0745786207762637	0.542880757326271	9
TNNT1	3.17041225348234	0.0638971811438817	0.505729914672835	9
TNNT2	0.110867487293993	0.926468931436986	0.998639733078915	9
TNNT3	-2.88182053427745			9
TNPO1	-0.201667896268672	0.452799694800439	0.933879599685521	9
TNPO2	0.207806978514276	0.407029533190618	0.915238409840383	9
TNPO3	0.267692453887832	0.301466324721671	0.874342355309609	9
TNRC18	0.012456110483393	0.971219399603054	0.998639733078915	9
TNRC6A	-0.315886986684556			9
TNRC6B	0.259348227641672	0.474232972928279	0.939899973963271	9
TNRC6C	-0.410628458390543	0.30007677455824	0.874342355309609	9
TNS1	-0.203434248494334	0.819929799675302	0.995966406600323	9
TNS2	-0.578437011037143	0.170153223566599	0.747758383259838	9
TNS3	0.253304871786717	0.612485832043981	0.975769461971015	9
TNS4	0.488408450385137	0.660589785858069	0.983059363751483	9
TNXB	-2.31457444889636			9
TOB1	0.876789868660093	0.0149727115936483	0.246635138480758	9
TOB2	0.399513358068498	0.133970760673429	0.693776811793398	9
TOE1	-0.341895910636561	0.283993739130035	0.8612268238133	9
TOGARAM1	0.123913850029586	0.746382645038333	0.991008075540888	9
TOGARAM2	1.59084722869076	0.0414225238630323	0.413413032280067	9
TOLLIP	-0.282681031837183	0.440853098240995	0.929500440384991	9
TOM1	-0.156731705834496	0.586068042638845	0.971161794932015	9
TOM1L1	1.41605956186799	0.0149875834440241	0.246635138480758	9
TOM1L2	-0.21538045286207	0.571527795730718	0.967024506279358	9
TOMM20	-0.0939760268782548	0.557024488007199	0.96370024816501	9
TOMM22	0.35901926543357	0.493178504025924	0.945530063911015	9
TOMM34	0.244159547923601	0.517252561071721	0.953680371468858	9
TOMM40	0.16045442350964	0.690287362251271	0.989171265391501	9
TOMM40L	-0.206084728336039	0.723785797835837	0.990892428292969	9
TOMM5	-0.216643662285038	0.804052598162714	0.995590233849494	9
TOMM6	-0.275821167102136	0.88306417929359	0.998639733078915	9
TOMM7	-0.781480913542682	0.0226012391564694	0.309861258844812	9
TOMM70	-0.240344298039953	0.210755356879094	0.794171927467666	9
TONSL	0.984340362572039	0.0491896596739197	0.452644494592047	9
TOP1	0.340090412691642	0.256667118245773	0.840547211401925	9
TOP1MT	0.0716306268482227	0.875216102656876	0.998639733078915	9
TOP2A	3.55623003773713	2.79852708691832e-05	0.00697034628611096	9
TOP2B	0.0702952872470923	0.850029193467065	0.998639733078915	9
TOP3A	-0.042976952834509			9
TOP3B	-0.1991861773905	0.876717890021047	0.998639733078915	9
TOPBP1	0.327167691813975	0.389155082226054	0.911850347346707	9
TOPORS	0.0956641997394851	0.871315890085641	0.998639733078915	9
TOR1A	-0.0681318262559517	0.780885280925428	0.99341960111525	9
TOR1AIP1	-0.258074157600324	0.464440444109812	0.938355642512777	9
TOR1AIP2	-0.0670177357650253	0.802940436426199	0.995590233849494	9
TOR1B	0.184664566775004	0.518163348865533	0.953758404613893	9
TOR2A	-0.215147908296209	0.713754694209542	0.989276793964962	9
TOR3A	0.388638340019354	0.267286235979134	0.847767249375861	9
TOR4A	0.478885909324571	0.409717546173376	0.915887078357671	9
TOX	0.508996722883547	0.483121953974107	0.942995405287983	9
TOX2	-1.61867530478804	0.0234560460952009	0.314187564801507	9
TOX3	0.149971523259091	0.855859271175436	0.998639733078915	9
TOX4	0.0487947744091101	0.847963642489391	0.998639733078915	9
TP53	0.415461900669314	0.297449242190506	0.872198701623769	9
TP53AIP1	2.08362680200427	0.100285094887674	0.616538228087027	9
TP53BP1	0.139879354058605	0.697677829105491	0.989276793964962	9
TP53BP2	0.228799683603097	0.579639343192413	0.969055975901473	9
TP53I11	0.143878307286299	0.695261420509188	0.989276793964962	9
TP53I13	-0.485862639176413	0.344061272589171	0.899092963457163	9
TP53I3	0.174932835743579	0.715525289273083	0.989276793964962	9
TP53INP1	0.0215363854739424	0.963801392838259	0.998639733078915	9
TP53INP2	0.109656272048799	0.812598012697171	0.995936140923453	9
TP53RK	0.0166011684186496	0.955192735272758	0.998639733078915	9
TP53TG3	0.685693279971899	0.61016720438988	0.975328830748679	9
TP53TG5	-0.106899483624531	0.885667257404168	0.998639733078915	9
TP63	0.0697018093181906	0.94050084448686	0.998639733078915	9
TP73	2.64657645592695	0.028257812698966	0.3467278248125	9
TPBG	2.06411378886026			9
TPBGL	-1.57175440368826	0.0948354109610485	0.60287058621707	9
TPCN1	-0.539917528248848	0.0289321859058333	0.349197053275557	9
TPCN2	-0.322835175461889	0.540141330753326	0.958979719874913	9
TPD52	2.25924001111007	0.000842788163684067	0.0513512839308957	9
TPD52L1	1.11617630766939	0.0595730280176505	0.490439189385688	9
TPD52L2	-0.203725775159618	0.52910024335358	0.957299775766752	9
TPGS1	-0.957289608621043	0.135804034986055	0.698468069835944	9
TPGS2	0.665796766032343	0.0740591646150966	0.542189538182849	9
TPH1	-0.539645850448972	0.444191262724885	0.932277439084604	9
TPI1	0.270303281830154	0.557750633365074	0.96370024816501	9
TPK1	-0.28039239941784	0.773193559760247	0.992930756580613	9
TPM1	-0.585083957765209	0.517151420475098	0.953680371468858	9
TPM2	-1.00003108665618	0.296149872351673	0.870117091119237	9
TPM3	0.891895473758853	0.00100706352919511	0.0560953386960343	9
TPM4	-0.0358608026186796	0.934345308191365	0.998639733078915	9
TPMT	0.344214440781812	0.377629934360625	0.905673456930873	9
TPP1	-0.263795665004357	0.519355688141167	0.953758404613893	9
TPP2	0.0444874734628626	0.925681003826944	0.998639733078915	9
TPPP	-0.157093922285849	0.789260913563584	0.994052363875907	9
TPPP3	-0.225439292649421	0.752221858545402	0.991008075540888	9
TPR	0.0946547724278118	0.842387993876322	0.998639733078915	9
TPRA1	-0.23561272787385	0.388864215243683	0.911850347346707	9
TPRG1	-1.17934599291174	0.0978355764994905	0.611794745383946	9
TPRG1L	-0.772902357527928	0.0477223888522937	0.447257258316639	9
TPRKB	-0.275231698983561	0.506461224843447	0.951008032046065	9
TPRN	-0.746911188154466	0.116256498928963	0.655485936092599	9
TPSAB1	-2.01401160101179	0.032630607110184	0.36955440424629	9
TPSB2	-2.09515616198505	0.0178228483049775	0.271978858565318	9
TPSD1	-2.19469286217707	0.040130275654465	0.408244658122369	9
TPSG1	-1.03615920811579	0.260247910100448	0.842792685728616	9
TPST1	0.607153415237114	0.129618755680607	0.685525780222656	9
TPST2	0.0841834788434644	0.775807465981343	0.992930756580613	9
TPT1	-0.24238748772206	0.566071834721069	0.965061168919095	9
TPTEP2-CSNK1E	-1.3722467079968	0.208002571290265	0.792178019421267	9
TPX2	3.64198447600127	4.23030328561756e-05	0.00904978359405809	9
TRA2A	0.245318548817082	0.594637822122739	0.972236092783093	9
TRA2B	0.203155796156262	0.29434834501892	0.869965782411697	9
TRABD	-0.0923362144122943	0.722157437558168	0.990516044835733	9
TRABD2A	-0.177737580437406	0.857560620773832	0.998639733078915	9
TRABD2B	-0.737550724864485	0.330351705870532	0.889515054789296	9
TRADD	-0.447794453063519	0.325756611844009	0.886685109243852	9
TRAF1	-0.531023128190972	0.144844339522983	0.711869112393627	9
TRAF2	-0.0343919206894262	0.921407029991858	0.998639733078915	9
TRAF3	0.160811093469901	0.589537730033485	0.971187979266693	9
TRAF3IP1	0.196080313902939	0.519212627097632	0.953758404613893	9
TRAF3IP2	0.0156967525686056	0.968987045644731	0.998639733078915	9
TRAF3IP3	-0.526891649273023	0.306788876378969	0.876432473153517	9
TRAF4	1.33436228916673	0.0279287682057496	0.346243253344621	9
TRAF5	-0.525938668001507	0.276566275604282	0.857340592817907	9
TRAF6	0.00644736216207731	0.975969329344754	0.998639733078915	9
TRAF7	0.0680529276762768	0.8413729641575	0.998604146933345	9
TRAFD1	0.0766900057783523	0.737017241804326	0.991008075540888	9
TRAIP	0.184206628280744	0.752750982559812	0.991008075540888	9
TRAK1	0.662104689730645	0.0507812931760397	0.459303105742354	9
TRAK2	0.00936532195408336	0.980350013385316	0.998639733078915	9
TRAM1	0.366335937574794	0.322592795480542	0.885543112951723	9
TRAM1L1	-0.3970743614045	0.512169063180659	0.951557903286306	9
TRAM2	0.10628669973535	0.777595533782295	0.992930756580613	9
TRANK1	0.147188188950432	0.659879554688486	0.982975949819678	9
TRAP1	0.275005820980058	0.337988257963038	0.895699223661114	9
TRAPPC1	-1.08687940134643	0.115651553643069	0.653072908693706	9
TRAPPC10	0.260207694153032	0.644589908767149	0.980691547015745	9
TRAPPC11	-0.0854856895926245	0.672897989457383	0.985298616459508	9
TRAPPC12	0.10694281932093	0.8652061089544	0.998639733078915	9
TRAPPC13	-0.12676638977029	0.750445624840201	0.991008075540888	9
TRAPPC14	-0.326046603491983	0.318337275469533	0.883125763337951	9
TRAPPC2	-0.293595407656774	0.226049616831175	0.808244559806673	9
TRAPPC2L	-0.513629485780921	0.145891031216165	0.71393513926047	9
TRAPPC3	-0.227857071750759	0.448422368013559	0.932585632008735	9
TRAPPC4	-0.874716351188696			9
TRAPPC5	-1.2665768080028	0.225541576130954	0.808244559806673	9
TRAPPC6A	-0.0408269955050524	0.942151092901103	0.998639733078915	9
TRAPPC6B	-0.0975857017411291	0.892497262029293	0.998639733078915	9
TRAPPC8	-0.0104220559165927	0.982608192179845	0.999070375492198	9
TRAPPC9	-0.0819329663375355	0.811422460108318	0.995936140923453	9
TRAT1	-0.165582002693721	0.908548627823197	0.998639733078915	9
TRDMT1	0.287333995179042	0.507063196307084	0.951538693830295	9
TREH	-1.13668181332655	0.156666339133656	0.7292143264838	9
TREM1	0.39462340175481	0.785790815293522	0.994052363875907	9
TREM2	0.90951547692975	0.381817430992209	0.907851207288101	9
TRERF1	-1.1528776748762	0.00296355150266696	0.106177144977833	9
TREX2	-0.975548520870096	0.264698784070392	0.84593551057786	9
TRH	7.03402946918327	0.000238481657973465	0.0256950930901191	9
TRHDE	0.110610768831769			9
TRIAP1	0.0860963688899099	0.849461180924504	0.998639733078915	9
TRIB1	1.85121261259361	0.00452727213392098	0.130443201341147	9
TRIB2	0.737331427910559	0.113379411478566	0.646424678576712	9
TRIB3	-0.445358373693301	0.496863774238816	0.947019531326569	9
TRIL	0.139590853274811	0.792190802108876	0.994052363875907	9
TRIM11	0.426371726499174	0.293568932772197	0.869287720408175	9
TRIM13	-0.0615635603214633	0.842594623577484	0.998639733078915	9
TRIM14	0.591250910685914	0.190035564306015	0.767526482628524	9
TRIM16	0.535972269339439	0.288381940595369	0.863250585500489	9
TRIM17	1.16872961508301	0.134296529054327	0.694830376926368	9
TRIM2	0.260754919846193	0.488917875534251	0.944931536265188	9
TRIM21	0.0841278633655337	0.785604691160112	0.994052363875907	9
TRIM22	0.331897772414074	0.321855714285626	0.885543112951723	9
TRIM23	-0.360482765500524	0.37980052746078	0.906881065731184	9
TRIM24	0.657646077056168	0.0232913519971829	0.313590405830319	9
TRIM25	0.920447001641571	0.0247395577416645	0.323168683030717	9
TRIM26	0.19200061852643			9
TRIM27	0.333532815649372			9
TRIM28	-0.291412999889757	0.438259455299866	0.928941789266548	9
TRIM29	0.37184518281852	0.659061628062102	0.982975949819678	9
TRIM3	-0.309173439232946	0.377471401108439	0.905673456930873	9
TRIM32	0.0749971838938763	0.861482208016767	0.998639733078915	9
TRIM33	-0.312149277435795	0.306364289679743	0.876432473153517	9
TRIM35	-0.106436628304069	0.73577921677348	0.991008075540888	9
TRIM36	-0.54499106972257	0.488479130329946	0.944888015043943	9
TRIM37	0.290393672534284	0.457138872913282	0.936230722336266	9
TRIM38	-0.207604485783692	0.353501969405821	0.899715225734967	9
TRIM39	0.00822631752146864			9
TRIM4	0.158986098651324	0.650443279346019	0.981292533915803	9
TRIM41	-0.037365125565423	0.855455571651913	0.998639733078915	9
TRIM44	0.102756046765932	0.718246739146338	0.989276793964962	9
TRIM45	0.197404266882974	0.525418861270122	0.956432089185877	9
TRIM46	-1.22185446864716	0.125999860339822	0.679443938788914	9
TRIM47	-1.140299544529	0.136001783259645	0.698998023222711	9
TRIM5	0.347290947998271	0.220950401477439	0.801618778727869	9
TRIM52	-0.038860261996731	0.926981263092195	0.998639733078915	9
TRIM54	-2.35195413628886	0.278738633007633	0.858073193290024	9
TRIM55	3.51215250917167	0.020955573764277	0.297428100321628	9
TRIM56	-0.235717111868368	0.39086964713484	0.912807186165296	9
TRIM58	1.62719876827128	0.0794613440496778	0.560985194420479	9
TRIM59	1.10353429018902	0.0604726803008267	0.495169306792222	9
TRIM6	0.414715888728741	0.427559703193217	0.923608338376662	9
TRIM61	-0.140066236075861	0.902806560037443	0.998639733078915	9
TRIM62	0.315193090094227	0.430299417462851	0.92451488206047	9
TRIM63	-2.56743629817849	0.0751606536377625	0.545450544910036	9
TRIM65	-0.343448304437257	0.329362346525475	0.888309445836384	9
TRIM66	0.403453393915007	0.21308312507745	0.79427272961319	9
TRIM68	0.157656494611468	0.576375495832291	0.968284112085412	9
TRIM69	-1.16699783409631			9
TRIM7	-0.549172802516079	0.422608080537651	0.922252790777094	9
TRIM73	-0.866520249995619	0.296561836911637	0.870807494460449	9
TRIM74	-0.929369127928947	0.216594874786356	0.798889791784458	9
TRIM8	0.248319875255274	0.339316650703545	0.896524077278898	9
TRIM9	-1.75782726212759	0.0422316611746275	0.417008622052741	9
TRIO	-0.084357910944244	0.870816192747406	0.998639733078915	9
TRIOBP	-0.424350313461335	0.170927652448608	0.74890563306438	9
TRIP10	-0.417139012711584	0.205128494026369	0.788798007916763	9
TRIP11	-0.158353110529116	0.673673770441508	0.985298616459508	9
TRIP12	0.000384335268240694	0.998894341736451	0.999620666732609	9
TRIP13	1.5358656077723	0.0521058158534069	0.468228806737437	9
TRIP4	0.116639496564133	0.645146956280159	0.980691547015745	9
TRIP6	-0.61368223116312	0.0695871553459292	0.529173808342532	9
TRIQK	0.0326411505683175	0.925150643735026	0.998639733078915	9
TRIR	-0.668531797491925	0.150384425424151	0.721659461536377	9
TRIT1	-0.093083290139815	0.740084486015427	0.991008075540888	9
TRMO	-0.3556343232089	0.300575668468328	0.874342355309609	9
TRMT1	-0.0220832032538033	0.959133940223682	0.998639733078915	9
TRMT10A	0.646366530470406	0.180377529350261	0.757582518195241	9
TRMT10B	-0.29769260729218	0.431173331565846	0.925165050575986	9
TRMT10C	0.0382220988022869	0.91755081022417	0.998639733078915	9
TRMT11	-0.355926088463331	0.392265991062512	0.912807186165296	9
TRMT112	-0.483456882241415	0.27145041326784	0.850385100220023	9
TYW2	-0.0108852303356099	0.974964669466689	0.998639733078915	9
TRMT13	-0.0328528911563151	0.943231233378161	0.998639733078915	9
TRMT1L	-0.0513296598274	0.861004829637224	0.998639733078915	9
TRMT2A	-0.419904768656716	0.273714690214393	0.852564368485894	9
TRMT2B	0.191743938386477	0.678100522398835	0.98672896048664	9
TRMT44	-0.00983017897665218	0.976184063193099	0.998639733078915	9
TRMT5	0.141958462356428	0.634461469335006	0.980555517626847	9
TRMT6	-0.0389605251299804	0.887210325977755	0.998639733078915	9
TRMT61A	-0.490940651394547	0.355838647924598	0.899926179335231	9
TRMT61B	0.293017086758056	0.524681924439501	0.955990789857766	9
TRMT9B	2.49115267714479	0.0428264605781606	0.420130416767955	9
TRMU	-0.325281720038521	0.312296359899738	0.878197198925416	9
TRNAU1AP	-0.241839874603027	0.356625739813465	0.899926179335231	9
TRNP1	-1.51632641545513	0.0505484163446974	0.457477114447626	9
TRNT1	-0.171663408170871	0.547906577999124	0.960745862937005	9
TRO	0.3999550304347	0.280343608120009	0.860827281635593	9
TROAP	3.83622163857955	0.000210208984167675	0.0236862199641149	9
TRPA1	-0.399015718832023	0.724018318802811	0.990935039763402	9
TRPC1	-0.782777981400685	0.116712257729309	0.65581733311901	9
TRPC3	-0.926101777292375	0.0871286192963211	0.583590557298875	9
TRPC4	-0.27846078611484	0.767875707632531	0.992930756580613	9
TRPC4AP	0.0800611320060468	0.655158773548638	0.982654069775495	9
TRPC6	1.05278262818561	0.04032211870604	0.409068587092685	9
TRPM2	0.425443168308042	0.479296398455747	0.941072442992838	9
TRPM3	-0.600826893513871	0.515545268995154	0.953680371468858	9
TRPM4	0.616194166184481	0.237018851520883	0.816128387136306	9
TRPM5	1.15750089625416	0.450124139906908	0.932585632008735	9
TRPM6	0.905376557853214	0.131496490758084	0.690679235740588	9
TRPM7	-0.102808796727018	0.799719248207406	0.995590233849494	9
TRPS1	0.739541176341837	0.0475200802116591	0.446153980281923	9
TRPT1	0.0196475327394931	0.964512039907908	0.998639733078915	9
TRPV1	0.227349314572532	0.590553729004258	0.971187979266693	9
TRPV2	0.029607387965406			9
TRPV3	0.417218226736225	0.667257955460581	0.984282363239639	9
TRPV4	0.591539733197624	0.361370017478293	0.90143277046037	9
TRPV6	2.57715869251935	0.0106748078650713	0.209257422173065	9
TRRAP	0.175391357537261	0.607365500689717	0.974885729870166	9
TRUB1	0.159866570985502	0.710215076486577	0.989276793964962	9
TRUB2	-0.024798266825225	0.950538773025679	0.998639733078915	9
TSC1	-0.0796026223530632	0.761497118828678	0.992004541019998	9
TSC2	-0.163195560090736	0.596572804358956	0.972773091899058	9
TSC22D1	-0.392497085483817	0.386963734171004	0.910864654611849	9
TSC22D2	0.512663136001458	0.295363207105015	0.870082505129096	9
TSC22D3	-1.53491283341796	0.0124061787780293	0.224598458556061	9
TSC22D4	-0.718539757576042	0.0536506324292521	0.472692722723396	9
TSEN15	-0.440941515651004	0.22758806833663	0.808244559806673	9
TSEN2	-0.23593168229934	0.347270216291086	0.899092963457163	9
TSEN34	-0.291045728370392			9
TSEN54	0.39381323596541	0.359650545646549	0.901129021301342	9
TSFM	-0.341296858798876	0.70969464264968	0.989276793964962	9
TSG101	-0.0197292050045755	0.910731802702358	0.998639733078915	9
TSGA10	1.8492327368819	0.0193450099810177	0.284131037144082	9
TSHB	-0.0885043439108142	0.967722138622646	0.998639733078915	9
TSHR	-1.4771947066107	0.212479598351573	0.794171927467666	9
TSHZ1	0.180474370597234	0.576370470967463	0.968284112085412	9
TSHZ2	-0.382186583214244	0.428772586568795	0.924317015813788	9
TSHZ3	0.335292222147909	0.123365551328507	0.674444038207442	9
TSKS	-0.233760571111694	0.804227663085091	0.995590233849494	9
TSKU	0.386895232035418	0.464603145592488	0.938424607565779	9
TSLP	-0.0748519161941824	0.924124206873679	0.998639733078915	9
TSN	-0.0809091642125151	0.742169403914492	0.991008075540888	9
TSNARE1	-0.771007789423674	0.0392644757718228	0.404184446816787	9
TSNAX	-0.209280661623304	0.624010942164396	0.978573777801597	9
TSNAXIP1	0.595627014711253	0.342178493827946	0.899092963457163	9
TSPAN1	2.825053012184	0.00313140822325139	0.107997001830406	9
TSPAN10	0.17352597389119	0.83417694868482	0.997916033676686	9
TSPAN11	0.361442203592325	0.566911111913422	0.965061168919095	9
TSPAN12	0.796639323297487	0.0525876899466924	0.470167711267794	9
TSPAN13	0.761073946796705	0.0755874344083522	0.545965214412317	9
TSPAN14	0.351046620048486	0.272710194565589	0.852130665631101	9
TSPAN15	0.731238820483069	0.13502301482703	0.696879273378247	9
TSPAN17	0.198730001121411	0.629054442211399	0.979219295330233	9
TSPAN18	-1.61948749679412	0.0329660498533066	0.370328662012678	9
TSPAN2	-0.956148230615915	0.321995991690972	0.885543112951723	9
TSPAN3	-0.0841275925649681	0.70121066966029	0.989276793964962	9
TSPAN31	-0.241825188623137	0.408054138454465	0.915271886809331	9
TSPAN32	-0.600391743714097	0.19469058659941	0.773848027749352	9
TSPAN33	0.449980994913593	0.283698276007393	0.8612268238133	9
TSPAN4	-0.875673413724042	0.067118845833457	0.51772250313304	9
TSPAN5	-0.524411148370113	0.333291388394491	0.891575604220929	9
TSPAN6	0.0834776885846831	0.788327721628723	0.994052363875907	9
TSPAN7	-0.533791144041822	0.350407207190009	0.899092963457163	9
TSPAN8	1.17293193512164	0.324953547662956	0.886080378644328	9
TSPAN9	-0.137596241022643	0.645878798613789	0.980691547015745	9
TSPEAR	-0.244602396912071	0.843847708646511	0.998639733078915	9
TSPO	-0.592233334387356	0.264571994862459	0.84593551057786	9
TSPOAP1	-0.311362030921515	0.43874059901419	0.928941789266548	9
TSPYL1	0.329464130115378	0.318553611329305	0.883125763337951	9
TSPYL2	-0.907952829859293	0.0337689145113135	0.373940695499999	9
TSPYL4	0.0570762637761337	0.888798280583146	0.998639733078915	9
TSPYL5	0.044606921153389	0.916684297795105	0.998639733078915	9
TSR1	0.548943037497167	0.109573771938691	0.638078241044252	9
TSR2	-0.226090658087135	0.459430336445704	0.937429300377919	9
TSR3	-0.776561979289033	0.118050194315048	0.660798904424733	9
TSSC4	-0.337973119794608	0.39092708103906	0.912807186165296	9
TSSK3	-0.418794662337742	0.70278805305666	0.989276793964962	9
TSSK4	-0.997899967574843	0.648167242853431	0.980691547015745	9
TSSK6	0.113286411282075	0.883046156177836	0.998639733078915	9
TST	0.737264600347016	0.220857608644907	0.801618778727869	9
TSTD1	1.45047120957326	0.108549741328407	0.637411278258312	9
TSTD2	-0.35035600658563	0.594516939683625	0.972236092783093	9
TSTD3	-0.720838858238779	0.174337853796085	0.751250158017082	9
TTBK1	0.332777501616239	0.763479613764128	0.992788902596531	9
TTBK2	-0.0885896905726772	0.854849686086023	0.998639733078915	9
TTC1	-0.198185133257111	0.266286707983911	0.847767249375861	9
TTC12	-0.291041304621063	0.404792419385322	0.915238409840383	9
TTC13	-0.202926266960365	0.566521061140827	0.965061168919095	9
TTC14	-0.387894796077558	0.428834224863136	0.924317015813788	9
TTC16	1.11729494866967	0.144717835034283	0.711869112393627	9
TTC17	0.121709484535683	0.689816577362003	0.989171265391501	9
TTC19	0.258125984548718	0.235467455530827	0.813141339593178	9
TTC21A	-0.0795792031675647	0.837016428315388	0.998604146933345	9
TTC21B	0.0522281589630172	0.904232489563361	0.998639733078915	9
TTC22	1.21244524179937	0.142600193787097	0.709784552734478	9
TTC23	0.140518446250622	0.61386543363847	0.975911270057349	9
TTC23L	0.618145807311413	0.47417165278872	0.939899973963271	9
TTC24	0.0405571352602513	0.978765448180928	0.998639733078915	9
IFT56	0.270066400890091	0.448293701392842	0.932585632008735	9
TTC27	0.206757200503908	0.477826313656652	0.941072442992838	9
TTC28	0.204855623688653	0.560349059081863	0.964946561877165	9
TTC29	3.89665451246137	0.0161849017567639	0.259010070402686	9
TTC3	0.348887863110823	0.309301533937256	0.877235807280418	9
IFT70A	0.0217805716107083	0.930689086578864	0.998639733078915	9
IFT70B	0.200151234983683	0.656256755333832	0.982654069775495	9
TTC31	-0.0429579785141349	0.869517655837266	0.998639733078915	9
TTC32	-0.818270042163803	0.0908537421430825	0.591844133122791	9
TTC33	-0.394112993028848	0.245045612825163	0.82885387051151	9
TTC34	-0.512064338099006	0.705961842638799	0.989276793964962	9
SKIC3	0.0761006259857306	0.857165171101033	0.998639733078915	9
TTC38	0.37554980648893	0.284472016712563	0.8612268238133	9
TTC39A	1.06957837026063	0.107198306056156	0.63421009847492	9
TTC39B	-0.413048502613435	0.415536341388608	0.919443969637919	9
TTC39C	-0.167763307885486	0.534411537895886	0.95784961223136	9
TTC4	-0.135540436611119	0.965250721732046	0.998639733078915	9
TTC5	0.473321325564296	0.171606648585206	0.749226042299155	9
TTC7A	0.169202810217487	0.616398510683733	0.977025239540628	9
TTC7B	-0.186283118557671	0.640740470656982	0.980691547015745	9
TTC8	0.231848756931125	0.466955434571957	0.939188868595478	9
TTC9	1.29771564496589	0.029090852399825	0.35025291376331	9
TTC9B	-1.94439224132534	0.284743443571478	0.8612268238133	9
TTC9C	0.0963281437808785	0.683509878927273	0.987306006486237	9
TTF1	-0.413117845228959	0.166888917877153	0.743720644349187	9
TTF2	0.682117345565945	0.163070482030865	0.73994607886052	9
TTI1	-0.257260177085322	0.39579653381622	0.913574069169144	9
TTI2	0.264307201823226	0.390431684203515	0.912807186165296	9
TTK	3.4045053576137	0.00811374817307049	0.178153772908449	9
TTL	0.315106461257528	0.322596995260901	0.885543112951723	9
TTLL1	0.0906889434755138	0.775579482722912	0.992930756580613	9
TTLL10	2.88995231184616	0.0798101703714002	0.562060078650877	9
TTLL11	0.0329359472865229	0.95407501386876	0.998639733078915	9
TTLL12	0.260810364413519	0.443881172422143	0.932003419961505	9
TTLL3	-0.0647691755144814	0.918384741842061	0.998639733078915	9
TTLL4	0.15549592390054	0.49303286210047	0.945530063911015	9
TTLL5	0.212906382535857	0.447530889335773	0.932585632008735	9
TTLL6	1.40169815560133	0.349697358682524	0.899092963457163	9
TTLL7	0.118181234839825	0.870286228538929	0.998639733078915	9
TTLL9	1.41856014506494	0.0807269537731613	0.565816982262884	9
TTN	-0.774992788617553	0.0234355794102837	0.314187564801507	9
TTPAL	0.117857330889527	0.750905475321511	0.991008075540888	9
TTYH1	-1.52524018850736			9
TTYH2	-0.0589730260381493	0.909099566943995	0.998639733078915	9
TTYH3	1.00777000180354	0.0286250736712544	0.348737862268041	9
TUB	-0.707548720969058	0.22927545933478	0.808244559806673	9
TUBA1A	0.37702357239316	0.461819736268543	0.937927280347714	9
TUBA1B	0.605966857085465	0.489352789117058	0.944931536265188	9
TUBA1C	0.757063786498762	0.176279035033987	0.751250158017082	9
TUBA3D	-2.09329990263504	0.0295094612240228	0.352989592486062	9
TUBA3E	-3.70064564091966	0.0185967539629943	0.27897020858512	9
TUBA4A	-0.163576355671995	0.78679945777816	0.994052363875907	9
TUBA4B	3.30381237148977	0.0126515108655048	0.226912456726265	9
TUBA8	-1.56618184927903	0.0950724372991566	0.604117196286204	9
TUBB	-0.162500209890959			9
TUBB1	1.04093839218942	0.366393680339501	0.90239123320911	9
TUBB2A	-1.12144386918884	0.0732097738857757	0.540459281805551	9
TUBB2B	-0.000354149499071368	0.999440246857853	0.999729730810983	9
TUBB3	1.25507477784392	0.220765238807616	0.801618778727869	9
TUBB4A	0.518220410867023	0.661614010964513	0.983171338937342	9
TUBB4B	0.3262548061093	0.553771345100821	0.962692124017573	9
TUBB6	-0.460769820475963	0.431866241233997	0.925624740359378	9
TUBB8	1.29150294201558	0.426126370484646	0.923242529682058	9
TUBD1	-0.00708623958883543	0.985882404718608	0.999458538741689	9
TUBE1	-0.107505142776092	0.849348570606675	0.998639733078915	9
TUBG1	0.14751861193884	0.789892264648992	0.994052363875907	9
TUBG2	-1.01668740565779	0.00768961598169274	0.173733504665378	9
TUBGCP2	-0.17524408832218	0.418661310190701	0.919780432363111	9
TUBGCP3	0.0934463105217715	0.877095855997727	0.998639733078915	9
TUBGCP4	0.354063899285247	0.25695416265818	0.840547211401925	9
TUBGCP5	-0.919451407854134			9
TUBGCP6	-0.379675429389801	0.168612920863889	0.745957814118282	9
TUFM	0.149356593878332	0.604639186486986	0.97426949205076	9
TUFT1	0.851079613884681	0.166804156130536	0.743720644349187	9
TULP1	-1.31857546088059	0.10739181985351	0.634591934690818	9
TULP2	0.381715600013114	0.700780496945718	0.989276793964962	9
TULP3	-0.00632328032858952	0.976045900208103	0.998639733078915	9
TULP4	0.650914097351331	0.103955891669236	0.627452950742085	9
TUSC1	-0.456376086832182	0.183348260526822	0.760225751021468	9
TUSC2	-0.224264827300676	0.433635410458597	0.926809311141991	9
TUSC3	0.40101304142759	0.175726642963353	0.751250158017082	9
TUT1	-0.0590575891143625	0.888946918777929	0.998639733078915	9
TUT4	0.624935986597293	0.187193387278558	0.765079182510763	9
TUT7	0.101141086610057	0.809831173836397	0.995936140923453	9
TVP23A	-0.558280628039486	0.310885313798187	0.877937271278944	9
TVP23B	0.321371193453872	0.430180952270251	0.92451488206047	9
TVP23C	0.24011124554848	0.57528948235226	0.968284112085412	9
TWF1	0.271344501941355	0.431405185628641	0.925165050575986	9
TWF2	-0.0475781612381882	0.913858868268228	0.998639733078915	9
TWIST1	-0.229788183045287	0.744582965107604	0.991008075540888	9
TWIST2	0.413625104155567			9
TWNK	0.286564000625953	0.477438715645625	0.940941389680967	9
TWSG1	-0.230892027105355	0.528455541000765	0.957299775766752	9
TXK	1.38426265884564	0.104886693872252	0.628298316800495	9
TXLNA	-0.243484270970732	0.357958282748983	0.900808696207596	9
TXLNB	-2.31231225012927	0.0179286580726785	0.272829816299801	9
TXLNG	-0.0259676452678113	0.957700862581136	0.998639733078915	9
TXN	0.484891866548715	0.364482208844211	0.90239123320911	9
TXN2	-0.573286629336713	0.20829162611221	0.792178019421267	9
TXNDC11	0.105645190123026	0.670544289610414	0.985298616459508	9
TXNDC12	0.163600310933281	0.85678585593347	0.998639733078915	9
TXNDC15	-0.210638707321594	0.490513148524903	0.944931536265188	9
TXNDC16	-0.412461436915569	0.249183278398797	0.836143299032655	9
TXNDC17	0.295437299922814	0.628142611968413	0.979047032739808	9
TXNDC5	0.573181984946071	0.751567518282213	0.991008075540888	9
TXNDC9	-0.0521300284445436	0.867133151967266	0.998639733078915	9
TXNIP	-1.1222861772891	0.00026900332969221	0.0275123342037602	9
TXNL1	-0.371386046302753	0.0794920853750889	0.560985194420479	9
TXNL4A	-0.00703394043047752	0.987897239065619	0.999458538741689	9
TXNL4B	0.0311911967107404	0.945686356854474	0.998639733078915	9
TXNRD1	0.477054256249233	0.306497470908054	0.876432473153517	9
TXNRD2	-0.452357173897248	0.251409367257114	0.838097512370475	9
TXNRD3	0.0467570751822562	0.842422915832529	0.998639733078915	9
TYK2	0.10180670394624	0.753958688449807	0.99111089146029	9
TYMP	-0.0852558785427258	0.891022925364194	0.998639733078915	9
TYMS	1.018709671812	0.246900316899505	0.833218010460353	9
TYRO3	1.08478290100623	0.0241575028142312	0.319524103083214	9
TYROBP	-0.906442039955763	0.152392198955223	0.723675843478971	9
TYSND1	0.0100122347781017	0.974878738781359	0.998639733078915	9
TYW1	0.0405118617700865	0.824413571553687	0.997189504159952	9
TYW1B	-0.506561954626997	0.295336438489855	0.870082505129096	9
TYW3	0.0919421973723518	0.828466088882614	0.99746225363255	9
TYW5	-0.146721608400358	0.708139235618942	0.989276793964962	9
U2AF1	0.28247309133463	0.500493279307682	0.94888930167018	9
U2AF1L4	-0.837991407877199	0.277722746121242	0.857480226675461	9
LOC102724594	0.76177983745689	0.399304297168101	0.914438028200431	9
U2AF2	0.0764479729064265	0.719104066758933	0.989807453322325	9
U2SURP	-0.0826845611352882	0.851221952689928	0.998639733078915	9
UACA	0.226910236023863	0.679573624510014	0.986913270207236	9
UAP1	0.32499036478163	0.272730663162182	0.852130665631101	9
UAP1L1	-0.163213103727078	0.642441172886209	0.980691547015745	9
UBA1	-0.104787802273501	0.751301699706958	0.991008075540888	9
UBA2	-0.106358511330664	0.703750011482633	0.989276793964962	9
UBA3	0.191996988909337	0.522655704742874	0.955391092995928	9
UBA5	-0.0585245605779057	0.865573446617605	0.998639733078915	9
UBA52	-0.452526284784577	0.245416571207171	0.829764380028446	9
UBA6	0.130819072915879	0.728535628600971	0.991008075540888	9
UBA7	-0.625056776672163	0.133429938360986	0.693057206498099	9
UBAC1	-0.110933622045588	0.662046683110295	0.983171338937342	9
UBAC2	-0.204759523698785	0.527622895451348	0.957268202462574	9
UBALD1	-0.4351967975189	0.381897718414841	0.907851207288101	9
UBALD2	0.585913159141108	0.21739673030438	0.798965012963561	9
UBAP1	0.274615598091477	0.498293493471977	0.948182083625366	9
UBAP1L	-0.462736719729543	0.125409699105589	0.677589883306964	9
UBAP2	0.203212690855512	0.260674533292544	0.84313696205692	9
UBAP2L	0.224642503806083	0.303155895567684	0.874342355309609	9
UBASH3A	-0.18122200710594	0.798292428714631	0.995590233849494	9
UBASH3B	0.850627778702167	0.141476959488002	0.707926593299888	9
UBB	-0.105349460599754	0.873301403757201	0.998639733078915	9
UBC	0.549089141000425	0.0771466782121688	0.551191731408433	9
UBE2A	0.129547141456228	0.636748645180168	0.980691547015745	9
UBE2B	-0.302725529772229	0.535817845476517	0.95784961223136	9
UBE2C	3.38985488414646	0.000455370281618584	0.0371365786020548	9
UBE2D1	-0.0121917002119141	0.972999739232323	0.998639733078915	9
UBE2D2	0.241002576544812	0.335546987889393	0.893441965603623	9
UBE2D3	0.0492772126723034	0.852303610374942	0.998639733078915	9
UBE2D4	-0.0878610821314788	0.803364952961418	0.995590233849494	9
UBE2E1	0.381546808195341	0.573948192880747	0.968284112085412	9
UBE2E2	-0.135691992479115	0.65279730318269	0.981436950613188	9
UBE2E3	0.0749098664214426	0.855439137561572	0.998639733078915	9
UBE2F	-0.867214702333219	0.106057233620938	0.630410373981091	9
UBE2G1	0.370133667863109	0.299705124887151	0.874342355309609	9
UBE2G2	-0.112121864099498	0.635698293204697	0.980691547015745	9
UBE2H	0.282633715421568	0.323572824756926	0.885547974781809	9
UBE2I	-0.0882270350945846	0.774152014522647	0.992930756580613	9
UBE2J1	0.28906036785351	0.0641347440633117	0.506704764272384	9
UBE2J2	-0.196923333878435	0.552563782231359	0.962326940655805	9
UBE2K	0.000894618525966338	0.996821349402205	0.999620666732609	9
UBE2L3	-0.157643408461514	0.587408506765332	0.971161794932015	9
UBE2L5	0.133159592425701	0.888746932990302	0.998639733078915	9
UBE2L6	-0.145629700271862	0.671629273823214	0.985298616459508	9
UBE2M	-0.533091295892884	0.244019447130347	0.827084546693071	9
UBE2N	0.16323700780651	0.547159867991044	0.960668683051641	9
UBE2O	0.126361245076397	0.602700921913797	0.974057468095769	9
UBE2Q1	-0.125128741164617	0.512070931539269	0.951557903286306	9
UBE2Q2	0.164779435501297	0.590505010926542	0.971187979266693	9
UBE2QL1	0.480163594168734	0.527694015543525	0.957268202462574	9
UBE2R2	0.163263548953616	0.505007017046105	0.950760358225867	9
UBE2S	0.264426779045533	0.674406472919789	0.985298616459508	9
UBE2T	1.21963409054416	0.0836539035713724	0.573808586718204	9
UBE2V1	0.171850559944566	0.817178000040679	0.995966406600323	9
UBE2V2	-0.167926659043589	0.575315262116032	0.968284112085412	9
UBE2W	0.242293576891061	0.335669587030608	0.893441965603623	9
UBE2Z	0.353039750743289	0.130121850902713	0.687201660527706	9
UBE3A	0.113830045900263	0.683755908207034	0.987306006486237	9
UBE3B	0.128100666369266	0.645334312950411	0.980691547015745	9
UBE3C	0.294547314796213	0.424662099828648	0.922776261839354	9
UBE3D	0.0415869269495945	0.885793883786594	0.998639733078915	9
UBE4A	0.0832264354182108	0.882035011961225	0.998639733078915	9
UBE4B	-0.0554397328338559	0.846444969690435	0.998639733078915	9
UBFD1	0.546040580469628	0.123417089845983	0.674475995267143	9
UBIAD1	-0.0668872411670326	0.844962331662003	0.998639733078915	9
UBL3	-0.737291762533245	0.0567404240315452	0.481071452687903	9
UBL4A	-0.309161768988101	0.425497909834794	0.923242529682058	9
UBL5	-0.402428062517402	0.535799208916452	0.95784961223136	9
UBL7	-0.373434713284682			9
UBLCP1	-0.566531727778148	0.122785624826307	0.672991958789044	9
UBN1	0.0821564666402458	0.793185614803905	0.994328056061183	9
UBN2	0.131667516982123	0.755221692663466	0.99179959122824	9
UBOX5	-0.466162098844531	0.256828112457221	0.840547211401925	9
UBP1	0.00204282833746166	0.99530799010766	0.999620666732609	9
UBQLN1	-0.0322619591126594	0.928921080538401	0.998639733078915	9
UBQLN2	0.00624100643693282	0.980873144350357	0.998639733078915	9
UBQLN4	0.197305581247428	0.427686302877626	0.923608338376662	9
UBQLNL	0.015579055224524	0.97841363369244	0.998639733078915	9
UBR1	-0.0153519672182862	0.970587837279704	0.998639733078915	9
UBR2	-0.204100607061259	0.451806915275445	0.933085210672351	9
UBR3	-0.0736847155674497	0.846830378786958	0.998639733078915	9
UBR4	-0.0325380275303835	0.940135603437246	0.998639733078915	9
UBR5	-0.088937426103312	0.839699577923588	0.998604146933345	9
UBR7	-0.367867348862722			9
UBTD1	-0.459303532925534	0.313793878317891	0.879953262711861	9
UBTD2	0.253817423081266	0.231944928913746	0.808244559806673	9
UBTF	0.151664203626604	0.4845243660613	0.943726621213358	9
UBXN1	-0.506951104140536	0.0571470307028005	0.481401809416439	9
UBXN10	1.19859522377913	0.0265241830838066	0.335985306646822	9
UBXN11	-0.0580409888157939	0.926797340478416	0.998639733078915	9
UBXN2A	-0.177488014200481	0.513322164098468	0.952740910883626	9
UBXN2B	0.644074185797419	0.179800795466999	0.756214725083166	9
UBXN4	0.126442163350372	0.713263125668226	0.989276793964962	9
UBXN6	-0.585336735084727	0.178027234330158	0.754265214106621	9
UBXN7	0.103440775871143	0.750496422924373	0.991008075540888	9
UBXN8	0.0100779872891234	0.971077977810307	0.998639733078915	9
UCHL1	-0.374846624392699	0.390980684625734	0.912807186165296	9
UCHL3	0.332326176085059	0.614658048747924	0.976322765260745	9
UCHL5	0.0594173837794705	0.850163615970955	0.998639733078915	9
UCK1	-0.229549000450546	0.368669470848322	0.903215222150182	9
UCK2	0.293900149371717	0.484187330962549	0.943634696638261	9
UCKL1	-0.172692993390244	0.510313978728567	0.951538693830295	9
UCN	-0.993220940235567	0.133396371074987	0.693057206498099	9
UCN2	0.627789365068647	0.666762203047888	0.984088154568007	9
UCP1	1.08950961214364	0.442100677875045	0.930767263873637	9
UCP2	1.39471816222655	0.0557052362828203	0.478061042308553	9
UCP3	0.36198346374731	0.406278168883376	0.915238409840383	9
UEVLD	-0.136583748799794	0.669284866563653	0.984493894849006	9
UFC1	-0.0829155448735314	0.824879576301964	0.997382652833658	9
UFD1	-0.342517177723064	0.318229577683867	0.883125763337951	9
UFL1	0.0339026556430519	0.938199033498651	0.998639733078915	9
UFM1	0.139302742286712	0.74548368400101	0.991008075540888	9
UFSP1	-0.249296277557481	0.678600414638306	0.98672896048664	9
UFSP2	-0.448390442058672	0.309387053809341	0.877235807280418	9
UGCG	1.08085801835759	0.0153333067162475	0.249542381960893	9
UGDH	1.21442482105033	0.00972877547675114	0.196978487596176	9
UGGT1	0.363372956126879	0.230269549614109	0.808244559806673	9
UGGT2	-0.151274754500954	0.743569550296447	0.991008075540888	9
UGP2	-0.367903512271925	0.416755495849651	0.919780432363111	9
UGT2B7	3.98112446277183	0.00475990397880384	0.132257248881491	9
UGT8	1.90504624051401	0.0126157699397105	0.226912456726265	9
UHMK1	0.330532605216981	0.36000024438238	0.901129021301342	9
UHRF1	3.87268130800127	0.000165354052158351	0.0206846708805883	9
BLTP3A	0.484300106544776	0.382833492686011	0.909106368329827	9
BLTP3B	0.177492713019818	0.676839025890813	0.98596870237583	9
UHRF2	-0.105667529333428	0.805133743803506	0.995590233849494	9
UIMC1	-0.312702796795338	0.330035778909064	0.888826515686315	9
ULBP2	0.771736942265839	0.552995138506082	0.962588268076922	9
ULBP3	2.38498131915123	0.00339399979829099	0.111083882533422	9
ULK1	-0.171277542421592	0.464331764720564	0.938355642512777	9
ULK2	-0.152370259541838	0.638203237627835	0.980691547015745	9
ULK3	-0.0486189985231262	0.854774084575627	0.998639733078915	9
ULK4	-0.675026654349747	0.295961361657099	0.870082505129096	9
UMAD1	-0.195347150732827	0.665404887541236	0.984051461287397	9
UMODL1	4.55598792211772	0.0120661836610653	0.221528528633065	9
UMPS	0.112095520132023	0.690328670119392	0.989171265391501	9
UNC119	-0.285835224931618	0.325306398416081	0.886440418500972	9
UNC119B	0.214833458056164	0.647452048372629	0.980691547015745	9
UNC13A	0.636575424976279	0.230461624114248	0.808244559806673	9
UNC13B	0.345439358270609	0.163335793965095	0.73994607886052	9
UNC13D	-0.652369788096075	0.066633985104944	0.51631719377117	9
UNC45A	-0.394826263850745	0.370632781151179	0.905071602609146	9
UNC50	-0.385338038096818	0.0713124179177548	0.532983595384293	9
UNC5A	-0.693487480492451	0.391536162225503	0.912807186165296	9
UNC5B	1.53987299339404	2.88050351231467e-05	0.00697034628611096	9
UNC5C	1.10075748889523	0.0370896707825654	0.395468924362961	9
UNC5CL	0.313526079738667	0.720113704237399	0.990366010271895	9
UNC5D	-1.43197375815411	0.0995265530282289	0.614776721519865	9
UNC79	1.79199499867834			9
UNC80	2.50442035853652	0.0431061415519732	0.420826557836426	9
UNC93A	2.9008237328464	0.237117973987262	0.816128387136306	9
UNC93B1	0.486920596536952	0.308082764522455	0.876582754426691	9
UNG	0.146171305360947	0.564605253341298	0.965041713262426	9
UNK	-0.20303683809018	0.429465730546997	0.924506875981366	9
UNKL	-0.632353904022258	0.366654543151551	0.90239123320911	9
UPB1	-0.621546784824874	0.45815807088833	0.936616815343768	9
UPF1	0.00267550083319133	0.98904146415958	0.999458538741689	9
UPF2	-0.14771883342434	0.723606213230055	0.990738457795087	9
UPF3A	0.136922548605501	0.62274333745997	0.978573777801597	9
UPF3B	-0.196795772371703	0.663153595015981	0.983171338937342	9
UPK1B	5.40600180872551	0.00055379428875417	0.0421368943108263	9
UPK3BL2	-0.476595380870357	0.709445087702848	0.989276793964962	9
UPP1	0.659419652670693	0.296135716176357	0.870117091119237	9
UPRT	0.24045951531587	0.287313055671609	0.862348111990366	9
UQCC1	-0.0696936145236616	0.820157201739461	0.996009039113892	9
UQCC2	-0.752627949642515	0.26982057509082	0.849396781598549	9
UQCC3	-0.464777839080475	0.492910150787162	0.945530063911015	9
UQCR10	-0.0421415740633709	0.953648787472435	0.998639733078915	9
UQCR11	-0.356748908426641	0.606045042127356	0.974885729870166	9
UQCRB	-0.310064380963058	0.377829222124539	0.905673456930873	9
UQCRC1	-0.189129711339454	0.629002439250573	0.979219295330233	9
UQCRC2	-0.719966399557331			9
UQCRFS1	-0.124435652329348	0.726419124388155	0.991008075540888	9
UQCRH	0.131274597286823	0.65162026573046	0.981292533915803	9
UQCRHL	0.36214801844249	0.468459997030046	0.939188868595478	9
UQCRQ	-0.406040030099497	0.537406628613912	0.958629516008454	9
URB1	0.0553467741527276	0.905629660106237	0.998639733078915	9
URB2	0.79751018084753	0.0982173671328122	0.611980350722711	9
URGCP	-0.331879926663934	0.276638254299232	0.857340592817907	9
URI1	0.0273201542709332	0.914535877160197	0.998639733078915	9
URM1	-0.401226305319526	0.338395625938459	0.896211365785721	9
UROC1	-2.72477692667607	0.0329014609738225	0.370328662012678	9
UROD	-0.441155860266324	0.187833208454106	0.765131445762577	9
UROS	-0.293293954491604	0.478707649381008	0.941072442992838	9
USB1	0.197301455540308	0.555909301675272	0.963343569668406	9
USE1	-0.625733435927931	0.179658102220715	0.756182847698881	9
USF1	-0.0886980271138289	0.698442743130275	0.989276793964962	9
USF2	-0.486096622281898	0.143045687637152	0.710941883909763	9
USF3	0.361002596321004	0.501765419480891	0.949348943915356	9
USH1C	1.17655179916139	0.264488402130416	0.84593551057786	9
USH1G	0.198088585024235	0.916887138073373	0.998639733078915	9
USH2A	-1.03490871355257	0.333978587262778	0.892443505898962	9
USHBP1	-0.464616285114671	0.20646766786475	0.790112598188719	9
USO1	0.244299991715788	0.527517646389868	0.957268202462574	9
USP1	-0.263720708482547	0.471749076498867	0.939599353653877	9
USP10	0.288270613010163	0.280802521443753	0.861181225180475	9
USP11	-0.584726599451318	0.0813716899698995	0.567969234768653	9
USP12	0.520020623617994	0.22289702147013	0.804675733687031	9
USP13	-0.00386332753414183	0.991130964926057	0.999573118505296	9
USP14	0.151819298882324	0.613423879342611	0.975911270057349	9
USP15	-0.0626374128443467	0.887350188101948	0.998639733078915	9
USP16	-0.165414049570931	0.732302342697657	0.991008075540888	9
USP18	0.517461043413735	0.224968226834161	0.807969828783223	9
USP19	-0.31355310285037	0.16820669947737	0.745669283790131	9
USP2	-0.199749854835918	0.770788571173087	0.992930756580613	9
USP20	-0.212969628009852	0.402789105176877	0.915238409840383	9
USP21	-0.109893722433579	0.596872949418578	0.972773091899058	9
USP22	0.0483744384256035	0.927175959384828	0.998639733078915	9
USP24	-0.157320330549146	0.577255050362956	0.968502424036797	9
USP25	-0.0160558242841215	0.978276688499271	0.998639733078915	9
USP27X	-0.356355850884656	0.273175806296174	0.852324683309623	9
USP28	-0.0942208471605938	0.788155664553462	0.994052363875907	9
USP3	-0.0673002196693436	0.855202600539787	0.998639733078915	9
USP30	-0.294694637396362	0.344283273008764	0.899092963457163	9
USP31	-0.776201532899754	0.169017887598362	0.746520957163203	9
USP32	0.390147244200938	0.188136735803055	0.765189948662975	9
USP33	-0.068279141764266	0.810679351193359	0.995936140923453	9
USP34	-0.0294790249215569	0.951403082163941	0.998639733078915	9
USP35	0.0732889781471643	0.719252583070079	0.989895315170446	9
USP36	-0.243366279990052	0.359086361074849	0.900981433932661	9
USP37	0.273721252251246	0.667390724155991	0.984282363239639	9
USP38	0.115770860977405	0.712510914086787	0.989276793964962	9
USP39	-0.204850200283161	0.473414332220362	0.939899973963271	9
USP4	0.033226160491251	0.859465207660269	0.998639733078915	9
USP40	0.339918214042027	0.0675978684021006	0.519964635478587	9
USP42	0.124304193876079	0.690898703773204	0.989171265391501	9
USP43	1.61568948294413	0.127523037326304	0.681276711535858	9
USP44	-0.766794172065098	0.130106781032767	0.687201660527706	9
USP45	-0.206872466518485	0.537803977544467	0.958874805234192	9
USP46	0.304654346823174	0.339002402083926	0.896524077278898	9
USP47	-0.00700229152606266	0.987879932541047	0.999458538741689	9
USP48	0.0363638047377332	0.900176239067085	0.998639733078915	9
USP49	0.0101905214321135	0.985986137069775	0.999458538741689	9
USP5	0.120941495030926	0.747109213684599	0.991008075540888	9
USP50	-0.736390490480652			9
USP51	-0.544206786481644	0.264311750828066	0.84593551057786	9
USP53	-0.172029201856551	0.814839032067009	0.995936140923453	9
USP54	0.54552927163501	0.151839680583819	0.723235083929574	9
USP6	0.83095146301622	0.429860116660845	0.92451488206047	9
USP6NL	0.541796599294863	0.231583136580533	0.808244559806673	9
USP7	0.0290192365469697	0.877420551172956	0.998639733078915	9
USP8	0.244337321721087	0.567500640987767	0.965421927349831	9
USP9X	-0.0223781060831004	0.936992232165618	0.998639733078915	9
USPL1	-0.256073863322391	0.464434497625529	0.938355642512777	9
UST	0.355453100151052	0.295997776319816	0.870082505129096	9
UTP11	-0.07278049696314	0.816450501413166	0.995966406600323	9
UTP14A	-0.297100600521244	0.215915991451573	0.798400989783844	9
UTP15	-0.110405578062122	0.708121054308447	0.989276793964962	9
UTP18	-0.00539486162392633	0.985574999302525	0.999458538741689	9
UTP20	0.227148133328238	0.478312987381096	0.941072442992838	9
UTP23	0.0663873490126018	0.869917963220175	0.998639733078915	9
UTP25	-0.0705207137863625	0.829924057729684	0.99746225363255	9
UTP3	0.192272047707741	0.559301003626285	0.964661425253286	9
UTP4	0.330786385377273	0.718170147798392	0.989276793964962	9
UTP6	0.0937410541697671	0.683620551926711	0.987306006486237	9
UTRN	-0.186192937656883	0.669149036398441	0.984493894849006	9
UTS2	-0.255759856887369	0.824174053180454	0.997189504159952	9
UTS2B	0.401042268729921	0.645594564901366	0.980691547015745	9
UVRAG	-0.504746623242081	0.150254448481589	0.721659461536377	9
UVSSA	0.120455314694413	0.734927244330641	0.991008075540888	9
UXS1	0.428519939782185	0.206812950847217	0.790257822276928	9
UXT	-0.545579913862194	0.305769784940628	0.876254532783542	9
VAC14	-0.424928349437847	0.289981655460778	0.865576486401642	9
VAMP1	-0.510552174076873	0.393271280169603	0.912945341948813	9
VAMP2	-0.778827253260363	0.0681915488512383	0.523440172955345	9
VAMP3	-0.489641786693757	0.0855139421993078	0.579023532478891	9
VAMP4	-0.431665910667374	0.190955208436602	0.769293076346255	9
VAMP5	-1.11823754805796	0.0840442081523269	0.575673576119025	9
VAMP7	-0.427058899350967			9
VAMP8	0.882919182981125	0.159413689346032	0.733511679687277	9
VANGL1	1.19297824769213	0.00167221843835568	0.0763309266023544	9
VANGL2	0.860100787458133	0.0967679598944726	0.608961949795781	9
VAPA	0.0420069486799783	0.881346903986599	0.998639733078915	9
VAPB	-0.202323913224972	0.532296119856103	0.95784961223136	9
VARS1	-0.349173878195887			9
VARS2	0.202027076460571	0.936207781060239	0.998639733078915	9
VASH1	0.803144793193664	0.133189001590871	0.692758466302252	9
VASH2	-0.574097805366636	0.473817321041201	0.939899973963271	9
VASN	-0.636106253880062			9
VASP	-0.314035605078904	0.589113602567964	0.971161794932015	9
VAT1	-0.614565586446222	0.189948831475335	0.767526482628524	9
VAT1L	-1.28350767326487	0.360020963631563	0.901129021301342	9
VAV1	-0.0179316280466744	0.968103340860033	0.998639733078915	9
VAV2	0.717496776944426	0.0411552874828708	0.41269918378713	9
VAV3	-0.0282880325463284	0.972674679620164	0.998639733078915	9
VAX2	-0.383701449448157	0.654024357321706	0.982200990784994	9
VBP1	-0.266272671493609	0.485286736703142	0.943768865380848	9
VCAM1	0.169004139872589	0.832116133740855	0.99746225363255	9
VCAN	1.17678275106916	0.034471088325988	0.379156285230931	9
VCL	-0.0597079149412458	0.923667057435454	0.998639733078915	9
VCP	0.125371149909529	0.702063510309952	0.989276793964962	9
VCPIP1	0.00886665965098752	0.976684303283148	0.998639733078915	9
VCPKMT	-0.26247937848468	0.440009993819487	0.929498191107035	9
VDAC1	0.514356512951715	0.138589878499865	0.702495653805487	9
VDAC2	-0.33188907137864	0.206257142088177	0.790112598188719	9
VDAC3	-0.235646075319364	0.403472368441484	0.915238409840383	9
VDR	0.276355781867706	0.756418248905281	0.991890138420883	9
VEGFA	0.131327124134067	0.797854591505776	0.995590233849494	9
VEGFB	-1.26812077397902	0.0154578822743337	0.25046520334955	9
VEGFC	-0.132247944782687	0.740484807646248	0.991008075540888	9
VEGFD	-0.655991652983722	0.722709123463746	0.990516044835733	9
VENTX	-0.922245633641208	0.323302008269526	0.885547974781809	9
VEPH1	0.704034124126263	0.550715316671323	0.961546579712439	9
VEZF1	0.0780183094319903	0.814844575159714	0.995936140923453	9
VEZT	0.0256666751719955	0.938702910429638	0.998639733078915	9
VGF	1.08852671235821	0.495821193378481	0.946613606254215	9
VGLL3	0.330328820996989	0.66206540031735	0.983171338937342	9
VGLL4	-0.112375550882008	0.862387459403854	0.998639733078915	9
VHL	0.386583353305074	0.466780851986393	0.939188868595478	9
VILL	-0.115637212248486	0.737369643315446	0.991008075540888	9
VIM	0.267207953341514	0.523730500155931	0.955391092995928	9
VIP	-0.0889488444717346	0.916042875832034	0.998639733078915	9
VIPAS39	0.0762696607178101	0.771113190841464	0.992930756580613	9
VIPR1	0.177865840501883	0.829315631595289	0.99746225363255	9
VIPR2	-0.280464096474605	0.575496452293962	0.968284112085412	9
VIRMA	-0.293461320480139	0.210917091293812	0.794171927467666	9
VIT	-2.44333178140533	0.0916660381256619	0.594447327500439	9
VKORC1	-0.430408127280739	0.684581514899245	0.987791568077004	9
VKORC1L1	0.301426808762798	0.208205328259332	0.792178019421267	9
VLDLR	-0.364464898700307	0.602036045742887	0.974057468095769	9
VMA21	-0.126304205106396	0.648833659518716	0.980691547015745	9
VMAC	0.0932478132446761	0.876996828477654	0.998639733078915	9
VMO1	-1.14104966871194	0.168588737702843	0.745957814118282	9
VMP1	-0.0899264962659464	0.902383807021688	0.998639733078915	9
VN1R1	-0.212865899259409	0.786036174726142	0.994052363875907	9
VNN1	2.73338807062118	0.000820362701882244	0.0509101684117623	9
VNN2	1.2697722358738	0.089386805810876	0.587723225200152	9
VOPP1	-0.176690263845055	0.547702109467996	0.960745862937005	9
VPS11	-0.282274700518699			9
VPS13A	0.0992446678555069	0.85874511505293	0.998639733078915	9
VPS13B	-0.0976935212081407	0.803143283399561	0.995590233849494	9
VPS13C	-0.0751096071741844	0.854081085694928	0.998639733078915	9
VPS13D	-0.0258720355950851	0.934853923415974	0.998639733078915	9
VPS16	-0.211644206502307	0.624771890178422	0.978573777801597	9
VPS18	-0.0564929814892946	0.892631802344211	0.998639733078915	9
VPS25	-0.0668876559634187	0.848161377622395	0.998639733078915	9
VPS26A	-0.0865762595614166	0.74956252202067	0.991008075540888	9
VPS26B	-0.163440091118521	0.524242363558334	0.955391092995928	9
VPS26C	0.30402188304746	0.427359993644666	0.923608338376662	9
VPS28	-0.196731405295768			9
VPS29	-0.264420927861648	0.202141506087891	0.786040772224277	9
VPS33A	-0.0930098699806003	0.820223275584588	0.996009039113892	9
VPS33B	-0.221570987644724	0.732282706208967	0.991008075540888	9
VPS35	0.0942008820422401	0.668055882405011	0.984380101516098	9
VPS35L	-0.0448998490896315	0.841382004973241	0.998604146933345	9
VPS36	-0.0754286462000558	0.812896001928271	0.995936140923453	9
VPS37A	0.0755009716297599	0.829868373722625	0.99746225363255	9
VPS37B	0.222239695629686	0.621460070379164	0.978573777801597	9
VPS37C	-0.179438330680338	0.545641252855087	0.960668683051641	9
VPS37D	0.167195759626227	0.706188552334949	0.989276793964962	9
VPS39	-0.0670372285553971	0.713509896116022	0.989276793964962	9
VPS41	0.096562640259844	0.749880394392929	0.991008075540888	9
VPS45	-0.238565433260795	0.505902621746338	0.950760358225867	9
VPS4A	-0.190090513907101	0.6847897361697	0.987898875645128	9
VPS4B	-0.0641752951191296	0.879725929861113	0.998639733078915	9
VPS50	-0.0537267366993906	0.898762974479129	0.998639733078915	9
VPS51	-0.357203074843884	0.366676209179987	0.90239123320911	9
VPS52	-0.557675373820992			9
VPS53	0.0230774516357704			9
VPS54	0.00154587609927052	0.995619475183707	0.999620666732609	9
VPS72	-0.292106179757671	0.251668443779089	0.838161746834043	9
VPS8	-0.205201977109713	0.327624558207556	0.887903506431062	9
VPS9D1	-0.494395840506086	0.349709775266713	0.899092963457163	9
VRK1	0.362286369182459	0.305387474664461	0.87578680388204	9
VRK2	0.312130127156962	0.529654725069045	0.957299775766752	9
VRK3	0.0219598672342524	0.937826140894291	0.998639733078915	9
VSIG10	0.22139217596779	0.604619702003384	0.97426949205076	9
VSIG10L	-0.735308051027208	0.19127973399501	0.770073256511478	9
VSIG10L2	-3.11826840036485	0.00360842105775712	0.115539920246318	9
VSIG2	1.26207643441039	0.056143710729151	0.47876216873079	9
VSIG4	0.257175780942516	0.683071588016726	0.987306006486237	9
VSIG8	0.305992389757436	0.818251512900376	0.995966406600323	9
VSIR	-0.76805326442343	0.306470853822657	0.876432473153517	9
VSNL1	-0.790421415871752	0.57945793384029	0.969055975901473	9
VSTM2B	-0.904506422038487	0.614301711165564	0.976136682752781	9
VSTM2L	-1.53574714425255	0.0393751937214647	0.404184446816787	9
VSTM4	0.838266350755741	0.0318606844766198	0.365879234068636	9
VSTM5	0.791038752025868	0.404065134541697	0.915238409840383	9
VTA1	0.137474865163036	0.597265829419597	0.972987629186919	9
VTCN1	4.33350160106471	0.00153756263995043	0.0727734371605718	9
VTI1A	0.174781521356763	0.506444294522554	0.951008032046065	9
VTI1B	0.389584098070292	0.423369246793958	0.922277664097641	9
VTN	-2.56677769376913	0.026857043391071	0.33756011881488	9
VWA1	-0.584082613398379	0.367551386319801	0.902432803304489	9
VWA2	0.916857415618087	0.230720393834319	0.808244559806673	9
VWA3A	2.97030157698552			9
VWA3B	2.88726289328825	0.00800297381370723	0.177585094488468	9
VWA5A	-0.0975392400438892	0.771798689554912	0.992930756580613	9
VWA5B1	3.52155389614946	0.071965239757121	0.535422834705072	9
VWA5B2	3.12811183340593	0.00239246446805304	0.0908240518496028	9
VWA7	-2.30131588322336			9
VWA8	0.761519602827163	0.17538703902281	0.751250158017082	9
VWC2	2.46808941935115	0.00596357347335774	0.151772944896954	9
VWCE	-1.06532431690091	0.169119991182142	0.746748486341491	9
VWDE	3.79864826829663	0.0108528543445776	0.211026453687766	9
VWF	0.340378829051542	0.478011292196781	0.941072442992838	9
VXN	-0.227252570360045	0.844128363943668	0.998639733078915	9
WAC	-0.122709294718021	0.682688747389091	0.987306006486237	9
WAPL	0.328065310152446	0.333576026228544	0.892013717963684	9
WARS1	0.0810094750062164	0.791749630423417	0.994052363875907	9
WARS2	0.364159307930233	0.185355349644788	0.763792369190164	9
WAS	-0.630186186862043	0.284561561513777	0.8612268238133	9
WASF1	0.586266890485589	0.185367655950148	0.763792369190164	9
WASF2	-0.387360383375403	0.35353316461666	0.899715225734967	9
WASF3	-0.324286873614443	0.558754756413154	0.964151727037734	9
WASHC1	-0.29262748597192	0.597706501247246	0.973383237523234	9
WASHC2C	-0.00339012961823789	0.988565728543312	0.999458538741689	9
WASHC3	-1.14135837228625	0.0455579285418239	0.434980972319446	9
WASHC4	-0.185040073678557	0.683659785994025	0.987306006486237	9
WASHC5	0.168569545153775	0.689674414116033	0.989171265391501	9
WASL	-0.0731697419819799	0.777722219264119	0.992930756580613	9
WBP1	-0.0257083622107553	0.962756875199361	0.998639733078915	9
WBP11	0.368321726932873	0.254335510271536	0.839549309057797	9
WBP1L	-0.0899081445430281	0.807412146156242	0.995590233849494	9
WBP2	-0.375109716328342	0.218584083587832	0.799109443769469	9
WBP2NL	-0.332730362648693	0.757006678253393	0.991890138420883	9
WBP4	-0.241734730583422	0.643212804902765	0.980691547015745	9
WDCP	-0.465333786049727	0.176688576443054	0.751250158017082	9
WDFY1	0.0821716729342331	0.828098077712263	0.99746225363255	9
WDFY2	0.0100821893772151	0.981117363939463	0.998639733078915	9
WDFY3	0.138588825500648	0.715795295050202	0.989276793964962	9
WDFY4	-0.296558538221124	0.429644735394696	0.92451488206047	9
WDHD1	0.397300921255725	0.319421187714562	0.884444973148498	9
WDPCP	0.228853000813863	0.425276092054622	0.923026083637447	9
WDR1	-0.189035199760123	0.707214750626354	0.989276793964962	9
WDR11	0.170343692898158	0.64409042625242	0.980691547015745	9
WDR12	0.380485687984505	0.246184261591474	0.831652564642433	9
WDR13	-0.78411949146527	0.108548004935285	0.637411278258312	9
WDR17	-0.578518579750582	0.407073676096898	0.915238409840383	9
WDR18	0.0292440499662468	0.946860609485626	0.998639733078915	9
WDR19	0.00559271145072663	0.988645581236231	0.999458538741689	9
WDR20	0.270654469828753	0.321301194785843	0.885543112951723	9
WDR24	-0.279281885336175	0.446118789794361	0.932585632008735	9
WDR25	-0.500212982642942	0.180822192005879	0.75848717709542	9
WDR26	0.127032641111112	0.714222466496092	0.989276793964962	9
WDR27	-0.0863642628538709	0.770768012501938	0.992930756580613	9
WDR3	0.302801302169329	0.273711468569776	0.852564368485894	9
WDR31	0.483779384653575	0.283399947484903	0.8612268238133	9
WDR33	-0.132640753081021	0.479091237181274	0.941072442992838	9
WDR35	-0.0897571488143557	0.795158155191409	0.994714385280344	9
WDR36	0.0593415297526264	0.845920929305908	0.998639733078915	9
WDR37	0.0511232735188862	0.868605205872393	0.998639733078915	9
WDR38	2.27359450940572	0.102371988509298	0.62262584358704	9
WDR4	0.666763597461006	0.26586909535171	0.847767249375861	9
WDR41	-0.16280995025831	0.65976553613238	0.982975949819678	9
WDR43	0.348749264959557	0.385361320852081	0.910863010956818	9
WDR44	0.391554342924634	0.441662455399279	0.93054232146	9
WDR45	-0.325800579751547	0.434875450863885	0.927478238968238	9
WDR45B	0.223698161529774	0.411932361480012	0.91719471148147	9
WDR46	-0.166757848496763			9
WDR47	0.344142601930691	0.450337097651928	0.932585632008735	9
WDR48	-0.00235375541919287	0.993707070143404	0.999620666732609	9
WDR49	2.70618972025691	0.0621458264182544	0.500793671899467	9
WDR5	0.205239033447354	0.353212969854085	0.899715225734967	9
WDR53	-0.126880456182951	0.653145178494526	0.981479790263432	9
WDR54	-0.263675258095382	0.596361367410046	0.972773091899058	9
WDR55	0.193530154100038	0.536568358476928	0.95784961223136	9
WDR59	-0.0190294239414903	0.938853622798125	0.998639733078915	9
WDR5B	0.536803257984855	0.234049451063655	0.811558362027392	9
WDR6	0.0566725420141331	0.836231778543656	0.998604146933345	9
SKIC8	-0.169137591201135	0.537572545707717	0.958809611792123	9
WDR62	1.08487773610465	0.151548322334035	0.722080305349481	9
WDR7	0.11250704981644	0.799952566037459	0.995590233849494	9
WDR70	-0.100380935238159	0.606992231578045	0.974885729870166	9
WDR72	2.71750567171032	0.0428062915058726	0.420130416767955	9
WDR73	0.0950995462517182	0.881701206803157	0.998639733078915	9
WDR74	-0.169736775793678	0.468237017873338	0.939188868595478	9
WDR75	-0.209790770296234	0.594582258033588	0.972236092783093	9
WDR76	0.766790537091169	0.151450000418635	0.722080305349481	9
WDR77	1.23987783852975	0.0735940600502743	0.540459281805551	9
WDR81	-0.776991836935911	0.422181288815001	0.922045733570987	9
WDR82	0.268549202889808	0.39604095038367	0.913574069169144	9
WDR83	-0.458700366536834	0.568932751200649	0.966288843685742	9
WDR83OS	-1.28017662096428	0.374813591246551	0.905673456930873	9
WDR86	0.190637431234466	0.73250783754836	0.991008075540888	9
WDR88	0.397408167378052	0.498000502296149	0.948071543250266	9
WDR89	0.2731559088344	0.486865108452399	0.944013070233436	9
WDR90	-0.012641716830034	0.96717272913852	0.998639733078915	9
WDR91	0.387958461794536	0.26708073230223	0.847767249375861	9
WDR93	2.22322620536278	0.0219513676648134	0.306138452798877	9
WDR97	-0.29628569939517	0.617443273838787	0.977066913071862	9
WDSUB1	0.167707922806985	0.670516503601894	0.985298616459508	9
WDTC1	-0.155764233256072	0.623653321666884	0.978573777801597	9
WEE1	0.655021495475456	0.230013096495135	0.808244559806673	9
WFDC1	-0.0826826645965616	0.9201932788863	0.998639733078915	9
WFDC2	2.37319710457034	0.0591067348321903	0.488781239696337	9
WFDC3	-0.870369686584929	0.360732429162633	0.901129021301342	9
WFIKKN1	0.226180378790148	0.714817606188385	0.989276793964962	9
WFIKKN2	-1.39763720687867	0.18768957582079	0.765131445762577	9
WFS1	-0.362378754539617	0.349766081400533	0.899092963457163	9
WHAMM	-0.0379244134091373	0.879656654296082	0.998639733078915	9
WHRN	-0.527398765490479	0.15983842489177	0.734321503214259	9
WIF1	1.95793220222402	0.126565781553964	0.679443938788914	9
WIPF1	-0.220997537534198	0.578930507627646	0.969055975901473	9
WIPF2	0.179533440372564	0.538041352698854	0.958979719874913	9
WIPF3	0.0914960918408001	0.90217227878754	0.998639733078915	9
WIPI1	0.412676424493654	0.298763074810311	0.873868235195699	9
WIPI2	-0.283796206926602	0.154471565668439	0.727554173845508	9
WIZ	-0.268762752781875	0.365593783201301	0.90239123320911	9
WLS	0.931557474837285	0.0331508545164077	0.371556388395364	9
WNK1	0.292184209965201	0.540290680899191	0.958979719874913	9
WNK2	0.469941894900859	0.366897526775694	0.90239123320911	9
WNK3	-0.0835596144649709	0.828645511690963	0.99746225363255	9
WNK4	0.973506341361502	0.274972791847017	0.853804018323747	9
WNT10B	-0.303985095529307	0.822121641436011	0.996392111603895	9
WNT11	0.794857861329668	0.284945040721165	0.8612268238133	9
WNT16	-1.43617919347907	0.285157668663521	0.8612268238133	9
WNT2	0.951866178063219	0.338596021708503	0.896341035675276	9
WNT2B	0.499770608986201	0.172645528494334	0.74938747148236	9
WNT3	-2.08364621343161			9
WNT4	0.19767913600643	0.82582671775387	0.99746225363255	9
WNT5A	0.177966338463159	0.802508007930287	0.995590233849494	9
WNT5B	-0.90736549738861	0.109702396666242	0.638280282692314	9
WNT6	0.369665662779735	0.647034301115027	0.980691547015745	9
WNT7A	3.61481006211094	0.00888332378780575	0.18759190619714	9
WNT7B	1.25845853750467	0.557694553753528	0.96370024816501	9
WNT9A	-0.718630879331715	0.112040777018755	0.64449489779145	9
WRAP53	0.224677176031891	0.595468012255806	0.972461451729387	9
WRAP73	0.00646649069222109	0.981635093784597	0.998712918325029	9
WRN	-0.274694406181999	0.525338634468419	0.95640399400448	9
WRNIP1	0.0854727079471016	0.811702362556257	0.995936140923453	9
WSB1	-0.420209286316656	0.324196649878604	0.886080378644328	9
WSB2	0.59063464726396	0.0967557851094822	0.608961949795781	9
WSCD1	-0.621673534080017	0.30304123603561	0.874342355309609	9
WSCD2	-0.891582365177262	0.365806508891738	0.90239123320911	9
WT1	-0.115315679468869	0.730917585057987	0.991008075540888	9
WTAP	0.0447766055657067	0.880982588252645	0.998639733078915	9
WTIP	-0.692178442535985	0.0306734738037958	0.36134967822652	9
WWC1	3.80826707657305	0.000651492052529743	0.0457936866066264	9
WWC2	0.0216763078043162	0.970299553368197	0.998639733078915	9
WWC3	-0.222953460510965	0.575621124903421	0.968284112085412	9
WWOX	0.172694943206956	0.802080493865825	0.995590233849494	9
WWP1	0.616607005901868	0.181341511100158	0.758983454819571	9
WWP2	-0.0812411517142355	0.769834514122657	0.992930756580613	9
WWTR1	-0.00039777577542942	0.999256872242861	0.999729730810983	9
XAB2	-0.539829656502711	0.109008490070345	0.637509636263216	9
XAF1	0.253209942262962	0.68405850289101	0.987616154261952	9
XBP1	1.10804073297329	0.037228490869386	0.395914808157786	9
XCL1	0.0851133608414983	0.920379591928819	0.998639733078915	9
XCL2	-1.77970696859285	0.0142608701262437	0.241127954104792	9
XCR1	-1.55554668430081	0.0921463161130199	0.594743487702563	9
XDH	0.984273950781874	0.540212954071788	0.958979719874913	9
XG	0.653494181110234	0.368066554058847	0.902670603071424	9
XIAP	-0.0646828531566591	0.844184083656479	0.998639733078915	9
XIRP1	4.2344393618584	0.039040188694161	0.40302838747555	9
XK	0.435071448775204	0.447855998979397	0.932585632008735	9
XKR4	0.596677474184373	0.616850659185792	0.977025239540628	9
XKR5	1.05533388877607	0.399412878818728	0.914438028200431	9
XKR6	0.599534641353302	0.511421212157228	0.951538693830295	9
XKR8	-0.144477108146687	0.637038949125101	0.980691547015745	9
XKRX	-0.120263287102714	0.890419964565928	0.998639733078915	9
XPA	-0.255933719821089	0.458174102793018	0.936616815343768	9
XPC	-0.325538431739526	0.620247442728529	0.978462381331176	9
XPNPEP1	0.0398880920965001	0.871724985682682	0.998639733078915	9
XPNPEP2	-1.15096519142147	0.259624928367014	0.842792685728616	9
XPNPEP3	0.227342425867774	0.518490271473154	0.953758404613893	9
XPO1	0.228183622192161	0.553301257271311	0.9626262906904	9
XPO4	-0.105648805711943	0.782128033821457	0.993751208175834	9
XPO5	0.134232976803491	0.599427684332624	0.973817161820319	9
XPO6	-0.0133048993239693	0.960288531755487	0.998639733078915	9
XPO7	0.066242146127102	0.806659525414263	0.995590233849494	9
XPOT	0.210854824694403	0.357111753938842	0.900465766978347	9
XPR1	1.26601387966709	0.00474626946331824	0.132257248881491	9
XRCC1	-0.295858598079534	0.429001820699158	0.924317015813788	9
XRCC2	2.17505589213337	0.00668104192738366	0.160924234398456	9
XRCC3	-0.0429571501560311	0.880794570989344	0.998639733078915	9
XRCC4	0.0879132201570247	0.84890203017409	0.998639733078915	9
XRCC5	-0.0785967259942294	0.728614900083601	0.991008075540888	9
XRCC6	-0.282364138049155	0.317415764256698	0.882121038171662	9
XRN1	-0.119556430868302	0.791442534087461	0.994052363875907	9
XRN2	0.288737584907637	0.535043944972301	0.95784961223136	9
XRRA1	-0.340859433331553	0.472930781274759	0.939822409233973	9
XXYLT1	0.45150377708976	0.159234498198354	0.733340525307716	9
XYLB	0.551611492420652	0.291718989218955	0.867283786477541	9
XYLT1	-3.40134807036728			9
XYLT2	-0.000816163197006379	0.99757118270353	0.999620666732609	9
YAE1	-0.17885516458622	0.606889188059851	0.974885729870166	9
YAF2	-0.170489899659337	0.655398814214372	0.982654069775495	9
YAP1	0.293847838880093	0.603588183340813	0.974057468095769	9
YARS1	0.0387920571673622	0.915209779273685	0.998639733078915	9
YARS2	0.208944625047269	0.548976992234575	0.961089318650903	9
YBEY	0.228419817022767	0.574083937659741	0.968284112085412	9
YBX1	-0.0717818117162027	0.779529685182267	0.992930756580613	9
YBX2	-1.23889891730266			9
YBX3	0.486696903768587	0.267602655170589	0.847767249375861	9
YDJC	-0.0560640282934747	0.914716162848292	0.998639733078915	9
YEATS2	0.31803081072698	0.156849501157514	0.7292143264838	9
YEATS4	0.0813996487325258	0.787461859874701	0.994052363875907	9
YES1	0.267236547986046	0.377380972471237	0.905673456930873	9
YIF1A	-0.602413514043406	0.270574451779973	0.849828788594992	9
YIF1B	0.0162317540830683	0.978992588326397	0.998639733078915	9
YIPF1	0.110843214758109	0.791736819051153	0.994052363875907	9
YIPF2	0.137487898262115	0.698671607178125	0.989276793964962	9
YIPF3	-0.319855267667429	0.379798751518678	0.906881065731184	9
YIPF4	-0.247686779940036	0.315125752336086	0.880630245192925	9
YIPF5	0.335129805487152	0.359445567134666	0.901129021301342	9
YIPF6	-0.030018725292963	0.884945684505532	0.998639733078915	9
YIPF7	-0.455187835994658	0.714759494458055	0.989276793964962	9
YJEFN3	0.024545113808304	0.96430941780532	0.998639733078915	9
YJU2	-0.461663982965915	0.281377069208695	0.8612268238133	9
YKT6	-0.0500938810473156	0.872284177069506	0.998639733078915	9
YLPM1	0.482589595238042	0.0880726155961366	0.585938235360541	9
YME1L1	0.168366112744624	0.542252597328719	0.959543069141869	9
YOD1	0.478078311004325	0.205313027134706	0.788814574059188	9
YPEL1	0.150877482439961	0.855598132504564	0.998639733078915	9
YPEL2	0.544196532230365	0.328924493910251	0.888309445836384	9
YPEL3	-0.852796638800162	0.0569075099053142	0.481401809416439	9
YPEL4	-1.07296269137378	0.0831176195468783	0.573373278126119	9
YPEL5	-0.0615019442208663	0.826498151823361	0.99746225363255	9
YRDC	0.245470551401849	0.613911673798295	0.975911270057349	9
YTHDC1	0.0164842746702458			9
YTHDC2	0.01703191318066	0.963863849311948	0.998639733078915	9
YTHDF1	0.0175052349629588	0.933197994477559	0.998639733078915	9
YTHDF2	0.368048691593783	0.0886939968523205	0.586984083424703	9
YTHDF3	0.111517665815752	0.742045644440689	0.991008075540888	9
YWHAB	-0.120635355591133	0.575903234636025	0.968284112085412	9
YWHAE	0.077414294200819			9
YWHAG	0.299466337607233	0.329145030291844	0.888309445836384	9
YWHAH	0.387081969520922	0.285781713759316	0.861782201593722	9
YWHAQ	-0.0482565738489095	0.870278731301674	0.998639733078915	9
YWHAZ	0.205256737172876	0.365968519619649	0.90239123320911	9
YY1	-0.123681663734032	0.617341854293323	0.977066913071862	9
YY1AP1	-0.121453462471597	0.739800707660051	0.991008075540888	9
YY2	0.60593075675977	0.235082302015102	0.813038861303871	9
PTGR3	0.227949130930284	0.53653750656758	0.95784961223136	9
ZAP70	-0.0613371104272866	0.915733277526889	0.998639733078915	9
ZBBX	3.1404273541368	0.0446202155387052	0.428801433311737	9
ZBED1	-0.494888773005918			9
ZBED3	-0.15384838899607	0.727827232930195	0.991008075540888	9
ZBED4	0.945229822310949	0.025779990131186	0.330042007221541	9
ZBED5	-0.452612717287203	0.214985309308503	0.797536604851172	9
ZBED6	0.170840353752334	0.889979338207777	0.998639733078915	9
FAM200C	-0.190113729190362	0.628487719456881	0.979047032739808	9
ZBP1	-0.837587491866725	0.28596861229083	0.862169666263264	9
ZBTB1	0.135540461679243	0.721532969520033	0.990516044835733	9
ZBTB10	0.063310694035318	0.854678910900438	0.998639733078915	9
ZBTB11	-0.0240263436557503	0.95473238063319	0.998639733078915	9
ZBTB12	-0.0508389239984262			9
ZBTB14	0.0452971644882815	0.912991822986598	0.998639733078915	9
ZBTB16	-1.14502708813153	0.253385529456474	0.839098594740734	9
ZBTB17	-0.151835043903424	0.612357342589831	0.975769461971015	9
ZBTB18	0.190562439192736	0.582767044744515	0.970965892530257	9
ZBTB2	0.717833344448053	0.0699965105991679	0.529173808342532	9
ZBTB20	-1.18587730317046			9
ZBTB21	0.374734795326406	0.397400160114767	0.914438028200431	9
ZBTB22	-0.393684463424128			9
ZBTB24	-0.229775428117381	0.488948563917835	0.944931536265188	9
ZBTB25	0.0405075167741307	0.877559170543037	0.998639733078915	9
ZBTB26	-0.399391216361348	0.181346851957926	0.758983454819571	9
ZBTB3	-0.293715113255053	0.579968499588755	0.969055975901473	9
ZBTB32	-0.503290642041123	0.461429022292975	0.937917074919665	9
ZBTB33	-0.0139463407661147	0.962661219206073	0.998639733078915	9
ZBTB34	0.29751844145215	0.354544125131411	0.899715225734967	9
ZBTB37	-0.0968708405674146	0.835164977691846	0.998369795570889	9
ZBTB38	0.265224040754846	0.644140204514381	0.980691547015745	9
ZBTB39	-0.0596263302545775	0.900068834566998	0.998639733078915	9
ZBTB4	-1.14383048925066			9
ZBTB40	-0.0642724037109002	0.829333751252054	0.99746225363255	9
ZBTB41	0.34954478575123	0.511445482345042	0.951538693830295	9
ZBTB42	0.15994902575228	0.74388329787902	0.991008075540888	9
ZBTB43	0.370298968123052	0.468871660514065	0.939188868595478	9
ZBTB44	-0.0994743582915573	0.797287682528051	0.995540807940601	9
ZBTB45	-0.8251583628162	0.109254418080362	0.638078241044252	9
ZBTB46	0.374331954871276	0.330447426574184	0.889608885732586	9
ZBTB47	-0.331531244182378	0.557872364585716	0.96370024816501	9
ZBTB48	-0.405433823074105	0.393657110321096	0.912945341948813	9
ZBTB49	-0.31741660247123	0.273673236391109	0.852564368485894	9
ZBTB5	0.791216485073921	0.102744833002294	0.624122008208583	9
ZBTB6	-0.0473986339842926	0.922726363511362	0.998639733078915	9
ZBTB7A	-0.120977712608199	0.73212374117112	0.991008075540888	9
ZBTB7B	0.536318106580753	0.12124956221737	0.670056902025346	9
ZBTB7C	0.0886351878843748	0.888682371645155	0.998639733078915	9
ZBTB8A	-0.330024988143579	0.315301484937406	0.880630245192925	9
ZBTB8B	0.626786095443709	0.584586863832847	0.971161794932015	9
ZBTB8OS	-0.598121773922277	0.171572334022868	0.749226042299155	9
ZBTB9	0.229062277141812			9
ZC2HC1A	-0.0751894151475018	0.877090578610314	0.998639733078915	9
ZC2HC1C	0.329441206456731	0.483609269275903	0.94318539470689	9
ZC3H10	-0.39079190823978	0.38199741538286	0.907851207288101	9
ZC3H11A	0.260567982994989	0.882650471738086	0.998639733078915	9
ZC3H11B	0.161639022441847	0.821444876772675	0.996249102460065	9
ZC3H12A	1.81277750236875	0.000840747297524927	0.0513512839308957	9
ZC3H12B	-0.0874549741898811	0.812359209480756	0.995936140923453	9
ZC3H12C	0.0234875110586805	0.965073060105987	0.998639733078915	9
ZC3H12D	0.0583752207939117	0.92018239334917	0.998639733078915	9
ZC3H13	0.0377430559089473	0.936467544919457	0.998639733078915	9
ZC3H14	-0.0309940529018669	0.918138503798066	0.998639733078915	9
ZC3H15	-0.00654450694550412	0.985514383513984	0.999458538741689	9
ZC3H18	0.0221884819171172	0.917213121481615	0.998639733078915	9
ZC3H3	-0.679245236592851	0.165284577790307	0.741807171358891	9
ZC3H4	0.0470675145214982	0.871976961239541	0.998639733078915	9
ZC3H6	-0.165972784384581	0.722200457631111	0.990516044835733	9
ZC3H7A	0.064716273273412	0.830736031362138	0.99746225363255	9
ZC3H7B	0.227323512679959	0.52975885096378	0.957299775766752	9
ZC3H8	0.28426427429774	0.533974845485937	0.95784961223136	9
ZC3HAV1	0.451854852216452	0.0642465719987395	0.506704764272384	9
ZC3HAV1L	0.05353149084711	0.943038027329005	0.998639733078915	9
ZC3HC1	-0.211786923276695	0.542149541632808	0.959543069141869	9
ZC4H2	-0.0413180333886707	0.889085464916069	0.998639733078915	9
ZCCHC10	0.0836340120533999	0.805155458492336	0.995590233849494	9
ZCCHC12	-2.33683648903622	0.000800929712009494	0.0509101684117623	9
ZCCHC14	0.118891844263428	0.813272871044482	0.995936140923453	9
ZCCHC17	0.0860856041345894	0.71181867629338	0.989276793964962	9
ZCCHC18	-0.699281188746228	0.250827221288342	0.838097512370475	9
ZCCHC2	0.253707352268767	0.593069307408258	0.971727832906349	9
ZCCHC24	-0.28965047932813	0.585186510627842	0.971161794932015	9
ZCCHC3	0.252337995827418	0.472283955789117	0.939822409233973	9
ZCCHC4	-0.401443624196616	0.0876770204537834	0.584850002531494	9
ZCCHC7	0.111741527671767	0.772208277945689	0.992930756580613	9
ZCCHC8	0.0891310521106483	0.791634231163786	0.994052363875907	9
ZCCHC9	0.0699433414441897	0.85810598318262	0.998639733078915	9
ZCRB1	-0.0608550417320591	0.871085102675714	0.998639733078915	9
ZCWPW1	-0.600774850945206	0.126995855776615	0.679443938788914	9
ZCWPW2	-0.314574570540765	0.616658579208573	0.977025239540628	9
ZDBF2	-0.958190871569659			9
ZDHHC1	-0.640964432430935	0.137942768970934	0.701886664177854	9
ZDHHC11	0.33075165181813	0.599546774610328	0.973817161820319	9
ZDHHC11B	-1.10793753119252	0.0860738816001973	0.581481266041424	9
ZDHHC12	0.578630366908644	0.35446034238521	0.899715225734967	9
ZDHHC13	0.661568748500036	0.169783965778958	0.747653629169441	9
ZDHHC14	-1.03775639049969	0.114681980741638	0.650334505465739	9
ZDHHC15	-0.093232732467999	0.833042070705445	0.997726529449073	9
ZDHHC16	-0.0881769144234087	0.833973363615654	0.997915111894509	9
ZDHHC17	-0.350192897943294	0.47414797919661	0.939899973963271	9
ZDHHC18	-0.339525108011615	0.209750288883147	0.793888952327014	9
ZDHHC2	1.12512571338035	0.0531369509102037	0.471283724510365	9
ZDHHC20	0.252192288538245	0.434890450107391	0.927478238968238	9
ZDHHC21	-0.0779530500767516	0.852370731593817	0.998639733078915	9
ZDHHC23	1.57169079616931	0.00818344119547853	0.179002112302119	9
ZDHHC24	-0.185914253716393	0.582868963736238	0.970965892530257	9
ZDHHC3	-0.0107836515084353	0.977086892953419	0.998639733078915	9
ZDHHC4	-0.0607284654135555	0.877088885449678	0.998639733078915	9
ZDHHC5	0.164605270621434	0.507347568207314	0.951538693830295	9
ZDHHC6	-0.109923286234991	0.737123137608523	0.991008075540888	9
ZDHHC7	-0.2414023474709	0.261334460773953	0.843678462867405	9
ZDHHC8	0.0288081443249577	0.92145990739501	0.998639733078915	9
ZDHHC9	0.766488583967987	0.0864455268433093	0.581692070720403	9
ZEB1	-0.311223189439689	0.627008000697163	0.978573777801597	9
ZEB2	0.280109535536525	0.501243575007369	0.949301566677415	9
ZER1	-0.430084565474659	0.181368126976559	0.758983454819571	9
ZFAND1	0.179322793590676	0.619538655354914	0.978180563877835	9
ZFAND2A	-0.416199695059146	0.193757592490119	0.773128433453111	9
ZFAND2B	-0.538975001574776	0.174594469990396	0.751250158017082	9
ZFAND3	0.163646409024944	0.612284355175981	0.975769461971015	9
ZFAND4	0.0201835789644654	0.952213749161141	0.998639733078915	9
ZFAND5	-0.00236556923927198	0.995272428521405	0.999620666732609	9
ZFAND6	-0.0898374325651539	0.798841058322633	0.995590233849494	9
ZFAT	-0.217450500699041	0.571698169024583	0.967091069559004	9
ZFC3H1	-0.169379415368495	0.725934036516538	0.991008075540888	9
ZFHX2	0.94630958188256	0.0231709076583062	0.31340187783753	9
ZFHX3	0.37513788025572	0.314102956522512	0.879953262711861	9
ZFHX4	0.930858054559838	0.400985559617887	0.914991131944397	9
ZFP1	-0.0562341285217076	0.951059477564355	0.998639733078915	9
ZFP14	-0.0126948727733182	0.970626692358443	0.998639733078915	9
ZFP2	-0.461896052342968	0.235076353427184	0.813038861303871	9
ZFP28	-0.296933178925488	0.514993840328575	0.953680371468858	9
ZFP3	0.555502283549816	0.262756212595033	0.845428833249157	9
ZFP30	0.332381549490091	0.386015767433093	0.910863010956818	9
ZFP36	3.47392920776713	1.17208996597006e-05	0.00455295262833792	9
ZFP36L1	-0.260218528370581	0.511691218680338	0.951538693830295	9
ZFP36L2	0.594157370292098	0.264851441812907	0.84593551057786	9
ZFP37	-0.125443064593149	0.829749235883229	0.99746225363255	9
ZFP41	-0.405629758134668	0.416462473349072	0.919780432363111	9
ZFP62	0.176612894882606	0.580657873637055	0.969055975901473	9
ZFP64	0.22823851239391	0.494128389211438	0.946064084880081	9
ZFP69	-0.0818560517913357	0.860340515627989	0.998639733078915	9
ZFP69B	0.587465149643265	0.372722156476801	0.905673456930873	9
ZFP82	-0.193828963534585	0.521422128520996	0.954927051997323	9
ZFP90	-0.0201537558710759	0.899422547037993	0.998639733078915	9
ZFP91	0.181392437618204	0.600580805066401	0.974057468095769	9
ZFP92	0.239045294808632	0.639749382224766	0.980691547015745	9
ZFPL1	-0.583453102570067	0.513295361736763	0.952740910883626	9
ZFPM1	-0.72014781328191	0.144464162253974	0.711869112393627	9
ZFPM2	0.667936229931348			9
ZFR	-0.0777547432370408	0.779540107884507	0.992930756580613	9
ZFR2	0.171502494374948	0.903763290016802	0.998639733078915	9
ZFX	-0.215169355409746	0.533343553081247	0.95784961223136	9
ZFYVE1	-0.32202018453165	0.196524294538722	0.778068991354716	9
ZFYVE16	0.141550206540804	0.730973023688236	0.991008075540888	9
ZFYVE19	-0.143141681949746	0.710656941282484	0.989276793964962	9
ZFYVE21	-0.240701656412413	0.502642153422427	0.949352252865382	9
ZFYVE26	0.00656282510359448	0.984600512061245	0.999397054881783	9
ZFYVE27	-0.0200137648191913	0.938762456412667	0.998639733078915	9
ZFYVE28	0.922723667762532	0.00477965063858874	0.132365056268839	9
ZFYVE9	0.253896764056877	0.600572561699845	0.974057468095769	9
ZGLP1	-1.11966803341334	0.174709968483339	0.751250158017082	9
ZGPAT	-0.33644601035424	0.586808553652635	0.971161794932015	9
ZGRF1	0.306530060008146	0.58864949016618	0.971161794932015	9
ZHX1	-0.0378765454528871	0.927947670297951	0.998639733078915	9
ZHX2	-0.375452948721625	0.319732555592146	0.884742116921954	9
ZHX3	0.0302921901340748	0.96003451805334	0.998639733078915	9
ZIK1	0.594437028489568	0.137830791734894	0.7016256621796	9
ZKSCAN1	0.302345405956177	0.38735126007154	0.910869371915953	9
ZKSCAN2	-0.1039663436427	0.754919228360518	0.991635620289248	9
ZKSCAN3	0.0923233112083664	0.750368660000204	0.991008075540888	9
ZKSCAN4	-0.00172119378809065	0.99597196570198	0.999620666732609	9
ZKSCAN5	0.0962826319305593	0.656407503666369	0.982654069775495	9
ZKSCAN7	0.123466915304626			9
ZKSCAN8	-0.325934031527884	0.378054384363138	0.905918955776669	9
ZMAT1	-0.0235973275670492	0.973720164736636	0.998639733078915	9
ZMAT2	0.0441979681694539	0.818478285481881	0.995966406600323	9
ZMAT3	-0.350892536939486	0.327524542703137	0.887903506431062	9
ZMAT4	1.29336417823098	0.386433491512837	0.910863010956818	9
ZMAT5	-0.0410666335002405	0.912434805091123	0.998639733078915	9
ZMIZ1	-0.156529014193179	0.754365527450635	0.991292579960725	9
ZMIZ2	0.214660512363564	0.516525431410218	0.953680371468858	9
ZMPSTE24	-0.471947185563161	0.189292331965972	0.765938627234022	9
ZMYM1	-0.0634274086028342	0.87408912188753	0.998639733078915	9
ZMYM2	0.187885366827849	0.6174071591706	0.977066913071862	9
ZMYM3	0.0849618533622527	0.732920304562783	0.991008075540888	9
ZMYM4	0.298888552127373	0.2301845438475	0.808244559806673	9
ZMYM5	-0.081318135389109	0.849016356776806	0.998639733078915	9
ZMYM6	-0.0913526479085863	0.753355887268651	0.991008075540888	9
ZMYND10	1.53656708333582	0.124509607174194	0.675776875123707	9
ZMYND11	-0.144309630183653	0.693805224561435	0.989171265391501	9
ZMYND12	1.48172791402564	0.0474238420299184	0.44587473388766	9
ZMYND15	-1.64976318160002	0.023385556167767	0.313834800744295	9
ZMYND19	-0.21682997731311	0.598898250945324	0.973498192071791	9
ZMYND8	0.984757040031573	0.0139453803027463	0.238367163885275	9
ZNF10	-0.350559065216803	0.446670164444359	0.932585632008735	9
ZNF100	0.199549070150212			9
ZNF101	0.486894084268068	0.361652196793771	0.90143277046037	9
ZNF106	-0.0675066574411782	0.895145311670045	0.998639733078915	9
ZNF107	0.500008690629753	0.401085688251234	0.914991131944397	9
ZNF112	0.0108385206824119	0.983839548453192	0.999263264585425	9
ZNF114	1.13116427380551	0.414170440873611	0.917677856159618	9
ZNF117	0.0101423950551294			9
ZNF12	-0.138964401081968	0.69751921265216	0.989276793964962	9
ZNF121	0.252309923112167	0.581477377237256	0.969851702304987	9
ZNF124	0.305489852572556	0.478044419403255	0.941072442992838	9
ZNF131	0.287311308544241	0.471457199341243	0.939528895871055	9
ZNF132	-0.0350824886361788	0.928753395955731	0.998639733078915	9
ZNF133	0.0439704222816088	0.900352004862918	0.998639733078915	9
ZNF134	-0.0836702005859928	0.779515618928978	0.992930756580613	9
ZNF135	-0.248692560947753	0.524769457023042	0.955990789857766	9
ZNF136	0.0500257629386737	0.912401254365437	0.998639733078915	9
ZNF138	0.458686856250358	0.402948838727925	0.915238409840383	9
ZNF14	-0.225328233889119	0.617982467907933	0.977396250807779	9
ZNF140	0.027240466231414	0.958154193551161	0.998639733078915	9
ZNF141	-0.0827519188097805	0.848364596209797	0.998639733078915	9
ZNF142	0.0833347348626494	0.792015052100045	0.994052363875907	9
ZNF143	-0.0649850415635055	0.835829923527422	0.998604146933345	9
ZNF146	0.160063045926215	0.758587919949617	0.991955190535962	9
ZNF148	-0.148516059681069	0.690978662559131	0.989171265391501	9
ZNF154	0.959491278540076	0.15882939791208	0.733108424821829	9
ZNF155	-0.129450579890638	0.817735772674993	0.995966406600323	9
ZNF157	0.433864876913444	0.685144985304603	0.988158292120789	9
ZNF16	-0.210695734063445	0.539717714920056	0.958979719874913	9
ZNF160	-0.0536220636980581	0.875106046652868	0.998639733078915	9
ZNF165	1.3949320891637	0.0309991949587117	0.36229542104952	9
ZNF169	-0.298313177996253	0.427648218265765	0.923608338376662	9
ZNF17	0.231694111188335	0.520966558284029	0.954329531748642	9
ZNF174	-0.522387461061074	0.157196931719272	0.730154084145029	9
ZNF175	-0.112180983591645	0.693669687111747	0.989171265391501	9
ZNF177	0.785794457431552	0.593620198844006	0.971886033994504	9
ZNF18	-0.186835317169458	0.545497022258258	0.960668683051641	9
ZNF180	0.244223445168699	0.458060171367154	0.936616815343768	9
ZNF181	-0.26777178592856	0.541104723890336	0.958992746552915	9
ZNF182	0.258138558960803	0.596936431571145	0.972773091899058	9
ZNF184	0.387715572960775	0.409640007138852	0.915887078357671	9
ZNF185	1.03941839314922	0.0384474029034082	0.401075699121702	9
ZNF189	0.0482925249312965	0.874691579594766	0.998639733078915	9
ZNF19	-0.0897679684481121	0.836333353259454	0.998604146933345	9
ZNF195	0.712855644761413	0.168446937481465	0.745957814118282	9
ZNF197	-0.493933921279224			9
ZNF2	0.0172342377365571	0.949444638021906	0.998639733078915	9
ZNF200	0.103327360611992	0.77029870310621	0.992930756580613	9
ZNF202	-0.0442934223256858	0.886562441682824	0.998639733078915	9
ZNF205	-0.656375472714605	0.216687295139277	0.798902092039156	9
ZNF207	0.0851228643792257	0.745394947811966	0.991008075540888	9
ZNF208	-0.479442144467504	0.544945906397227	0.960471226785608	9
ZNF211	0.26233252928017	0.498949468713482	0.948602871172571	9
ZNF212	-0.062038979019693	0.851152344227631	0.998639733078915	9
ZNF213	-0.579405240896506	0.183998655890492	0.761211928138886	9
ZNF214	-0.0296072813096685	0.953178215636104	0.998639733078915	9
ZNF215	0.0729637728732126	0.867828731430671	0.998639733078915	9
ZNF217	1.29859890061885	0.0265037526358213	0.335985306646822	9
ZNF219	-0.818112566499108	0.0171366340869804	0.267959592963895	9
ZNF22	0.485207321499114	0.238149698743787	0.817138006312654	9
ZNF221	0.00480290155344844	0.99589379310512	0.999620666732609	9
ZNF222	0.261128620569305	0.490009998695182	0.944931536265188	9
ZNF223	0.267493291606741	0.700129953982099	0.989276793964962	9
ZNF224	-0.200919940925581	0.608323093569332	0.975285889451168	9
ZNF225	0.203743182944545	0.687232163366962	0.989171265391501	9
ZNF226	-0.0295248465548509	0.938509708111159	0.998639733078915	9
ZNF227	0.330479764529846	0.5084165471373	0.951538693830295	9
ZNF229	0.361328719563907	0.509967510590185	0.951538693830295	9
ZNF23	0.101693424723979	0.906941895575188	0.998639733078915	9
ZNF230	0.278568447030467	0.583872806137779	0.971010823223219	9
ZNF232	0.0513953442245965	0.887542086708479	0.998639733078915	9
ZNF233	0.717867813530242	0.27106520654351	0.85005173439319	9
ZNF234	0.15984215437711	0.620246034971311	0.978462381331176	9
ZNF235	-0.0402375113157354	0.89937885920328	0.998639733078915	9
ZNF236	0.314349792062745	0.375677439781459	0.905673456930873	9
ZNF239	0.0303959289784424	0.932795245659388	0.998639733078915	9
ZNF24	0.0520619849931971	0.871914913210803	0.998639733078915	9
ZNF248	-0.346552680017636	0.347105588262255	0.899092963457163	9
ZNF25	-0.263235659379609	0.609179744534284	0.975328830748679	9
ZNF250	0.16253709656182	0.543920942274736	0.959871555065334	9
ZNF251	-0.113198706817356			9
ZNF253	1.09935169327807	0.0623187266140849	0.501027627206159	9
ZNF254	0.384180144355526	0.476563414049696	0.940825538957812	9
ZNF256	-0.177495351123955	0.691280900767675	0.989171265391501	9
ZNF257	0.69954263514623	0.411083640791266	0.916063650621962	9
ZNF26	0.419148084235969	0.279839670826151	0.859935365064244	9
ZNF260	0.312786826604472	0.446465549008731	0.932585632008735	9
ZNF263	0.185745052471532	0.452903980171138	0.933964187106197	9
ZNF264	0.0818711493663303	0.835771261187033	0.998604146933345	9
ZNF266	-0.280252616410541	0.417949774877954	0.919780432363111	9
ZNF267	0.359860422531309	0.576052001595277	0.968284112085412	9
ZNF268	0.251341245496293	0.53463171129245	0.95784961223136	9
ZNF273	0.995534922872263	0.0632637501438823	0.50346248156102	9
ZNF274	0.0246514696279164	0.943320530388053	0.998639733078915	9
ZNF275	0.00712396203703676	0.981665348259767	0.998712918325029	9
ZNF276	0.0945417654071524	0.729038451251495	0.991008075540888	9
ZNF277	-0.0501827615472236	0.91613566264945	0.998639733078915	9
ZNF28	0.526684410654659	0.345892587676329	0.899092963457163	9
ZNF280B	0.25630941572265			9
ZNF280C	0.10035170136983	0.853186023891001	0.998639733078915	9
ZNF280D	-0.136083750357473	0.795344953149001	0.994714385280344	9
ZNF281	0.23273354489754	0.601368392902115	0.974057468095769	9
ZNF282	0.121671462823879	0.741779255362585	0.991008075540888	9
ZNF283	0.735471075509481	0.134968426599286	0.696879273378247	9
ZNF284	0.315342914574923	0.499852697976137	0.94888930167018	9
ZNF285	0.252644300270574	0.454512866540132	0.934328774803787	9
ZNF286A	0.150999309043115	0.663596434682035	0.983296370911773	9
ZNF287	-0.266050643334484	0.37717224573344	0.905673456930873	9
ZNF292	0.108367951806332	0.855147529247375	0.998639733078915	9
ZNF296	0.358244596507297	0.695243712369029	0.989276793964962	9
ZNF3	0.352479158463666	0.349873178871057	0.899092963457163	9
ZNF30	-0.0415447352772137	0.902064777166801	0.998639733078915	9
ZNF300	0.379129554471174	0.532532632678845	0.95784961223136	9
ZNF302	-0.355532806600567	0.377750072487747	0.905673456930873	9
ZNF304	0.058309089704683	0.891770415798855	0.998639733078915	9
ZNF311	-0.179694910742004			9
ZNF316	-0.343095295039154	0.192619405343578	0.771565378753955	9
ZNF317	0.0493451384669989	0.838480701232615	0.998604146933345	9
ZNF318	0.169813852801204	0.625831714843495	0.978573777801597	9
ZNF319	-0.147680219750698	0.680036438071721	0.986916482166846	9
ZNF32	-0.555947178467692	0.0827165682634719	0.572423471231649	9
ZNF320	0.47783511488047	0.277315490843848	0.857480226675461	9
ZNF322	-0.199091485574327	0.647611299080157	0.980691547015745	9
ZNF324	0.0478571279754611	0.919957210814377	0.998639733078915	9
ZNF324B	0.447978567740665	0.255756331986892	0.840547211401925	9
ZNF326	0.105341205395561	0.817544409942106	0.995966406600323	9
ZNF329	0.0457192931791239	0.8745022442166	0.998639733078915	9
ZNF330	-0.211807347354487	0.447535821759923	0.932585632008735	9
ZNF331	0.307457335407065	0.43036291698474	0.92451488206047	9
ZNF333	-0.574654379335984	0.118017544754217	0.660798904424733	9
ZNF334	-0.0931640112304204	0.870306551307612	0.998639733078915	9
ZNF335	-0.520050505828223	0.0402155288262633	0.408588093444351	9
ZNF337	-0.330635491986923	0.648495238970583	0.980691547015745	9
ZNF33A	0.0221748228745701	0.965740667504942	0.998639733078915	9
ZNF33B	0.0648496499974518	0.911218119511238	0.998639733078915	9
ZNF34	-0.743523824176209	0.0420573839469019	0.416246681284481	9
ZNF341	0.0492726019077586	0.876781277385268	0.998639733078915	9
ZNF343	0.080622308969613	0.751841781789385	0.991008075540888	9
ZNF345	-0.212236541706449	0.680492117732124	0.987076378845579	9
ZNF346	0.166817174329148	0.401971097386124	0.915238409840383	9
ZNF347	-0.141978209226786	0.733606715721736	0.991008075540888	9
ZNF35	-0.495802594749879			9
ZNF350	0.022228131233762	0.960987300811015	0.998639733078915	9
ZNF354A	0.242718090549503	0.582268293376528	0.970622504633646	9
ZNF354B	-0.0845121189834775	0.862580709964743	0.998639733078915	9
ZNF354C	-0.213704257757843	0.685503107750003	0.988293730694743	9
ZNF358	-1.31925411992099	0.0599760353086217	0.492657906060415	9
ZNF362	0.0664794664636605	0.795775084924026	0.994714385280344	9
ZNF365	-0.632213175826323	0.453215425172906	0.934193719686379	9
ZNF366	-0.542916736653042	0.527590027670105	0.957268202462574	9
ZNF367	1.93318509408018	0.00329078549431225	0.10966823841068	9
ZNF37A	-0.0160212917567576	0.973298865582169	0.998639733078915	9
ZNF382	0.0461248381014631	0.912919378793424	0.998639733078915	9
ZNF383	-0.220469632490584	0.511814013199554	0.951538693830295	9
ZNF384	-0.122524922217984	0.818881526619103	0.995966406600323	9
ZNF385A	0.138269275698509	0.798685935562435	0.995590233849494	9
ZNF385B	-0.374164861453948	0.746149014011829	0.991008075540888	9
ZNF385C	0.533914678508985	0.50157781558373	0.949348943915356	9
ZNF385D	0.0277370059743217	0.957873147645431	0.998639733078915	9
ZNF391	0.244534327698631	0.55631517950039	0.963483323314004	9
ZNF394	-0.0675143096283686	0.765882687738691	0.992930756580613	9
ZNF395	0.106534826630074	0.810360096307906	0.995936140923453	9
ZNF396	0.841089464046684	0.25841480865426	0.842337004781241	9
ZNF397	-0.0957065777735963	0.773054103806131	0.992930756580613	9
ZNF398	-0.0376452929739522	0.909666701601757	0.998639733078915	9
ZNF404	0.249381076765773	0.685937400222924	0.988395349930748	9
ZNF407	0.0140697947277888	0.973945968412128	0.998639733078915	9
ZNF408	0.0505933045250595	0.904257679993755	0.998639733078915	9
ZNF41	0.231729971419978	0.448049025265062	0.932585632008735	9
ZNF410	0.290733589591364	0.747970471594186	0.991008075540888	9
ZNF414	-1.0744712271663	0.0472783177025526	0.444789832764422	9
ZNF415	-0.0204945070568316	0.941367956713051	0.998639733078915	9
ZNF416	-0.2254092133641	0.5806029542694	0.969055975901473	9
ZNF417	0.326330713609136	0.493535209099331	0.945530063911015	9
ZNF418	0.130226132639931	0.785742479709931	0.994052363875907	9
ZNF419	-0.26052616406523	0.385057764821392	0.910863010956818	9
ZNF420	0.0451075429745734	0.92523649134023	0.998639733078915	9
ZNF423	0.486377779491297	0.242256557340302	0.824670257593937	9
ZNF425	0.132193486637221	0.776378680193221	0.992930756580613	9
ZNF426	0.0120264468851327	0.95861651968054	0.998639733078915	9
ZNF428	-0.359689420402928	0.585545353810449	0.971161794932015	9
ZNF429	0.0205034046391734	0.962367044595955	0.998639733078915	9
ZNF43	0.426987509275169	0.561476618169916	0.964946561877165	9
ZNF430	0.0602439959221509	0.922924438000684	0.998639733078915	9
ZNF431	0.286810146089644	0.520863203554384	0.954329531748642	9
ZNF432	-0.0512592306194097	0.849120358915607	0.998639733078915	9
ZNF433	0.144596560555001	0.694156816750457	0.989171265391501	9
ZNF436	-0.133044836708113			9
ZNF438	-0.566578479113174	0.11143965164991	0.644283708027277	9
ZNF439	-0.246380850869449	0.500602544325481	0.94888930167018	9
ZNF44	-0.035322609345296	0.913227443479098	0.998639733078915	9
ZNF440	0.603244545062946	0.23001717155923	0.808244559806673	9
ZNF441	-0.793022115306635	0.194549757391367	0.773847741539738	9
ZNF442	-0.225972808331127	0.614581749366934	0.976306629617447	9
ZNF443	0.546105979181968	0.279902276055693	0.859935365064244	9
ZNF444	-0.381001947328802	0.345772975510621	0.899092963457163	9
ZNF445	0.408360586311143	0.234164991046187	0.811768302685007	9
ZNF446	-0.292937523857611	0.613993567585842	0.975911270057349	9
ZNF449	-0.671793509536396	0.0383959687083609	0.400822414500789	9
ZNF45	0.308351522201615	0.498787943858444	0.948602871172571	9
ZNF451	-0.0671777612585172	0.75955218139854	0.991955190535962	9
ZNF454	-0.136050178555691	0.806550554179901	0.995590233849494	9
ZNF460	0.608946522876229	0.363873502191096	0.90239123320911	9
ZNF461	0.198303812385739	0.503048631648686	0.949552538589034	9
ZNF462	0.297632718017713	0.410822363716735	0.91601809761032	9
ZNF467	0.115409943918304	0.803515708635185	0.995590233849494	9
ZNF468	0.529957088134359	0.408354852907588	0.915271886809331	9
ZNF469	0.733139955491098	0.171933455992365	0.74938747148236	9
ZNF470	-0.129781038815043	0.743902615095386	0.991008075540888	9
ZNF471	-0.243691216150659	0.644638012244643	0.980691547015745	9
ZNF473	0.678657593106409	0.0202181382707783	0.292804831686066	9
ZNF474	1.76449266049645	0.197692252822475	0.779905650710645	9
ZNF48	0.187829650183927	0.580229830429702	0.969055975901473	9
ZNF480	0.282127088442772	0.553189911123672	0.962588268076922	9
ZNF483	-0.934172401857335	0.0601663832167741	0.493397768146001	9
ZNF484	0.178499841883477	0.679626948828437	0.986913270207236	9
ZNF485	0.0675301084746507	0.890418808804729	0.998639733078915	9
ZNF486	1.38319492604783	0.0254059539490525	0.328174406620457	9
ZNF487	-0.13186004947969	0.76007642754411	0.991955190535962	9
ZNF488	-0.277610016360467	0.791503515007504	0.994052363875907	9
ZNF490	0.206228013473518	0.646510787649761	0.980691547015745	9
ZNF491	-0.152171064414926	0.724198327238394	0.990984782893948	9
ZNF492	0.609652560895255	0.667162430538734	0.984282363239639	9
ZNF493	0.173883264410175	0.793722288061433	0.994700224220313	9
ZNF496	-0.193606269879973	0.320104818969351	0.884742116921954	9
ZNF497	0.67846816050323	0.271459561834344	0.850385100220023	9
ZNF500	-0.0925125232494181	0.778871799454985	0.992930756580613	9
ZNF501	-0.818542478958183			9
ZNF502	-0.451742711072154			9
ZNF503	-0.71831030285605	0.00439069513642701	0.128338714670889	9
ZNF506	0.733608947066629	0.152123812304534	0.723675843478971	9
ZNF507	-0.0412294545548548	0.882781459029052	0.998639733078915	9
ZNF510	0.105268751312128	0.716122222205251	0.989276793964962	9
ZNF511	-0.359723134942727	0.354514896512476	0.899715225734967	9
ZNF512	-0.0569999377031177	0.850823575420987	0.998639733078915	9
ZNF512B	0.261800956258722	0.363744250478988	0.90239123320911	9
ZNF513	-0.0135102621541044	0.973960283271475	0.998639733078915	9
ZNF514	-0.25458211823547	0.403316014306312	0.915238409840383	9
ZNF516	0.94647899693153	0.0169470506192672	0.266690207026656	9
ZNF517	-0.348475768222617	0.260471528507144	0.842792685728616	9
ZNF518A	0.318331976628161	0.572046065824183	0.967095572213435	9
ZNF518B	-0.476028900566466	0.152949901366584	0.724086010296911	9
ZNF519	-0.675885465094128	0.112830451271959	0.645363401857339	9
ZNF521	-0.626455351354371	0.330901001408305	0.889730147622575	9
ZNF524	-1.00570433701943	0.0441951228475628	0.426381835524755	9
ZNF525	0.428075514168923	0.376682186338029	0.905673456930873	9
ZNF526	-0.393675802778485	0.386657458998788	0.910863010956818	9
ZNF527	-0.147362625328487	0.645422894604218	0.980691547015745	9
ZNF528	0.282493263803599	0.379128790683705	0.906881065731184	9
ZNF529	-0.0789253277691876	0.819536977152871	0.995966406600323	9
ZNF530	0.32842224635982	0.321178097989662	0.885543112951723	9
ZNF532	-0.373088622997286	0.359176550203931	0.901041060854761	9
ZNF534	-1.3476723710902	0.192998833211204	0.772198228116891	9
ZNF536	2.17937939157101	0.079585006726616	0.561009686863218	9
ZNF540	-1.82585792434074	0.00130629865504271	0.0669523418301579	9
ZNF541	-0.70437521159653	0.364663265800691	0.90239123320911	9
ZNF543	0.606149287730928	0.356104528243585	0.899926179335231	9
ZNF544	0.241413635343415	0.46859526732518	0.939188868595478	9
ZNF546	-0.15617828286596			9
ZNF547	0.303578507864345	0.632330290300712	0.979380833016394	9
ZNF548	0.376092495493783	0.367186452837706	0.90239123320911	9
ZNF549	0.130395731648114	0.768156899434786	0.992930756580613	9
ZNF550	0.433509113092584	0.433033939087066	0.926809311141991	9
ZNF551	0.38680381139778	0.482008989345851	0.94271760619919	9
ZNF552	0.3051048303789	0.586650501383338	0.971161794932015	9
ZNF554	0.244224465256926	0.465864218256263	0.939056634854966	9
ZNF555	0.0386387386759485	0.901793881891906	0.998639733078915	9
ZNF556	2.91871813137002	0.00305123874608351	0.107528779908217	9
ZNF557	0.0582818611745463	0.878307881193364	0.998639733078915	9
ZNF558	0.391869928758123	0.34359346707431	0.899092963457163	9
ZNF559	0.0137897978212553	0.97586828813913	0.998639733078915	9
ZNF559-ZNF177	0.546068853769803	0.768871017767381	0.992930756580613	9
ZNF561	0.405739994287982	0.140126367389956	0.705458836645002	9
ZNF562	0.216681970849164	0.557890424977504	0.96370024816501	9
ZNF563	-0.525716426813913	0.362659834773598	0.90151933666101	9
ZNF564	-0.0844268011539082	0.938213144905203	0.998639733078915	9
ZNF565	-0.0826575720692788	0.802298877471236	0.995590233849494	9
ZNF566	-0.237141539889591	0.550634086073974	0.961546579712439	9
ZNF567	0.123111161609906	0.824555478299803	0.997189504159952	9
ZNF568	0.181807680311896	0.652917204459149	0.981436950613188	9
ZNF569	0.112735750616292	0.824126788208423	0.997189504159952	9
ZNF57	-0.314081633645725	0.740512466997408	0.991008075540888	9
ZNF570	0.0732642423596891	0.864036956205883	0.998639733078915	9
ZNF571	0.0540094738976519	0.932666778528964	0.998639733078915	9
ZNF572	-0.0877743870342195	0.892486157837001	0.998639733078915	9
ZNF573	0.170231581778318	0.774768284205736	0.992930756580613	9
ZNF574	-0.416505513141537	0.237542869262245	0.816354815013552	9
ZNF575	-0.608829156514671	0.346560712264922	0.899092963457163	9
ZNF576	-0.0175369464871528	0.964780454924515	0.998639733078915	9
ZNF577	-0.302368228212937	0.454853097739991	0.934328774803787	9
ZNF578	0.0870357358025959	0.831827573868074	0.99746225363255	9
ZNF579	-0.35674230646963	0.462882480237685	0.9381217464643	9
ZNF580	-1.49160797108156			9
ZNF581	-0.217059913689811	0.604695476669716	0.97426949205076	9
ZNF582	-0.52274820528829	0.203676758676348	0.787756350592083	9
ZNF583	-0.061581431539819	0.878035368538756	0.998639733078915	9
ZNF584	0.17293413137201	0.618634923461415	0.977597903910864	9
ZNF585A	0.086167861446058	0.845329964523895	0.998639733078915	9
ZNF585B	0.126963185530771	0.629363752102841	0.979219295330233	9
ZNF586	0.599965238002772	0.134988400226548	0.696879273378247	9
ZNF587	0.0522302309409078	0.91698339114981	0.998639733078915	9
ZNF587B	0.12099493298597	0.807376974402169	0.995590233849494	9
ZNF589	0.704769103540257	0.0908430338198134	0.591844133122791	9
ZNF592	0.0326001107073314	0.888720132205864	0.998639733078915	9
ZNF593	-0.184228292707002	0.895132835866373	0.998639733078915	9
ZNF594	0.140962992066682	0.786941575994732	0.994052363875907	9
ZNF595	-0.51789791103435	0.278284088319163	0.858073193290024	9
ZNF596	-0.504018473274477	0.211273229908679	0.794171927467666	9
ZNF597	-0.35896192379371	0.290883061588053	0.866369021812196	9
ZNF598	-0.120740807307746	0.754328802596767	0.991292579960725	9
ZNF599	-0.276197090026312	0.541666881812718	0.959503761242954	9
ZNF600	0.422777346975056	0.466586963477337	0.939090560115758	9
ZNF605	0.0143709066223664	0.966412942044241	0.998639733078915	9
ZNF606	0.0955773039756168	0.812690256682021	0.995936140923453	9
ZNF607	-0.133083439085502	0.687400034521217	0.989171265391501	9
ZNF608	0.433741129242671	0.408006223086192	0.915271886809331	9
ZNF609	0.200753731870886	0.641175562415112	0.980691547015745	9
ZNF610	0.394640643597524	0.442001364572663	0.930767263873637	9
ZNF611	0.750177173554072	0.053773609355324	0.472692722723396	9
ZNF613	-0.24080736728766	0.603193941828493	0.974057468095769	9
ZNF614	0.0979035653432905	0.781322975216122	0.993692085940702	9
ZNF615	-0.355170132431493	0.380051340424721	0.907021407027033	9
ZNF616	0.378444116110432	0.339718088754157	0.896524077278898	9
ZNF618	0.391059146950937	0.335174204253519	0.893374219751931	9
ZNF619	0.142903442450972	0.668231424699383	0.984380101516098	9
ZNF620	0.227675524101493	0.714659409238283	0.989276793964962	9
ZNF621	0.187337043813805	0.556918220912378	0.96370024816501	9
ZNF622	-0.25753780807305	0.345318972648324	0.899092963457163	9
ZNF623	-0.251895785864785			9
ZNF624	-0.332323548748981	0.466858621360798	0.939188868595478	9
ZNF625	0.434386240420137	0.734142860092684	0.991008075540888	9
ZNF626	0.0813051820282392	0.827587339902758	0.99746225363255	9
ZNF627	-0.124430152613811	0.80550630193332	0.995590233849494	9
ZNF628	-0.351531876398362	0.416140184923889	0.919780432363111	9
ZNF629	0.400239771294155	0.240460044990027	0.822392615895185	9
ZNF630	0.205114273143095	0.636126114735658	0.980691547015745	9
ZNF638	0.0155192113886089	0.975384236269139	0.998639733078915	9
ZNF639	-0.277849367712607	0.254350281830938	0.839549309057797	9
ZNF641	0.102023627923627	0.716301145496256	0.989276793964962	9
ZNF644	-0.0122127276988242	0.978824728247177	0.998639733078915	9
ZNF646	0.163219140802467	0.614002300997399	0.975911270057349	9
ZNF649	-0.0130987770389831	0.972925897218678	0.998639733078915	9
ZNF652	-0.158061531547492	0.564767122890685	0.965041713262426	9
ZNF653	-0.351740906557144	0.469631390064775	0.939188868595478	9
ZNF654	0.167915618158816	0.682662950356952	0.987306006486237	9
ZNF655	-0.515413265097119			9
ZNF658	-0.00934507665262149	0.983963928646376	0.999263264585425	9
ZNF66	0.850138101514814	0.420643301442061	0.920749947279889	9
ZNF660	-0.0484368003205693			9
ZNF662	-0.344328843961282	0.290673403824758	0.866062063599779	9
ZNF664	0.491743293836086	0.226724527593929	0.808244559806673	9
ZNF665	-0.400935113846691	0.262314096094609	0.845049841216177	9
ZNF667	0.349251184007815	0.374221742831214	0.905673456930873	9
ZNF668	-0.344255531431425	0.596325364691542	0.972773091899058	9
ZNF669	0.171856158536338	0.809863725470263	0.995936140923453	9
ZNF670	0.307427490388096	0.708937037050239	0.989276793964962	9
ZNF671	0.634868687638715	0.16692273522992	0.743720644349187	9
ZNF672	0.312681494657806	0.337291797839786	0.894676206377135	9
ZNF674	-0.0677314226852824	0.864496108032348	0.998639733078915	9
ZNF675	0.666639358722639	0.285661669119555	0.861596219426595	9
ZNF676	-0.671729456616692	0.709323407840621	0.989276793964962	9
ZNF677	-0.36192655084916	0.436705242492474	0.928257515958762	9
ZNF678	-0.00882292032898021	0.981079367653461	0.998639733078915	9
ZNF680	0.655480579546892	0.215836337776546	0.798400989783844	9
ZNF681	0.594577168326215	0.35062095240666	0.899092963457163	9
ZNF682	0.434200298731596	0.376701257621084	0.905673456930873	9
ZNF683	-1.6997305042124	0.0986794572640929	0.611980350722711	9
ZNF684	-0.0951502389022708	0.823557578065828	0.996927456932072	9
ZNF687	-0.0779704044552292	0.80520305965469	0.995590233849494	9
ZNF688	-0.641268354164834	0.22879334105757	0.808244559806673	9
ZNF689	0.0913817755578414	0.815024219576931	0.995966406600323	9
ZNF69	0.757985556232954	0.167740344635939	0.744609605309455	9
ZNF691	-0.306523963121509	0.322760998413663	0.885543112951723	9
ZNF692	-0.473150633083429	0.27234999300235	0.851728442099086	9
ZNF695	0.922171491482717	0.66984133962839	0.984617408310563	9
ZNF696	-0.106862438737572	0.64355282054939	0.980691547015745	9
ZNF697	0.807190367941126	0.0876819358852515	0.584850002531494	9
ZNF699	-0.134841251216456	0.835961171700416	0.998604146933345	9
ZNF7	-0.421853141765371	0.0499182866349643	0.455967715976924	9
ZNF70	0.316233874066837	0.562118913346132	0.964946561877165	9
ZNF700	0.208330157358754	0.565844863375537	0.965041713262426	9
ZNF701	0.153964266349358	0.743349928751434	0.991008075540888	9
ZNF703	-0.439945684392447	0.457630776362057	0.936515720210776	9
ZNF704	0.773742654934189	0.213075766530428	0.79427272961319	9
ZNF706	-0.378914668461377	0.202037165330591	0.78600786696433	9
ZNF707	0.0628202370583191			9
ZNF708	0.284346397943573	0.591832361407397	0.971527934919808	9
ZNF709	0.146014573377507	0.881411855388757	0.998639733078915	9
ZNF71	0.195456239076429	0.519942766773602	0.953993185872609	9
ZNF710	0.560495869580123	0.137416924280291	0.701162949313771	9
ZNF711	0.891154232027557	0.229482930663734	0.808244559806673	9
ZNF713	0.128478307575208	0.843527841221833	0.998639733078915	9
ZNF714	0.332131547026116	0.518995195188688	0.953758404613893	9
ZNF717	0.439609266544492	0.295429817992393	0.870082505129096	9
ZNF718	0.918801086996474	0.0716404023631385	0.53435269291677	9
KRABD5	0.380547118210855	0.436057808019389	0.927920525150979	9
ZNF721	0.46550029410947	0.461894945485536	0.937927280347714	9
ZNF724	2.79004785215351	0.025230256971419	0.326974383806071	9
ZNF726	1.24658386457425	0.177557559636935	0.752707391671681	9
ZNF727	-0.20539375588162	0.639463685769955	0.980691547015745	9
ZNF728	-2.38470601209412	0.153330372694105	0.724490919122178	9
ZNF730	1.41961567773077	0.119944530370938	0.666102788865847	9
ZNF732	-1.0155400651384	0.203160233495981	0.787490896356019	9
ZNF736	0.0250604875695979	0.954293909409541	0.998639733078915	9
ZNF737	0.27340858004677	0.64770711712559	0.980691547015745	9
ZNF738	0.389878767485793	0.528780579522406	0.957299775766752	9
ZNF74	0.0229589891702615	0.949494257817359	0.998639733078915	9
ZNF740	0.0300957349966354	0.918879226338821	0.998639733078915	9
ZNF746	0.149694934245439	0.509420085476426	0.951538693830295	9
ZNF747	-0.162696986138098	0.675644590592761	0.985298616459508	9
ZNF749	1.04167707206626	0.0459843836427525	0.437355339530071	9
ZNF750	2.85545497635488	0.0122070950637992	0.223559466794963	9
ZNF75A	-0.0272807384880877	0.920917183747062	0.998639733078915	9
ZNF75D	0.199730535257737	0.591638784178654	0.971324668364043	9
ZNF76	-0.105493619122847	0.652678434685988	0.981436950613188	9
ZNF761	0.268524015442623			9
ZNF763	-0.358071982616339	0.451691682078864	0.933085210672351	9
ZNF764	0.272654238193307	0.469182046451812	0.939188868595478	9
ZNF765	0.190654602948849	0.744131521523064	0.991008075540888	9
ZNF766	-0.224993152399592	0.471313622327161	0.939528895871055	9
ZNF768	0.0177992649913682	0.954941562190783	0.998639733078915	9
ZNF77	0.108722487480934	0.771415299757206	0.992930756580613	9
ZNF770	0.0207105782838524	0.972802666900004	0.998639733078915	9
ZNF771	-0.966567141130619	0.117002387486984	0.656681460720671	9
ZNF772	0.868545097195178	0.172718221851647	0.74938747148236	9
ZNF773	-0.260746660064682	0.508707315337229	0.951538693830295	9
ZNF774	-0.0182425108898302	0.97561204229488	0.998639733078915	9
ZNF775	-0.310871917570542	0.46296742338475	0.9381217464643	9
ZNF776	0.384038140952259	0.408746149737876	0.915271886809331	9
ZNF777	-0.574334157685663	0.156505293809094	0.7292143264838	9
ZNF778	-0.0814437642836335	0.81579287424858	0.995966406600323	9
ZNF780A	-0.297831321338564			9
ZNF780B	-0.151106048609875			9
ZNF782	0.0908914293403779	0.866380410431138	0.998639733078915	9
ZNF783	-0.0284446388822707	0.883435451581372	0.998639733078915	9
ZNF784	-0.683678671924286	0.126939002035488	0.679443938788914	9
ZNF785	0.0984369904505359	0.799546539891932	0.995590233849494	9
ZNF786	0.347339081093465	0.386143606685268	0.910863010956818	9
ZNF787	0.117209322440849	0.788372299885465	0.994052363875907	9
ZNF789	0.022660327255965	0.952579719030723	0.998639733078915	9
ZNF79	-0.0890168401461454	0.82626464025806	0.99746225363255	9
ZNF790	-0.0480594363632816	0.904500964367777	0.998639733078915	9
ZNF791	-0.011563241057189	0.970285802799234	0.998639733078915	9
ZNF792	0.65987943876562	0.264906342554944	0.84593551057786	9
ZNF793	0.570459682720942	0.284802264344147	0.8612268238133	9
ZNF799	0.716648532244109	0.083449744091341	0.573763865021209	9
ZNF8	0.277857905372862	0.486219471328307	0.943977712144114	9
ZNF800	0.0106448594089272	0.973756540105924	0.998639733078915	9
ZNF805	-0.0660517270637272	0.869739842256734	0.998639733078915	9
ZNF808	0.557416154597986	0.192669194911393	0.771565378753955	9
ZNF81	0.233512194034697	0.526611933099489	0.957268202462574	9
ZNF813	0.0650140274782164	0.886225818017687	0.998639733078915	9
ZNF814	0.335473023727692	0.5138140541115	0.952863302692453	9
ZNF816	0.377836292028518	0.443911271851772	0.932003419961505	9
ZNF821	-0.984007119980242	0.132357586568807	0.691585959413153	9
ZNF823	0.220731394624237	0.518776813582176	0.953758404613893	9
ZNF827	-0.221226105056649	0.610695387371225	0.975328830748679	9
ZNF829	-0.135106035355191	0.80196748487104	0.995590233849494	9
ZNF83	-0.0977588083486987	0.834593133800058	0.998148190637421	9
ZNF830	-0.0415359535288408	0.918263088081725	0.998639733078915	9
ZNF831	-0.88120302831811	0.382653707570326	0.908825643997679	9
ZNF835	-0.134807191295565	0.788659262343566	0.994052363875907	9
ZNF836	-0.00549701627082387	0.98991441013167	0.999458538741689	9
ZNF837	-0.10541735704194	0.819433746777853	0.995966406600323	9
ZNF839	-0.0338252447088681	0.948871332714902	0.998639733078915	9
ZNF84	0.132156274324528	0.75868406259608	0.991955190535962	9
ZNF841	0.211200879174169	0.589306586904124	0.971161794932015	9
ZNF843	0.466111840268774	0.399628493758679	0.914438028200431	9
ZNF844	-0.154605590707322	0.775166669545894	0.992930756580613	9
ZNF845	0.123081771510553	0.799575815414038	0.995590233849494	9
ZNF846	0.308139271565007	0.500867563493534	0.94888930167018	9
ZNF85	0.541164049553022			9
ZNF850	0.15086391346498	0.765882092250129	0.992930756580613	9
ZNF852	0.0571128658742767	0.949487551578173	0.998639733078915	9
ZNF853	-0.330588938165706	0.380119998529841	0.907021407027033	9
ZNF860	1.51445949027006	0.0293804821656936	0.352714704498385	9
ZNF862	-0.186672858382835	0.531136577125984	0.957514599552134	9
ZNF865	-0.514830523473874	0.212610892717746	0.794171927467666	9
ZNF875	-0.108229744493963	0.662758041417037	0.983171338937342	9
ZNF878	-0.295716108852923	0.807151983131333	0.995590233849494	9
ZNF879	-0.337071162560121	0.35575503942361	0.899926179335231	9
ZNF880	0.0583867591090841	0.875312775961719	0.998639733078915	9
ZNF888	1.49584955372562	0.0220618737869615	0.306932440121903	9
ZNF891	0.0220954865898441	0.948381926086949	0.998639733078915	9
ZNF90	0.664139038741675	0.281694478882369	0.8612268238133	9
ZNF91	0.161515236275568	0.711285192513291	0.989276793964962	9
ZNF92	0.527129841242637	0.391883787714139	0.912807186165296	9
ZNF93	0.319754485216361	0.505653605098731	0.950760358225867	9
ZNF98	-0.00542523192918522	0.997040706067264	0.999620666732609	9
ZNF99	-1.08688823497074	0.188342931462489	0.765189948662975	9
ZNFX1	-0.0162514064022932	0.968046878159071	0.998639733078915	9
ZNHIT1	-0.738257756401802	0.214210028684032	0.795739159677259	9
ZNHIT2	-0.502035623414876	0.407217783139644	0.915238409840383	9
ZNHIT3	-0.508119523734543			9
ZNHIT6	-0.181072367015156	0.561506006166608	0.964946561877165	9
ZNRD2	-0.468358853399925	0.311405990891236	0.878131264920736	9
ZNRF1	0.200518012345909	0.462751264314524	0.9381217464643	9
ZNRF2	1.01173364542198	0.00234730854193048	0.0904663743797281	9
ZNRF3	0.411930529651664	0.344195704627246	0.899092963457163	9
ZP3	0.864591026097586	0.395159620581066	0.913353694686467	9
ZPR1	0.0220469790143876	0.921158616961048	0.998639733078915	9
ZRANB1	0.304424973933369	0.677416407961156	0.986323100997694	9
ZRANB2	-0.560776019210471	0.210234322650238	0.794171927467666	9
ZRANB3	0.415652672641963	0.446991610984967	0.932585632008735	9
ZRSR2	-0.540883329609272	0.263759620736483	0.84593551057786	9
ZSCAN1	0.378805918331141	0.55818691645153	0.963784895746991	9
ZSCAN12	-0.274738979904887	0.449985386896883	0.932585632008735	9
ZSCAN16	-0.0997250345702117	0.878301407407681	0.998639733078915	9
ZSCAN18	-0.774594106138345	0.0996237326655048	0.614776721519865	9
ZSCAN2	-0.443186055642969	0.420671881610702	0.920749947279889	9
ZSCAN20	0.233491879624162	0.384350688622936	0.910512038960546	9
ZSCAN21	0.597303819732778	0.201219179358151	0.785225436752981	9
ZSCAN22	0.364947435359065	0.218718100436274	0.799133138747484	9
ZSCAN23	0.351017310748343	0.698739570794013	0.989276793964962	9
ZSCAN25	-0.183618857446399	0.628034611841031	0.979047032739808	9
ZSCAN26	-0.353057507826289	0.30291770443285	0.874342355309609	9
ZSCAN29	0.170644806379986	0.548904360606811	0.961089318650903	9
ZSCAN30	0.0224246915439207			9
ZSCAN31	0.620540216502467	0.128044486031823	0.682087570666089	9
ZSCAN32	0.057633838793342	0.873159857269525	0.998639733078915	9
ZSCAN5A	0.119001179139387	0.823389763251883	0.996915603799238	9
ZSCAN9	-0.0886860843526327	0.83821658156066	0.998604146933345	9
ZSWIM1	-0.265617086657531	0.398799447470223	0.914438028200431	9
ZSWIM3	-0.0666804520578987	0.871663900862269	0.998639733078915	9
ZSWIM4	1.4059790591685			9
ZSWIM5	-0.245715552979649	0.630234877751435	0.979238377916278	9
ZSWIM6	0.780127718558929	0.111730400349209	0.64449489779145	9
ZSWIM7	-0.524830150232372	0.200642811855792	0.783944796347509	9
ZSWIM8	-0.180218915755063	0.504872414659115	0.950760358225867	9
ZSWIM9	0.040344205324209	0.92934086453597	0.998639733078915	9
ZUP1	0.0258671639812408	0.954298053090637	0.998639733078915	9
ZW10	0.0747992721976145	0.753298580620081	0.991008075540888	9
ZWILCH	0.304657489733396	0.50281389559661	0.949352252865382	9
ZWINT	2.72357352105937	0.000848126411820121	0.0513512839308957	9
ZXDA	-0.351232471960799	0.369192124196548	0.903755380641003	9
ZXDB	0.141572290037902	0.745906127279031	0.991008075540888	9
ZXDC	-0.00993599310067595	0.960233215442954	0.998639733078915	9
ZYG11B	-0.0527810561856763	0.862569893470306	0.998639733078915	9
ZYX	-1.25454086290631			9
ZZEF1	0.00775814917451356	0.980207537465115	0.998639733078915	9
ZZZ3	-0.0906188014348744	0.815220976012389	0.995966406600323	9
