gene	log2FC	p	padj	n
COL1A1	0.603352362683365	0.0737588340188828	0.157944937724183	6
FN1	0.64660449700983	0.00762927704502096	0.0247899713018047	6
COL1A2	0.636825716490656	3.18506668559851e-11	6.40076836374552e-10	6
GREM1	0.392530883540857	7.5607188103775e-10	1.23783260822138e-08	6
ACTB	-0.245351422506547	0.000107822386637999	0.000632218769460157	6
EEF1A1	0.441031221748155	1.98489296655985e-08	2.58428744993347e-07	6
ACTG1	-0.142890972638113	0.0271099614331621	0.0711562158214781	6
FLNA	0.0764466273807675	0.463239462608904	0.61451657344103	6
MT-CO1	0.0164271206057726	0.798577190006594	0.87568073575948	6
SPARC	0.857171941883574	3.7695589116931e-41	6.70523026413734e-39	6
MYH9	-0.0185721257347184	0.872942887634631	0.923751686625504	6
THBS1	0.191456371431877	0.0502860411175232	0.116851372749429	6
COL6A3	0.858273649767766	0.00039862811981452	0.00197930665451472	6
SERPINE1	0.319855923440303	8.33481358672945e-07	7.83694156617711e-06	6
TPM4	0.0904278946055808	0.172732824420418	0.302512262885306	6
AHNAK	0.0257817419993851	0.904706816398952	0.942933763974843	6
EEF2	0.312755802500051	1.7212151771054e-06	1.52158195945187e-05	6
FSTL1	0.624916757755879	1.48992619184528e-22	1.01616054213779e-20	6
MT-ND4	-0.349560995100195	1.34207582633217e-06	1.21581170695185e-05	6
FTL	0.0988981835462196	0.2619463214398	0.40930949790506	6
COL6A2	0.288541892575568	0.00027417359828619	0.00142140491305283	6
CCN2	1.20278082503485	4.28151166407027e-61	2.16759761669834e-58	6
CAVIN1	-0.027889647196873	0.69830557079511	0.803127673951598	6
CALD1	0.69736819625328	2.87623366861882e-27	2.86817149848709e-25	6
COL6A1	0.21157719496497	0.0383646831247282	0.0941451014114088	6
MT-CO2	-0.137125598037869	0.0698383150552863	0.15134166972298	6
ANXA2	-0.146326703582247	0.0683684543193739	0.148914697158545	6
ITGB1	0.566318717747868	5.21451624785867e-18	2.34261697510456e-16	6
LRP1	0.364876412798627	0.386256258834167	0.542324387736975	6
MT-CO3	-0.103965522432934	0.136019791092438	0.252173029598558	6
COL5A1	0.729667117814098	0.00188390814997435	0.00755087768064509	6
LOX	0.852335173817729	1.06144412486468e-36	1.4707146332204e-34	6
FBN1	0.728520878768833	0.000243613955109633	0.0012821633311108	6
COL3A1	0.84608319621102	1.35495163089001e-37	1.98169203526724e-35	6
VIM	-0.436116978330593	5.64671729186835e-10	9.37298104828033e-09	6
TMSB4X	0.273526317020116	0.000750293214766056	0.00340252655631486	6
PKM	-0.499274570576446	3.25197216873016e-13	8.64761811252426e-12	6
GAPDH	-0.277688393826187	0.00150575389604479	0.00622494928820277	6
ACTN4	0.138318088859041	0.0314590629756902	0.0801264187273961	6
IGFBP4	0.333180940305596	2.57866355120154e-06	2.1912813637486e-05	6
TERT	-0.803052381119912	0.000317283425500212	0.00161688026707677	6
TIMP2	0.451690341194644	5.51127398041301e-06	4.34660871205371e-05	6
MMP2	0.958553489293872	1.22561913143669e-43	2.52075384798456e-41	6
CCN1	0.15872881074943	0.0196913993555842	0.0547251976921232	6
TUBB	-0.413211791611597	1.07660328605588e-07	1.21329872040698e-06	6
ACTN1	-0.0990820039019822	0.140054570650693	0.257729388155329	6
PLEC	-0.239757945436375	0.525294443768821	0.668644305514842	6
CRIM1	0.390522698675621	1.75157621740839e-06	1.54220720734092e-05	6
POSTN	2.55786576966664	1.11253692926654e-308	1.11253709953826e-308	6
HDLBP	0.132244280421833	0.041361404578898	0.0998606325150466	6
CCND1	-0.111510651879041	0.0912539712840634	0.185268625246157	6
B2M	0.213454474268211	0.0148917452042146	0.0435504954291944	6
LGALS1	0.100758508931641	0.299576921520598	0.452892042951146	6
MT-CYB	-0.310425998727852	2.86682633340792e-06	2.41357987825169e-05	6
CALU	0.427237923905255	9.19400152098344e-11	1.71911393345593e-09	6
COL4A2	0.543449403142524	2.20037035946578e-08	2.82020204884597e-07	6
TLN1	-0.0834071993686192	0.365300721613143	0.520970844762868	6
TAGLN	0.540009562614236	6.8926133469853e-11	1.32836704958078e-09	6
CITED2	-0.381524831954625	1.8584162505062e-07	1.99855662625924e-06	6
RPL3	0.27399513791064	0.000496749361475727	0.00239250341935785	6
MYOF	-0.027561856005825	0.763614980519806	0.850233800421435	6
MT-ATP6	-0.327854599956229	1.75392524104672e-06	1.54324317833543e-05	6
HSPA8	-0.445213096244986	5.97066344146611e-09	8.47808445307642e-08	6
CALR	-0.142710114243465	0.0787131121343344	0.166015173053075	6
LAMC1	0.698152129980706	7.79735117996323e-15	2.56596703126419e-13	6
LOXL2	0.48595121768259	2.4661045729658e-11	5.00946519968346e-10	6
CEMIP	1.53007665755119	5.47571957756362e-41	9.61025290659599e-39	6
SEPTIN11	0.798608405684183	3.64863765212564e-34	4.70853111911077e-32	6
LMNA	-0.318094362422413	1.01286823692125e-05	7.50697331227166e-05	6
MT-ND5	-0.12364386848181	0.209757343911161	0.348747747619378	6
HSPA5	-0.275667408112502	6.35887051928229e-05	0.000394447750449165	6
MMP14	0.266725256938992	0.000187446850059032	0.00102550410944599	6
STAT1	0.233254009045722	0.000483759788047904	0.002341077238998	6
CLIC4	0.589389535724339	2.57359760253221e-17	1.09987874162765e-15	6
CTSB	-0.0864651293741678	0.202876492435348	0.340143073484459	6
STC2	0.188147579698519	0.00691670454484514	0.0228697769213254	6
TPM2	0.116467994217504	0.191304789236707	0.325804753619197	6
ANXA5	0.0365433987201054	0.640096945973869	0.761257327417243	6
ENO1	-0.533089543649774	2.93686044611545e-09	4.43324473075891e-08	6
FLNC	-0.723997192524126	0.0183144591197677	0.0515774979446944	6
RPLP0	0.139739790739987	0.115437569795602	0.222670681597233	6
APP	0.476249600479114	2.19342810182533e-12	5.27826217629374e-11	6
RPL4	0.239101699099763	0.00353097895996606	0.0129249933398313	6
COL4A1	1.16531415624124	1.44770078982587e-46	3.40287241008534e-44	6
MYL9	0.34395437092154	8.66329719135532e-07	8.10483162258778e-06	6
COL5A2	1.06007244298659	8.0375187029057e-54	3.02279596246708e-51	6
P4HB	-0.0142070752185843	0.832430713006649	0.897990562626664	6
TMSB10	0.0147323663714847	0.855584769266535	0.912425043980831	6
EIF4G2	-0.0761068204413755	0.249845051731188	0.395658134737443	6
RTN4	0.168476014084938	0.00885308540699212	0.0281315804194013	6
FBN2	1.40578162457574	2.89424701917569e-12	6.90162563648725e-11	6
SULF1	1.08918195825019	8.07904176729888e-50	2.31183536484685e-47	6
HSP90AB1	-0.560358103252825	2.03431474546662e-16	7.94590059186265e-15	6
MT-ND1	-0.317065706945634	3.91443912770569e-06	3.2043384476362e-05	6
GNAS	0.010362619052972	0.877548433226844	0.926538569216219	6
CDKN1A	0.736422174854455	8.76752800237639e-22	5.46952469645879e-20	6
LASP1	0.0378606672012345	0.6125146654686	0.740564943654191	6
THBS2	1.63895920730983	2.78553094717306e-83	2.82045721981839e-80	6
OXTR	0.699845884939255	1.27253184234071e-26	1.18796713764048e-24	6
SLC38A2	0.500799860296792	3.09846212301475e-13	8.28964571651283e-12	6
RPL13A	0.361781632766122	7.70356042139111e-05	0.000468369357167534	6
IGFBP7	0.749863161438487	5.40575973825888e-19	2.69530361495082e-17	6
HSP90B1	-0.0384935318873969	0.591589488833561	0.723640223168494	6
FTH1	0.13871830454696	0.0869826360904166	0.178898818571587	6
MSN	-0.160141074481349	0.0131120995161546	0.0391193485791349	6
NPTX1	0.552936559184906	6.602506339642e-15	2.21141961701546e-13	6
TPM1	0.528179438515354	1.2355757291033e-16	4.91355991606851e-15	6
PXDN	0.316440888534603	0.00836725505102639	0.0268306688413097	6
APLP2	-0.20036654818696	0.00159690828435296	0.00654647172542947	6
WDR1	-0.269203554205126	5.91566051938053e-05	0.000370094293805161	6
CYBRD1	0.702096192401999	1.55424814443669e-25	1.33716132844577e-23	6
CANX	0.0471819078929982	0.482497976917269	0.631575265529237	6
SERPINH1	0.246459819720984	0.000806630490227312	0.00362873449858582	6
CD248	-0.303945195997098	0.000577381046361619	0.00272138262298309	6
CORO1C	-0.0514772120531495	0.428104268576781	0.582572959733755	6
RPS2	0.0530422136906956	0.548018296504994	0.688382940824051	6
MT-ND2	-0.313261406444364	4.25287864019996e-06	3.44708383872857e-05	6
SEC61A1	-0.0634586714798387	0.352286269385984	0.508235879430919	6
CLTC	0.0161306617189331	0.822149712873019	0.892091061787779	6
CALM2	0.0428436942030225	0.582040616989988	0.715574593388447	6
YBX1	-0.0604311210288114	0.490842569133617	0.639750144526822	6
DYNC1H1	-0.23455391945096	0.419969670155806	0.575180602253759	6
CFL1	-0.313367653704092	0.000164978683317739	0.00091922839111321	6
CD63	-0.222907318646019	0.00810341680726583	0.0261242408606515	6
SERPINB2	-1.35933588580994	3.64696301354704e-66	2.18204427942362e-63	6
CKAP4	0.190478234347437	0.00703499566352404	0.0231909962231322	6
UBC	0.0228779679287001	0.76929099562716	0.854313454436877	6
HSP90AA1	-0.467650108538775	1.50273128782237e-09	2.35762240066817e-08	6
TUBA1B	-0.431918220296162	2.54844711459163e-06	2.17121096241875e-05	6
MYL6	-0.0643542375725006	0.557853181276108	0.69643061716391	6
HSPG2	0.487123909599968	0.349268319660806	0.505266390998483	6
NTN4	0.388967983905288	1.60570192142051e-09	2.5042481506704e-08	6
PSAP	0.391624779974388	1.57327994993211e-09	2.45659359204701e-08	6
MMP1	-2.46702022048453	3.23638454036788e-229	1.42001765682875e-225	6
DCN	0.763383459552814	9.81791385223442e-23	6.83773545169109e-21	6
LDHA	-0.257176687401276	0.00175699005512744	0.00711389113984697	6
RHOA	-0.135120273147096	0.0445865428349894	0.106090503133942	6
VCL	0.01015859259132	0.90060658557321	0.939878259406974	6
DKK3	0.579758426276331	8.78965215129676e-18	3.8695047246662e-16	6
CAV1	-0.365246561539866	1.08127185434179e-06	9.92523111485423e-06	6
RPSA	-0.0875655823070686	0.33282957604119	0.487920226019622	6
MFGE8	0.414910734373959	4.20995322854707e-08	5.03778312248774e-07	6
INHBA	1.16317098702911	1.34397570841259e-58	6.31812580351245e-56	6
RPS4X	0.221554469843482	0.0152359719053104	0.0443697119888497	6
ADAM9	0.385372720967356	9.99230073806914e-09	1.37009015224171e-07	6
HNRNPA2B1	-0.565918612924143	1.76352730736064e-16	6.92934625277259e-15	6
PABPC1	0.26499539318951	0.000131553934403392	0.00075518728240377	6
ADAMTS1	0.0612858705968646	0.369930445196757	0.525512027857211	6
EIF4G1	-0.544700566751004	2.92671754700575e-08	3.65853590420102e-07	6
HNRNPA1	-0.303901778926666	5.37685374651798e-06	4.25333689095049e-05	6
ITGA5	0.0577717591114315	0.426403402588557	0.581270504170793	6
RACK1	0.114292037121226	0.180356339533732	0.312002956667434	6
LTBP2	0.182966629858817	0.397626453872619	0.554033768638223	6
TPT1	0.263529548641865	0.00422923320201893	0.0150498504023182	6
EHD2	0.0475255780294665	0.631171567493242	0.754665395850081	6
COL8A1	1.16010266066596	2.44851887951402e-64	1.34291058379346e-61	6
C12orf75	-0.000968666906766852	0.991264787842731	0.993680481484569	6
RPS3	0.219656462915813	0.0149839372243651	0.0438004809425534	6
ASPH	0.00675868755811858	0.918980212923918	0.951066461530871	6
RPL8	0.0435977798048512	0.624058666635817	0.749291638139858	6
MICAL2	0.564589362361991	4.89809151134949e-14	1.47536793052387e-12	6
PLS3	0.217799871944425	0.00284211745760921	0.0107409681580563	6
RPL13	0.258355784689826	0.00456047796401765	0.0160207022792539	6
AXL	-0.00523324079445354	0.937023802794058	0.962244056496972	6
PPIA	-0.299157154741746	0.000215228525165168	0.00115305375529064	6
TMBIM6	-0.00532300928772832	0.942092873826058	0.965798492803867	6
TAGLN2	-0.328790736473619	0.000134307173342658	0.000768980131670033	6
TRAM2	-0.124264715139819	0.124549296308303	0.235484399210886	6
MAP4	-0.125597052734548	0.198719750338777	0.335180429742353	6
PFN1	-0.259395404624321	0.00399165886511656	0.0143362089062836	6
RPL7A	0.0361709882357083	0.631376304472066	0.754773071997621	6
RPL15	0.252527019712746	0.003075129388856	0.0114798434899352	6
TUBB6	-0.286089992932594	0.00046638828149907	0.00226952641381599	6
FRMD6	0.145460779327337	0.0334247093371411	0.0840759505073167	6
YWHAZ	-0.176390859269211	0.0101959475796668	0.0316810176000811	6
FSCN1	-0.181870869425093	0.00888946319276381	0.0282024593893348	6
NIBAN2	-0.430557418078245	9.59143486440445e-10	1.54910499533933e-08	6
AP2M1	-0.200911058647996	0.00799894775115791	0.0258380734352127	6
MYO1C	-0.00113402445761657	0.98677900099647	0.991978920888693	6
HLA-B	0.0342273167361267	0.657745892234861	0.775271179692274	6
QSOX1	-0.170982252799895	0.0176921495590871	0.0501252183913611	6
FKBP10	0.122209013061137	0.0804551494326866	0.168463530282223	6
GNB1	-0.0337768269521763	0.600816525188925	0.730919401207193	6
LAMB2	0.365122723096134	0.000449952814088277	0.00220175795235836	6
ZYX	-0.4605647269235	1.45667283563309e-06	1.31113480656856e-05	6
TRIO	-0.0808159449804299	0.491685313481841	0.64010026519251	6
VAT1	0.228338074884446	0.00250847577547608	0.00962625563605842	6
ARF1	-0.213211334877328	0.00245669495692811	0.00945540225673821	6
LTBP1	0.184337908454741	0.0194718455688381	0.0542106394294872	6
CAPN2	-0.0335676531465396	0.610674440581625	0.739154727482844	6
TXNRD1	-0.522476894840626	8.29141645567059e-15	2.7081864716127e-13	6
ATP2B4	0.278400869869875	0.00430083756974381	0.0152753350558469	6
CD59	-0.0696726453789595	0.322056746215277	0.477391098021587	6
GANAB	0.258003841981527	8.18925736512813e-05	0.00049424665152307	6
PALLD	0.539782897121077	2.12090797374715e-07	2.24778676798984e-06	6
SEPTIN9	-0.249772687382978	0.000338590020710223	0.00171088692614536	6
SSR3	0.0480102579631205	0.511679461450445	0.657179612772939	6
DSP	0.454199058369374	4.55722182946601e-05	0.000292903862017876	6
CDC42EP3	0.287977692050385	1.37691743522587e-05	9.9420538671849e-05	6
NT5E	-0.480559112033934	4.511114984834e-12	1.04860622590317e-10	6
DST	0.04353434273904	0.889854626303068	0.934138005106251	6
SQSTM1	-0.166408913296401	0.0661645448000303	0.14525081774563	6
SCD	0.96145256381471	5.65007269225915e-46	1.30477029558258e-43	6
CSDE1	0.237443457419478	0.00147544650003722	0.00612080122281435	6
ALCAM	-0.0309568427277117	0.659535179929989	0.776243241166468	6
FGF5	-0.122679041574044	0.0894550860949655	0.18255772066171	6
MGLL	0.120200903174373	0.0896699526627522	0.182854467374099	6
AGRN	-0.065817033400406	0.757475733901913	0.845759019878775	6
COL12A1	0.318679706311332	0.00396882704230773	0.0142736804256548	6
CYB5R3	0.227473860115936	0.00313303220494117	0.0116761333277578	6
MXRA8	-0.1037894094255	0.186888247717265	0.319938874327267	6
DDAH1	0.131315882627672	0.0517274672342066	0.119454149334011	6
HMGA1	-0.69231074766656	5.94766426977767e-24	4.57831022123296e-22	6
VCP	-0.364533234179221	3.29193821844698e-08	4.06871199712842e-07	6
LAMP1	0.136061583385586	0.0507988747870855	0.11776428122973	6
MAGED1	0.0210063444212119	0.752426351248054	0.842237015307654	6
SPTAN1	-0.114612483348282	0.263168976257684	0.410837943397755	6
FAT1	0.0695058888198826	0.794460864186872	0.872766512710049	6
RPL10	0.567354825574423	5.26645351309941e-11	1.03158225584714e-09	6
ACTR2	0.271777864572577	5.9620680300519e-05	0.000372289855216192	6
SRRM2	-0.459110252724808	0.218307749348937	0.359394330515372	6
HSPB1	0.0150127851310922	0.864551057383833	0.917748836156725	6
NEAT1	0.0773846911395637	0.866198635826898	0.918682833243853	6
SYNPO2	1.18141596195898	4.74727720376753e-54	1.83789440685859e-51	6
SURF4	-0.175084031222465	0.00836042093673617	0.0268306688413097	6
RAB3B	0.0818366608722957	0.405294437653379	0.561363448340764	6
TUBA1C	-0.720646753266837	8.08176860417333e-19	3.94001185691605e-17	6
DDX5	-0.183349465315013	0.00907618786840306	0.0287118146868035	6
MACF1	0.251370348303715	0.334446707310623	0.489418789141715	6
PEA15	0.134040102971741	0.076564994638506	0.162526209389881	6
RPS19	0.190742029153647	0.0563027716077496	0.127712111437671	6
SEPTIN2	0.379898534005551	7.79409570946966e-09	1.0867974769465e-07	6
TUBB4B	-0.732991325412889	1.0798744827951e-19	5.77820642968779e-18	6
ANXA1	-0.300786970624492	0.000180065088588558	0.000990680922367339	6
RND3	-0.0183105105057387	0.796752900045652	0.874335841875858	6
IQGAP1	0.0685728212660136	0.335566128110091	0.490492255107596	6
MYO1B	0.423048970953722	2.09680362119373e-10	3.69976220720819e-09	6
TUBA1A	0.269181710926535	0.0017492802663178	0.00709140010641861	6
ITGB5	0.345285043472635	1.40945750107266e-07	1.54406531275719e-06	6
HNRNPK	-0.291424558755345	2.89106551868244e-05	0.000195857413393809	6
PLOD1	-0.130833924206886	0.0639002421853877	0.141340764222191	6
UBA1	-0.227404158119691	0.000471386437938824	0.0022904064781418	6
GPC1	0.208708946500221	0.00857936547773177	0.0274168943392531	6
YWHAE	-0.0734875102893548	0.400824837078164	0.557016187759699	6
CSRP1	-0.00264209063320544	0.971949083846246	0.983303803755909	6
RPL6	0.0131939265057744	0.875913155192109	0.925629805860125	6
GSN	0.252101829443726	0.00108672833841244	0.00468849725287542	6
PSMD2	-0.579413851659653	1.74053507674578e-18	8.30096493304517e-17	6
LRP10	0.164496919934202	0.0286450112564593	0.0742086760812387	6
PDIA3	-0.0356111972079166	0.605553083024303	0.735019427669869	6
IFITM3	-0.112014717022713	0.122657287978281	0.232778391016494	6
HIF1A	0.57132047547327	8.63779582226307e-16	3.18485452124506e-14	6
PRSS12	0.732144392751482	1.54446110468458e-27	1.56382627084332e-25	6
EMILIN1	0.0503055497229036	0.525987824323352	0.668943914659744	6
INSIG1	0.401793039946232	4.11836999776342e-09	6.02334492006222e-08	6
OAZ1	0.055888782795218	0.487258111131611	0.636540146568619	6
CTTN	-0.148745343602742	0.0488591356438762	0.11433472044095	6
CD81	-0.0258552640080228	0.696756609396572	0.802257457092991	6
MPRIP	0.0127006336394654	0.86521034444789	0.918152512412736	6
RPL5	0.235314479265962	0.0115582678957396	0.0351590826476059	6
WNT5A	1.01737978690114	4.07180659470329e-42	7.88193973618815e-40	6
SRGN	0.0160339880807618	0.865144916782997	0.918152512412736	6
RPS8	0.28021886435006	0.00138114850906056	0.00579721231657021	6
ATP2A2	-0.280046415945869	0.00238794322140618	0.00923670191694667	6
GNAI2	-0.133250080538368	0.0570249084933368	0.128905868194709	6
NPM1	-0.132089760302797	0.140574213999758	0.258504942564796	6
HLA-A	0.320632786091319	3.54266946044479e-05	0.000235041119495135	6
EMP1	-0.303188756405422	2.43884674355717e-05	0.000167200727528349	6
ADGRA2	1.0049825264964	2.25689725730168e-41	4.12604702748083e-39	6
NOTCH2	-0.085009209177554	0.473775481082449	0.623903177528713	6
KDELR2	0.00669929917223458	0.92326976333335	0.953625227146648	6
IPO5	0.0299322920249901	0.661581376467932	0.777535326647088	6
RPS9	0.0326428445814642	0.740227082375008	0.834641860998992	6
ANPEP	-0.153220324311804	0.179922511522111	0.311416176090144	6
NCL	-0.628699638505536	8.48672773965364e-21	4.94295562995845e-19	6
MORF4L2	0.586476224193359	1.23275417277033e-13	3.51990090589497e-12	6
RRBP1	-0.253278328206329	0.0255888654758273	0.0677620835535872	6
ATP1A1	-0.250092073427327	0.000239659551460198	0.00126692316300023	6
ATP5F1B	-0.203901415980602	0.0146713164784753	0.042991660464419	6
ACTR3	-0.0674477326496916	0.412388515240914	0.56846476344289	6
MEG3	0.115396678355039	0.679149011730583	0.790279211581477	6
PRSS23	0.252628966201033	0.000463133407892224	0.00225702519366358	6
RPLP1	0.20145217315876	0.0395738720940723	0.0964828446701747	6
RPS6	0.234885392470669	0.00611717322443262	0.0206092529186605	6
ACLY	0.111525001848266	0.173993535298776	0.303830844406711	6
EZR	-0.274835678314976	6.95231880753039e-05	0.000427033935900712	6
PIK3R1	0.715888300776586	4.40833398648594e-22	2.83058050068851e-20	6
RAI14	0.0355037329573957	0.592568264572139	0.724500842147787	6
MT-ND6	-0.37988862545293	0.000178855456140137	0.000985052037310722	6
ARHGDIA	-0.465387506154483	8.28079713281537e-10	1.34901154281248e-08	6
MRC2	0.278453798230247	0.0107320426406731	0.033075597583512	6
ADAR	-0.185262725143204	0.0292455939637729	0.075423149166368	6
TRAM1	0.689802992094085	3.14763384116864e-16	1.20913497318728e-14	6
S100A6	0.273717447366154	0.00385444033986345	0.0139537948827345	6
PIEZO1	-0.205461001572025	0.0923709980501857	0.187058376513014	6
PRRC2A	-0.373728475863956	0.0858061765331504	0.177032398386498	6
RPS18	0.324659657968227	0.00110891910581641	0.00477328390773756	6
DSTN	0.180593647155372	0.0273456368443379	0.0716019097206752	6
COL16A1	0.642883881895153	6.1081030130095e-12	1.36969267393942e-10	6
RPL28	0.107078371193497	0.177828127948785	0.308887786776175	6
RPL18A	0.164005341209589	0.0906529742247421	0.184377481900402	6
TPM3	-0.4667606227953	7.5166531733556e-10	1.23215075617534e-08	6
PLXNB2	0.0152328120317096	0.859665550180131	0.914628001699084	6
FLNB	-0.548095777840376	0.0186338829632457	0.0523203501376286	6
IGF2R	-0.135509656433698	0.545482011423627	0.686468643598416	6
ARF4	0.0227346956651812	0.757035943212904	0.845411395648719	6
RNF213	-0.017432240343305	0.958036578685745	0.975414845587862	6
HNRNPU	-0.323124344308542	1.1360137983731e-06	1.04059496367329e-05	6
HTRA1	0.845919056148182	3.12676721640578e-32	3.88279593108955e-30	6
SEC31A	0.213158284592609	0.00134007517777336	0.00566091449455415	6
FBLN5	0.323431086682979	3.50389143416056e-06	2.89527451022319e-05	6
EIF1	0.110173457694238	0.127267449635706	0.239471135504276	6
INPPL1	0.063562466588743	0.444029202932559	0.596812625605334	6
SPTBN1	0.0279086837318172	0.785576302194018	0.865824404737491	6
DHCR24	0.0352734338854795	0.597821086628352	0.728487221189501	6
RPL19	0.0109885161865185	0.900217726958056	0.9396214368368	6
SLC25A3	-0.0401164614981008	0.592011180373378	0.724021477957333	6
RPL12	0.329265049399252	0.000419838926111179	0.00207211840435	6
EIF4H	-0.135663278206476	0.0687025701867422	0.149476352292246	6
CD44	-0.459571727166175	1.13576222047694e-11	2.45485026406207e-10	6
EXT1	0.0569499196744799	0.436867905886885	0.59052087134823	6
FHL2	0.301869466014674	0.000260873673133037	0.00136360991587953	6
PDGFRB	0.559634766032638	7.13379259751821e-10	1.17231101075071e-08	6
CLIC1	-0.397253322975334	1.68692197397919e-05	0.000120026778072909	6
LY6E	-0.337403694512698	8.32328435757999e-05	0.000501850131227962	6
MYL12B	0.176578890114018	0.0204119558680373	0.0564222123248583	6
HNRNPC	-0.273014733820677	0.0015709795864429	0.0064540587691473	6
SLC25A6	0.324971252170985	0.000230346336104672	0.00122507023117002	6
CALM3	-0.303277586689314	1.55139721294538e-05	0.000111002519026827	6
EDIL3	1.4654263655661	5.18842507564667e-95	1.13825398784562e-91	6
EIF3A	-0.172472085541399	0.0154325079656847	0.0448329513026502	6
COPA	0.110117318641735	0.1271282133298	0.239298622595772	6
ANXA6	-0.119010792730633	0.104236566376217	0.205768734734575	6
CHPF	0.52206590882471	3.19583399636355e-10	5.52782692432765e-09	6
VASN	-0.270021062376421	0.00183235525012682	0.00738338143869147	6
TEAD1	0.15786663905469	0.0430530507587777	0.103093925257011	6
BSG	0.101068896095998	0.166635511915565	0.294656534570739	6
TNPO1	0.296387624766304	1.10616512241018e-05	8.14342925407452e-05	6
CTNNA1	-0.156457653019775	0.0192622423751402	0.0537635488515628	6
ADAM12	1.49347501081854	7.70577093762323e-53	2.81752952366485e-50	6
TTYH3	0.440009118658556	2.11699185611402e-07	2.24544430314495e-06	6
FBLN1	-0.054462372202312	0.490999572633148	0.63975882412068	6
LAMA1	0.528762789925272	0.0119062484952154	0.0360446064725207	6
MCL1	0.301196314001347	7.36194644101599e-06	5.66035636700312e-05	6
PRKDC	-0.13817395348185	0.20576123762981	0.343666434579518	6
RNH1	-0.0219701554015189	0.81585676746665	0.887750899410062	6
NR2F2	0.233102395128793	0.00446569954160099	0.0157465853378232	6
SLC7A2	0.0822721330936916	0.248725263348434	0.394311771824092	6
DDX3X	0.0570940442925038	0.400434758435309	0.556608842076089	6
RPL41	0.197012572260529	0.0340841180162762	0.0854081944504556	6
GNG12	0.198505472227411	0.00881007522438113	0.0280316703356367	6
RCN3	-0.0138967570192021	0.857358765016115	0.913250289534533	6
DAB2	0.18344029493944	0.0154816837055012	0.0449460526280353	6
COTL1	-0.381447093041814	4.51353621718978e-07	4.49067855078375e-06	6
FKBP9	0.530807860364997	4.51690139092228e-12	1.04860622590317e-10	6
HEG1	0.792760645941413	7.76678450360276e-11	1.48380528912806e-09	6
RPL18	-0.0120638960810994	0.896794873442785	0.937759049819461	6
SLC1A5	0.641605928815077	8.02288982437738e-17	3.24939380794706e-15	6
CD99	-0.0475184132643166	0.515089691553684	0.660187498531757	6
TRIM28	-0.478088179543155	1.31660959455858e-11	2.82256223015872e-10	6
RPS11	0.224541702973757	0.0161803338626245	0.0466043183005966	6
MGAT1	-0.0842978767893864	0.287857894718414	0.439771758145135	6
PARVA	0.455017532215044	2.39781508160885e-11	4.89599353170701e-10	6
DDR2	0.471557069320175	4.66810399518005e-07	4.63046366906971e-06	6
HUWE1	-0.124367875605139	0.689358403719484	0.79729590265878	6
TMEM30A	0.238404551415513	0.00112395180207017	0.00483482927145412	6
GJA1	0.691234296133651	3.45087710730933e-20	1.90058139596287e-18	6
CNN2	-0.0586949210904973	0.416365078046641	0.572089094188719	6
NONO	-0.254046343099545	0.000185993329731109	0.00101882238836895	6
ELL2	0.0404024900253177	0.573587095923483	0.70926509569195	6
CTSC	0.0541374366218417	0.508913007436684	0.654885317908796	6
MARCKS	0.298393646141707	4.3131105900006e-05	0.000278985133642152	6
AMIGO2	0.41586692410671	4.06956569046778e-09	5.95858656102641e-08	6
H3-3B	-0.326093376911496	1.64963656566987e-05	0.000117564516047171	6
NID1	0.0708052605133807	0.74984450116581	0.840518025108197	6
ILF3	-0.563298748205673	3.76446618137388e-14	1.15236438012615e-12	6
DBN1	-0.450051794836871	5.23661286355505e-10	8.74690852019539e-09	6
RPL7	0.151892470837372	0.103455601797202	0.204503091523737	6
ATP5F1A	-0.0656180827706515	0.43228500416839	0.586131799533222	6
KPNB1	-0.38148865673276	9.07151154217486e-09	1.25034875842563e-07	6
LAPTM4A	0.456947348705332	4.31668161998824e-08	5.15144879092522e-07	6
PRPF8	-0.594664034452119	3.02732714196381e-06	2.53490503623853e-05	6
YWHAQ	-0.279508411610833	0.000910372286534368	0.00402256811267267	6
HLA-E	0.170203801550642	0.0279480822457629	0.0729198427355754	6
NFE2L1	0.210463309681653	0.00456579192864054	0.0160308133253389	6
ARPC2	-0.0191190298762481	0.812743820747092	0.885388306918313	6
SH3BGRL3	-0.323036623194838	3.57377305283532e-05	0.000236865935017479	6
RHOBTB3	0.632362654891684	7.8619497603845e-20	4.24126412688284e-18	6
ITGA1	1.452780238062	1.34378592317375e-77	1.26344672190972e-74	6
EIF5A	-0.456151400642214	1.16462050468683e-08	1.57229740545566e-07	6
GRN	0.0187637055760865	0.797932299118112	0.875250539248481	6
TPI1	-0.454402080535487	3.47819750031537e-07	3.55462062862199e-06	6
PDLIM7	0.140595043917202	0.0564316352261406	0.127887077211519	6
CDH2	0.654805399536932	2.56950258193356e-22	1.69111812429957e-20	6
NUCKS1	0.0269369845324439	0.712745130242395	0.813901494802608	6
PTMS	0.12037073431359	0.159039497562349	0.284009890979948	6
MT2A	-0.452509281457924	3.00203150503189e-09	4.51608465151254e-08	6
SH3PXD2A	0.768038614240613	4.03295963926889e-10	6.87640514659279e-09	6
ARPC5	-0.00892695266283874	0.910868524349562	0.946736425188461	6
VGLL3	0.37783537167653	3.57311574103139e-07	3.63295867500059e-06	6
TKT	-0.223950715297077	0.00105719101233953	0.00458964554598458	6
RPL10A	0.100581581435842	0.277664793117517	0.428083348988623	6
SHC1	-0.0818523387254267	0.235729132416848	0.379873858665021	6
RPL27A	0.227688365500158	0.00884427587738665	0.0281133067795316	6
CD151	0.185983169754705	0.0241426169366537	0.0645257394390199	6
NDST1	0.0733210411429146	0.419408080477201	0.574590816332369	6
EIF4B	0.453156973361147	1.41088696360019e-11	3.01485472432944e-10	6
MVP	-0.374951488427195	1.25867670692936e-07	1.38760146510144e-06	6
FASN	0.119003487411091	0.703680483476338	0.807618753206902	6
TMEM200A	-0.267968695953263	0.000122656256370244	0.000711557647686873	6
TTC3	0.716660355172269	3.93820782286268e-25	3.23991434827134e-23	6
PTBP1	-0.568020541997498	8.43512578293142e-15	2.74830595744372e-13	6
RAB7A	-0.0760143234450038	0.31623715867928	0.470938988538902	6
MTCH1	-0.217841638417842	0.00403772553866189	0.0144576119943358	6
GLG1	0.121157788602707	0.192630501491388	0.327469364733455	6
CTNNB1	0.0340109348904824	0.638536247956548	0.760087957302591	6
SND1	-0.0842211988876606	0.222443822408193	0.364409213983702	6
PFKP	-0.503088955284993	5.62024812744225e-12	1.26894212867105e-10	6
FADS2	0.686210096428031	6.87660146603351e-22	4.31031929035234e-20	6
CAPNS1	-0.180218216864518	0.0220218371035435	0.0598170536099758	6
MAP1A	-0.465771575640326	0.0419868935620828	0.101074155076389	6
DLC1	0.0367074105991199	0.650495943138701	0.76924607847765	6
AFAP1	0.651894322716218	2.87742802802288e-09	4.35351553251324e-08	6
CORIN	1.35174951251346	7.85909607886649e-70	4.9261562707676e-67	6
RPS3A	0.278871536669914	0.00331202374205849	0.0122358036813685	6
IFI6	-0.827455425882778	1.71755985684795e-22	1.1593969433687e-20	6
ARHGEF12	0.177622761016694	0.0433026216625828	0.103553624970754	6
PLAT	0.202900737537871	0.00730649097745792	0.0239301668913358	6
RPS14	0.251267288050175	0.00828982735028576	0.0266468858148502	6
TGOLN2	-0.187854568901699	0.0140929195066898	0.0415424151376324	6
UBR4	-0.316667722233502	0.422357903276699	0.577321140296892	6
PTTG1IP	0.245700422786372	0.000620035477475724	0.00288393179859115	6
SLC44A2	0.273058682511813	0.000103393958967873	0.000610028992332637	6
SCRN1	0.276644997660159	5.2378533694225e-05	0.000332589792097001	6
RPL35	0.0503774859704885	0.617992317314648	0.744384413690768	6
NCKAP1	0.299270772036675	9.27976813775654e-06	6.92850754380541e-05	6
SSH1	0.234159391821243	0.0268670212324171	0.0705607742382894	6
PTPRF	-0.0495885073717764	0.595388297085148	0.726404010002526	6
LMNB2	-0.678925528905147	3.4489928009262e-20	1.90058139596287e-18	6
RPS20	0.0289561186949606	0.740715799212462	0.835049851407472	6
COPG1	-0.0532971368147122	0.448189592261898	0.600276719876207	6
SH3BP4	-0.566125089327906	1.939693496085e-16	7.59886472885917e-15	6
SCARB2	0.217175064437279	0.00228181606424552	0.00887837565878326	6
RPN2	-0.0970164013491663	0.19998281747026	0.336577653287436	6
RAC1	-0.155246557052751	0.0263737753769527	0.0694732850283828	6
IARS1	0.42739169511624	3.16776743199754e-10	5.48648982991889e-09	6
TIMP1	-0.344343179638621	0.000173102805435409	0.000958180079035447	6
SLC16A3	0.0854636608379456	0.290703729965303	0.442680841917316	6
CLSTN1	-0.187751476004757	0.0500722815592075	0.116490180658156	6
XRCC6	-0.325153164925842	2.20252838838484e-05	0.000152428397351786	6
NORAD	0.518587665526549	1.25115252556111e-12	3.11321752248788e-11	6
EFEMP2	0.184056953045231	0.00898672254541606	0.0284630002082078	6
RPN1	-0.0107380303048931	0.895971412645824	0.937261608891057	6
MYL12A	0.206807119211896	0.0177978237413349	0.050370405054223	6
SLC7A5	0.897359798926647	1.74085631139673e-21	1.06580891287977e-19	6
HEXB	-0.0832682242809304	0.290431800179079	0.442420296928275	6
DDB1	-0.0473851643112698	0.491524334838431	0.640017293449231	6
GPR176	-0.212107128764134	0.00241435322392029	0.00931695440822712	6
ADD1	-0.239482309585786	0.00194274938409246	0.0077445215453692	6
SEMA5A	1.03271761057931	1.36745517235187e-26	1.26759242490617e-24	6
IL6ST	-0.11364415778777	0.120688196937436	0.229901409014106	6
ERGIC1	-0.152124018898737	0.0337802731522603	0.0848082654020985	6
MCFD2	-0.0308963323984529	0.666283774467519	0.780336405504735	6
LPP	0.364664310086661	0.00106528649666341	0.00461717687045782	6
AMOTL2	-0.253312959512377	0.00151955192197231	0.00626624747773231	6
LARP1	-0.016745212832577	0.86385401370832	0.917192313225298	6
ADAM19	-0.36362533871087	0.000383450923037093	0.0019155083491223	6
PAMR1	0.0299943288872197	0.665969199069831	0.780184457756869	6
C1orf198	1.0125430228258	6.81080464550576e-49	1.75785532448612e-46	6
LGALS3BP	-0.255628222149235	0.00163217726119412	0.0066721581643162	6
RAN	-0.485203666447533	6.9010239054183e-09	9.72571495364251e-08	6
MRFAP1	-0.200967333910221	0.00790188078546059	0.0255558861864909	6
NRP1	-0.38492271915026	1.46602771515726e-05	0.000105392260047051	6
EIF4A2	0.473642470517836	5.42070574275439e-12	1.23234455426383e-10	6
BZW1	-0.222041124055191	0.00383360857881391	0.0138898402760604	6
PTMA	-0.292297474653387	0.000660955458244892	0.00305482653920477	6
FKBP8	0.248436143926395	0.00760759447900507	0.0247317278654344	6
CD164	0.176815385311394	0.0217629715086176	0.0592361443275297	6
RPL9	0.238187696465436	0.0138309816592837	0.0408841705773975	6
PRKCSH	-0.252865642058137	0.00382527837996317	0.0138672925682884	6
NCOR2	-0.368925869334153	0.348385221575017	0.50415508702638	6
USP9X	0.229837761184991	0.00697074615739736	0.0230080069382702	6
SON	-0.0924369982480179	0.347392317192706	0.502828796042181	6
DCBLD2	-0.164127556317846	0.0196831611203265	0.0547251976921232	6
HMGN2	-0.656569592458293	3.86827946276852e-18	1.76799175584799e-16	6
FSTL3	0.0960100830787904	0.209201290084708	0.348043046181118	6
ZBTB38	0.380420546013782	3.97625577859915e-07	4.00454895284626e-06	6
KRT19	-0.0857743697738711	0.299506703095353	0.452837897179431	6
MORF4L1	0.345309655771334	6.58918647040632e-05	0.000407390613010608	6
ARHGAP23	-0.305511353641087	0.000915982992824931	0.00404193232804377	6
ZC3H7B	-0.107729471916013	0.156001710030226	0.27999052483336	6
STT3A	0.0843448458532786	0.237043394211092	0.381582756267653	6
CRTAP	0.0705853728561949	0.34598329630327	0.501561467977967	6
EGFR	-0.214621243568849	0.0670402291835831	0.146708318660599	6
MBNL1	0.419481831617668	5.32669835352078e-09	7.61295661535222e-08	6
RPL14	0.16996493293942	0.0536198178198867	0.122854249253815	6
XRCC5	-0.236623751971802	0.00104799911359579	0.00455575043998066	6
SLC7A1	-0.358912644907338	0.000259910292360324	0.00136031776474709	6
SF3B1	0.0945076461533747	0.205632535598959	0.343582262768354	6
TNFRSF12A	-0.233110358669238	0.0275633406903574	0.0721161306911498	6
LRRC59	-0.385552244045887	4.12765052586651e-07	4.14620363140606e-06	6
PAM	0.261180523725636	0.000145883532086832	0.00082556531937187	6
CALM1	-0.187878229858598	0.00824036822041094	0.0264943739338713	6
RPS16	0.0777833151875586	0.406361952333237	0.562395371523751	6
RPL23	0.298061472201059	0.00108347394082279	0.00468366748211835	6
SDF4	-0.111839900015054	0.154678276064846	0.278146195060323	6
CAPZB	-0.15990623664655	0.0346983291460867	0.0867922513344161	6
RPL29	0.0854672228786182	0.362341964171311	0.518143104224549	6
PGAM1	-0.226073301230945	0.00564765972210186	0.0192242422865339	6
CTNND1	0.271047310934381	0.000196326806395364	0.0010682107674129	6
DDX17	0.319933158964925	0.000235255295989093	0.0012471467825632	6
LDLR	0.117993621386066	0.217549335133908	0.358443096553715	6
SFPQ	-0.334038608325824	5.95626836961111e-06	4.65572212287358e-05	6
RPS5	0.0424432650595355	0.660497663346908	0.776916040205928	6
PPP2R1A	-0.278487139939105	0.000127436628112539	0.000733471069455771	6
KLF6	0.0677199104863352	0.340464216492981	0.495854224573701	6
LAMB1	0.341901013310668	4.36736106119528e-05	0.000282078379040792	6
RPL27	0.163464968404857	0.0904275333339634	0.184141145089921	6
TMED10	0.36499286106171	2.92004653282256e-07	3.02412057525912e-06	6
SORT1	0.516123413174313	6.72465467619692e-13	1.73562018632902e-11	6
KIF5B	0.148758688230149	0.0377106915648266	0.0927997444508904	6
TACC1	0.185471215297177	0.0241888016612289	0.064622934091081	6
GNS	0.404815438760388	3.37015648346463e-08	4.15757917449343e-07	6
AP2B1	0.156726129909163	0.0244974274083849	0.0652752301572005	6
SREBF2	0.501716989476677	3.48381143845658e-12	8.21817382874622e-11	6
LPAR1	-0.159526822562881	0.0207708866358202	0.0571503304321282	6
AKAP12	-0.566364695226833	5.44455250475626e-12	1.23350507091406e-10	6
ARCN1	0.124902012029109	0.0695173949852306	0.150725987512863	6
SERBP1	-0.174284764326857	0.0318857748781429	0.0810099314265576	6
RHOB	-0.119232635090595	0.146094103097768	0.266385466003036	6
DDOST	0.121113803542027	0.11866363970695	0.226865575811559	6
YWHAB	0.0387040450277639	0.59077538751476	0.723102088700108	6
LMO7	-0.29078499699399	0.000421601135982516	0.00207847781008909	6
ARHGAP35	-0.242209107210654	0.00597961744528246	0.0202026962095105	6
SEC23A	0.46464204165066	2.07806408676511e-10	3.6716184663207e-09	6
MAP7D1	-0.165200036695231	0.0314891034797301	0.0801568495655941	6
ITGAV	0.914324682206916	5.72829028899381e-36	7.77334897670367e-34	6
MKI67	-1.05845345599099	1.73704371445308e-20	9.77536485423948e-19	6
PYGB	0.025191369187141	0.736792505012815	0.83212353011443	6
RANGAP1	-0.885282810815914	7.93817993825691e-33	1.00471406276227e-30	6
GNB2	-0.294170980487778	4.98501698752271e-05	0.00031782609821503	6
DCTN1	0.103797849162586	0.137719175625731	0.254568130215418	6
RPL11	0.071155416825423	0.443492418953909	0.596291185974495	6
NEK7	0.105241319140728	0.187893129211947	0.321157935309293	6
MT-ND4L	0.183714908448867	0.0155895333503641	0.0451794424242279	6
CAP1	-0.0629647290087553	0.415351349345295	0.571232871322967	6
COPB2	0.0844878380052811	0.232368149018512	0.375849342041125	6
KIRREL1	0.0327929511962658	0.733943256718491	0.830494126628995	6
PDIA6	-0.01091102111634	0.886944254296309	0.93219795746585	6
TNS1	0.343717728786262	0.175882664396651	0.306235435751488	6
H2AZ1	-0.680258441054814	9.82412417144239e-17	3.9305454853707e-15	6
TM9SF3	0.256168717483993	0.000192060852993552	0.00104769871858853	6
CCDC80	0.0313102518759889	0.664717699204515	0.779411996671035	6
FUS	-0.60355096522854	6.25762829033183e-13	1.62463828768516e-11	6
FLII	-0.421080637900876	3.32128907929978e-09	4.95819071233917e-08	6
CREB3L2	-0.0315354957387051	0.779650033918589	0.861528995674143	6
SPOCK1	1.12732873127881	5.09507690349715e-49	1.34132994561466e-46	6
FERMT2	0.347063128239334	5.11649575103805e-06	4.07185209013989e-05	6
ITM2B	0.450192545662861	3.97115806616921e-08	4.78246602241403e-07	6
HSPD1	-0.562515563156714	6.36728163910372e-14	1.87081536195362e-12	6
TOP2A	-0.563100480292851	3.31274478220838e-14	1.02120982595337e-12	6
NID2	-0.157393172599803	0.489588907661474	0.638622761437485	6
DKK1	-0.0640479425799237	0.450932362282175	0.60294742114973	6
HNRNPUL1	-0.404864796944101	3.83381641890612e-08	4.64255064600379e-07	6
PDGFRA	-0.00178910318599724	0.982991804779962	0.989910575037766	6
LMAN1	0.430725163861127	2.17938528568071e-09	3.3435021579738e-08	6
TMED2	0.222683064775249	0.00589459489656905	0.019951286352157	6
PGK1	-0.0572861631846869	0.44520527895193	0.597617487950669	6
RPL32	0.137659307685056	0.147269143735457	0.268045317891291	6
SLC39A7	-0.102127190534353	0.147539597045408	0.268500444616162	6
MXRA7	0.311852572417005	0.000640934063738268	0.00297063911302353	6
TMED9	-0.0255809280390504	0.753823497008769	0.843094672238778	6
CDV3	0.0617527356428621	0.388403670811837	0.544932585684951	6
DRAP1	-0.184144466072543	0.04670459296891	0.110292887917072	6
HP1BP3	-0.0203206696537827	0.810816428232422	0.883654300780209	6
AP3D1	-0.420337139051897	2.50182184089574e-06	2.13702017467298e-05	6
BCAT1	0.403458125515067	1.2336670464424e-08	1.652604886757e-07	6
CTDSP2	0.0778762046492995	0.331392464750783	0.48648535001364	6
MLEC	0.160597061249999	0.033269398066502	0.0837492994357174	6
MIR100HG	0.412342919074626	1.17332983006341e-07	1.30554019891163e-06	6
CERCAM	0.374051800844612	6.92472789243291e-07	6.64360009096898e-06	6
MTPN	0.29907531711885	6.91105326833302e-05	0.000425094365285362	6
PPME1	-0.725041149113332	3.48351907235698e-25	2.90212414869841e-23	6
UBE2D3	-0.0993874132311415	0.200889590300063	0.337758293156179	6
SEC24D	0.121576400009915	0.102150246861728	0.202451340662846	6
ATF4	0.296556662208351	8.15911066526428e-05	0.00049265309030676	6
HNRNPA3	-0.360994761731096	7.61631142759203e-07	7.22808271963907e-06	6
SLC3A2	-0.0689603598178502	0.401044164713457	0.557262149279346	6
TFRC	0.359316335744957	8.57020982229786e-07	8.02915814170154e-06	6
TRIP12	0.0392713694438197	0.613499024997681	0.741142406942408	6
CREB3L1	0.158199446439586	0.13300551213531	0.248231861137111	6
RPL31	0.392516763250481	6.07446629362957e-05	0.000378769302809313	6
NAP1L1	0.0153906779288474	0.849812569786833	0.909068090703298	6
UACA	0.335196439154922	2.66641936227028e-06	2.26001790505883e-05	6
JCAD	0.158385183569673	0.0431329758565479	0.10324774708124	6
SET	-0.0564498758787235	0.484736644563688	0.633938246636048	6
FDFT1	0.496404569218409	3.75395230645409e-10	6.42565334328417e-09	6
PKN1	0.0458664901778717	0.552588442778111	0.692471598656538	6
RBFOX2	0.163361019341328	0.0488043093577689	0.114247043228937	6
PTP4A2	0.264636953753224	0.00060604325317739	0.00283487823083653	6
TFPI2	-0.961782568915998	2.052469704761e-26	1.85045607697048e-24	6
DOCK7	0.301823640183405	2.06574087129964e-05	0.000144098288759498	6
ECM1	-0.109946137419289	0.173169333439283	0.30287376243174	6
RPS15	-0.0486621078911157	0.578937265015972	0.713868966689015	6
ITPRID2	-0.0933967061556202	0.202517051364262	0.339843440477789	6
GALNT2	0.227498540515638	0.00169450654596633	0.00689483451763673	6
PCOLCE	-0.0483706081660351	0.559984203503274	0.698084294981873	6
PTK7	0.963118817707295	1.4562983941977e-29	1.62451320023935e-27	6
PICALM	0.163247656576263	0.0263201052773564	0.0693596688219906	6
FARP1	0.53839735270013	4.48523493999398e-12	1.04494066398479e-10	6
KIF1C	-0.174552123775158	0.0156484323850806	0.0452962389175164	6
IGF1R	-0.0176858557850652	0.935083537453241	0.961151382437686	6
RPS24	0.13698418488585	0.117631990953134	0.225471764855628	6
PKD2	0.625665207346849	5.03225010727198e-18	2.26847630691853e-16	6
PDIA4	-0.207315753216132	0.0038957073633636	0.0140645079604923	6
GBE1	0.0942585604705169	0.240899090915902	0.38538584512956	6
GAS6	0.0908202151091582	0.211857828774853	0.351131276777057	6
NREP	1.06100475321233	6.03942858723954e-40	9.6947559138822e-38	6
RHOC	-0.141272446130537	0.107985438447541	0.211614162019501	6
RAD23B	0.154299193056497	0.0336944043543914	0.0846088219223301	6
SYNE1	0.153413264146014	0.624677861132932	0.749351561659782	6
TNRC18	0.0176235712274736	0.886691803016038	0.932081472855782	6
ANLN	-0.806492732717323	4.07511346225814e-28	4.32586439545999e-26	6
TRAK1	-0.0699207399946689	0.417152954087736	0.572604255530785	6
AARS1	0.469412530384529	7.91690797224398e-12	1.74486843127168e-10	6
PKD1	0.400944743225036	0.0649012642757911	0.143122020717413	6
ARID5B	0.180930035411211	0.0336348594790293	0.0845234683008348	6
XPO1	-0.000742883010282371	0.991782841292705	0.993972707471895	6
CHD3	-0.129576051044029	0.159471560716265	0.284588415632889	6
RPL37A	0.370701426744605	0.000384894753070572	0.00192126266009402	6
STT3B	0.393217954813098	2.65437935995806e-07	2.77739233029634e-06	6
GLS	1.02225409203261	1.28084950699433e-41	2.40854600865233e-39	6
GARS1	0.559780112525679	6.20290422612197e-13	1.61361320807201e-11	6
ADM	-0.0962618583880153	0.190718184198473	0.32497610472152	6
CAPRIN1	0.0651068233275108	0.380606232593546	0.536451423024825	6
NUCB1	0.246513100135873	0.00113112139655507	0.00485773277091496	6
ERBIN	0.027357201992504	0.709005853952049	0.811228842188174	6
POLR2A	-0.607703666330536	0.12138868995234	0.230901636682464	6
SCN9A	0.603420644716494	4.74078833567341e-14	1.43455165201078e-12	6
SHISA5	-0.163561140595268	0.0496794499877121	0.115739929236859	6
KPNA2	-0.879580535431572	1.69744041396813e-33	2.1692629290352e-31	6
GOLIM4	0.111959226689457	0.108937815867202	0.213036468616845	6
TMEM123	0.0805400855125214	0.305894317797148	0.459697100715133	6
RPS12	0.172915725341367	0.0470018482299044	0.110796083139368	6
LIMA1	0.0169825646132552	0.807425163804003	0.881366888404543	6
SNRNP200	-0.299819216331251	0.00138226177274145	0.00580003561192084	6
HMGA2	-0.411774108348029	8.45686279342812e-09	1.17423718301576e-07	6
XIST	0.815741230836254	0.000293045125069581	0.00150795659941004	6
MAP1B	-0.0975587438265907	0.426964089516607	0.581650115954806	6
SERINC3	0.216394098565537	0.00235858747067438	0.00913428901987674	6
MYO9B	-0.23608350549722	0.0192417485730589	0.0537177383811611	6
LAMP2	0.49218567243528	9.87655014609113e-11	1.83622923125703e-09	6
OS9	0.0623847179389223	0.41357735482433	0.56947914326027	6
AP2A1	-0.14048586518383	0.0615298476454794	0.13701867443029	6
FAM120A	0.055470402561028	0.474488626897725	0.624358530442139	6
LBH	0.59742575746756	1.55767471230065e-15	5.5609969061015e-14	6
PEAK1	0.415742242846138	0.00110036837768793	0.0047411289543392	6
ARHGEF17	0.103556866998911	0.304975009819933	0.458682135998604	6
EIF3B	-0.437679469279725	1.12492056822428e-09	1.80137827731584e-08	6
FAM114A1	0.396235477944465	2.18475789237316e-08	2.80565542803004e-07	6
PLOD3	-0.351816788776386	3.79176651741867e-06	3.11749048524559e-05	6
HDGF	-0.269666073218232	0.000499875055546535	0.00240403922402595	6
XPO6	-0.370307573294806	7.01912206075428e-07	6.71458602367068e-06	6
S100A16	-0.273247212077905	0.00182454122339052	0.00735797675352005	6
TBC1D9B	-0.0206844450239572	0.781193807181559	0.862438487287668	6
JUN	0.259455206359791	0.000277842246346677	0.00143608864840427	6
CD276	-0.0216586954486696	0.782505856278564	0.863307734992435	6
DAP	0.0812645664125884	0.251605178131955	0.397644040353463	6
MAP4K4	-0.0356676262203039	0.656583675320106	0.774358114706438	6
VCAN	0.776052220217174	2.79742798930797e-13	7.54560340640589e-12	6
ECE1	-0.0550102208103312	0.558180187509875	0.696759204190847	6
PLIN3	-0.208389847264365	0.00986541626451999	0.0308013458941833	6
SEMA7A	0.00362343644121861	0.963429887289011	0.977992411998554	6
STMN1	-0.701646453904791	1.35134096390241e-18	6.4918617181925e-17	6
SRSF3	-0.391057502343532	8.17038418627848e-06	6.17729850913174e-05	6
USP22	-0.0442055990201706	0.583631273212291	0.716769775078688	6
SEPTIN7	0.32322636550075	4.04329518735675e-05	0.000263605223136092	6
COLGALT1	-0.0677401082231274	0.340300126208302	0.495670085346894	6
ATP2B1	0.252256838701871	0.000424578885039678	0.00209159126638371	6
NRDC	0.0714755833864446	0.306302726044118	0.460197456114128	6
COPB1	-0.0057838758713979	0.938836207537696	0.963674862022266	6
YWHAG	0.0211727589390553	0.7612198679535	0.848380553769019	6
YAP1	0.185294149582832	0.00965956826924712	0.0302632568434848	6
RPS7	0.105000128901114	0.276918569123386	0.427424850536014	6
UHMK1	-0.0397919760531548	0.599419504609496	0.729759428336551	6
MALAT1	0.206099179692096	0.542498366618624	0.683601952881576	6
ATP13A3	-0.291102510802939	0.000147536555934785	0.00083312899432414	6
P4HA2	0.396811180546866	1.99915556503076e-08	2.59771813450147e-07	6
GDI2	0.133857909742107	0.119396447247529	0.227935523585094	6
MSMO1	0.840904019636526	5.00433527867497e-23	3.61934424578014e-21	6
ARF6	-0.118052470074074	0.116858851109019	0.224392860269586	6
PTPN11	0.212576995543685	0.00345509211332146	0.0126966436313932	6
HNRNPH1	-0.467807897664245	7.02470495693031e-06	5.42960606858918e-05	6
ADAM10	0.390595140170037	6.65415584123101e-08	7.73068431934014e-07	6
LUM	0.788608802562719	5.20219779921451e-20	2.84134977722243e-18	6
PXN	-0.386493041459021	0.000141540037533414	0.00080374957465588	6
HSPA9	-0.111343736036967	0.138696913762585	0.256054344439959	6
UGCG	0.496150622526299	5.79130903220973e-10	9.58880513094046e-09	6
GLRX	-0.0301853767307815	0.705039323781597	0.808611363504153	6
RTL8C	0.0199516463153388	0.804224499659073	0.879455602642882	6
PLIN2	-0.567230580334665	2.62774412873308e-14	8.19644454182785e-13	6
CCT7	-0.391498354004857	1.3099397043559e-06	1.18833468838296e-05	6
SERINC1	0.506013586553915	2.05610651128722e-11	4.23545070548883e-10	6
SSR1	0.159488778238924	0.0252638033637749	0.0670593756155211	6
CSPG4	-0.401421893156117	0.0935222137434057	0.189011653539759	6
SF3B2	-0.3083934994516	1.55165718308411e-05	0.000111002519026827	6
PRKAR1A	0.357824554051871	1.7194425342313e-06	1.52113897235327e-05	6
CKAP5	-0.18220568546222	0.0282223601013572	0.0734098059213037	6
IPO7	0.13827870613659	0.0571127566533917	0.129034767374579	6
OAS3	-0.741308978487772	1.47884266549349e-17	6.44569735294397e-16	6
PAPPA	0.974705903226739	3.83577094389705e-18	1.75924226252672e-16	6
CFL2	0.0827719576509384	0.328153048414269	0.483217202850098	6
EWSR1	-0.444002308211129	1.04311093771077e-09	1.67444747232767e-08	6
HNRNPM	-0.697971039128171	6.67643675216556e-17	2.73775504575561e-15	6
SBF1	0.181108822127456	0.0169706016598649	0.0484458966924315	6
FOXE1	-0.345532110789988	5.63450417608284e-06	4.43317265210869e-05	6
XPOT	0.977999715592988	1.93844050894862e-38	2.89951050219212e-36	6
GPX1	0.33015937463233	0.00108610913655908	0.00468736215230397	6
HNRNPDL	-0.330171264196874	1.47642814868013e-05	0.00010602413377565	6
DEK	-0.375460446072414	4.07790731931416e-06	3.31547214602423e-05	6
AFF4	0.296605283135573	0.000889640633850907	0.00394686203686535	6
UBA52	-0.000112227552672371	0.999098700697004	0.999721141014789	6
ARHGAP29	-0.132393728717832	0.0798385345273631	0.167663470003778	6
CNN3	0.225405127293324	0.00340442764430309	0.0125419762334065	6
NAV1	0.00456010651908421	0.987658540972143	0.992235037888071	6
CAMK2D	0.201173742804271	0.00613493095434993	0.0206585050274004	6
PDCD6IP	0.115721498481265	0.120753554174178	0.229992625321185	6
RPL24	0.0151752936740463	0.863701294999106	0.91714263843766	6
KCTD20	0.813664106895476	6.89509701566591e-29	7.43935754239429e-27	6
G3BP1	-0.144521062890649	0.0431537598556546	0.103278716541815	6
NSD2	-0.685603537466619	1.63744678998046e-12	4.00626618894289e-11	6
TNKS1BP1	0.0859189993508394	0.363618872986481	0.519066828448221	6
CTSK	0.464957609890726	4.18012416168473e-09	6.10687839514495e-08	6
PLD3	0.336168020642638	3.89049259034648e-05	0.000254778875456372	6
JAK1	0.17110528637533	0.0203123843890213	0.0561823735475284	6
MT-ND3	0.280459902888548	0.000408784051597135	0.00202362710461568	6
MYDGF	-0.195151097569541	0.0259347956642588	0.0685501436402889	6
RAB1A	0.0553906636940843	0.449829332698868	0.60198286969451	6
DUSP1	0.186081938514599	0.01077013385578	0.0331619349575748	6
ESYT1	-0.161728763891405	0.0283446052598838	0.0736478561065636	6
RFLNB	0.0148793486614927	0.833584456406081	0.898793594337586	6
RPS27A	0.0679492612938557	0.440210296587251	0.593515121784081	6
VDAC1	-0.125109523056512	0.0991761681785827	0.19812655968048	6
PRRC2C	-0.210711671423984	0.380216947187353	0.536132370201085	6
GSTP1	-0.00109366294992979	0.990940011405126	0.993542214603951	6
SLC9D1	0.139812921646459	0.0543927738007447	0.124343883560125	6
PLXNA1	0.168408441328559	0.0983357705455827	0.196596863258127	6
ACADVL	-0.30195419834481	2.32213117101804e-05	0.000159948783904293	6
TPD52L2	-0.0203251564926991	0.779841383940719	0.861654306622358	6
WNK1	0.177078401918881	0.104733276817227	0.206501516288969	6
TBX3	-0.232843389492912	0.00688943934448455	0.022796804950088	6
BTF3	-0.0476069765341896	0.547836626432369	0.688382940824051	6
KANK2	-0.00690919982862512	0.934737017569431	0.960945279777134	6
CAPN1	-0.472033754202377	7.30754986553976e-11	1.40217607696939e-09	6
ITGA11	1.48005711015323	8.11043338237775e-45	1.77929391020397e-42	6
NUMA1	-0.0101781530292844	0.929424079151246	0.958074050577354	6
TMEM47	0.564297308085321	5.42007332697868e-13	1.41837823465249e-11	6
MARVELD1	0.122772246062023	0.141234873062802	0.259285165150022	6
ATP6AP1	-0.103707002345426	0.167113344942792	0.295184240402841	6
H6PD	0.483130882389426	5.42268504151807e-09	7.73334812583991e-08	6
P3H1	0.148757427414819	0.047978994507477	0.112578899694294	6
FAM43A	0.63408814123584	3.90465828038357e-17	1.64207721868016e-15	6
RAD21	-0.106446627120613	0.130752638147502	0.244786940113151	6
HLA-C	0.126997307604705	0.0971318768616909	0.194841038575196	6
BPNT2	0.24838955992959	0.00087045587565658	0.00387219016264534	6
SELENON	-0.0268284828040049	0.805739632572796	0.88021129019355	6
GALNT10	0.144371355267779	0.0512376267361045	0.118593437792745	6
STAT2	0.00375853939129746	0.967514725759151	0.980324558168556	6
ANTXR1	0.583354466544593	3.83153947423821e-09	5.65501854980352e-08	6
EPRS1	0.461261436694754	2.99524046010995e-10	5.20136545863157e-09	6
BAG6	-0.408556177718958	5.78185547078699e-06	4.53555205971211e-05	6
ANKRD52	0.159440214866404	0.139248254448172	0.256604336175457	6
DAG1	0.0766160659482724	0.374146247801893	0.52976914476417	6
HMGB1	-0.395829373486321	4.64620359880057e-06	3.73369828882856e-05	6
CENPB	-0.339831825109135	0.000126906686366018	0.00073106026811199	6
GRINA	-0.0334964693906896	0.675735117849679	0.787559886333922	6
EIF2AK2	0.240081265514699	0.00186780741112465	0.0074970761311217	6
PCDH18	0.40470175460397	1.915842522545e-07	2.05360220881595e-06	6
SLC2A1	0.0794076988413922	0.28002833410373	0.430812155497581	6
PAPSS2	0.140273120548981	0.0551140754433947	0.125708988920708	6
ADAMTS2	0.694800809826924	6.80146742190401e-12	1.51741890973767e-10	6
TRIOBP	-0.0678808443488425	0.359327331456781	0.515175434480515	6
CD109	0.403807649474185	4.86716204105775e-07	4.80979383982306e-06	6
CCT6A	-0.403673934057463	6.72293709629584e-08	7.80370555542699e-07	6
NFIC	-0.212359771673236	0.352551444370888	0.508508483938789	6
ST13	-0.0030748227850413	0.968427229990117	0.980947104914191	6
CHRM2	0.290906238093974	6.38728664157005e-05	0.000395837354345511	6
ATN1	-0.494792472567505	0.0701679786870128	0.151986358969417	6
CCDC85B	-0.157285272934099	0.0564285085613378	0.127887077211519	6
TLE5	0.12279065933507	0.160077811625199	0.285360811812364	6
TMBIM1	-0.0816876641928493	0.276346694466462	0.426692262670033	6
SETD7	0.318024392556616	2.40391357400945e-05	0.000165322436649354	6
ANKRD11	-0.0330963917147319	0.888795059685434	0.933501661702531	6
RECK	0.939277539494002	2.71492797397596e-37	3.91963455048769e-35	6
NQO1	-0.764496059970434	8.7034448356439e-16	3.20009621149667e-14	6
ANKRD28	0.452042137023043	2.63516374689745e-09	4.00076821227348e-08	6
ARHGAP1	0.00810280773700586	0.923781211317677	0.95400377252272	6
ENAH	0.653676541774496	8.26822717020295e-20	4.44223160168904e-18	6
C1S	0.578477103127152	1.85886136461319e-15	6.55983703549688e-14	6
CDC37	-0.30167642971269	0.00018755369609821	0.00102566236050716	6
FOSL2	0.0868220563881247	0.254487954643116	0.401163182473419	6
RBM3	-0.13315859484678	0.128605270185215	0.24135032384488	6
MYADM	-0.27748445657553	0.000466261920759511	0.00226952641381599	6
ACTA2	1.57068771285384	6.07569239670905e-70	3.99871695089406e-67	6
IRS1	-0.180492233276744	0.0478367696090653	0.112350658955677	6
NFIX	0.240562891364251	0.0684553392383882	0.149057413293291	6
THY1	0.636542984079901	7.45553296718788e-14	2.16161190412102e-12	6
KHSRP	-0.398503077263264	2.86776489370633e-06	2.41357987825169e-05	6
KCNK2	0.404037298089552	3.02771089427299e-07	3.12333530574572e-06	6
S100A11	-0.146037839091931	0.0494324705767784	0.115304025534014	6
SRPRA	-0.148907565431216	0.0389851178985872	0.0953476601447609	6
PPP1R15A	-0.732850652038541	2.49331468860588e-22	1.6492211681467e-20	6
C6orf62	0.276366391157107	0.000165018361179102	0.00091922839111321	6
PRRX1	-0.196119998375459	0.00658140792212668	0.0219319170832794	6
ZFP36L2	0.308919927075723	0.00116907896317381	0.00499791698351959	6
PRDX1	-0.311468959436206	0.000734368571811739	0.00334365047068762	6
KDELR1	-0.0776780547968788	0.279961588963513	0.430812155497581	6
RPL35A	0.149037508436318	0.123994659617678	0.234705450754601	6
ATP2C1	0.248874247364259	0.000542945867825303	0.00258286825377104	6
EMILIN2	0.227251553375535	0.00141354631843924	0.00589933740951673	6
FNDC3B	0.332335325996805	0.00027375246279827	0.00141978079898094	6
INF2	-0.391398494683736	0.000173653648392886	0.00096042141756116	6
AKT1	-0.125752526647647	0.0982330594833645	0.196510906075916	6
IRAK1	0.0118210731818153	0.885709018410404	0.931482102993798	6
OPTN	0.122550092842621	0.100156186952791	0.199448697255612	6
CBX5	0.0762213456706823	0.372994810999349	0.528837860532575	6
PTGES3	-0.451895118475772	6.89520166278225e-08	7.98957213795799e-07	6
SF3B3	-0.460080888992762	1.91088363215376e-10	3.39904881757296e-09	6
YWHAH	-0.387267653058818	5.36161581203263e-07	5.25502225865864e-06	6
EID1	0.0399701273288786	0.640433447352395	0.761451130656632	6
RPLP2	0.111306565165504	0.224513536077516	0.366816653489092	6
HSPA4	-0.052191015088497	0.477383465477988	0.626923018637743	6
SARS1	0.420332176084896	1.37764852863082e-08	1.83356800630612e-07	6
PTPN14	0.318766181955146	0.00391647846000833	0.0141162666947124	6
SAE1	-0.311333826875789	3.72973876661719e-05	0.000246067480107199	6
CAPZA1	-0.0612185915982573	0.478100363389411	0.627628910271748	6
MGAT4B	0.0845262840455456	0.284187501668687	0.435529175045399	6
OGDH	-0.289732590018026	0.000611622668645696	0.00285185589351162	6
U2AF2	-0.449517596373981	1.93476505049748e-08	2.52151607521765e-07	6
HNRNPD	-0.578607005092384	3.2818285869474e-15	1.13085627460703e-13	6
CCT3	-0.408544913301755	2.55294526845426e-06	2.17363638865869e-05	6
LSS	0.252758431635334	0.000546800274089488	0.00259557591339341	6
EIF3F	0.190213585302336	0.0103311826756609	0.0320125606308201	6
PDLIM5	-0.0778356716827772	0.272716060837884	0.421977372611858	6
ATP8B1	-0.258663740612066	0.00107746331142582	0.00466227796459504	6
FGFR1	0.0555406433799349	0.448707405139947	0.600664657160288	6
AEBP1	-0.226585463889521	0.321389126306676	0.476992250007332	6
BCAR1	-0.665588439734541	4.24509065653028e-18	1.92021059491093e-16	6
CAV2	0.457640112577812	2.12164537634222e-08	2.72726739148366e-07	6
UGP2	0.297555820769524	0.000217965733806528	0.00116581997322037	6
SF1	-0.637581828049083	1.16219697833687e-09	1.8543028879816e-08	6
CXCL12	-0.663482772146454	1.73777662834615e-20	9.77536485423948e-19	6
POGLUT3	0.280934490103941	0.000472342729451644	0.00229256908103687	6
SKIC3	0.515595264778536	1.17725477494701e-12	2.9404562813335e-11	6
GUK1	0.066660663416278	0.51962648188511	0.663933545045012	6
HNRNPR	-0.34521009943525	4.93268311748837e-06	3.93986091477545e-05	6
ANXA11	-0.115382234895192	0.117417783381201	0.225174050693965	6
SLC12A4	-0.154485908524418	0.0562120785723102	0.12755035170614	6
KDM5C	-0.20073284574251	0.0136954953487927	0.040574792994859	6
MAGED2	0.313222622152679	9.75904918934445e-05	0.000579163049951943	6
UGGT1	0.139027465636411	0.0978050406914872	0.195892840934578	6
CST3	0.124430232106792	0.114192983371544	0.220791839068682	6
PDXK	0.160818927639297	0.0340360059333632	0.0853038739719839	6
PAFAH1B1	0.110365270966596	0.128682764161021	0.241461329244693	6
NPLOC4	-0.194784018925856	0.00845603213236278	0.0270621811228523	6
GDI1	-0.174568730175589	0.0136571779615575	0.0404886111504462	6
CTSA	-0.0401336903601148	0.606267993036499	0.735512036160317	6
LENG8	-0.501866873214317	0.0848221266918121	0.175359455574733	6
TMEM214	-0.302192299657813	0.000145843768231829	0.00082556531937187	6
NACA	-0.0301693737380812	0.712580170727002	0.813785596675301	6
TXN	-0.219085872228721	0.024778198651216	0.0659299431667589	6
PPP1R18	-0.387020972273046	7.60004323955163e-08	8.74470010159249e-07	6
MAPRE1	-0.218765459770336	0.00490251525147454	0.0170448516257685	6
CLTA	-0.11055742500009	0.188588299775586	0.322011647418088	6
FAT4	0.730063879891494	2.82604308418371e-10	4.92052977739553e-09	6
CNBP	-0.0841003916978035	0.31790256994869	0.472777259997131	6
UBAP2L	-0.246354805024739	0.00568444917744101	0.0193244846391157	6
YME1L1	0.156172666772372	0.0461265139048927	0.109202032829155	6
SMTN	-1.06326015377109	1.96984914444828e-26	1.78821546816363e-24	6
P3H3	0.150917948005036	0.0720396341412854	0.155045406180795	6
FKBP1A	-0.150008941466377	0.089535126529635	0.182686861233564	6
PFN2	-0.000318731163273209	0.997160484061152	0.998222180523001	6
UTRN	0.134944636237628	0.258301031363762	0.405487951799785	6
CCT2	-0.350998144705166	2.48031016851062e-05	0.000169866403476094	6
ABL1	0.0971940023647095	0.246150795159173	0.391550805641111	6
PLEKHB2	0.0131056943380487	0.857466875650504	0.913250289534533	6
UBE2Z	-0.122553153336482	0.11257819237453	0.218398855423355	6
MAPK1	0.00498119552316725	0.947050083213164	0.968761287327858	6
NLRP1	0.296238835519907	0.000263117281632609	0.00137356206691297	6
SERPINE2	0.30939631473056	4.21956282861712e-05	0.00027374127901965	6
MLF2	-0.131818838968024	0.115472079807465	0.222704613407423	6
YKT6	-0.16124352953845	0.0492325680491061	0.114963330358415	6
CCNI	0.044439793416255	0.551362794501111	0.691462315550508	6
CCT8	-0.261651094340314	0.00225853759860691	0.00880341439456994	6
SYNCRIP	-0.310266543294523	1.88777509910096e-05	0.000133166043030364	6
SERF2	0.218862924694637	0.0211946203404763	0.0580130562573694	6
MXRA5	-0.19145623658454	0.416044120344544	0.571767462528214	6
DNMT1	-0.752417478672788	1.11451043391865e-15	4.05256929327933e-14	6
CTSZ	-0.0156767337497092	0.834481691672683	0.899466304248897	6
ANKRD13A	-0.0965883861839008	0.178640723540262	0.309890332625259	6
TCP1	-0.465112462660197	3.7971400748202e-09	5.61592750616385e-08	6
PRKCA	0.158930963391974	0.0961012242826419	0.193303853183438	6
MYO10	-0.655483234052903	4.59561735354338e-10	7.77533563299377e-09	6
SGK1	0.144674294539414	0.0583506908408801	0.131069990364933	6
MARS1	0.437343071855267	2.94408530706442e-08	3.66631929015033e-07	6
ZBTB4	0.338891733825438	3.36105738010517e-06	2.7877503651118e-05	6
MPZL1	-0.0773411849640321	0.284566141124101	0.435906448925468	6
UBQLN1	0.111507805780572	0.136113028923832	0.252274823954436	6
SACS	0.179881851009185	0.0568516472359705	0.128602548989015	6
MAP3K20	0.283739837382768	0.000260706008782553	0.00136339816988667	6
SORBS3	-0.287027847870664	0.00104173927827262	0.00453003439706061	6
STIP1	-0.669940159375319	4.87828453503984e-17	2.03850347094379e-15	6
PSME4	-0.205604292030422	0.00842497993867328	0.0269759209274523	6
CAND1	0.239085740736768	0.00134993241521847	0.00569706969590278	6
GPX8	0.259122921041579	0.000578146992854393	0.00272138262298309	6
GOLGA3	-0.0231317207867712	0.830155660174021	0.896989267380295	6
HECTD1	0.103712842207306	0.218597915541089	0.359810474211248	6
FGF2	0.484701235199394	1.0182772143913e-10	1.88252569845965e-09	6
ARFGAP1	-0.205390194040733	0.0065544257779422	0.0218530664931745	6
EIF5	-0.307079011910048	2.40636453895822e-05	0.000165404576638679	6
RIC8A	-0.33407693299867	7.90087878356311e-06	6.00804548977708e-05	6
GFPT1	0.341942891455038	2.4191627576479e-06	2.07044469303767e-05	6
SZRD1	-0.36290769460525	4.64013963210758e-06	3.73110311407648e-05	6
CYFIP1	0.184972306811339	0.0130212411214654	0.0389365281421737	6
INTS1	-0.42343789990118	9.78312949380162e-06	7.26723101167668e-05	6
CDC42BPB	0.133120491556506	0.185174363783557	0.318038902724813	6
PRDX6	0.176735857082442	0.0352688236102351	0.0878583507156557	6
HADHA	-0.14628489966895	0.0639415416906183	0.141363505641431	6
ATL3	0.0858180339667988	0.273672171040762	0.4229099304308	6
FAM168B	-0.00348533498231494	0.96540384162968	0.979165569993179	6
SUPT6H	-0.510494327527757	4.40173611380869e-09	6.40929783916635e-08	6
HK1	-0.47514353748249	8.68697004895234e-11	1.64055361197073e-09	6
APPL2	0.179873641974182	0.0233850625433598	0.0628840813602135	6
ICMT	-0.128905695171889	0.0780459269369975	0.164951595419348	6
PTX3	0.153267139353665	0.0564082317314879	0.127885214309607	6
MAPKAPK2	-0.161672841687504	0.0291268166551738	0.0751462735460707	6
NT5DC2	0.0530585867507133	0.514636238280477	0.659670542846034	6
NAA50	-0.0618820078445033	0.387533583468946	0.543885761723183	6
TGFBI	1.0646267953645	2.40889682747466e-45	5.37428965085575e-43	6
SEC14L1	-0.0899674532357785	0.211969261433738	0.351183308779395	6
LEPROT	0.461140124012772	5.19217669492433e-09	7.43684677206627e-08	6
PSMD1	-0.242628154787998	0.00112800672725373	0.00484910272725045	6
ASAP1	-0.181260567200415	0.0956641742994381	0.192512998976228	6
TMEM50A	-0.0714358785588643	0.422365918184234	0.577321140296892	6
LRRFIP1	-0.0261700796605987	0.717820496863233	0.818208451698194	6
MTDH	0.131045768142699	0.0824778257905007	0.17172441082868	6
GSPT1	-0.193533928059685	0.00690710153625518	0.0228495042778907	6
HELZ2	-0.245116935457929	0.0298241388150957	0.0766598592507527	6
CLEC11A	0.161296980244081	0.0844330947654368	0.174817214090703	6
SEC13	-0.180126266318708	0.0131947885085815	0.0393125851377225	6
FURIN	-0.226101704480511	0.00542757099215099	0.0186001345924716	6
HNRNPAB	-0.249954594689023	0.00122505241745827	0.00522871756517616	6
CHPF2	-0.228589883642621	0.0051315540826478	0.0177009031420055	6
GADD45A	-0.0737098278064108	0.341513362237581	0.496722694710859	6
GBF1	-0.236782943339454	0.0339823288685924	0.0852017895042443	6
SLC20A2	0.0678756384899671	0.356774216088237	0.512687664450815	6
SNRNP70	-0.351725602708101	1.94527656309776e-05	0.000136782454060127	6
MAP2K2	0.0282649756460288	0.72848685251748	0.826858018426109	6
WSB2	-0.144948775592616	0.0615970160698236	0.137088471739749	6
EIF3D	-0.210417014334536	0.00870124170654275	0.0277255978172893	6
SYDE1	-0.2182062932089	0.00327312463043852	0.0121295437810986	6
G6PD	-0.352695092734128	3.96604909221022e-06	3.23853003726818e-05	6
PGD	-0.500896718341598	1.81040956506217e-09	2.79044743617252e-08	6
NCLN	-0.406770629351943	3.04141642036563e-07	3.1325637199744e-06	6
DNAJB6	-0.0774920944318067	0.292733827430832	0.445000042784623	6
FH	0.222509956163664	0.00743125931225	0.0242704680501696	6
ACTR1A	-0.234417137642332	0.00160583335190096	0.00657876887988555	6
FMN2	-0.301054553712132	0.0113744523778967	0.0347319919015407	6
GIPC1	-0.0861068972747846	0.310463404118008	0.464759443694454	6
ISG15	-0.301203598041885	0.0015769029077153	0.00647637222285695	6
FAP	0.712466085152389	1.47213609330193e-21	9.05501280193148e-20	6
CCT5	-0.559543078444034	1.57037923528023e-11	3.33401643128929e-10	6
PABPC4	0.031176191595815	0.681140520022715	0.79175668183142	6
RAB2A	0.366155510785482	4.62593344623055e-05	0.000296885236239555	6
AZIN1	0.0961485481305481	0.187265072298287	0.320375636426092	6
IRS2	0.442601143080178	3.45670065926921e-05	0.000230616070846227	6
CCT4	-0.347450464500043	4.08390618780471e-05	0.000265726431784842	6
EIF3I	-0.126039045359743	0.145858311994223	0.266102974467077	6
BLTP2	0.0405652062992359	0.668654608302487	0.782008050562918	6
WASF2	-0.0480373160078512	0.632122543061906	0.755155712393158	6
NFATC4	-0.0148344657883754	0.847682483400579	0.907527005205516	6
NECTIN2	-0.299241393761249	0.000140192454582387	0.000798039987176994	6
PIP5K1C	-0.268248046738916	0.00894905717371166	0.0283575184907511	6
EEF1B2	0.12938156353815	0.186926714036485	0.31996311272591	6
PCDH7	-0.0422947909780571	0.578464183916647	0.713686760979925	6
LMAN2	-0.204442656929017	0.0111147908037265	0.0340400166006171	6
GOLGA4	-0.0272744960032405	0.737590917061397	0.832732325738486	6
SPATS2L	-0.142952982366295	0.0813185901711499	0.169958177583812	6
EXT2	0.153063839997742	0.0421800156149976	0.10146425397872	6
ANTXR2	0.0686139547882583	0.352089863394423	0.508100943960701	6
DNM2	-0.138272203831447	0.0661010726267147	0.145159896393968	6
UBB	-0.0705890196382229	0.422463326725624	0.577394327659577	6
PCBP1	-0.395004509766613	3.84779062253114e-08	4.65519007025528e-07	6
DSE	0.532831178681966	4.2407592820491e-12	9.91494039602351e-11	6
B4GALT1	0.204556260156931	0.00769655325763233	0.024990066731676	6
NCOA4	0.0289061892330962	0.717347981808679	0.817759383652977	6
EPN1	-0.240806923821084	0.00390160789117437	0.0140780879033794	6
EMP3	-0.249280394419518	0.00910475945915104	0.0287856189434001	6
UBE3C	0.041498936671363	0.569617620911924	0.706014759328028	6
CUX1	0.541708122454176	1.92363167960571e-09	2.96149284194736e-08	6
RPS26	-0.182072545720404	0.0501703986940348	0.116634468201435	6
SPCS3	0.100135786258063	0.168511376612615	0.297015968177806	6
ARSJ	0.604481116072848	2.156688455108e-16	8.39896157828006e-15	6
HNRNPF	-0.172181276800282	0.0338814333512723	0.0849811942078501	6
IFIT3	0.211932342094813	0.00669257879694591	0.0222236162220482	6
LMF2	-0.472964357134925	6.00880836858307e-08	7.03057284939191e-07	6
SPAG9	0.148465033977232	0.0540493045286523	0.123752130024465	6
ANO6	0.434471546649014	8.35375236271446e-09	1.16360256455461e-07	6
ZDHHC7	-0.094951393367696	0.199441819756892	0.336102265350809	6
FLOT1	-0.331501728876791	1.44932190393078e-05	0.000104305217175729	6
ADH5	0.25180544851849	0.00332598158320943	0.012281359622423	6
TJP1	0.0404371669457465	0.622106070811229	0.748038933962566	6
RAB5B	0.302310372106014	0.000105526026460117	0.000620516810873682	6
ROCK1	0.0951398443797899	0.227437402160262	0.370056677952475	6
EPG5	-0.152891754294215	0.159932653607561	0.285140663610501	6
MYO1D	0.742123462883801	9.05333591643614e-22	5.62118210698344e-20	6
YARS1	0.20924560972073	0.00926947776752406	0.0292008342152496	6
EIF2S3	0.298055454844784	6.37229922283035e-05	0.000395094558031634	6
BUB3	-0.275812379745927	0.000809653740398615	0.00363860436492556	6
FST	-1.17105294726579	4.46342271133186e-50	1.30560073665025e-47	6
SMC1A	-0.676348817354301	1.57505241041316e-11	3.33855312049412e-10	6
DHX9	-0.494265081797309	1.00066720389095e-11	2.17356145294003e-10	6
NEXN	0.233851572126915	0.00292162120194153	0.0109909402346831	6
FADS1	0.667145467267332	1.44899100587843e-19	7.53876229659203e-18	6
ACIN1	-0.442806119078235	4.24935516279439e-07	4.26003518719441e-06	6
CUTA	-0.231127585935599	0.010838360362367	0.0333408126781577	6
PCYOX1	0.652913449792785	7.57015671536579e-19	3.71813331508806e-17	6
HNRNPA0	0.0247334673720021	0.743494155427105	0.836677230733264	6
GNA12	0.111796601495414	0.134129098360116	0.249581057644848	6
DCAF7	0.078889051645813	0.369577999315034	0.52516645423089	6
APMAP	0.0489372214918089	0.538183020563315	0.680117425083998	6
ITGBL1	0.884700888181472	3.89269735245485e-30	4.45561523916202e-28	6
UBE2S	-0.462424429602446	3.77246053600571e-06	3.10355612721519e-05	6
G3BP2	0.35442961176363	2.52453820855198e-05	0.000172701135533957	6
CDH11	0.0325535274022634	0.659359073782145	0.776243241166468	6
SEMA6D	0.11139775763497	0.202353994296723	0.339613110662726	6
PJA2	0.468496367580206	1.65812299511035e-09	2.57684450822167e-08	6
SPIN1	0.159448567871337	0.0348671675368686	0.0870720027106435	6
ATP6V0E1	-0.191195041615613	0.0310350753595642	0.0792155704785619	6
TPP1	0.113811247188568	0.231335587853662	0.374685658043282	6
ATP8B2	0.0191168382126421	0.809778074169967	0.883066415070335	6
UBL3	0.419174907815892	2.69480507462918e-08	3.39442288969798e-07	6
ATP1B3	-0.307033676505203	0.000207259819094832	0.00111626882109054	6
SEL1L	0.555887253187144	7.42683744881465e-12	1.64578217741999e-10	6
NBR1	0.262074150577322	0.000839450706864998	0.00375456665119401	6
EPAS1	0.994107026463919	3.19829618769979e-26	2.82544783346928e-24	6
BRD2	-0.285084033531395	0.000334245128575146	0.00169348292049063	6
SMPD1	-0.0404547183056127	0.601872792098193	0.731731002344926	6
YBX3	0.00479694918408514	0.948162699133826	0.969296800924087	6
ZNF106	0.677802999762331	7.71282737274086e-12	1.70628481861156e-10	6
COX4I1	0.0382482081899578	0.704731919707946	0.80839967399701	6
HDAC7	-0.180459063878734	0.0817817938820926	0.170628269594228	6
DAPK3	-0.282172196958166	0.000612661648801278	0.00285467797634379	6
TSPAN4	-0.253557351190422	0.00318057515229735	0.0118365594372887	6
OGA	0.209745770005569	0.0129620239250253	0.0387770729375245	6
CSNK1A1	0.286420978609557	0.000134064564359432	0.000768174559715112	6
TSPAN3	0.25710218185849	0.00189199068390726	0.00756968795509766	6
SRP14	0.0378047270561465	0.668412553100472	0.781900930370593	6
SMARCA4	-0.406003888197314	0.000441300458957745	0.00216424662491088	6
SDCBP	0.194789741826857	0.00975474559927019	0.0304702696542937	6
STOM	-0.0454655004663933	0.534080169064175	0.676621488488137	6
SUPT16H	-0.284760269048474	9.12448396739314e-05	0.000544696519105651	6
SMS	-0.326084458543855	0.000180103277917271	0.000990680922367339	6
RPS25	0.202174487694234	0.0367530511699288	0.0908815572960129	6
MCM7	-1.12517105489624	2.25361941572504e-50	6.89869589981133e-48	6
COPS6	-0.198749094392358	0.0213604575499634	0.0583941231007619	6
UBE2H	0.493900397070636	6.0171774301736e-09	8.52573805310819e-08	6
ATP6AP2	0.465376469775116	2.76653479866101e-09	4.19055207764959e-08	6
ARHGAP21	-0.0157515542881414	0.867323446269781	0.919653497925659	6
DIAPH1	-0.559713082374009	1.17089774608676e-07	1.30393629710153e-06	6
NCOR1	0.0692757848605817	0.4733983351821	0.623633135108285	6
ANKLE2	-0.117392426082984	0.136828399892161	0.253279739527566	6
CHCHD2	-0.00376268213549669	0.966744248704724	0.97999649947634	6
SNX17	-0.103376591233095	0.202993770133111	0.340267543023174	6
ZNFX1	-0.275356941146578	0.00455266401562025	0.0159975336423296	6
SKI	0.0667538811194579	0.490043142648731	0.638973540038162	6
ETS1	-0.331473156251467	8.12777520130419e-05	0.000491211684916286	6
CCDC50	-0.0263243575840742	0.725153671238241	0.824260187532691	6
RPL37	0.322788591690947	0.000855055718507966	0.00381528760092215	6
VOPP1	-0.165849875319743	0.0265913487024274	0.0700183882716647	6
ACO1	0.259787777722699	0.000336555336420497	0.00170125879159102	6
ACSL4	0.0888142095212236	0.240565909804264	0.384993200091614	6
RPS13	0.0743331960120217	0.417310399322029	0.572718156623979	6
MTCL2	-0.228724702911078	0.452971689521443	0.604854293069274	6
EGR1	0.0105385085569442	0.931225057883936	0.958907567623113	6
CPD	0.720260648684632	2.27927807382377e-20	1.27127700363315e-18	6
KHDRBS1	-0.225844264597114	0.00190149159772971	0.00760307834171209	6
SCAF1	-0.388103554871827	0.000198316539121713	0.00107647035235427	6
TOMM20	0.112612400102298	0.15385235614274	0.27703947522666	6
CNOT1	0.0627502069537155	0.491359575048142	0.6399293644364	6
LIMS1	0.423670490215256	9.39938335520916e-09	1.29418496971358e-07	6
MSRB3	0.602825818385161	7.55317848831467e-14	2.18510963608101e-12	6
STRAP	-0.0452902922657652	0.556230623814192	0.69495896565581	6
NF2	-0.142711003804903	0.077294886044893	0.163732311716918	6
THRAP3	-0.146052874025891	0.0549456898979962	0.125372035447258	6
FOSL1	-0.942410096947127	4.73728382739936e-26	4.12959384238793e-24	6
RPL21	0.374734861854804	0.00143752621808708	0.00598234511814109	6
PSMA7	-0.348811526341153	0.000279819977149854	0.00144555351617878	6
PARK7	-0.0852401478668011	0.325336193564364	0.480412869181929	6
DPYSL2	0.281940435054844	0.000428507137510073	0.00210778753775975	6
CDC42BPA	0.425561826259551	9.11607857941047e-06	6.81789445118069e-05	6
PPIB	0.0526181342534513	0.593776716122329	0.725317426564318	6
SSB	0.029944469541178	0.728886078685543	0.826942018536508	6
NARS1	0.354686706552587	4.42741859012608e-06	3.57534422710611e-05	6
TPX2	-0.943400060905612	6.1164753543955e-36	8.21542500917429e-34	6
SEC22B	0.483962421707007	1.43782528326803e-08	1.90595107791108e-07	6
ZFAND5	0.283827817116247	0.000165370546566402	0.000920800551799301	6
RPS2P5	0.497990990283471	1.53375991894882e-06	1.37432823778919e-05	6
TRIM25	-0.202089109768346	0.0113737656563286	0.0347319919015407	6
TWSG1	0.347862844155795	4.26298414183619e-05	0.000276285870305218	6
WDR26	0.171111917374761	0.0544449828866332	0.12442857286647	6
RCN1	0.299149649981526	8.67228877910699e-05	0.00051998416803743	6
HYOU1	-0.252087224899204	0.00161932067986115	0.00662577497948784	6
CTIF	0.246022267069834	0.00439456557643637	0.015550389338207	6
DDX24	-0.273539121145285	0.00049317294918127	0.00237875981314513	6
SH3GL1	-0.240086245487712	0.00223962957125199	0.00873747600663602	6
TOM1L2	-0.19949127056556	0.054553516369487	0.124624771949246	6
IL13RA1	0.324956429437245	8.19661841617214e-06	6.1935756723349e-05	6
MDH2	-0.285336125744193	0.00035022916322751	0.00176360614979484	6
IFIT1	-0.130724891383243	0.130177036234713	0.243882767998509	6
MAT2A	-0.349061057466001	3.09985314034956e-05	0.000208819687238594	6
CSNK1D	-0.259743136314802	0.00189115544022751	0.00756864671928085	6
ZFP36L1	0.702699046183391	1.56736076340217e-10	2.82618763406339e-09	6
RAB10	0.359592556937954	2.77804050696527e-05	0.000188588691042722	6
DNAJC13	0.102572390105308	0.222620118515611	0.364561908437546	6
NACC1	-0.302761171342899	0.000265536865154811	0.0013831665041681	6
AHCYL1	0.32322128419085	2.05639187472259e-05	0.00014352219643146	6
GORASP2	-0.148450027063757	0.059770264530769	0.133824798778451	6
SEC16A	-0.312217990142409	0.355163143086639	0.510930322672068	6
TNFRSF10B	-0.0191503569920319	0.812053432878774	0.884794076808691	6
RBBP7	-0.327359572602172	5.48091677302011e-05	0.000347186272777978	6
TGFB1I1	-0.144442696222479	0.0933939419137129	0.188810391247151	6
WDFY1	0.344103677746577	5.50358885537134e-06	4.34314988628615e-05	6
SUN1	0.235049274264833	0.00210718751713546	0.00829205060928372	6
RUNX1	0.0175357729321165	0.870573632095566	0.922180379312454	6
TMEM59	0.19929907623404	0.0232179792758821	0.0625241941915786	6
TMEM263	0.394855169131265	4.83226410216274e-07	4.78248814862918e-06	6
HERC4	-0.193642932686923	0.0160788397703124	0.0463525553869079	6
IGFBP3	1.70635173265489	8.91833826955057e-93	1.46740108302618e-89	6
BMPR2	0.354266530819304	3.82433618262033e-05	0.000251071008338311	6
HNRNPL	-0.509576267654475	1.66413993705859e-10	2.98434250565425e-09	6
TOP2B	0.225744820470818	0.00288680074566775	0.0108754888996064	6
KTN1	0.0996096445736069	0.179378931924354	0.310843191274391	6
SLC39A13	0.157181110692092	0.0364389519784283	0.0901929155494644	6
SAR1A	0.0801800024330454	0.27593909650297	0.426112896207014	6
TMEM259	-0.229715131865948	0.00249709572645609	0.00959406627184517	6
KIF13A	0.080345753095539	0.343367537329373	0.498648156869653	6
PFKL	-0.247604248814252	0.00128915024238373	0.00546332409545944	6
ETF1	-0.12034324198013	0.127362641856835	0.239530569332979	6
SMURF2	0.0896452247280141	0.229083614586268	0.372091265893269	6
PHTF2	0.58081493030793	2.41852024987428e-13	6.57747562997833e-12	6
SRSF11	0.0786432480743053	0.328383995933212	0.483449115140238	6
PPP1CB	0.311925678674965	0.000486109694486752	0.00234899482691965	6
GHITM	0.0733776452991283	0.427073836275962	0.581650115954806	6
SLC39A14	-0.0347483518761393	0.640534335496033	0.761502299325712	6
MBOAT7	-0.233163704255361	0.00812284300821686	0.0261676413404695	6
CNP	-0.128911571420199	0.0820225459290958	0.170995054175592	6
OSMR	0.2673926100042	0.00344175163213427	0.0126582220547034	6
PACS1	0.0655720535647263	0.563881676480579	0.701371197469541	6
HMGCS1	1.19098298255852	1.59849396278362e-52	5.68675027895156e-50	6
PAPOLA	-0.033154309640002	0.672576406327487	0.785408377970964	6
MGST1	-0.311121746982665	0.000597301127183501	0.002798958610579	6
HSPB6	0.336101475164261	0.000756120481783552	0.00342491875489226	6
ARHGEF2	0.513026951517381	3.01849737128985e-09	4.53567133542103e-08	6
DNAJC10	0.404463968718165	8.85330013947769e-08	1.00984393185394e-06	6
LZTS2	-0.0395134308120741	0.651263620437089	0.769877237163305	6
TRPC4AP	-0.208590823688368	0.00677658001275299	0.0224798696340392	6
CPT1A	-0.20814745254769	0.0229596923742578	0.0619935242507396	6
WDR6	-0.237205434525769	0.006966490019631	0.0230080069382702	6
DENND5A	0.142667033816946	0.0823247005343933	0.17148916492075	6
EIF3E	0.42912192263301	9.05447587291852e-08	1.03011292925866e-06	6
RUSC2	0.0673164838251037	0.494763892180673	0.643026966111196	6
BCL9L	-0.229539260936918	0.38189938720063	0.537986048129483	6
RANBP2	-0.0533614223927055	0.577740098753508	0.713112686981353	6
AP2S1	-0.305595423108372	0.00061125378904174	0.00285114586291865	6
ZHX3	0.0344263850770217	0.723245817108243	0.822636279396493	6
ECPAS	0.00932621476149164	0.919200057577553	0.951138303426879	6
NPC2	-0.103926083377214	0.24859741564086	0.394222114261494	6
RAB11FIP5	0.0840169440094196	0.29468238478072	0.447135934394077	6
UGDH	-0.356713453156585	5.2540253807348e-06	4.17121448049531e-05	6
MAN2A1	0.640204356874395	8.23059917360999e-15	2.69500937617483e-13	6
SMG1	0.0996656251739232	0.659447669799884	0.776243241166468	6
AGPAT3	-0.0678936971134868	0.384863359822335	0.5411190349649	6
HGSNAT	0.134658652246582	0.0801575989667117	0.168142348761379	6
MBTPS1	0.161053213237419	0.0435776350791848	0.104047235724163	6
DNAJA1	-0.621918552694004	1.76195946824848e-14	5.58859577844693e-13	6
GCN1	-0.261568860400315	0.261729647870257	0.409113805357581	6
DDX21	-0.122669152078476	0.100734433533552	0.200236688100597	6
CS	-0.626236253061767	8.40760913813952e-17	3.38438406988778e-15	6
KPNA4	-0.103812275832128	0.198592584386015	0.335051805725854	6
TUSC3	0.163680137533777	0.0510691740544696	0.118265928585324	6
BRI3	0.0135454661862148	0.879067772363709	0.927474277622916	6
DAD1	0.201904112428937	0.0182223392227946	0.0513400366416192	6
HM13	-0.249118960463422	0.00209360042173718	0.00825091687165466	6
DBNL	-0.137374374438214	0.0991073386853117	0.198019110369575	6
ATXN2L	-0.403766785545882	0.101920631779139	0.20213669973012	6
ARF3	-0.141031744763692	0.111582236622733	0.216949700327188	6
RRAS	0.615586273194123	5.4113001596149e-11	1.05837955424979e-09	6
SWAP70	0.0319217719716382	0.678625767096739	0.790014508554596	6
CUL4A	-0.198994935786259	0.0225796416985048	0.0611052269073641	6
CDK6	0.432648493835778	5.29664636170864e-06	4.19745671638596e-05	6
UBXN4	0.303898704403344	5.25164578587701e-05	0.000333304790161519	6
C11orf58	-0.0308641804520099	0.708143416595956	0.810617600891606	6
GPAA1	-0.00136149885965803	0.987212668733061	0.992068319327131	6
TFDP1	-0.360252810093669	4.05352853202378e-06	3.29972764793005e-05	6
SLC25A5	-0.40704470068584	2.12501149909911e-06	1.83416242802933e-05	6
CDC25B	-0.692655829310968	1.29263965584346e-15	4.67445488732623e-14	6
EHD1	-0.535366621242534	4.37596653732704e-13	1.15201695061672e-11	6
NRBP1	-0.016682345625099	0.840130157127501	0.902745572103616	6
C6orf89	0.0946673742663476	0.212827713953558	0.352339479156168	6
TIPARP	0.00989462185842864	0.89840011227413	0.938245055368485	6
DPP9	-0.190591944980347	0.0179737924226908	0.0507919771704335	6
COMT	0.190994927524689	0.0219497968397191	0.0596459900497982	6
GOLGB1	0.334281669803145	0.00259701827431103	0.00992006719232621	6
CSE1L	-0.456331286580667	1.68700818415785e-08	2.21617651976745e-07	6
GPI	-0.485144078268198	6.67102008269387e-10	1.09900672526282e-08	6
DEGS1	0.0592038823084795	0.478367464645997	0.627672071939195	6
RPL30	0.274123115114869	0.00557163471800669	0.0190244948879694	6
KMT2D	-0.186380096104977	0.682545144707965	0.792479645390398	6
SLC38A10	-0.0222029444401636	0.780796229355772	0.862251702574681	6
PCGF5	0.481252287168761	1.06703447366295e-10	1.96438808067488e-09	6
RPL23A	0.030297496886095	0.748743598046927	0.839873633009107	6
TFE3	-0.13685064175526	0.074035291022862	0.158368098804754	6
EIF4G3	0.248206504313103	0.0108838107833214	0.0334326990554856	6
PSMB4	-0.122177495545515	0.178943875964638	0.310334418883073	6
BMP1	0.198632621766972	0.023620652330458	0.0633751827610719	6
HAS2	-0.551213176719031	7.87135913031731e-11	1.50160435119372e-09	6
PSMC3	-0.557334980117714	8.56264424007505e-12	1.87537580918649e-10	6
USO1	0.388715546277586	1.89276200097914e-07	2.03217179599416e-06	6
TMEM184B	0.0173716894177076	0.840521647790254	0.902917012356044	6
MED15	-0.448203974697739	1.17067945566279e-06	1.0693722189375e-05	6
CENPF	-0.844087887413835	3.48828421540725e-16	1.33090681528712e-14	6
DYNLL1	-0.153882470383498	0.0718012800524114	0.154633548646906	6
IER5	-0.122646401826908	0.124256385620495	0.235133238056725	6
CEP170	0.0671081189972865	0.404874952508695	0.561163420013895	6
RBM39	0.0665420185176059	0.373383051557716	0.529274295461363	6
MAVS	0.0923437988069003	0.355460942234138	0.511191126693757	6
TNIP1	-0.0173262933523793	0.816240387939453	0.888021508095464	6
CLIP1	0.376866104023872	5.28343158888444e-06	4.18950662677625e-05	6
ERGIC3	-0.156968195645586	0.0860862311839872	0.177554537930872	6
DNAJB1	-0.00188384907520589	0.980642080273122	0.988678898792517	6
HDAC5	-0.164891358195745	0.0325777471428468	0.0824021686474428	6
XBP1	0.343754787760718	0.000143952406498626	0.000816724100357749	6
NHERF2	-0.405752013940193	8.95226715043576e-07	8.34551646608965e-06	6
LRRC41	-0.156018897103783	0.0397548223039625	0.096844652803639	6
RCAN1	0.172607137951878	0.0304714385610621	0.0780038012017231	6
FOXO3	0.519774541880881	5.65699877324003e-11	1.1015247759195e-09	6
SNX3	0.0989509853322542	0.245191410062519	0.390354926300549	6
ABHD4	0.794992383279507	1.17718024098911e-22	8.07042891257271e-21	6
NXN	0.00224338492831421	0.977524159704671	0.986669006532673	6
HMGN1	0.112574826669085	0.186777387416168	0.31990378949033	6
ENG	-0.523554288164242	2.12636318861411e-06	1.83416242802933e-05	6
CLPTM1	-0.579493221039336	1.1232450933838e-12	2.81624288842114e-11	6
NR3C1	0.0826607699362302	0.279751335813745	0.430585457590777	6
CYTH3	0.306124068842403	0.000254502349866494	0.00133522855586186	6
DNAJC5	-0.210069556990173	0.00511452355779378	0.0176560381828585	6
TCIRG1	-0.375024974940652	8.14314028691823e-06	6.16023882739682e-05	6
BASP1	0.119963592036432	0.15680881443789	0.281170743011299	6
PHLDA3	0.288067101324879	0.00384847566030806	0.0139360344199821	6
EMC1	-0.145792087035689	0.132781268091077	0.247950039989054	6
RBMS1	0.250047803727867	0.00113340842290638	0.00486480573519489	6
ARMC9	0.321340233634246	1.77734513160747e-05	0.000125983812425144	6
RPS27	0.607787114785968	8.98935882282198e-08	1.02358936146026e-06	6
POLR2E	-0.28658845891582	0.00146955408993085	0.00609827884166449	6
RSU1	0.0979362921945847	0.225451411718491	0.36787119529571	6
BCLAF1	-0.0643723544769432	0.393454441315711	0.550033783244095	6
SHMT2	0.390852675249398	1.32556026534639e-05	9.60283421725623e-05	6
TGFB1	0.246472915750517	0.00349306955101143	0.0128218835750037	6
TRNP1	0.0974411674725004	0.333090559932749	0.48818260518785	6
RAF1	-0.263291470827771	0.000831335211399608	0.0037233294956288	6
SPTLC2	0.0467192805100515	0.56609067120314	0.703564489193365	6
TRIM22	0.253216492389146	0.000722464057178791	0.00329972046656642	6
PDAP1	-0.16413980639578	0.0359452221673001	0.089256170418444	6
GSTO1	-0.164578626369648	0.0854169404636392	0.176339897635333	6
PLEKHM2	-0.199158310322836	0.00740495247925407	0.0242104792559417	6
LOXL1	0.483526864036169	9.780341858297e-10	1.57767941030347e-08	6
SNX19	-0.117418726247523	0.173227745640313	0.302895432500457	6
OSTC	0.358742183957982	0.000137880125215547	0.000786831832487972	6
SRP9	-0.185299922811952	0.042255044480126	0.101533981469861	6
GOLGA2	0.173718948098753	0.0513624172631954	0.118798716997969	6
PEBP1	-0.0863161193050907	0.270762334438776	0.419793240072745	6
SRM	-0.295875664321925	5.64838747484418e-05	0.000356764512146708	6
FLRT2	0.158750389068978	0.0580912615948549	0.130637953261902	6
TAOK1	0.412950982965738	1.2681906517383e-05	9.2278571303655e-05	6
RAP1B	-0.0333771668362327	0.698690982064595	0.803290191013736	6
UQCRC1	-0.12289875195991	0.152701985370986	0.275573709848926	6
TSPAN5	0.0665996582023911	0.390632958252646	0.546824248492067	6
SSR2	-0.124689160066796	0.185080816684431	0.317919716823328	6
ESYT2	0.274700683972196	0.000178750657005053	0.000984886939371079	6
SPHK1	-0.533842696643107	8.9464147523107e-11	1.68230939120951e-09	6
PSMD8	-0.130440320944155	0.172954905549813	0.302619356872549	6
TRA2B	-0.3488378272695	1.43216591986986e-05	0.000103126914678594	6
TRIM44	0.262178337055805	0.00213460626372505	0.00838991407865418	6
TUG1	0.0820222801535559	0.321305043345453	0.476921322232318	6
CDK16	-0.0764192994388256	0.381362956679006	0.537287873142005	6
ELOVL1	-0.3733847163413	2.89721366792888e-05	0.000196072100313356	6
B4GALT2	0.223857247093404	0.0197878672336385	0.0549625862832631	6
UBR5	0.0921056141525745	0.400494521420082	0.556615920753092	6
RPL7L1	-0.0336134407486048	0.680453104439156	0.791263032303824	6
MFN2	-0.354823740168961	3.34679686324043e-06	2.77767257949771e-05	6
ELK3	-0.251220307924513	0.00102563642543962	0.00447182917126919	6
PSMD3	-0.396158733246634	4.86119114246531e-07	4.80750255509172e-06	6
STAT6	-0.092088655315957	0.259851080045925	0.407095901766783	6
NEK6	0.23623143107131	0.00323897558349173	0.0120266955163615	6
GTF3C1	-0.43790760076425	5.71768305492553e-05	0.000360060161330525	6
OGT	0.561312201287666	3.55272442616489e-08	4.35018712759149e-07	6
BIRC6	0.213471424362656	0.350324422524171	0.506237827828045	6
PRDX5	0.546985125912516	1.65191084068546e-07	1.79111222371851e-06	6
PARP14	0.00108969066210272	0.989609753577659	0.992944708071586	6
YIPF5	0.175993775707939	0.0440986546661188	0.1051386689676	6
SCAF11	0.459007250321146	2.41202614356711e-09	3.67729778994344e-08	6
SEC62	0.299922738574032	0.000299605817766117	0.00153870908281522	6
BAZ1B	-0.222984588735511	0.00625514208021817	0.0210041926535489	6
SRP72	0.19486776207745	0.0235908015896642	0.0633200667817084	6
BCAP31	-0.195656104724863	0.0217720548413136	0.0592392304736386	6
NOMO1	-0.0115127288308827	0.895768805721444	0.937143424999885	6
VMP1	0.482567998732756	4.62802807678504e-10	7.81009404804121e-09	6
SMAD3	-0.352516734837609	0.000196865382702341	0.00107035895601442	6
SSRP1	-0.69462311673799	6.90244919563281e-21	4.07430218664192e-19	6
GOLM2	0.426541516354726	5.24276870504867e-08	6.17820630837562e-07	6
CD99L2	0.400506435976362	1.85672926251285e-07	1.99837508442001e-06	6
UAP1	-0.230304088297743	0.00230615512656567	0.00895190797139011	6
SERP1	0.756800712832453	5.25157681113304e-19	2.6384162429368e-17	6
DHX15	-0.211134633457406	0.00546793166271899	0.0187066099758327	6
SLC38A1	0.940433205115367	4.04089086088121e-23	2.95501368898774e-21	6
STARD4	0.562093744528179	3.91254381819241e-14	1.19491448442846e-12	6
WARS1	0.677285336390382	3.60796821779837e-18	1.66054844933147e-16	6
ROCK2	0.267304887125437	0.00045992069539709	0.00224469266351943	6
SLC8A1	0.1042713334319	0.214159451893078	0.354026891156422	6
EIF2AK4	0.0809184477787218	0.282455246774957	0.433480052850502	6
RTN3	0.0536606743760495	0.473789991727042	0.623903177528713	6
CDH13	0.186993290923105	0.0208122867864175	0.0572164016227263	6
PTPN13	0.377509208660689	0.000159334698803196	0.000892759784593349	6
MOB1A	0.210541888554294	0.0107411694799913	0.0330882316557748	6
CPED1	0.264579293439112	0.00123103110968166	0.00524912941261411	6
POFUT1	-0.145448897704784	0.0529961952291942	0.121615920118878	6
CRK	0.121521913415063	0.106981488724303	0.210087690351772	6
SLC4A2	-0.535397920115945	3.56327784374404e-11	7.12818028224966e-10	6
AP1G1	-0.111667206198373	0.143985324475582	0.263416098133716	6
TMEM119	0.920989824323243	4.57758810734383e-31	5.52796259238228e-29	6
SRSF6	-0.403769957282223	2.64478595059645e-07	2.76955588446309e-06	6
HIC1	0.0108766695721371	0.895116882196199	0.936829862671066	6
TGFBR2	0.0241704949561101	0.748055024713374	0.839727809167844	6
DPYSL3	0.795961587848184	3.98574465461127e-22	2.59724539052714e-20	6
ARL6IP1	-0.483987040488851	1.36289235251832e-07	1.49497933634988e-06	6
NAV2	-0.129203752288516	0.641065566243271	0.761927408438842	6
NOP53	0.504118445005825	2.83304764525351e-08	3.55690367138419e-07	6
RPS27L	0.133914744917006	0.137558815226374	0.254309927643926	6
USP53	1.12625280894935	3.3916076326875e-47	8.42334552246519e-45	6
PRMT1	-0.291709992078977	0.00209448065626401	0.00825145224705045	6
BNIP3L	0.531635755158104	1.64635533998304e-11	3.47291271477512e-10	6
PAK2	0.0242672398921233	0.77860479216552	0.860981645445349	6
DDX6	0.00703323644694459	0.929557467139579	0.958089808155843	6
CMPK1	0.416613403251471	1.40846799721762e-05	0.000101531567619801	6
TM9SF2	0.256372537187365	0.00201413520213821	0.00798796675677773	6
ARHGEF40	0.224044622879269	0.00605142387933814	0.0204348108064977	6
NCSTN	-0.0274169786253155	0.733224574875576	0.830016776667286	6
HGS	-0.363135724506252	3.87128117394336e-05	0.000253773277353668	6
RGMB	-0.158462747554808	0.0472533868148627	0.111269468809309	6
VAMP3	0.119573449313807	0.133159533731589	0.248409714074392	6
HCFC1	-0.552082904246722	0.0552993739874637	0.126029373912822	6
PTPA	-0.203266785038588	0.0173879671168822	0.0494229780089657	6
ERCC2	-0.349101462402655	8.94066345531061e-06	6.70354047123563e-05	6
MAP4K5	0.290142485525172	0.000238954275118956	0.0012642102585976	6
PCNX4	0.0985981739797991	0.191712883205456	0.32628868394536	6
ASXL1	-0.361303296993973	0.000260246880559749	0.00136153803211764	6
SUPT5H	-0.524393977911618	8.38240908141819e-09	1.16512830769491e-07	6
HMGCR	0.617294852997603	6.90067288554885e-15	2.29353020463781e-13	6
NUP98	-0.303429611266075	0.000455596489076827	0.00222689067423627	6
RNF10	-0.0708584072172969	0.342984163827796	0.498256323635943	6
RRM1	-0.607832118536649	3.04351035103429e-12	7.21832914426386e-11	6
PLXND1	0.685961006316313	9.89921085897423e-12	2.1573396115344e-10	6
NIPAL3	-0.0776425025137317	0.352886082264783	0.50873283447694	6
DDX1	-0.13101126891993	0.100550108254625	0.1999608815464	6
KCTD10	-0.131762071421549	0.0853016236593138	0.176129454467066	6
RPL34	0.24588704937376	0.00750401123866396	0.024443281349798	6
SLC7A11	0.0795323069913161	0.320115064260311	0.475530368001183	6
H1-0	-0.515291816544664	8.45497007782014e-12	1.85487951890577e-10	6
IFI16	-0.0849443148640484	0.277032782107687	0.427450769063824	6
PI4KA	-0.378069654555507	0.000247255919502057	0.00129873490359361	6
BEX3	0.151552566996503	0.122517816091992	0.232612435196724	6
PPFIBP1	0.016617614981402	0.838070289441936	0.901617869509334	6
PTPRK	0.464304320118378	6.04370023308956e-09	8.55411034066214e-08	6
EIF4EBP2	-0.0389805925228289	0.634000213787886	0.756878724296203	6
MASP1	0.992658396901057	1.37298768860624e-36	1.8825663484504e-34	6
ACSL3	0.526018717156911	2.09771912620244e-11	4.31441825909418e-10	6
HERC2	-0.104899625466379	0.70406774811785	0.807778590471129	6
TAX1BP1	0.249013873212806	0.0026879658387002	0.0102200156946305	6
FBLIM1	0.313878282829099	4.49007821094225e-05	0.000289153128623448	6
ARPC3	-0.0946600950627393	0.30897188260592	0.463083394988472	6
GNA11	-0.239393624563789	0.0025440930939132	0.00974335100237984	6
USP47	-0.0104286796941162	0.894239758549207	0.936426248351886	6
DLGAP4	-0.528284026152585	7.64759782987907e-05	0.000465827534635346	6
SLC39A6	0.273280425727242	0.000623313958403901	0.0028981567059239	6
CUL4B	-0.144608222789997	0.0561826571069677	0.127529716125772	6
TRIM8	-0.0655081092869411	0.398662890008803	0.555066598390721	6
TFG	-0.0768585914005584	0.315149587999202	0.469691352675893	6
ITGA6	-1.42538279819483	1.32866500723647e-75	1.09307609314085e-72	6
PPDPF	0.155432396919853	0.086868734020488	0.17874834233417	6
LGALS3	0.4061728817681	5.27852375172389e-06	4.18813792308267e-05	6
TMED7	0.184023640135347	0.0387382523215905	0.0948672772668085	6
PDS5A	0.136612982187276	0.0789262598186662	0.16627226455042	6
ASCC3	0.156597212817139	0.0474557189842719	0.111586214539116	6
CLPTM1L	-0.265433924021687	0.000580715109862353	0.00272998321111363	6
ATRN	0.497970443446486	4.96912282538351e-08	5.87678021118806e-07	6
IPO9	-0.320840413978232	0.000216371628143495	0.00115776538270877	6
PVR	-0.290370512113166	0.000240956567764149	0.00127173668864454	6
CD46	0.472753870262592	3.32228535157878e-09	4.95819071233917e-08	6
MARCHF4	-0.112711267136158	0.165190462017324	0.292651984461846	6
ZMIZ1	-0.140029875769719	0.702064501767196	0.806323622437972	6
JUND	0.713615798957292	3.62174359932465e-13	9.59215513036425e-12	6
THSD4	0.408084705818369	0.000218426002596881	0.00116780725921314	6
NCAPD2	-0.847696530989552	2.17151131776002e-24	1.70140496879018e-22	6
DNAJB4	0.484016362511802	2.12110089212405e-08	2.72726739148366e-07	6
SCARF2	0.134998966972782	0.108447549018023	0.212330074033056	6
EIF2AK1	0.0876305477409753	0.25264331192967	0.398932466912122	6
HSBP1	0.170195959580096	0.0623419155477185	0.138409906576032	6
CHSY1	-0.0912264335440722	0.239827494760035	0.384278674805397	6
AHNAK2	0.426567549298543	0.000451680459410951	0.00220939051922198	6
EXOC5	0.236856172739495	0.00458075647563038	0.0160747793891556	6
TARS1	0.315176020338163	0.000115323293821581	0.000671087761526731	6
BGN	0.521052286471607	1.27337282630732e-05	9.2604455871178e-05	6
SQLE	0.800354590388309	8.09539770063016e-25	6.45816484444817e-23	6
MAP2K3	-0.530951246278304	6.99544064635142e-12	1.55279907635622e-10	6
DAZAP1	-0.219457722985182	0.00426718232131379	0.0151684906549969	6
GNAI3	-0.213727887742937	0.0156109865313491	0.0452117526319357	6
PLCG1	-0.076088304741786	0.457798910106231	0.609426279705534	6
ABL2	0.00606526625396136	0.947269774435942	0.968835434413388	6
PSME3	-0.416155177306933	1.64344070514072e-07	1.78339736205831e-06	6
TMX3	0.464551045815961	6.57314367139425e-09	9.27355735761656e-08	6
MAN2B2	0.189449860782347	0.0664112370110028	0.145680841001723	6
DDX42	-0.165834500518039	0.0263192128091884	0.0693596688219906	6
VPS35	0.225431556923946	0.00637211692010807	0.0213425381728709	6
LTBP3	0.125854625851713	0.313656067619095	0.468048386585438	6
ABCC1	-0.149325905495682	0.508894347657126	0.654885317908796	6
LTAP1	0.104319553260807	0.2392199607656	0.383811975086447	6
GPR107	-0.0905532773988135	0.33165393584821	0.486684588357858	6
SGIP1	0.0337429104891756	0.750856176226825	0.841436432587174	6
ANXA7	-0.0400970126718911	0.664387178299535	0.779141849159327	6
TCF12	0.177298581889726	0.0220411852189879	0.0598572562487185	6
PRPS1	0.591180318535841	1.46002084300746e-12	3.5894413384176e-11	6
UBXN6	0.107741605923143	0.196489617836176	0.332227725058135	6
OAT	0.332719392242815	0.000201513867210205	0.00108989890200769	6
PGRMC1	0.11235296897842	0.160904858108647	0.286485952561088	6
TWF1	0.259462488095698	0.00138493643755066	0.00580940673278501	6
MTHFD1L	0.166133272972692	0.0268327461733845	0.0704988897964591	6
P4HA1	0.535230011755052	4.89695253378742e-12	1.1287100400669e-10	6
CLIP2	0.135178303792621	0.0908377826365284	0.184663742524266	6
PPP1R14B	-0.295335970373741	0.00527930116141382	0.018158202557536	6
AKT2	0.00942117008480381	0.906917265225729	0.944442402070116	6
MAST2	0.12775643907238	0.216742912576175	0.357248554750838	6
TK1	-0.824933781139194	2.90390280373539e-17	1.23702500341647e-15	6
ZFP91	-0.119025490186967	0.110932515759622	0.215991553215076	6
SCYL1	-0.331962609646752	7.2608980481169e-05	0.000444535818638897	6
ANKRD17	-0.027306367587905	0.78831895939598	0.867757355956622	6
CIC	-0.266947849972622	0.337090596042093	0.49230262018219	6
RALY	-0.211054166661519	0.011689471177959	0.0354862797775541	6
ATP6V1E1	-0.0200841498914887	0.817277564263053	0.888538636047333	6
QKI	0.437232431569648	3.46955115256064e-08	4.26401988122435e-07	6
SELENOF	0.122610642194596	0.183718184346673	0.315991436110709	6
TMEM43	0.108931896008814	0.168639410432359	0.297162056160796	6
DHCR7	0.560951007072226	3.15056914425805e-13	8.41195570910115e-12	6
MCM4	-0.722871535346194	1.11899952490218e-20	6.4320483608242e-19	6
SSTR1	-0.265547535058327	0.000381637356278514	0.00190862177837921	6
MGAT5	0.339296358709785	0.000202614813727792	0.00109469415537807	6
EIF5B	-0.187202621045487	0.0126868233831745	0.0380662539760033	6
SCUBE3	-0.569397864253927	9.16535337881998e-06	6.85085443074432e-05	6
DAZAP2	-0.0428314708297059	0.58210028974114	0.715574593388447	6
TMOD3	0.277878006932934	0.00033605119904068	0.00170000741229179	6
AMFR	0.00634830738347416	0.940755021224591	0.965096901596079	6
OSBPL8	0.381780806810606	2.27336921821607e-06	1.95050710249286e-05	6
OAS2	-0.315659142234052	3.76268079484409e-05	0.000247810162980379	6
TCEAL4	0.729989810304082	7.91298629853019e-17	3.224725654723e-15	6
WDR82	0.158327188105611	0.0393089289144854	0.0960051577590902	6
GRB2	-0.0511886998114467	0.512642891002753	0.657928092626672	6
ALDH18A1	0.00130591509112906	0.987324208114697	0.992068319327131	6
DVL1	-0.107045390094782	0.254509894160566	0.401163182473419	6
PPP2CA	-0.455974773938876	2.86313736637463e-08	3.58586842565074e-07	6
SH3RF1	-0.0160160100509911	0.863384436974352	0.916976659238694	6
USP5	-0.330092758980248	2.31621550249509e-05	0.000159708458142184	6
PPP6R1	-0.26433443143528	0.00150244437037846	0.00621321873933136	6
OXSR1	-0.228020437939491	0.00321851731343188	0.0119608535846143	6
PDLIM1	-0.204214051335146	0.0214452783327426	0.0585411549081745	6
EIF2S2	0.360940595584521	5.73903970751989e-05	0.000361104109321627	6
CIZ1	-0.302886857879268	0.000412970741612202	0.00204349080011795	6
PML	-0.179427482609271	0.0657551836318864	0.144520868616884	6
TENM3	0.497019555343487	1.97175056006998e-06	1.71201534447237e-05	6
FGD5-AS1	0.207968115806933	0.00837553360625645	0.0268502554454831	6
NAP1L4	-0.177612552511498	0.0290686536901005	0.0750484147907025	6
PPP4C	-0.102357103366518	0.300986912071161	0.454553777374104	6
RNF187	0.465213663699322	1.42138368418513e-09	2.23799921470441e-08	6
SETD5	0.0683984505269451	0.537362224401294	0.679398510675923	6
DCTN2	-0.169271994489976	0.0397590597698751	0.096844652803639	6
RBMX	-0.274734263943104	0.000680508759069809	0.00313200587259996	6
NDFIP2	0.699838312957544	1.42231656809808e-13	4.02622644857527e-12	6
VAC14	0.0143925769715948	0.858344654663319	0.913887461727191	6
MX1	-0.577246647823664	4.37973504954953e-12	1.02217114285852e-10	6
NF1	0.3727306112962	0.000245032628324807	0.00128859947528543	6
TAPBP	0.0677834799635895	0.521686410909679	0.665686723226309	6
ADAM33	0.156489433889273	0.213071937815503	0.352566425828469	6
NAV3	0.392416446888939	0.000881129877176872	0.00391306092215896	6
STARD7	-0.166288032545033	0.0507412778764483	0.117651478014389	6
SLC2A3	0.0229856897672765	0.761086596229564	0.848373088893878	6
COPZ1	-0.0122050324089185	0.897125294058747	0.937806563349372	6
TXLNA	-0.284436075361207	0.00051295892598861	0.00245619437715099	6
KDELR3	0.371128108110876	2.19466719479357e-05	0.000151964251894097	6
CTSD	0.0350853336829267	0.662610416989713	0.778188787162106	6
PDXDC1	0.0550742809743733	0.483992194378921	0.633090455590752	6
ILF2	-0.534218496112159	1.96862426685088e-09	3.02721976922408e-08	6
IARS2	-0.163485400010004	0.0467756119304609	0.110401179817224	6
EIF3G	-0.214366466979589	0.0205150373434336	0.0566298916000839	6
MTCL1	0.270092980422961	0.00564091375830332	0.019216187318982	6
ARPP19	0.11593705455084	0.153375558060084	0.276482123448275	6
LONP1	0.180749962282063	0.0295707295740441	0.0761252535616139	6
TMEM248	-0.0414547285647084	0.589236373305965	0.721902306573569	6
SP100	-0.0438552202697432	0.568968434980892	0.705550103113898	6
GLUL	-0.0585809600346602	0.459885829858822	0.611277105769128	6
EIF3H	0.119399298008528	0.155228009482734	0.278831216761346	6
PPP1CC	-0.136273259114135	0.125145760718099	0.236335626321804	6
SKP1	0.0409420818921812	0.642326611204562	0.763081695242387	6
WFS1	0.0725302017793247	0.361257832066258	0.516985958196146	6
ZDHHC5	-0.136418286849679	0.0888774525956435	0.181773447563153	6
SMARCA1	0.298751515647822	9.93287358852175e-05	0.000588417709476651	6
RNF11	0.291639274734209	0.00177687011199854	0.00718852582155898	6
SNTB2	0.520605898421071	1.0290803679621e-09	1.65394198821553e-08	6
PSMB7	-0.257802655295398	0.00217196425859551	0.00851501786497854	6
CDK2AP1	0.443884710856616	6.06076308856951e-07	5.87299058077712e-06	6
FAU	0.166365560510712	0.133397446098981	0.248677323750303	6
STK25	-0.00200829393944585	0.98106099996058	0.988874028829245	6
VARS1	-0.413695624993556	4.18477676334548e-06	3.3960676039406e-05	6
MAN1B1	0.0874079785708507	0.24926995402261	0.394985001179682	6
MARCHF6	0.265571055004821	0.002398147401795	0.00926528155263502	6
LOC729998	0.0311871348030521	0.746307724378046	0.838533588808056	6
RAB14	0.0360356123503401	0.660189563539205	0.7768012179196	6
KIDINS220	0.275335503889512	0.00255770090914568	0.00978692356601297	6
SERPINB6	-0.0846774517823915	0.277024073714327	0.427450769063824	6
CREBBP	-0.303667498429816	0.255536160318055	0.402299064497854	6
WAC	0.0842262349759172	0.29519544503786	0.447759580898059	6
PARP1	-0.455886505938042	1.62446100237236e-09	2.52751538702451e-08	6
GLUD1	0.06235854167103	0.441289563636425	0.594350622575739	6
DIP2C	0.472675166375389	1.7311334599364e-05	0.000122840483736619	6
NME4	0.182316311232765	0.0412411398044907	0.0996250914381559	6
DVL3	-0.0854469912494033	0.379317912764386	0.535200704398648	6
MAN1A2	0.720602053330311	7.64381703879863e-18	3.38772941689247e-16	6
GCLC	-0.120988993906209	0.127540741488936	0.239660068553728	6
H2AZ2	-0.181594415556518	0.0206875436424359	0.0570044247363164	6
LUZP1	-0.04170025581195	0.64339274141738	0.763865667473345	6
USP34	0.324122048778427	0.000605859600465587	0.00283487823083653	6
EPS8	0.142268488863982	0.102744970267328	0.203403826685042	6
ELOVL5	0.281271546027501	0.000783989924036491	0.0035341299212645	6
POLD2	-0.357642504576259	5.77738553538935e-05	0.000363169655216476	6
SPART	0.465412179735317	7.30896975256144e-09	1.02131601754741e-07	6
STAU1	-0.0843613539561916	0.273002232726673	0.422221641332534	6
GRSF1	-0.0827249416118427	0.309667011018202	0.46388379037585	6
PITRM1	-0.398658704289757	1.66056379941848e-06	1.47589475298754e-05	6
VAPA	-0.051988727877567	0.591572736532028	0.723640223168494	6
PNPLA6	-0.00962325240465875	0.917014680227891	0.950331825155832	6
ZNF207	-0.26086436621162	0.000534363782604273	0.00254664390674151	6
BLTP1	0.392805144110298	0.111598147908181	0.216949700327188	6
AHRR	-0.191337434948835	0.0424187130148074	0.101852885701187	6
COL7A1	-0.035189478270204	0.874015454177062	0.924367388193261	6
RBMS2	-0.01487331845264	0.879451905219392	0.927656497187503	6
HTT	-0.0894545341013331	0.491344555701992	0.6399293644364	6
SNX6	0.172641447877326	0.0480621620357808	0.112730263520489	6
FAM50A	-0.11823939636071	0.198514174487416	0.33496245081116	6
NISCH	0.112958075643896	0.333593360883659	0.488658959415936	6
C1R	0.374584286361621	1.42345047367526e-05	0.000102555438341475	6
SNAI2	0.231139494117249	0.00442718499238723	0.0156443049811525	6
ID3	0.0380154777944496	0.660523239834729	0.776916040205928	6
MACROH2A1	-0.150123399486359	0.0706062184533833	0.152609138506056	6
UBE2L3	-0.387387999739238	4.36736671271968e-07	4.37278986922172e-06	6
LARS1	0.39703799648231	1.28961103051153e-06	1.17069999962919e-05	6
MYLK	0.441748533710005	0.000137903292376339	0.000786831832487972	6
PUF60	-0.405822238509343	2.78765060666146e-07	2.90529255229491e-06	6
VAT1L	1.12392171623431	1.19861330901734e-45	2.72023223906815e-43	6
LTBR	-0.214121422816959	0.00856800842671692	0.0273939020939701	6
PIGT	0.0268548338483932	0.742924975492104	0.836394239856532	6
NMT1	-0.162750751516437	0.0490578383222626	0.114657018081666	6
PGRMC2	0.57336722650311	1.78498981951448e-11	3.72949539591574e-10	6
PTPRM	0.311757488811929	0.00188664861040279	0.00755654931282379	6
IMPDH2	-0.012451096454824	0.891197177011206	0.934604665139572	6
BAG3	-0.453577024822515	4.92430036287265e-07	4.85896294426482e-06	6
PAICS	-0.463808677357498	2.41372429576171e-09	3.67729778994344e-08	6
GLO1	0.0691599626313263	0.431674760776678	0.585666344681861	6
DYNLL2	-0.135800230591223	0.0869793993122695	0.178898818571587	6
GNG11	-0.105114708201936	0.284946016065949	0.436285263403058	6
MEGF8	0.483354425903831	0.000228745440381128	0.00121704778970767	6
ILRUN	-0.121366341745439	0.127346798113164	0.239530569332979	6
KARS1	-0.236544365038601	0.0050348419743719	0.0174220885669446	6
CEP170B	-0.230718273179193	0.0235248393181367	0.0631953999887007	6
FZD7	0.362596422419711	1.07703128809841e-05	7.94672805226419e-05	6
AP1B1	-0.371625947660972	1.70945850857241e-06	1.51525941739654e-05	6
SH3GLB1	0.105262981951245	0.18631258915349	0.319285589249758	6
TCF25	-0.090674949217953	0.269163766126118	0.418004088428279	6
KRT34	0.286813618564043	0.00115534445296998	0.00494927905077432	6
TPR	-0.0801710101329138	0.337805882193769	0.492964393272348	6
DDX60L	0.0245746728880141	0.80091698164719	0.877223694421779	6
RAB3GAP1	0.285045521753865	0.000259320320479791	0.00135806293801926	6
AKT3	0.459849546545399	3.86632242810114e-08	4.66902771753167e-07	6
PGAP6	0.409917128187925	2.21573161201219e-06	1.90623647790624e-05	6
FBXW5	0.0328202947909856	0.734908324168564	0.831101588849499	6
DCTD	0.103788718977901	0.18592180636977	0.318823441537948	6
NPTN	-0.0172244750941241	0.821100870223875	0.891256718653029	6
S100A10	-0.199349332422964	0.0196088414903078	0.0545574256049296	6
PLBD2	0.218470629105323	0.0758529337020872	0.161379047409176	6
CBX6	0.0113962867037572	0.896873567378987	0.93776684148142	6
RPS23	0.34095328175126	0.00101470837877753	0.00443299249580106	6
MDH1	0.123095656930586	0.180571360283317	0.312255872007023	6
ABHD2	0.151832600112633	0.0933766713225602	0.188804473827782	6
HSPH1	-0.757917716528961	1.56995348342227e-22	1.06522153104574e-20	6
CDC27	-0.0641491421797168	0.42679097207734	0.581618134947098	6
KPNA6	-0.0562903281007576	0.551800255873198	0.691945009817939	6
TPBG	-0.234325977822515	0.00188698454693093	0.00755654931282379	6
SYNJ2	-0.482334048423904	1.38593787341354e-06	1.25210022153346e-05	6
LRPAP1	-0.163262920489151	0.0529720808686	0.121581778635289	6
PPP2CB	-0.0603296204943318	0.450962346062379	0.60294742114973	6
VASP	-0.167091481796728	0.0576892773473611	0.129961314003648	6
NOTCH3	0.460545015004644	0.075297852226867	0.160535411218376	6
CHD2	-0.105164984933904	0.371329238175416	0.526930440071475	6
ARID1A	-0.512372077136034	0.09929058405045	0.198204725182905	6
ERC1	0.0865604533414006	0.383391952281824	0.539684340486114	6
POLDIP2	-0.160673377202005	0.0794409313861844	0.167040682131326	6
TRRAP	-0.391992260147238	0.19727253021012	0.333251837160653	6
FZD2	0.43045430223007	1.54303448581258e-06	1.38075886721625e-05	6
GNB4	0.430512100932481	6.78341003780809e-08	7.86696267204123e-07	6
SNHG29	0.425261874713879	4.49928404639331e-06	3.62670397444428e-05	6
RAB6A	0.354298827227616	4.98496780702217e-06	3.97198131015937e-05	6
PHLDB1	-0.363446370229583	0.000487046303777713	0.00235265706298203	6
PSMA5	0.217619054699775	0.0156724510536352	0.0453299216038234	6
TNS3	0.524219237437171	2.09535279788512e-06	1.81335495585548e-05	6
STAT3	0.267518400185314	0.000895988771384576	0.0039726755712123	6
HNRNPH3	-0.448157042026723	2.23385028658093e-08	2.85754823345624e-07	6
TNFRSF1A	-0.168303751946055	0.0321779025352739	0.0815911341309641	6
TPGS2	0.0642201165020561	0.43897797256165	0.592096224288246	6
BACH1	0.629596019051509	5.46002439482608e-14	1.62235442684189e-12	6
SNRPB	-0.428810557997477	0.00013353433895086	0.000765887801137326	6
TBC1D1	-0.0403526068849687	0.612760717046958	0.740601749587286	6
RERE	-0.213267738902186	0.539613884629477	0.681157872952666	6
OLFML3	0.42023432440824	1.87025938000451e-07	2.00965095665301e-06	6
TMEM109	-0.13866282248266	0.0943698869725497	0.190403252945995	6
RDX	0.0991674459526554	0.289564983995646	0.441355243670067	6
SCRIB	-0.418041304805914	7.73010521708684e-05	0.00046976627411133	6
MAP1LC3B	0.133815677897895	0.0902157547575554	0.183775455749162	6
PPP1CA	-0.325868945215754	0.0006111489039849	0.00285114586291865	6
PHB2	-0.0885120835077438	0.323369488731511	0.478782890979391	6
SCP2	0.559840076409439	1.00982989379352e-10	1.86953458396681e-09	6
AOX1	-0.490320748528586	8.80372876822378e-11	1.66022180195028e-09	6
TUFM	-0.244765468772088	0.00886154305572614	0.0281410111562179	6
LMCD1	1.48091620160324	1.07389707237196e-65	6.14595963636176e-63	6
TRIP6	-0.192214243116921	0.0230891238180664	0.0622667084462045	6
SUMO2	0.0876002887290203	0.324983359793838	0.480250249061084	6
PLP2	-0.681550335803964	2.24654234082098e-14	7.05757442296575e-13	6
QPRT	0.347353947709428	5.47976325140206e-05	0.000347186272777978	6
RAB34	-0.0426785492938179	0.663967309410116	0.778973324144348	6
RRAGA	-0.142903336720514	0.111269350944762	0.216374422586187	6
SUMO3	-0.18854365838202	0.0355975474974948	0.0885200525604839	6
UPF1	-0.364580648652173	0.00209112273153007	0.00824362039985931	6
CPSF1	-0.238732009521821	0.0128195032164905	0.038432611674631	6
SEC63	0.423680961716524	3.7362172328397e-07	3.78889271462781e-06	6
NSD1	-0.0144595832285244	0.891702142711481	0.934817883896294	6
SOCS5	-0.304458141804103	0.000507022416037291	0.00243219244252874	6
USP7	-0.284769869133151	0.000314741912977162	0.00160641636313237	6
LSM14A	0.100795102666703	0.215172285010776	0.355238026790022	6
SAMD4B	-0.251122428070059	0.00540469674602672	0.0185362228420922	6
SYAP1	0.0410418396256245	0.618315908267799	0.744637904897442	6
PIP4K2B	0.0377065348891551	0.635041425482348	0.757846807218871	6
CELF1	-0.344683270427368	5.499169458214e-05	0.000348174928227373	6
IRAG1	0.777002940932653	1.95439473318699e-18	9.18774924033583e-17	6
RALBP1	0.093181963743695	0.235959676764563	0.380117149094597	6
UBP1	-0.0243100196535112	0.751994247640951	0.842192395018637	6
RPL36	0.00370630102725029	0.972249836087074	0.983456896366261	6
CNTNAP1	0.0424114187545867	0.889252495325026	0.933795386794077	6
FXR1	0.0725397176946344	0.356252677553349	0.512050010333558	6
SRP68	-0.210714399778763	0.0101341486850219	0.0315207464888807	6
EXTL3	-0.169741649186085	0.0675763666546581	0.147538184487521	6
MLLT1	-0.236988081900276	0.0171638040627307	0.0488702472156012	6
AJUBA	0.195570178419911	0.0128444117892457	0.0384776951255896	6
RER1	-0.0635134165254803	0.410323713870074	0.566448982241403	6
EIF3L	0.225538888944108	0.00859615950785717	0.0274638950490107	6
COPS7A	-0.159232280737229	0.065829104168599	0.144635035581918	6
MINK1	-0.119225700025589	0.228322102565119	0.371129147451798	6
ARL6IP5	0.394482526236121	5.94985130157909e-05	0.000371703334991389	6
MED13L	0.138086648599602	0.214980436490119	0.354965816046092	6
ENTPD4	0.25428818689596	0.00582437609458132	0.0197593460136531	6
IDI1	0.58181752677729	4.79436188932811e-11	9.41913217152625e-10	6
GMFB	-0.103403161742842	0.221109357079344	0.362891280533209	6
PAFAH1B2	0.123116358018852	0.165228144272842	0.292651984461846	6
PCNP	0.186659369336953	0.0316225569536988	0.080434341484355	6
GPNMB	0.968500962322435	9.44554186410597e-36	1.25587542987098e-33	6
ZMAT3	1.13772466273839	4.44097880478254e-47	1.08252970383986e-44	6
HPS1	-0.262594024164985	0.00143270408820133	0.00596604995665743	6
PEAR1	0.0830534288296034	0.490884860892827	0.639750144526822	6
DYNC1LI2	0.0976416274721191	0.230627846807514	0.373777324283515	6
NUP188	-0.647163463249693	3.81182475914216e-12	8.95983023296218e-11	6
BRK1	-0.0687945483093706	0.429820539302989	0.584202268528495	6
RPL39	0.522321806587925	4.99303678832098e-07	4.91941191951115e-06	6
NFAT5	0.51442694726646	3.52887699300752e-05	0.000234548519370556	6
RBM25	0.0157605745985307	0.856237919874757	0.912825766527207	6
CBX3	-0.158503839095436	0.0568417797939393	0.128602328536889	6
SYMPK	-0.245767043701083	0.0133528636924868	0.039684747072523	6
RABL6	-0.271745623441225	0.000747550157711935	0.00339427482785864	6
CCNL2	-0.0889993958285832	0.371081339881222	0.526749021552521	6
HYCC1	0.2592168545197	0.00217866868431194	0.00853506425345182	6
ACACA	0.538855884849244	3.1059885607882e-06	2.59581761432731e-05	6
QARS1	0.0958027510436715	0.253547302629884	0.399985483176449	6
SUN2	-0.438385535403917	5.25087041797863e-08	6.18221890088128e-07	6
MAPKAP1	0.00958973135951807	0.90745624393219	0.944854179629759	6
GOLPH3	0.0476150378454893	0.567255721074318	0.704280990049166	6
EI24	0.0702546164122375	0.390573969097738	0.546811865053556	6
TMPO	-0.569288714346993	2.37711759834411e-12	5.68909071763701e-11	6
WLS	-0.260262513922389	0.000616261139569217	0.00286840359977002	6
SUMF2	-0.0453749901994349	0.573776847298797	0.709433086698672	6
SLC35B2	-0.264039182167958	0.00226549004939577	0.00882267618940725	6
TOR4A	-0.589770946362229	7.81655124645713e-12	1.72632993384421e-10	6
ABHD17A	0.10372931065335	0.267662069456983	0.416310506943432	6
NDFIP1	0.363365118313901	3.28354741376447e-05	0.000220404561995827	6
PPP1R12A	0.235921943877711	0.00206646929673667	0.00816109671555499	6
SLC35F5	0.651056144328201	3.45101928010953e-16	1.32051647628145e-14	6
PRPF40A	0.0129408792772837	0.880296644943295	0.928101300551749	6
PYCR1	0.679643956385087	1.46162771206551e-12	3.5894413384176e-11	6
DOCK10	-0.125331304552411	0.211729178237391	0.351006444979696	6
TAF7	-0.0610607224216612	0.479396929978314	0.628766619101689	6
CGGBP1	0.165765190470496	0.0581597064927054	0.130730228238299	6
IGF2BP2	0.0697344262633341	0.435887887950323	0.589680603195283	6
TP53I3	1.81246795890754	1.23116604376478e-83	1.35048655283965e-80	6
CHMP1A	-0.309652351236058	0.00127126944069883	0.00539797407997378	6
DSEL	-0.141614531401797	0.0816362838767066	0.170405709589136	6
POMP	-0.195928100401929	0.0201954287976342	0.0558823689853392	6
BTBD2	0.0941738681501376	0.257128762282559	0.404081410927093	6
RNPS1	-0.531889836854746	9.44067498462434e-11	1.76016437425794e-09	6
SASH1	-0.0339087507261112	0.758177256084716	0.846215358800811	6
VPS39	0.116782533331078	0.197442392436502	0.333410418427413	6
CTBP1	-0.168712501957237	0.0359532628721213	0.0892592982243933	6
CEMIP2	-0.183710784690808	0.0204164871162321	0.0564228889168515	6
GPX4	0.184206809639395	0.0559942726405961	0.127209632510902	6
ADD3	0.286044506748321	0.000730377553913235	0.00332893342872573	6
LATS2	0.172299537935656	0.0539892255538952	0.123636077934225	6
SNX9	-0.0107227948751105	0.894930153822612	0.936829862671066	6
REEP5	0.0712342095154536	0.365122904497555	0.520874909710775	6
NRAS	-0.142702643625955	0.11962797617827	0.228290617526365	6
CPEB2	0.143169489157624	0.259007203569236	0.406257366608896	6
PTEN	0.463812480047102	6.32608135394588e-08	7.3755720869787e-07	6
ABHD12	-0.339952898780164	7.10370073968467e-05	0.000435411288728087	6
SDC4	-0.377277168189676	9.57017912803755e-06	7.12110050098125e-05	6
LRPPRC	0.00277886914908817	0.974322347508915	0.984728986668005	6
LAMTOR1	-0.121055730618173	0.169036993960747	0.297703231402905	6
FAM98A	-0.0780003008907246	0.311728311716053	0.466017009326337	6
SRSF5	-0.380140105011737	1.55481884838392e-06	1.38941483375951e-05	6
NNMT	0.818145613061735	8.23480900854804e-17	3.32499358832877e-15	6
SSU72	-0.0505651762653135	0.578372763554833	0.713682599373591	6
SMC4	-0.624271665080167	1.28330144606693e-14	4.15039236721843e-13	6
NUFIP2	0.256732751287383	0.00353942441017209	0.0129523056744774	6
MYH10	0.263720262409887	0.00407472966319836	0.0145669925466268	6
VDAC2	-0.0944514350925204	0.238037192576213	0.382434220173402	6
RARS1	-0.174283703818536	0.0442678006606558	0.105427367486197	6
PELO	0.0210901620244377	0.804552637039691	0.879546417677786	6
PTPN23	-0.342875684297261	0.277197004181916	0.42765402790044	6
EDF1	-0.057411701958762	0.593217447357811	0.725159849514382	6
ZFR	0.287635941746406	0.000504063280815766	0.00242064391294343	6
LRRC8A	-0.456333979694626	2.2537492365987e-07	2.38473482325954e-06	6
SPON2	0.591827887905858	5.21071005378072e-14	1.55177774746415e-12	6
DNAJC8	-0.173809028556584	0.0413879592994445	0.099906419999741	6
PRDX3	0.0145394078335002	0.872700561366787	0.923729159476075	6
PCNA	-0.68245204500557	1.55892111095605e-15	5.5609969061015e-14	6
TMEM245	0.237782882309244	0.00379480307398242	0.0137719859009734	6
SGMS2	0.638007970725439	2.49313019081355e-15	8.65885823263292e-14	6
EFR3A	0.489679245376136	2.90599941127889e-09	4.39169578078806e-08	6
BAX	-0.017163571920218	0.835505646647045	0.900039962623157	6
CDC42EP1	-0.218850537562816	0.00641949688365841	0.0214739104141285	6
TSC2	-0.273485122436649	0.0215567419854235	0.0587842127106133	6
SARAF	0.194323703425143	0.0283659943630162	0.0736888856918062	6
PLOD2	0.0262066524447798	0.763909590699612	0.85040737621025	6
ERBB2	-0.0737189023672858	0.41840595364454	0.573516356120283	6
C11orf68	-0.240202474536411	0.00401853613378899	0.0144130766019249	6
TRAF7	0.252831559493921	0.00199942063426806	0.00793678341642658	6
HDAC2	-0.139923229984045	0.120140088856606	0.229155773021229	6
YIF1B	0.141444244783707	0.153600391365256	0.276690529921429	6
YY1	0.282506696818021	0.000302818144560478	0.00155201916949963	6
TCEA1	0.517685549821793	8.92685994397024e-09	1.23299325752865e-07	6
H2AX	-0.945863429975869	2.09292588781907e-24	1.6496517042732e-22	6
PSMB5	-0.0520719743416744	0.575626401070794	0.711252259203497	6
FUCA2	-0.249736025530534	0.0049380752660288	0.0171368006134292	6
AMOTL1	0.0976323414143451	0.288833371290588	0.440750482993045	6
ANAPC5	-0.0010549510242105	0.989063745688312	0.992835055631454	6
SDHA	-0.424628854135803	2.35493618649535e-07	2.48580794088519e-06	6
GFRA1	0.211907574009793	0.0163498424824971	0.0469999948890827	6
FTSJ1	-0.26664742690789	0.00115657390869724	0.00494927905077432	6
METTL9	0.0401903352174037	0.629539942113967	0.75312498937073	6
SUGP2	-0.194576070984942	0.0745356451058315	0.159168185679439	6
PSMB2	-0.232724400159046	0.0048057360983116	0.0167659433506694	6
DTX3L	-0.30563386739475	0.000119998685909926	0.000697369846636802	6
GLB1	0.304174198256269	0.000263275628262661	0.00137356206691297	6
FADS3	0.476030231163143	1.24559516642247e-08	1.66623670483932e-07	6
FAM20B	0.3532918158111	4.43247108864515e-05	0.000285862895344616	6
SAMHD1	-0.439284096830024	5.43539960498652e-08	6.38805044646764e-07	6
NUDT4	0.173572422450178	0.0397922380440658	0.0969075354993596	6
SCARA3	-0.316898563563678	6.80482155638687e-05	0.000418951665793828	6
TMEM165	0.121730301145829	0.138557313505563	0.255868394735372	6
STRN4	-0.165356919334144	0.0401301752609081	0.0975320341505415	6
EHBP1	0.178415097022733	0.0271224086602902	0.0711746940182216	6
TM9SF4	-0.053148104250735	0.543040062915343	0.683957804205166	6
DLST	-0.178407953993975	0.0255795042811346	0.0677620835535872	6
ASB1	-0.0396916261239217	0.686103041422119	0.795391016527827	6
RAPGEF1	0.0602520589722749	0.469175321806501	0.619984608899252	6
PCNX3	-0.350704536179979	0.00194609690548926	0.00775551727731007	6
CSF1	0.0221560658614013	0.827393636838642	0.895478383318114	6
BACE1	0.0739764709065922	0.404475737244625	0.56069807860327	6
MAGT1	0.18564837253956	0.0325316457087996	0.0823171957833388	6
NEK9	0.345704051172859	3.92681945164686e-05	0.0002569022089564	6
ANKIB1	0.513319941477644	5.68243474939141e-09	8.08625822770152e-08	6
ANP32B	-0.32858502545304	0.000211068861669372	0.001134926236174	6
CORO1B	-0.0356121529982278	0.686342723371481	0.795391016527827	6
CAPZA2	0.0903989322759822	0.364245573608669	0.519848691901865	6
TAOK2	-0.279196789528592	0.000464690835529364	0.00226304206710496	6
WBP2	0.0780409498280918	0.356408981401754	0.512218738092727	6
CCNG1	0.538178565655595	1.26092678094596e-10	2.29565411031696e-09	6
NUPR1	1.48171181370461	1.41985017663984e-49	3.89364330731462e-47	6
APEX1	-0.133985069893536	0.142624799417342	0.261545031308231	6
MICA	0.134699429252397	0.127284306681712	0.239471135504276	6
SEPTIN8	0.0404017709948372	0.626705357933556	0.75103082906768	6
SDC2	0.686835706893462	3.37590641628875e-15	1.16023645320128e-13	6
TBC1D2B	0.246346323014857	0.0050558211567302	0.0174900851211668	6
DUSP14	-0.635468843147345	2.95967628684731e-14	9.16663975618146e-13	6
FBXL5	0.377722279627219	1.9058379433887e-06	1.65806641433083e-05	6
SLFN5	0.546142380359059	5.4781642091311e-11	1.06828259977471e-09	6
UNC45A	-0.134656123628012	0.0863058745158865	0.177854055388982	6
CTPS1	-0.095356902996548	0.220729537219593	0.362518343771313	6
CAD	-0.495851829344957	0.000234738940924398	0.00124491082972919	6
PITPNA	0.120977468543056	0.14433507802553	0.26401926515426	6
CANT1	-0.350894624698737	5.5444230233037e-06	4.37013414705069e-05	6
PHGDH	1.21758977531286	3.02448939892944e-38	4.47318583798969e-36	6
TMEM127	-0.166261888141601	0.0481178674747822	0.112840814104856	6
ANKFY1	-0.23427395150807	0.0261460114987775	0.0690114195625443	6
NLGN2	-0.00587234637676717	0.979566204340211	0.988199720089684	6
EML4	0.0258386808037692	0.747467190742107	0.839229242118258	6
ZFAND3	0.146566284429579	0.0670652959889941	0.146716970448802	6
HHIP	-0.823475555827109	5.69541292870373e-18	2.54995647552814e-16	6
FYTTD1	0.423225994895776	4.49356565988047e-07	4.47419098192183e-06	6
BAZ2A	-0.123227765742106	0.303712648209778	0.457306061357276	6
DGCR2	-0.0496435314484846	0.604215152343957	0.733968627750415	6
MCM3AP	-0.332438095287467	0.0012595123730231	0.00535669187919325	6
RAB1B	-0.200153940463804	0.0189733058127262	0.053137366896365	6
USP14	-0.136458916055198	0.076312861797674	0.162095562343518	6
NKTR	0.248253630390245	0.0273360035512957	0.0716005967663451	6
PRRC1	0.0386690687906542	0.657770153825367	0.775271179692274	6
CDC20	-1.22228035736703	2.83377104583947e-40	4.66261603454812e-38	6
PARP10	-0.289625276526591	0.000951124251620108	0.00418577349517736	6
ATP6V0D1	-0.445973891378748	3.54660692722177e-07	3.61331168599227e-06	6
MAPK3	0.00935428662149504	0.914631023668534	0.948946895762256	6
ABCF1	-0.536538612506036	2.51048856735703e-11	5.09176594947929e-10	6
SETX	0.156381833722287	0.109736954382629	0.214246108578158	6
PHC2	-0.578061262694525	6.67324357344714e-14	1.95199789238411e-12	6
PSMB1	-0.150242120741957	0.117419637161998	0.225174050693965	6
BRD4	-0.467133506569252	0.0663732485980591	0.145636117902359	6
EFTUD2	-0.552589117422443	2.16856732584186e-12	5.22799481869164e-11	6
NUDCD3	-0.196689790060102	0.0115844097149915	0.0351916882248865	6
ERLIN1	-0.380998416518938	2.21860843588267e-06	1.90623647790624e-05	6
SPG7	-0.355123911022328	0.000359647981536825	0.00180619854291081	6
P3H4	0.402905684631116	1.17303438246548e-06	1.07078027575542e-05	6
DOCK1	0.0590010732682492	0.548441575157435	0.688717463632638	6
PSMD4	-0.278022059285519	0.00135812245201414	0.00572205881137581	6
SLC20A1	-0.481334840749572	7.29663258963468e-08	8.42505041906678e-07	6
XPO7	-0.126898981912404	0.136368790828488	0.252571041744109	6
STXBP5	0.0411657761275467	0.616604828361742	0.743121164230508	6
NFE2L2	0.0475574687981304	0.553180970888109	0.692950239798266	6
PCBP2	-0.345170675181509	2.72272216108211e-05	0.00018502422202542	6
F3	-1.42575718037917	1.02918389825196e-62	5.41885906107621e-60	6
GYG1	-0.206561727460376	0.01489180125555	0.0435504954291944	6
SHROOM3	0.760727055563321	3.79317194142637e-12	8.93193600447143e-11	6
ZMYND11	0.1866261602361	0.0189875914360374	0.0531660638316444	6
NRIP1	0.18342278210585	0.0235223351927644	0.0631953999887007	6
PSAT1	2.25653176072261	6.59504433995138e-128	2.1702642161695e-124	6
MICALL1	-0.478260787210917	1.15330555047201e-07	1.28726967921182e-06	6
MAPK6	0.172349986075131	0.0598262071995085	0.133927273021621	6
PRPF6	-0.439555762194129	3.80583053316393e-08	4.61715643392044e-07	6
SIGMAR1	0.00357836596708492	0.968088891138995	0.980679857939248	6
TLE4	0.323172800259159	0.000124289002848534	0.000718496330476617	6
NEDD4	0.0295306448496541	0.716468749702485	0.817233808694438	6
SRSF10	-0.194090523121673	0.0223345588024367	0.0605411885923124	6
ATXN10	-0.14261586905903	0.0850943847186844	0.175756690107021	6
CD55	0.677319106357611	1.26806211103334e-15	4.59820979821814e-14	6
MTMR2	0.263674867386342	0.00150937293041803	0.00623795161164602	6
GSK3B	0.540189867897492	8.71556092094159e-10	1.4128439458418e-08	6
YIPF3	-0.0674191041660546	0.471774559502071	0.622263348996677	6
MBD3	-0.210145110740732	0.0367585969037433	0.0908815572960129	6
SOD1	-0.158352530435091	0.111095109441138	0.216195287636561	6
APH1A	-0.14292897466499	0.109888111941289	0.214448809115372	6
AGO2	-0.220472384109214	0.0844218034512311	0.174817214090703	6
SLIT2	-0.708377188948378	2.25492941189405e-10	3.97344522741115e-09	6
CASC3	-0.184918507282204	0.0324504119414617	0.0821432254587423	6
CIRBP	-0.0779134726160176	0.354920389550159	0.510636909787818	6
CHD6	0.298156284678625	0.0105146574790155	0.0325122002340337	6
GATAD2A	-0.339621914314235	0.000140262841366988	0.000798039987176994	6
KIAA2013	0.0305266059280715	0.734603182093722	0.830862836045683	6
OSBP	0.116307132265201	0.220526480655992	0.362350526135916	6
PLEKHO1	-0.015438889480994	0.854878561817886	0.91214174759434	6
ABCE1	-0.281801509625191	0.00253120186364609	0.00969962449233579	6
PANK3	0.580503891114081	1.10869421371556e-11	2.40424084598649e-10	6
SRRT	-0.830744271366842	1.45084358149165e-20	8.23166123412696e-19	6
APBB2	0.360301244216936	1.32792184645887e-05	9.61167644347806e-05	6
CCNB1	-0.992781314011543	2.62601113110581e-30	3.0843360462288e-28	6
NECTIN3	-0.217973475096965	0.0143230664912162	0.0421212073779892	6
FBRS	-0.275961487627176	0.00773790078305752	0.0250995534764382	6
RHBDF1	-0.237602104096443	0.0119347748733811	0.0361143544042104	6
RBCK1	0.0956240231556427	0.262265688434729	0.40965981450888	6
NUDC	-0.480978232892045	6.09134672321545e-08	7.12081677776954e-07	6
CAMSAP2	0.163150128547074	0.0758445210787786	0.161379047409176	6
ADI1	-0.0601897231878288	0.462148493757772	0.613522215063286	6
GPSM1	-0.177667689685992	0.0336520320454901	0.0845234683008348	6
ITPR3	-0.435081055170729	0.0710952513582863	0.153389082712526	6
WSB1	0.663589614297249	4.94806568414004e-12	1.13469318119051e-10	6
ADCY9	0.577615138169705	4.58394052235496e-06	3.69042257466412e-05	6
UHRF1	-0.988730321655181	1.30419116462383e-35	1.69970973266767e-33	6
IDH1	0.36693969880329	1.06839339338105e-05	7.90070912195209e-05	6
LPXN	-0.669472457873621	4.65118894870915e-15	1.58200517136585e-13	6
TMED3	0.0677785430841391	0.466064015427278	0.616934898940996	6
CHMP4B	-0.00452699705392025	0.956094030421814	0.974607063829696	6
EMC10	0.0332775843256125	0.692157893252164	0.799339739329552	6
PPP4R1	-0.214216189993269	0.0107391763597129	0.0330882316557748	6
RASA3	-0.330661801463608	0.000233441555983333	0.00123902871024541	6
GAK	-0.45495180564609	9.44554236538857e-07	8.75820575826776e-06	6
POLR2B	-0.146612628691029	0.0664901189375784	0.145795341591762	6
OSBPL3	0.0767182999045853	0.41391149630093	0.569844633800617	6
PRDX4	-0.056049640117252	0.582110005044642	0.715574593388447	6
SGCB	0.175720019359212	0.0370224798184821	0.0914480956747382	6
PSMD13	-0.344867308489961	0.000459199374888861	0.00224200347613579	6
TMEM230	0.192153631443006	0.030918155545028	0.0790244041629521	6
WDFY3	0.242597773114395	0.0375494659304231	0.092472145938664	6
CCNA2	-0.751404626106373	1.94611135240589e-18	9.18159990384185e-17	6
NOC2L	-0.600734121844118	1.73690576919885e-14	5.52243735264842e-13	6
PEPD	0.069297737533487	0.458031112479969	0.609427224661259	6
RIPOR1	-0.426944869829681	0.000274897595858961	0.0014236957630118	6
EP400	-0.383785131790146	0.352163400448437	0.508114308900885	6
SBNO2	-0.321504501643131	0.00137622340389823	0.00578207107102215	6
SEPTIN10	0.0675067045446529	0.399733688103873	0.55614570727315	6
DCTN5	0.139059500746671	0.0870944286950054	0.179072784272471	6
IMPDH1	-0.212982263555648	0.00719993569251358	0.0236634457043283	6
ARHGEF1	-0.446930266655888	1.86604325678576e-06	1.62774866726779e-05	6
COL11A1	1.86930345350393	2.1007270496882e-91	3.07243001722731e-88	6
ARHGAP17	-0.335617868612971	0.00347145953322512	0.0127468124558932	6
LARP4B	-0.132256669120308	0.16246270125052	0.288868909436796	6
GNAQ	0.543886635608684	5.92320220142797e-12	1.33277112098113e-10	6
YEATS2	0.333085036400809	0.00258812920309155	0.00989185386187399	6
ATP5F1C	-0.00849732822282508	0.936926505030829	0.962219207749146	6
PPM1F	-0.126832724798241	0.115649288562584	0.222883101808096	6
TCEAL9	0.0482079569325655	0.587048195703239	0.719912379649198	6
LHFPL6	0.127670903598093	0.118375408362105	0.226437778112385	6
SETD2	-0.232359719221827	0.0152878803484488	0.0444716837627914	6
C11orf24	-0.0339323065638609	0.70029405195876	0.80464128892573	6
NUDT21	0.125075915044714	0.130876370735928	0.244948907720321	6
PPM1G	-0.562974934545635	1.63908208432414e-11	3.46311998008967e-10	6
DR1	0.186055249145652	0.0276195878538394	0.072234578764174	6
PIP5K1A	-0.160780470670141	0.0457304048112537	0.10840648968226	6
PHLDA1	-0.819450181300234	2.50368945031513e-24	1.95006297245551e-22	6
CLINT1	0.126523803671089	0.115734099540756	0.22293862008467	6
ASPM	-0.708640289097518	2.11872539969119e-17	9.11398118827945e-16	6
LPGAT1	0.433025945955889	1.48422698666497e-06	1.33266574525723e-05	6
BANF1	-0.426094678587335	1.73464087603855e-06	1.53242133230171e-05	6
NPEPPS	0.0290814372742598	0.722005897134116	0.821627355751393	6
RAD23A	-0.206807778827131	0.00917066376848459	0.0289550125172854	6
SRSF4	-0.262597578781567	0.0033048839142743	0.0122265843067995	6
TSC22D1	0.118057094723964	0.224530640406924	0.366816653489092	6
SLC2A4RG	0.0925842577364355	0.370485467119053	0.526016632907787	6
F2R	0.509754423526091	2.01532673420682e-09	3.09541958020589e-08	6
TALDO1	-0.432726760008095	2.33221559330366e-06	1.99862980824584e-05	6
ATP5PB	-0.0977671161628302	0.331863039238749	0.486937151432355	6
SF3A1	-0.674313180978881	5.24296195581111e-10	8.74690852019539e-09	6
GALNT1	0.447832567535102	3.97825948351972e-08	4.78663890142323e-07	6
TEAD3	0.151212105029879	0.105061733535995	0.206963124593579	6
PRNP	0.332103384285171	0.000126225478744415	0.000728092014335118	6
TAP1	0.0192735183696658	0.819965202022483	0.890605227244735	6
YTHDF3	0.27371634438542	0.000841151315447928	0.00375961791689001	6
TMEM131	-0.210814886099197	0.042635258344923	0.102260915742387	6
ARL8B	0.0673687800497726	0.405019173285607	0.561298967074194	6
FHIP2A	0.452438544379802	2.06321380425249e-06	1.7867160069326e-05	6
PPP2R5C	0.175479298029218	0.0302819341057389	0.0775941402830137	6
LIPA	0.590422804615823	2.37284532510587e-12	5.68909071763701e-11	6
YIF1A	0.37090114869383	0.000317951339327383	0.00161903035960013	6
MAPK8IP3	0.093760807831355	0.454654175842062	0.606405199777999	6
API5	0.0522559940449519	0.533015905153582	0.675598301351622	6
RETREG2	-0.153576102567492	0.051815780443916	0.119532267434852	6
DHX30	-0.533460525830113	6.42065186937935e-11	1.24286824348001e-09	6
AP2A2	-0.0711520387919509	0.383533522047095	0.539710471531528	6
KIFC3	-0.451909996542613	2.05072534669999e-07	2.18219060134292e-06	6
AKAP13	0.344893325798124	0.00187325810272727	0.00751529911801252	6
ELAVL1	-0.371673624998003	4.73555890956148e-06	3.79796467600958e-05	6
SPEN	-0.398384048995862	0.256088380153965	0.40283118403043	6
KDM2A	-0.215892812953513	0.0294547194477847	0.0758732822096263	6
PCDH10	0.34058431329922	2.97614715431437e-05	0.00020089756406277	6
TRIR	-0.108849600278541	0.266775247814622	0.415176470440277	6
SLK	0.0670991074131261	0.412912561131934	0.56906795541615	6
COXFA4	0.34951884317429	0.000593527790190224	0.00278425028591373	6
HERPUD1	0.603131810887496	1.85387439651066e-13	5.10513570737863e-12	6
KIAA1191	0.212957436527333	0.0104330484644753	0.0322977932591458	6
ARL1	0.229968432824102	0.0128966979553331	0.0386253600302606	6
RAB11B	-0.150501669664263	0.0566754294860556	0.128331278143961	6
GLIPR1	-0.715659828371035	3.60742526558449e-18	1.66054844933147e-16	6
KIAA1549L	-0.267927949549613	0.0295756701902373	0.0761252535616139	6
BBX	0.658757415272118	6.91735539953818e-15	2.29353020463781e-13	6
LRRFIP2	-0.136208679025969	0.0800419123208332	0.167956590447812	6
ATP1B1	-0.312530127937906	0.000157705577232767	0.000884481684326761	6
DYNC1I2	-0.0475872235745155	0.562429155615228	0.700071392469337	6
ARAP1	-0.0234287825110614	0.785977008918132	0.866048498944364	6
UQCRC2	0.0907092257113033	0.267610469215757	0.416279438228198	6
ATP6V1B2	-0.0819079471628529	0.310755398857492	0.464985030710602	6
TAF15	-0.511568041352715	1.04321931915848e-07	1.17668345313479e-06	6
PCDHGC3	0.0900184728725544	0.403890775313455	0.560267015726067	6
RAB18	0.258852249859824	0.00287014280758134	0.0108251260103706	6
PI4KB	-0.430862656143991	3.24087540220212e-08	4.01691552911361e-07	6
TCF3	0.0973825107925096	0.247390550878543	0.392953037433844	6
PPP1R12C	-0.0473650997818777	0.579906337796011	0.714595312152115	6
RPA1	-0.262726824476232	0.00140417413963666	0.00586766482540867	6
AMD1	-0.253821209231783	0.00292928121924022	0.0110103165873384	6
TNFAIP1	-0.0702316243258952	0.38211528291746	0.538232580956931	6
RASAL2	0.49553677584003	3.41100106548358e-08	4.20402687499629e-07	6
SIN3B	-0.176077817877951	0.0620893865049793	0.138023274628708	6
ABCA2	0.696590768744726	2.11796251241663e-08	2.72726739148366e-07	6
VEGFC	-0.574008880480288	6.20022680924913e-13	1.61361320807201e-11	6
PUM2	0.202338798549274	0.0134169493688739	0.0398572115871106	6
SMARCA5	-0.0151717138246528	0.847668966239901	0.907527005205516	6
CALCOCO1	0.210335642876186	0.0130772172392772	0.0390595440255515	6
CHD8	-0.250258187175157	0.0221376411512457	0.0600696290401665	6
UBE2J1	0.157463922656257	0.0729015886133536	0.15638911520821	6
ANGPT1	0.248881442979244	0.00375816059802282	0.0136653778872305	6
CALCOCO2	0.196316921069414	0.0164701021697222	0.0472734310641198	6
PPARD	-0.169190534144432	0.0410559815377847	0.0992938690198875	6
IFITM1	-0.0771857697613632	0.377825355532412	0.533717321993696	6
CCDC88A	0.142487419399362	0.101682168176337	0.20179925326613	6
UBE2L6	0.169821313213737	0.0576278036178447	0.129889516955769	6
PDGFC	-0.272663764622497	0.000791459370614764	0.00356535923867287	6
REEP3	0.426380821488455	1.71423793818601e-06	1.51847334995575e-05	6
DNM1L	0.193948376300281	0.0164007245995656	0.0471359689746903	6
MME	0.141451884489724	0.0763620472549568	0.162147705761735	6
HACD3	0.254365952750016	0.00202629274855874	0.00802650961458883	6
IFITM2	-0.0814299506258343	0.404169059172928	0.560480122829041	6
FRMD4A	0.094125065653865	0.303618534865755	0.457216654208664	6
ITPRIPL2	0.31001944521905	0.000317619259779246	0.00161796529275318	6
PSMC2	-0.305351032925534	0.000290789438320536	0.00149693444529261	6
TBC1D2	-0.339695477123751	0.000102280624615172	0.000604272828460283	6
EIF2S1	-0.0250692418721536	0.779959816410043	0.861654306622358	6
RCC2	-0.233064618882409	0.0117124118184117	0.0355395289916444	6
TOM1	-4.28373184700527e-05	0.999569242338041	0.999721141014789	6
GPS1	-0.275622142796697	0.00326447551851781	0.0121043073944366	6
WASHC4	0.45074729434254	3.02212847895727e-08	3.7599505830354e-07	6
TSPYL1	-0.224335813286151	0.00651032053353118	0.0217280297116813	6
UBTF	-0.453031612296847	4.78216357034199e-08	5.68119305743787e-07	6
FILIP1L	0.04224593613878	0.624350240950916	0.749299983737866	6
DENND3	-0.799549892144463	1.8566971105475e-18	8.79126045544487e-17	6
RBM42	-0.371220560081066	6.96968587474402e-06	5.39024530959198e-05	6
TBC1D16	0.637476743698145	5.44040274736812e-12	1.23350507091406e-10	6
MSL1	0.0315692268856967	0.709110355091447	0.811228842188174	6
SMCHD1	0.0674841918323077	0.487750625053747	0.637057102359841	6
IKBIP	-0.297458414955605	0.00151521873594179	0.00625621838808088	6
SRP54	0.00920457835654144	0.912370035716594	0.947458784231689	6
USP10	-0.288774641874213	0.000516276102311791	0.00246938311581762	6
MAPK1IP1L	-0.382735051714621	4.88575921530557e-06	3.9071232412556e-05	6
CPNE3	0.297712429524028	0.000300718989733828	0.00154378245006842	6
KPNA3	-0.0718506656141605	0.40506791824923	0.561298967074194	6
TMEM14C	0.28684088756773	0.000850610282245301	0.00379802684708104	6
PTGS1	-1.36355304031786	2.61813093267797e-54	1.04431689293455e-51	6
TBC1D5	0.303077778925426	0.000532306813073446	0.00253867919582818	6
HMGB2	-0.450381683671497	4.39931526130922e-08	5.23582158992887e-07	6
FNDC3A	0.102185556163094	0.206637403215657	0.344789768468904	6
ACBD3	0.26852443123493	0.00239671752047957	0.00926519610046184	6
ETFA	-0.0567523371779203	0.508561812636969	0.654657056913586	6
TMEM167A	0.142100426438236	0.0885053148143718	0.18123762584032	6
PSMD11	-0.454107490916166	1.83618986403121e-08	2.4001754895971e-07	6
ATP6V1A	0.158636943174687	0.0584682283593872	0.131244421878345	6
WWC2	0.593896040650227	1.67638052154906e-11	3.53059148882405e-10	6
SLC9A1	-0.303723889992957	0.0110514468610317	0.033885501486689	6
PLXNA3	-0.398194351675306	0.181638701637077	0.313479773128209	6
ODC1	-0.875983066053684	3.70550074412627e-23	2.72488861982872e-21	6
ARL4C	0.588375124433725	3.94082926525773e-12	9.23009530579849e-11	6
PXDC1	0.407894395538817	2.01672617464184e-07	2.1498195770179e-06	6
PSMC5	-0.666502348010984	5.88645394311946e-15	1.98167246172075e-13	6
NELFB	-0.292004356242289	0.000676144537186103	0.0031184619982413	6
PCNX1	0.265651487566558	0.00705022698407972	0.0232295714121255	6
PTN	0.126365163859127	0.155719956237618	0.27959920665063	6
PFDN5	0.216020137804255	0.0392177706245951	0.0958454353382001	6
CTSL	-0.582730117186899	6.13723736117623e-12	1.37388529566603e-10	6
EVC	0.441652372711076	0.000107382869219423	0.000630455266518851	6
KIAA0930	0.0522667489048344	0.525118088366893	0.668549124400176	6
RNF216	-0.00966420797956105	0.907985385268027	0.945065822825635	6
PPP1R9B	-0.133365095008964	0.0941180469344648	0.189924245254999	6
TMEM181	0.165435126825779	0.0801526820658815	0.168142348761379	6
EIF3M	0.00429996957368095	0.96374213700344	0.978079446908166	6
GOT2	-0.354761068420299	7.91082608325139e-06	6.01123896400639e-05	6
HMG20B	0.0776875488953389	0.421526105948924	0.576532432731264	6
FOXN3	0.51082226556152	4.29032510778878e-08	5.12464150579163e-07	6
CA12	-0.205787815077859	0.010650343074677	0.032862275173927	6
DCBLD1	0.14704903699374	0.0657124675815699	0.144489014553433	6
BOK	0.272883988072506	0.00214050065161738	0.00840806030356298	6
TNRC6A	-0.068340469633902	0.531181935555927	0.674182607050686	6
ITGA4	0.559024756360427	2.01881759127396e-11	4.16837504276472e-10	6
SH3BGRL	0.828011477578966	1.02658295621418e-20	5.95282442847895e-19	6
NOL6	-0.61877045575559	1.96594897135069e-11	4.08166976496673e-10	6
NAGK	-0.398739275649449	4.37613339966987e-07	4.37380743658728e-06	6
PCYT1A	0.0230121855952209	0.779142616185087	0.861185175652389	6
MTHFD1	-0.461826954220546	8.98006700634019e-09	1.23904215937585e-07	6
CYC1	-0.0971921378769809	0.330759002148725	0.485858804294573	6
AKT1S1	-0.242642397055552	0.00334548775965565	0.0123490340382354	6
ARFGEF2	0.194328002916507	0.0497182120923513	0.115789247305665	6
EPB41L2	-0.0101801859007424	0.907557091488584	0.94488444160913	6
PUM1	0.149476186988332	0.0816196603224975	0.170404722291016	6
KLC1	0.156744122339804	0.0616236790461212	0.137088471739749	6
EIF1AX	-0.119752090948753	0.18293924852743	0.315128773867272	6
CARM1	-0.0969050328670563	0.280606698687556	0.431447958745976	6
ANP32E	-0.420868753767751	7.75794539579115e-06	5.91301883293566e-05	6
USP11	-0.302699284681338	0.00026456975603053	0.0013792204747049	6
RNF115	0.177900284674412	0.0320677546000436	0.0813623465305269	6
EXOC7	-0.0180733198009519	0.830827050909713	0.896989267380295	6
OBSL1	0.00171737973407485	0.984711114472981	0.990770075416536	6
UBA2	-0.115862329448735	0.204269539946701	0.341869034242647	6
RELA	-0.232728727363975	0.00337019360493782	0.0124297726034734	6
YLPM1	-0.306947614447151	0.337315397843	0.492387987726791	6
FLT1	-0.136181740250243	0.0961351866069236	0.193342622048424	6
ZZEF1	-0.350448421403344	0.0058453621169424	0.0198203249730327	6
RPTOR	-0.367565680419523	0.000770040728960891	0.00347959015287065	6
PTDSS1	-0.237827407403839	0.00246370499142386	0.00947684067858335	6
MMADHC	-0.183016188594336	0.05413915718246	0.123914749781381	6
PAWR	0.471064590308134	6.90467238449446e-08	7.99350946324543e-07	6
CBX1	-0.069702304465566	0.390496997670659	0.546811865053556	6
SBDS	-0.100152364162123	0.247595720386881	0.393136606447831	6
ITSN1	0.217582592981632	0.0165776681728242	0.0475096551619605	6
MGRN1	-0.120644393139158	0.270079937186533	0.419067280335941	6
PIK3C2A	0.541906087192337	5.16130216184827e-09	7.40874813046988e-08	6
SMARCC2	-0.0586915059466601	0.524318685088034	0.667956737488422	6
PLPPR2	0.0644785413001249	0.457916216066443	0.609427224661259	6
RRM2	-1.13472108760447	3.47465352476606e-41	6.26532388308159e-39	6
ERLEC1	0.173823046103547	0.0653232806450754	0.143787682797847	6
UBE2D2	0.0519318191639736	0.546561125362555	0.687602417389593	6
RBM12	-0.1914924969084	0.0168440570783245	0.0481521144190624	6
WWC3	-0.308588542348808	0.0040125329002857	0.0143954675842084	6
CSNK1G2	0.204936864555475	0.0274625149560862	0.0718809076092588	6
SNX18	0.648114894044121	1.50028519581732e-15	5.38099564919437e-14	6
CYCS	-0.0785684821998296	0.367644856464446	0.523328053030558	6
POLR2L	-0.205904139302171	0.0457328296897053	0.10840648968226	6
CHP1	0.0978370232956955	0.246717373400527	0.392179750466235	6
ADIPOR1	0.0698647802646173	0.43883874752721	0.592034553121437	6
SMG5	-0.473354526540121	1.25173430782228e-07	1.38110466838765e-06	6
BTBD1	0.35448469503201	3.94262469499975e-05	0.000257596220647744	6
VPS13C	0.605818048050811	1.29534363098883e-07	1.42325611141119e-06	6
NIN	-0.217390489177795	0.0456383545299903	0.108241019942029	6
LIMK1	0.224444107486783	0.00867144113131225	0.0276507218051025	6
KIF1B	0.0725841037378154	0.442918613643845	0.595823986856815	6
CKAP2	-0.47491964406848	5.05700717995186e-08	5.96464027864752e-07	6
SRRM1	-0.380958659521482	9.58596188680453e-05	0.000570692068367291	6
SLC71A2	0.0584213319083176	0.471542016811664	0.622183998325173	6
ZKSCAN1	0.712837455670152	7.79398379267083e-13	1.99658150860329e-11	6
SEC11A	0.138064515752189	0.136425936470671	0.25264133395659	6
SH3PXD2B	0.235001180204176	0.0176580259081032	0.0500500850620936	6
AP3B1	0.0471169239349412	0.560143873128852	0.698217216098019	6
GTPBP2	0.061365154152766	0.476353391537057	0.625897354042951	6
KLHL5	0.659542152905148	5.50839915167773e-15	1.85915533419318e-13	6
AAK1	-0.168319746651303	0.212917275802583	0.352399107429825	6
SELENOT	0.0750491143193727	0.437314504258357	0.590821186446963	6
NNT	0.360363794296319	2.1115052617914e-05	0.000146668832511663	6
NOP56	-0.78665787397557	4.26707439545524e-22	2.7556537908215e-20	6
SUB1	-0.0983885180245316	0.299106802091155	0.452493142848624	6
UBFD1	0.158351770214828	0.0567027677454688	0.128354003754704	6
ALPK2	0.174998028622513	0.112243470736659	0.217882437001421	6
RAB11A	0.150376790288335	0.105008659294645	0.206889534844396	6
PRMT2	0.223718505596302	0.00464927124545446	0.0162891555506833	6
NDUFS1	0.0659253750258221	0.438321361692673	0.591863360980059	6
SRSF7	-0.454479764646148	2.75080666188402e-07	2.87144076846783e-06	6
NOTCH1	-0.741737841225488	0.0580000859121177	0.130482845814597	6
NOMO2	0.0977008620066649	0.326157482165495	0.481244061323827	6
PGM3	0.186376067404364	0.0229535717897515	0.0619897138835657	6
CPSF2	0.0133703236611648	0.871638918200031	0.922891174410152	6
DDX39A	-0.958594380592825	5.44086176199376e-27	5.22759586665138e-25	6
XRN2	-0.271104323278392	0.000685605536652802	0.00315325844827423	6
CDC16	-0.0119186028755479	0.890759872930357	0.934602416199402	6
BPTF	-0.0160733926867623	0.898047130093525	0.938215591346274	6
SLC1A4	1.26259022275898	3.09608890971996e-51	1.01884545796609e-48	6
OAZ2	-0.0774769042247948	0.36999082323732	0.525541081932971	6
KDM1A	0.00545372616265231	0.947201362553603	0.968835434413388	6
MTHFD2	1.28969146292408	9.43062825082811e-47	2.25700653937546e-44	6
SLC31A1	0.471254941664866	5.40390847234854e-09	7.71492919973143e-08	6
NUP205	-0.330404018193316	0.000119501958706055	0.00069478987740627	6
CSNK2A1	0.0454224862680181	0.607241512401307	0.736019588260024	6
RALA	0.332862775768109	0.000146422142633506	0.000828236533509947	6
PMP22	0.259422565563528	0.00205827091660575	0.00813848605445523	6
WNT5B	-0.425203217572001	1.91546408951217e-07	2.05360220881595e-06	6
PA2G4	-0.41424234748699	1.58612421542403e-07	1.72404236561738e-06	6
PLAUR	-0.738008013281598	1.93647715991629e-17	8.3573274937633e-16	6
DYNLRB1	-0.246928432435438	0.00303645993808576	0.0113548074332451	6
TNFRSF11B	0.43624266499727	3.21610166494279e-06	2.67764365690335e-05	6
HAPSTR1	0.0455138700620227	0.590006526405939	0.722557633818203	6
MCM5	-1.13570972831084	7.65991610451131e-40	1.21478886365882e-37	6
PKIG	0.327430156229655	0.00212368650146722	0.00835198249740455	6
PSMC4	-0.354437691603102	6.03057938297695e-05	0.000376210978284955	6
FBXO7	-0.0579909070214731	0.543507679001826	0.684349682293958	6
GMPS	0.00960485100372628	0.904300008631768	0.942761049708535	6
TOP1	-0.315307071454006	0.000272251750396837	0.00141366855639983	6
KCTD3	0.0423996998267747	0.621893143936574	0.747851219955885	6
MTOR	0.0582265946648963	0.609417864811644	0.738244740890453	6
TYK2	-0.178892461159674	0.0559523363238165	0.127136302957086	6
MRPL37	-0.331722613456398	0.000906179151631573	0.00401077208235588	6
USP32	0.144349628106798	0.121124067296293	0.230498207000304	6
FUBP1	-0.29150474834384	0.000545951346924063	0.00259248108930788	6
SCN3A	1.15294301923745	1.21799458200007e-40	2.10953456353512e-38	6
GAS5	0.524332887043066	2.25737822983381e-09	3.45510112084912e-08	6
SPOCD1	-0.994217789879393	5.13343667181102e-27	4.96848727287121e-25	6
ATM	0.73428118847244	2.91749647296849e-13	7.83734817830289e-12	6
MLXIP	-0.37175868061975	0.154537378616314	0.278006767080298	6
CLTB	-0.331536370618234	0.00213639291395988	0.00839442982879219	6
CSRP2	0.892701051838077	3.5771264205873e-21	2.15983587918872e-19	6
SLC25A1	0.37703552509951	1.92711786393065e-05	0.000135723127035416	6
SAMD9	-0.110774520079811	0.173357080129496	0.303058802710424	6
TRAK2	-0.13009103472084	0.11774633518766	0.22560334935592	6
ATP11C	0.390390864330665	3.25710416341737e-06	2.70835515496291e-05	6
GRIK2	0.890721590816244	4.92803445564625e-27	4.80501611404974e-25	6
PATL1	-0.0373288985736429	0.676508019169692	0.788185044620971	6
UCK2	0.258063597623026	0.00141041020200253	0.00588998397492363	6
RPL22	-0.00962277121930791	0.916097719344607	0.949968177198164	6
TNKS2	0.301371482235516	0.000268608836044456	0.00139806172750224	6
MDM2	0.120416978731999	0.147711699181673	0.268740052677945	6
LONP2	0.204177878580878	0.0125831921561069	0.0377983930513088	6
KIF23	-0.876897419023953	1.91690076938094e-21	1.16815577904451e-19	6
SPG21	-0.00766422341089987	0.926715726809377	0.956284031984308	6
PTK2	0.271107558618684	0.00116575024661371	0.00498530555431328	6
UBE2N	-0.23192086376515	0.00966088317680794	0.0302632568434848	6
JOSD1	0.0481305609497275	0.545503457573458	0.686468643598416	6
SRF	-0.256807905972054	0.00405825270836181	0.0145120294485647	6
SAMD4A	-0.176998731948487	0.0624288212583011	0.138529700112	6
ITPRIP	-0.475876621263133	7.12686729599514e-09	1.00011678269919e-07	6
CAB39	-0.088714929493926	0.294893832151532	0.447405199701545	6
CMTM6	0.269421757185722	0.00967884398481519	0.0303032319231627	6
PACSIN2	-0.0387880641395777	0.636231719537511	0.758716988971938	6
ADGRE5	-0.764732631658697	6.32930752769654e-15	2.12532334150688e-13	6
RUVBL2	-0.414439341043415	2.31460332397457e-05	0.000159680941055961	6
CTTNBP2NL	0.46763142943364	9.78389674374731e-09	1.34291379393061e-07	6
CCBE1	-0.347122622861364	1.90044671512223e-05	0.000133988109861564	6
PIGS	0.0492385095159535	0.559234089338262	0.697416774236732	6
ITCH	0.414378140775384	4.4208332858568e-07	4.41513114884166e-06	6
ZEB2	-0.177072998725205	0.0573750057243756	0.129365113435823	6
IGFBP6	-0.105365928386076	0.349563604285566	0.505526886751363	6
SPRYD3	-0.0893871735934085	0.315856740327848	0.470585429873849	6
SHKBP1	-0.197501342010792	0.0216645265238316	0.0590327740280509	6
PARP9	-0.128561929686848	0.118159945756703	0.226198278940588	6
BAP1	-0.284613978855505	0.000370699441573757	0.00185532956252295	6
ELOB	0.266057444467841	0.00945871050974166	0.0297218922033252	6
ATP10D	0.682333338195535	1.09660621721597e-12	2.754699930766e-11	6
NSD3	0.239071201081322	0.00836272319831177	0.0268306688413097	6
RALGAPB	0.283544767543822	0.007086555048528	0.0233259125040695	6
NABP1	0.0456586335455756	0.648004242944509	0.767126526655146	6
RASSF8	0.295305293635406	0.00125193382152637	0.00532962642068291	6
ACTR1B	0.394676020453925	1.8346130366762e-05	0.000129624323144224	6
SSR4	0.0601628538202527	0.613895741259742	0.741349508458897	6
ARGLU1	0.0717652372750937	0.406919030579339	0.562942902602036	6
ZNF516	0.270664849829246	0.00460016059946635	0.0161299717556674	6
TRIP10	0.0591832731629934	0.464605183820372	0.615622914699774	6
HSF1	-0.037093264807615	0.688487849104219	0.796569003934151	6
PRDX2	-0.262203107191542	0.00883186969608368	0.0280806523694564	6
EFHD2	-0.337393048376651	0.00020973783102929	0.00112869136134037	6
PRCP	0.213240572189166	0.0314196174125176	0.0800728797678545	6
REXO2	0.198598123657813	0.0400507328077992	0.0973929052187439	6
ALDH9A1	0.0898920069167883	0.353461397574969	0.509354434455447	6
ANGPTL2	0.451840452536072	1.56144657249168e-08	2.06151667339097e-07	6
ADAMTS12	1.1535544356011	2.14064006399797e-26	1.91681939880308e-24	6
TRAPPC1	-0.0735972092942482	0.377747455338206	0.533717321993696	6
FBXW2	0.102682053995866	0.227481703176546	0.370083013090207	6
DLG5	0.0517179599038192	0.657946538495057	0.775409641526585	6
ZCCHC24	0.32798802058764	6.94172055554924e-05	0.000426582015278687	6
SNX1	0.0596353223661989	0.45276452621932	0.604742715233375	6
KDM5B	0.431544468250575	1.01686266264438e-06	9.39295665150029e-06	6
TNPO2	-0.0130824638577959	0.890444112756206	0.934602416199402	6
BLOC1S6	0.348087079554218	0.000128315464271666	0.000738206493097877	6
SLAIN2	-0.0366586994380767	0.673102706826765	0.785883531130096	6
ZMPSTE24	-0.0214988765048911	0.80438196162112	0.879526987601841	6
MYCBP2	0.17145144596677	0.468724257007016	0.619646218236753	6
SMARCB1	-0.233964775684802	0.00838978525566272	0.0268828489095152	6
CD47	0.363559207147775	1.39098108895364e-05	0.000100325940130941	6
KLF9	0.875464183688189	5.8506221957556e-27	5.58056086686456e-25	6
DPY19L1	0.23321169785925	0.00743251969233712	0.0242704680501696	6
POLDIP3	-0.198021625647106	0.0155062692410699	0.0449972385722251	6
UFM1	0.0763019598834014	0.385513785611089	0.541570753468385	6
SOAT1	-0.185622744959019	0.0215352654352356	0.0587499894143018	6
ZNF532	0.167660650062619	0.0810277023427311	0.169484768145141	6
RHEB	-0.297775160941416	0.00108217015879424	0.00467956826550875	6
MVD	0.424500028641564	4.32183431644864e-06	3.50081877584083e-05	6
TEX2	0.615071209114896	1.25090014002101e-13	3.56398236863561e-12	6
LRP6	0.392128579316179	3.37830817620561e-05	0.000226188558104753	6
PRKACA	-0.218207230668285	0.0219414412685772	0.0596355959979932	6
GRHPR	0.0325585699811712	0.770964350333728	0.855305835941244	6
RBPJ	0.125655476502218	0.141206872091338	0.259285165150022	6
SNRPD2	-0.185627976230609	0.087720548876893	0.180022697983558	6
FOXC2	-0.324298888892081	0.00226545060576287	0.00882267618940725	6
STX2	0.127508457937331	0.127784244619715	0.240083358825195	6
MYO18A	-0.0293066708218342	0.810084046792262	0.883120600190402	6
TACC3	-1.09577401143527	2.33906034398922e-40	3.94731427024745e-38	6
TARDBP	-0.510859772501014	8.2343573797112e-10	1.34477476661462e-08	6
SLC25A46	0.346124689644757	0.000123983332850271	0.000717359389146425	6
MTCH2	-0.111815244701385	0.247368029707753	0.392953037433844	6
TWIST2	-0.0639230761178054	0.446058708276956	0.598355136099238	6
SMARCC1	-0.149826980950352	0.0627579625299203	0.139164678347917	6
EP300	-0.208344873908514	0.475573739638968	0.625372341145629	6
CTNNAL1	-0.588044534231228	1.03246183739592e-08	1.40832074255363e-07	6
NUMB	-0.014345996552644	0.863129258081692	0.916905045930862	6
SECISBP2L	0.158738577889731	0.0576528803372005	0.129923791110866	6
GLYR1	-0.203244490999146	0.0122566547806338	0.0369524385885211	6
CCSER2	0.450241933410857	2.77376029797797e-06	2.34345358166136e-05	6
MTA2	-0.292304913116662	0.000498153652553644	0.00239838936670213	6
IST1	-0.0387320673370655	0.651001051819446	0.769664883429776	6
NUAK1	1.04197065421708	2.52161605254168e-29	2.74314314872777e-27	6
PARP4	-0.0663979517229943	0.463983200842733	0.615170313526681	6
GADD45B	0.246434327919632	0.00614233807320509	0.0206728703803627	6
MYO5A	0.013508139153515	0.892324798285361	0.935016026096976	6
NCEH1	-0.510916670331987	5.94402236885961e-10	9.82929226649485e-09	6
ACOT7	-0.563249696804848	1.00057940177797e-11	2.17356145294003e-10	6
FOXM1	-0.885200181406802	3.38017951765114e-23	2.51374593168599e-21	6
MED13	0.20895758050983	0.026625823727117	0.0700601183114547	6
AK2	-0.076801564316824	0.355671651736524	0.511382408717408	6
PHACTR2	0.483671180848965	5.17742734891398e-09	7.42379914964649e-08	6
NRXN3	0.633435194729651	6.97442667729007e-11	1.34216927416914e-09	6
BIRC5	-0.863236297902848	1.40300876760977e-19	7.32849381271723e-18	6
UBE2K	0.00235365106908102	0.978354624913214	0.987280123254572	6
HERC1	0.255455563744204	0.369819861344186	0.525411638950192	6
SAMD9L	-0.0108260725282008	0.899399699985733	0.939065459737622	6
ATRX	0.567080627974353	1.67966533882797e-09	2.59805344947034e-08	6
CSNK1E	-0.134399243266972	0.128059573123849	0.2404976688585	6
ACVR1	-0.0939411958223074	0.257253698012811	0.404221936585532	6
NR1H2	0.086110913620813	0.358088890989043	0.51379159277183	6
WDTC1	0.256072400125276	0.00162740634383942	0.006656789839639	6
CHID1	0.0107779059018098	0.904486267457596	0.942805886802687	6
FZD4	0.585286603569344	4.66082667803473e-13	1.22456011103735e-11	6
NDUFS5	0.101057291521798	0.367730724253641	0.523347337371681	6
AKIRIN1	0.0118624429266004	0.886292022707434	0.931810055503031	6
DIAPH3	-0.358634597127788	3.47020194167378e-05	0.000231282370421529	6
VPS28	-0.171684076520286	0.0512676377409943	0.118642038604906	6
CBL	-0.200615924505779	0.10558928719475	0.207815757677108	6
HINT1	-0.0231180671680569	0.835560916451795	0.900039962623157	6
HADHB	0.208096546755674	0.00958467348612518	0.0300817971144172	6
ARMCX3	0.444555409504533	1.18952827589389e-07	1.32021591025222e-06	6
SS18	0.0507731745236071	0.529269151038441	0.672143737107478	6
RTCB	-0.155828058966989	0.0761014823991632	0.161803232566659	6
SFXN3	-0.0865580555935702	0.314834917611601	0.469275509061432	6
SP3	-0.0223245686160062	0.804212708210409	0.879455602642882	6
TBCD	-0.348283676380231	2.94125133328657e-05	0.000198745848562891	6
AKAP11	0.394383139867967	3.14824675877974e-05	0.000211646435576188	6
COPE	-0.00542021121720954	0.955760771418866	0.974566506637736	6
PAPSS1	0.296890433542018	0.000431171957184062	0.00211852051975133	6
DDX23	-0.449455178767501	2.27632610926316e-07	2.40668920291011e-06	6
ITGA3	0.0286815038809091	0.755923700884947	0.8447557526771	6
ABI3BP	0.966482257541955	4.55146756678922e-15	1.55209760574214e-13	6
NUCB2	0.180030423495214	0.0352038506848857	0.0877795579778652	6
RSL1D1	-0.203821956961564	0.0267493467770093	0.0703078377846991	6
TLE1	-0.390399366395214	3.94827510564732e-06	3.22601770426044e-05	6
RGS4	-0.0320820194442617	0.713424291566293	0.814396318609585	6
ATXN7L3	-0.0011576819708403	0.988795021488232	0.992785182919721	6
GOLT1B	0.0704051254175732	0.402712148445262	0.559043767430602	6
PSMF1	-0.247060564233854	0.00224520204654912	0.00875662060406699	6
CSGALNACT2	0.0322902383392133	0.686699412229089	0.795478690765775	6
OPA1	0.124461359176334	0.177350278328007	0.308220453344541	6
NUTF2	-0.0634755890992733	0.499243913771344	0.647188067458361	6
VPS26B	0.0991092750749231	0.230021959165083	0.373062968024888	6
PSMA4	-0.181430418992083	0.060483752026794	0.135192329415638	6
U2SURP	-0.0572751125704547	0.479206778858732	0.628579853524414	6
LITAF	0.162420755358997	0.0526732521573705	0.121064784031337	6
HMGXB3	-0.227617485271297	0.00634091142417944	0.0212488332679414	6
SAP18	-0.2907912023576	0.00352520239627066	0.0129135583018428	6
SIDT2	0.241249174120381	0.0166297686718166	0.0476278601016367	6
LAP3	-0.41839996343773	1.54743314970713e-06	1.38375424929313e-05	6
NAGLU	0.171388190528576	0.0704995813540964	0.152478802064405	6
ADNP	-0.291611070260875	0.00407905516109007	0.0145784966292231	6
TBL1XR1	0.659881672600483	1.21823637760512e-13	3.48600987791657e-12	6
MAGI2-AS3	0.508347033070019	2.83460605582467e-08	3.55690367138419e-07	6
CTDSP1	-0.12982686436222	0.122662923776324	0.232778391016494	6
LPCAT2	0.318207811408496	0.000171057136165644	0.000949251721479076	6
GUCD1	-0.101069677961275	0.229423444650649	0.37237578630451	6
MYO1E	0.300820193084807	0.000203964114846029	0.00109986876022871	6
CLIP3	-0.0430019697265207	0.727114165209901	0.826098258622673	6
TRIM14	-0.439624420934341	4.73956613436835e-07	4.69780941466043e-06	6
CCNY	0.366744574480684	1.98506478889063e-05	0.000139134226923149	6
NDUFV1	-0.225737820835008	0.00888414561345096	0.0281923839705533	6
PSMB6	-0.184425536425176	0.0727968489844783	0.156240815780644	6
WIZ	-0.0964057895974179	0.384242014100313	0.540360858077181	6
TRIM56	-0.011855552519453	0.921414481737661	0.952306754327326	6
DNAJC3	0.0411726498333561	0.623616385674546	0.749031446762205	6
PLK1	-1.40135761232061	2.22929677837609e-56	9.46588177218209e-54	6
ATP5MC3	-0.2570774412173	0.00570895087565645	0.0193877503550738	6
SDHC	0.256664163314926	0.00274925281858826	0.0104289379974286	6
POLR1A	-0.228577946885224	0.0448667573331897	0.106641590244994	6
CUL1	-0.163365004663151	0.0567387894851881	0.128413460452808	6
MFSD12	-0.0524116974718513	0.605651940869642	0.735035635042144	6
BIRC2	-0.00117388569941808	0.988938640009373	0.992785182919721	6
LPIN2	0.130301922924721	0.121049902594861	0.230390379967633	6
SRSF2	-0.47556539544916	1.38005532268462e-08	1.83491598106037e-07	6
SMPD4	-0.580073946160032	3.85906196637486e-08	4.66453927120223e-07	6
CCDC14	0.144928636201108	0.158449967919318	0.283341519864419	6
SEC23IP	-0.101103857906268	0.221529225158103	0.363317865780727	6
IBTK	0.341497606501699	8.39593253314786e-05	0.000505561115891241	6
EEA1	0.433991002840783	6.53123769418106e-06	5.06305546339843e-05	6
PBRM1	-0.0645002406232939	0.503733219505754	0.650700723096589	6
KLHL21	-0.732836695105207	9.02596649481539e-16	3.30943724153913e-14	6
TADA3	0.127942820885612	0.177875113475818	0.308887878454114	6
MICAL1	-0.172355305537768	0.072686784699922	0.156080937521219	6
ACAP3	-0.550613329708896	8.00432407102572e-07	7.55817200479997e-06	6
EFCAB14	0.245862886566832	0.00228679828624242	0.00889253656870717	6
KIRREL3	-0.11125440312261	0.193713103223921	0.328654524942242	6
SYPL1	0.0120356970378378	0.891884562210109	0.934849894621328	6
RNF145	-0.00761169538710471	0.929164173975616	0.957984492992953	6
TUBGCP2	-0.418359145785135	5.39657000937879e-07	5.28141643371398e-06	6
GBA1	-0.29183450290006	0.00027724212195138	0.00143392457809274	6
MCRIP1	0.289996485320254	0.00647247863496572	0.02162366402844	6
INTS11	-0.27548667209461	0.000955839785066404	0.00420371503201773	6
ARFGAP3	0.337983517329807	0.000100355635106677	0.000593699426925479	6
SCAMP3	-0.197402645933954	0.0284024448203677	0.0737463830383601	6
SMAD2	0.169864315028781	0.0513787751066313	0.118815674056322	6
USP24	-0.0171282674241082	0.875764361097498	0.925546871547681	6
GOLM1	-0.0148847360335237	0.862777118365758	0.916771863994865	6
MRAS	0.243061756486641	0.00479624825057518	0.016737278823521	6
DDX54	-0.498589071800946	3.14536089162896e-09	4.71016898936428e-08	6
MXD4	0.608957928946371	4.61704877683765e-12	1.06996853960412e-10	6
CRKL	-0.32483740004641	0.000242753408235833	0.00127916857990723	6
CERS2	-0.0746746847157135	0.370058313730732	0.525556835811289	6
IK	-0.306156880741072	0.0014239935215746	0.00593541061573351	6
SIPA1L3	-0.172872531015865	0.168541629045023	0.297029517086576	6
EHBP1L1	-0.122323295089533	0.227055437023317	0.369617946764521	6
CYB5B	-0.0878422991346904	0.323909493013571	0.479435584902466	6
PPP6R3	-0.284077549272456	0.000584879876543956	0.00274661927040603	6
ERP29	-0.031558799975188	0.735488339554568	0.831260962494137	6
GYS1	-0.265326693995398	0.0028739714200723	0.0108364611293073	6
RBM15B	0.154488361877725	0.0852494735922397	0.176049391417422	6
GSE1	-0.0467135693937961	0.693645752562407	0.800355806537426	6
SELENOM	0.485732320530143	2.89481019677972e-06	2.43323030780406e-05	6
H3-3A	0.077527688242616	0.445522429145586	0.597860305315868	6
UCHL1	-0.542520269331221	3.73739862272942e-08	4.55091379010059e-07	6
CDK4	-0.221629738433596	0.0347159448559627	0.0867931590007667	6
ACAP2	0.573211294062789	6.58510822656446e-10	1.08621277677028e-08	6
RAP1A	0.276872593154738	0.00565048931165787	0.0192289014501946	6
NCOA3	0.527374307324265	2.47395760427322e-06	2.11459116526288e-05	6
SRSF9	-0.100897314462228	0.292921306007823	0.445079435643655	6
PSME1	-0.0784023461394764	0.424458902195839	0.579475982637667	6
TIAL1	-0.0291277268441515	0.737444194376164	0.832645216209765	6
RPL38	0.474843613023137	1.86936360396612e-06	1.62956510721895e-05	6
MCM3	-0.883594166883976	2.79084956616089e-25	2.35486877175486e-23	6
CCDC92	-0.245102948151017	0.0056466860363574	0.0192242422865339	6
ANO10	0.131365060923181	0.157566040544194	0.282067427129502	6
TCF4	0.6157126348633	3.96484781341046e-10	6.76903913980828e-09	6
AEN	-0.446456201573434	1.23598049352145e-07	1.36601269825549e-06	6
PURB	-0.0439122442216813	0.615864863443514	0.742773428395361	6
KMT2E	-0.0375283394120272	0.697368862516141	0.80254411399052	6
SELENOW	0.108126010198182	0.274496330237248	0.424034173795669	6
ERH	-0.117082734886949	0.203858837731859	0.341415077261437	6
ZDHHC20	0.132500327888753	0.157348914900251	0.281832054270242	6
SLC16A1	0.385248545371312	6.17220384382794e-05	0.000384317498563421	6
SAFB	-0.447521458466986	1.1308662451478e-07	1.26685892637281e-06	6
CUL7	0.107875290379826	0.221034876531438	0.362868805161302	6
SLC30A9	0.344123885040253	3.53534904519245e-05	0.000234673724063884	6
PPP3CB	0.313409217087797	0.000125782090574565	0.000726170902733771	6
IQGAP3	-1.16666210955167	4.84600561094612e-37	6.85892170504126e-35	6
TMEM98	0.0416483148413792	0.635924643576858	0.75851859554963	6
WASHC5	0.0689856818688075	0.42928751759965	0.583570339168047	6
TBC1D10B	-0.299081797658485	0.00129042056477956	0.00546694750376354	6
PSME2	-0.444350042984537	4.06711634334732e-06	3.30874242444257e-05	6
SCAP	-0.140238271904709	0.114158813101106	0.220786432096658	6
SH3D19	0.405580701217673	4.09577129089338e-05	0.000266366786077221	6
CERK	-0.0661153303213035	0.432727740559919	0.586550844299271	6
CDIPT	-0.150988937559682	0.114435980454824	0.221127541210636	6
AP1M1	-0.410348807829679	6.76053792722544e-07	6.50504098947869e-06	6
FXYD5	-0.605196567655265	3.54038093924322e-13	9.39557143210856e-12	6
FDPS	0.414257312488728	1.54612756295244e-05	0.00011072729657858	6
BICD2	-0.0860758843577552	0.336033762621688	0.491086090528397	6
CREB3	-0.212830368004748	0.0423408053089681	0.101702923409114	6
CACYBP	-0.539787843547568	1.23414920890536e-08	1.652604886757e-07	6
FBXW11	0.17213619555501	0.0667272593080445	0.146120597949058	6
AGAP3	-0.146124280513376	0.0812813450827114	0.169934298812536	6
POFUT2	0.0123428497232313	0.889386368171188	0.933795386794077	6
PSMD14	-0.376729607313896	2.0974032888836e-05	0.00014592029329585	6
MEF2D	0.0315678761584889	0.764749255246197	0.850992852042073	6
MARCHF7	0.0875575061923672	0.288741826570514	0.440690553996142	6
HOOK3	0.396788550949758	4.89169070580802e-05	0.00031272134415032	6
SLC52A2	-0.354146097351529	0.000146610020190166	0.000828607855630381	6
ASH1L	0.180541509064307	0.149482280573023	0.271366783059131	6
JPT2	-0.412776403968753	4.37392480591187e-07	4.37380743658728e-06	6
GET3	-0.108089630561904	0.314741628490899	0.469189587296228	6
ABR	-0.221830740073874	0.019135952218593	0.0535018137326551	6
METAP2	-0.189071850237285	0.055783331734023	0.126817961246105	6
ERLIN2	0.027564594819784	0.744066778793391	0.837082363209376	6
GOPC	0.478426114324064	1.70156940778041e-08	2.23085240185393e-07	6
NFIL3	-0.643071444132182	1.45694274455424e-13	4.11539428037928e-12	6
CPNE1	-0.0177975366076768	0.827576152088434	0.895478383318114	6
CABIN1	-0.169464452667199	0.109767967503692	0.214246108578158	6
PCM1	-0.0905304914060333	0.297264498176371	0.450171719914355	6
POMGNT1	-0.0112686268658855	0.898394856172245	0.938245055368485	6
ERAP1	0.318358524674766	0.000407318734844815	0.00201713186860884	6
PRKAA1	0.0948973941368972	0.300741615299319	0.454287569679245	6
CMTR1	-0.184634848588692	0.0268627116721131	0.0705607742382894	6
PES1	-0.619063481555	4.6928668499004e-11	9.23351365399685e-10	6
RACGAP1	-0.875935502341897	4.56132761221252e-25	3.7292394633263e-23	6
RAI1	-0.227381940935757	0.0497026073729555	0.1157733889312	6
RPL36AL	-0.282983444385396	0.000660586238068008	0.00305419622468886	6
YPEL5	0.369453422041359	3.48239489272719e-05	0.000231860212306363	6
CCND3	-0.73235327092091	1.82538964859241e-18	8.67422525069381e-17	6
PACS2	0.297865614874364	0.00135846188449057	0.00572205881137581	6
SUCLG2	0.484863257990081	3.19245580890578e-07	3.27787018819241e-06	6
DHX38	-0.457942246996514	8.40669627616805e-08	9.62237765940869e-07	6
SGTA	-0.434057896863505	1.77347596811563e-07	1.91346427609066e-06	6
ATF6	0.00865170198039033	0.921638116258206	0.952463101539355	6
SCYL2	0.229848204575801	0.00720168377205342	0.0236634457043283	6
SNU13	0.0059451331888594	0.956680277547499	0.97474901256736	6
PRKAR2A	0.177361227169763	0.0424657801457978	0.101947303311898	6
PIP4K2A	0.226729037321535	0.0162010214452317	0.046627685378151	6
TP53INP2	-0.40385992350632	0.000104688365309295	0.000616648877307335	6
FYN	-0.0955299720407477	0.248838750498943	0.3944441802526	6
REV3L	0.473454806127289	2.07966767809639e-05	0.000144916176002026	6
GRK2	0.0118933803180688	0.895123390018537	0.936829862671066	6
PRELID1	-0.150385053206774	0.222820517458637	0.364799312351745	6
ELP2	0.289749110031135	0.0010565775485675	0.00458849563569583	6
GIGYF2	0.12618683337355	0.177285927088876	0.308149301237405	6
MLLT6	0.154953886884251	0.0901349931062043	0.183660513042874	6
GTPBP4	-0.50428441680017	2.98591183972025e-09	4.50212572121852e-08	6
DESI2	0.508949840789083	3.8752689326893e-09	5.70583500682206e-08	6
ADIPOR2	0.117135106954018	0.167752327369266	0.296153954554943	6
ARHGEF28	0.167726304007619	0.049228699637739	0.114963330358415	6
UBE2R2	0.0320503319181444	0.739858918224943	0.834298204454289	6
ESD	0.0376437108702945	0.683813902865255	0.793462835279915	6
AGFG1	-0.00335587735291134	0.967195909348441	0.980227883796853	6
EDEM1	0.26754490400702	0.00373984590280194	0.0136100612713801	6
TASOR2	-0.0650120980058594	0.489381315560317	0.63855335613803	6
KLF13	0.161420791239787	0.0525873397457074	0.120888430505195	6
HIPK2	-0.131556012160351	0.579257893380177	0.714080430279755	6
AHCY	-0.170028308338212	0.0704361026659136	0.152391587671174	6
MIA3	0.285643918966983	0.000578172301082006	0.00272138262298309	6
UBE2M	-0.129594977385343	0.199394049543128	0.336102265350809	6
MPDZ	0.432165506148113	8.95720444030445e-05	0.000535196014742295	6
SLC35E1	0.0962606811941548	0.257127479137604	0.404081410927093	6
HARS1	-0.315926938401096	0.000246144156368213	0.00129341138933126	6
WIPI2	0.0843168705343267	0.329212816007386	0.484139637546627	6
MOB1B	0.284895565271744	0.000975891832508458	0.0042790353735206	6
ANKRD50	0.452328358778876	8.9820124823065e-07	8.36731990832275e-06	6
SEC23B	-0.151314485475789	0.0905743095392878	0.184302331166074	6
OTUD5	-0.130813096173031	0.123321312261162	0.233626625119138	6
LEMD2	-0.0714373004789579	0.389980304901873	0.546445683779365	6
MSH6	-0.337876139146734	3.36111642806525e-05	0.000225152038384849	6
MEIS3	0.432615062444157	1.20571527131127e-06	1.09832734368652e-05	6
RDH11	0.294624288949287	0.000740210255260546	0.00336559156821919	6
SMAD5	0.312581400414662	0.000211505453843313	0.00113680942790508	6
TIMM17A	-0.319425803321908	0.000425451874531755	0.00209510775325907	6
CCNL1	-0.0781922045949913	0.3961304449465	0.552937831759039	6
FLYWCH1	0.316313135808697	0.000159385056126595	0.000892759784593349	6
ERO1A	0.31098931024506	0.000478820573179276	0.00231973323693736	6
AP1S1	-0.0945102666383279	0.304935485232696	0.458682135998604	6
SLC1A1	0.187555143742025	0.0292612139326338	0.0754486501459859	6
TCERG1	-0.14109259208325	0.0936040755433527	0.189119024770092	6
TEX261	-0.297471614740186	0.000282666750594063	0.00145854270406493	6
HS6ST1	0.0027097096652898	0.976607151370252	0.986121504563257	6
OSBPL1A	0.445409522978389	2.4560302223022e-07	2.58216659873513e-06	6
FJX1	-0.903719315600418	6.55812220178982e-25	5.29598543203432e-23	6
KDSR	0.274580671588031	0.00153754539530808	0.0063285522321577	6
AK5	-0.191562088651088	0.0366293876579798	0.0906131610114617	6
MAF1	0.312116906918313	0.00279713976973274	0.0105892294475099	6
UBE2A	-0.106937056400608	0.242198803005346	0.386806945396672	6
SART1	-0.496822170589033	3.72552017722566e-08	4.54213149953123e-07	6
UAP1L1	-0.447138295592974	8.99624807996807e-06	6.73976172319976e-05	6
MCMBP	-0.266015611420005	0.001889175200927	0.00756302103704443	6
TBCB	-0.129645332658759	0.176652955737654	0.307363427836769	6
NCAPG2	-0.634613488647698	8.02572407889257e-14	2.31672381689612e-12	6
PTPRA	0.0561785883371134	0.506140324904203	0.652721181220145	6
NUP50	-0.300784174667856	0.000484190383990101	0.00234229989873638	6
RABGAP1	0.350616022047209	7.85183950237401e-05	0.000476724000782976	6
TGFBRAP1	-0.129039744472259	0.13247811414595	0.247454153044295	6
NDEL1	-0.00938153743070629	0.912687499783767	0.94752784601733	6
CRAT	0.00160833906138166	0.984748529717734	0.990770075416536	6
ANAPC11	-0.0641301534327207	0.507425504926402	0.653674096823863	6
ALDH1L2	1.83143175092336	4.88616368663485e-58	2.14388575357248e-55	6
ENSA	-0.17941841979347	0.0581272705058361	0.130679634785366	6
AAMP	-0.301041284411117	0.00139923207353715	0.00585444748377924	6
AMPD2	-0.295699700012874	0.00140327913525278	0.00586578699820016	6
ADRM1	-0.52687485912507	5.95229164892323e-06	4.655378192203e-05	6
LSM4	-0.417537438120547	1.3147419001948e-05	9.54021368923048e-05	6
RCN2	0.237642413676407	0.0105226986638914	0.0325294228541105	6
WDR13	0.0736918788053144	0.394456694626608	0.5509585602048	6
DDA1	-0.20012343749557	0.0188905342265846	0.0529731789570799	6
TANC1	0.238789648577144	0.0190225461753267	0.0532526106562793	6
ZDHHC8	0.0019163968692756	0.984359173992359	0.990605489851791	6
COL13A1	-0.284793408448448	0.00152253217314749	0.00627067928508773	6
NBAS	0.411789531695773	1.84998384702336e-05	0.000130640221986956	6
PPP3CA	0.403689689586154	1.38407747642955e-06	1.25127828449465e-05	6
ATP6V1F	-0.107842902667292	0.351072095142812	0.506984310297842	6
PACSIN3	0.324721535111513	0.000551377216191075	0.00261541560242275	6
CEBPB	0.391562414563804	8.05164631852141e-06	6.09803339992505e-05	6
STK38	0.150408416551731	0.104928025999475	0.206792574671522	6
SLC4A7	0.259811085317014	0.00758498117351379	0.0246703996014238	6
HIF1AN	-0.0460694436453008	0.619502682711448	0.745862417683233	6
MIDN	-0.236611767519088	0.0110835394818212	0.0339601094504686	6
SH3KBP1	0.0397802698999132	0.661412618678221	0.777535326647088	6
ORAI2	0.321212538258832	0.000123546813256927	0.000715462693753159	6
RAB35	-0.272005380021236	0.00165954230720713	0.006775151955529	6
CLASP1	-0.0096954724344713	0.924313354586404	0.954215364901141	6
TOLLIP	-0.107196665671203	0.210197360754684	0.349222566978273	6
ARFGEF1	0.0397352484055452	0.669652217004446	0.783035634043664	6
CLCN7	-0.269837771708445	0.00470168658353913	0.0164421627255913	6
VPS35L	0.0227759360908638	0.786797341874257	0.866662210133125	6
FUBP3	-0.0650124723808613	0.43758384666221	0.591088654953419	6
SLC6A6	-0.664041541175989	1.71190697268964e-10	3.06166188607524e-09	6
MAP3K3	0.136874947172809	0.0999480580357006	0.199181083840069	6
CLMP	0.171577911374008	0.0354679354016703	0.0882708326133837	6
PRPF19	-0.453852339998972	1.79912047318049e-07	1.93954322591931e-06	6
SF3B4	-0.736688091503631	4.80165373943959e-14	1.44963688468448e-12	6
IMMT	-0.198068289893164	0.0230189809461926	0.0621408626322257	6
GNA13	0.0968176381950803	0.268421248425132	0.417097024320625	6
USF2	0.179744673140003	0.0623438681219552	0.138409906576032	6
KIF20A	-0.976037737897784	6.53567980041303e-25	5.29598543203432e-23	6
ATF6B	-0.334582320051648	0.000385912640078657	0.00192415457627097	6
PPIF	-0.779160952102987	3.77271467364002e-20	2.06917680204681e-18	6
ENTPD6	-0.428657891033429	6.21500910003268e-07	6.01088646463851e-06	6
RABEP1	0.145511976629973	0.0804626768126062	0.168463530282223	6
ZSWIM8	-0.0787832100367614	0.396235050809246	0.552937831759039	6
TAB2	-0.0210949099645122	0.802205707054853	0.878123386441832	6
IDS	0.0565787858250849	0.552789210389108	0.692657246677947	6
TCF19	-0.746244862872439	5.78251654475078e-17	2.40111246935503e-15	6
MED24	-0.410969862637515	1.7869637750097e-05	0.000126529339270859	6
SMC3	-0.392185771584127	2.39364898746533e-06	2.0499415499028e-05	6
SUMO1	-0.116392974240253	0.257674919357894	0.404649840552131	6
WDR45B	-0.150751426217001	0.0755499243084545	0.16096854219362	6
FASTK	-0.117303980497566	0.220095455198895	0.36182296450394	6
CTDNEP1	-0.376221945199425	5.33609238222193e-05	0.000338344615458886	6
NACC2	0.378233118031827	7.87256872635842e-06	5.99344257634794e-05	6
TPRG1L	0.11807469914879	0.228505510106966	0.371381408758859	6
RANBP1	-0.281395269263638	0.00309176595287702	0.0115354068134128	6
NOLC1	-0.381513329432195	1.91280242236424e-05	0.000134787035790045	6
GNAI1	0.0733327982446966	0.432593135708175	0.586428779127365	6
TP53BP1	0.281226216857752	0.00715893675279837	0.0235464978703361	6
KDM3B	-0.169312514321092	0.150509865227823	0.272624378146942	6
MTND2P28	0.117348453495957	0.225216232190536	0.367669758690812	6
TXNDC15	0.176106903256378	0.0422529461518254	0.101533981469861	6
WNT2	2.17350521958991	1.7492932696736e-115	4.60518946174272e-112	6
SELENOS	-0.139848989312842	0.123642968873605	0.234107076997018	6
TERF2IP	0.16095607603339	0.067066475058151	0.146716970448802	6
XRN1	0.356007058605863	4.73225579819562e-05	0.0003035608336825	6
PPT1	-0.1280083168174	0.137017621442461	0.253594340698414	6
TEK	0.39033741618111	2.2190684674216e-05	0.000153411755444698	6
TCOF1	-0.640712971331034	1.48645889933541e-11	3.16606124465244e-10	6
FAH	-0.194879959628649	0.0367081998745597	0.0907910625608474	6
HDGFL2	-0.0888073288686635	0.334986875066828	0.490070042952074	6
CNIH1	0.210104371177338	0.0162061582165951	0.046627685378151	6
STING1	-0.341567650566434	7.73436352792343e-05	0.000469808154674924	6
UBE4B	-0.079001302850823	0.405317800883584	0.561363448340764	6
AKAP9	0.376690757272597	0.00208434717512683	0.0082242991205619	6
FBL	-0.390793545662399	8.09896671018004e-05	0.000489920490836856	6
ARLN	-0.0476238423233408	0.614323557223563	0.741458003276523	6
RPS6KA4	-0.377990434620544	0.000155462926986415	0.000873392448963801	6
EEF1D	-0.22316780092707	0.00782711467260513	0.0253514543394442	6
ABLIM3	-0.503263812815546	1.82403912478351e-07	1.9647976268024e-06	6
NUP58	-0.159378576340736	0.0542483266532517	0.12409988247076	6
TSN	-0.0283836252740467	0.762472890673016	0.849249505832536	6
SCAMP4	-0.372801119653597	0.000190183603257135	0.00103831885925909	6
CCAR2	-0.410147985684018	8.68395925293152e-07	8.11839173624557e-06	6
TNPO3	-0.191884191031657	0.0281220002215912	0.0731998627392846	6
UPF3A	0.0174629107223937	0.842019834927064	0.903731862676404	6
FEZ2	0.215885873627424	0.0125952490009519	0.037825978233979	6
TASOR	0.335873139147847	0.000197017137344029	0.00107074177492133	6
PURA	0.0268172853354599	0.759656316965455	0.847263991449708	6
ZRANB2	0.117887454659078	0.16233925733514	0.288688414523432	6
TTL	-0.00133141142557626	0.989618991099869	0.992944708071586	6
VPS26C	0.0415644394823875	0.626453341369805	0.750797171305722	6
SP1	0.0540390553688111	0.549581913912396	0.689820418883272	6
URB1	-0.187258682513352	0.0751706152907788	0.160368040368318	6
FAR1	0.225098114148112	0.0117884096309068	0.0357271118087129	6
ARHGAP11A	-0.823715887195666	5.5996838524105e-23	4.02779445624478e-21	6
FXR2	-0.0213949010273934	0.797186922997612	0.874666288857011	6
SNX12	0.00196445279159969	0.983925624995248	0.990472086403522	6
SNX8	-0.419606345083816	2.27457904909712e-06	1.95050710249286e-05	6
PSMD6	-0.305933063703977	0.000339044052852241	0.00171252374048122	6
NDUFS2	-0.149471200517074	0.110541614783552	0.215341020481855	6
PTAR1	0.291875201662974	0.000603396985455758	0.00282551210229603	6
CAVIN3	0.0317989139179139	0.795070258592205	0.873243913889488	6
HDAC1	-0.368873647387991	1.97886247687806e-05	0.000138891106293144	6
RHOQ	0.753166586234899	7.95127729592568e-17	3.23032910636635e-15	6
IRF2BP2	0.158249106777821	0.0761909153600996	0.161888784323647	6
PTGR1	-0.411387930311297	2.00491740488122e-06	1.73851961794805e-05	6
EDEM3	0.281704863713389	0.00159803573703749	0.00654886189496404	6
CSTB	0.00390687434147026	0.969143338096449	0.981370394596782	6
ADAMTS7	1.30843869749173	3.68767232478124e-23	2.72488861982872e-21	6
C1QBP	-0.252534412809161	0.00900040325824952	0.0284994727179067	6
SH2B3	-0.212093213774514	0.0137229810695238	0.0406284482887826	6
RAP1GDS1	0.207501608520509	0.0128995732502488	0.0386253600302606	6
INTS3	-0.216174430328538	0.0312824191622828	0.0797695628502766	6
GABARAPL1	0.896775452554614	6.03774162956221e-22	3.83936198405446e-20	6
GGNBP2	-0.0923992456811419	0.273860871203332	0.423151854401862	6
STX16	0.060959542503238	0.516919030923469	0.661244431880041	6
PCMT1	-0.172403409280888	0.0727736663314673	0.156238884258769	6
KRAS	0.136872372845503	0.15984681127376	0.285064839018629	6
GNL1	-0.111152396252087	0.195854406619481	0.331323937068787	6
RPS21	0.109241328258489	0.332094682991079	0.48722272762055	6
ANXA4	0.165071069892508	0.0717414194177656	0.154555205203936	6
DAB2IP	-0.096821042723599	0.341409179470001	0.496680927206413	6
MICU1	-0.0632916295196025	0.478367592855178	0.627672071939195	6
KIF11	-0.859193456539367	2.74682353844181e-22	1.79882777296067e-20	6
CUL3	0.179445533055331	0.041051959915967	0.0992938690198875	6
CPNE7	0.0373482232679312	0.713861904661356	0.814754552246374	6
HSD17B4	0.315333415308952	0.000311347022011111	0.00159093977124699	6
COX8A	-0.209366080469028	0.0407581378613241	0.0987482732686562	6
MOB3A	-0.371340620896366	0.000645951522572699	0.0029907351008176	6
ZMYM4	0.114248856834226	0.181604367234369	0.313461616300288	6
RBBP4	-0.0301214098176628	0.731749072960279	0.828996834806789	6
GPAT4	-0.328384920775447	0.00011503219319989	0.000669689853644472	6
SLC2A10	0.540046697540069	1.17240923255614e-10	2.14637311935138e-09	6
EMC7	-0.144384938703333	0.120428356387831	0.229539307143502	6
VKORC1L1	0.109734414874645	0.23119085094933	0.374497313690134	6
TSC22D4	-0.290572124822575	0.00177706168983916	0.00718852582155898	6
MON2	0.421147171308067	1.19827454077792e-05	8.75784996127692e-05	6
DIDO1	-0.498883779586066	4.37356534588848e-06	3.53402336696931e-05	6
ITFG1	0.295754958314118	0.000627671088339206	0.00291609744758036	6
UBR3	0.399657529324207	1.87777369482786e-06	1.63581304732092e-05	6
TPRA1	-0.0157174959500155	0.866154792951665	0.918682833243853	6
STK24	-0.186940206379297	0.0271715709778201	0.0712610856308122	6
DOT1L	-0.381142473640554	0.00649254924546789	0.0216742139787202	6
ATP6V1D	-0.140302620992877	0.139136954727372	0.256471045382495	6
SPPL2A	0.194020798529008	0.0320527041628439	0.0813398683408848	6
SLC5A3	0.0455219718652488	0.664381973588075	0.779141849159327	6
VPS18	-0.508473723108208	8.71576795535148e-09	1.20636859722704e-07	6
RBPMS	-0.216627015053087	0.0158368313169429	0.0457350176886615	6
CACNA2D1	0.0559099429925527	0.506541222939045	0.653046240699965	6
GTF2F1	-0.249654914764399	0.00302548609779258	0.011316985934994	6
AP3S1	0.314240411815168	0.000366331501938106	0.00183626106626477	6
SFXN1	-0.145764820001241	0.0966708879982242	0.194093791751163	6
EVI5L	0.211980046054951	0.0148217989679734	0.0433843317356979	6
SREK1	0.121460623991038	0.190157525552172	0.324312452558077	6
HIVEP2	-0.351275060523675	0.000814924448583341	0.00365604993752642	6
MCM6	-0.175305233000746	0.038474984648511	0.0943541304209437	6
FAM91A1	0.154521749793877	0.0910348486034522	0.184950102202075	6
WDR11	0.222432264235045	0.00726418403550104	0.0238153062165131	6
RHOT2	-0.283751105179825	0.00938288341281272	0.0295047525950439	6
GTPBP1	-0.237779866983376	0.0059280803140486	0.0200460183517236	6
PKP4	-0.344889032576962	0.000195223101258451	0.0010631864633285	6
PDCD11	-0.444408102687546	1.70051320589118e-06	1.50834604643839e-05	6
EPS15	0.60320912010512	1.22690305239981e-11	2.63884393443443e-10	6
ELAC2	-0.510600006417482	1.142979946213e-08	1.54529787041409e-07	6
JPT1	-0.312550010956053	0.000178259422065013	0.000982591613334071	6
RXRA	0.0598798734389521	0.534443293481181	0.676745721519298	6
SRGAP1	0.0844793721872957	0.506465022795723	0.653011959551387	6
WBP11	-0.462781556998395	7.91544751320526e-06	6.01123896400639e-05	6
CPSF6	-0.197880535414742	0.0210598259419879	0.0576934667353589	6
KIF3B	0.155581823255195	0.0764828044290143	0.162377928177277	6
GLT8D1	0.313808684348818	0.000526364560544914	0.00251307098674382	6
MYBBP1A	-0.594464890631649	8.2506718354044e-10	1.3457694345654e-08	6
TRPM4	-0.00476375403562649	0.967429199124157	0.980313360128659	6
FARSA	-0.378361063971252	3.66067517280847e-05	0.000242138026631547	6
UBE2G2	-0.0501698637383962	0.558958202583541	0.697399698635749	6
ZC3HAV1	-0.0771888483309671	0.371203820399457	0.526809260152889	6
SKIL	0.680534208715218	1.30140745514156e-14	4.19863390490892e-13	6
VEGFB	0.271404737445515	0.00254622718603015	0.00974868773988217	6
TOMM70	0.012465963251177	0.893657529700341	0.935965472903055	6
OXA1L	0.0803188682796155	0.385466866979252	0.541570753468385	6
SLC25A39	-0.125891761738393	0.16955910000031	0.298343327536971	6
CUEDC1	-0.228447077960927	0.00836287500046979	0.0268306688413097	6
REPIN1	-0.275893494811218	0.00434983000819098	0.0154227449639872	6
VPS26A	-0.0413212444419383	0.662295701579471	0.778030900857516	6
FLOT2	-0.109974047299099	0.24728952155293	0.392895086651735	6
VPS13A	0.556092783721835	2.01703804422784e-07	2.1498195770179e-06	6
ARIH1	0.258027049025287	0.00284755623009058	0.0107522612325537	6
PCBP4	-0.170876312989175	0.0864362053698567	0.178053172344824	6
PSEN1	0.0567947709929843	0.510218891808372	0.656116771480423	6
IER3	0.308713455426288	0.00183252352504786	0.00738338143869147	6
PSMB3	-0.284457438892184	0.00750266434492625	0.024443281349798	6
PARD3B	0.509083370591052	2.82460457938172e-07	2.93683017996853e-06	6
LIMK2	-0.0868170809251538	0.295619615354235	0.448248012545536	6
TRHDE	0.19069193721685	0.0277866681204424	0.072570617553449	6
CNOT7	-0.0858229637236243	0.33293037415805	0.488013643100491	6
RIF1	-0.120468663163915	0.206084167392495	0.344118469540455	6
RLIM	0.155984020930276	0.0890067595988809	0.181963896987121	6
ADAMTS5	0.255955614457082	0.00342896683524777	0.0126217814464112	6
FIBP	-0.154050819773703	0.148917590071564	0.270484647179799	6
AIDA	0.163715738148155	0.0507391396512036	0.117651478014389	6
C5orf24	0.266841172333899	0.00524417615747498	0.0180515404709318	6
RC3H2	0.337899875031655	0.000112224848265874	0.000655084557748868	6
SEC24C	-0.146774527687885	0.134016927172303	0.249443553785213	6
KDM5A	0.257290779958657	0.0193073405471886	0.0538551649973816	6
PHB1	-0.232157276255945	0.0609405758789739	0.135982505559406	6
AREL1	-0.0401946541523339	0.636886790292414	0.758879408040105	6
CCDC47	-0.00958041023949172	0.912104988774736	0.947446177970475	6
PDHB	0.176391233346952	0.0721486996861328	0.155229377896137	6
LANCL1	0.571023659679838	4.31432812195042e-11	8.5526357031978e-10	6
ARMCX2	0.403853881361213	5.87945087398469e-06	4.60387934885547e-05	6
RNPEP	-0.305852148916921	0.00039668649405301	0.00197189740227333	6
DENR	-0.0942545987942967	0.299337036605931	0.452737379391459	6
PRKCI	0.830082616385147	1.03597717792046e-22	7.13956418479949e-21	6
UBXN7	0.463293815666477	2.8902730105637e-06	2.43096892255911e-05	6
EBNA1BP2	-0.524795741756858	9.60100175969398e-09	1.32056411873408e-07	6
HIPK1	0.0741818760966947	0.404359131868944	0.560625579607217	6
NUP153	-0.48786214033405	1.21108788461375e-08	1.62668875767049e-07	6
VDAC3	-0.338754534353312	0.00171323638228336	0.00696028719135674	6
RTRAF	-0.123545294502956	0.139282474068583	0.256631467828213	6
FEM1B	0.445231925639301	2.96658747798557e-07	3.06749339927133e-06	6
LDB1	0.107634092900698	0.22455432605144	0.366816653489092	6
SYT11	0.177722493632943	0.0594876800132162	0.133305470210072	6
AKR1B1	-0.443483570405325	4.58685277620663e-05	0.00029466443676529	6
UBE3A	0.257146414879314	0.00685746563698237	0.0227195620890005	6
STAG2	0.175854159734674	0.0656755788813868	0.144489014553433	6
PTPN1	-0.399619572471001	2.52178295739444e-06	2.14988530234346e-05	6
TGM2	-0.67235779883758	1.54705161048933e-13	4.36056538519722e-12	6
MARK3	0.26414897159336	0.00180079017461683	0.00727780198602435	6
MESD	-0.0829431481201828	0.326550881526009	0.48166620949427	6
ATIC	-0.169548857223075	0.0478491068985434	0.112350658955677	6
USP48	0.249122821086365	0.00270082452218806	0.0102638027533555	6
FHIP2B	0.0214184565167003	0.819869981737024	0.890605227244735	6
RAC2	-0.70543014044297	2.30098145734414e-14	7.21138545786211e-13	6
TRMT112	-0.118978197076811	0.180736692739374	0.312373567033664	6
RYK	0.417702579429321	2.55600408294324e-06	2.17483398473057e-05	6
RAB21	-0.0127558003033395	0.88786075838771	0.932863279267036	6
MKNK2	0.933468373047262	9.05748926549786e-25	7.18215248203303e-23	6
DCAF6	0.0999510795791629	0.234008175895428	0.37797113697662	6
MROH1	0.114051024059468	0.289386701207007	0.441185678479018	6
SPTLC1	0.159894223692561	0.0718580144943395	0.154730417927203	6
FCGRT	0.418649525302639	5.80594143245084e-06	4.55173359591128e-05	6
STAT5B	-0.0335604448472683	0.727728734363159	0.826425099682708	6
FAAP100	0.0275110665188115	0.758175250556558	0.846215358800811	6
MRPL3	-0.0786794442993744	0.451722879654777	0.603753618719385	6
VIRMA	-0.0396659340429643	0.633750177051967	0.75664885084218	6
TSC22D2	-0.125442911132037	0.196987816493593	0.332899040763278	6
PPP6R2	-0.130061160935651	0.121692356860868	0.231282718153198	6
YTHDF2	-0.290135412574762	0.00125855625959025	0.00535435554136603	6
FAF2	-0.282144308450284	0.00140204069963723	0.00586433483613755	6
RBM5	0.0615010636316084	0.515977260339531	0.660578181923396	6
CPSF7	-0.396738275968556	2.61492772250348e-05	0.000178158869623775	6
PCYT2	0.378127173826899	4.29115465269425e-05	0.000277974747506961	6
KCTD9	-0.145431546051358	0.0977959508153646	0.195892840934578	6
KLHDC3	0.0367439472327853	0.677879859306596	0.789430468729781	6
ZDHHC2	0.268741282362351	0.00271675997419279	0.0103159979357508	6
DICER1	0.232709124228842	0.0411939420705375	0.0995476151045503	6
RNF114	0.00864371397431885	0.922279292731622	0.952976083697805	6
DLG1	0.540842363870421	5.27015410541884e-10	8.77004279262051e-09	6
TRPM7	0.318224583409569	0.000992644768460606	0.00434978539778002	6
NDUFA10	0.00697688903096379	0.936445767705544	0.961990678336347	6
FAM168A	0.357452762179143	0.000661186721126975	0.00305482653920477	6
VPS13D	0.290790274063131	0.240565211421656	0.384993200091614	6
MYO6	0.481831201887027	1.42045504019784e-08	1.88672549890253e-07	6
MID1IP1	0.285805118415764	0.00113350749751901	0.00486480573519489	6
FAM171A1	-0.294219615853847	0.00275710226832729	0.0104526892736152	6
MOV10	-0.457081419067689	9.99184671432582e-07	9.23614313909205e-06	6
NUS1	-0.0399270737698628	0.659176783555939	0.776243241166468	6
TLR4	-0.0770132927152403	0.36731989881641	0.523201908041842	6
LUC7L3	-0.133894627652044	0.140808907884906	0.258755780327938	6
UBE2I	-0.164777751761749	0.0541909139210693	0.123990092115946	6
ACO2	-0.145583088771108	0.0847425077445342	0.175249902504525	6
CD2BP2	-0.235580762548254	0.00771825902126265	0.0250481862664892	6
RAB3GAP2	0.288141632039429	0.00137731134046439	0.00578295029490678	6
SCAMP2	-0.46750506080612	1.54322629540465e-07	1.68158010980227e-06	6
RTF2	-0.165420761511848	0.0723083732960197	0.155445879094481	6
FAM3C	0.330308843475686	9.03295319568564e-05	0.00053947714571148	6
OTUB1	-0.330665105687051	0.000484756907276499	0.00234406066147715	6
SRPK1	-0.166846901819214	0.0518113407658514	0.119532267434852	6
FOXL1	-0.0703249456876392	0.39992657196918	0.556237686689594	6
EIF4A3	-0.286687706853812	0.00138619370660012	0.00581282821279942	6
PDLIM4	-0.0631313433056682	0.500922222742074	0.648214630156697	6
ZNF703	-0.552645237035502	1.45025816120856e-08	1.92049780442538e-07	6
ZNF638	-0.1508609223142	0.100958917007237	0.200652608269102	6
ASAH1	0.408626142822549	3.82398838448716e-06	3.1381021885913e-05	6
ZC3H7A	-0.190447639920632	0.0284903648422688	0.0739244376934328	6
AP1S2	-0.217529231169892	0.0181722646625807	0.0512208821742076	6
VPS51	0.30610948548718	0.00294673881184587	0.0110696127226961	6
STK11	0.113958353851291	0.206931973007869	0.345043403249175	6
ZC3H13	-0.0747613006990283	0.421000649323234	0.576113062380884	6
BCL2L1	-0.250226207941467	0.00379795186573053	0.0137796142250857	6
TMED5	0.065600553084791	0.485262586410419	0.634436971088632	6
MADD	-0.180368114363383	0.0489616929388263	0.114475278315013	6
TNS2	-0.315962499176405	0.0163357828418554	0.0469698360741247	6
MYD88	-0.237101251585075	0.00660238332848815	0.0219906811115611	6
COPS8	0.197259469412705	0.0372776507607844	0.0919575931342214	6
USP4	0.0669660840315758	0.42437047231252	0.579459390772791	6
POM121C	-0.622410705888316	0.0226665192048234	0.0612521848271589	6
WASHC2C	-0.107758736334705	0.152109978697675	0.274860429582408	6
GK5	0.398458076685685	5.71971281122941e-05	0.000360060161330525	6
NASP	-0.53782524524431	5.17757113326554e-10	8.67078483806288e-09	6
ATP5MC2	-0.0154323164330501	0.885112328099945	0.931239195490334	6
QRICH1	-0.309502869986504	0.000293637788585888	0.00150982586373283	6
KCMF1	-0.0546506309257916	0.563899672021587	0.701371197469541	6
CTBP2	-0.100757940964503	0.231424223943175	0.374783102825297	6
TSEN15	0.27345617125916	0.00623975258443685	0.0209578625335397	6
CLUH	-0.66971277832706	4.16229298246965e-10	7.06945322945136e-09	6
SPRED1	0.126573243935798	0.140630353429215	0.258572055061987	6
SLC25A24	0.0351698576317147	0.710072071644358	0.811892603188981	6
CHLSN	0.0680721342996744	0.546722181288155	0.687739303545106	6
LLGL1	0.0322373585692918	0.719608574273008	0.819780898727618	6
SF3A3	-0.329220084611012	0.000160820979545166	0.000899272112894231	6
LARP6	0.273559227956589	0.00450481463444098	0.0158547794206274	6
TBC1D20	0.0437565426442337	0.629414020904997	0.753111240539267	6
DROSHA	-0.280296912278182	0.00965066161139921	0.0302528361016546	6
TXNIP	1.70103618934644	6.46182341108603e-77	5.67046543734169e-74	6
ARHGAP5	0.713401840575862	2.21308602186389e-15	7.75434273888609e-14	6
MED14	0.0399645876441071	0.636003713045429	0.75851859554963	6
PPRC1	-0.798071663216304	5.4353375145631e-11	1.06150367513641e-09	6
GNPTAB	0.249499295451585	0.00377337002501378	0.0137093209051218	6
ARHGEF7	-0.193641986156034	0.0622002045922467	0.138184184480632	6
KLHL36	0.535221756400745	9.61531025564874e-09	1.32115165861278e-07	6
DUSP3	-0.174882290889278	0.0378877848147279	0.0931310759134012	6
CDK13	0.250123504192151	0.00299258712349236	0.0112130442090891	6
COX7A2L	0.22949821500098	0.0551008944815402	0.125700706076345	6
SHOC2	0.193007164572949	0.0451359977114875	0.107184762380716	6
TOR1A	-0.31566652225727	0.000703019085924009	0.00322599790825789	6
KEAP1	-0.254331544872353	0.00670855025742071	0.0222710333009909	6
USP36	-0.81551753348724	3.00048038122703e-12	7.1420114390762e-11	6
AHSA1	-0.313748897847055	0.00119007110764292	0.00508105935449359	6
KMT2A	-0.138026815606578	0.586676607475082	0.719569901620807	6
TSPAN17	-0.0755016960770793	0.4354893114748	0.589438872961141	6
APEH	0.148891948976621	0.157198036732053	0.281638458895333	6
CNDP2	-0.443230913535845	1.19445659264589e-07	1.32456883984817e-06	6
SMARCA2	0.031073217227598	0.744579744310195	0.837271832285918	6
PPP5C	-0.277653750431228	0.00191121101792978	0.00763266705977235	6
CARS1	0.380514314393373	1.87761210202177e-05	0.00013252015066441	6
CCDC71L	0.0766799915900901	0.396286560206989	0.552937831759039	6
KANK1	0.278414963705057	0.0018956352161436	0.00758196485873542	6
MOGS	-0.065877706574612	0.500273736800235	0.647630133507228	6
IP6K1	-0.259771474232681	0.00244986353926306	0.00943553038930578	6
HECTD4	0.0551697101834193	0.88935093467021	0.933795386794077	6
NAA15	0.0873662585967981	0.306431086075838	0.460251796287782	6
AK3	0.446658368423362	7.04327251911438e-06	5.4407626859802e-05	6
IREB2	0.307934966436857	0.000633625325345739	0.00293986963606837	6
MDFIC	0.0577197590313819	0.557864045231047	0.69643061716391	6
GNL3	-0.313206050835366	0.000293279611008214	0.00150857347389649	6
SNX33	0.123951537234343	0.180197791324424	0.311769653943663	6
GNL2	-0.541210426500222	1.46541092750395e-09	2.3045644012825e-08	6
LAPTM4B	0.217625077699115	0.0179159290093412	0.0506719754082421	6
LRP12	0.550984250909875	1.13159253478374e-09	1.80986057537768e-08	6
ATAD2	-0.577340125643946	5.16459009254133e-12	1.1781888975411e-10	6
RNF40	-0.430107029678296	9.81870530856699e-07	9.08886202367562e-06	6
ARID1B	0.0960366076796931	0.421993717772303	0.576932208873788	6
CLOCK	0.211312820058412	0.0243738568013902	0.0649985974628645	6
PRP4K	-0.261875881482084	0.00230529352610181	0.00895120315164546	6
DYNLT1	-0.0577321456104788	0.595917087976875	0.726839939681209	6
CIT	-0.813159851045274	3.48892542388071e-11	6.99006474193939e-10	6
PGM1	0.653922961989977	7.10753578635693e-14	2.06983392822602e-12	6
CHD9	0.12379949538108	0.262668117877686	0.410203152798942	6
RIC1	0.360111033893815	0.000189116778333496	0.00103335166176995	6
ADCY6	0.116179827875407	0.322052214668142	0.477391098021587	6
ZNF469	0.236248894760708	0.444806145063511	0.5972035176939	6
SPRING1	0.110304485181493	0.192205548122998	0.326958080892093	6
ARHGAP22	-0.216541722661254	0.0119450456712261	0.0361288226494369	6
WTIP	0.207013506298066	0.0241058051598105	0.0644453329890574	6
MAFG	-0.341776483277869	6.21564562124176e-05	0.000386473988249435	6
ALKBH5	0.10853265082709	0.250761527193478	0.396775331463847	6
LNPK	0.306565935902205	0.000963467613830995	0.00423160633995909	6
NYNRIN	0.233410551856693	0.0436263222907006	0.104144592004442	6
TMCO1	-0.0629532652126251	0.540212034065003	0.681438524618844	6
DCTN4	0.331680104324117	0.00024321720361646	0.00128058722048139	6
PHRF1	-0.487068021536538	3.00047634217301e-07	3.10009969325144e-06	6
ASAP2	0.330249293009076	0.000182785749380504	0.00100417730346226	6
GART	-0.0894965988652039	0.309037503559776	0.463098891092593	6
GGH	-0.211530447389114	0.021904397263989	0.059547208010303	6
VPS13B	0.457713397298839	2.03820978122761e-05	0.000142479847850765	6
RNF26	-0.419200201426852	7.41716460536437e-06	5.69615739208934e-05	6
COPS2	0.150352545842817	0.142776116036529	0.261718200958179	6
EIF4E2	-0.014376068721566	0.878785034363697	0.927398974370988	6
TMED4	0.151494947943988	0.0765983033897903	0.162570697761982	6
DGKI	1.05409576718402	1.67260697501318e-23	1.2580871778342e-21	6
FTSJ3	-0.355633081789189	0.000152430696878781	0.000858188735250381	6
FOXK2	0.0146702056742121	0.863080327297397	0.916905045930862	6
UBE2J2	-0.505306702038051	1.57877349943127e-08	2.07813955730138e-07	6
AP5Z1	-0.619815647699799	1.15539698815732e-11	2.49319517296963e-10	6
TTC17	0.253048670005411	0.0043593056578982	0.0154500647213015	6
TOR1AIP1	0.098137365121142	0.310928755049531	0.465191543841439	6
RASA1	0.216202831725017	0.0139092171975342	0.0410877526865222	6
VPS53	-0.0393224166197702	0.741302525332236	0.835279497755398	6
COX7C	0.316359748018624	0.00188151869519715	0.00754384117724034	6
ATP6V1C1	-0.188346210209539	0.0464174501236425	0.109772349259344	6
DGKZ	-0.340811631834445	0.000238704462580457	0.00126339639764638	6
SENP6	0.402982478653426	3.18918773878439e-06	2.65859899972254e-05	6
CAPN15	-0.435411690444486	2.91316584592805e-05	0.000197050370143633	6
PLCD3	-0.0108924500648982	0.897898838344202	0.938215591346274	6
NRSN2	0.279695777801237	0.00128183388201749	0.00543756989655053	6
MIB1	0.678822996790373	1.82316330299386e-15	6.45115552615811e-14	6
NSUN2	-0.415417483880588	7.72718690700455e-06	5.89640355112469e-05	6
ATP6V0B	-0.328974615658063	0.000736464646031155	0.00335203462507195	6
CTR9	-0.238869716657868	0.00493616083884747	0.0171346743464529	6
OTUD4	0.0789278346383647	0.369035321867222	0.524618729885407	6
MAFK	-0.235178062204883	0.0155095701133621	0.0449972385722251	6
GLRX3	-0.226317550744397	0.0143897827660933	0.0422890624135045	6
RASSF1	-0.182185772010561	0.0393521399970448	0.0960489929132395	6
NECAP2	0.101979682518295	0.270872614645857	0.419914759932095	6
HSPA13	0.632347077126624	2.82252444582198e-10	4.92052977739553e-09	6
EXOSC10	-0.575515443229687	2.44566481018982e-11	4.9833259901747e-10	6
SERTAD2	-0.035342797049512	0.722934764971935	0.822406901398084	6
EXOC4	0.316963977887849	0.000237926530901182	0.00126029252565483	6
SSC5D	-0.101814738758448	0.782740787201839	0.863494550950202	6
NAGA	-0.172775167520516	0.0483282285391682	0.113253422157926	6
RRAS2	0.173649355967188	0.0822334413206699	0.171326177287746	6
UBL5	-0.0277944376561612	0.790627068667544	0.869646092275687	6
DOCK5	-0.0867830045034553	0.475012378894645	0.624821419345479	6
PTOV1	-0.335176691730193	0.000189111916278739	0.00103335166176995	6
FPGS	-0.0184172035220742	0.836168430888598	0.900473292627556	6
RNF150	0.46328665500929	1.81917961330898e-06	1.59320434131644e-05	6
PTPN21	0.210253084614064	0.0301008802908627	0.0772354556079193	6
XPNPEP1	-0.028862506154023	0.735628430320547	0.831260962494137	6
BOD1L1	0.00162787360249226	0.987395506457855	0.992068319327131	6
BOP1	-0.612021553173864	7.09063277918682e-09	9.97158111885001e-08	6
PLEKHM1	-0.221438189609935	0.0322538934564437	0.0817086219336353	6
DRAM1	0.312443174875537	0.000520311941056388	0.00248605740455537	6
NIPBL	0.0347875510609932	0.718749153938687	0.819054204250276	6
ADAMTS6	0.508832148965346	8.55306783200645e-07	8.01880568893881e-06	6
TLCD3A	-0.222414258113412	0.02536054257503	0.0672483525211765	6
WBP1L	0.39687354059629	4.29696799150461e-05	0.000278214410586204	6
NUP93	-0.484875103806856	1.19858422463656e-08	1.61318651829151e-07	6
M6PR	-0.175647909081981	0.0508411597884208	0.1178208074463	6
SBF2	0.374226714624711	4.77137995561485e-05	0.000305623719492741	6
FBH1	0.0714725999483444	0.414355874744645	0.570218002929703	6
PITPNB	-0.29166318848686	0.00101879934706568	0.00444643760126841	6
MAEA	-0.35108765689517	0.000224623069025681	0.00119704998282795	6
MAPK14	0.0173259742855005	0.842612780088407	0.903831323612476	6
SLC75A1	-0.36872920531607	3.52989908738943e-05	0.000234548519370556	6
PSMD12	-0.173656834572699	0.0404757768062895	0.0982268897679183	6
BCAR3	-0.313738453346299	0.000232392148737887	0.00123495270643391	6
DLD	0.00409713370906063	0.964322819906448	0.978370685866238	6
GNPNAT1	0.0049017966222167	0.958194078095107	0.975414845587862	6
SLC44A1	0.270936198644085	0.0032983464219507	0.0122126959077741	6
WAPL	-0.125948751004634	0.139239401018836	0.256604336175457	6
DDX46	-0.209071523459384	0.0191551786149096	0.0535411142842502	6
ATP11B	0.543217742635941	1.67937592644241e-09	2.59805344947034e-08	6
PFKM	-0.150857409123974	0.0910703040973884	0.184993582227457	6
NADK	-0.0694571526696768	0.443427939743354	0.596265396960034	6
EVA1B	0.0338872453859475	0.77809556477821	0.860605992704443	6
HACL2	-0.0801093345358291	0.429881271697702	0.584202268528495	6
ERCC6	0.453385030785192	7.35578697375894e-07	7.00609435134508e-06	6
GJC1	-0.24075544281069	0.00537968667747904	0.0184648802439783	6
DPP7	0.182223384788453	0.0635603028610021	0.140636118097053	6
GBP1	-0.154520845234396	0.0713498856957183	0.15381240507906	6
B3GNT9	0.296598756221244	0.000690818332061125	0.00317612354345812	6
OGFRL1	-0.143292322577478	0.110950762472829	0.215991553215076	6
TRIP11	0.030607649073181	0.738747546112638	0.833554091344202	6
MPV17	0.0370961276245715	0.680872355527704	0.791514864948439	6
WWP2	-0.302095499378717	0.00126147137710514	0.00536155884302064	6
MAN2C1	-0.256220388931123	0.0290717820419199	0.0750484147907025	6
PLEKHG2	-0.232622520727624	0.0782843055915967	0.165266369369866	6
COBLL1	0.929234393902446	9.81592073394508e-24	7.42568762189191e-22	6
USP33	0.345894386261695	0.000112988639698762	0.000658666724692121	6
ASCC2	-0.340267159165092	0.000107684652498151	0.000631945198766459	6
SLC35A4	-0.408801404314284	7.57082098888029e-06	5.79051229962994e-05	6
ST3GAL1	-0.0461331441936784	0.614089245774936	0.741379138047829	6
PTPN12	-0.0762229743443698	0.36824304177189	0.523849903689981	6
CDK5RAP2	-0.536528485006156	2.79135579165517e-07	2.90647539762375e-06	6
PLEKHA4	-0.241210968551874	0.0114204826933064	0.0348222871651592	6
SMG7	-0.492423209260695	2.6021189120711e-05	0.000177377997097835	6
MEF2A	0.509331552891323	4.02605475452756e-09	5.90802215538978e-08	6
SF3B5	-0.16919131909561	0.123431071702957	0.233739490264139	6
UBE3B	-0.131957601844282	0.214457156512507	0.354279562145348	6
GTPBP6	-0.115800286889208	0.249068896995738	0.394713928624475	6
URI1	0.22632280433	0.0137348437106271	0.0406284482887826	6
NSMAF	0.0450558132760272	0.601507273116518	0.731489304881072	6
KATNAL1	0.0887631534418591	0.34269356745708	0.498054038692452	6
ATXN2	-0.163172743325772	0.520563392094132	0.664807987788402	6
FZR1	-0.323178845376179	0.000176961576197874	0.000976664665615352	6
STOML2	-0.159210460620774	0.131364153018195	0.245687176211779	6
NSMF	0.152610842761659	0.110957599547242	0.215991553215076	6
NRP2	1.28066919668486	2.64780044992672e-30	3.0843360462288e-28	6
FOCAD	-0.0729827476435171	0.44620014500644	0.598464694183795	6
OCIAD1	-0.0995182848631078	0.25131650307017	0.397510109338218	6
POLR2C	-0.271029642804579	0.00392227699581145	0.014133296494899	6
PLCB3	-0.334883293587212	0.000445684675004169	0.0021841203935517	6
PPP4R3B	0.0997004302907398	0.257648185726638	0.404649840552131	6
MFSD1	-0.121258168849456	0.184935935565125	0.317753781470271	6
KLF10	-0.13385621403594	0.124431329751338	0.235328964585756	6
EIF6	-0.534661649789232	5.61666977681564e-08	6.57760002421924e-07	6
ATP13A1	-0.590132119174401	6.11851032657603e-08	7.1462246165679e-07	6
SUCO	0.196966276739914	0.0232738996099447	0.0626363403323866	6
B4GALT4	-0.212424611562774	0.0132579881599597	0.0394651510966868	6
AVL9	-0.0475643129906113	0.591386692141234	0.723545289706084	6
RPS6KA3	0.133274541024824	0.123178577398336	0.233462867428984	6
ATG13	-0.175428247059341	0.0556521549754766	0.126650988233437	6
ALDH7A1	0.112323705796419	0.202833242604028	0.340143073484459	6
KIAA0319L	0.161519683577353	0.0850159230601046	0.175649755962982	6
NSF	0.130184386977651	0.138898830395081	0.256211505674111	6
NUP62	-0.526787882850782	1.47358330868167e-09	2.31465120431704e-08	6
CNOT9	-0.246078749097283	0.00543967127856875	0.0186320244326377	6
SMIM14	0.795568732736779	5.89585408993599e-20	3.20690609032345e-18	6
TSC1	-0.128286360047684	0.288760619024289	0.440690553996142	6
PSMC6	-0.231861730052083	0.0115482006182451	0.0351384569435876	6
UROD	-0.180368738176996	0.0840268708118152	0.174225802522993	6
RCC1L	-0.296888245412927	0.000609660917928668	0.00284573285911173	6
SMAD4	0.159918854920996	0.0783029237878218	0.165266369369866	6
OSBPL9	0.414204518413504	1.55994346831531e-06	1.39304856671875e-05	6
MAP2K1	-0.0886458166659592	0.330998357853546	0.486156146443453	6
TOR1AIP2	-0.134219938900263	0.134147685393702	0.249581057644848	6
GRAMD2B	0.447799052788058	3.00523216574119e-06	2.52121548742201e-05	6
ARIH2	-0.209167549208645	0.0205913736650265	0.0567791990188361	6
TUBG1	-0.512092429363326	7.21144205760945e-09	1.00983204047142e-07	6
ATP5F1E	0.2728336425417	0.0153602212595712	0.0446426567541921	6
LRRC58	0.0890771098423792	0.317342292995566	0.472210784840677	6
RANBP3	-0.222972741610335	0.0171241802711115	0.0487917947859784	6
TOX4	-0.0207074246059791	0.814451840025831	0.886661944442976	6
LIMS2	0.0849837425171868	0.400238666299425	0.556495359089399	6
CDC73	0.269452336957416	0.00389536860545919	0.0140645079604923	6
SIPA1L1	0.686607607885977	3.67490010920373e-09	5.45351861752521e-08	6
RALB	0.227154335291648	0.0137036828578334	0.0405899139193656	6
UBASH3B	-0.0945677416402739	0.283305054446006	0.434480301954186	6
TTC38	-0.0378769475496036	0.655680078787584	0.773569676174686	6
BNIP3	0.234635948363017	0.0216927399159056	0.0590756208536602	6
RFC1	-0.0459538979169198	0.606438421694764	0.735515428431602	6
ADARB1	0.0259316762478238	0.805784855035499	0.88021129019355	6
C1GALT1	-0.112244332835432	0.210277202674045	0.349259156946176	6
ECHS1	-0.209320876132171	0.0207595025659807	0.0571317043289712	6
TSPAN14	-0.283796212952772	0.00176445464963807	0.00714191775928228	6
UQCRB	0.17492411059708	0.113871328037183	0.220359936923469	6
CYBA	0.402534883043518	0.000357178394039174	0.00179516578875053	6
WEE1	0.493365442937733	2.22571068295954e-08	2.84990561476618e-07	6
CEP55	-1.08761620125401	1.86185530984565e-28	1.99248792223563e-26	6
CYLD	-0.0402638365139038	0.641808693831865	0.762650251807837	6
CAP2	0.240084063746184	0.00864621987225129	0.0275970398104859	6
DVL2	0.22189748576879	0.0091758445930502	0.0289574783932678	6
MED16	-0.187488710103948	0.0426289504337866	0.102260915742387	6
RPL10P16	-0.0830208256609119	0.394439691167525	0.5509585602048	6
ALS2	0.0958384187555878	0.293441215096583	0.445663633819813	6
NSA2	0.244569601414706	0.0144221897551127	0.0423559312241294	6
NBPF3	0.484860411615799	2.27776584528841e-08	2.89683399241849e-07	6
PMPCA	-0.463374213994667	1.61036527346963e-06	1.43515491500885e-05	6
ZBTB7A	0.159601345353944	0.0992500205417703	0.198204725182905	6
THOP1	-0.569323281187467	1.69814448985933e-08	2.22858184646245e-07	6
STK39	0.128088622623363	0.155219367290882	0.278831216761346	6
BLCAP	-0.0600613848477537	0.515248346896865	0.660291194875623	6
EIF3K	-0.117473706802642	0.25637614506911	0.403091160719624	6
ZDHHC3	-0.0552801437003972	0.558358410235894	0.696849507341905	6
RAB5C	-0.0919837216382091	0.291281343314376	0.443275330632383	6
MED1	-0.0708391890900592	0.47255303508156	0.623001695937425	6
CNN1	0.971246565755619	9.35271129625022e-22	5.77979994331181e-20	6
JAZF1	0.440686256139234	1.83681945860013e-06	1.60544850820409e-05	6
ARHGAP31	0.190188478948668	0.0325901721196849	0.0824177590031532	6
ARFGAP2	-0.418946438796961	2.86105081386174e-06	2.41101228315378e-05	6
NCS1	-0.0246023067688771	0.788509793801917	0.867837544105465	6
ANKH	0.876437688469671	6.87057514567165e-20	3.72170290709778e-18	6
LETM1	-0.268318534047083	0.00387049533187526	0.0140042138684646	6
POLR3D	0.235340616710645	0.0146874753118894	0.0430294319008235	6
SIL1	0.00665414190454968	0.942516062164425	0.966000072122582	6
CDR2L	0.129137049136324	0.134459317831827	0.250054817832769	6
METAP1	-0.165075316268258	0.0618137738885653	0.137464893680552	6
MIB2	0.221645667940666	0.0109758566771908	0.0336772031333012	6
UBE2E3	-0.151390093214	0.0915461482029766	0.185645039099643	6
H1-10	-0.298529960512074	0.00435042559076839	0.0154227449639872	6
ERCC1	-0.346521939529724	0.00108533445894028	0.00468736215230397	6
CCAR1	-0.449063305071926	1.27092404368446e-06	1.15532963998747e-05	6
INPP5A	-0.0054301298858172	0.955999883506555	0.974607063829696	6
SCFD1	0.15520130298686	0.0867452566103601	0.178522172101653	6
DSTYK	0.197660224529533	0.0373055898451019	0.0919920343070581	6
RAB8B	-0.104712966279964	0.261392970754015	0.408817912627643	6
GPATCH8	-0.0643246923655871	0.578406591971243	0.713682599373591	6
PCID2	-0.224685049418458	0.0108475543189163	0.0333612984812839	6
ARF5	0.0595427766718554	0.583858028067769	0.716914479800004	6
STEAP3	-0.422117566128144	9.06031513787992e-07	8.43429477792881e-06	6
ZEB1	0.614100706307152	9.23710730117964e-12	2.0197349402895e-10	6
ZYG11B	0.593407906239167	1.98955485329195e-11	4.1241748872255e-10	6
XPR1	0.265731111595715	0.00204154083479105	0.00807961575717216	6
NCBP2	0.0103242353424971	0.911732403815735	0.947283418693388	6
DEF8	-0.0804771221474794	0.42926667692922	0.583570339168047	6
HSPB8	-0.167437794917011	0.0666676658279684	0.146033809341395	6
SCPEP1	0.130346872196036	0.128790946091061	0.241629877907159	6
CIAO1	-0.00807701780175299	0.927055295603068	0.956409503567927	6
UBN1	-0.318591815938411	0.000999914443452585	0.00437271555454032	6
AFF1	0.00510084714457465	0.96703316508545	0.980138411643934	6
FARP2	0.281521008662822	0.00232418823695108	0.00901393334207045	6
APPBP2	0.117785674295867	0.178682679687627	0.309922270750855	6
TMF1	0.164866079044177	0.0788807449041574	0.166235721668138	6
PNISR	0.212940632594438	0.0214675523628453	0.0585895483624575	6
PSD3	0.657296448879461	8.36349137048788e-09	1.16372766289357e-07	6
MTMR6	0.00714888861430802	0.94317694096293	0.966371049986981	6
PIGK	0.175511631902795	0.0999197745251153	0.199158690501831	6
CHMP3	0.332100495119382	0.00039744490127399	0.00197492156869367	6
YTHDC1	-0.215963930492373	0.0252948381764195	0.0671011597977045	6
VPS41	0.349210536703849	0.0002609536867052	0.00136360991587953	6
THOC2	0.172850619466631	0.0814354834021647	0.170175467220621	6
MDN1	-0.261664074608333	0.38502606444843	0.541174381883041	6
XYLT2	0.0379984084535611	0.670795248570416	0.783745117597679	6
RNF4	-0.368703835615654	3.20992589096025e-05	0.000215682769283868	6
AFDN	-0.107435693620072	0.328813847352754	0.483919574318459	6
PDLIM2	0.631228327133245	1.23313279966335e-09	1.9627239470337e-08	6
MRPS16	-0.0577629877691609	0.544057375973804	0.68491079188439	6
XIAP	0.441824326777582	2.46797930367363e-06	2.11085195414269e-05	6
MAFF	-0.588045380028797	1.26904269029001e-10	2.30723880280212e-09	6
CSK	-0.383192652969794	0.000101863089764968	0.000602346743295721	6
MTR	0.281940522948293	0.00917410760730093	0.0289574783932678	6
CDK12	-0.128191949823053	0.18539288539042	0.318331144063932	6
BFAR	0.0422954766759185	0.659222252357574	0.776243241166468	6
C5orf15	0.36657012419782	6.72416537539757e-05	0.000414761897077593	6
TM2D2	-0.233213700316201	0.0175776722313011	0.049854535570053	6
CARS2	-0.278498378308957	0.00123334517288655	0.00525729355916632	6
OIP5-AS1	0.768671103501737	1.31145464539054e-17	5.73510880308162e-16	6
DYRK1A	-0.286206370727172	0.00135751196047753	0.00572205881137581	6
DENND4B	-0.389011010503746	0.00199230391312352	0.00792490005162983	6
ELK1	-0.160379366461938	0.0873670364328685	0.179493101383775	6
NEGR1	-0.0106586439908591	0.907653368684394	0.944909940840926	6
SH2D5	-0.556816362458984	4.02957693974212e-08	4.83953661111546e-07	6
LRIG1	0.44166260918214	5.0428301164412e-06	4.0156547382163e-05	6
PPP1R7	-0.156869551715828	0.0968641574505649	0.194391541783557	6
MR1	0.435529256098565	1.18415632579079e-06	1.08018362552905e-05	6
APOBEC3C	0.067369403408248	0.467700087937115	0.618602919766504	6
EIF3J	0.0627232419929392	0.495121680717789	0.643261014576296	6
HEATR1	-0.0112297125046396	0.897949977996281	0.938215591346274	6
TBL1X	0.0428550715426577	0.658092529026992	0.775512261377108	6
HDGFL3	0.319346620582593	0.000460205303725333	0.00224524922644053	6
ACP1	0.0544825539084117	0.57347080727475	0.709263469788648	6
ZFHX4	0.0110180482860391	0.96895621526768	0.981256398028041	6
DAGLB	-0.611538283078852	7.24366737296839e-13	1.86591768356914e-11	6
RNF41	0.659334442480662	1.86717923485983e-11	3.88887346019935e-10	6
MGST3	0.114094552970112	0.215921473300157	0.356206837078578	6
TPST2	0.086925274115163	0.373662721166651	0.529442669398991	6
SLC17A5	0.240484866692174	0.0171416842846251	0.0488178256682217	6
SPAG5	-1.21342004465832	1.36248194280215e-41	2.52596476240911e-39	6
GAPVD1	0.129984598424289	0.216938425507823	0.357526041687677	6
SLTM	-0.329106046737592	0.000185492752333046	0.00101692673842561	6
CHTF8	-0.110467869983988	0.25235016366289	0.398666011077126	6
MAP3K2	0.301872773646973	0.000699955927121204	0.00321476617888918	6
ALYREF	-0.642808115271099	1.00199944082482e-08	1.37245771483633e-07	6
BMS1	-0.399275259770114	2.96379490455523e-05	0.000200166404970039	6
SLC4A4	-0.0681684783194078	0.506793073964191	0.653179010338847	6
KLHL9	0.332065654805072	0.000154435724364915	0.000868362853402552	6
RAPGEF2	0.1107990355262	0.263456052607801	0.411128870240247	6
DAP3	-0.0120762532028395	0.895042818487664	0.936829862671066	6
EPHA2	-0.380564978412955	6.21269741022097e-05	0.000386473232564927	6
SPCS2	0.0528035277052276	0.597908143481696	0.7284936710507	6
ATG9A	-0.0677588893374066	0.446676579533943	0.598802680219007	6
COX7A2	0.0686750993152896	0.513023763419364	0.65811634323059	6
PPA1	-0.110631989225717	0.289013123928214	0.440820365036741	6
GLTP	-0.0631977913862821	0.473375118387324	0.623633135108285	6
ABI2	0.145123678166126	0.118086213431859	0.226090011258699	6
PKN2	0.264949098229944	0.00249666723171629	0.00959406627184517	6
UBR1	0.121616328811396	0.20133815111534	0.338337084423151	6
PLSCR1	-0.294235690071838	0.00243040766629474	0.00937341227994073	6
ADAM15	-0.0763529154413808	0.428199755786985	0.582572959733755	6
PNN	-0.482934952324901	7.07812656469924e-07	6.75630021545585e-06	6
IFNAR1	0.320916616277171	0.000389009889577739	0.00193666307734938	6
PNPLA2	-0.358106449611415	0.00102397284846456	0.00446753550027807	6
ABCC4	0.143428382948312	0.11245109522628	0.21822110665834	6
FOS	3.63372218021846	9.4244490823488e-241	6.20270116354786e-237	6
VTA1	-0.0585046270179164	0.583189537754744	0.716427800790079	6
SERAC1	0.264286046602005	0.00238240151656814	0.00921797506248868	6
MMS19	-0.0155116301342748	0.864922141033856	0.918068715622018	6
USP1	-0.480220743225901	9.42136643122953e-08	1.06908143391616e-06	6
COG4	-0.311263455519036	0.00102858520697293	0.00448171700740967	6
RNPEPL1	0.323530832624011	0.000400182946584024	0.00198552888273106	6
MECP2	0.145113754788782	0.151748405061467	0.27438568619226	6
ARHGEF11	-0.137975999416361	0.238888350029305	0.383474578767374	6
RGP1	0.378816812957176	0.000155940953566569	0.000875591409339265	6
TMEM87B	-0.192227617523978	0.0420939164817221	0.101276224209269	6
MEAK7	-0.134582684505485	0.115495138409239	0.222716452809965	6
FAM32A	-0.223880140723349	0.0246697751150345	0.0656945680435362	6
ELK4	0.231762063437097	0.040749670745171	0.0987466022474664	6
PPIP5K2	0.251404602180957	0.00923911227978977	0.0291292059733827	6
E2F4	-0.351533121538721	7.33859844099514e-05	0.000448458548183932	6
UQCRH	0.035041023287409	0.721776744902146	0.821437600998353	6
SV2A	0.292061000385144	0.000717412765685069	0.00327892508149742	6
AUP1	-0.48825821662981	2.6296630401356e-07	2.75591199023128e-06	6
PCSK7	0.0261267288460875	0.789938619963886	0.869031513128678	6
STX12	0.388560980106299	3.10766857949961e-05	0.000209239087017664	6
KPNA1	0.10984940007962	0.200354576022554	0.337030962835128	6
DNAJB2	-0.125678412657877	0.161098206319736	0.286689945978718	6
MAPRE2	-0.187142285180612	0.0344928539692683	0.0863337966909067	6
TNKS	0.336114807715922	0.00111369637693758	0.00479228029082359	6
RNF185	-0.042375007335827	0.629830847958741	0.753404530323601	6
DZIP1	0.608217347275488	1.72193580988622e-11	3.61496667711838e-10	6
RPS15A	0.0863259376342842	0.39480452704419	0.551385887478268	6
ELP1	-0.014741844765177	0.867535511167901	0.919730181499926	6
CEP350	0.029606863369689	0.830577189404039	0.896989267380295	6
SNHG5	0.357775797580621	0.000311232282891044	0.00159093977124699	6
WIPF1	0.329282735192192	0.000946365675802361	0.00417040890210461	6
PDP1	-0.0304937448452088	0.738675668577042	0.833554091344202	6
OXCT1	-0.087893238898935	0.331117183721101	0.486276412955579	6
MYBL2	-0.949549735498512	9.23158489745358e-27	8.67966800037011e-25	6
ANAPC13	-0.0109481822110983	0.904752217503781	0.942933763974843	6
MTA1	-0.0987010404572895	0.335590157980628	0.490492255107596	6
COPZ2	0.198605200388192	0.0398981818645492	0.097104394860255	6
MIER1	0.218619974000944	0.0354675176435225	0.0882708326133837	6
BCAP29	-0.103372920476597	0.2682317511726	0.416900996656623	6
TPP2	-0.0483729286881505	0.591261346725176	0.723507772329041	6
NEU1	-0.344500595217325	0.000172861882647653	0.000957857192655912	6
BDNF	0.464467265959455	5.63205405848326e-07	5.49960887031269e-06	6
SPG11	0.4655529796988	2.10348229906915e-05	0.000146188687975962	6
PDE4DIP	0.347205783253544	0.000782035047233313	0.00352773383369846	6
OGFR	-0.277180720873964	0.00398998668164889	0.0143341142714368	6
MSANTD3	-0.272701012489259	0.00439009570911985	0.0155424501934224	6
PHPT1	0.162451022462784	0.122326470937081	0.232316164614745	6
GDE1	0.26453721269875	0.00389517685967013	0.0140645079604923	6
EMC4	-0.00746845885826961	0.937300083132473	0.96237761265778	6
NCDN	-0.206107245521917	0.0201026865175339	0.0556769613168795	6
DNAJB14	0.499987041863001	2.23890829037597e-08	2.85846264075838e-07	6
AKR1A1	0.0700047442327995	0.486261910869789	0.635491017948673	6
FOXK1	-0.199654181061289	0.417450607574559	0.572743625964553	6
TMEM106B	0.626056998337569	2.53245517646532e-08	3.1991082042047e-07	6
SEC22C	-0.137718317468942	0.133962019431954	0.249376617420847	6
KAT6A	-0.0862803337753545	0.482465692301127	0.631575265529237	6
NUP214	-0.741238613250598	1.15945921598871e-09	1.85217981311401e-08	6
LNPEP	0.0846805216120514	0.411557544029143	0.56773548019866	6
GALNT5	0.253487977638169	0.00687251672774836	0.0227579717452457	6
SRGAP2	-0.123580884272309	0.239314241155422	0.383811975086447	6
STX7	0.511760108839079	6.5367449446867e-09	9.23210018314495e-08	6
CSNK2A2	0.0434428867792514	0.662484526621044	0.778110450960364	6
YES1	0.208464941029478	0.0156646071075429	0.0453171919465026	6
CDC42EP5	0.770244252134219	2.48609737293709e-10	4.35745668708002e-09	6
CLCN3	0.397194977650705	1.70498000923027e-05	0.000121180625602041	6
RBBP6	-0.210433100402883	0.01705315339695	0.0486182928663749	6
ARHGAP18	-0.254342822802135	0.0102393235074093	0.0317727994644102	6
RB1	0.0468159406520433	0.590395775196948	0.722851789500272	6
SCFD2	-0.235858726094741	0.0114695505159814	0.034944687686761	6
SRSF1	-0.480780578116572	1.97945931860288e-07	2.11662250290574e-06	6
TIMM23	-0.164573066476059	0.116262929690459	0.223640061890328	6
FNBP4	-0.0804685140383319	0.507939603080129	0.654144310277247	6
ARAF	-0.274494767450435	0.00202962924354798	0.00803730738051205	6
HNRNPH2	-0.0586608465695286	0.532416037902842	0.675089095486722	6
ECHDC1	-0.106130323832557	0.233155403154672	0.376891142297059	6
MBD1	-0.170361765459357	0.052946903406445	0.121545184781834	6
EHMT1	-0.0376700167961959	0.686453362075936	0.795391016527827	6
MAP3K7	0.325496414056261	0.000287837383376478	0.00148289764281197	6
OSBPL5	-0.257839813645327	0.00490156583827297	0.0170448516257685	6
PHF3	0.181550786905765	0.0406019531642029	0.0984967765389611	6
SESN2	0.949525782696279	2.15837408910422e-25	1.84484922953758e-23	6
FYCO1	0.300144846346355	0.00663086179588147	0.022074363636618	6
SLC35D1	-0.228322869542835	0.0082012341495193	0.0263772182600536	6
RIN2	0.0365271665137537	0.687233447284495	0.795932704436117	6
CDC42EP4	-0.237746666997707	0.0166969070502407	0.0477889514029829	6
NSFL1C	-0.452831911149233	3.93340017850542e-06	3.21586003414079e-05	6
RBM10	-0.544906689616124	7.29769970526473e-09	1.02082488013177e-07	6
RTF1	0.0422621801462671	0.687925629274849	0.796408536336397	6
SLC36A1	-0.109848881020889	0.292454986254698	0.444627510287663	6
PPP2R5E	0.279150842912617	0.00224784681876797	0.00876433876642264	6
BSDC1	0.0468095796232537	0.593893935767221	0.725317426564318	6
ZNF281	0.544606351698364	3.38195275373595e-09	5.0415225478399e-08	6
CCM2	-0.183488488794214	0.0447588215567096	0.10642719261817	6
ACOT9	-0.0761625971303363	0.37854612573846	0.53446344021188	6
PIN1	-0.180351258264536	0.0730552400616793	0.156693192917042	6
GAS2L1	-0.36108787073155	0.000172531597077674	0.000956627385144659	6
PIAS3	-0.0515752300210263	0.63538367439016	0.758186502220803	6
IRF2BPL	0.319272901324718	0.000609401434796669	0.00284573285911173	6
PRR16	-0.000425775508114406	0.99609955769933	0.997387682792962	6
SCAMP1	0.638432481324376	2.0203777841555e-11	4.16837504276472e-10	6
CFLAR	0.150798887418963	0.138988748368004	0.256341445252633	6
ETNK1	-0.0858307182364531	0.377726432116135	0.533717321993696	6
EXOC3	-0.352175077595003	0.000140831246597064	0.000800415241345919	6
TSR3	-0.06384739830883	0.604980282828629	0.734626887718934	6
DDX60	0.19046392399434	0.0500006734268646	0.116364721414041	6
ECT2	-0.632279334807488	1.90134989019009e-12	4.60911024025271e-11	6
DHX8	-0.301103271861827	0.00229480735441158	0.00891837886215519	6
COG1	-0.175708719346763	0.0609654282070753	0.136014903642327	6
EPHB4	0.276054193203449	0.00283731975639798	0.0107259161267854	6
UBA7	0.154094835524106	0.0743871070249438	0.159005763197359	6
MKRN1	0.141114401456927	0.113982306830159	0.220509862552231	6
SRPX	0.129639345844554	0.168454996043906	0.2969563563581	6
UBA6	0.190796646543405	0.0305928012943692	0.0782840286620883	6
NAPA	-0.286563108757006	0.00125452278104465	0.00533892123080852	6
MYO9A	0.376578136482973	0.00221691701437539	0.00866170337198671	6
DNAJA2	0.0631927523695633	0.49997602746359	0.647510771764981	6
NADSYN1	0.0359156648942884	0.685111174483976	0.794687908859057	6
TBRG4	-0.347146668278909	0.000179654800087211	0.000989040624654104	6
DERL1	0.0242015052327227	0.788317376636004	0.867757355956622	6
ATG12	0.19439251675167	0.0499158535138653	0.116208415246376	6
ACAT2	0.32704808878084	0.000716407833990098	0.0032780928750986	6
PCNT	-0.698555222309571	1.1667748552838e-08	1.57359194878081e-07	6
OST4	0.170430970551359	0.114195156148263	0.220791839068682	6
ATXN7L3B	0.0804585967582925	0.376082764824363	0.53172689939668	6
FGFRL1	0.343297998390089	0.000343992603853844	0.00173618659682828	6
OGFOD1	0.0465591309887584	0.609170631296167	0.738013163345739	6
EDC4	-0.229034114129776	0.0280115895786143	0.0729987237424865	6
LMOD1	0.94759014426729	3.12997376822325e-25	2.62419393064476e-23	6
PSIP1	-0.167117192995048	0.0723289438219169	0.155464710569545	6
SHCBP1	-1.00423767988824	9.77831709649385e-28	1.00556240579022e-25	6
CDKN1B	0.451908174024678	6.97401046587384e-07	6.68600872267279e-06	6
DDX18	-0.0717865861218388	0.410527548171539	0.566670943433512	6
PTBP3	0.338010191743512	0.000161156072752437	0.000900321234696477	6
HELZ	0.327396770258839	0.00802841142480466	0.0259141686083138	6
KRTAP1-5	1.0459689837581	1.69565315176957e-26	1.56083093963237e-24	6
DDX39B	-0.20774498555444	0.0791125698756256	0.16651083422975	6
LARP4	-0.0523420632361149	0.574201583357537	0.709758234738967	6
SLC41A1	0.397334935122012	0.000150590220045228	0.000848916088417705	6
LMNB1	-0.782592706164977	5.45849877548109e-19	2.7113290332701e-17	6
EPHA5	0.998365157031137	2.53033145130343e-26	2.25045627658831e-24	6
SLFN11	-0.0464855763694132	0.605565937722832	0.735019427669869	6
LTBP4	-0.0760673758276202	0.570389927478989	0.706745197939832	6
SLC35B4	0.127524128177795	0.151337849647543	0.27374743917969	6
ARSB	0.505518305450781	4.024391456406e-08	4.83772280736732e-07	6
S1PR1	-0.423438958838015	7.46754272406091e-06	5.73150232517864e-05	6
TRIB3	0.704910144396899	1.0928470511603e-12	2.75050587656273e-11	6
ORMDL3	0.289170438760231	0.00279070930645547	0.0105679247988704	6
RXRB	0.101794547042805	0.237781681302668	0.382210315177314	6
SMC2	-0.704413120499496	4.90767909912599e-13	1.28684820680867e-11	6
PEF1	-0.173591098559357	0.101440507163731	0.201396892276952	6
RAB32	0.154986288663468	0.138828718099806	0.256153969210505	6
KMT2B	-0.417608933090082	0.0953264799445086	0.191921452356924	6
PHF20	0.184664298537954	0.0415250107403486	0.100182132766717	6
RN7SL2	1.14014678186491	0.00221890457560668	0.00866689641801505	6
BNIP2	0.167302804764739	0.0660171727934235	0.144999840727488	6
B3GALT6	0.0733569248225127	0.44189106290802	0.594806428168348	6
LBR	-0.564754225317619	2.2885692091649e-09	3.49877311268729e-08	6
STK17A	-0.0318914464573686	0.752960383345219	0.842570841418374	6
G6PC3	-0.119171934753304	0.241132915334167	0.385555642650671	6
NMD3	0.177898716853754	0.0816579675133011	0.170423945834403	6
IPO8	0.0725990292714029	0.410774177401391	0.566892482400347	6
ADSS2	0.0757556950941474	0.447257460737634	0.59927218604331	6
LRP5	0.800814496443878	2.24575589071559e-14	7.05757442296575e-13	6
OSTM1	0.15742006437144	0.113241862205514	0.219367569126002	6
WWTR1	0.0491982397164584	0.585369765298462	0.718167790159722	6
LAYN	0.177593529469281	0.0560954619997186	0.127373566724564	6
SLC30A5	0.145370827485328	0.12035653029946	0.229473627710866	6
GARRE1	0.585964143974008	4.06718452350332e-09	5.95858656102641e-08	6
CHMP5	0.108553033567824	0.277247525608288	0.427681844554306	6
ADCY3	-0.244921999628958	0.0102056923433014	0.0316908535774656	6
RECQL	-0.158665358031834	0.0801687594641355	0.168142348761379	6
COL5A3	-0.143975322362184	0.206683274024912	0.344789768468904	6
SNX5	-0.357375588593288	0.000534756197238331	0.00254666997982929	6
SLC12A2	0.162823389128622	0.0739816088451798	0.158293224517084	6
LPIN1	0.267188726037253	0.0138054470605958	0.0408178570661776	6
SEC24A	-0.00319602526064527	0.972388963995023	0.983469093805077	6
DNMBP	-0.515648838766597	0.000272103878241923	0.0014134583067476	6
VAPB	-0.0260384085241751	0.792497563095766	0.871204148231904	6
RAB11FIP3	0.0250472799905763	0.805250488936298	0.879846616242092	6
SLBP	-0.297200786949797	0.0013153443151481	0.00556358522503035	6
NXPE3	0.174225571577593	0.0677907448417432	0.147859084399646	6
SPDL1	-0.484739209193402	2.48689563953333e-07	2.61044715336341e-06	6
TOMM40	-0.593128089386808	9.04643177675182e-11	1.69869017799407e-09	6
ZFC3H1	0.261266699356669	0.0165559800483244	0.0474785109751839	6
TMEM167B	0.450268188848407	4.32787429731341e-06	3.50355531214861e-05	6
DENND2B	-0.0810187099040029	0.434174562895657	0.588088060444076	6
UBXN1	-0.0288855100066133	0.780959112519589	0.862251702574681	6
APC	-0.177047649921623	0.0727840794860422	0.156238884258769	6
TBL2	-0.0936700483855854	0.305276089378041	0.459066505560262	6
RBM6	-0.0434531868842516	0.680169266055032	0.791186642725556	6
OCRL	0.146511754394123	0.125403416596634	0.236691306662101	6
DMWD	0.0164859033238214	0.873742851202034	0.924287396135835	6
CLIP4	0.425890862440352	8.29461812715495e-06	6.26043912888421e-05	6
WDR41	0.445947405326558	1.39775137189335e-06	1.26104189912489e-05	6
GASK1B	1.31050602796153	8.01650791224914e-44	1.70195634917638e-41	6
TRIM27	-0.0484784996929268	0.605711020940741	0.735039565653451	6
UBE2Q1	-0.214142087289305	0.0216955124589035	0.0590756208536602	6
PPP2R2A	-0.127033450826788	0.182752734427331	0.315009093487727	6
ZC3H15	-0.116218746190709	0.188037513570763	0.321362995472857	6
LMBR1	0.297387369837983	0.00103566588102865	0.0045065995108692	6
TTPAL	0.0401683572410744	0.69083113925243	0.798277729037178	6
PAK1	-0.0828444704983296	0.363062752916769	0.51862822829347	6
ATP5PD	-0.109737897173163	0.36289825903342	0.518487982595995	6
RB1CC1	0.455639390852984	1.02199820894286e-05	7.57037840422895e-05	6
IFIT5	-0.0948929190767718	0.375060456798518	0.530680510893141	6
AURKAIP1	-0.253567049346793	0.0245416657488872	0.0653798717370172	6
ZC3H14	-0.0646915655608875	0.460289481927458	0.611628351565832	6
MRTFA	-0.214947407848385	0.101526718922428	0.201537656639409	6
GSS	-0.134139194101738	0.135594343085546	0.251611170510485	6
CFAP97	0.428093924011652	5.33531435926163e-06	4.2230152081155e-05	6
SREBF1	0.166935885250262	0.159683979584545	0.284928863124762	6
DUT	-0.271772347384212	0.00404265786968718	0.0144601917224708	6
MBOAT2	0.309870506776372	0.000433976558444213	0.00212991552528008	6
DPYD	-0.259888434039382	0.00417516349376942	0.0148815805763571	6
DHX29	-0.22408070902463	0.0181422863106908	0.0511473366261776	6
SCN8A	0.277853264687205	0.0266236455617233	0.0700601183114547	6
NCBP1	-0.203934885242875	0.0311715683336192	0.0795143482753473	6
FZD6	0.275908843810173	0.0017321241934193	0.0070240144047992	6
AP3M1	0.194869884539459	0.0410737078641934	0.0992938690198875	6
RAB5A	0.401996097177251	9.91208475576296e-06	7.35472218940856e-05	6
SLC25A36	0.74462794262716	1.64449335544674e-13	4.58611568596302e-12	6
SCOC	0.380963196604059	0.000222086394138876	0.00118497089827727	6
FAM111A	-0.519272048451386	2.95836088472496e-06	2.48347604117568e-05	6
PERP	0.109625103168533	0.247951956329728	0.393512370529082	6
C2CD3	-0.317036970732731	0.00231495727421755	0.00898077883894063	6
TRAPPC3	-0.0264487288612638	0.770277287984519	0.855048063901182	6
LIX1L	0.104831680768044	0.247989711853929	0.393524843536259	6
FMNL3	-0.145294893040743	0.126992781627638	0.23910827986906	6
KXD1	-0.437267285618259	1.48799131017878e-06	1.33431822413611e-05	6
SPIRE1	0.171724478892836	0.0549160198592901	0.125365863580963	6
TMEM168	0.354304285855585	0.000166109655810306	0.000924524904622012	6
ZBTB47	0.278457694724195	0.00360704317024674	0.0131887525694327	6
DPF2	-0.251170279144949	0.00620815550256419	0.0208730398161564	6
STAG1	-0.171961705538996	0.0669975878676764	0.146639382956805	6
GSR	-0.176462277721537	0.0504378595683753	0.117112990915245	6
STX6	0.123776143114985	0.182893909394854	0.315128773867272	6
FRYL	0.0494454086546822	0.649957656281328	0.768747652945559	6
ZER1	0.077587901733135	0.448599897427867	0.600642910166108	6
TIMM50	-0.238538463735606	0.0202480061389561	0.0560160791944261	6
PAIP1	0.418356568103168	5.05425079355068e-05	0.000321863102058576	6
TANC2	0.0034390273301513	0.988628387907788	0.992700852088658	6
PTPN9	-0.0264779544170645	0.767536072664879	0.853012269882456	6
SAR1B	0.0447931123953523	0.622825775086507	0.748496095108612	6
GRAMD1A	0.0372810447756011	0.678847790521994	0.790014508554596	6
SLC39A9	0.504725530124552	1.02521184713852e-07	1.15736394029883e-06	6
AHCTF1	-0.234667095831048	0.00961827009244728	0.0301656633850092	6
HAT1	-0.492197983731606	1.69968070049949e-06	1.50834604643839e-05	6
CBFB	-0.121638622502015	0.175076332668938	0.305052411802487	6
TBC1D23	0.0979990826369603	0.27926059194357	0.430081569176695	6
ELMO2	-0.0830837043000482	0.36228570189191	0.518118936766973	6
ATP6V0A1	0.0856621157988365	0.435863902574838	0.589680603195283	6
IGF2BP1	-0.0534786033612983	0.661937085594131	0.777883926227618	6
MIR22HG	0.0663431075739731	0.473712840486026	0.623903177528713	6
PHKB	0.00488128943048811	0.957069005961155	0.974843250442365	6
ATP6V1G1	0.171015359251354	0.0837404294679879	0.173696072027596	6
ZNF618	0.336232819407544	0.00509870136779975	0.0176152771927423	6
ATF7IP	0.16190045581612	0.101408208535823	0.201396892276952	6
NUP133	0.0666643331213434	0.460407128962598	0.611722927075267	6
CHD1L	-0.169328481621042	0.0803187357434352	0.168337435391584	6
VPS37A	0.217584395418841	0.028806958479425	0.0744962661030787	6
R3HDM4	0.0776799084425446	0.428794701533871	0.58312997115915	6
PPP2R3A	-0.071403794220858	0.451809779470058	0.603773820016688	6
PRR12	-0.385777478756404	0.353232294043613	0.509098509415972	6
CCDC124	0.0352133835724606	0.743677181032096	0.836740125987305	6
DEPTOR	2.29715042362797	1.14868801762424e-87	1.37456185236253e-84	6
NDE1	-0.309902340902645	0.00145832500390847	0.00605549906197074	6
PFDN1	-0.256135288350056	0.013877235618932	0.0410116866753484	6
ITGB1BP1	-0.0828740372641482	0.374174864306958	0.52976914476417	6
SLC25A11	-0.210409233996892	0.0290892899412388	0.0750788869601033	6
DGKA	0.240580851838906	0.0232583757471504	0.0626073619549573	6
AGPS	0.351211110935329	0.000277878734899771	0.00143608864840427	6
YIPF2	0.257732185055308	0.0054750065124837	0.0187236972522273	6
TRIM26	-0.315807436267523	0.000320793512885878	0.00163097914643369	6
ZNF655	-0.0904797235395204	0.418191880762637	0.57334233168197	6
NR2C2	-0.0155540847750543	0.885512035728816	0.931436385352278	6
CAMKK2	0.0480022323568711	0.59432456998084	0.725637168598256	6
TMTC3	0.745205488787021	2.22340372050307e-15	7.76304062943818e-14	6
MANF	-0.510959277741604	2.38185764664318e-07	2.51019953584981e-06	6
ULK1	0.129129777917859	0.363189625813438	0.51867907611829	6
ATP6V1H	-0.149096853108687	0.12296391257134	0.233190315686003	6
USP39	-0.0286701074473903	0.755631215814941	0.844630918289069	6
CHN1	0.512145301318594	5.47513962656333e-08	6.42901542412605e-07	6
LDOC1	-0.308176970382231	0.00398198493798344	0.0143131807041715	6
BCKDK	-0.146034933375806	0.127999766378423	0.240419652517007	6
SEMA3C	0.629545401618621	5.06790096022961e-12	1.1595083017503e-10	6
ZNF217	0.167893043733245	0.0737503945066455	0.157944937724183	6
DDX41	-0.232240069821031	0.0104665144111332	0.0323861610704621	6
RFTN1	0.26191306955532	0.00397169279520396	0.0142800852945287	6
DHX16	-0.369476813908412	0.000158740738287997	0.000889908150802771	6
PSMD5	-0.0557103952885773	0.533763183866316	0.676350095228371	6
RETSAT	0.270203001154278	0.00292851761628998	0.0110103165873384	6
NCAPD3	-0.673344969939043	1.82754294943781e-13	5.043175648522e-12	6
RNF141	0.426302348785474	3.89017446820907e-06	3.18844125311557e-05	6
PI4K2A	-0.183264665664998	0.0441676225781095	0.105264967589291	6
DDR1	0.542260671479558	1.15440853866933e-07	1.28726967921182e-06	6
PHF19	-0.576947451081481	3.38772913934049e-10	5.83673804465168e-09	6
RIPK1	-0.437020294160553	1.48809477553127e-06	1.33431822413611e-05	6
CLPP	-0.0804499534024069	0.427854423904439	0.582460399742541	6
USP19	-0.116660093185663	0.246068613729609	0.391506821117492	6
VEGFA	0.952469715540589	6.45923176812746e-22	4.08763787326258e-20	6
MAP3K11	-0.207734061224488	0.0262433044681766	0.0692127062141071	6
NLRC5	-0.500176611546342	3.29295806265853e-05	0.000220923582970307	6
TMEM147	0.0559248123341302	0.595494720581419	0.726459407508176	6
TIA1	0.332588700479189	0.00128826239593097	0.00546131978023811	6
NELFE	-0.056473942803071	0.588356133834775	0.721159492472962	6
RWDD1	0.041876372486437	0.657639936265327	0.775271179692274	6
STIM1	0.119736601990771	0.185341955114406	0.318285212677224	6
PPFIA1	0.0051082781537613	0.961170617548843	0.976860323557662	6
NIPA2	-0.00850181049600023	0.929469393441678	0.958074050577354	6
OLFML2B	0.298624642715046	0.0013676768264302	0.00575350912953042	6
DUSP7	-0.342792000104876	0.00035060266405973	0.00176481180383106	6
SRPRB	-0.0373604162614538	0.708603390833146	0.811003080909199	6
PLEKHA2	0.0749444361154843	0.39428575170474	0.550946356556449	6
ODF2	-0.679193512148468	7.80515110451755e-13	1.99658150860329e-11	6
NKIRAS2	0.201294956420798	0.0478477777516036	0.112350658955677	6
KLF2	-0.3181662575555	0.00203632516372012	0.008061397933849	6
DNPEP	-0.0548925619857761	0.555117676410608	0.694187153200915	6
FKBP4	-0.604202462122829	9.9430722034857e-11	1.8459895545061e-09	6
VTI1B	-0.115115676895515	0.255191963296873	0.401853309352403	6
MBD2	-0.0493797105073761	0.584188006668089	0.717150715178394	6
TP53BP2	-0.26072069494621	0.00352400716796954	0.0129135583018428	6
COASY	-0.102034755850997	0.325238398652262	0.480322342809349	6
DTYMK	-0.675108631074081	1.50639267896084e-11	3.20333551424257e-10	6
POR	-0.14974133399502	0.100049813082302	0.199267013103698	6
BBS2	0.307719736285838	0.000575261242488542	0.00271598412298303	6
PELP1	-0.699683773748239	6.4870924872958e-10	1.07138768394322e-08	6
SNW1	-0.0611284601491742	0.51599672312819	0.660578181923396	6
KIFC1	-1.02800876039944	5.52413195089855e-24	4.27730287468692e-22	6
DKC1	-0.620526178876422	3.08507551024012e-10	5.35030947843092e-09	6
NOP58	-0.629382318665537	7.97619636790354e-11	1.51720625420107e-09	6
SAMD8	0.287183371360498	0.00386770125026393	0.0139979520366302	6
KLF7	0.482946231088138	5.12080496370327e-06	4.07281907777801e-05	6
RSRC2	-0.276790779895673	0.00222414789977191	0.00867964980868593	6
ACTR10	0.124795556881511	0.272474254070583	0.421652787012824	6
MICB	-0.353055115340369	0.000245755341420744	0.00129188400923373	6
TMEM250	0.0971727591478158	0.360052667049846	0.515765943669292	6
WDR5	-0.450774113264093	3.89409255336463e-06	3.18966647666078e-05	6
DMPK	-0.00344739690478011	0.974992113410097	0.98524652148143	6
ZMIZ2	-0.433432108141139	0.0992866953554594	0.198204725182905	6
PBXIP1	0.70997758467422	3.08981862073362e-15	1.07029690801886e-13	6
PDHA1	-0.0163742005126204	0.85262612513986	0.910553131434032	6
TM4SF1	-1.47414203559326	1.24896157830534e-41	2.38262047177293e-39	6
ELF4	-0.298325301884288	0.00394730277616121	0.0142040312855686	6
BRD9	-0.388872748741955	1.1456881396702e-05	8.39550817434627e-05	6
TENT4A	-0.410576578698711	0.000524356783657099	0.00250439344821422	6
SMC5	0.173968773216471	0.0715633021926967	0.154196717427151	6
NMT2	-0.118913612859225	0.183269209143022	0.315466535889839	6
SUPT20H	-0.0509858816032326	0.567683485413408	0.704679151121906	6
ZC3H18	-0.385741638301473	0.000153477481411188	0.000863343627271569	6
KLC2	-0.314971982392778	0.00145581402175582	0.00604888887890526	6
ANGPTL4	-1.78247207115922	4.02029264198722e-50	1.20270709196541e-47	6
EBP	-0.232215854888467	0.0273391019788536	0.0716005967663451	6
MOXD1	0.753494715527121	3.64079132584995e-15	1.24477236940683e-13	6
NRBP2	0.0480401695702882	0.685446237568861	0.7949364603629	6
NDUFS8	-0.125156297341025	0.209656038466332	0.348667395367318	6
POLG	0.0115921302409095	0.916402456034865	0.950136895363088	6
RICTOR	0.356650141013152	0.000123610199702474	0.000715514977433452	6
GAA	0.718499410562412	2.15835961695817e-12	5.21293351156338e-11	6
STARD13	0.0113062290769829	0.900909805204788	0.940120165364724	6
DNAJC7	-0.307530207717164	0.000721966198625277	0.0032985911393629	6
UBQLN2	-0.0542899906328738	0.537091264964357	0.679208284382747	6
ST3GAL2	0.427472586724379	1.81460712984615e-06	1.59025789947836e-05	6
YTHDF1	-0.161466654069477	0.0847322500932406	0.175249902504525	6
DPP8	0.257968761497087	0.00499351569687607	0.017301828670171	6
DUS1L	-0.221296095005878	0.0198388980238108	0.05509256556636	6
KHNYN	0.0806199024928203	0.39223462914767	0.548553381159242	6
BTBD3	-0.0877480426302314	0.343197346057361	0.498455993175884	6
ASH2L	-0.147702683453529	0.1231729782756	0.233462867428984	6
SMU1	-0.0658885572812539	0.46672750189945	0.617612133983335	6
TOB2	0.0735040936976439	0.416797214972583	0.572503573065231	6
EXOC2	-0.0366738483039716	0.693382216334569	0.800121864961158	6
TMEM94	-0.121530103859325	0.332383444213284	0.487592028995816	6
TSPAN9	0.797497338922926	2.78495578584051e-16	1.07818744144172e-14	6
WIPI1	0.282596025823789	0.00215317361663152	0.00845279579949916	6
GGA2	-0.194770024123182	0.0325157722279847	0.082292849420681	6
PSMC1	-0.181057895292569	0.0553696010566013	0.126160647171203	6
PIKFYVE	0.361596333205474	0.000472820854201013	0.0022933027121461	6
CNST	0.0988745291557927	0.265114814896155	0.413178582580877	6
PINK1	0.279479085022555	0.00272015330496424	0.0103245034467256	6
METRNL	0.197796986706982	0.0358865831647462	0.0891441959232977	6
ARPC4	-0.385518039600053	0.000136322219183629	0.000779500161213774	6
HAX1	0.0963038905656161	0.374005579720501	0.529700392281145	6
RASSF3	0.51441824810659	3.22406469448641e-08	3.99984576564794e-07	6
DDX56	-0.587111936058816	6.57873000723093e-11	1.27159798950339e-09	6
DDB2	0.135880223617557	0.144935111492721	0.264932769417955	6
PAF1	-0.502048619972617	1.1892992923362e-07	1.32021591025222e-06	6
LRRC47	-0.123861528228507	0.197174687234059	0.333172067787153	6
AATF	-0.560394749714054	2.89710713788669e-08	3.62496399771887e-07	6
VAMP7	0.313562422147846	0.00116462096845787	0.00498209483516769	6
TAF1D	-0.140983944099609	0.124875876527176	0.235966288074536	6
TSR1	-0.162308163812543	0.075242099958218	0.160460618669136	6
TMEM33	0.127083262644098	0.173223670837577	0.302895432500457	6
SNHG32	0.620569792445834	3.74594021281126e-08	4.55709898532667e-07	6
PHIP	0.201449658492492	0.074965987187031	0.159957414385296	6
RIGI	0.06861406197061	0.4631207351408	0.614460058125022	6
MIEF1	-0.150923404221632	0.117686592606724	0.225521708907018	6
WTAP	-0.2335183911738	0.0114103791301616	0.0348067075854355	6
CHMP2A	0.171333505229823	0.0919350732226529	0.186347608381549	6
SRC	0.0411921931978891	0.653835341011634	0.772154548155045	6
PHF20L1	0.13569212984714	0.144451994283472	0.264159711135502	6
ADAMTSL1	-0.616649052246677	1.25371738733739e-08	1.67539918472305e-07	6
EMD	-0.0804819699979004	0.383068722620463	0.539287015599267	6
TECPR2	0.163362288169322	0.0866226161657795	0.178353432909457	6
NLN	-0.21666054408372	0.0170040527767946	0.0485203439629194	6
CYTOR	-0.0953432396020795	0.312313736489541	0.466627209240843	6
RANBP9	0.116592525039201	0.196955072079901	0.332886442448349	6
PUS7L	0.34820918300656	8.76085138217537e-05	0.000524478742128283	6
FNIP1	-0.272998826700243	0.00718931956729676	0.0236346187473345	6
BTAF1	0.472955234426719	1.03613348697544e-06	9.55085790550261e-06	6
SYNRG	0.0931108506523071	0.333412908742593	0.488471538804838	6
PRKD3	0.452504914268774	3.27512142424952e-06	2.7216176330427e-05	6
ME1	0.283984520225383	0.00156416102340345	0.00643005982231719	6
PPP6C	-0.15366778766992	0.112277020727611	0.217915426693829	6
ZNF146	-0.0485867859476238	0.582142947653611	0.715574593388447	6
PPP3R1	0.0931249439976919	0.334525942921565	0.489480323107666	6
DRG1	-0.235196012296795	0.0303154523881436	0.0776649084828988	6
NR2F6	0.183634072919251	0.0840355253527677	0.174225802522993	6
UFD1	-0.401226904989883	3.13381069068144e-05	0.000210783597963412	6
FHOD1	-0.652962554300035	3.3034483109026e-10	5.70646851921403e-09	6
ELOVL6	0.405049016725977	9.72067074335019e-06	7.22491185740929e-05	6
IFFO1	-0.174865875501736	0.0482508175085389	0.113112290447889	6
C19orf53	-0.0875601119026441	0.417417249725337	0.572743625964553	6
ERF	-0.409298820185133	2.43556362340287e-05	0.000167062657503137	6
CBR1	-0.303169885992861	0.00774436391488306	0.0251143291972421	6
TUBB2A	-0.116820169270508	0.231834534332284	0.375216768156382	6
ANP32A	0.0642195410009626	0.52562696915167	0.668887477870529	6
ABI1	0.0176709483745141	0.845572400368745	0.905938917235729	6
DCTN3	-0.325370936344406	0.000909777496207814	0.00402128985311735	6
GNPAT	0.334250842240295	0.000625051121544813	0.00290520759636101	6
GPBP1	-0.0200567119904349	0.825895784966922	0.894680784916435	6
LRCH3	0.374352792904758	0.000201255141169196	0.00108927690099101	6
SNX14	0.245845216252486	0.0083855494068036	0.0268758185638558	6
RALGPS2	0.167313641550792	0.0648659617308209	0.143068139119101	6
SEC61G	0.175033310458754	0.0829745363417796	0.172406286008973	6
ANKRD40	-0.127746251186664	0.171499393834196	0.30079234124444	6
LRRC2	0.329117338811516	0.00058153935750861	0.00273288202887749	6
RBM26	-0.272782791875452	0.00329469423963055	0.0122026055926441	6
HLTF	0.454195542910045	3.42167416901446e-07	3.50229370814443e-06	6
TSPYL2	-0.344720989785276	0.000259283525297761	0.00135806293801926	6
CMTM4	0.503265636100084	5.3954293073144e-07	5.28141643371398e-06	6
NAB2	-0.374239199967929	0.000239096445935235	0.00126445420564303	6
MAP1S	-0.658052803935205	1.04574214041679e-08	1.42348539754976e-07	6
DHX36	-0.0121562493159481	0.89811075772629	0.938215591346274	6
PHC3	0.681623042429981	3.35341524201443e-10	5.78519067242935e-09	6
AACS	0.261324858639165	0.00903625261421853	0.0285992289398794	6
SART3	-0.367452961162204	3.46439179368723e-05	0.000231012103243693	6
RPRD1A	0.324693517817168	0.000349033493709047	0.00175869897681171	6
NCKAP5L	0.0825686489827862	0.464508808306124	0.615557177462349	6
SGPP1	0.636564316506169	1.48393218003889e-11	3.16580215329853e-10	6
MAN2B1	0.222665470421062	0.0242058640197159	0.0646422779654129	6
NUB1	0.1627047990397	0.126256573318989	0.238062637816624	6
MTREX	-0.0380643725312199	0.711038143447857	0.812457039346537	6
VPS29	-0.0903136494810131	0.32594249176604	0.481146239667644	6
MOSPD2	0.570605512524598	1.56961851478628e-08	2.0681570080212e-07	6
SEC61B	0.014754293346773	0.884810916035277	0.931070915962295	6
SYNE2	-0.142310065697514	0.585039031784343	0.717895849294053	6
GTF2I	0.186860076531569	0.0680274726146878	0.148261121622304	6
RIOK3	0.142381699764078	0.174498131950595	0.304348603533283	6
PSMA3	-0.169146604987804	0.0712140555984778	0.153620225146307	6
TRAPPC12	-0.0702950176641192	0.444181521907745	0.596812625605334	6
ELOA	-0.541686830848065	2.06991809025727e-08	2.68436766719767e-07	6
TAOK3	-0.00617995879521005	0.94546771900238	0.967443375717376	6
MRGPRF	-0.59283615309227	3.8613627272225e-11	7.68942777283354e-10	6
SLMAP	0.275275913596839	0.0025764272352472	0.00984998887527123	6
PWP1	-0.252453456187673	0.00514254782405152	0.0177295330036643	6
PHF1	-0.0454031559695791	0.611760543692003	0.74006102716826	6
MAP4K3	0.512302506081872	1.46039055853682e-07	1.59660472774253e-06	6
HIPK3	0.55632845070282	2.27217315345248e-08	2.89251597861654e-07	6
PNMA1	-0.362505966870705	0.00010853360214406	0.000635793415675241	6
ATAD3A	-0.412680575039144	1.75301374718708e-05	0.000124326077339566	6
B3GAT3	-0.253779791865478	0.0130961758574502	0.0390806988917744	6
EVI5	0.655395160754893	2.26840500475826e-12	5.4487253791301e-11	6
LPCAT1	-0.10787457698135	0.331407288123704	0.48648535001364	6
MAT2B	0.0302943201332767	0.765306790638223	0.851397336474893	6
POLRMT	0.0105036882479413	0.915035891282255	0.949292042634641	6
CENPE	-0.844581963849271	3.51949573740672e-19	1.78181239967249e-17	6
WDR46	-0.270791521614588	0.00243805179457075	0.00940013935909045	6
POGZ	-0.186938565793788	0.144858729166611	0.26482992389168	6
TMEM183A	0.136316411452623	0.175325352703249	0.305386743103463	6
DCAF5	0.222467595735771	0.0218036355343114	0.0593100340025091	6
RPL18AP3	0.0451596051185413	0.663444442105007	0.778812856572879	6
ENTREP3	-0.0759159227831599	0.447865816085709	0.599965167630387	6
GORASP1	0.189121657776701	0.0378874504037629	0.0931310759134012	6
SFT2D2	-0.29511672375705	0.00631060446111273	0.0211691542779341	6
DUSP5	-0.270944277472369	0.0041349073840471	0.0147620791690296	6
GPBP1L1	0.161120063900055	0.0932689426218826	0.18861562324963	6
RSF1	0.166448806812966	0.0904319378034649	0.184141145089921	6
SMARCD2	-0.140363030356891	0.155758809510459	0.279618458035649	6
DARS1	0.169553057804882	0.0780210106064765	0.164937020757174	6
NEDD1	0.165859702563079	0.102906960477462	0.20366325676813	6
KIT	0.159498608104339	0.0821367568766834	0.171206038126331	6
ASXL2	-0.0345957792993683	0.77437392172495	0.858070457687208	6
SOS1	0.365673712593784	0.000708440183241417	0.00324678345411621	6
SLC11A2	0.176538153577644	0.0666751735845749	0.146033809341395	6
STS	0.0922454284189455	0.312079939164731	0.466447857788494	6
SKIC2	-0.22342191325194	0.0154578030186421	0.0448866227960259	6
BET1L	-0.0391106784709324	0.674536895900727	0.786860081597063	6
DYRK2	0.114893844236775	0.215853717719781	0.356184340772906	6
PPTC7	-0.0798241039345022	0.411441422181835	0.567634780440152	6
SERPINB7	-0.335364200753103	0.000970778469905631	0.00425803298879301	6
LOXL4	0.780804595235954	6.58848714256326e-16	2.46375728004433e-14	6
FRS2	0.647044366606552	5.61062918108672e-12	1.26894212867105e-10	6
SCARB1	0.246841528477882	0.0093774708391302	0.0294947786512475	6
NBN	0.121614254267627	0.255604848570978	0.402310967564245	6
ARFIP2	-0.241550764349302	0.0140014624579015	0.0413231502989589	6
GLI2	-0.081575054457892	0.563691495380547	0.701244792901819	6
RAB22A	0.0532189756416691	0.564733750883141	0.702209556288946	6
BCL2L13	0.15103393587605	0.116099873022405	0.223415334674708	6
TXNL4A	-0.109642688005862	0.223098809483327	0.365073300500874	6
POLE	-0.925739162417252	2.53987524711614e-12	6.06758219197636e-11	6
TCEAL8	0.36826050232797	0.000238243101557221	0.00126146176419859	6
EXOC1	0.105969680015381	0.252305384712449	0.39864311354819	6
TXNL1	-0.0923843586878565	0.383975440880681	0.54004367222058	6
GMPPA	-0.196219368990446	0.0422017410220667	0.10146425397872	6
STXBP1	0.0242939863901154	0.851831408435895	0.910192128357959	6
CDK2	-0.509907157365936	1.49467134321256e-08	1.97732250157859e-07	6
WIPF2	0.0730028418614558	0.509171160355546	0.655089432485588	6
AQR	0.0355578968994371	0.702496971897493	0.806679546461371	6
UQCRFS1	0.0382881275719133	0.731269678130586	0.828693179281396	6
SH3BP5L	-0.0151180820623567	0.870971120232581	0.92248091854051	6
SNRPC	-0.257623213082546	0.0237403334052083	0.0636444009394616	6
NCBP3	0.0158829880358223	0.877295383893984	0.926495437916921	6
FGF1	-0.0682260760354959	0.456748983883848	0.608331825095347	6
PNRC2	-0.190349580386862	0.0624856511132251	0.138631152132712	6
TSG101	-0.0790647385034034	0.436057219539292	0.589788448499352	6
TMEM115	-0.196060829280899	0.0382128344365527	0.0938424514343925	6
REST	0.0242024914365249	0.793565905519704	0.872001670786866	6
PCDH9	-0.071502681886425	0.475913934601684	0.625532402104081	6
CCDC6	0.0856588058275571	0.354768442924174	0.510586918498338	6
SMC6	0.207670253541416	0.0266324295171505	0.0700601183114547	6
UQCRQ	0.0585394520226639	0.623473105345169	0.748998492804459	6
FTO	0.125714982326167	0.166328220593293	0.294192202051804	6
RABGGTB	-0.104093397452309	0.251494026991357	0.397644040353463	6
SLC35C1	-0.292636520565174	0.00389712366402794	0.0140657633094598	6
RYBP	0.44323393102745	2.42622373977734e-05	0.000166508775217357	6
OAF	-0.00812244053401511	0.937102674104916	0.962249980438646	6
TRAF3	-0.139187102903204	0.179443296756221	0.310872876441451	6
HEBP1	0.217182130879555	0.0458748556926841	0.108684435832038	6
PRCC	-0.272521706461022	0.00263912038139674	0.0100633666223422	6
VEZF1	-0.0260663033816312	0.774434174376968	0.858070457687208	6
NELFCD	-0.364708169156012	0.000102074052948942	0.00060332319666229	6
POM121	-0.451205869095416	0.166328134522487	0.294192202051804	6
VANGL1	-0.13894267676138	0.120158041641494	0.229156809928569	6
UBE2V2	0.0204309490413851	0.839488458256448	0.90242438350589	6
WRNIP1	-0.0333429256953254	0.723791515637549	0.822947889810577	6
TP53I13	0.0743455537766363	0.485993798923325	0.635266770131849	6
HECTD3	-0.379230416632417	9.88797845185812e-05	0.000586285857485623	6
KMT5A	-0.0877910899976082	0.352643353570109	0.508528096301857	6
MEPCE	-0.587930957436529	3.77392798461331e-09	5.58787559746514e-08	6
RBM23	-0.292587906178171	0.00218784494050676	0.00856591402495256	6
KIF3C	0.507963853795044	2.67589516528782e-08	3.37383218972065e-07	6
PPM1A	0.444383082702395	4.62080665597605e-06	3.71782872937731e-05	6
COX6B1	0.0351025326828352	0.745767007112138	0.838231672326623	6
KLF3	0.279674475433236	0.00320788040881457	0.0119246907148337	6
NCAPG	-1.02225201812738	1.03471137086473e-22	7.13956418479949e-21	6
SPATA20	0.115907582765305	0.211925892989625	0.351155655768182	6
FAS	0.266118524471863	0.00315914968863148	0.0117634759127174	6
DNAJC21	0.101387081169055	0.283581806316218	0.434803414856188	6
CNTROB	-0.625443447931621	6.74669105241009e-11	1.30215094315065e-09	6
CNPPD1	-0.165424149037562	0.0932478063583793	0.188601855423378	6
URM1	-0.270560382558764	0.00854856482492569	0.0273383767712577	6
INCENP	-0.758101503074388	1.62150522430552e-12	3.97465051536938e-11	6
RNF6	0.000978358281185872	0.991996263401253	0.994035232578464	6
UGGT2	0.548501923642653	4.5982423815387e-09	6.68802922300485e-08	6
UHRF2	0.0611853354518966	0.495681414238982	0.643802386441203	6
LTN1	0.362360313738607	0.000131808627826393	0.000756319515291549	6
N4BP2L2	0.464289142522269	4.58177538538121e-06	3.69042257466412e-05	6
NCOA6	-0.301586767397273	0.273192404626229	0.422366880678301	6
DCAF10	0.440472089088279	4.43618052744004e-06	3.58022343854649e-05	6
BTBD6	-0.355681594603567	0.000111217230320376	0.00065021041391891	6
GSTK1	0.028587490280834	0.776519344477121	0.859440354103451	6
DLGAP5	-0.987183055626098	3.82232180135224e-25	3.164353576805e-23	6
GGCX	0.270931369437809	0.00430188156590629	0.0152753350558469	6
STX5	-0.113562881520799	0.246424149071536	0.391843570213654	6
RNF167	-0.209726499971789	0.0325732316668103	0.0824021686474428	6
CHTOP	0.0113048659552776	0.905841256172612	0.94369516857935	6
HIP1	0.318575628940655	0.00913938457272926	0.0288701029831618	6
TBC1D17	0.241464021937049	0.0165047709617873	0.0473419699651353	6
GIGYF1	-0.379782376670021	0.00170477907669316	0.00693234692199939	6
ROBO1	0.425340260737225	7.91877867020215e-06	6.01123896400639e-05	6
ISCU	0.39457425872748	0.00020700997340836	0.0011153795660967	6
ZFYVE26	-0.164300546627714	0.13908847056721	0.256417582363612	6
CAMTA2	-0.160406847842323	0.221148890184474	0.362891280533209	6
YIPF4	0.385633808181663	4.51685032433083e-05	0.000290450907763394	6
DNAJB12	-0.482609740435882	1.12456013569193e-07	1.26086755247981e-06	6
MAU2	-0.140004120578642	0.135587570199829	0.251611170510485	6
TMX2	-0.39820185383733	0.00038715198569195	0.0019288726675485	6
IDE	0.373193279889346	0.000415205752584845	0.00205183103071676	6
RPL22L1	-0.169259679231645	0.117643400518761	0.225471764855628	6
CC2D1B	-0.0764968571502767	0.415465590064894	0.57133029273132	6
PPP1R15B	0.189708745167164	0.0484151618053945	0.113416760071971	6
UBE2Q2	0.315109519564852	0.000596001559479513	0.00279386343569403	6
DFFA	0.0702438371025015	0.451262093397448	0.603225645921662	6
ZNF592	-0.336284351894116	0.00376315236208852	0.0136797499426046	6
ZNF512B	-0.216609711049473	0.0359866707161755	0.0893253906537843	6
CHMP2B	0.340840459099248	0.00084076240165912	0.00375915607779857	6
ANAPC2	-0.309896825929434	0.000832148303606346	0.00372570344230283	6
UBR2	0.258226753604529	0.00640088432572289	0.0214170921147662	6
ACAT1	-0.131619469716222	0.241973918318607	0.386541588207261	6
VPS25	-0.0252177918602402	0.804839245914034	0.879616322979611	6
SLC35H1	-0.0843246715889986	0.367555430542983	0.523326807837961	6
DIS3	0.00385718866544886	0.966091748109728	0.979507365123504	6
KCNK6	0.328945106806223	0.000484910520489423	0.00234406066147715	6
ZDHHC18	-0.329245687706573	0.000560763548581141	0.00265692332956557	6
TIMELESS	-0.9741344177971	8.7651504083326e-27	8.30040826078288e-25	6
ZNF24	0.201998211661254	0.0297144654418278	0.0764332959835251	6
STRIP1	-0.0496316621638842	0.595269405011446	0.726386500247118	6
BUB1	-1.07471295120072	1.68088835650567e-29	1.85928852409111e-27	6
RCC1	-0.256574268090441	0.00459900865240346	0.0161299717556674	6
AMZ2	0.32670700503316	0.000452088152705141	0.0022105632815965	6
PLA2G15	-0.186926201793102	0.0473196701180347	0.111365781827944	6
FOXD1	-0.355139277311831	0.00135079460276799	0.00569888120392149	6
PTPRG	0.728228107671499	2.53445449112918e-10	4.43630644504434e-09	6
ZNF598	-0.362211693817386	0.000359536377382869	0.00180619854291081	6
HBS1L	0.0087889231026596	0.924123933219799	0.954134101094793	6
NXF1	-0.718934115044481	3.02472022976779e-12	7.18671342679303e-11	6
NAT10	-0.414833840503718	1.36375507628672e-05	9.86225892788033e-05	6
SLC17A9	-0.627748706146933	1.64823837601532e-10	2.95985835518277e-09	6
MIR4435-2HG	0.235443106488292	0.0160151261432148	0.0461891116176897	6
RING1	0.0729321288564656	0.459538935615089	0.610939401020242	6
SUZ12	-0.00188654998975751	0.984309389498108	0.990605489851791	6
PPP1R10	-0.449180186183236	5.73508304569001e-06	4.50691929136821e-05	6
CRELD2	-0.358032440060612	9.9243826122277e-05	0.000588179416140267	6
KIF2C	-1.05584533095177	3.72426691170183e-26	3.26816835724875e-24	6
RPS29	0.658259179369962	1.37535509510969e-09	2.1707193185766e-08	6
ATG2B	0.0814465463885092	0.450851858821231	0.60294742114973	6
PSKH1	0.19297518008948	0.0530610993359654	0.12170121110983	6
EIF2A	0.193979544634535	0.0393063309200147	0.0960051577590902	6
UBAP2	-0.614932095114701	1.24611098251685e-10	2.27182255718412e-09	6
PIGG	-0.315106586239686	0.00325141724003154	0.0120626846478397	6
N4BP1	0.182690061863288	0.078026500665116	0.164937020757174	6
WNK4	-0.571628582383758	0.0223734422474027	0.0605970412145189	6
PRKAG1	0.117640123531129	0.29497235786366	0.447472760926513	6
ATP13A2	-0.0921777044969422	0.328664614832244	0.483754033885367	6
FEN1	-1.25325565932236	2.79373874809415e-39	4.32635095778392e-37	6
SERPINF1	0.726090160585729	4.54927276784282e-14	1.37977136965703e-12	6
SGSM2	-0.0258272616647998	0.817221557405134	0.888538636047333	6
POGK	0.0712243978606648	0.436743767868771	0.590474344336137	6
PRKD1	0.278000180292541	0.00475335383478493	0.0166052007768774	6
BTBD7	0.226611432165565	0.0184952202959745	0.051975359683158	6
DBI	-0.0613025843347082	0.534970077574037	0.677097224144908	6
XPO5	-0.218368437880591	0.0407995786497397	0.0988292012675169	6
BAZ1A	-0.414966667881077	6.25487472200084e-06	4.86328171780191e-05	6
TECR	-0.181144912392551	0.052512583592968	0.120779859834744	6
MAML2	0.258477059186258	0.0331675827945072	0.0835249459200494	6
SEC24B	0.128917548171404	0.165146582756465	0.292651984461846	6
MCRS1	-0.390296217806886	0.000129314562899982	0.000743629354063983	6
CDC5L	-0.307794319761062	0.00142635642426454	0.00594149671284623	6
DMD	1.48060186194386	8.07802952523961e-52	2.79818691159813e-49	6
NAA20	0.0580074017242188	0.554174942239165	0.693469413888595	6
RAB31	0.29063869132376	0.00290637074750646	0.0109398221759873	6
RPS28	0.246056973963505	0.0305696739144552	0.0782400578914979	6
ELF1	0.188342257536369	0.0653185949200291	0.143787682797847	6
PPIG	0.130717622717303	0.163305457314521	0.289975682534876	6
MRPL51	-0.140834862018531	0.189343536734601	0.323100701146562	6
PALS1	-0.149182332603088	0.105691367188037	0.207923399536112	6
PPP4R3A	-0.104249914752145	0.28600566574869	0.437521835038755	6
SRPK2	0.490985601045908	1.77238073849002e-07	1.91346427609066e-06	6
ZNHIT1	0.145528352639402	0.182942210957756	0.315128773867272	6
GTF2A1	0.0683615363031804	0.458215333298899	0.609610716819628	6
ARL5B	0.251055803681223	0.00553411800277731	0.0189062017312634	6
BST1	0.719076768533196	3.43417847946878e-14	1.05617035806653e-12	6
TMEM87A	-0.103556107730098	0.272834984235715	0.422062157420933	6
GOLGA5	0.225979058022426	0.023595299518672	0.0633200667817084	6
TXN2	-0.301277182765325	0.00318597249426897	0.0118499451658837	6
GOSR2	-0.103490298994841	0.284927350169826	0.436285263403058	6
APBB1	-0.124334376866941	0.20397435559584	0.341505271267876	6
GTF2H1	-0.0857028194369287	0.390172310103674	0.546622055675326	6
GIT1	-0.0409897541815181	0.654483091460273	0.772642236133773	6
RRP1B	-0.213808737869853	0.0495028037643811	0.115403706878216	6
DNAJA3	-0.0807367935756344	0.374506861069784	0.530068151856083	6
STK10	-0.366456782535294	0.000810009614534357	0.00363896128195077	6
RBM17	-0.33657636718955	0.000264934518289324	0.001380575243168	6
CHST3	0.385109088618565	6.45122805202036e-05	0.000399423870408015	6
CRYBG1	0.727703288097604	1.16566718054937e-11	2.51124011416881e-10	6
GID8	-0.0969782063936039	0.303151670838574	0.456731118023784	6
FARSB	-0.382966887919894	4.88425857809904e-05	0.000312397938112331	6
DMTF1	0.0528011667430167	0.628682303922344	0.752619449582908	6
PEX26	-0.0382690320772308	0.693956839284233	0.800363960001608	6
SPCS1	0.0704420381621702	0.518661600534617	0.662958113015844	6
ATP5F1D	-0.0733272748569092	0.475765315305502	0.625436816674955	6
FAM180A	-0.450419836483579	1.80571379763416e-06	1.5845740478839e-05	6
ZNF609	-0.126213405548102	0.314625723865203	0.469123063348173	6
UTP25	-0.556794036910576	4.98516386981712e-09	7.19514386166697e-08	6
ADO	0.112129937157813	0.260097642929044	0.407433687239678	6
IMP4	-0.391133878052259	0.000136398053629495	0.000779595128061242	6
CACUL1	0.200214780472277	0.032182721902907	0.0815911341309641	6
ST6GALNAC5	0.700119528634011	2.30997538326801e-13	6.32145654261057e-12	6
GOLGA7	0.28332513323978	0.00517315733200951	0.0178257251207438	6
MANBAL	-0.064994610312831	0.556008362007739	0.694776765208966	6
SNX30	0.490893822570226	4.46551723872449e-06	3.60169138562074e-05	6
ATAD1	0.54127375536678	5.26203728411403e-09	7.52871704030358e-08	6
CERS5	-0.0457919168588549	0.653940305669457	0.772209226117078	6
TRIM37	0.194555246596296	0.0329445033008678	0.0831054787518152	6
PYURF	0.0451183419099231	0.720249350044863	0.820124757321845	6
USP25	0.475263365239096	3.76685200436202e-07	3.81115087881762e-06	6
PLXNB1	0.36035125981191	0.0038149779707961	0.0138337617161402	6
NDRG1	-0.173073128586122	0.0872218634077988	0.179306791822092	6
ZMYM3	0.0819765408498248	0.403655958078048	0.560063600314256	6
JMJD1C	0.174373742625873	0.0836787397037032	0.173622832711199	6
PLRG1	-0.223117879216555	0.0235759353058078	0.0633068209772231	6
KNL1	-0.591121001541153	3.10739960953254e-08	3.86238914639063e-07	6
GUSB	-0.0819260093898563	0.38718111980268	0.543506993704028	6
C14orf119	-0.225401001364913	0.0183785517292541	0.0517137401479632	6
DDHD2	0.262447739050525	0.00590099638253622	0.0199678188646078	6
MRPS27	-0.0438084417491475	0.632901142233713	0.755703713282144	6
CDC42SE1	-0.108592874067765	0.280851476278191	0.431673047903997	6
IWS1	-0.26970355380402	0.00403357902496275	0.014454230869883	6
BOD1	0.0803535843405801	0.474335937562121	0.624340443091219	6
UBAP1	-0.00156170949418941	0.987074609318169	0.992068319327131	6
ABCF3	-0.2171955466252	0.0285578354559569	0.074041124307024	6
FAM234A	-0.0113622110085146	0.911939010968324	0.947423299240415	6
UBA3	0.151199200106061	0.154711910671487	0.278168676433381	6
DLAT	-0.130555474526349	0.181816144304232	0.313580438610666	6
SLC37A3	0.088399382928355	0.352115536793248	0.508100943960701	6
GLRX5	-0.0844381618342459	0.420783519575069	0.575972252941643	6
EEIG1	0.176217415462188	0.112183386282755	0.217797922365767	6
ERCC3	-0.315875651567764	0.00052032881178683	0.00248605740455537	6
XAB2	-0.296950725838891	0.00222254049390496	0.00867852284819666	6
MRPS34	-0.199645375573493	0.0549425339068948	0.125372035447258	6
ZDHHC17	0.716070436058823	1.72696830668589e-12	4.20964515201969e-11	6
SLC12A6	0.292877838013535	0.00495809977753456	0.0171972246038702	6
YTHDC2	0.170311794989528	0.0836217209585226	0.173559242033591	6
PBX2	-0.0229252517939646	0.826832506877268	0.89503258947578	6
GM2A	0.315292325219739	0.000607811618661705	0.00284214008399432	6
THAP12	0.0080891006430069	0.932607704832081	0.959391457425365	6
TGFBR3	-0.209096548924198	0.0279831400936947	0.0729679225541408	6
DNAJB11	-0.255764945550185	0.0133247513757309	0.0396101405507558	6
FANCI	-0.894714593663868	1.32838263306911e-19	6.99420023963546e-18	6
SEPHS2	-0.0194601247084674	0.84662090450465	0.9069068168941	6
UBE2G1	-0.105633059035466	0.288968181355593	0.440820365036741	6
SIRT2	0.0391320787979547	0.69375459148404	0.800363960001608	6
RNF24	-0.089932246143488	0.380666545029911	0.536478986319992	6
SOX12	0.247749044594661	0.0124047948172462	0.0373335798689541	6
SLC38A12	-0.17323515353477	0.104013263520853	0.20538952711146	6
QSER1	0.039534628431397	0.734016213517387	0.830494126628995	6
GINM1	0.106789629414226	0.352901277186731	0.50873283447694	6
TM7SF3	-0.117831911031504	0.226503019678113	0.369092996408081	6
SF3A2	-0.424976508392188	0.00024053282559295	0.00127051909441413	6
PREB	0.0175911842852449	0.862577488894872	0.916771863994865	6
USB1	-0.338018230200324	0.00106476885135928	0.00461645335653566	6
FAM3A	-0.00312940046687945	0.973201509593222	0.983965855347998	6
CDC123	-0.280478539157986	0.00568755632712465	0.0193300552372687	6
TUBGCP6	-0.142793139769067	0.260339313163356	0.407666711773645	6
HRAS	-0.540613249250512	9.68841833232947e-08	1.09749268940149e-06	6
ZNF148	0.225285547776113	0.0175842211140496	0.0498623659035404	6
PPP4R2	0.0823311608845627	0.406679677075674	0.562775924027239	6
ICE1	0.0325897711778045	0.738364684178451	0.833448848667913	6
KLF4	0.52389725309068	8.49539850129008e-09	1.17710453128928e-07	6
HACD2	0.190021450637391	0.043534125558352	0.103981073257954	6
MMP24OS	0.0819215177435259	0.425793097084067	0.580618930582987	6
IL17RA	-0.334485735508417	0.00033107167660891	0.00168128722191477	6
MFN1	0.246865938492952	0.0148640243437793	0.0434982553217357	6
MANBA	0.368761469675766	0.000214977289389924	0.00115217673462523	6
TAF2	0.0699267100059949	0.46616682816206	0.617008945107813	6
SLC30A7	0.174251561337336	0.0736614220318582	0.157839052288027	6
SH2B1	-0.268701866162861	0.00400513656980959	0.0143806908533562	6
SNTB1	0.0363177057925318	0.710712077655108	0.812215929690414	6
CDK10	-0.181661620771176	0.0505978807946213	0.117401710717363	6
SNAPC3	0.484793747740539	1.96153133785169e-06	1.70426646865623e-05	6
PANX1	0.094822623229778	0.339678386021181	0.495202856927324	6
ZNF664	0.0320207064001982	0.752519875556714	0.842237015307654	6
NUMBL	0.0946118842766515	0.339625799015851	0.49518103593771	6
ETV5	-0.152965617935596	0.101432479297628	0.201396892276952	6
DNASE2	0.38208151577811	0.000224463946293531	0.00119668648240654	6
TOPBP1	-0.415373219804053	8.54960236860412e-06	6.43076662731063e-05	6
UBE4A	0.182255734519858	0.0781072560256365	0.165054713608196	6
FKBP15	-0.126536541616582	0.174382574254412	0.304273112534773	6
MAPK9	0.244360009027907	0.00803976897268709	0.0259444665328463	6
SAP30BP	-0.532599208119193	3.6111756893664e-08	4.41354740938997e-07	6
MELK	-0.696998241446291	1.58218015378907e-13	4.45005071887297e-12	6
NIPSNAP1	0.323848174642869	0.00452978809739389	0.0159298959994645	6
CLASP2	0.102239047511596	0.283389031358784	0.434558459899309	6
FNIP2	0.647314419722824	3.31164353327788e-11	6.64499448605743e-10	6
C6orf120	0.282401999367076	0.0110622128503155	0.0339026560532485	6
S1PR3	-0.216094115043089	0.032763395760437	0.0828080987700906	6
UBALD2	-0.473499011772936	5.31451129738703e-07	5.21662283426588e-06	6
IDH3B	-0.380335775640394	0.00112866800970145	0.00485036141420184	6
GLCCI1	0.331113636066158	0.00192917829801884	0.00769508301115818	6
CEBPD	0.712224995003312	1.09028235557605e-10	2.00158809573886e-09	6
TOR1B	0.209524828427381	0.029025818403474	0.0749679077783301	6
IVD	0.123920617009334	0.191465412508798	0.325993949664119	6
GPD2	-0.164901438692534	0.109254725317189	0.213561026039525	6
TRANK1	0.631717207102155	1.14614663749147e-05	8.39550817434627e-05	6
CES2	0.208802071105383	0.032881660573595	0.0829999113455951	6
SLC66A2	-0.0130270646273558	0.891939280206019	0.934849894621328	6
SVEP1	0.245675753840452	0.0925596357195211	0.187411549757892	6
WDR37	-0.289211760279836	0.00324623222054247	0.0120468437324501	6
MDK	-0.0746644772605077	0.498104960332044	0.646029716509085	6
AHR	0.141608766281499	0.20894156673013	0.347698842334854	6
DPP3	-0.0324833599127957	0.728711978024425	0.826904437681773	6
LACTB	-0.025804298570261	0.800573666766034	0.877223694421779	6
CDC34	-0.0017196471806987	0.986617844632533	0.991892666989845	6
BTN2A1	-0.171745048844018	0.0610875137321952	0.136194942963565	6
TULP3	-0.173129359935322	0.0573102533189589	0.129292052371433	6
TMEM219	0.191151178684971	0.0709298632181352	0.153182902303579	6
IPO13	-0.0381163928896772	0.681355210320116	0.79186638119757	6
TIPRL	0.310373814210832	0.00139677959877083	0.00584790389905232	6
DYNC1LI1	0.0333826427031168	0.759716730514622	0.847263991449708	6
CEP250	-0.453770153174662	0.000554989205956451	0.00263160047478558	6
SLC35E2B	0.464766839535376	9.366749601153e-06	6.9855254957494e-05	6
EIF2D	5.52487641019485e-05	0.999550867801875	0.999721141014789	6
MARF1	0.321770781291979	0.00512699220591866	0.0176898029899102	6
IKBKB	-0.234129028390245	0.0257649611521022	0.0681765365205644	6
RSL24D1	0.56673785240327	5.04675131673497e-07	4.96490191197178e-06	6
C2CD2	0.142357891453992	0.1912832754116	0.325804753619197	6
ATRAID	0.0756771418875113	0.484247635654188	0.633361648262726	6
KMT2C	0.284641255398725	0.423715742241206	0.578745492904535	6
GNPDA1	0.0266518664835141	0.784558435436768	0.86491982291911	6
EHMT2	-0.287527946204268	0.00262644812849895	0.0100208512218642	6
TPCN1	0.467229930954512	4.05780008148684e-05	0.000264416988492027	6
RBL2	0.545407183264133	1.20254006477099e-08	1.61685749464561e-07	6
PHAX	-0.0909309002367806	0.337136868601723	0.492315575926834	6
SCAF8	-0.132338170685933	0.172812603540291	0.30259907088778	6
CBS	1.06484336854084	0.000399369894654593	0.00198224205254088	6
ZNF496	0.0965651080612757	0.304105633386788	0.457740703518616	6
FAM53C	-0.0680951373699633	0.506998771435873	0.653316184866412	6
MKLN1	0.336957380812014	0.000724648834817592	0.00330625740475007	6
STAM	0.151014787837839	0.107161510397086	0.210344014517871	6
KCTD5	-0.171735947661569	0.0964875525070395	0.193782168267938	6
LYSMD3	0.205922877262173	0.0302673420326425	0.0775869568014942	6
TOMM34	-0.397901876266853	0.000105548669721657	0.000620516810873682	6
RNF14	0.289166646796373	0.00210501531541356	0.00828597984353729	6
ZBED1	0.0457998023598051	0.639727487449243	0.761024213040613	6
PRR11	-0.699353557346857	2.33746758136873e-14	7.30833391295881e-13	6
CDH4	-0.697187026046241	1.43045994611669e-08	1.89809922084011e-07	6
EHD4	-0.307528699020827	0.00319380220023209	0.0118757114015975	6
OLA1	-0.203020440036687	0.0518965283057229	0.119676594619522	6
BTG1	0.0668973111724888	0.470293237178005	0.620845763382144	6
PPP1R37	-0.0987785151429813	0.338441619788008	0.493618508727928	6
MEA1	-0.182596546270424	0.118930537101551	0.227210835974995	6
IFI27L2	0.148964710207578	0.193009966780916	0.327866491430881	6
CDK1	-0.570360670025649	2.09068889697352e-08	2.70066123168425e-07	6
KLHL42	0.0356639156065493	0.70706288239691	0.810014684159315	6
STAM2	0.303404583895341	0.00336627197905923	0.0124187886940461	6
DIP2B	0.116698054460312	0.292919570669536	0.445079435643655	6
NDUFB10	0.0772980425852794	0.456188103323419	0.607835206402081	6
SCCPDH	-0.0453018352667603	0.662307606620174	0.778030900857516	6
IL4R	-0.303121970382584	0.0013108524578716	0.00554636801766757	6
USP15	-0.022269193672901	0.809874478669686	0.883066415070335	6
AGPAT2	-0.0710307530926753	0.46643015529287	0.617295408618545	6
ASMTL	0.339346522286572	0.000768932206288197	0.00347577425527869	6
GNE	0.296053400633083	0.00139821659846352	0.00585205885073936	6
ATXN1L	-0.175100629461865	0.0811008039158062	0.169610721630721	6
THRA	0.288565252778626	0.00271646354453011	0.0103159979357508	6
SLC23A2	0.134456607326176	0.287753749244839	0.439663679780593	6
KANSL3	-0.0690655951108814	0.527710180020462	0.670487364827156	6
LSM14B	0.0306137404816266	0.751103222521314	0.841570626323465	6
TMEM45A	0.268479564523377	0.00516330548332434	0.0177964362600153	6
SRI	-0.0446048237759137	0.671899332952526	0.784771825527377	6
PDPR	-0.0485528439281883	0.659913562526009	0.776545880880552	6
PTPRS	0.246199787492378	0.0428487044550272	0.102679318540237	6
CHCHD3	-0.171217353633641	0.0861844138442437	0.177692379022163	6
TFPI	-0.374815939862788	0.000270561472689916	0.0014071120762613	6
ELOC	-0.108767661692332	0.289151850624489	0.440929774069758	6
MCM2	-0.787287188992704	1.44683405977046e-15	5.21771965171467e-14	6
GMPR2	0.0928248140536556	0.380315782036653	0.536214292946494	6
ENO2	-0.201268436330154	0.026603065830432	0.0700352311051954	6
DIMT1	-0.0131858236485922	0.887642696605908	0.932708614626292	6
NOP10	-0.0887316034862123	0.412222901248638	0.568355509493644	6
GTF3A	0.177826354347862	0.109132352207138	0.213353505436293	6
KDM4B	0.325328337655851	0.00688447121894964	0.0227860937025482	6
MMP19	-0.199069057423077	0.0322383691588036	0.0816994469923519	6
AGO1	-0.0543288994425826	0.6321482534996	0.755155712393158	6
QSOX2	-0.250246621042377	0.0191685303636565	0.0535474034755539	6
BIN1	0.372303252451173	0.000259376299185629	0.00135806293801926	6
USP8	0.199564131619188	0.0440129838339706	0.104953425037419	6
FAF1	-0.241401035419767	0.0249582232767082	0.0663285065599252	6
SEL1L3	0.662913441739937	2.14565663935737e-12	5.19177910732739e-11	6
MARCHF5	-0.114916521310468	0.216742507273293	0.357248554750838	6
HDAC9	0.400430680827433	1.97772949953771e-05	0.000138891106293144	6
PPP1R2	0.454739329340763	3.47635649131242e-05	0.000231575306149521	6
NGF	0.326709004062073	0.000506889059963925	0.00243219244252874	6
FBXW8	0.291675951425575	0.00352184643410252	0.0129095139549127	6
RAP2A	0.242045896699763	0.0141602716131295	0.0416890304727407	6
GPATCH2L	0.135023700867646	0.20784569454557	0.346225370450941	6
NUP160	-0.139034127554116	0.140211579890708	0.257910148980071	6
KIF22	-0.926897722599264	2.29280549667197e-22	1.52425246225723e-20	6
MRPL28	-0.294530274650863	0.0113750373841481	0.0347319919015407	6
DIP2A	-0.0159963831553313	0.898158069327235	0.938215591346274	6
KIF7	-0.0982720208540575	0.40269118519725	0.559043767430602	6
ARPC5L	-0.523123227063605	1.15495365125667e-07	1.28726967921182e-06	6
SUCLG1	-0.146127026034703	0.169417441709291	0.298173791311593	6
MFAP2	0.567253726037092	3.22963773454393e-09	4.83087744315929e-08	6
MAGI1	0.114587588054826	0.312145164909909	0.466481244971518	6
TMEM184C	0.186663600817775	0.0608101256287873	0.135783491713609	6
WDR43	-0.381684093423889	0.000135835267554513	0.000777053292837921	6
SETD3	0.0277159455257942	0.771489643588773	0.855744348071039	6
NDUFB2	-0.123574830490218	0.245500574040986	0.390752606541899	6
SSBP4	-0.0563522355647832	0.568300199643466	0.705035181378112	6
POLH	0.178901243599434	0.0566192804464811	0.128231174899696	6
TBCA	0.128678041885785	0.239072203637876	0.383675617713407	6
ZZZ3	0.0212236436782733	0.83461006454519	0.899499314267639	6
GSDME	0.807169523694111	4.01202068198611e-17	1.6818544024517e-15	6
DESI1	0.00315718274979877	0.972789170526627	0.983700073107628	6
WDR18	0.0243704605168902	0.817186355105849	0.888538636047333	6
TRPC4	0.0129134094770181	0.89222517592741	0.934986067250418	6
ZFAND6	0.0872391221801085	0.408719562345747	0.564648992354856	6
EML3	-0.151708671743196	0.115284863539084	0.222506548206007	6
GLMP	-0.180482678020484	0.0583821221211658	0.131086869032432	6
RUFY3	0.478405795895844	8.37585091275009e-07	7.86386059661408e-06	6
ERP44	-0.0300160011744317	0.761603226267534	0.848639910891353	6
SPAG7	-0.0386932221642847	0.73242431650216	0.829538915687312	6
TGFBR1	0.446749880416482	4.70233836953868e-06	3.77419999745351e-05	6
SLC35F6	-0.296254541468765	0.007663069612108	0.0248874871216821	6
CASK	0.192462192487707	0.0384129734777169	0.0942284699752492	6
CNRIP1	-0.199427803451594	0.0938410501624279	0.189481476190833	6
NPR2	0.296424002820001	0.0189066137931827	0.0530069770734108	6
BRPF3	-0.2113714137635	0.0621794878597098	0.138161478510696	6
ALAS1	-0.17135181728179	0.0680313890905351	0.148261121622304	6
COMMD4	-0.561736498261322	7.57878538123779e-08	8.72786981393115e-07	6
NFKB1	-0.175838184147168	0.080325718430034	0.168337435391584	6
TRA2A	-0.271225241087477	0.00434704609850737	0.0154190697371739	6
WDR36	-0.216097835800948	0.02936998676742	0.0756846389623238	6
TMX4	0.0598457153513522	0.512777049476338	0.657928092626672	6
CUL2	0.0877932987037543	0.342204216952318	0.49745268997718	6
LRRK1	0.0557208649143224	0.697149702549642	0.80242930523443	6
DNAAF9	0.436220411520109	5.52849848805075e-05	0.000349695461788621	6
ITGA2	-0.238291272860899	0.0128363149923997	0.0384621930901337	6
EGLN1	0.152427588426057	0.111895688366488	0.217399696821858	6
RBX1	-0.118331794056666	0.291296179440106	0.443275330632383	6
FAM98B	0.215232184489363	0.0426802295282442	0.102329834169024	6
PRPF38B	0.0941282063019206	0.321432799825944	0.476992250007332	6
APOL2	-0.314733126017768	0.00403631900457425	0.014457161104003	6
PPHLN1	0.0659627182436555	0.526238664899401	0.669134422920287	6
RFWD3	-0.674408153566248	1.00245662632912e-12	2.53756472545581e-11	6
POLR3A	-0.371961892152405	0.000212678086205677	0.00114217937524493	6
WASL	0.173240792848678	0.0828650592471461	0.172226602603165	6
ABCC9	0.0315770557566379	0.736213244612211	0.831612025987345	6
TMEM106C	-0.71984861644189	2.94657167487167e-13	7.89933257766513e-12	6
PIK3C3	0.118722649935531	0.240282336703357	0.384726480723305	6
PCGF3	0.132234254037353	0.176693691289283	0.307363427836769	6
CXXC5	0.688812588288198	4.64367457273163e-10	7.82646458397778e-09	6
SSBP1	-0.134600906681847	0.211430390729887	0.350643597477322	6
STX4	-0.149445739653683	0.150467119480492	0.272584461013173	6
HPS5	0.270526183366672	0.00424032958440329	0.0150852590052704	6
WDR81	-0.383552725921895	0.000488630106155424	0.00235857648966771	6
MCU	0.573123453517273	3.56514357582887e-08	4.36133688556091e-07	6
RAB23	0.670076344048027	2.01089441879444e-11	4.16185585449548e-10	6
TELO2	-0.714351280793191	6.03788020227469e-14	1.78198693055026e-12	6
CYBC1	-0.0249811769515058	0.798295770234206	0.875518015630133	6
MED12	-0.103821648725782	0.448329908655838	0.600342480939654	6
MAP3K6	0.0528405163814225	0.620830720621355	0.746914795314769	6
CRTC3	0.0912633632433849	0.480998949776893	0.630239814444878	6
AFG3L2	-0.268081618501007	0.00567147661667455	0.0192853646874934	6
VPS4B	-0.0134710841422618	0.893476197043674	0.935924493210717	6
CEP104	0.167950960571522	0.076718093929814	0.162772448484549	6
PTTG1	-0.6474586288784	1.33508852124186e-10	2.41397942377838e-09	6
SMARCD1	-0.494913165200362	9.11390227308911e-07	8.47219601840904e-06	6
NDUFAF3	0.116310534925713	0.252391986358472	0.398684233341721	6
FOXJ3	-0.175932321785771	0.0573609953847055	0.129365113435823	6
OTUD7B	0.124216691248456	0.215894536877704	0.356206837078578	6
MRTO4	-0.542236216587177	3.04731726936505e-07	3.13618742897984e-06	6
GSK3A	-0.497037113412058	8.07993311795034e-07	7.60773674045639e-06	6
HERC6	-0.482267103736648	5.46146691162535e-06	4.31508337081179e-05	6
BDP1	0.151634194119932	0.170703395497682	0.299715725615044	6
GBA2	-0.337848775688452	0.000333414900471345	0.00168992696761814	6
GBP3	0.133093898204539	0.181493098877503	0.313351739313296	6
UBQLN4	-0.216674516287318	0.0219879749545214	0.0597374023377431	6
BMPR1A	0.408435237565018	1.36436781187192e-05	9.86225892788033e-05	6
ANAPC1	-0.0224770259910224	0.830347189822894	0.896989267380295	6
IL17RC	-0.0748578728911069	0.459660617922775	0.611039458060744	6
PPIL2	-0.275766076349	0.00592867503177541	0.0200460183517236	6
NFKB2	-0.457191404627826	6.24757986045466e-06	4.86321074530838e-05	6
LAMTOR5	-0.0628737403159855	0.570421711077473	0.706745197939832	6
MRPL20	-0.315924047653337	0.00205039507675605	0.0081122183334355	6
MFF	0.267569917113394	0.00707439618055565	0.0232917150887079	6
STRADB	0.0666559680014492	0.532107997240221	0.674837418602277	6
PON2	0.11380348992264	0.229428521380352	0.37237578630451	6
URGCP	-0.427349652863549	3.72463691538131e-06	3.06612856267443e-05	6
TLK1	0.0786454112148202	0.431274130337934	0.585303781589672	6
UTP4	-0.412752242051732	0.000144341689278359	0.000817894815312542	6
PHF2	0.223394409762412	0.0407369945515144	0.0987466022474664	6
CTDSPL	0.375060986653539	6.10418956205467e-05	0.000380442458358549	6
CBLB	0.184659661428853	0.0850842749812346	0.175756690107021	6
TGIF1	0.196223682603766	0.0471118545382322	0.110975902162983	6
NCAPH2	-0.702760858953237	1.35927353799037e-12	3.36951366865673e-11	6
VPS4A	-0.180225784954758	0.0523582306442015	0.120551231409765	6
HERC3	-0.231236795242672	0.0152165690402134	0.0443355611243643	6
CENPT	-0.63219129520317	1.30443960548497e-09	2.06374261141811e-08	6
DERL2	-0.258426085232618	0.0173918599485777	0.0494233705749414	6
MAML1	-0.191220215684347	0.0659808887997602	0.144944332321636	6
C8orf33	0.126675685885146	0.183981271250865	0.316401149922488	6
SLC38A7	-0.0926977726155574	0.322869780971908	0.478273118043352	6
FCF1	0.168521491500288	0.091262004565531	0.185268625246157	6
GRWD1	-0.49410426009718	1.84659494693536e-06	1.61185207470226e-05	6
ATG4B	-0.131245280417126	0.170028721471802	0.298889965375711	6
RNF7	-0.130295636442466	0.200691372221539	0.337468131393986	6
RNF220	-0.133592395100849	0.17641111634529	0.307034182791624	6
NOL7	-0.169588156225686	0.0690546915858607	0.150061045516181	6
ALDH3B1	0.120525095935842	0.193893020963729	0.328736524670154	6
SLC35B1	-0.346400608070608	0.000777568697440259	0.00350999203168934	6
PLAGL1	0.10162254008226	0.417595607953876	0.572882854350898	6
PABPN1	-0.332745719969583	0.000759974749657038	0.00343882696106414	6
AKAP17A	-0.252300299175783	0.0188078502054761	0.0527525532185557	6
RPRD2	-0.259735416586386	0.0088762278212068	0.0281808458298469	6
TWF2	0.13359308420221	0.174826865747795	0.304841175498506	6
PYGL	0.130427172122138	0.176728784412916	0.307383851642074	6
STUB1	0.0383269155812677	0.725196173502704	0.824260187532691	6
FAM177A1	0.13786375528868	0.208752930263841	0.34742885586837	6
SIN3A	-0.328577812251903	0.00206138702077125	0.00814346859376109	6
COX6C	0.22560693203429	0.0650095293910936	0.143288753411749	6
UNC5B	2.34864046863686	1.05652601821829e-94	1.98672171111533e-91	6
ZFHX3	0.0207732901444719	0.953746089294631	0.973266127093978	6
FEM1C	-0.250375377325773	0.00946851511152764	0.0297456000985772	6
RRN3	-0.278608534184157	0.00569908663656045	0.0193592457798826	6
ERGIC2	0.210168389519415	0.0488500008228836	0.114333670133645	6
GON4L	-0.0399214035282311	0.786538898766554	0.866522558123883	6
MTATP6P1	-0.0738234715450754	0.518944566483528	0.663191002778901	6
COPS3	-0.258755591798777	0.0105921166876619	0.0327209650222233	6
SPATS2	-0.131991067299248	0.169933620557153	0.29878694856823	6
TUT7	0.396066958670472	3.44784456013763e-05	0.000230141875989309	6
HDAC3	-0.264043861142698	0.00888185081764235	0.0281918983150775	6
PCK2	1.39598257111971	2.36658157906669e-42	4.64944975003804e-40	6
SHARPIN	0.0420173258615621	0.66382446892925	0.778973324144348	6
SLC9A7	0.410760221977702	0.000185066617202594	0.00101531159482352	6
LTA4H	0.222293708809222	0.0164861615404527	0.0473092095829472	6
DHDDS	-0.174051970242465	0.0653572449637714	0.143838390813931	6
PPP1R13L	-0.186639822850414	0.164984211268156	0.292443734570796	6
UXS1	-0.00573814183040431	0.95416599391922	0.973400189769319	6
FBXO21	0.235039677764149	0.0153411609786471	0.0445971073237482	6
DYM	0.553683528849943	4.86565963207312e-08	5.76997096729536e-07	6
SAMD12	0.16346654938229	0.115564351547085	0.222817278367406	6
FAM120B	-0.00901583602834936	0.92704774217641	0.956409503567927	6
EIF4EBP1	0.571361009466536	2.46125592364173e-07	2.58559550861102e-06	6
RUSF1	0.271074022695147	0.0102795314493441	0.0318750229605927	6
MRPL17	-0.129002357287849	0.279631191836559	0.430501213818085	6
PDCD6	-0.156090660201508	0.105102726190389	0.207012896131093	6
NANS	-0.17126345436973	0.130748232958896	0.244786940113151	6
DNM1	0.210225275494324	0.143734607306407	0.263086975597591	6
VEZT	0.261929052356895	0.0109139685316432	0.0335029309193142	6
TBL3	-0.402198109790038	5.68590071264712e-05	0.000358617686059291	6
ARNT	0.306253043657781	0.00195926881766729	0.00780328455278503	6
HIGD1A	-0.107908148411432	0.353671015222959	0.50950766918899	6
GGA1	-0.124955608502915	0.201863698291928	0.338963115271929	6
DAXX	-0.499908518415264	6.35337248431465e-08	7.39429195499856e-07	6
KLHDC10	0.412470620249034	1.07480939035518e-05	7.93478183132094e-05	6
SLC27A1	0.683902857321857	1.19337756737143e-10	2.18172623879308e-09	6
KIAA0232	0.470472159568718	9.31759458820164e-07	8.65543384364842e-06	6
EIF2B1	-0.235373374140224	0.0208680473345914	0.0573457426023438	6
NFX1	-0.107639128201737	0.242263423252827	0.386816283391188	6
IRF3	-0.147424414303107	0.137821330257537	0.254687936288075	6
PTPRJ	0.133787450609107	0.220617538656982	0.362409666958923	6
PHLDA2	-0.0604031827041697	0.579031733624923	0.71391857528146	6
MPHOSPH8	0.236394877038514	0.0187800579377866	0.0526858275010837	6
MEX3D	0.383112142508938	0.000723424455381139	0.00330296084154767	6
SZT2	-0.222351358620224	0.435530082687841	0.589438872961141	6
MARK4	0.106171637228425	0.292801837671894	0.445000645338314	6
RUBCN	-0.425657104259702	0.000139188533583887	0.000793477118910653	6
SEMA6A	-0.130261101879599	0.373979773988831	0.529700392281145	6
RNF20	0.0204236138656951	0.833896283978378	0.899056170530543	6
CIAO2B	-0.103835871352072	0.357273449473768	0.513013026663381	6
TP53	0.0566575380519454	0.569253215674839	0.705695995284226	6
SNX25	0.778410144943898	1.80285511508402e-14	5.70456295188725e-13	6
ZHX1	0.198289551098443	0.0399099579270667	0.097104394860255	6
CEP192	-0.140928894720396	0.137737158960283	0.254568130215418	6
GRK6	-0.490945651797085	7.63066595738702e-07	7.23648818422805e-06	6
FBXO9	0.21564380224755	0.0223690799013567	0.0605970412145189	6
RRP7A	-0.256620907709628	0.0121762376007039	0.0367352316154174	6
CUL5	0.415458930963787	8.76189891316641e-05	0.000524478742128283	6
SIK2	-0.0238925153493581	0.837767807329606	0.901531854797221	6
UTP20	-0.335103915601717	0.00292670625235541	0.0110069241142155	6
GNPTG	0.205000302670851	0.0350752110775228	0.0875038311923214	6
SLC41A3	0.0400769528191179	0.681668112762805	0.791907843285752	6
AIMP1	-0.103767014332084	0.35738057427412	0.513054913204301	6
HNRNPUL2	-0.0362239800504418	0.734087910303757	0.830494126628995	6
NUP155	-0.218650654462349	0.0208798205290726	0.0573661193120815	6
ZFYVE16	0.390010004363579	0.000133710895281467	0.000766566426215138	6
FAM107B	-0.72719431662395	9.46637277723207e-14	2.7266053581336e-12	6
PRDM4	-0.264856394207101	0.00555251257324746	0.0189641211732372	6
SNX2	0.0161618157488104	0.882148086348011	0.929383324843834	6
CPQ	0.774404859573054	5.07073045676357e-14	1.51695511369043e-12	6
TAF6	-0.327864006402014	0.000591684858620457	0.00277659457897364	6
TLK2	-0.0918928206415623	0.333673584151784	0.488722086145537	6
IFRD2	-0.474757035432275	1.04817196568595e-06	9.6483129960309e-06	6
CKS2	-0.613054893415534	7.17809509128395e-08	8.30274742412748e-07	6
CSRNP2	-0.13971934459896	0.133778505642492	0.249139065801229	6
FAM219A	-0.0972265559568311	0.371872922990903	0.527531338002938	6
TCTN3	-0.190491969976629	0.0528322323531936	0.121366609854291	6
CD9	-0.505478704035702	3.49396034025625e-06	2.89047939676337e-05	6
GATD1	-0.292939131307727	0.00331010353617336	0.0122358036813685	6
CCDC9B	0.0894720711281901	0.471513983907002	0.622183998325173	6
EHD3	-0.00683255072688957	0.944632823817204	0.966889724720517	6
RIMOC1	0.129004868049821	0.171591509402193	0.300879609522316	6
VPS11	-0.157589557716182	0.108925289364976	0.213036468616845	6
COG5	0.530310241059255	7.80318435877657e-08	8.96276751436091e-07	6
SACM1L	0.00383125795742684	0.970008396888101	0.982032536735062	6
PISD	-0.293045158790188	0.00444836742906598	0.0157065076364795	6
RARS2	0.35576429000373	0.00020289292369741	0.00109543870165259	6
NBL1	-0.193034869400908	0.0665530671662691	0.145860476708225	6
RO60	0.548075945444083	7.85807131815928e-08	9.01794182745689e-07	6
ECI2	-0.340693337965081	0.000667641653013445	0.00308248582203296	6
EML1	-0.152095174013314	0.146807725906353	0.267427358996031	6
FER	0.456683275882293	6.2563379866975e-05	0.000388453664711789	6
DYNC2I2	-0.576007723252272	3.90390328841603e-08	4.71008973285245e-07	6
CDK9	-0.172738504930158	0.0761595630260939	0.161848293205114	6
SLC10A3	-0.00812098527192989	0.941669107268588	0.965667384780274	6
CUEDC2	0.0557618158687238	0.647635350448232	0.766827751906996	6
TMX1	-0.0201738611052594	0.843196455527379	0.904268774980192	6
CEP164	-0.465198858790037	1.79682938230819e-06	1.57782956366396e-05	6
EXOC6B	0.452071007386602	1.47028240885957e-05	0.00010564043312128	6
PTCD3	-0.148441349340959	0.130215646931781	0.243920387158537	6
UFL1	0.536288750860495	1.23816790632525e-07	1.36728222742947e-06	6
WDFY2	0.157807403016257	0.139590716983997	0.256983581490958	6
MALT1	0.0101950134689232	0.921824709079573	0.952581146617556	6
JKAMP	0.0798865350738969	0.399533443898607	0.555925869137142	6
TSC22D3	0.591629705002838	5.26997810961363e-10	8.77004279262051e-09	6
FBLN2	1.67303799358515	8.12485063638222e-51	2.54636687920712e-48	6
ARL3	0.26852004669979	0.00609397785811441	0.0205433383573122	6
TECPR1	-0.0211601463197097	0.830957010289092	0.896989267380295	6
SSNA1	-0.333547235904325	0.00367478403320665	0.0133955087867901	6
APOL6	0.686383742195023	9.25515144372863e-11	1.72802210572766e-09	6
SETD1B	-0.557063897400589	0.136180335560602	0.252328513088993	6
TMEM9B	-0.0264432104361803	0.795393523082209	0.873349674547864	6
EIF4E	-0.152232975604682	0.139505685149714	0.256862964558076	6
MBNL2	0.72079007354383	1.39244935421617e-12	3.44526519728334e-11	6
NAMPT	-0.169850704426371	0.0906688291873227	0.184377481900402	6
BROX	0.0372566261712937	0.719636124759246	0.819780898727618	6
MEIS1	0.375194640347662	0.00070865371599756	0.00324678345411621	6
NOP14	-0.650153558052077	2.21223114549879e-11	4.53576301685366e-10	6
B4GALT3	-0.457928793733514	3.16268850290684e-06	2.63985217271799e-05	6
ZNF316	-0.437992907451726	0.00016286204866252	0.000909140435345524	6
KBTBD2	-0.298550196925337	0.00200663347291517	0.00796301368826722	6
FAM199X	0.465003458118293	6.21117468606041e-07	6.01088646463851e-06	6
SH3BP2	-0.0138675327446607	0.906363509305175	0.944015103100492	6
ZNF330	-0.0677816141977921	0.480400511384042	0.629769139662199	6
ARHGAP10	-0.19145605705028	0.0612430983441248	0.136472473929865	6
KAZN	0.0688602897560245	0.497824427802829	0.64587170079348	6
TCF7L1	0.0911296785724842	0.443981054724361	0.596812625605334	6
PTGES2	-0.194215863041274	0.056267944599525	0.127655111127809	6
ZMAT2	-0.0627599656971631	0.525871522068915	0.66889547063411	6
MCUR1	0.0146046041187986	0.883106668178732	0.929946645858932	6
RARG	0.0275828195378754	0.771693279229011	0.85589809862584	6
PIK3CA	0.539972956294056	1.99715445048263e-08	2.59768221657144e-07	6
ATG3	-0.13523017394102	0.192118312400889	0.326851925311219	6
XXYLT1	0.350631140784608	0.000417773164229777	0.00206347022917694	6
IVNS1ABP	0.352427596906101	0.00030382846583863	0.00155614556258128	6
RBM14	-0.743837006110415	4.5724275954422e-11	9.02351790686743e-10	6
IFI35	-0.197691413200921	0.0568631123428459	0.128606382778158	6
ETS2	-0.602226949741371	3.89607526863122e-09	5.73006019675897e-08	6
ZC3H4	-0.535279949472799	2.04078293124345e-05	0.000142545718339026	6
DDX52	0.0109167071172723	0.916427715834518	0.950136895363088	6
AURKA	-1.20909604647254	1.12289586410912e-35	1.47806782592684e-33	6
BECN1	-0.186927761338096	0.0777044535732513	0.164441112923586	6
TBC1D13	-0.454228668347818	1.9131102718695e-06	1.6632939569761e-05	6
TK2	0.187718567445496	0.0498343535816455	0.116039199751495	6
TTC7A	-0.38855131072057	0.00033244201325795	0.00168660143436356	6
GULP1	0.147203112407162	0.153143810939376	0.27617920035553	6
PEX6	0.0724766285181014	0.473885723429009	0.623936281381038	6
CNOT2	0.0982596515888906	0.355412115396863	0.511176756443281	6
RRM2B	0.533835183221562	7.11609840071914e-07	6.78762342381638e-06	6
SBNO1	0.0915677650052437	0.347185466353867	0.502585734310196	6
AGPAT1	-0.0222583695845028	0.821458223857523	0.89156123026357	6
PREPL	0.348329545389092	0.000778617732755661	0.00351352252871538	6
TRAPPC11	0.313010220544783	0.000824011205551443	0.00369304034684155	6
JADE2	-0.206027590271824	0.0338581108899147	0.0849388819599671	6
NDUFB11	-0.0523998987012305	0.648937772705312	0.767955398913964	6
ADISSP	-0.273714860428111	0.0101619348558798	0.0315871967802096	6
ZWINT	-1.17491967913397	2.459664321091e-31	2.99782976467786e-29	6
METRN	0.319963863680907	0.00538293615074642	0.0184712170365681	6
DENND4C	0.50340243204512	3.37598714348317e-07	3.4609126767655e-06	6
PRRX2	-0.0597119258170914	0.596544801028949	0.727268613128096	6
ERG28	0.331692804144723	0.00183608141401628	0.0073954527701029	6
PSMD7	-0.121532599760331	0.221158843154099	0.362891280533209	6
TRIM32	0.283751130425743	0.00390463814255665	0.0140851608304941	6
AKR7A2	0.151829387996599	0.178313259686412	0.309444619281772	6
DCAF13	-0.119746580968362	0.20024995838395	0.336928834630419	6
HSD17B12	0.732516979703833	4.91168558519433e-10	8.24116524926437e-09	6
SNRPA	-0.481988119678206	5.92085941771554e-07	5.75175442918005e-06	6
SLC27A4	-0.357475237306011	0.000223296371633105	0.00119094414092648	6
IQSEC1	0.0373426832572194	0.765705150541349	0.851768519950627	6
RUVBL1	-0.333574886189464	0.000851813766800053	0.0038021107536077	6
SDC1	0.121984976084763	0.189729879496985	0.32365455214141	6
HSDL2	-0.0155495610034362	0.883787113950069	0.930514300185951	6
RHBDD1	0.502054809360883	2.91657955602819e-07	3.02290840125977e-06	6
HMGN4	-0.0215174628573363	0.835150291217697	0.899892213760523	6
EPS8L2	0.0355775388598494	0.72765179800819	0.826409026504039	6
GABARAPL2	0.118517885934623	0.240384885837741	0.384836468091561	6
DNTTIP2	-0.489624236375312	1.97842319132136e-06	1.71667662935814e-05	6
TBC1D9	0.236994591067609	0.0120085125905892	0.036279102875815	6
MAZ	0.085329049613027	0.38997831733487	0.546445683779365	6
SUDS3	-0.0258260751269052	0.782401237238016	0.863307734992435	6
PRR14L	0.16800989304511	0.162906440251272	0.28950148144019	6
ACBD6	0.167260865713697	0.103362989922375	0.20438140849455	6
FIS1	0.077566281193922	0.500033958443442	0.647510771764981	6
CYB561A3	0.0438445138263894	0.667512965609637	0.781367111277871	6
TIMMDC1	0.120538782820988	0.237876651656173	0.382269608808474	6
RAP2B	-0.0882042756878648	0.380869580393667	0.53670766371072	6
ZDHHC16	-0.111399650310643	0.281165100060035	0.432003760019871	6
NUDCD1	-0.0261550927684254	0.800414418862036	0.877223694421779	6
SNRPD3	-0.129083894634421	0.1928974637017	0.327753880819088	6
ZFTRAF1	-0.112694186062693	0.253450452648551	0.399924275738778	6
POLR3H	-0.434967809145982	1.93835280433721e-05	0.000136368455176327	6
DCPH1	-0.112749264324453	0.288901252032936	0.440802965168603	6
CHFR	0.157698033165194	0.093929432058654	0.189604757626401	6
B4GALT5	0.344266878745424	0.000578265379965336	0.00272138262298309	6
UBE2E1	0.174249181270286	0.0782364634877286	0.165195150607791	6
SMG6	-0.164843062450706	0.165239656362794	0.292651984461846	6
STK4	-0.02716485402169	0.79191288033902	0.870694056456942	6
ENY2	-0.233864616131906	0.0686232048998689	0.149328359414279	6
RHOG	-0.458171531556895	4.36052502279648e-06	3.52565054515173e-05	6
EVA1A	-0.122907868240131	0.241463129337834	0.385866112841314	6
SGTB	0.222719541024912	0.0213899941459573	0.058438458477218	6
CHAMP1	-0.508838320352095	3.49589242547086e-06	2.89047939676337e-05	6
CNOT3	-0.540063173054922	1.28057555456977e-06	1.16329993269854e-05	6
MZT2B	0.030055688557934	0.792512039871326	0.871204148231904	6
DNAJC11	-0.460613856653952	2.75620662160982e-06	2.33071960995242e-05	6
HTATSF1	-0.319240212596594	0.000692930210212345	0.00318472079505066	6
ZNF282	-0.307779323871517	0.00250913037205169	0.00962625563605842	6
RETREG3	0.00298336545379579	0.975340982829071	0.985523401932836	6
SSBP3	0.201573588412007	0.0399749069521823	0.097226478235694	6
RRP36	-0.489428490896341	6.06350695075295e-07	5.87299058077712e-06	6
ZFX	-0.06241179551167	0.511822769421275	0.657280303794365	6
BTG3	-0.275427414800896	0.00542188081873791	0.018585473233606	6
NAXE	0.0958447874727204	0.37179560165116	0.527478498009725	6
ACP2	-0.28588261238753	0.00300654972157074	0.0112525487588955	6
SLC16A7	0.45047801285963	4.91060363609029e-06	3.9246069011449e-05	6
KNTC1	-0.447781347830782	6.73843740358557e-05	0.000415182663503094	6
CNOT11	-0.0233629926509864	0.805139450647661	0.879798322171273	6
HJURP	-0.87997256205442	1.32517917360301e-19	6.99420023963546e-18	6
JADE1	0.257970264340898	0.0177579348810276	0.0502791346179751	6
THAP4	-0.189184653789787	0.0880916741602945	0.18053101463054	6
TAF9	-0.0793052392161993	0.436297753129003	0.589931928550289	6
ZMYM2	0.86329656262385	3.52295805091021e-18	1.6328414374694e-16	6
GFM1	-0.0389350453315008	0.696135579284093	0.801765191082525	6
MBTPS2	0.337485582343567	0.000370460536146446	0.00185483911650653	6
SDHB	0.0169080660865883	0.869442755839326	0.921232793617729	6
ZNF318	0.0734798939709705	0.540671730070136	0.681887705558418	6
C2CD5	0.157282459455685	0.105571260276838	0.207815757677108	6
NDUFB4	0.048261777123164	0.644142440156775	0.764416366409106	6
PSMD10	0.115885945316368	0.235750934546422	0.379873858665021	6
FOXJ2	-0.253335125713565	0.012824391198665	0.0384352143324287	6
JAG1	0.224391330942493	0.0304561326588544	0.0779797849034236	6
GTF3C4	-0.150026684852392	0.117891297833053	0.225848224912892	6
ANKRD12	0.288751434318132	0.0063314531484348	0.0212279464576789	6
MKRN2	0.231587079106761	0.0247456617968903	0.0658566814056747	6
ATMIN	0.191258501853086	0.0563722701752351	0.127825700657471	6
PEDS1	0.217432838643991	0.0277667321254422	0.0725617421018851	6
GTSE1	-0.920862660887674	1.71260844874075e-19	8.87522244518683e-18	6
ARSK	0.468396792597337	8.75388560210981e-06	6.57690617469015e-05	6
MPDU1	-0.532718681243078	3.71143042889403e-07	3.76665834506802e-06	6
FBRSL1	-0.243022422707661	0.067153955062223	0.146883933280831	6
CHST14	0.125258273224939	0.212308134236022	0.351656218818265	6
MFAP4	1.63320281193883	4.73386919694601e-58	2.14388575357248e-55	6
CCDC93	-0.0628889045431844	0.584091192613705	0.717133883814402	6
MRPS10	-0.0445279572800008	0.651995461973969	0.770496734445836	6
SH2D4A	-0.314865363656747	0.00199296382456383	0.00792490005162983	6
COPS4	-0.071830808172724	0.499906295820231	0.647510771764981	6
FBXO38	0.117520635158768	0.247477563458213	0.393043818508743	6
CALHM5	0.40295732900055	4.98602820644258e-05	0.00031782609821503	6
TPST1	-0.108663162163212	0.268715188754891	0.417455214160349	6
FHL3	0.122791786255259	0.260197472587219	0.407541567309087	6
SMURF1	-0.325483678460306	0.00184336234078752	0.0074202380708826	6
DOCK11	0.564428815909133	2.93567191620404e-08	3.65930392357896e-07	6
MTMR1	0.0141364833671074	0.882683840154874	0.929659205074876	6
CDS2	0.111019410205617	0.278910652384418	0.429743757150426	6
PNPT1	-0.078263207361009	0.438771915745062	0.592034553121437	6
TNK2	-0.255372634234448	0.0565801439813729	0.128164590470971	6
LIMD1	-0.0560486030529743	0.560499970302048	0.698528792755714	6
TRIM5	0.187554844739128	0.0632048932657142	0.139979438427105	6
ACAD9	-0.280615987772278	0.00533015544284477	0.0183235403745536	6
NFKBIZ	0.131652116080078	0.21418796091405	0.354026891156422	6
PAK4	-0.257488313751581	0.0104527090040267	0.03235104834705	6
BTF3L4	0.822072965869255	1.505712574409e-14	4.83407185779162e-13	6
RCBTB1	0.226403423517028	0.0196940865659491	0.0547251976921232	6
SAT1	0.321506889646915	0.000864980794455909	0.0038543473924926	6
STARD3	-0.156217114208507	0.132297613909191	0.247204561220321	6
MMUT	0.0831589778533689	0.406244403130862	0.562350938943268	6
PLCXD1	-0.800033688693308	1.49758405553772e-15	5.38099564919437e-14	6
BRWD1	0.642827346023784	5.48787475973273e-09	7.81784582925995e-08	6
INTS6	0.122029265608549	0.207966558874938	0.346382869096649	6
FAM167A	-1.0704841671041	8.93809210230668e-24	6.80069978859323e-22	6
MED29	-0.108223317206429	0.26206657488972	0.409445973326217	6
MORC4	0.33618516757242	0.000398170306166221	0.00197777952455319	6
RBM33	-0.239605612888429	0.0878013383961029	0.180132328134025	6
PPP1R11	0.0604370318438749	0.596198224686576	0.726980753269976	6
HAUS6	-0.255029397777328	0.0166597333923405	0.0477033001182029	6
PSME3IP1	-0.249566814164538	0.0133734671544168	0.039737008612548	6
BAG5	-0.0606586461451849	0.542417770663394	0.683565832000216	6
MYO19	-0.487631213385457	1.06921129685439e-06	9.82137355233381e-06	6
SIPA1	-0.163358312774485	0.10004205095156	0.199267013103698	6
OPHN1	0.495698977650466	2.83799114922184e-06	2.39464599341071e-05	6
NPC1	0.0489851100246958	0.677636520924309	0.789216910717278	6
PGM2	-0.332327206725936	0.000667365802501384	0.0030822933537985	6
PDZD8	0.31618682052655	0.0011529761826071	0.00494352621878085	6
TIMM13	-0.203172193272816	0.05573556838955	0.126792439880327	6
METTL13	-0.497000704856366	3.48898348851259e-07	3.56287739792795e-06	6
DENND10	0.512148818202824	6.7069923006846e-07	6.45823991616031e-06	6
FGF7	0.208667951370766	0.0382922299209528	0.0940023540562292	6
FZD1	0.275112977501603	0.00576865505474246	0.019580403941613	6
SNX7	0.354240996780556	0.000677738629990836	0.00312253188189338	6
FOXL2	-0.0413525724461973	0.68694708690966	0.795695574180909	6
IFRD1	0.00862777819981465	0.92864357337297	0.957672779403667	6
LIN7A	0.230697942452403	0.0198430337575106	0.05509256556636	6
TIMM44	-0.168020287404618	0.087816433702663	0.180135221572098	6
TBX2	-0.735778058268925	5.1887574082271e-14	1.54874407629237e-12	6
DHX37	-0.637629755959076	1.04343326780777e-10	1.92362914624002e-09	6
CAPN5	0.00931020542804358	0.925227638163807	0.955047945510523	6
FLCN	-0.557115417409826	2.08746632906441e-07	2.21591284592539e-06	6
RUSC1	-0.265624377130493	0.00699601225179556	0.0230856127526661	6
TMEM258	0.0496771135359677	0.670854382737449	0.783745117597679	6
TVP23B	0.168489729922752	0.0892351136209179	0.182221812068281	6
RUFY1	0.0195811074835163	0.843599489918032	0.904606908343429	6
SC5D	0.763732374094679	4.79860734390604e-12	1.11008907676336e-10	6
MPC2	-0.16434076424258	0.18951155748013	0.323336439547759	6
SMIM29	-0.0928713026695603	0.428524644208859	0.582954722170443	6
TANGO6	0.461096604748723	2.78147878171623e-06	2.3484672997903e-05	6
SYNE3	-0.324449756851734	0.0213390936406679	0.0583599604388348	6
RSPRY1	0.0449270985672586	0.645582223241189	0.765222764927849	6
TNFRSF19	-0.268390704323165	0.00530246281570115	0.0182331029370622	6
UBAC2	0.335619801998096	0.000441748345912119	0.00216563630437289	6
FNBP1	0.0735456021087957	0.512291266222495	0.657753602934715	6
SMCR8	-0.512466270762425	2.42028948775895e-05	0.000166274898368325	6
PFAS	-0.664286817037055	1.54690873882647e-07	1.68419848876533e-06	6
ALAD	0.224398117718185	0.0223475358135597	0.0605517937245547	6
KIF2A	0.0359749849756442	0.718613963006693	0.818971047191091	6
REXO1	-0.44384828893407	3.13233438150698e-05	0.000210783597963412	6
ZFP36	0.69297895425939	1.36322192831286e-09	2.1541524900819e-08	6
ASNSD1	-0.259996641337127	0.0115684564490101	0.0351663973629009	6
RPL13AP5	0.441504543582478	6.23328633647724e-05	0.000387205040335299	6
ITPK1	0.0183694909892704	0.848084314260506	0.907761971917275	6
IRAK4	0.111340214017656	0.24762670100363	0.393138374781182	6
PCIF1	0.00173252310059066	0.986468672053736	0.99181844868953	6
SMIM13	0.325014715035144	0.000728824570316437	0.00332300582579677	6
PGLS	0.095857156565867	0.434996729062811	0.588898688126482	6
TMEM39A	0.151137268284552	0.149485720881392	0.271366783059131	6
NT5C2	0.352199681277033	0.000862997074370514	0.00384941731275469	6
SUGT1	-0.294688775859635	0.0062207576467957	0.0209047314028011	6
IDH2	0.521265857664595	5.33461144103527e-07	5.23245084935523e-06	6
LIG1	-0.864275726183723	4.75956154519581e-16	1.80029047756932e-14	6
USP16	-0.289663226117533	0.0061617711272033	0.020727675274055	6
BCL2L2	-0.411318101460416	5.09756157822882e-05	0.000324393276678932	6
WDR33	-0.395016225568958	5.86473312094118e-05	0.00036743208981889	6
MEX3C	0.455844503706017	3.807110598212e-06	3.12815211012887e-05	6
STARD3NL	-0.0718550580037646	0.46794131078064	0.618797616416071	6
PDCD4	0.618187640841088	1.76261345074563e-09	2.71996258524791e-08	6
HSPA12A	-0.0229360715359757	0.827268966390716	0.895431412268809	6
EEF2K	0.0955211232798021	0.40734377669237	0.563221232416142	6
TNFAIP2	-0.0609633157910282	0.573321184783969	0.709263469788648	6
SGMS1	0.286563727473332	0.0042263510137581	0.0150492453284623	6
EMC3	-0.134272306867353	0.228914354654212	0.371862230076933	6
LRBA	0.321899714213484	0.0124728379550154	0.037518273766423	6
ATXN1	0.581615052040791	2.93383082032868e-08	3.65930392357896e-07	6
PMM1	-0.292169197878396	0.00560512774139414	0.019123975235866	6
IL7R	-1.46135540015179	4.72905085322115e-48	1.19708646886442e-45	6
FKTN	0.344548643991437	0.000705536507799525	0.00323475341419894	6
SYVN1	-0.27264022835199	0.0278482211268512	0.0727169479652335	6
TMEM63A	-0.219933475571756	0.10023899378799	0.199462717344113	6
TNFRSF10D	0.194499912644825	0.0470868778950817	0.110975902162983	6
UTP6	-0.0893262737522232	0.346409456191175	0.501958132083271	6
NEDD9	0.142192899206717	0.156843993354253	0.28119551682403	6
ARMC1	0.223491045339214	0.0352612923939985	0.0878583507156557	6
NIPSNAP2	0.519138674310172	1.38288506440986e-06	1.25105952596749e-05	6
HYAL2	-0.148471005022161	0.204710472440788	0.342368185633935	6
GOT1	-0.0517381500398914	0.593591720005315	0.725317426564318	6
UBE2C	-1.11396687975602	2.9166439823699e-27	2.88660035638609e-25	6
STK40	0.0168728934151455	0.858470978873049	0.913898327754733	6
DNASE1L1	0.33349925650947	0.00222335325017418	0.00867912183631161	6
RCOR1	0.26352184761048	0.0302322718694669	0.0775121532173341	6
C9orf78	-0.192555359882345	0.0501599861962877	0.116634468201435	6
FKRP	-0.244135191835372	0.0169187233416454	0.0483292437817011	6
MORC2	-0.207649233018021	0.0863125203847767	0.177854055388982	6
CLPX	0.249394197354015	0.0151820761284207	0.0442617205046295	6
ITSN2	0.381267841063164	0.000184817463379584	0.00101449218951854	6
PIP4K2C	-0.0831383426719123	0.398878881748342	0.55530859021189	6
TNIP2	-0.259094581371247	0.00836738551953022	0.0268306688413097	6
TP53INP1	0.780175277997794	1.61603394339799e-13	4.52592655254207e-12	6
TLNRD1	-0.302554592055727	0.00456431474743803	0.0160299026202046	6
R3HDM1	-0.126181465841351	0.238145924331153	0.382562216496335	6
CMTR2	0.406165618796943	0.00011129104782795	0.00065021041391891	6
EPSTI1	0.0686004231161484	0.502571280452455	0.649646053677272	6
PHF23	-0.402702500624842	7.85735128007117e-05	0.000476838704009114	6
AVEN	0.625023202890277	1.03518430741821e-08	1.41057257127804e-07	6
PSMB8	-0.135660683965826	0.227811599694431	0.37050510683399	6
BRD8	-0.368844630031525	0.000231903484936877	0.00123285362367694	6
PLEKHO2	-0.0224279451838488	0.816368432601849	0.888062891805342	6
ADAMTSL5	0.465688216428378	4.80115876257742e-06	3.84497247924629e-05	6
ZDHHC9	0.159511118633423	0.097584069060031	0.195569290657306	6
TXNDC11	-0.181519831878097	0.0886170585321149	0.1813817977699	6
GYPC	0.0145035664515261	0.89170959129392	0.934817883896294	6
NAA60	0.170631514188179	0.0978362723543462	0.195925582382513	6
MPST	0.318910480519382	0.00268147926183034	0.0102012461050499	6
FGD1	0.0712091593180498	0.593589629704176	0.725317426564318	6
PPP1R8	-0.0861330789372908	0.371122167625322	0.526750171711463	6
CYP2U1	0.471575619468469	2.51615677873848e-06	2.14647904591929e-05	6
SGPL1	0.36560079427499	0.000288853646407317	0.00148755107498416	6
C1orf122	0.370557535450111	0.00166125571655319	0.00677839708524167	6
EIF2B5	-0.583460682788931	8.63798634838266e-10	1.40372610251557e-08	6
TRAFD1	-0.00477908317854973	0.961690741429853	0.97706193104314	6
ATP5MC1	-0.41313259389568	8.64910373773338e-05	0.000519015532335371	6
PRPSAP1	0.0569849876773913	0.573897139940558	0.709502326222655	6
MAX	-0.0700164396553265	0.462302697229236	0.613622103824587	6
DELE1	-0.0878179193684278	0.362284268555233	0.518118936766973	6
TRAPPC8	0.176182116398368	0.0677246479122539	0.147739400144017	6
BPGM	0.279911237727005	0.00586961785950911	0.0198872020295285	6
PLAA	-0.0577584677299554	0.57347169456197	0.709263469788648	6
DIPK1A	0.0990601291473306	0.347115829002929	0.502585734310196	6
SEM1	-0.135655571077554	0.195503205503738	0.330814846901364	6
VBP1	-0.255647275116101	0.0179446787739459	0.0507314876936102	6
STAMBPL1	-0.24716949616843	0.0151482147862582	0.044192365077907	6
SRA1	-0.0668984426792365	0.509851685353819	0.655772692428407	6
CDCA5	-1.09492701353715	1.16793560743869e-29	1.31397747014662e-27	6
PEX19	0.255743195537491	0.016430221248707	0.0471898324889223	6
SCAF4	-0.753859127238869	4.19575918262225e-08	5.02536652601062e-07	6
TMEM63B	-0.193910979024127	0.0812217308226177	0.16983663904974	6
FCHSD1	-0.432311235451892	9.73547323523358e-05	0.00057854642977598	6
KIF20B	-0.679877747456513	9.53971957167191e-13	2.41948610254176e-11	6
FRMD8	-0.640351297619921	8.94389050143967e-11	1.68230939120951e-09	6
SLC6A8	0.547857108963644	6.86726821244e-07	6.59327873671391e-06	6
CCNDBP1	0.0193540466442099	0.852003477955308	0.910302092558905	6
MIER2	-0.231429320313281	0.0210493265072428	0.0576873380834556	6
BCL6	-0.1798391888824	0.127994338078055	0.240419652517007	6
UBL4A	0.0735254070276667	0.484801582750118	0.63396018614542	6
PDCD1LG2	-0.308273163554229	0.00155905813009071	0.00641108471302218	6
RAD1	0.247796592878213	0.0150566057654812	0.0439543361479329	6
NDUFB7	0.153826181308381	0.226536679934733	0.369092996408081	6
ECH1	0.0695091950578291	0.532102894145361	0.674837418602277	6
CASP4	-0.37424915027071	0.000177472927536694	0.000979076339130554	6
RHOBTB1	0.624798353109075	4.33008557993447e-10	7.34496346503575e-09	6
ATP5MK	0.173838453198258	0.135000939528958	0.250814024985134	6
ZPR1	-0.25636551856288	0.0233826129230111	0.0628840813602135	6
ARFRP1	-0.0825814163059022	0.409443919485711	0.565293718501197	6
SAFB2	-0.66606977501945	2.67049932344822e-09	4.0497445385425e-08	6
UROS	0.100684997475207	0.365308888335583	0.520970844762868	6
PHF13	-0.390820478039367	0.000312406629917835	0.00159573475731799	6
ENOPH1	-0.0539065490094307	0.624921150768667	0.749506797956079	6
DGCR8	-0.215918408880219	0.031962695043657	0.0811583632059523	6
POLD1	-0.678794783624082	1.2078852842457e-10	2.20518640728518e-09	6
DOP1B	-0.00517093258378557	0.972411323852699	0.983469093805077	6
SOCS6	-0.000534890659720929	0.995629095668031	0.997068303886054	6
CDK11B	-0.464633738315304	3.81745400577804e-06	3.1346941408644e-05	6
CDR2	-0.145418557444079	0.130828924381076	0.244894927705931	6
SELENOI	0.071418239117938	0.508138775062995	0.654336792814929	6
GALNT6	-0.170978343669862	0.139358868948175	0.256685124073909	6
TRIM33	0.0952840271707826	0.363075220217604	0.51862822829347	6
LRRC8C	-0.611885508906839	1.94159083137821e-10	3.44436120127107e-09	6
MOCS2	-0.081446949547581	0.441484140655033	0.594501866336798	6
SH3GLB2	-0.0848703027313863	0.388846249386384	0.545402435620265	6
CMAS	-0.0669112478442787	0.543249903827968	0.684090546645703	6
STK17B	-0.124213478628752	0.203771377634154	0.341382543438764	6
C6orf132	-0.191327705649426	0.11126399794389	0.216374422586187	6
POLR3C	-0.234496369103803	0.0428786605699842	0.10273240063391	6
CTCF	-0.458144007923695	2.14991602415402e-05	0.000149179465608536	6
CDK17	0.143360492131374	0.153395802441902	0.276482123448275	6
GOSR1	-0.0438475582562953	0.665917288245647	0.780184457756869	6
SFSWAP	-0.324809512395081	0.00247569931970767	0.00951741534617757	6
SCMH1	-0.150612334262894	0.120842468297559	0.230062107347522	6
THADA	0.0840203627511261	0.380489526601994	0.53640180343387	6
CLDND1	0.150374626699655	0.165697301748868	0.293273306833447	6
BAG2	0.0188062149229561	0.850741001699145	0.90971829152899	6
GLOD4	-0.172599286065448	0.108599206480487	0.212563770245748	6
MLH1	-0.368875822544949	0.00061206962910117	0.00285292936538906	6
DDX50	-0.102429279749752	0.334089252107566	0.489072966784769	6
PBX1	0.840756145015998	3.29277462099306e-17	1.3936589175605e-15	6
MRPS18B	-0.0998960439231081	0.327425104478395	0.482631203835288	6
RHBDD2	-0.216278474238016	0.0371255896288543	0.0916683804698196	6
ALG8	-0.116634097740319	0.239024141631299	0.383645259882062	6
PDPK1	-0.0183075536966375	0.890086906781017	0.934307332851557	6
PMPCB	-0.136035919763151	0.161381366772467	0.287140163669367	6
TMEM129	0.438117328029236	8.12392892738406e-05	0.00049120476100669	6
DCK	-0.067314246056142	0.51995493621492	0.664224264887131	6
ABCB8	-0.233031539998945	0.0358536758905195	0.0890792630703865	6
CDCA4	-0.857759372919048	4.00636598653878e-13	1.05895171648213e-11	6
ATP5IF1	0.15295466021588	0.157507556988403	0.282001084417622	6
RRP12	-0.630806973634912	6.33290968224699e-08	7.37699912809002e-07	6
USP40	0.0584731318593376	0.612767162647103	0.740601749587286	6
COMMD7	-0.547223630847877	2.4463703224278e-07	2.5740665510885e-06	6
CHAF1A	-1.03870125055489	1.99576602850973e-23	1.49262887689054e-21	6
COG6	0.680866079845141	9.01226893927747e-10	1.45914509283775e-08	6
HNRNPLL	0.265725357356361	0.0104299031933353	0.0322956517840208	6
ZNF622	-0.422529255622217	7.32627935486881e-05	0.000447913679276071	6
FAAP20	0.0507401776081746	0.644973039817071	0.76488262257759	6
ENTR1	-0.277402673165892	0.00587719601918774	0.0199077537829563	6
SLC30A6	-0.0267011642054704	0.790629399548974	0.869646092275687	6
MRPL49	-0.104052044947935	0.328918628829553	0.483924648330507	6
PHLDB2	0.651175094704104	9.19437977021177e-11	1.71911393345593e-09	6
SMAD7	0.285776426585842	0.00411302886814925	0.014687954148521	6
MYC	-0.0792606093637615	0.48648355574485	0.635591369158259	6
KIF4A	-1.1032806602582	5.02208505770694e-28	5.24648457258702e-26	6
NQO2	0.0336910643675933	0.737647870402701	0.832732325738486	6
RBM19	-0.421226207353623	1.72713703408848e-05	0.000122623003126789	6
ATG2A	-0.552215290274168	2.44923905185255e-05	0.0001678257867753	6
PRAG1	-0.402640741126688	0.00103321142631539	0.00449889580039349	6
SPRY2	-0.439872554057537	1.98504015941273e-05	0.000139134226923149	6
PLAAT3	0.238347778709219	0.0161993060632846	0.046627685378151	6
NAXD	-0.090927318443566	0.350936168672924	0.506855044759211	6
ACOX1	0.217232995278881	0.0308018441240769	0.0787577067220716	6
ATP5MF	-0.047712227565685	0.675189193573124	0.787320080053125	6
POLE3	-0.67827755873573	1.57009326226553e-09	2.45452940750608e-08	6
CREBZF	0.22498207531773	0.0318922675599985	0.0810107907935663	6
BUD23	-0.159670803652555	0.116106854316386	0.223415334674708	6
POLR2G	0.11115288344565	0.276547530187743	0.426952280068175	6
SEH1L	-0.11119362155051	0.26132422884713	0.408817912627643	6
SAV1	0.100524157842283	0.311032135345674	0.465240454267625	6
MAPK12	-0.138048242410108	0.150870498053481	0.273164837122141	6
BRAT1	-0.448387350770819	5.6967399388887e-06	4.47946163772951e-05	6
PKMYT1	-1.03256570773152	1.20036854512335e-18	5.78771104742077e-17	6
PRPF4	-0.581623270868022	1.3475526978201e-07	1.47938583497964e-06	6
CYTH2	-0.485298642841249	1.84100751066817e-06	1.60804126495854e-05	6
MED23	0.192206007856379	0.0767986956905116	0.162890949302966	6
SLC61A1	-0.392261100893795	8.30101309266666e-05	0.000500761848481995	6
ADPGK	0.078985242600475	0.462460533551028	0.613742866695084	6
TRAP1	-0.213445864440412	0.0568060973215945	0.128543692460744	6
NEMP1	-0.62146240513811	2.99501485075928e-09	4.51068426550852e-08	6
ANKRD1	0.498908690821568	3.50029519557589e-07	3.56889122070994e-06	6
IFNGR2	0.433017108366547	5.03080897139979e-05	0.000320525355714111	6
BMPER	-0.393194357623679	9.56666613372444e-05	0.000569801024064321	6
NEDD8	-0.287129802495756	0.00861230735695446	0.0275021353080038	6
CDCA8	-1.26018268265883	6.55049034161258e-32	8.05832751090153e-30	6
LPCAT4	-0.271877788907868	0.0199304856036876	0.0552722834473214	6
SNRPD1	-0.421575824125442	4.86608693594674e-05	0.000311386982682873	6
SLC25A22	-0.617318896178201	3.69066083886208e-10	6.3255427893153e-09	6
B3GALT2	1.72743350155823	6.87503596657103e-51	2.20722191287743e-48	6
UNC119B	0.121099055699919	0.230243091658717	0.373329615115015	6
PRR5L	0.642715235614529	2.18934027161719e-08	2.80879980460985e-07	6
PRKACB	0.716132219214096	2.45433854160909e-11	4.99327020451321e-10	6
LRRC8D	0.0723225983159754	0.465474120017398	0.616524094151731	6
TAF1	0.118139213852746	0.330142646911077	0.485061687832403	6
NFATC2IP	-0.269351660093993	0.00703843269596311	0.0231965171699956	6
TNXB	0.450119059033735	0.299181965944078	0.452554840004816	6
PREP	0.0232372920860804	0.815720755566309	0.887676281871637	6
CDK14	0.474038717761205	6.41129647642449e-06	4.97300503943286e-05	6
CREBL2	0.280249075827532	0.00807083566976897	0.0260383357649924	6
SPECC1L	-0.257848954102975	0.0105523556471337	0.032605788118127	6
PARP12	-0.437001846618056	7.79731026888687e-06	5.93958304799525e-05	6
RPL10P9	0.153208072773782	0.185862977477187	0.318805625818636	6
LYPLA1	0.24630111606284	0.0244731239819009	0.0652236750301197	6
PITPNM1	0.296638263276807	0.00832687523872586	0.026746378420534	6
ME2	-0.00996468590480586	0.919058375041608	0.951066461530871	6
EBLN3P	0.68778586463793	1.81180825469394e-10	3.23154905915127e-09	6
NR1D2	-0.270082176158578	0.0113403436163767	0.034658217558014	6
TTC1	-0.281995614693492	0.0172435656958291	0.0490655112957629	6
FAM210B	0.507307226095478	5.76102153161757e-06	4.5246018150765e-05	6
RMDN3	-0.244950820599894	0.013420409947486	0.0398584964212	6
UPF2	-0.315403438386137	0.00240867323864965	0.00930048865953223	6
MUL1	-0.347174775342054	0.000504567742752828	0.00242218278550528	6
USP13	-0.118571416918441	0.223390137080317	0.365429232533136	6
BRD7	-0.125533208549312	0.193146530148991	0.327880806854677	6
DDX49	-0.377008099411059	0.000193377081589629	0.00105444180818736	6
SLF2	-0.0296379143226033	0.8007665661082	0.877223694421779	6
AAGAB	0.027811259719783	0.804708463731184	0.879546417677786	6
TSPO	0.193582762596435	0.124281014131168	0.235145122567449	6
APAF1	-0.0444980313599047	0.678742881192997	0.790014508554596	6
RREB1	-0.21108332994367	0.141123263058187	0.259188713776324	6
NUDT16	0.0387990219593324	0.691213102526499	0.798528880863288	6
TCEAL3	0.591506328815984	1.36244697220743e-08	1.81517100153506e-07	6
MAPKBP1	-0.122312291676452	0.420079707674414	0.575271451531243	6
TRPV2	-0.316429127324515	0.00168911669513929	0.00687928312441785	6
ANKRD13C	-0.0526321033429826	0.602081250270276	0.731916835732143	6
USP38	-0.0482270630511984	0.636686821115829	0.758879408040105	6
FKBP5	0.129793387689822	0.205902438641465	0.343858639918499	6
CAMSAP1	0.00733374154213135	0.944271434048869	0.966745343889341	6
PPIC	0.491721302463677	4.95039273366349e-06	3.9492133062553e-05	6
COX5A	-0.0670287652494841	0.508330797845712	0.654516274542261	6
AMMECR1L	-0.109384187252099	0.319535552032235	0.474791393085531	6
ATOH8	-0.421439598029278	2.07317859219439e-05	0.000144540518056434	6
GALK1	0.101920440216231	0.352591121545949	0.508508483938789	6
SMARCAD1	-0.037968340587902	0.712805320374114	0.813901494802608	6
HDDC2	0.101320802273733	0.362871856076367	0.518487982595995	6
CPSF3	-0.298473319045056	0.00241609155968173	0.00932093001174989	6
BTBD10	0.0992359708241954	0.342971852439672	0.498256323635943	6
RBM8A	-0.402016646732285	4.30057660755387e-05	0.00027831115971107	6
SRPX2	0.154948006298799	0.123725091787844	0.234228877204573	6
MAP2K4	-0.0524696092852115	0.641032388098765	0.761927408438842	6
ERAL1	-0.595897835529309	8.4669382100446e-09	1.17439734097805e-07	6
APCDD1L	-0.0370443058495288	0.730612156138463	0.828206928943536	6
MRPS15	0.0851482504877105	0.459218007675282	0.610574407578762	6
HMGB3	-0.473829358764077	1.4572591521764e-06	1.31113480656856e-05	6
FGFR1OP2	0.340990474778126	0.000772132829148457	0.00348784640702853	6
ZCCHC14	-0.162645506995249	0.261463724103618	0.408817912627643	6
RNF146	0.145641327764038	0.138883565694691	0.256211505674111	6
DOLK	-0.446193383474446	0.000138488342143709	0.000789827576966051	6
AAAS	-0.365749016896209	0.000636747253854865	0.00295227337178288	6
UTP3	-0.440070112697619	1.79820146362081e-05	0.000127256590675488	6
SESTD1	0.579172655621826	2.2373081699796e-08	2.85846264075838e-07	6
SUCLA2	0.0877576802092459	0.431562484886171	0.585574372596296	6
INO80	-0.402570899420087	4.51234557897547e-05	0.00029030305403741	6
TINF2	0.0292614276429448	0.775041905477873	0.85815606184096	6
TMEM132A	0.104500574313817	0.34936067662293	0.505344460042597	6
PCGF2	-0.276465052662538	0.0139784968566186	0.0412646230373786	6
ARMC8	-0.16792890496572	0.113852130532397	0.220355182208196	6
SENP2	-0.115241658462149	0.232032607579172	0.375425371895835	6
DEPDC1	-0.821868719156899	2.84526120700558e-16	1.09830420140218e-14	6
NUP107	-0.398161218745013	6.20081379503662e-05	0.000385916368718993	6
SGSH	-0.51036705268334	3.23896294425941e-05	0.00021752280222085	6
ERI3	0.0815721567023094	0.414446683636664	0.570218002929703	6
RNF19A	0.281367509144904	0.00417220045579407	0.0148750472913373	6
H2AJ	0.296044552277507	0.00896053668507008	0.0283868939556143	6
IMPACT	0.439645761974444	1.23872132466445e-05	9.03222667473795e-05	6
PWWP3A	-0.04613288927989	0.643101658052081	0.76365783716189	6
DPAGT1	-0.107018750425878	0.313949761694618	0.468433542641834	6
DECR1	0.121890413553425	0.230137423176006	0.373204250494736	6
CD320	-0.393468508620486	0.000500875900968651	0.00240797278467873	6
SPOP	0.370003697155046	0.000821301130990796	0.00368214808829423	6
UBE2O	-0.510596855938382	8.63692958514089e-06	6.49274152651111e-05	6
SMAP2	-0.339130366168699	0.000494242901671935	0.00238130282383151	6
GGA3	-0.287796196702219	0.00785433065613976	0.0254208395443245	6
SLC15A4	0.399525396356436	7.51560451738172e-05	0.000458636542708834	6
SPPL3	-0.290733281470159	0.00668198346332073	0.0221952824763277	6
TTLL12	-0.509110906486001	6.67240303533256e-07	6.42963698053312e-06	6
FOXP1	-0.256393886680881	0.0381513053178163	0.093708832225866	6
TEX10	-0.47329154420292	4.94275346234017e-06	3.94551023800993e-05	6
COPG2	0.372608829086416	0.000344836397134173	0.00173956860899769	6
LATS1	0.154288746133212	0.149908817542006	0.271974401058561	6
IDH3G	-0.220281079238443	0.0518038441152842	0.119532267434852	6
FKBP14	0.285735744419758	0.00548312032593988	0.0187465747663238	6
DCAF11	0.101345863048128	0.328889096472401	0.483924648330507	6
ZNF804A	-0.10683313086896	0.272828104875826	0.422062157420933	6
PLEKHJ1	-0.345428138330514	0.00303922242888534	0.0113605554977117	6
SLC15A3	-0.191741970643458	0.0579266361491483	0.130339882330126	6
APPL1	0.261877960211531	0.00882689780851821	0.0280716249948116	6
INPP4A	0.360217286175366	0.000677216881181505	0.00312231376777308	6
KAT2A	-0.235570208040496	0.0293331364654265	0.0756192861916195	6
RAP2C	0.3438559233879	0.00061443469224273	0.00286091399150727	6
DPY19L4	0.515527921177918	2.60370971227984e-07	2.73088692770833e-06	6
MICU2	-0.0338890166487986	0.73336533864232	0.830104734074199	6
ADNP2	-0.564885368249096	2.9317157444478e-08	3.65930392357896e-07	6
TSEN34	0.0686538322698296	0.506848450756249	0.653186426209566	6
MEN1	-0.200541290204919	0.050318414692333	0.116897510165051	6
XPO4	-0.0618955061356824	0.554603861885097	0.69369378670933	6
FBXL3	0.0160923600239597	0.872867043139883	0.923751686625504	6
MMGT1	-0.06564845015206	0.509937362037429	0.655818807669631	6
NDC1	-0.739844548169844	4.15075393510624e-14	1.26473088073619e-12	6
LDB2	0.17918568061965	0.081517706917707	0.170266197422688	6
SNX27	0.147956218960794	0.187598383500853	0.320737436293249	6
PRMT5	-0.307845262028496	0.00664518924292747	0.022116466752125	6
DIXDC1	0.943912083522068	6.43007485055192e-17	2.64497110180672e-15	6
RTCA	-0.117526006811345	0.253997948401195	0.400570597312265	6
NBPF9	-0.0157801047072078	0.888739156411021	0.933501661702531	6
RNF123	0.0250429671958356	0.81982090809133	0.890605227244735	6
CLDN12	0.14809485993749	0.150380713570767	0.272580174724331	6
PUM3	-0.239539459200012	0.0180377113137566	0.0508961187616246	6
ARFIP1	0.159958257107723	0.119062453911636	0.227396848641739	6
ZFYVE9	0.265284335732954	0.00723674873220595	0.0237431015857495	6
ACTL6A	-0.180573107549831	0.0777668919520255	0.164546792921478	6
MRPS35	-0.112415990036524	0.26518671759332	0.413241714653826	6
PHACTR4	-0.137443643310002	0.210508569344261	0.349511137522516	6
CCDC25	-0.0272706605848451	0.787091308809698	0.866768417791522	6
GPR161	0.0307495451505768	0.760928675244303	0.848373088893878	6
TMUB1	0.101190139471613	0.352568453472147	0.508508483938789	6
FN3KRP	-0.438330850530788	2.00775146709828e-05	0.000140574641284121	6
MICAL3	0.455499647145075	0.113191785806085	0.219302837292537	6
SYPL2	0.796927403445653	5.77921010454233e-14	1.70947736193462e-12	6
HADH	0.132471878716202	0.186451203783833	0.319481540667352	6
FAM171B	0.398140153866476	5.82001368186522e-05	0.000365151764034279	6
HIP1R	-0.203500134065663	0.042372098401104	0.101759520389296	6
GADD45GIP1	0.190363365099164	0.0737373495854895	0.157944937724183	6
UBE2B	0.0268449478663534	0.801585693760138	0.877663657208842	6
MX2	0.337860501473456	0.00103082259048905	0.00448997940390712	6
VHL	0.746751420525727	2.56091284214625e-13	6.92182664089756e-12	6
SMIM15	-0.0532512147624301	0.601287482321665	0.731289580504488	6
PRKAB2	0.635447665568541	5.06702485799811e-09	7.29729192623951e-08	6
CCNC	0.0547290545720448	0.613400628168369	0.741142406942408	6
RBSN	0.151890657590955	0.133533527762719	0.248863687065437	6
VPS72	-0.327125510367964	0.00192772886848611	0.00769163234188623	6
YIPF6	0.293378600274393	0.00561916147254264	0.0191668884330341	6
OLFM2	0.790219288377947	1.33883020614094e-12	3.32509849121382e-11	6
GCC2	0.555613237375634	8.93978013482701e-08	1.01882533259505e-06	6
TPMT	-0.18696639982109	0.060559450268127	0.135328515629855	6
RIN1	-0.838608979145873	1.38501236587183e-16	5.47475008167293e-15	6
MIDEAS	-0.254704832842517	0.0410524851535961	0.0992938690198875	6
RAB29	0.491667429650606	2.02422862136173e-06	1.75410937083506e-05	6
BCL7B	-0.278284229866525	0.00757937258256397	0.024658250445944	6
DPY19L3	0.220251369254214	0.0473018742042378	0.111343807251499	6
ARSA	0.305545422123169	0.00339768773764142	0.012520650529276	6
PUDP	-0.500766736341196	6.80137291037566e-07	6.53955234618516e-06	6
TMEM97	0.0515831693532207	0.602269094504344	0.732077577889065	6
MRPL18	-0.310895889840162	0.00298186830092575	0.0111824308960358	6
SAMM50	-0.136841352216728	0.15851754251071	0.283385360867646	6
STRN	0.288335554293818	0.00876418066516245	0.0278923863867344	6
NPIPB5	-0.306389181789101	0.407783849779767	0.563711280681692	6
DDAH2	0.224359187224884	0.0270714700009522	0.0710693577228827	6
SPTY2D1	0.109568792816306	0.289192420445259	0.440940557201546	6
BLVRB	0.112353045124114	0.345460696175764	0.500989822946976	6
KCTD2	0.0153872428814495	0.88288586410432	0.929788513417487	6
RNMT	0.136508036435907	0.166531535333874	0.294512239634526	6
OAS1	-0.353315816183887	0.00105431586264219	0.0045816968306237	6
JUNB	0.527743712469038	3.92871079515292e-07	3.96272951698068e-06	6
ANKRD9	-0.082126840448835	0.504791071278604	0.651427928552967	6
ZNF629	-0.347796003036819	0.00366531441957831	0.0133683939331974	6
TTC8	0.0254163359233157	0.807735468354902	0.881610445269948	6
CKS1B	-0.714399667845037	4.66321465799699e-11	9.18890636874467e-10	6
CCNT1	0.195120306596703	0.052731571846106	0.121177667634479	6
CHMP7	0.126003797972236	0.222384591440831	0.364357527649447	6
MGA	0.105946875308864	0.448685315338228	0.600664657160288	6
SDC3	0.191045704619238	0.0796618967764339	0.167372633243128	6
GTF3C5	-0.49207435993421	3.08243764567557e-06	2.57941047234759e-05	6
RGL1	-0.248061395798401	0.0114285025797252	0.0348386705551001	6
PDE5A	1.00859461132177	7.3878255929469e-23	5.25653774486271e-21	6
TRIM38	-0.0586121314829994	0.572897896648691	0.709145666126266	6
NAA30	-0.0764896167445911	0.466020566040052	0.616934898940996	6
MINDY2	0.807122471575616	4.75808102580221e-15	1.61419125109883e-13	6
SKA2	-0.440457970746276	9.53174713840977e-06	7.09651513477872e-05	6
SNX13	0.478418495933941	3.69714231572938e-06	3.04730646850005e-05	6
HPS6	-0.0282337140864671	0.801020662291746	0.87726391361563	6
GPR180	0.193760619126432	0.0757590318813604	0.161257460649151	6
RNF126	-0.408619870831225	4.23002587066869e-05	0.000274284879485773	6
NUBP2	0.01629392697858	0.875997781789564	0.925644922669666	6
ID1	-0.573551324781932	1.22201197044773e-07	1.35339488760641e-06	6
TESK1	0.00958131243569875	0.931428031885954	0.958966537639015	6
CREB1	0.0649391505230046	0.540034192274612	0.681410091344969	6
CAMK2G	-0.00159974407260521	0.988252325661828	0.992474659547314	6
BCR	0.0493133410934274	0.636665811853518	0.758879408040105	6
CLDN11	0.25888733188888	0.0115418495903413	0.035127252290789	6
SDHD	0.106664263868355	0.326052442912097	0.481244061323827	6
SF3B6	-0.04429735369616	0.698684700617192	0.803290191013736	6
CDK7	-0.0555749107880449	0.616735517778112	0.743210621671087	6
KAT6B	0.232595055345663	0.0393195932142563	0.0960051577590902	6
GXYLT1	-0.120809237920424	0.267746771236238	0.416343857032794	6
KLHL12	0.159152854689766	0.108391652093727	0.212283784631711	6
EPS15L1	-0.374455955348546	0.000140029109455728	0.000797923449249242	6
ABCD3	0.427389025556641	8.48563332603796e-05	0.000510150433053463	6
TRAF4	-0.212073740829072	0.0287813515569174	0.0744446709655539	6
MRPL43	-0.14527095002021	0.222087321975295	0.364006402585084	6
SMARCD3	0.0143434483234226	0.891433652436426	0.934677486619458	6
BMAL2	-0.361561242706716	0.000224776996758535	0.00119738551531064	6
SNX29	-0.127071141731732	0.271978929951264	0.421034770663118	6
ADGRA3	-0.14979681352819	0.143941161616438	0.263371908584538	6
EZH1	0.0952099349667282	0.44750115163459	0.599537675212835	6
LSG1	-0.504983091744073	1.25884026852419e-06	1.14513576051029e-05	6
NUP88	-0.59420787489457	1.50346328494017e-08	1.98695654815939e-07	6
RTL8A	-0.286656948439521	0.0162801577953734	0.0468289548311036	6
MLST8	0.00932132506104445	0.93165514119705	0.958975338096401	6
SDAD1	-0.166839957318779	0.133007621104615	0.248231861137111	6
PPP2R5B	0.147120535433233	0.226694357226729	0.369167119160638	6
TSPYL4	-0.282837459570137	0.0055289872711493	0.018893577219662	6
CHUK	-0.0400006430921221	0.695963942910034	0.801765191082525	6
MRPL42	0.0698616649887422	0.538750811198913	0.680573601517399	6
DHX33	-0.148772788175369	0.150776101395092	0.273069045495817	6
OPA3	-0.0634168609921391	0.526730904674794	0.669566286647448	6
HECW2	-0.0766135046641368	0.45692331459354	0.608445279716213	6
RPE	0.22577017967287	0.0275976722239497	0.0721916056207968	6
S1PR2	-0.299760520822036	0.00293853346302696	0.011041940043912	6
PIM3	-0.361368259694147	0.000567995144253283	0.00268553163929812	6
MYSM1	0.145073864805032	0.171969942295231	0.301376694239398	6
AAR2	-0.204923238682208	0.0818164485366062	0.170673520140626	6
MON1B	0.14586534564404	0.17290333548619	0.302619356872549	6
GPR108	0.0405911652941142	0.694097451751932	0.800428874146037	6
RPAP1	-0.601133046144508	1.88490009594507e-06	1.64093518273313e-05	6
EMP2	-0.341940410506394	0.000569604195663808	0.00269217236176758	6
COPS5	-0.162604066819225	0.0973551015484456	0.195229311651766	6
OSTF1	-0.157676491158243	0.1198433021348	0.228622809565271	6
HLCS	0.157490401410612	0.116723460258766	0.224231013920919	6
SLC7A6	-0.228049461285885	0.0384785362075231	0.0943541304209437	6
COX5B	0.225363306204003	0.0377656564464817	0.0929176328607549	6
KCTD16	1.4682215349599	8.93559962578104e-44	1.86697298212946e-41	6
PHF12	-0.31178121723046	0.0160700221962076	0.0463372841552422	6
SNHG3	-0.267267033333118	0.0233327044017174	0.0627817637039668	6
MAD2L2	-0.390896907671045	0.00130232219856831	0.00551382023150682	6
ZBTB40	-0.297125332841816	0.0201450340863075	0.0557780992170943	6
AFTPH	-0.0849857376987666	0.439544922279195	0.592739454150297	6
CLNS1A	-0.0582170947511068	0.575039414407335	0.710660389807882	6
CASP3	-0.099115488579652	0.435988052724825	0.589755496661891	6
MED25	-0.286124544255328	0.0130472604960733	0.0389789128256497	6
CLCN6	-0.187825278540694	0.189348842106251	0.323100701146562	6
SENP5	0.0268240931676072	0.804933112398704	0.87964587451259	6
PPP2R5D	-0.234796285464291	0.0210196071984905	0.0576178862044421	6
VDR	0.301271805455471	0.0049119299558504	0.0170730747316765	6
HMGXB4	0.00507525727610264	0.961250846088838	0.976860323557662	6
THUMPD3	-0.059289979202063	0.566655107949859	0.704000111934308	6
OXR1	0.629143956834377	8.14478422118833e-08	9.33070449986963e-07	6
MARK2	-0.436911408527024	5.20070146124019e-05	0.000330549653956082	6
KIF18B	-1.1727631747782	1.86747666987114e-29	2.04846628379282e-27	6
FBXO28	0.0532145516690897	0.596138256762913	0.726980228672254	6
ZNF275	-0.0745570949012666	0.497034260823315	0.645085976653253	6
AIP	0.336499620767135	0.0015838446646109	0.00650082548184385	6
CPOX	-0.0677767286379534	0.49915929175013	0.647188067458361	6
MRPL41	0.110037558683126	0.346119519192039	0.501649167173743	6
TSSC4	-0.380335029988446	0.000703389821165838	0.00322603491846896	6
HSPA1A	-0.386174130747222	0.000129723307841941	0.000745654105294091	6
ENDOD1	-0.194410060112526	0.0573815373527383	0.129365113435823	6
TAF1C	-0.602653572033795	3.87604941097936e-06	3.17884351381441e-05	6
PEX5	0.105453476858451	0.302231516399688	0.455753631615202	6
RAVER1	-0.361292048139911	0.00607195768011531	0.020493635626502	6
TCF20	0.0595592794648493	0.582606133826405	0.715911551489635	6
FAM8A1	0.780340047319412	1.8180330199211e-13	5.02747240361796e-12	6
DOK4	0.0652125014970183	0.55210443777441	0.692128639469006	6
KIAA0513	0.257297267497654	0.0394784649935494	0.0963037499462734	6
RCOR3	0.25037814106439	0.0142672833634462	0.0419665365168809	6
HPS3	0.014010344899241	0.898943867623497	0.938738447404054	6
THOC5	-0.166626324959515	0.0912337416174431	0.185268625246157	6
DPH3	-0.0423676017758861	0.700246133179579	0.80464128892573	6
FBXO30	0.100553416375877	0.315356943583301	0.469893983290354	6
ARID4B	0.0549190831548657	0.588634537211433	0.721368686495743	6
GAS2L3	-0.502580531903013	9.09908082663423e-06	6.8090506492886e-05	6
IFIT2	0.356426986590382	0.000429344614373402	0.00211111810197874	6
UBA5	-0.0972112086449353	0.341588112175765	0.496776524203911	6
NOSIP	-0.281724519314892	0.00850356505377361	0.0272010757722532	6
SUSD6	0.24357020459302	0.0290002294782459	0.0749224770602846	6
PPM1K	0.631859964564364	1.65656489314152e-08	2.17835801083136e-07	6
MTMR4	0.0946874628758913	0.387409718804388	0.543769900684811	6
NOP9	-0.38088231828331	0.000534678866599581	0.00254666997982929	6
AIG1	0.443780982461459	2.34055526215815e-05	0.000161133519434036	6
GABBR1	-0.355911368044215	0.233599681331199	0.377508736875424	6
SLC12A9	-0.140419717432687	0.181693961584179	0.313492936994698	6
INTS10	0.14598447710466	0.138589770578688	0.255892432336551	6
DHRS7	0.0642339576673442	0.517017506369236	0.661306135102347	6
OSR1	-0.917424278701667	3.3433774776253e-19	1.70577045496054e-17	6
SPEG	0.675508138814431	4.85897047961975e-08	5.76723430326734e-07	6
CHST2	-0.533925699176603	4.0948913000399e-07	4.11772759224028e-06	6
CSNK1G3	0.532907248119039	8.74179577018574e-08	9.98856403845094e-07	6
MSI2	0.78431250999199	1.61572868275477e-13	4.52592655254207e-12	6
TBC1D15	-0.12803836963034	0.247544256784631	0.393102310538797	6
RARA	-0.0617328126524555	0.590760452842084	0.723102088700108	6
DMAC2	-0.203559494057268	0.0646847775801111	0.142740272805868	6
NAE1	0.0254064053982134	0.800248250466424	0.877147782570533	6
TRAPPC10	-0.0888561896428295	0.435692319700507	0.589597820933256	6
S100PBP	0.390832234599027	0.000886628784125363	0.00393482625942082	6
IP6K2	-0.120169137558329	0.271097355720844	0.420038934793834	6
TMUB2	-0.239522297068884	0.0144619771562432	0.04246330700594	6
RPL3P4	0.247275996371647	0.0437296934137011	0.104353508775299	6
MRPS6	-0.476307821530845	1.63181610242245e-05	0.000116357504638064	6
COG3	0.0579898236244634	0.572563704501504	0.708798649708765	6
AP4E1	-0.0508134603399419	0.652089835521328	0.770496734445836	6
DUSP10	-0.436970081707538	9.60936257237609e-06	7.14621692317438e-05	6
DCLK2	0.588356969262338	7.27401249427616e-06	5.6025644506821e-05	6
SAP30L	0.305676748874213	0.00267248938978025	0.0101758686253044	6
DIAPH2	0.513476714082148	5.01524854946619e-07	4.93760034828896e-06	6
MET	-0.563251787088414	1.28100980957711e-07	1.40986054544009e-06	6
ARMCX1	0.0629318451754624	0.58213469003059	0.715574593388447	6
MAP2K7	-0.142489938089578	0.155228683159397	0.278831216761346	6
SNF8	-0.383694121677355	0.000213445924506305	0.00114477967344324	6
GATA6	0.877199785029202	3.57843323640442e-17	1.5097088682946e-15	6
HDAC6	0.310325311561727	0.00488687360322594	0.0170039432300457	6
KCNE4	0.204970899427329	0.0401897422024711	0.0976407487285211	6
NHLRC2	0.0292793446891165	0.767519448645982	0.853012269882456	6
CMTM3	0.231961298583124	0.019690475485262	0.0547251976921232	6
ACSL1	-0.0187105537629704	0.852653490697856	0.910553131434032	6
HABP4	0.142682765938411	0.15606280325209	0.280061987621985	6
CHMP1B	-0.168579814836366	0.102351030643495	0.20277643232395	6
SCAND1	-0.129850592720614	0.285290597210478	0.436709595255583	6
RBBP8	-0.00679852213655492	0.95005446888726	0.970401720645845	6
MRPL4	-0.395876001810283	0.000270734245730661	0.00140745453260375	6
TMEM203	0.102784691601565	0.32451324148558	0.479897516871665	6
LEPROTL1	0.242621944334792	0.0180233579614523	0.0508665224799736	6
DDX27	-0.427964942871239	3.60530489068296e-05	0.000238835572602213	6
B4GALT7	-0.0286355178500117	0.804117178899115	0.879455602642882	6
BICC1	0.380574405233674	0.000144819488764779	0.000820249109557136	6
SPPL2B	-0.119617778611024	0.303536165280635	0.457144913454119	6
VAV2	-0.155219652374785	0.17633462222286	0.30694163347256	6
NDUFA6	0.069820436156459	0.524689221849349	0.668261657203966	6
PRPF3	-0.308247442104337	0.00234805688609756	0.00910114039802774	6
VPS54	0.00371594117905093	0.971747427132211	0.983175356136917	6
KDM2B	-0.318110925609395	0.00192483954275013	0.00768243265652515	6
SIAH2	0.448176120110021	1.62068289359036e-05	0.000115626281454363	6
AEBP2	0.198193645815185	0.0685764881948757	0.14927605657502	6
LINC02693	0.371589421170624	0.00179279499848046	0.00724771516124026	6
CCDC85C	-0.0309788683976334	0.7523261068581	0.842237015307654	6
MAN2A2	0.0868943843077339	0.444337886242958	0.596879232229417	6
AKIRIN2	-0.137800337030228	0.169691157599297	0.298468128384453	6
DCUN1D4	0.406693158624993	0.000302904903627179	0.00155201916949963	6
ABCC10	-0.0186327715513886	0.881370796978002	0.928861793484503	6
MID1	0.0231777736831088	0.835431240328023	0.900039962623157	6
HPS4	-0.085520099099971	0.464402170306228	0.615477825990825	6
PITHD1	-0.323713768774298	0.00199638828436907	0.00792952896413702	6
SAP130	-0.62915748616378	4.36451019869294e-08	5.19909934347467e-07	6
ATR	-0.00253874623939276	0.980562468882565	0.988674360620544	6
EPN2	0.175923307365955	0.0950645513467166	0.191540592281774	6
TENT2	0.0485843081623865	0.624416219295675	0.749310848262282	6
PCF11	-0.369583372005308	0.000274939955145179	0.0014236957630118	6
MED8	-0.065666601632264	0.593948383365865	0.725317426564318	6
VPS45	-0.160753249394373	0.106607797891028	0.209540624388421	6
SUPT7L	-0.0572072648218239	0.581046278672559	0.715263458913952	6
ORMDL1	-0.0138763830233586	0.890655458972894	0.934602416199402	6
TUBGCP3	-0.253035829421322	0.0161705501683246	0.0465863322095989	6
EXOSC9	-0.478328571650138	1.04954190898427e-05	7.76566618772338e-05	6
GAB2	0.239363830328468	0.0406805488102612	0.0986510803223045	6
SPSB1	0.539141195340769	1.98692603174224e-07	2.12288209057006e-06	6
STX10	-0.123299340100184	0.232679523945447	0.376260512738811	6
QDPR	-0.211323778573812	0.0457139250261133	0.108400719711535	6
HEXA	0.212782939517704	0.0398921723651465	0.097104394860255	6
GLCE	0.0809484841304646	0.446683677176715	0.598802680219007	6
IER2	-0.37180538399241	0.000345536778857665	0.00174197649180523	6
HS1BP3	-0.0436965496888806	0.678841562864269	0.790014508554596	6
RAD54L2	-0.412558901401628	0.000996647643581566	0.00436241559726503	6
PDE12	0.0554596392509673	0.598714115008941	0.729237891724131	6
BZW2	-0.311665229690601	0.00403440281212112	0.014454230869883	6
TDP2	-0.0169511207662478	0.86766082974635	0.919788958842812	6
MAP3K5	0.0354790788746264	0.735197245459617	0.83124904157232	6
TMOD2	0.678290979638928	1.50734241785297e-09	2.3620414578808e-08	6
USP12	-0.0182069567421194	0.868408657051209	0.920433461048801	6
AKAP8L	-0.244661815063952	0.0141367759016889	0.0416384831492349	6
PGP	-0.0730387622951568	0.577653764367573	0.713112686981353	6
KAT7	-0.275153587463658	0.00816827440394309	0.0262946920956476	6
CAT	0.244808194077664	0.0309572043856511	0.0791088490251068	6
GAMT	-0.119762473293948	0.304050516587731	0.45771008118073	6
NDUFA8	-0.119739911966836	0.281663830836115	0.432618553710127	6
VMA21	0.0110869590243423	0.918458544995677	0.951043881983802	6
CDYL2	0.263055783397619	0.0240167210121209	0.0642414344000299	6
GTF3C2	-0.346915972187264	0.000902571811265486	0.00399883970100558	6
TULP4	0.0904175152029463	0.506690350397326	0.653174525734992	6
SPRED2	-0.179388634030109	0.110384550570621	0.215162422502751	6
GTF2H5	0.261919694780189	0.020748783186044	0.0571317043289712	6
SIKE1	0.537509981451878	1.04479898511918e-06	9.62399513024758e-06	6
TRIM41	-0.143982007388606	0.225822356542467	0.368248225863293	6
MARCHF8	0.171596299750475	0.0964442248727072	0.193756918803334	6
STAMBP	0.252650334437276	0.0141272998613889	0.0416292026137144	6
SUMF1	0.419966821360727	0.000104750200536291	0.000616648877307335	6
GEMIN4	-0.788570508488691	7.8152276372143e-15	2.56596703126419e-13	6
HCCS	0.0116752132912796	0.910206049961855	0.946401881703855	6
RPS6KC1	0.0925493946825255	0.394987852790447	0.551583397653369	6
CTDSPL2	0.0892807086788482	0.407151488712913	0.563187631020086	6
RIT1	0.127018508258895	0.231633429935372	0.375055257443721	6
ARL2	0.273138637642447	0.0342437657542773	0.0857919087597168	6
NUP85	-0.63601631837811	2.36194714442632e-10	4.15090924727419e-09	6
PRPF31	-0.389305621026891	0.000134108116555901	0.000768174559715112	6
ATP5PF	-0.0457430768162802	0.648852420559136	0.767923432100333	6
TANK	-0.0706313020385378	0.527024361174801	0.669809951351154	6
NCOA7	0.74272623550535	3.19089839297865e-12	7.54920430093557e-11	6
STXBP3	0.059919251481261	0.580438579440886	0.714865070387791	6
NCK2	0.172765604156547	0.0908669020056981	0.184665899506099	6
SLC25A25	-0.18925989401381	0.0582145219840611	0.130831100030083	6
METTL3	-0.214453137311063	0.0306108047022967	0.0783148731382569	6
CHD1	-0.0505113930431402	0.661525498989551	0.777535326647088	6
CYB5R1	-0.140934060906046	0.174936998323177	0.304952418080781	6
IAH1	0.208775595905124	0.0482633244518862	0.11312146363251	6
NPRL3	-0.356741522458716	0.015524877235202	0.0450317230160783	6
MIGA1	0.338896573813476	0.00109783684141427	0.00473177025001178	6
TMEM204	0.093061301378809	0.424929734117156	0.579741924770328	6
POLE4	0.0350940276442783	0.766330064335338	0.852027131862783	6
CASP2	-0.712022838448789	9.88069649405201e-10	1.59191686598784e-08	6
PPP2R1B	-0.26311241532109	0.0145839793970705	0.0427738237084758	6
DCAF12	0.147443704847018	0.145302116054729	0.265345692789733	6
ATOSB	-0.0400349738812081	0.690886750326584	0.798277729037178	6
UFC1	0.0420636575913789	0.704309642462237	0.807985691452887	6
POLR2J	-0.0725836193270071	0.569081930012934	0.705550103113898	6
SETD1A	-0.603308597057397	9.93236631044401e-07	9.18761333410924e-06	6
FAM83D	-1.04302514117641	5.1774539839247e-21	3.08374781857017e-19	6
SMG9	-0.316406346485555	0.00152078551087085	0.00626937039761758	6
PANK4	-0.214066485295913	0.0368995620152159	0.0911615868630418	6
NOM1	-0.166537799547057	0.103157347384659	0.204097424263381	6
DCUN1D5	-0.0234334314524322	0.828664161746974	0.895871359448823	6
PARN	-0.130626962898742	0.235443592307322	0.379518002148087	6
PIP4P1	-0.127245194578831	0.230632790992229	0.373777324283515	6
ARHGAP12	0.272953751672062	0.00665295609246007	0.0221311248534374	6
SPIDR	-0.112080379995961	0.268205765784652	0.416900996656623	6
GTF2A2	-0.0171640182232269	0.874016296699334	0.924367388193261	6
CHERP	-0.62030898174821	8.92120277343287e-05	0.000533286975961384	6
ALG3	-0.441084514980471	0.000435464709483981	0.00213642265036811	6
ZNF865	-0.0920514596229163	0.445360910647726	0.597704492950246	6
FMNL2	1.14455071986359	7.31880648916511e-21	4.30077900968216e-19	6
MTMR10	0.0551234596516403	0.613782517731949	0.741349508458897	6
PDIA5	0.234909385747394	0.0184592208896005	0.0518963529623688	6
ARNT2	0.428036111029401	0.000499231916300175	0.00240182372597193	6
DGCR6L	0.112973013500773	0.306491012131217	0.46027851599352	6
CAPG	0.279462672950586	0.0226559278321605	0.0612361351241743	6
SLC4A1AP	-0.230935740966407	0.0297185754648394	0.0764332959835251	6
KANSL1	-0.268495437339532	0.0144150883337033	0.0423445230387273	6
PSPC1	-0.473070143093577	2.62085405584065e-06	2.22569689916326e-05	6
JMJD6	-0.445840335755063	1.38747624473467e-05	0.000100128014306154	6
MAPK8	-0.0509103518794625	0.638750279784371	0.760248361235367	6
SLC39A10	0.37316155247024	0.000560935192043053	0.00265692332956557	6
KLHDC2	0.516450079996148	8.1273329712446e-06	6.15181621049411e-05	6
HMOX2	-0.159028199870936	0.162973810403956	0.289582109388131	6
GATAD1	0.397935109679959	9.82158547898225e-05	0.000582611670391363	6
TEX264	-0.115148534551205	0.41603092368716	0.571767462528214	6
NDUFS6	-0.153030808114769	0.197487063276984	0.333443075155842	6
EFNB2	-0.867381684622548	2.94520017772078e-17	1.25056999804318e-15	6
SNRPB2	-0.120798990814032	0.238035943817019	0.382434220173402	6
CIB1	-0.16675875630852	0.143026441783249	0.26209899111693	6
ANKRD27	0.0899925995407246	0.380119588764195	0.536091418868674	6
GALNT11	0.112766432718107	0.270675963531718	0.41972847897836	6
LRRC42	-0.249415556930818	0.0176746837050518	0.0500865148782771	6
POMT1	-0.18442134128355	0.0776964785529326	0.164441112923586	6
INTS14	-0.098666519588493	0.334262414503187	0.489203487003052	6
MRPS7	-0.424026518677501	9.54925910450834e-05	0.000569021718391323	6
ARMC6	-0.510003717674653	1.07019328585166e-05	7.90513704919498e-05	6
EML2	0.0516528244234403	0.607318813181254	0.736022703831807	6
CDKN2C	-0.520473176664102	4.1295092006179e-07	4.14620363140606e-06	6
TRERF1	-0.133647549752919	0.327982819798498	0.483217202850098	6
SNAP29	0.0638157509551278	0.530982864809052	0.673994932447594	6
INAFM2	0.319768118725337	0.00374572700186839	0.0136276961098932	6
HSDL1	0.205773541108436	0.0473431917387386	0.111401221461748	6
VPS16	-0.147047620344184	0.143843941424046	0.263230613230185	6
NOL11	-0.302878634434202	0.00653025515563754	0.0217835146005213	6
CCDC82	-0.0233040045697889	0.834200582482213	0.899236939416377	6
CDK15	0.219228362858589	0.0395995570222921	0.0964941995145859	6
ASB6	-0.663972860711711	1.64247047723455e-10	2.95352990325662e-09	6
DPM2	-0.278710185198764	0.0108563360502245	0.0333727116835838	6
FBXO11	0.0612408177100063	0.582010517562856	0.715574593388447	6
EFL1	-0.332850477350964	0.00122806065429861	0.00523816020496843	6
OSBPL2	0.0513827282887074	0.612279630501272	0.740416791574483	6
PLPBP	-0.0360006434049551	0.75387254366409	0.843094672238778	6
CNOT8	-0.0198675253399067	0.859573602715608	0.914604100925192	6
LEMD3	-0.00262160062877969	0.979789083727218	0.988299377221466	6
NIPAL2	0.472633447416407	7.49438717624003e-06	5.74540584745763e-05	6
HTATIP2	0.120173885649641	0.239751128244405	0.384203080238751	6
RNF181	-0.0187843841526321	0.873800224683912	0.924287396135835	6
CLEC16A	0.0570820189837406	0.687333210615007	0.795932704436117	6
SEPHS1	-0.254750403420056	0.0111445810519719	0.0341233124882777	6
GABPA	0.204294091708084	0.052545604695048	0.120813588576579	6
GLIPR2	0.724814639261598	9.18883961189301e-11	1.71911393345593e-09	6
SPINDOC	-0.386192038745261	0.00090698371291869	0.00401298373551217	6
SLC25A44	-0.57151085804377	3.70730778250293e-08	4.52683602421949e-07	6
RHOT1	0.297214964360323	0.00615252644780817	0.0207018674929701	6
TMEM41B	0.468823705990712	1.12266212530526e-05	8.24642943939348e-05	6
HIBADH	0.210621846301117	0.0429489714108502	0.102882131152142	6
MAN1A1	0.517461902924137	4.73771784396242e-06	3.79796467600958e-05	6
ATP6V0A2	0.0723412020416599	0.483325986052093	0.632407550139532	6
VPS8	0.254172108529307	0.0149208568720205	0.0436257749903166	6
PRKRA	0.233689560934889	0.0254248712423999	0.0674053535072931	6
DCXR	-0.14797274924078	0.210967571682308	0.350096589265535	6
EXOSC6	-0.35016986007345	0.00100677164064487	0.0044012404868178	6
MAD1L1	-0.57111427099454	7.18944425289897e-08	8.30857372264347e-07	6
SLC9A6	0.0272897316979704	0.810641868171365	0.883537212117222	6
ZBED5	0.0527347532972018	0.607245516106044	0.736019588260024	6
NEMF	0.211612344699628	0.0511463437317682	0.118423803437338	6
TMEM222	-0.378645306372263	0.00122708737803896	0.00523570539939282	6
TMEM237	0.178980980304102	0.0803076672919993	0.168337435391584	6
COMMD2	0.323556260814899	0.00163790155487624	0.00669140228641712	6
NIBAN1	0.630567059703353	2.1432798025722e-07	2.26966951257103e-06	6
RAD18	-0.504163850401811	1.28302208488466e-05	9.32031992457876e-05	6
AP5B1	-0.209979965421304	0.0418294172035179	0.100787226551328	6
ZNF451	0.12414342118765	0.245700381476683	0.391023349217456	6
ZBTB21	0.0771207751456958	0.461079623197603	0.612369193840182	6
TAB1	0.0357820443270517	0.772749024239422	0.856708111350418	6
DOK1	0.0386022279384461	0.706983733477567	0.810014684159315	6
THUMPD1	0.0967614865547713	0.338413457050961	0.493618508727928	6
CPNE2	-0.309464865003355	0.00373156856755857	0.013583693875767	6
CHPT1	0.252345297894114	0.0206952480424771	0.0570137191258113	6
POMT2	-0.218306143158516	0.0664379485814223	0.14570521779028	6
CNPY3	0.0350315036412421	0.748224978043329	0.839775356922267	6
DOCK6	0.41946330031719	0.00364899506281572	0.0133162522905027	6
PRXL2B	-0.283132947789367	0.018000939159704	0.0508359498303334	6
CLASRP	-0.451731318046947	0.000195695823469727	0.00106532015067495	6
LGALS8	-0.150037344958893	0.164626581326431	0.291927750235728	6
ATF2	0.450168752329327	2.89453032503243e-05	0.00019599126887038	6
GLI3	-0.0625591849303926	0.682192493538808	0.792419678119602	6
ACBD5	0.264922795183852	0.0102294707065576	0.0317571987996268	6
PYGO2	-0.114704897765269	0.32470007014917	0.480065935456983	6
MIGA2	-0.441813197111641	1.14514359233148e-05	8.39550817434627e-05	6
GTF3C3	0.101767248703353	0.322861217782349	0.478273118043352	6
MTFR1L	-0.115927763281296	0.259148614603617	0.406382322376388	6
ADPRS	-0.514309283835558	7.90012745844153e-06	6.00804548977708e-05	6
E2F1	-0.650159405285964	3.69560668589252e-09	5.47807103675713e-08	6
NAA25	0.035003296630955	0.757559325724046	0.845780611069178	6
IRGQ	-0.212337052121367	0.132950434787884	0.248213726586794	6
ZNF746	-0.274651652046853	0.0118237659848461	0.0358196160318825	6
ERI1	-0.199078765222251	0.0591541255893446	0.132625746062433	6
ZNF770	0.588762972246597	4.97391554560564e-08	5.87716789289112e-07	6
CCNB2	-0.855479433581898	7.99394019691879e-16	2.9724360116396e-14	6
PAQR3	0.242434307305589	0.0309893101094681	0.0791755219275871	6
POLR1D	0.130320891699996	0.210202111841439	0.349222566978273	6
WDR55	-0.366659631656576	0.00159695515538662	0.00654647172542947	6
HLX	-0.058765250872528	0.57027307588829	0.706694078131949	6
FBXO31	-0.0460915653292985	0.663988505424264	0.778973324144348	6
ZFYVE1	0.0499391689850541	0.628994458157227	0.75281451652333	6
ECD	-0.211292829252572	0.0505932267815137	0.117401710717363	6
LRFN4	-0.0585749772837662	0.631951856355539	0.755155712393158	6
TCTA	-0.549417626452527	9.4548434114552e-07	8.75820575826776e-06	6
MED22	-0.313390158418579	0.00281211826587189	0.0106428731264151	6
MRPS5	0.0315152187798908	0.758205875689187	0.846215358800811	6
ANAPC7	-0.279884695494893	0.013586027721952	0.0403049093766181	6
SIVA1	-0.356756388005353	0.00102809979632992	0.00448108530433469	6
MAD2L1	-0.775576643610653	4.54835287550923e-11	8.98948481986907e-10	6
ALG2	-0.075902798554729	0.525278780271634	0.668644305514842	6
SURF6	-0.147515581633384	0.169077954068682	0.297735533030911	6
RNF217	0.898608414578635	5.86945241842502e-17	2.42954723848203e-15	6
VPS37B	-0.414221220908089	0.000154850400152689	0.000870322722976021	6
NT5C3B	-0.0804788878754292	0.468802723766627	0.619687713691515	6
APRT	0.0705566758018836	0.527395638959764	0.670152408111534	6
ZBTB1	0.112473645702499	0.277670412038659	0.428083348988623	6
TBK1	-0.0119465897815607	0.910276098962491	0.946401881703855	6
RPL6P27	-0.344116536196378	0.00172913233541948	0.00701404281390649	6
RELCH	-0.0494417288179041	0.640707880475699	0.761639829377912	6
RPS6KB2	-0.253255955427677	0.0243801644023092	0.0650022491447431	6
GALNS	-0.0368379576556867	0.749543860724276	0.84025258377735	6
PLEKHH3	0.0780108162598097	0.465299010772469	0.616418164130234	6
ZNF621	0.419003860591485	6.29042614939474e-05	0.000390386041510999	6
SNAPC2	-0.328963272216266	0.0066485476053761	0.022122050588869	6
CIAPIN1	-0.396499681958449	0.000114631960425754	0.000667655086320441	6
TEP1	-0.080503734755109	0.593807951900075	0.725317426564318	6
RPLP0P6	0.255010938967819	0.0327033300066511	0.0826880393541199	6
CBX4	0.0487630080950553	0.659858973797407	0.776545880880552	6
ZFYVE21	0.449791183878653	1.96808575376224e-05	0.000138312401370915	6
LPIN3	-0.232391305960081	0.0461805790220553	0.109284888605702	6
MRPL14	-0.195900674115522	0.146707162773948	0.267318159412164	6
MFAP5	2.25948176127128	2.66573601224424e-73	2.06406371348064e-70	6
YY1AP1	-0.529263799773036	1.41823815519218e-06	1.27864855046539e-05	6
PHKA2	0.0078030205556643	0.943852075453564	0.966627677799885	6
KIFBP	-0.115534638825329	0.283627868337304	0.43482339051059	6
GFUS	-0.0828764654314056	0.475345340317656	0.625152134796814	6
BNC2	0.584162815253554	3.7767149006495e-08	4.59029531276541e-07	6
VPS52	-0.290565569098686	0.00748185219793957	0.0243952490665045	6
PNPLA8	0.179309893572536	0.107579197042923	0.21097511482062	6
SLC35A2	-0.0591944222746407	0.556262832344421	0.69495896565581	6
SHISA4	0.264077174252807	0.0223147088709041	0.0605002086236272	6
CMKLR2	0.130733256285184	0.279243995187	0.430081569176695	6
GOLGA1	0.028878013093973	0.796180003989061	0.873925733197799	6
WDR3	-0.159073148912087	0.136628316907513	0.252980522640821	6
TCAF1	0.229415561451512	0.0433571540347054	0.103614781873425	6
SLC16A2	0.530625858638166	1.54280806080189e-05	0.000110549714231548	6
HMGCL	0.0671447205748676	0.523185312255049	0.667120823909058	6
DGKQ	-0.0801234169807711	0.481308875451378	0.630583132036079	6
CHURC1	0.449780455002451	3.39413591879845e-05	0.00022690203707031	6
RAB12	0.374488631351331	0.000395075707593452	0.0019653747313124	6
ELOF1	-0.19705084062344	0.0961925851323585	0.193428505667161	6
UQCR10	0.0201580526712131	0.860139373382338	0.914934802619124	6
FIP1L1	-0.709904788270728	1.28104784434998e-11	2.75080469415641e-10	6
BUB1B	-0.999797797615953	1.34625414563013e-20	7.70467100823019e-19	6
RANBP6	-0.191837450705951	0.0745299345437601	0.159168185679439	6
CEBPG	0.571373874652634	7.56871747424253e-08	8.72390789084539e-07	6
GTF3C6	-0.319192280335507	0.00285262058839302	0.0107682950401541	6
ZCRB1	0.391009299308196	0.000364816515360708	0.00182936373016876	6
ARL8A	0.0202649473782216	0.851776523912361	0.910192128357959	6
NUP43	0.0679480240652705	0.52982882352879	0.672724684490157	6
PBX3	-0.0247506358681976	0.82299625040812	0.892715257035194	6
BRD1	-0.0737282100446591	0.53570659859607	0.677899053770435	6
REPS1	-0.34621022330711	0.000869648334336013	0.00386990568791918	6
EDC3	-0.380191484036899	0.00073954044431723	0.00336370797116368	6
CZIB	0.174102983396084	0.118388269313184	0.226437778112385	6
MOSPD1	0.0539251538575028	0.636638946758885	0.758879408040105	6
PFDN2	-0.0714404326437806	0.561781612069261	0.699728554094217	6
HIVEP1	0.371945263989348	0.00213211357453097	0.00838261976748838	6
CLK3	0.171670408997207	0.111931940846123	0.217438036800106	6
PFKFB3	-0.293791074597555	0.0054430148312093	0.0186336551945924	6
CDC6	-1.09782345149129	2.00463920228253e-20	1.12285386466574e-18	6
MRPL19	0.296268344051355	0.0112557907493079	0.0344237856954323	6
MZT2A	0.326671659621926	0.00737563178634241	0.0241290355282809	6
TRIP13	-0.897546876329113	2.19654576022197e-16	8.52894744595925e-15	6
BET1	0.399412573967073	0.000501644562350132	0.00241078765031573	6
CACNA1C	1.08016620684392	3.15075055688853e-16	1.20913497318728e-14	6
RPS6KB1	0.16424379011954	0.12605719711417	0.237822973428955	6
ZNF358	0.353626550835811	0.000576192832448846	0.00271745834952496	6
LSM7	-0.21107496127869	0.0788247783710899	0.166170813212469	6
ACSS2	0.515555692243746	6.58187399799471e-07	6.35170142489768e-06	6
SCO1	-0.0120586829584366	0.911578520340497	0.947216843995773	6
CCDC90B	0.0743741844515282	0.492192498660331	0.640633823777904	6
COQ10B	0.14405016532534	0.202715377623982	0.340065096820369	6
LCOR	0.0881731774689408	0.446431462925454	0.598713942586627	6
ASPSCR1	-0.0923076584818274	0.385888100066968	0.541923083450496	6
EIF2B4	-0.172786202589829	0.116002894548794	0.223303027339248	6
SECTM1	-0.103091100321046	0.340246870608566	0.495670085346894	6
RIN3	-0.487070795619497	0.000221306030099971	0.00118143683386538	6
STK35	-0.378046833804398	0.00185154441331209	0.00743725331474734	6
TADA2B	-0.183723055633377	0.0953236749000521	0.191921452356924	6
FOXRED2	-0.669141600977865	5.02707188535267e-08	5.93464997550647e-07	6
CHIC2	-0.139308940067556	0.233528663299597	0.37744815754084	6
SIRPA	-0.239370798196253	0.0238754682828021	0.063902559781725	6
CEP57	0.157837741444972	0.126861955287969	0.23889612553012	6
MFAP1	-0.0204880371933964	0.852988905125961	0.910578618240197	6
RPS7P1	-0.104124536047632	0.354494571130157	0.510390344654769	6
CAPN7	0.372414455159596	0.000295532983583979	0.00151838433369083	6
SELENOH	0.0876333384678905	0.437296412748355	0.590821186446963	6
ZKSCAN8	0.457582496025613	5.89965306051789e-05	0.000369268346341403	6
EYA3	-0.199885475866135	0.0861428910231759	0.177643564865747	6
PGAM5	-0.206944358140986	0.0744797367681413	0.159126241694375	6
DPM1	0.0465390062727542	0.674772620520225	0.786995570078657	6
NBEAL1	0.942373569773008	9.83391424667528e-12	2.14666356930326e-10	6
COPRS	-0.288612416314606	0.0150174705325187	0.0438790154538389	6
RPL7P1	0.122730769587956	0.338273552391835	0.493482740788399	6
BRMS1	-0.703985332054646	3.51611825199862e-10	6.03424570417964e-09	6
ZWILCH	-0.713144713325713	5.81298630710971e-11	1.12855956873872e-09	6
RBM28	-0.386456257690622	0.000493727385506272	0.00238056174923775	6
PDE4A	0.0879735241180152	0.516763621573076	0.661223992189292	6
HEATR5B	0.0632723887320233	0.603273490632757	0.733027689208805	6
TRIM4	0.0269733161818511	0.804423414399344	0.879526987601841	6
UBL7	-0.224031208610964	0.0494060496412556	0.11526618777523	6
RIPK2	0.126241742942394	0.279451856720287	0.430325782640283	6
KLHL22	-0.110493382471462	0.301846387790767	0.455484282945707	6
UBLCP1	0.0524099214110498	0.614218864893544	0.741458003276523	6
ATPAF1	0.0357817084529699	0.745731445410352	0.838231672326623	6
UTP18	-0.266806615059594	0.0144688077624685	0.0424738886211804	6
MRPS21	-0.135228931058152	0.190542389620167	0.32480050175735	6
DCUN1D1	0.150318179205448	0.202865827056432	0.340143073484459	6
CEP78	-0.130712567056465	0.239601364966924	0.384103369511584	6
HOMER3	-0.183949074728182	0.0826274396141201	0.171956519785085	6
MEAF6	-0.107001859301109	0.319050818357797	0.474163477706186	6
CDT1	-0.976423070872887	3.07396005821739e-18	1.43484171086225e-16	6
C19orf12	0.287068012382497	0.00924441233030794	0.0291389366627977	6
CCDC9	-0.180978131268927	0.110078649899382	0.21469332769678	6
WDR48	0.20631557665974	0.0552990471894563	0.126029373912822	6
PARP3	-0.114622247839754	0.262675862261056	0.410203152798942	6
AIFM1	-0.129926256638861	0.257068775010577	0.404081410927093	6
DGKH	0.46119393568413	0.000283123978040371	0.00146032951526074	6
ATP11A	-0.0528887265250678	0.732942646829595	0.829840362998276	6
ZBTB41	0.606252565305307	5.91249358759689e-07	5.7478695046926e-06	6
EPB41L1	0.390519317540095	0.00106064520112863	0.00460008987889824	6
CNIH4	0.0196433165424633	0.855855475659987	0.912599052679104	6
COPS7B	-0.275550139794675	0.0135490358661485	0.0402209143836618	6
JAGN1	-0.389303065125055	0.000703075406737461	0.00322599790825789	6
MDC1	-0.772373442184878	4.0814836130408e-07	4.10738293566178e-06	6
INTS8	0.317643043726574	0.00563573966497269	0.0192071155312799	6
GLT8D2	0.501433061542564	1.80990039041649e-06	1.58718979607277e-05	6
HSD17B10	-0.355307713653191	0.00113070503568185	0.00485752949891652	6
FAM193A	-0.369561639658538	0.0158626310794862	0.0457894326533503	6
PCDHGA11	0.13883372062858	0.211188879451083	0.350375500405168	6
PDZD11	-0.0577457183945297	0.597623299875061	0.728313628021056	6
TBC1D8B	0.84271112426318	9.68291954030179e-16	3.54045194191646e-14	6
RNF111	-0.04309618818569	0.699582133601113	0.804174275136796	6
ARPIN	0.0412755837303614	0.696146347252312	0.801765191082525	6
ZNF579	-0.212621404439861	0.0516362292955471	0.119306246483638	6
SNHG8	0.409214819864081	0.00149899208167536	0.00620089024861495	6
KRT18	-0.709277749120584	5.22088563903334e-10	8.73221317237558e-09	6
UBR7	-0.414825671610562	9.3915852268929e-05	0.000559879693576047	6
NBPF15	0.18195679055529	0.0939309142658786	0.189604757626401	6
CTDP1	-0.0342162608543498	0.761105964198724	0.848373088893878	6
KDM1B	0.371077587753854	0.000716981644564982	0.0032780928750986	6
WDR75	-0.0743528959398335	0.48368537485332	0.632814888102003	6
RPL7P9	0.25739236277765	0.0387313164576849	0.0948672772668085	6
SLITRK4	0.718154374814042	8.01433875609085e-11	1.52135414397131e-09	6
BLTP3B	0.10331459042436	0.316905779204564	0.471721222624638	6
HEATR5A	0.65902934008014	1.74188038229987e-08	2.27916217417627e-07	6
CXXC1	-0.331989435842953	0.0019050798775653	0.0076128009800826	6
RNF139	0.199756778107193	0.0620963178873515	0.138023274628708	6
SHFL	-0.239389238183875	0.0328392679578408	0.0829307431131435	6
PTGR3	0.28086658661671	0.014382619336401	0.0422774493803141	6
VAMP2	-0.246660915592503	0.0246908085150701	0.0657372800331448	6
FIG4	0.363525721731398	0.00139412262253748	0.00584049525157887	6
PBK	-1.03958336579304	5.15856606700435e-19	2.60161705517158e-17	6
PIGO	-0.21047580237864	0.0527907629911744	0.121292514095449	6
KHDRBS3	-0.286642495052433	0.00672118049908166	0.0223073370926404	6
RP2	0.0589082829687429	0.600474044887518	0.730705357571822	6
PXK	0.394479357200071	0.000212861448244718	0.00114269789691894	6
IQCE	0.12053221585463	0.289850433438025	0.441739175100697	6
DOCK9	0.00809210815905605	0.947799716574984	0.969151531832247	6
APH1B	-0.152141160730413	0.148551722197975	0.27001144118637	6
RSRP1	0.369473278906176	0.0034432195119206	0.0126600833618466	6
LYST	0.171795550519402	0.163928776703375	0.290878075003221	6
RNF149	0.216349791424085	0.0360752208729685	0.0894309947265275	6
NSDHL	-0.0295609052075512	0.781898445763523	0.863037324720878	6
BRD3	0.444406186877512	0.000175401593603921	0.000968867468152919	6
TARBP1	0.425423161433495	0.000126753354138562	0.000730496672734631	6
PRICKLE2	0.0800684433444592	0.510450955537219	0.65623318063606	6
ANAPC16	0.414178286362164	7.31604025816295e-05	0.00044749552935966	6
TTC7B	0.312260126892716	0.00562297864961374	0.0191699735728738	6
STX3	-0.298274544685279	0.00566620672635031	0.0192724235501161	6
CCDC137	-0.445589949619242	1.8196066761566e-05	0.000128702217508057	6
DCAF16	0.297328164658177	0.00969724556125077	0.0303338505995114	6
FKBP3	0.0700585471094092	0.510962926138006	0.656619516981809	6
RFNG	0.050032568560247	0.647048189071031	0.766537798670814	6
NDUFV3	-0.121367144540605	0.248440210851737	0.39409719154512	6
FBXL19	-0.08368166852333	0.445867907478313	0.598201943342885	6
UBTD1	0.114498980696696	0.32487920129069	0.480214916007021	6
MRPL10	-0.120364364990172	0.259696787705066	0.406999501912344	6
TENT5A	-0.144310744505904	0.16678394745001	0.294760620338948	6
ANKRD10	0.0062738916411815	0.96259270253802	0.977519498804811	6
WDR44	0.135092595367047	0.271400815928514	0.420337562074012	6
DDX20	-0.421121221082617	8.32667846692903e-05	0.000501850131227962	6
DGLUCY	0.184174930775647	0.0849272188311259	0.1755215860377	6
PIAS1	0.169908201342119	0.107210929621165	0.210409641658475	6
CMIP	-0.223281728752903	0.131320724240858	0.245640854509366	6
MAPKAPK3	-0.292114264111376	0.00536841781993744	0.018431007763129	6
HEXIM1	0.0226957024267176	0.830417099244981	0.896989267380295	6
ZBED4	-0.0660562527338731	0.525852225109781	0.66889547063411	6
PTDSS2	-0.377165581579787	0.000316259969283888	0.00161353875026505	6
TMEM14B	0.174632908811965	0.122675962811017	0.232778391016494	6
PDGFA	0.24579648319173	0.0209500626491474	0.057508036950378	6
FBXL17	0.560839670705223	9.10575055145869e-08	1.03505176605225e-06	6
GPRC5A	-0.252498822157783	0.0250531241309732	0.066553839139455	6
NCOA1	0.259968826865542	0.0204972711086954	0.0565986112028022	6
LUC7L2	0.330360213118897	0.00287895473992046	0.0108490355687298	6
TFCP2	-0.199803190567867	0.0680958976056632	0.148377139576783	6
PABIR2	-0.857622826404103	5.28143840440611e-12	1.20276079095498e-10	6
RGS10	0.33574981981133	0.00264306044083506	0.010075471932439	6
VPS36	0.439437979440505	8.4876505993093e-05	0.000510150433053463	6
SLU7	0.0464040069065354	0.663780231713452	0.778973324144348	6
MICOS13	0.21834404001781	0.103559146630462	0.204677034098613	6
ITM2C	0.192926701081108	0.0968782583073867	0.194391541783557	6
FECH	0.120258169511307	0.310347054359091	0.464650863024383	6
HSPBP1	-0.329124520167696	0.00647227390213408	0.02162366402844	6
DDRGK1	-0.344775052978024	0.00299207414331452	0.0112130442090891	6
IRF2BP1	0.0669259678619731	0.534713574563432	0.676837655734056	6
NHP2	-0.0680784423244995	0.534574902207964	0.676753830164572	6
AASDHPPT	0.208736857021989	0.055416170015291	0.126244902373014	6
CCNF	-1.21020264577999	3.10677968437411e-30	3.58724043731722e-28	6
PSMG1	-0.236255697434888	0.0561836073701552	0.127529716125772	6
PGGHG	-0.00831861162655793	0.949783895924942	0.970200638061463	6
MTMR14	-0.150234364040762	0.181462607793424	0.313340194986861	6
PRMT7	-0.294306566477846	0.00436803713983554	0.015472678383115	6
RBM22	-0.422993556432605	0.000130422856440097	0.000749020968290139	6
CWC15	-0.222998143124101	0.0336539920507996	0.0845234683008348	6
CCDC8	0.0533205895396557	0.6151456663605	0.742178039074543	6
DTWD1	0.396221819611512	0.000300978507878894	0.00154395171442318	6
XAF1	0.685855962741803	3.47263489529173e-08	4.26401988122435e-07	6
CROCC	0.214193999263088	0.0769002222264392	0.163053741167303	6
NABP2	-0.287524700092326	0.00562100485253151	0.0191682090346819	6
TOMM22	-0.129146371342422	0.262223935209927	0.40964320664233	6
GCC1	0.143101306648989	0.193826184492711	0.328695447884251	6
SRD5A1	0.212794818385661	0.055554932677097	0.126495343163575	6
INO80E	-0.261535466650604	0.0192796904182036	0.0538008405712984	6
CPLANE1	0.596428545484586	4.94081084072724e-07	4.87160247913803e-06	6
PHLPP2	-0.216669759765038	0.0959285950746111	0.193015606384455	6
XPC	-0.0362096694322629	0.731566764112168	0.828924276147755	6
F10	0.894350687707343	2.1654611102697e-15	7.62138090761499e-14	6
LGR4	0.503586788425269	3.36479194256959e-06	2.7890904496249e-05	6
CD2AP	0.285039497305031	0.006272230470929	0.0210562024200047	6
VCPIP1	-0.100511729919801	0.367201691506838	0.523103448626029	6
DYNLT3	0.682424546829525	8.44546112545486e-08	9.6583496780506e-07	6
NDUFA12	-0.217452266640923	0.0555890455771679	0.126529242077168	6
ATG101	-0.0615917900224028	0.622449838018816	0.74823398091364	6
TOP3A	-0.307176114561785	0.00481418984593166	0.0167909859411761	6
BMI1	-0.0151960914630068	0.889790455522532	0.934138005106251	6
NBPF19	-0.204495636360892	0.14965552185979	0.271600115020049	6
ICE2	0.32174184774495	0.00214963295718742	0.00844141366809608	6
BLMH	0.0746241568009964	0.480394242418671	0.629769139662199	6
PLPP5	0.0259122051063446	0.817004107929011	0.888538636047333	6
AXIN1	-0.142924072147687	0.220614372258592	0.362409666958923	6
HMCES	-0.125442981836544	0.259004424039187	0.406257366608896	6
MRPL24	-0.151336660663657	0.209649226673955	0.348667395367318	6
LGMN	0.283184118222666	0.0102439604716446	0.031779696367725	6
BAIAP2	-0.213670767919067	0.0402953409035486	0.0978611757035811	6
NDUFS3	-0.310479061052534	0.0138986529497774	0.041065761790779	6
RTL10	-0.302249222454556	0.00638091176012849	0.0213611244909897	6
ADGRB2	0.707155171842487	1.3154033673709e-10	2.38493863976627e-09	6
HS2ST1	0.0823134336123296	0.438766297521779	0.592034553121437	6
UPP1	-0.0754394805520813	0.493062260514879	0.64138536764081	6
ZNF687	-0.0712571997827693	0.494735636312346	0.643026966111196	6
MTX3	0.234202824750639	0.0276804296168948	0.0723649443986468	6
AMBRA1	-0.329350198645813	0.00220436566632114	0.00862290201063454	6
LAS1L	-0.386777476077422	0.000803111386913684	0.00361537455059672	6
KLF5	0.364320615477993	0.00113692750745946	0.00487789334442269	6
SMIM12	-0.378014986350069	0.00265286386680199	0.0101099151936058	6
CHM	0.254304767933667	0.014038706386142	0.0414052189470731	6
PNKP	-0.356394511149947	0.00054385745931161	0.00258440279311145	6
PHETA2	0.313282504382176	0.00403973994645346	0.0144576119943358	6
NDUFAB1	-0.100333930818082	0.36253716172561	0.518364445949808	6
FMN1	-0.377511959229322	0.00644492838136869	0.0215480295361839	6
MPG	0.0217490448453992	0.871273407923937	0.922650513871611	6
ZNF706	0.13571982090516	0.228671440438396	0.371559334710605	6
TCHP	-0.358863151428524	0.00109474544917482	0.00472069183030967	6
GIT2	0.1861283723868	0.111787875625027	0.217254363923259	6
LIG3	-0.174929177961386	0.18301939873986	0.315201405941747	6
CEBPZ	-0.323974075693361	0.00477890746462384	0.0166900395215823	6
GMPPB	-0.452297619765591	7.94777840255434e-05	0.000482104180243423	6
RECQL4	-0.855409121927967	2.85266126023089e-14	8.85603305858944e-13	6
DCAF1	-0.299215165073041	0.00647555262877536	0.0216284443675641	6
GPSM2	-0.447249633501831	8.08055033589762e-05	0.000489481288869859	6
REEP4	-0.532492093319101	3.43251599779246e-07	3.51066107839488e-06	6
PGPEP1	0.473345479520584	3.08916248547948e-05	0.000208206071665982	6
PGAP4	0.0933711787269182	0.398640734305967	0.555066598390721	6
TFIP11	-0.631055526546729	1.67170957980704e-09	2.59183901048293e-08	6
EDNRA	0.499625562145733	4.16588847037629e-06	3.38282479553135e-05	6
RABEPK	-0.101417644608265	0.360757435516186	0.516512518316262	6
UVSSA	0.169422384506207	0.56482141541822	0.702252223590255	6
HK2	1.01522882468999	1.32005271659587e-19	6.99420023963546e-18	6
STRN3	0.337781864386144	0.00536306489644339	0.0184174336634188	6
ZMYND8	-0.23726569578605	0.0372874747507538	0.0919645924946923	6
ATG5	0.217297837324852	0.084310081193318	0.174679891032274	6
PRR13	-0.291371293502072	0.0092542321415361	0.029162905836495	6
ZNF646	-0.288753897272434	0.0165898374092235	0.0475341815014386	6
PRKD2	-0.489011116491434	0.000302531940265714	0.00155131590561652	6
TRABD	-0.418608119983726	0.000271047380135787	0.00140852612109252	6
CERT1	0.446591814194152	4.74269153811285e-05	0.000304075034885428	6
TRIM3	-0.22274485770687	0.0328434220047722	0.0829307431131435	6
PHF6	0.151656074424763	0.152389804422351	0.275196459817727	6
BCAT2	-0.191636851145251	0.0999175049418799	0.199158690501831	6
SDE2	-0.128354176904181	0.234749057431517	0.378842666617084	6
POLR2K	-0.0800799228614872	0.499525814709123	0.647298513390055	6
NAPG	-0.110393915889515	0.296886167149218	0.44975401291117	6
ALDH1B1	0.190179407675162	0.100205568940111	0.199462717344113	6
MUS81	-0.127020407145589	0.219814457905213	0.361430330695887	6
BCOR	-0.436812487712914	0.00137612945101147	0.00578207107102215	6
PDS5B	0.051219939298329	0.654313556555202	0.772511377247836	6
OSBPL10	0.209435801879176	0.0501314858159038	0.116607306554999	6
BCCIP	-0.502836338622774	2.26564265390671e-05	0.00015638518224108	6
FGD4	-0.058297869291511	0.641847564349102	0.762650251807837	6
ATP9A	0.527404637226713	2.1716335481234e-06	1.87075997342593e-05	6
CNOT6	0.0831835979517265	0.452985916666178	0.604854293069274	6
CRY1	-0.367429793585727	0.000513168158046855	0.00245630271431664	6
DPH1	-0.220251489674377	0.0395015006692986	0.0963420888104462	6
ZNF292	0.153389709401058	0.184004467268605	0.316401149922488	6
MIS18BP1	-0.12648368600246	0.239649191457432	0.384133257081609	6
PDE8A	0.0421722823446225	0.696848818372122	0.802293448459044	6
KLHL20	0.238803217240164	0.0213192916123438	0.0583179209254532	6
HGH1	-0.22032878322764	0.044409734742145	0.105727136627031	6
NBPF14	0.0495894870357869	0.632140857894452	0.755155712393158	6
UCK1	-0.205440089151246	0.0587970375891928	0.131915017178549	6
PHF10	0.408990157900198	0.000123032376781408	0.000712797172347565	6
CTNNBL1	-0.178746850006358	0.0981326747011821	0.196441553414679	6
GPR137	0.0360175926990187	0.739490981813102	0.833954745853827	6
GUF1	-0.0923240655018888	0.374151033669323	0.52976914476417	6
PIK3R4	-0.123993307810172	0.2722406687819	0.421390395481673	6
ADK	-0.0989719842068908	0.397059730730714	0.553537093370936	6
CDYL	0.318042165513061	0.00346275842158689	0.0127212640534045	6
ZC3H12C	-0.23475541885639	0.0404468310252089	0.0981809652430114	6
BRF1	-0.425773660557469	5.94226694520302e-05	0.000371405792021403	6
SMYD2	-0.0568657637418606	0.614923096224347	0.741977515409394	6
ZNF827	0.0509171171500352	0.73311316580573	0.829962036767939	6
ARHGEF9	0.703516505169683	3.03853393028891e-09	4.55537837407664e-08	6
KHDC4	0.027158929661844	0.837558702172535	0.901380524625712	6
NGRN	0.247616417679727	0.027639453384675	0.0722721741959629	6
ECI1	0.399650294143801	0.000864310840503189	0.00385279982844193	6
IGFBP5	1.74345405187989	1.54653368519063e-42	3.08439740881277e-40	6
LMBRD1	0.76856387373311	1.58939292729914e-10	2.86199440520363e-09	6
FUT8	0.115996087615631	0.310513917352111	0.464782203105053	6
NAB1	0.241942274706772	0.0237842463219978	0.0637231903799016	6
NCAPH	-0.937064196259953	4.01459966308918e-18	1.82851817872813e-16	6
RRAGC	-0.0771131159080734	0.486054790469828	0.635283408495119	6
DARS2	-0.363446745892035	0.000633500019257933	0.00293986963606837	6
JRK	-0.45648749271429	0.000543496384606861	0.00258438525943995	6
SKIC8	0.0417610437777963	0.693173211823079	0.800020954601244	6
NTMT1	-0.308345654716662	0.0105094199063027	0.0325036405607758	6
G2E3	-0.126542840620217	0.243006721174358	0.387720905553707	6
CHML	0.0166915000872385	0.87934716096222	0.927620346188949	6
ZNF83	0.374416005075633	0.01149369169558	0.0350049661705043	6
TAF13	0.0899581882527097	0.411328938747003	0.567539079740755	6
METTL5	0.247953591635774	0.03382510815314	0.0848856365553053	6
HERPUD2	0.321928931581239	0.00590790187775642	0.0199860479097681	6
ATG16L1	-0.161606870947822	0.133244758987727	0.248463063118777	6
RMDN1	0.330647580600086	0.00244858950460226	0.00943524111507013	6
TSHZ1	0.437171439126794	0.000111894698491738	0.000653447167811335	6
ITPA	-0.434955394433734	0.00015598737786983	0.000875591409339265	6
TJAP1	-0.49646818819895	3.76395919588043e-05	0.000247810162980379	6
GRPEL1	-0.475153849924307	6.10876052391434e-06	4.7636027711069e-05	6
CRYZ	-0.0810771703067423	0.457750034621501	0.609422848763307	6
MAP7D3	-0.0568441416436885	0.600804727435144	0.730919401207193	6
MED28	-0.0144035187743899	0.8932136570201	0.935798421470517	6
PLCB4	-0.219595748221669	0.0368630720574926	0.0911056360294358	6
CCNT2	0.185664836477522	0.0873860289551929	0.179504104110051	6
ZNF445	0.117704593311695	0.368830414699016	0.52440211154495	6
CLSTN3	0.0310442132636015	0.826389142349301	0.894920631899947	6
SOCS4	0.181372597068892	0.116112155626353	0.223415334674708	6
RPRD1B	-0.172407249752049	0.10938019911311	0.213679364934086	6
ZNF623	0.0899393704147287	0.43098172296021	0.585087914534369	6
ZNF507	-0.0131952422423836	0.913048246831906	0.947752864367824	6
CASP7	-0.0324669343355681	0.769103297321055	0.854177075821553	6
AGAP1	-0.0500215192204578	0.657084267495163	0.774864371918706	6
TMEM64	0.194898647652774	0.0742899692663445	0.158875526474881	6
TRPC6	1.16122056206123	3.3589567808125e-27	3.29954836610708e-25	6
GTF2E2	0.00777621839498357	0.953696319833341	0.973266127093978	6
GSTM4	-0.135621990633368	0.222849242495837	0.364800967413593	6
CPSF4	-0.444993587963615	2.54309898473386e-05	0.000173714644193315	6
NDUFB9	-0.177537517547236	0.135686567037832	0.251697052130635	6
TXNRD2	-0.538911488804994	1.74648980492213e-06	1.5397887007495e-05	6
LINC00205	0.263088595856444	0.0288494996016385	0.0745916250749102	6
KLF12	0.320128407295265	0.0130250270452022	0.0389373825955561	6
MRPL27	-0.361450949537677	0.00136546424957323	0.005746037697293	6
SATB2	0.0302293792674534	0.820092248864672	0.890666194043373	6
TAP2	-0.348232460555603	0.00446378654939414	0.0157450601164205	6
TMEM11	-0.208167362119038	0.0948023386310532	0.191158575888565	6
DNAJC16	0.134641466718499	0.214820839421762	0.35474679579835	6
GTF2H3	0.206395130909364	0.0578961408614714	0.13029353772603	6
SOS2	0.281240171686152	0.0124158151647989	0.0373552857175424	6
GBP4	0.0948594435311603	0.434425954336158	0.588246974274956	6
USP46	0.329419929946031	0.00209499000301167	0.00825145224705045	6
CPTP	-0.164299283607254	0.124316258295744	0.235145122567449	6
TOR3A	0.0764667465171041	0.47163977647016	0.6221882519219	6
PHF11	-0.142297408571654	0.190376589547811	0.324644001582826	6
SFT2D1	0.277819938715208	0.0114127288565479	0.0348067075854355	6
TYMS	-1.1092114075064	8.35977292262414e-23	5.85317505215434e-21	6
MACIR	-0.17033555861324	0.168170176177696	0.29665291195752	6
EARS2	0.186207346672055	0.0886638717006981	0.181449400372557	6
FKBP2	0.0225083527633159	0.839256991817157	0.902396649509005	6
SHLD2	-0.225882579294168	0.0445317196907388	0.105979212852865	6
NPAS2	-0.0650247987359821	0.645525539697232	0.765222764927849	6
GCNT4	1.00649432003049	1.73342720455566e-19	8.9478832523789e-18	6
NAT9	-0.302501548815052	0.00526017856979113	0.0180971590470885	6
PROSER1	-0.489066742336839	0.000173176540010664	0.000958185286322137	6
NDUFS4	-0.00886993432083941	0.940455899337308	0.964928093854398	6
KRCC1	0.204997986745931	0.0936366725706888	0.189155850375687	6
SERINC5	0.431266250690324	0.000174245487812335	0.000963289943752106	6
RAP1GAP2	-0.629726725802471	7.05182814880477e-09	9.92761646232269e-08	6
ASF1B	-0.813287852676494	9.23066793833927e-13	2.34562320603011e-11	6
ACVR1B	0.3057976968804	0.00491349881520387	0.0170740192461797	6
JDP2	1.86258058730105	9.82259945127071e-56	4.04046489303363e-53	6
SDF2	-0.24201826712991	0.0329754353142289	0.083136497805247	6
PYROXD2	0.213745271426529	0.0694507747573731	0.150606350598238	6
CEP290	0.29670094847899	0.00886136874731707	0.0281410111562179	6
RAB8A	-0.196558646926415	0.0849725773849183	0.175587760772006	6
NDUFB6	-0.0578767145156802	0.611212058164929	0.739468907058286	6
HEATR6	-0.0873480743639053	0.427079569300555	0.581650115954806	6
SNTA1	0.353183087001592	0.00449059148482434	0.0158174085402041	6
AVPI1	-0.183775040090679	0.139344068549634	0.256685124073909	6
WDR62	-1.12735978381146	5.80833806013817e-23	4.15517140682601e-21	6
DNAAF5	-0.4589910608637	2.34942987879149e-05	0.000161659934629024	6
LRRC14	-0.205273851814349	0.0698473481400215	0.15134166972298	6
LMO4	0.930805438804599	4.04612236108058e-16	1.53928059650011e-14	6
RNASEH1	0.194369252860557	0.102887985703623	0.203656324182977	6
MRFAP1L1	0.102498933907605	0.341679598845974	0.496799796709329	6
TRMT1	-0.531831594395396	1.74863992137017e-06	1.54065242871456e-05	6
KLHL18	-0.143582583107588	0.195354445686061	0.330648137915086	6
CHEK1	-0.628621795545653	4.33830123995764e-08	5.17255971209805e-07	6
KATNB1	-0.135039825755139	0.204810689788813	0.342382919696488	6
SPECC1	0.524268282037687	2.67759930119921e-06	2.26803343640188e-05	6
KIAA1143	0.343572887619465	0.00145803630094935	0.00605549906197074	6
RPAP3	-0.022051141020742	0.844593199682753	0.905324127640398	6
MLLT10	0.113974365250877	0.320587743183604	0.476017649579896	6
KLF16	-0.301199433218176	0.00870789158641771	0.0277333600174247	6
PPP2R5A	0.509640090733063	7.07873269689939e-06	5.46494771198162e-05	6
NFYA	0.106590518747885	0.340620904290241	0.495972672917305	6
ULK2	0.560441480435316	7.51740461710137e-07	7.13936486110428e-06	6
DCAKD	0.0110079020468115	0.920035119077608	0.951703125533874	6
NLRX1	0.254561780222064	0.0195781132317479	0.0544949681686398	6
AP5M1	0.0617227616255358	0.5901827080676	0.722658138259889	6
MRPL15	-0.313180932160676	0.00599578115388341	0.0202521086293475	6
PCCB	0.396043918308415	0.000316953045109208	0.00161590440731486	6
SMARCAL1	-0.243534299607128	0.0211436967679792	0.057885707270572	6
CDC23	-0.0496454917736166	0.652769778815158	0.771034511714278	6
NIPSNAP3A	0.242624635875363	0.0905489687974626	0.184302331166074	6
PLSCR4	0.580721482796323	3.16220919422119e-07	3.24934891674735e-06	6
DENND1A	-0.125276078627787	0.267037831008163	0.415535993564305	6
FMR1	0.0240687176687142	0.838370238759284	0.901737820950192	6
DCUN1D3	-0.0672083969249339	0.525898292607491	0.66889547063411	6
TMEM185B	-0.115119719491877	0.306985028238008	0.460810118222933	6
GLE1	-0.294621801411105	0.0129265432121194	0.0386920215036795	6
RASA2	0.0243627292105363	0.85323077394018	0.910578618240197	6
PDCD2	-0.021857836459636	0.83932812005648	0.902399415527521	6
ISOC2	0.203037458242215	0.0992802768470566	0.198204725182905	6
PSMG2	-0.189294265326531	0.0878690613549286	0.180215091089892	6
TSR2	-0.390037115314798	0.000674012950031129	0.00310972045610226	6
DCAF17	0.341332099002651	0.00151477651006181	0.00625621838808088	6
FCHO2	0.258494494865879	0.0213813974226314	0.0584299426627492	6
RNF157	0.314680309450101	0.00307746855991037	0.0114853185863624	6
TFDP2	0.0959480644408531	0.417662962028552	0.572915544933496	6
RPS2P46	-0.223914152089282	0.0415662343912509	0.100263211158519	6
NUDT5	-0.169272834250525	0.105868356882572	0.20824046348555	6
STON1	0.940479913773252	5.15178153882395e-17	2.14597786061834e-15	6
SMYD5	-0.177011274098098	0.109367256620217	0.213679364934086	6
RABGGTA	-0.190461818376608	0.07608845995406	0.161801679866768	6
BRIP1	-0.571937984160125	3.75020757831847e-07	3.79722941180046e-06	6
ABHD17C	0.0376030665133293	0.746168475190394	0.838468126936243	6
PTPN18	-0.45195419281326	4.03189528754144e-05	0.000262992258027295	6
DTX3	0.0422225112860017	0.708751667573676	0.811102260500113	6
SERTAD1	-0.591114606600195	3.02469094464103e-06	2.53430979658243e-05	6
PLK3	0.10033988783795	0.396504397528852	0.553007531302798	6
HECA	0.178721129325363	0.167938436297176	0.296403008444586	6
PMAIP1	-0.300376153019244	0.0139307545431058	0.0411421409133725	6
BAHCC1	0.311894398594591	0.0479805232306457	0.112578899694294	6
ABHD14B	0.237178037506371	0.067650060097955	0.147641623515999	6
NES	-1.64128182763298	2.38914530140693e-43	4.83820301575683e-41	6
CRCP	-0.310544364258217	0.00502978064344484	0.0174103573175343	6
ESRRA	-0.0840871994311886	0.462486932671013	0.613742866695084	6
DCAF8	-0.0979600418377692	0.417062894641477	0.572569762428636	6
PHF21A	0.253697864921146	0.0494583632777062	0.115326915115048	6
NCOA5	-0.727690764952697	3.4343745211915e-10	5.90936886567892e-09	6
PIMREG	-0.88456015454361	3.82717138084985e-12	8.97986753763398e-11	6
ACAA1	-0.0861495913642386	0.417345024564096	0.572718156623979	6
ZFTA	-0.243208762627027	0.0237106062475085	0.0635906092167796	6
CHORDC1	0.0856441625883777	0.51885872436165	0.663145682956831	6
CRTC2	-0.527649849272224	7.75679899278428e-06	5.91301883293566e-05	6
TOMM7	0.331390109415724	0.00507075920171072	0.0175279420620058	6
MRPS23	-0.250380973490668	0.0746656023544499	0.159419841653143	6
ADAM17	0.0461107784890976	0.678049955283483	0.789558701468196	6
CDK19	0.262885585931882	0.0171365694879714	0.048813820422023	6
EMG1	-0.365924858354343	0.00236092320574611	0.00914024475212826	6
PTGFR	0.742057836453067	2.0588693282443e-10	3.64259367845158e-09	6
TRUB2	-0.258903302225737	0.0210093817962584	0.0576138526216977	6
MCCC2	0.0494983339510969	0.647530891665083	0.766773041290706	6
NCOA2	0.59894350945987	4.22985216727637e-08	5.0569976455821e-07	6
CKAP2L	-0.898010937943433	1.5152788454275e-14	4.85294779619517e-13	6
NDUFB5	0.294976074998938	0.0387336631392402	0.0948672772668085	6
TRIM65	0.195748405481067	0.0804248195675538	0.168437852023502	6
MORC3	0.156636391975526	0.16672271661715	0.294691972449516	6
GK	-0.329337598868586	0.00271712868215817	0.0103159979357508	6
TRMU	-0.788252400149109	1.45497969422191e-10	2.62714646296886e-09	6
CCHCR1	-0.256137156400002	0.0193534836350601	0.0539610051023715	6
PDCD5	-0.017342154290172	0.877917780936132	0.926780956809873	6
TBCK	0.351062388490424	0.00141499949082697	0.00590256915013958	6
UQCC1	-0.394867872765976	0.000488002931344244	0.00235641327413217	6
GEMIN5	-0.259297567107754	0.0203621747132471	0.0562964305293995	6
SKAP2	0.256538677037372	0.0257267417842805	0.06810963437379	6
RPL36AP37	0.0361963630241996	0.777478057961419	0.86028443821	6
SKA3	-1.13134431022496	1.945393919617e-22	1.30649082468972e-20	6
KDM3A	0.0665802279590915	0.539918870046216	0.6813952144217	6
UMPS	-0.542083401419316	2.31806416547948e-05	0.000159752244032494	6
METTL16	-0.0316604607319808	0.778631429566318	0.860981645445349	6
JOSD2	0.145063430070366	0.239680365555636	0.38413644853389	6
MRPL35	-0.182774031442227	0.148554497992228	0.27001144118637	6
MTFR1	0.057036985841185	0.599276214337164	0.729652465943954	6
WBP4	-0.342320999081752	0.00163706691481855	0.00669006886052673	6
EIF2B3	-0.176684390767272	0.116323843565225	0.223691855785107	6
ZDHHC6	-0.10378332801879	0.325875468738793	0.481101255608875	6
DTL	-0.783626695699847	1.05673787473549e-12	2.66983505664938e-11	6
LMTK2	-0.294002827492578	0.0508336934361015	0.1178208074463	6
INTS13	0.0239060667723906	0.828292507207573	0.895729072656366	6
FNTA	0.0152954023942109	0.891953188980419	0.934849894621328	6
RPS19BP1	-0.363895187277127	0.0100538178379142	0.0313152873167215	6
LAMB3	-0.0820852330452337	0.50469434816541	0.651407949188937	6
CPAP	-0.522326830313398	4.80219916119494e-06	3.84497247924629e-05	6
NFYC	-0.443011169213814	5.68056596920426e-05	0.000358452971489145	6
CCNYL1	0.272984355694444	0.0131305826647867	0.0391611704057605	6
BTN3A2	0.153531693045492	0.151663691988065	0.274299145045191	6
NOL8	-0.138078807967398	0.202656163011992	0.340033533935864	6
DDX10	-0.184083390573768	0.105638157683539	0.207880859558741	6
NIP7	-0.481099339627118	2.03589677127691e-05	0.000142393778960245	6
TAB3	0.281958942542887	0.0114969289694045	0.0350067258904168	6
CINP	0.138645650221055	0.256213785399999	0.402943196409598	6
CMC2	-0.239075907505847	0.061611833627898	0.137088471739749	6
IFT57	0.236037941018626	0.0573136158616812	0.129292052371433	6
METTL22	0.188475773405818	0.0908129713437181	0.184641819863664	6
ROMO1	0.230285572458274	0.05494729715834	0.125372035447258	6
AKAP8	-0.458907265187316	4.19106626009557e-05	0.000272026652769418	6
NDUFA5	-0.0133869495813303	0.916728285343367	0.950318039025973	6
BRAF	0.147218300041467	0.198131682158066	0.334402786542714	6
TYRO3	-0.102589168982294	0.359861131598802	0.515694066161545	6
SLC35A3	0.457912928796945	0.000109736454457588	0.000641982644455659	6
ATAD3B	-0.774012903878726	4.69548108715053e-10	7.90365953326886e-09	6
POLR1F	-0.137983847628711	0.19313896575072	0.327880806854677	6
CLCC1	0.217763589255556	0.0479421607556156	0.112529005354167	6
UNC13B	-0.0089528497526078	0.942059507608794	0.965798492803867	6
GMEB2	-0.398654923895035	0.000227604818694961	0.00121195883029198	6
PKD1P6	0.104052325287	0.479529157267729	0.628877383392958	6
BTRC	0.222444034587607	0.0552066157097447	0.12587864943621	6
PEX2	0.408511804589626	0.000867780959982689	0.00386420865231804	6
ACSF2	0.275597086333533	0.0107909109223332	0.03321813855722	6
DMXL1	0.403255792031109	0.00154091281140751	0.00634042992702627	6
EXTL2	0.240253091678159	0.0297964568420259	0.0766184670802703	6
GPN2	-0.265413302709316	0.0157128574347543	0.045426826798522	6
NSRP1	-0.46834048891835	2.54232661397586e-05	0.000173714644193315	6
ZNF644	0.0189966293512551	0.862186037142232	0.916568793967307	6
RAB11FIP2	0.523059595794058	5.97642872681634e-06	4.66870809086549e-05	6
MLX	-0.171211370458715	0.149322606808912	0.271145464674536	6
ZBTB17	-0.527309119904597	2.24528998468423e-06	1.92790293988248e-05	6
LAMTOR4	0.0270622244508669	0.837094684784583	0.901146783377345	6
PORCN	0.115383719953736	0.289522875002162	0.441342166028195	6
TMEM126B	0.196224082604922	0.0906689539118211	0.184377481900402	6
BRCA1	-0.652975183857968	4.85172312323888e-09	7.04115010707755e-08	6
SLC25A43	0.0438711716641288	0.681679583192803	0.791907843285752	6
CACNB3	-0.025002015173563	0.826829495824348	0.89503258947578	6
TRAPPC4	-0.289753120256804	0.0136286448951769	0.040422229102121	6
NUP54	-0.1636832584991	0.17568378915762	0.305970589664164	6
UTP11	-0.370274525828026	0.00108466004001661	0.0046872554519825	6
ABCB10	-0.0481456817511001	0.656326129075484	0.774123730915823	6
ARK2N	-0.0380385135729731	0.720152140274936	0.820085009294834	6
RBM18	0.0325815910153962	0.766390734730332	0.852027131862783	6
AFAP1L1	-0.255607756679388	0.0169145269258057	0.0483277442857349	6
MAP3K12	0.00435980683808473	0.971427453950324	0.982983631956627	6
SLC25A38	-0.230509342871861	0.0461628308315517	0.10926835861099	6
PRPF39	-0.0658861629724147	0.554293399672389	0.693485792214395	6
SYNC	0.750958624308049	7.46790174527273e-10	1.22568566923971e-08	6
TIMM22	-0.344231994662996	0.0025145618476864	0.00964147323073002	6
OSER1	-0.309016594015679	0.00869497549831494	0.0277190512192588	6
TTC28	0.286133103372627	0.073601898693984	0.157737185364525	6
TNFAIP3	-0.751709495076096	3.11886887270577e-11	6.27731972040153e-10	6
FBXW4	0.0339784564849517	0.758592843072633	0.846431939761385	6
SPRY4	-0.677077115895069	3.32838999083415e-08	4.10990595209661e-07	6
TMEM8B	0.804889202158624	5.13112201867617e-09	7.38152558817863e-08	6
ALMS1	-0.0199146395500546	0.893563372656699	0.935941328422068	6
ANKRD13D	-0.130152653396181	0.263207200233477	0.410837943397755	6
OGFOD3	-0.145348389887115	0.175087060029461	0.305052411802487	6
P4HTM	0.0328860021136103	0.774623580195325	0.858120580328274	6
HRH1	-0.137297309733083	0.203727005428025	0.341351651279162	6
DDX51	-0.397018959584708	0.000542058159620936	0.00257957756872393	6
TICAM1	-0.197509609605739	0.0779236815505631	0.164825553631699	6
STMP1	-0.0972778930475991	0.384675334976261	0.540912448914915	6
SLC25A37	0.265055794576219	0.0214914433497353	0.0586425930374308	6
RIMKLB	0.173693488183292	0.123374418521902	0.233665823166013	6
PRDM2	0.0136211786708517	0.920670390597162	0.952078073924208	6
MSANTD4	0.29554850937521	0.00927654114505425	0.0292122275340548	6
LYPLA2	-0.552372501034148	3.21500282233878e-07	3.2984475565429e-06	6
COA7	-0.193806177073738	0.0876270303076677	0.179886868362419	6
AZI2	0.407053022486154	0.000577656265158556	0.00272138262298309	6
SPTSSA	-0.0304461979857284	0.806307268012312	0.880526754685239	6
ERRFI1	-0.483026876349801	2.1259122572617e-05	0.000147591682712741	6
GSDMD	0.0808168250548719	0.507282432860228	0.653617723545339	6
HOXD9	-0.00886436358811655	0.942300406667065	0.965854248011102	6
FASTKD2	-0.179116679936342	0.101783601221227	0.201925778880937	6
CEP20	-0.279329132675251	0.0152198010741535	0.0443355611243643	6
SECISBP2	-0.239997172664018	0.0752505811019201	0.160460618669136	6
SYNGAP1	-0.0651152958309981	0.670549012531921	0.783532655906395	6
EIF3C	-0.287125124555329	0.589086900711193	0.721786360798793	6
BLZF1	0.140187981578312	0.244494350373994	0.389527854511363	6
REX1BD	-0.213630290896832	0.0813003788930745	0.169947099788715	6
RGL2	0.181587971846377	0.0960948633163585	0.193303853183438	6
FCHSD2	0.246248445823185	0.0261923268526578	0.0691094151884321	6
PNKD	0.0573750798560698	0.624557211644751	0.749343412348907	6
PCMTD2	0.497831372860602	9.45719111439512e-06	7.04499188674494e-05	6
HEMK1	-0.0732922868328747	0.54829237931952	0.688661506582333	6
CRYBG3	0.130961494561403	0.284773699372451	0.436173633330181	6
CTPS2	-0.0972087029368546	0.39659584407038	0.553007531302798	6
SLC25A30	0.141325474776013	0.198025984789366	0.334267252857453	6
CRLS1	0.242709125632651	0.0492594712431135	0.114964968080337	6
INPP5E	-0.319183029179472	0.0106443969496514	0.0328593332664779	6
PLEKHA1	0.269036842176883	0.0206725295899171	0.0569749805259796	6
SMAD9	0.502511361862427	1.11850784105219e-05	8.22509425238545e-05	6
RFX7	0.13834823527218	0.254012214219059	0.400570597312265	6
RRP1	-0.550324268659527	8.04718952847683e-07	7.58776187416479e-06	6
CISD3	-0.0968899686234468	0.430760357324761	0.585003571462103	6
WDHD1	-0.574756875845536	1.17707704646277e-07	1.30860347657005e-06	6
PRICKLE1	0.308439377366907	0.00723383680104427	0.0237421998122979	6
SLC22A23	0.272789802502362	0.016845740856931	0.0481521144190624	6
LYRM2	-0.112949216161801	0.32403274766935	0.479470110234391	6
DCHS1	0.132099806770263	0.430786265910671	0.585003571462103	6
TBRG1	0.0967098435639434	0.393869959372657	0.550489517437066	6
TMEM200B	-0.121390571616283	0.309843165870954	0.464042051696367	6
DMAP1	-0.318920134965395	0.00759186809616121	0.0246866995429274	6
VGLL4	0.482767266545713	3.99034358649982e-05	0.000260410969901324	6
LSM3	-0.359645507498259	0.00389539038585776	0.0140645079604923	6
PPP2R2D	-0.225791423349233	0.0458603832987712	0.108669707535864	6
LUC7L	-0.207119187431337	0.101284770018562	0.201239460793106	6
SNAP47	-0.126373006832073	0.254171094431389	0.400773133205603	6
CETN2	0.302287837721336	0.0101627120234132	0.0315871967802096	6
USP35	0.313667806782307	0.00916368739339772	0.0289399273414813	6
GSTM3	0.427724365637158	0.00038221505498135	0.00191078494824136	6
IER5L	-0.0368255347832803	0.752529783258628	0.842237015307654	6
PAN3	-0.347519680674829	0.00327884259627503	0.0121473135645281	6
FBXL7	0.440185149163113	8.04971036494596e-05	0.000487839223101044	6
C1orf115	0.749565254315143	4.35163965256866e-11	8.61362898447538e-10	6
C4orf46	-0.414887447398811	0.000335804911235042	0.00170000741229179	6
PDCD10	0.109419432550583	0.409425116401241	0.565293718501197	6
FAM136A	-0.29313735116614	0.00998528531826698	0.0311312910100304	6
MVB12A	0.116785120546828	0.312999864899205	0.467334076867994	6
GATAD2B	-0.0333428364764668	0.806341221680154	0.880526754685239	6
POLR2D	-0.27776551744029	0.0142477779488019	0.0419185295351093	6
IFI27	-0.942906998752574	9.08125338854794e-17	3.64440665711758e-15	6
GNB5	0.394044622141365	0.000447638723259144	0.00219287998297734	6
MTAP	-0.0955712808769221	0.397531300122703	0.554011895266395	6
SAT2	0.081656163914186	0.499718086790892	0.647420194530366	6
INPP4B	-0.174323807998475	0.153381212064023	0.276482123448275	6
GEM	0.657240032705376	2.75718718915204e-07	2.87582052066627e-06	6
COP1	0.202706714971279	0.0807127079434623	0.168879569966586	6
NIT2	-0.00132176982111775	0.990285137867588	0.993303609673936	6
EMC8	-0.121176562338123	0.321691041299249	0.477117653703889	6
ACTR8	0.11696047986878	0.285892327015366	0.437428885331078	6
RAB30	0.301094498514591	0.00881774539865859	0.0280492949933647	6
SLC38A5	-0.547317259211939	6.84827207333049e-07	6.57983980301089e-06	6
TRAPPC9	-0.0707555306148882	0.545867703868515	0.686861350350947	6
KATNIP	-0.100215146268126	0.450944571901568	0.60294742114973	6
SGO2	-0.733193707037159	1.75344662431298e-11	3.66941461300981e-10	6
OTULIN	0.223731029231852	0.0465686181550317	0.110011256420438	6
UEVLD	0.275148694288282	0.0125824211214074	0.0377983930513088	6
R3HDM2	0.206535127915495	0.12519852023653	0.236372364009388	6
TNFSF4	0.767969991344197	5.67028681694186e-12	1.27804769471585e-10	6
RUNX2	0.0263108331362015	0.851587935672189	0.910079726983277	6
CTNS	-0.369194210014098	0.00184659403186531	0.00742870331339946	6
IQSEC2	0.0138368207525108	0.919934323132381	0.951673647861641	6
PDHX	0.0127891306554368	0.910009308314616	0.946335097535301	6
TXNDC9	-0.0997822350379564	0.437658534353703	0.591103969597557	6
LMBR1L	0.0879586317811275	0.421336355287036	0.576392688073504	6
CRNKL1	0.124053160516585	0.289998030230161	0.44186179788397	6
FAM120AOS	0.0940653689076478	0.385814910264391	0.541878111802196	6
BCL7C	-0.193632618004329	0.17490088945941	0.304929855358175	6
FAM193B	0.118634438403629	0.365798613758637	0.521499745792801	6
LETMD1	0.221992625058391	0.0678033246314825	0.147862021558019	6
WWP1	0.330222023525763	0.00272105726530894	0.0103249572739295	6
MEX3B	1.63511840884474	2.5894907933823e-44	5.58778152676906e-42	6
RBMS3	0.0817910024294078	0.500154001231389	0.647602510152348	6
INTS5	-0.562455534060525	2.95923955911442e-07	3.06230112552069e-06	6
NTM	0.803812013941914	6.86328652499402e-12	1.52861997510146e-10	6
SGCE	-0.0111877512972158	0.917169211572818	0.950331825155832	6
SLC35B3	0.302200364915017	0.0069571158101094	0.0229918441899247	6
GANC	0.255872795368182	0.0203480976675217	0.0562693297473924	6
LDAF1	0.539898743394334	1.05678945205699e-06	9.72083826514757e-06	6
VPS9D1	-0.181378590022093	0.116978285775848	0.224556683049071	6
TTI1	-0.281699914715123	0.00961204778088875	0.0301605208438233	6
DYRK3	0.0503541119356886	0.674686452577618	0.786964800645032	6
SSH2	0.0194844588405068	0.880009574864664	0.927998281647004	6
WDR45	-0.182793273188578	0.154499998021013	0.277977511474931	6
MIOS	-0.243190544074372	0.031464974428467	0.0801264187273961	6
HCFC2	0.356866544045212	0.00177940531845746	0.00719579484081583	6
SNRPE	-0.175240535740501	0.137288517364019	0.254020406422521	6
TRIM2	0.419309923097624	0.000118666363304224	0.000690236562162398	6
CACTIN	-0.174886890988401	0.129593968364421	0.242963310864674	6
IFI44	-0.167738879187674	0.116353246432055	0.223715714692541	6
PRELID3B	-0.0667129251610014	0.600258739858736	0.730564537970438	6
AURKB	-0.892743382377367	2.21502155270164e-15	7.75434273888609e-14	6
PLD2	-0.132525043755392	0.240718206834328	0.385143279027624	6
ID2	-0.382589893982305	0.00429581458949128	0.0152620262999929	6
TMEM192	-0.0523846724130275	0.640340440258038	0.761409323858767	6
MAP3K10	0.403904984861758	0.000429616610549494	0.00211166670823861	6
TERF2	-0.149556216747957	0.167406407779257	0.295622557767422	6
ICAM5	0.73439038567741	1.07528240698308e-08	1.46067516234451e-07	6
CASKIN2	-0.043375134014149	0.716433260404234	0.817233808694438	6
DIPK2A	-0.356461662850191	0.000959652036673562	0.00421625492614623	6
VTI1A	0.0239082262030078	0.826381687658601	0.894920631899947	6
PPIE	-0.145860344562341	0.203489100851926	0.340996439785347	6
UBXN2A	0.322058550761896	0.00534985570178439	0.0183768660236399	6
RC3H1	-0.156171586693902	0.168364916750027	0.296837315722021	6
LHFPL2	0.232416183268792	0.0360767744433534	0.0894309947265275	6
TRIM21	-0.362547070698262	0.00166872386068574	0.00680494538213211	6
MAPK7	-0.234456145026432	0.0420657451088105	0.101226947507728	6
HPRT1	-0.443291180752221	0.000356762945630984	0.00179376266361369	6
NME1	-0.664031396088215	8.61595709308433e-07	8.06627618892383e-06	6
IGBP1	0.196529836384564	0.115901809751336	0.22317371588017	6
COL27A1	0.290778472607772	0.028868943980696	0.0746272406947961	6
NDC80	-1.06026625976928	6.89279470864498e-21	4.07430218664192e-19	6
R3HCC1	-0.264779116312075	0.0211063965425693	0.0577956100873393	6
MAP1LC3A	0.238007954256667	0.0347089881504495	0.0867922513344161	6
CYP1B1	2.63921980628081	2.34705742591336e-90	3.08943168972976e-87	6
CEP120	0.265271002784215	0.0187171644708737	0.0525205789661288	6
PER1	-0.332164957131791	0.0314969948813845	0.0801614353487364	6
MTX2	0.0151615925993543	0.901748243109423	0.940920501311877	6
CAMLG	0.564188676156991	5.32504068959467e-06	4.21741941017657e-05	6
MPHOSPH10	-0.33733986996601	0.00246608160345232	0.00948321126095324	6
RNF25	-0.576783064401275	3.01622218007586e-07	3.11392412206577e-06	6
BBS7	0.0748266551101329	0.562339018544874	0.700025392576715	6
LRRN3	0.0637390183050448	0.57667921842588	0.71221885458246	6
SLC35A5	0.00841456768109259	0.941677926843394	0.965667384780274	6
ATG7	-0.0251192671349075	0.822552744991212	0.892320053103693	6
CBFA2T2	0.25294392990709	0.0298461585721111	0.0766974068274413	6
GLIS3	0.160382645636668	0.18571623215362	0.31873370274494	6
ANKS6	0.0280777134151092	0.818330230299065	0.889412998218693	6
MZT1	0.166586748265873	0.199638403389376	0.336253985424959	6
SLC26A2	0.542579045286518	1.8205166796779e-06	1.59331522969416e-05	6
DERA	0.0356777984152244	0.774582772408601	0.858120580328274	6
FBXO42	-0.165834653402089	0.14992374489713	0.271974401058561	6
IRF7	-0.461691516571622	3.5079075719849e-05	0.000233322826528738	6
LIN7C	0.129343683716511	0.290771113086196	0.442681027244229	6
FKBP11	-0.433660908876141	0.000241820093561444	0.00127527159116558	6
RBM24	0.302401568551112	0.00830442760675804	0.0266807860843925	6
PPIL4	-0.156901375134692	0.165491730611219	0.292988251517885	6
HBP1	0.696573137096978	9.09885786596275e-10	1.47135462026619e-08	6
MTSS2	0.0395772294034226	0.723777654890987	0.822947889810577	6
MED10	-0.159849994616643	0.179634988752317	0.311101006770033	6
FKBP7	0.109293401123206	0.398498213731779	0.555013436393123	6
DCP1A	-0.146544895052659	0.244545844260031	0.389562743312935	6
GTF2IRD1	0.165910193161322	0.137326035093423	0.254022287792964	6
SDF2L1	-0.347426426042303	0.00257640057023235	0.00984998887527123	6
TWIST1	0.00976064732824966	0.936574358888375	0.962007669609651	6
RNF31	-0.3154139150664	0.0133161806453646	0.0395936042093819	6
BUD31	-0.0315867789205449	0.788523666907344	0.867837544105465	6
LOC124900275	0.0908426470577784	0.420529662088048	0.575767832542644	6
PPP1R13B	-0.196160192826819	0.134611140722468	0.250231103704257	6
KDM6B	-0.0311101087293826	0.932118027720372	0.959226768734521	6
NDRG3	0.0980071306328827	0.397568666921399	0.554011895266395	6
NOC3L	0.0235878202391887	0.828865483004932	0.895980648172285	6
FAM83G	-0.841850464144289	2.41145752764097e-13	6.57184584603274e-12	6
CCDC117	0.139040879113375	0.197993061106356	0.334254541919067	6
RPA2	-0.693982312321047	3.5088822000174e-10	6.02968882491241e-09	6
STX18	-0.142439159608836	0.18867774577665	0.322122589838916	6
STARD4-AS1	1.24912382305919	1.69846680311044e-17	7.37852096677976e-16	6
DHX32	0.274203705532676	0.0280750052874212	0.0731350276268206	6
UNC93B1	0.119628091724623	0.314315907481236	0.468873559630045	6
SNRPG	-0.453134784914906	0.107344561180332	0.210609101030959	6
MVK	0.317630491197613	0.00866409694436042	0.0276339975959816	6
DMXL2	0.704488961394056	2.11948025289012e-08	2.72726739148366e-07	6
RBM7	0.375674181462296	0.000765506320565613	0.00346147705173658	6
VPS37C	-0.0853789883238554	0.444120725697601	0.596812625605334	6
NSMCE1	-0.116319565903574	0.333327071692862	0.488431954212751	6
CENPN	-0.587992278504899	2.06598894906906e-07	2.19488398196901e-06	6
MINDY3	-0.0326196994645083	0.769492235758728	0.85446484724921	6
ARL6IP6	-0.385755571960777	0.000942504966270663	0.00415478662793729	6
BICRA	-0.453683115447131	0.227249312410569	0.369796352980631	6
WDR77	-0.538876683053615	2.80704113627724e-05	0.000190459188024832	6
DHFR	-0.796559320465928	1.33043195715361e-10	2.40886875543507e-09	6
CUL9	0.0879659789525896	0.597554899958159	0.728297698902709	6
TCP11L1	0.192888735840954	0.102434203256043	0.202910672303881	6
SELENOO	-0.181797289056238	0.099609748465341	0.198719922967237	6
MPP1	0.0252599774129083	0.824943807360511	0.893870212074943	6
METTL26	0.179722468596738	0.121601440035099	0.231206089149502	6
ATP5MJ	0.0536836844280238	0.677595020101994	0.789216910717278	6
RSAD1	-0.000112024866359418	0.999258800095642	0.999721141014789	6
RNF121	0.324174554636387	0.00309940702048842	0.0115573639123765	6
IPO11	-0.0923856163454167	0.412314796456949	0.568422671319944	6
RNF130	0.0766681374667414	0.569917399689142	0.706319812833837	6
RNGTT	0.0426697668951368	0.701767011715807	0.806052284050189	6
TMEFF2	-0.0657146477569698	0.582223177142296	0.715574593388447	6
DDHD1	0.377251972689918	0.00208755207662254	0.00823408023367649	6
RFX5	0.220456844328139	0.0519828978057458	0.119813129604878	6
PARP6	-0.41960345299142	0.00135760196453398	0.00572205881137581	6
ZNF639	0.137030761913714	0.227634628611456	0.370286037618957	6
PANK2	-0.310150504702236	0.00466106282855047	0.0163131002425445	6
PARVB	0.135955081301146	0.22228015285796	0.364231750537698	6
TTLL5	-0.231376738092061	0.0449454905413361	0.10677088828652	6
CC2D1A	-0.0207997535569677	0.877526784337196	0.926538569216219	6
KATNBL1	0.373939344598471	0.00160741160861033	0.00658113810393086	6
MCM8	-0.667226071547335	1.87430321234654e-08	2.44756480001166e-07	6
TRMT2A	-0.285226544845447	0.0130354524849355	0.0389524769714427	6
C15orf39	-0.58197464173166	2.92322110559157e-05	0.000197628964627128	6
E2F7	-0.395366469662827	0.000651689130173149	0.00301587159691359	6
ENTPD5	0.102484851999158	0.349628908492125	0.505565782981637	6
RPF2	-0.19618535038059	0.0971806902808649	0.19490925280619	6
UCKL1	-0.263367810827729	0.0152599088488912	0.0444197656297997	6
PAIP2	0.173912643409343	0.212882586027754	0.352386000991364	6
INTS15	-0.232686930896498	0.0482137936048948	0.113045629715217	6
BCAS2	-0.186274887806218	0.118787852990677	0.227036326657368	6
FANCA	-0.859632740804142	1.69015396042384e-12	4.12755038609629e-11	6
E2F3	-0.194151661609754	0.0898147273283728	0.183121322153558	6
ATL2	-0.356493139962976	0.00277655787933134	0.0105173615440686	6
PIGQ	-0.105778576965097	0.33552121193115	0.490492255107596	6
SLC5A6	-0.692885724165986	9.91190606836655e-10	1.59499290437541e-08	6
PEX14	-0.499752237706331	3.66986322878174e-06	3.02671739852469e-05	6
CEBPZOS	0.0205582398367741	0.855163599389866	0.91214174759434	6
PLPP1	0.26848197917737	0.0345546725108774	0.0864720825590646	6
UBTD2	0.169143254718748	0.121848352289589	0.231512788769611	6
RPL15P3	0.196774015962667	0.118371039697711	0.226437778112385	6
MINPP1	0.00979989046009345	0.93397740681555	0.960239366235498	6
SLC25A28	-0.28898553595141	0.0179815903060935	0.050792204549165	6
ATG4C	0.895190182396581	2.4736108399184e-13	6.71343082182389e-12	6
TONSL	-0.60506874604198	2.85518210792135e-06	2.4076080772946e-05	6
LARS2	-0.320010440555555	0.010198371945355	0.0316810176000811	6
ZNF787	-0.0874069209542383	0.510469939077702	0.65623318063606	6
KIFAP3	0.482096722079027	4.19076657753798e-05	0.000272026652769418	6
C1orf216	-0.243648804290132	0.0528612294919461	0.121412033467543	6
MTIF2	-0.0979629783098133	0.402059454012485	0.558437120730857	6
TOB1	0.415858474621667	0.000426159796471294	0.00209780905046808	6
PAXBP1	0.0230489589441917	0.846997692944605	0.907155508238093	6
EIPR1	-0.28115790668846	0.0322322562811264	0.0816994469923519	6
PCMTD1	1.07070369625531	5.25764170316326e-15	1.7790832323583e-13	6
AOPEP	0.314732940066897	0.010855076243079	0.0333727116835838	6
SNHG1	-0.803463417995055	5.04112694738002e-11	9.88917347367558e-10	6
USP20	0.117148408500596	0.329335037373067	0.484253473742369	6
ANO4	-0.385699187366368	0.00075163161576158	0.00340693077075402	6
POLK	0.602267925627661	3.79765003000108e-07	3.83641345701491e-06	6
CEP89	-0.252860472506208	0.0243676933982526	0.0649953289161498	6
CLSPN	-1.05617569760884	5.32701978803297e-19	2.66614302166836e-17	6
DHX57	-0.218463792377278	0.0688360479161066	0.149717266807619	6
RNF168	-0.172127506921347	0.121038083556344	0.230390379967633	6
MRPL32	-0.243930520509785	0.0378355897842055	0.0930375244404066	6
PKNOX1	-0.0317403833926266	0.780824058001333	0.862251702574681	6
FOXN2	0.22752901572524	0.0408065569314711	0.0988292012675169	6
AMOT	-0.443196632540892	9.12986026376633e-05	0.000544770401867435	6
TBC1D22A	-0.187083507450853	0.0870765671075885	0.179064029501201	6
NALF1	-0.0595934458531675	0.584249885811116	0.717150715178394	6
AMMECR1	0.230048388668776	0.052469657601313	0.120723318127265	6
NOL10	-0.276643967595533	0.0113349380517422	0.0346497421214776	6
MAP3K4	-0.0671573279259979	0.557038903865113	0.695730438521348	6
METTL14	0.120166927303206	0.29829989320819	0.451492604589726	6
TNC	-0.751164329387005	7.20290385473831e-09	1.00971057976486e-07	6
SNRPF	-0.312623892780077	0.00499160351610161	0.0172997569990641	6
TM2D3	0.250250777356032	0.0333658469237321	0.0839439302479139	6
ARMH3	-0.131218339189581	0.239910124470905	0.384364285346948	6
RPUSD1	-0.58819812753514	1.96144665809908e-07	2.09906685858196e-06	6
GATD3	0.09347472917468	0.547612475889949	0.688382940824051	6
PIM1	0.602804812685786	5.60877412671155e-08	6.5742024781749e-07	6
CDIP1	-0.0531611723544282	0.637146756896243	0.758954968370241	6
NRBF2	0.417891811951977	0.000136876565768124	0.000781990553474747	6
NT5DC3	-0.16032448282493	0.178037169801794	0.309079515349845	6
UQCC2	0.182465737593516	0.128297646787325	0.240817538966854	6
RABEP2	-0.258088582578458	0.0298503999982513	0.0766974068274413	6
COA4	-0.210048045376888	0.12296028185915	0.233190315686003	6
QTRT1	-0.274386924455474	0.0132374411542798	0.0394129015864701	6
TMEM65	0.962291178865435	8.76924866272639e-15	2.85011407771525e-13	6
PARG	0.0924757484510686	0.402901673047778	0.559193876247142	6
UVRAG	0.151802298009758	0.187702238350381	0.320873319922866	6
RAB40C	0.110168382687382	0.335144929323264	0.490222547469955	6
AGL	0.871120640736226	6.67071151190539e-15	2.2229512818028e-13	6
TAF5L	-0.270216741312216	0.0383238587986047	0.0940624563427248	6
IFNGR1	0.474729143705308	4.38889333956073e-05	0.000283191191316852	6
TTC19	0.175459415326198	0.112149711703557	0.217764663689914	6
BLTP3A	0.47544113196272	0.000256407178137017	0.00134465644853289	6
ST7	0.0462507581111778	0.693854149359	0.800363960001608	6
UBAC1	0.0437580664056485	0.714372557444577	0.815266687501558	6
SNRPA1	-0.376416391641298	0.00143687781976763	0.00598153786894412	6
PCED1A	-0.0220455706661055	0.848948681384172	0.908294321063805	6
CFDP1	0.222444483830101	0.0756789118748839	0.161180596730678	6
STYX	0.376911929127858	0.00276275552822686	0.0104711059654622	6
OSGIN2	-0.0234704456822031	0.839473988517178	0.90242438350589	6
CXorf38	0.384266111772977	0.00101840291170217	0.00444618160090734	6
DENND4A	0.166037952739927	0.146444004620875	0.266912549546466	6
FOLR3	0.50236613708267	3.67230114792479e-05	0.00024278503269781	6
TFAM	-0.2632486933919	0.0266434251224277	0.0700714095677354	6
CAMTA1	0.134467739471717	0.257279600753141	0.404221936585532	6
GDF11	-0.0489350033139785	0.666431985374508	0.780336405504735	6
ALG1	-0.375461643181294	0.000813335128030436	0.00365265448320185	6
JUP	-0.398826100507602	0.000407195711796543	0.00201713186860884	6
MB21D2	-0.327333199550391	0.00304343115267979	0.011371184860268	6
POLR3E	-0.044910526800391	0.685879272813737	0.79529852607886	6
CSTF2T	-0.207636244022483	0.0761454491803787	0.161844428800472	6
COG7	-0.0912118632104715	0.444624105258189	0.597080911805095	6
DEAF1	0.287294729324564	0.0114661433202741	0.034944687686761	6
MED20	-0.0550410830510736	0.639859949006359	0.76111300458799	6
AKIP1	0.120106208023547	0.308841711193351	0.462963608294964	6
AKAP10	0.186698382618662	0.0928268020816391	0.187836924796405	6
TTF2	-0.39236332031154	0.000762069456825229	0.00344712036432663	6
RAE1	-0.625317469307842	1.99252368602619e-07	2.12713619457929e-06	6
PSMB9	-0.00747006532162	0.94929028670091	0.969997519317192	6
GOLGA8A	0.25415896683539	0.384963571916969	0.541144329041335	6
COL18A1	-0.558274477412528	0.000160003103501871	0.000895078984868305	6
PRKAG2	0.0911401358622035	0.469416318963116	0.620104211982554	6
ZBTB7B	0.0812398555930354	0.505740857856559	0.652269930625699	6
THOC7	-0.106951825659722	0.356094485955398	0.511934438469954	6
PEX13	0.274068972047867	0.0230911161775663	0.0622667084462045	6
BYSL	-0.447586516547327	0.000199464477848105	0.00108091845282611	6
CHST12	-0.085469800026185	0.509587935165773	0.655561570620316	6
KMT5B	0.312327399793571	0.0225905764343535	0.0611079012047001	6
E4F1	-0.422867728923167	0.000199570808019081	0.00108104960738896	6
SMNDC1	-0.137162928352414	0.222687993107399	0.364627696637977	6
TRAF5	0.900077271223039	4.90482521399579e-12	1.1287100400669e-10	6
GPN1	-0.302758671311451	0.0153923883593216	0.0447262710758829	6
RMP64	-0.145262802439949	0.185051607846076	0.317911030289467	6
FANCD2	-0.936284364852896	6.49338078099994e-14	1.90361628553012e-12	6
SLC26A6	-0.176791247224881	0.188245134282024	0.321592563602113	6
UNC50	0.0797944700342079	0.492437825084788	0.640826405495903	6
TSPAN31	0.311337409442646	0.0117047506827877	0.0355244715788642	6
MPI	0.174574257017316	0.111208053269776	0.216319137755293	6
SMIM30	0.0661807757815764	0.637253426821236	0.758971681752043	6
CARD19	0.105273629780876	0.37428512352662	0.529827395520506	6
MRPS2	-0.577391349498099	2.19241558903852e-05	0.000151888244202705	6
NAAA	0.116174197170509	0.308457397511792	0.462545536961462	6
TRIM11	-0.380404723632454	0.00144084108490588	0.00599424500651584	6
FBXO5	-0.742950115282016	4.29177999858643e-09	6.25611297025394e-08	6
ZBTB11	0.266164338600821	0.0294361745130089	0.075840353320559	6
CCNG2	0.726226812224317	4.14200300089979e-10	7.04408081406253e-09	6
ARL16	-0.203240817812781	0.0952288456335635	0.191812899016771	6
TMEM161A	0.226934274117759	0.085497435819733	0.176478398572235	6
MAMLD1	-0.273346731279318	0.0522584144553375	0.120342461419805	6
MSH2	-0.364170882303056	0.00207636725159813	0.00819526900533318	6
RMND5B	-0.158300551720873	0.187454537992212	0.320639769147692	6
COX6A1	-0.286987924049196	0.0286127473857674	0.0741396838265465	6
GALC	0.515185926779228	6.26621519253354e-06	4.86907854659498e-05	6
MTA3	0.205095734572799	0.088183641113573	0.180663232370111	6
KLF17P2	0.0946721656013836	0.463090695731501	0.614460058125022	6
PWWP2A	0.433813170119163	0.000124080460253552	0.000717605930719466	6
MCOLN1	-0.446004548443715	0.000196389125361941	0.0010682107674129	6
REXO4	-0.35421989030402	0.00133209571633908	0.00562901313456542	6
GLIS2	0.0112374474437974	0.941086441643107	0.965286435856636	6
NTAN1	-0.239818848338994	0.0418824600320349	0.100878100896921	6
C5orf22	0.412795299420527	0.000467257748129072	0.00227291712439873	6
RNF5	-0.0385009348761992	0.755942916779848	0.8447557526771	6
ELP3	-0.25877185709003	0.0241076365295236	0.0644453329890574	6
BRD10	0.467693202803035	6.4439067551574e-05	0.000399158327614762	6
BHLHE40	0.805604853006654	1.69532644154226e-10	3.03613359864228e-09	6
MSL3	-0.0335015150945565	0.763309575162268	0.850037558194664	6
FBXO22	0.241608713487886	0.0359365309183736	0.0892514257506701	6
FDXR	-0.020781485952708	0.863405660913498	0.916976659238694	6
IDUA	0.190164516027066	0.135328531830358	0.251245340547672	6
CAPRIN2	-0.01249696248421	0.917191703037357	0.950331825155832	6
MTRR	-0.0536825211270437	0.638902017953897	0.760317083656735	6
CDKN2A	0.250472100355523	0.0803021505027374	0.168337435391584	6
DPY30	0.0783257231646762	0.540280208740754	0.681459216908255	6
RHNO1	-0.0679692782809297	0.547914092798924	0.688382940824051	6
LZIC	0.112363081690079	0.312725415445661	0.467083245604362	6
CDC42SE2	0.157211000957537	0.157424382740647	0.281928863947638	6
GRIPAP1	-0.078851213657666	0.504726101479752	0.651407949188937	6
AHDC1	-0.108634566531584	0.488752410745947	0.637985718231743	6
NDUFS7	-0.0838447292670127	0.506233555458834	0.652777457925611	6
MTMR12	-0.0315201205054773	0.785353584435705	0.865651417846859	6
ZNF777	-0.465308040060616	4.78551174310179e-05	0.000306379820401016	6
TMEM120B	0.149286772277412	0.232969047257104	0.37663615439023	6
MBD4	-0.18897966360873	0.106983042500032	0.210087690351772	6
RNF169	0.129795454518545	0.324910281999432	0.480214916007021	6
KYAT3	0.300596200147367	0.00921803030641874	0.0290697012274533	6
ASAP3	0.71560196403362	1.2519596513626e-09	1.99028319938236e-08	6
MTHFR	0.492023765562912	0.000164145247968487	0.000915527075851356	6
VARS2	-0.436969294230058	0.000216371863668128	0.00115776538270877	6
KDM6A	-0.126139655162241	0.282043551247813	0.433100707544909	6
KRT10	-0.158146894053868	0.165973194169085	0.293682639447192	6
HOXA10	0.334719649264166	0.00332622100235036	0.012281359622423	6
DLG4	-0.0638976857135968	0.637648553742023	0.75930594471741	6
GFM2	-0.00537741331110376	0.963730973759773	0.978079446908166	6
FBXL12	0.163080358561353	0.157098040431998	0.281528136999228	6
MRE11	-0.176183357423789	0.124298926193339	0.235145122567449	6
POLR2M	0.308580569221706	0.011909592942115	0.0360464409972546	6
MRPS26	-0.0152622704294838	0.902260415727285	0.94130568694763	6
DGUOK	-0.112302943269277	0.351593332777085	0.50762564871611	6
SREK1IP1	0.139096651114665	0.248171833079794	0.393718915129484	6
FAR2	0.219745373216465	0.078916310853164	0.16627226455042	6
RPL23AP79	0.0930059350538408	0.444195468435907	0.596812625605334	6
SNRNP40	-0.230545664805443	0.0602332519576547	0.134723299823223	6
TMEM175	-0.0586103396607684	0.612832930531148	0.740601749587286	6
PAG1	1.03666048191358	3.18538630579026e-18	1.48159858456245e-16	6
HMCN1	1.02766819731884	3.45308380846242e-09	5.14173553968223e-08	6
SIAE	0.37014716737545	0.00115607732306106	0.00494927905077432	6
TUT4	0.0614106894294736	0.60995824728506	0.738491575516303	6
FHIP1B	0.0700285855079594	0.547445002711443	0.688319664790403	6
NFRKB	-0.432808796789062	0.000808984517589652	0.00363808104032545	6
PYCR2	-0.0421908096700012	0.728359562586993	0.826805341628037	6
SYNJ1	-0.142747193775164	0.307076268238873	0.460894517540283	6
MRPL9	-0.322973582630411	0.00870661510392131	0.0277333600174247	6
MYG1	-0.139017670837774	0.240079164127166	0.384541498832549	6
SLC39A3	-0.114781654895911	0.385591645422662	0.541622327254135	6
ZNF142	-0.454393542898541	0.120670752320382	0.229901409014106	6
TDP1	-0.457173402280554	7.00393038010633e-05	0.000430003430939084	6
ARL10	0.468425309686648	0.000172979329483765	0.000957899416909886	6
POLQ	-0.593290384383526	3.55323517664756e-06	2.93420543476862e-05	6
TOPORS	-0.0737183057332627	0.542081025067925	0.683282675398135	6
CPEB4	-0.166317330165338	0.173628165729634	0.303434352827825	6
LCE2A	-0.620298049154502	3.90580967743805e-07	3.94265128712554e-06	6
PPP1R3B	0.518941994946503	1.48349661640728e-05	0.00010647364210343	6
DHX34	-0.708355597211343	7.51600120564352e-07	7.13936486110428e-06	6
TATDN2	-0.372884438902399	0.00396172697459214	0.0142520394005347	6
IFIH1	0.187510124502598	0.104680195055895	0.206427776407602	6
ATOX1	0.0574146697625832	0.625477022728967	0.750105143055885	6
INPP1	-0.170508326079668	0.12930430612128	0.242489326324892	6
BRPF1	-0.586931227618615	8.07624533549983e-07	7.60773674045639e-06	6
ANKS1A	0.0343158478238814	0.788988288404697	0.868203715120467	6
SYNGR1	0.231064554007555	0.0601118478757276	0.134498088320279	6
AGO4	0.174595859520084	0.150186365373242	0.272375740893909	6
NOB1	-0.428978160133003	0.000144148187845134	0.000817150127737081	6
RBBP9	0.5580895877718	7.02523724195418e-07	6.71555539693848e-06	6
CCDC86	-0.734091912346874	1.02706923054753e-08	1.40387458792286e-07	6
RRP15	-0.191529214904736	0.134590023538426	0.250227186417558	6
BLOC1S2	0.0835204641103345	0.506789050864714	0.653179010338847	6
CCDC97	-0.547930480271324	9.10143980436777e-07	8.46659025758961e-06	6
FOSB	3.30776440598186	4.48065005650037e-23	3.25849705490135e-21	6
S100A13	-0.0810839767984528	0.515709972399729	0.660468025559217	6
SLC25A16	0.376505662357813	0.000967672560582652	0.00424724038511152	6
SERPINB8	-0.635815673170605	1.12396143813365e-08	1.52365647890352e-07	6
CHTF18	-0.773139690573035	1.22467779180903e-08	1.64326542034478e-07	6
PPP3CC	-0.0280277126597343	0.809094139270121	0.882825889696498	6
ABCD1	0.211935443464438	0.0948323262809417	0.191169197054935	6
CIBAR1	0.0129422974998747	0.921347450083263	0.952306754327326	6
MRPL52	-0.0740445645680224	0.538435154922326	0.680303244426843	6
GPCPD1	0.481791538447055	0.000112888990713572	0.000658377396882034	6
HOXA11	0.1332426653663	0.303192016203892	0.456731118023784	6
AR	0.212850979413204	0.116604121745257	0.224067603669331	6
PRPF38A	-0.102179193237019	0.398318686026232	0.554822102027861	6
SEMA4C	-0.117067683064108	0.300184062860893	0.45354945126698	6
DNAJB9	0.467811211823839	9.75053857513862e-05	0.000578918986308298	6
APOOL	0.544344660814767	3.12115612181206e-06	2.60683870757691e-05	6
TDG	0.0625276732444397	0.577463577470903	0.712986874613028	6
HAUS2	-0.2021605488007	0.0902193265251907	0.183775455749162	6
EXD2	0.0596081561971074	0.616978075572953	0.743298774370015	6
DRAM2	0.34487657657388	0.00729340681725539	0.0238932588191968	6
CYTH1	-0.0799433786236141	0.475358787296309	0.625152134796814	6
ZRANB1	0.157484177816224	0.180515507355783	0.312237269819208	6
ZCCHC8	-0.0933020522948626	0.419044547441067	0.574272085160516	6
PRR14	-0.363185919687144	0.0024500982200598	0.00943553038930578	6
ZNF580	-0.321888324727468	0.00445509189744833	0.0157218162590114	6
SLX4	-0.319579788881711	0.0452811270377629	0.107471236061679	6
KIAA0586	-0.378979351020006	0.000956232451948961	0.00420403732966071	6
CDCA2	-1.03679898409739	1.35489121667223e-19	7.10535182671579e-18	6
SUFU	0.0625243354944763	0.606956582247717	0.736008244323049	6
PIH1D1	-0.222876795554243	0.0502896776286192	0.116851372749429	6
SMIM3	-0.455542683231785	7.0231399091882e-05	0.000430780944196851	6
CARHSP1	-0.362773991300321	0.00141170496090315	0.00589352121800449	6
TRAPPC2L	-0.0619883757246052	0.59799241173766	0.7284936710507	6
ISG20L2	-0.193837173385299	0.0833757327660701	0.173128714389847	6
RAB4A	0.437836137768625	0.000243929451536622	0.00128331069967088	6
CIP2A	-0.655721421715216	2.65550989650038e-08	3.35134005442326e-07	6
IMPA1	0.0263167306668494	0.821109946600721	0.891256718653029	6
MRPS12	-0.253788286493632	0.0464840744508104	0.109910162025511	6
COA1	0.0905634068621781	0.434761381226875	0.588640615211824	6
PDCD7	0.0262477401989509	0.831906334628132	0.897645961366514	6
ZSCAN30	0.216900296233816	0.0719795565644526	0.154966781658143	6
KLHL7	0.400465328039583	0.00186188408201879	0.00747650401818589	6
C16orf87	0.664854736263733	5.8790191026869e-07	5.71955125267315e-06	6
TST	0.152824851567136	0.253020993102326	0.399390254491655	6
CLK2	-0.181515365998473	0.121161474677134	0.230536064061162	6
ATF1	0.289108524001291	0.0205590558979061	0.0567216207889622	6
NIPA1	0.168960066104807	0.138544699804048	0.255868394735372	6
B4GAT1	0.175782132110177	0.174442891698648	0.304292576653764	6
SYNJ2BP	0.414946439369347	0.000395771767844031	0.00196809360790743	6
BCL10	-0.229894583015789	0.0577206278968728	0.13000968942617	6
SNHG16	-0.0193465119901153	0.866957313880669	0.919413400145927	6
FERRY3	-0.122132814318796	0.337644642033635	0.492783725810926	6
POP4	-0.486960429021423	5.52317048490946e-05	0.000349526409100304	6
GFPT2	-0.263253697709111	0.0215479151652618	0.0587723181351723	6
STOML1	0.00147686709088881	0.990836977241845	0.993542214603951	6
ESPL1	-1.32868542490174	2.53821351655258e-19	1.30001963106543e-17	6
KNSTRN	-0.755023798922379	9.86620465771108e-11	1.83622923125703e-09	6
MMS22L	-0.419065940981363	0.000208621565536173	0.00112314342214832	6
MASTL	-0.638759016269961	2.3614558007026e-08	2.99747759929106e-07	6
SETDB2	-0.174623744394885	0.127196078792381	0.239388330732643	6
CSRNP1	-0.493572208538464	1.30474613243612e-05	9.47290311155907e-05	6
WDR76	-0.625579240491805	3.03365956784146e-07	3.12702121311645e-06	6
LRCH1	0.0255109887586891	0.828661634342432	0.895871359448823	6
MTMR9	0.41281268620421	0.000695025451410045	0.00319323560799666	6
INPP5F	0.358970340850402	0.00175100661796286	0.00709621308874542	6
PPP1R14A	1.25688044645221	4.68652982784354e-22	2.99460155941284e-20	6
ARID3A	0.242403746636009	0.0553024131064694	0.126029373912822	6
HFE	0.369580921070475	0.00147929646217698	0.00613097586008678	6
COX11	0.0871099650237624	0.458727664992166	0.610168982850836	6
ACOX3	0.105976257288033	0.350944076421443	0.506855044759211	6
PTS	-0.0251584652613006	0.832528595387222	0.897990562626664	6
CCNB1IP1	0.547668242909912	9.03239816675424e-06	6.76299528264995e-05	6
PGS1	-0.0416756482406533	0.73696377553562	0.832223407010233	6
WDR7	0.0213035202200762	0.850730722679141	0.90971829152899	6
LDLRAP1	-0.144987175902272	0.214287458594528	0.354088101616844	6
SENP1	-0.230839204420356	0.0501786062010733	0.116634468201435	6
NUF2	-0.932219614061672	6.41600618302321e-11	1.24286824348001e-09	6
BOC	0.391041890223527	0.00404239583000058	0.0144601917224708	6
ZNF768	-0.0780636733643774	0.518059638900827	0.662381644181795	6
TCEA2	0.263446931309163	0.0533016916731404	0.1221678856858	6
MBD6	-0.249655124888329	0.146224388821828	0.266586098346498	6
UCHL5	-0.288543223091918	0.014596541620277	0.0427820702177035	6
APTX	-0.145592925760349	0.219585486439847	0.36116503286364	6
GALNT7	0.306828567337296	0.00608613881642568	0.0205257097721269	6
MICALL2	-0.0978236530028509	0.55203134425207	0.6921029226012	6
TACO1	-0.410313888114722	0.00149750693201389	0.00619669404152747	6
RNF34	-0.311152386008028	0.0068468287580977	0.022690031959426	6
PPWD1	0.0709356808181682	0.589510378595874	0.722103583980783	6
BAK1	-0.239009377805069	0.074803523210108	0.159688416479833	6
TARBP2	-0.498499631392827	2.10099461106309e-05	0.000146092932199807	6
POLR2F	-0.176965020226391	0.207015040883087	0.345103721269514	6
DOHH	-0.551844010113914	0.000109543052629085	0.000641136150180813	6
ABHD10	0.0492319876388549	0.692040862900642	0.799339739329552	6
LARP7	-0.229742629527856	0.0673808354669751	0.147240756309726	6
ZNF362	0.29669569252298	0.0237923440184258	0.0637319137799225	6
MGME1	-0.381725703695774	0.00201405457262382	0.00798796675677773	6
PLTP	0.248119775345334	0.038913962918677	0.0952090137357891	6
ZNF263	-0.0397988863092917	0.746915189938023	0.838877529450017	6
AGO3	0.315694356366874	0.0097097939420993	0.0303658868281903	6
UXT	-0.194827601018139	0.0948366524932558	0.191169197054935	6
MRPL16	-0.100400532704714	0.42111883456186	0.576214887665048	6
PPIL1	-0.49397093693693	0.000220246995229481	0.00117658733693411	6
PHF8	-0.152833525834086	0.241004695960132	0.385507936921037	6
TRUB1	0.352065650534655	0.0117508468032742	0.0356397226892852	6
TBC1D14	0.0336807900970383	0.774418610965951	0.858070457687208	6
PQBP1	-0.294410405657481	0.0367853940275936	0.0909307308141247	6
LAMTOR3	0.176096840947215	0.155773163623446	0.279618458035649	6
KRI1	-0.482193106982089	0.000100251873442837	0.000593352252755424	6
ABCC5	-0.115871622734467	0.346888154141709	0.502448107200392	6
ORC3	0.00763315641283896	0.952342379367947	0.972285948935103	6
PLEKHF2	0.00158333589457762	0.990379854339188	0.993322921568632	6
MTG2	-0.34818747148005	0.00465500159274986	0.0163048924867926	6
RAD17	0.0986454788501609	0.417748273240873	0.572972858254622	6
TSNAX	-0.0315787311079279	0.80091729541601	0.877223694421779	6
SERPINB1	-0.209005476906259	0.0963863773464091	0.193699829772639	6
TIMM17B	-0.11864819909386	0.400337105208384	0.556573438514782	6
ETV6	0.270426013667377	0.0360564567084054	0.0894309947265275	6
MSL2	-0.0570087562104769	0.628043132619007	0.752017807210406	6
CNOT4	-0.154494557675464	0.239297070056922	0.383811975086447	6
SIRT1	-0.208262993781681	0.0820000177908115	0.170995054175592	6
DONSON	-0.443032010424998	0.000185121007944727	0.00101531159482352	6
ZBTB22	0.205179100514668	0.0890120438122065	0.181963896987121	6
NENF	0.255691891477749	0.0415999616774336	0.100326180938083	6
ARMC10	0.313551044038513	0.013273435520868	0.0395022002625334	6
AGFG2	-0.336790918182776	0.00376581166218764	0.0136856374680773	6
L3MBTL2	-0.501476507474393	2.20767657351991e-05	0.000152704396937691	6
HEATR3	-0.216715031591476	0.0763470707442992	0.162142060698162	6
DYNC2H1	0.323177148239512	0.0122713324521658	0.0369797502444732	6
APLP1	0.335865737091673	0.00513941691722805	0.0177233808963775	6
SYF2	-0.184024994511675	0.147712093073382	0.268740052677945	6
APBA1	-0.206852259093338	0.106773175940056	0.209769449984918	6
PLEKHA7	-0.257996602453718	0.0642816446959928	0.142041176621345	6
CLN6	-0.660900790174559	4.2738937075023e-09	6.23694710330962e-08	6
HSPA1B	-0.341958533965498	0.00559969888271438	0.0191104061169742	6
SNPH	0.339261353206228	0.00301757960018381	0.0112906197490675	6
ATF5	-0.521921382760481	4.05976398801479e-05	0.000264416988492027	6
PIGN	0.345846700004018	0.00408117273891545	0.0145821055272378	6
ZMYND19	-0.0837500159397985	0.46860139523766	0.61956778312757	6
ZDHHC24	0.0770991099824649	0.503978062759431	0.650774979880095	6
RPUSD3	-0.204328242462945	0.124648215950785	0.235603743044253	6
DIS3L	-0.00150356941805689	0.989706143390942	0.99294984492797	6
TDRD7	-0.172060580728923	0.160683871905546	0.286286113412656	6
NRIP3	0.0840727119870281	0.489529541203224	0.638622761437485	6
PIAS2	0.2944498827137	0.0210171893709275	0.0576178862044421	6
FAHD2A	0.00345895095895017	0.975668155064719	0.985702657542167	6
HMGN3	-0.598852701800877	7.53183597799083e-06	5.76739714824278e-05	6
MAGEH1	0.109618847519778	0.369342066799975	0.524902788305773	6
FBXO3	0.257514261243612	0.0282366856472102	0.0734254233848731	6
ZNF574	-0.37968064328333	0.000806210693006617	0.00362808593232345	6
STIL	-0.702734336709545	2.421384966143e-09	3.68470408200466e-08	6
RPF1	-0.384850870251341	0.00221564902642677	0.00865931951747493	6
EZH2	-0.903872926928624	7.8115891280916e-13	1.99658150860329e-11	6
UCP2	-0.464654705146044	4.74489190651576e-05	0.000304075034885428	6
BMP2K	0.120988329893495	0.297673422547528	0.450687285598471	6
ZNF131	-0.181472069599195	0.117297097858814	0.225037414242176	6
TUBGCP5	-0.148528042888896	0.247044126488947	0.392639680871046	6
TMCO4	-0.435127539080831	0.000433430242067313	0.00212802770471169	6
DNAJC9	-0.597583441130161	6.98567897986637e-07	6.69232113624316e-06	6
GPATCH4	-0.654397466243048	8.91128100361078e-09	1.23213436817782e-07	6
SQOR	-0.579674353405286	2.17585900095378e-06	1.87317410265236e-05	6
ZXDC	-0.106955535381921	0.457992526656723	0.609427224661259	6
RFK	0.111781746581356	0.454469113917856	0.606219795956703	6
COMMD9	-0.134635659688772	0.273133077812553	0.422324762509884	6
NECAP1	-0.0878255587781039	0.455637099430398	0.607346950866058	6
CENPX	-0.591466989279273	3.33346715714507e-06	2.76835509082023e-05	6
SMIM7	-0.194023267101531	0.109292476432791	0.213603098334793	6
DNAJC1	0.3712812389278	0.00216221229297273	0.00848069142205009	6
TMEM138	-0.155214627958754	0.193932689690682	0.32874900121036	6
RILPL1	0.205525897207655	0.0786899260034064	0.165992867945968	6
LIN54	-0.37231124819922	0.00141521752167747	0.00590256915013958	6
ACADM	0.160701653459082	0.159827284669009	0.285064839018629	6
ETAA1	0.257784605689482	0.0235299947044447	0.0631963518250573	6
BBLN	0.458722416926773	0.000835375102464434	0.00373887877379781	6
ANKRD54	-0.313567093996557	0.00721645388312261	0.0237001453252353	6
NEURL4	-0.370660735853381	0.0059664434059978	0.0201685399468796	6
PPM1M	0.505363420521316	1.23597878195088e-05	9.01839728759395e-05	6
EIF4ENIF1	-0.389622774161362	0.00347164952171823	0.0127468124558932	6
EPM2AIP1	0.081449274336325	0.541959159730117	0.683282675398135	6
SELENOK	0.142446289689981	0.237638696089389	0.382073794628634	6
TBC1D25	-0.186329673617854	0.124251626776262	0.235133238056725	6
KBTBD6	0.520723017496035	1.56093631874062e-05	0.000111545085578625	6
WDR12	-0.0923865545211106	0.441668048916229	0.59468867920257	6
NADK2	0.259956635795135	0.0214166393215804	0.0584991125523889	6
TMEM25	0.154886170056252	0.219400206489337	0.360905388405292	6
VCF1	0.0721150397390799	0.583779598498015	0.716885050380573	6
NARF	0.114486682198977	0.346938452202717	0.502448107200392	6
MCTS1	-0.102036762502773	0.426927063143068	0.581650115954806	6
AGTRAP	-0.16727479579581	0.203021975795998	0.340267543023174	6
ANGEL2	0.0722766298774922	0.534294760779986	0.676745721519298	6
PIDD1	-0.120935439043435	0.32198810369843	0.477391098021587	6
FLI1	-0.0423177019339078	0.71110357201305	0.812457039346537	6
REV1	0.0126603014215208	0.917367484767734	0.950353987565093	6
PJA1	0.125248639180303	0.283119961826992	0.43424703536806	6
SLC30A4	0.674541953078979	2.31780371260909e-08	2.94490832713064e-07	6
NRM	-0.840604751816246	1.21651193384995e-12	3.03275503508841e-11	6
PRKCD	-0.0864338602131894	0.445725391259367	0.598071694714276	6
NDOR1	-0.640052961182333	1.74055644202386e-06	1.53661599237828e-05	6
POLR2H	-0.308765230271516	0.00845967424030871	0.0270672562044685	6
INIP	0.00755082472542312	0.948590183691419	0.96950792669696	6
NPDC1	-0.316161781170415	0.00642649963727238	0.0214918736599127	6
RFXANK	-0.146026642939481	0.229568727351628	0.37251148399032	6
BPNT1	0.135431118597465	0.236769550805803	0.381324833974169	6
KITLG	-0.857158968128633	1.8664022536517e-12	4.5327403809626e-11	6
UBALD1	-0.203028420100339	0.0944584270239145	0.190552685810848	6
EIF1B	0.218546614922575	0.0891657095177464	0.182164866425903	6
ZNF317	-0.443116544760926	0.000494002904846632	0.00238101802874267	6
WASF3	0.58308326971147	5.56274582057277e-07	5.44000172631496e-06	6
LRP8	-0.257449235998068	0.0301306001664614	0.0772815841759804	6
YJU2B	0.00164168320066285	0.988935224579985	0.992785182919721	6
KRR1	0.0180061385893606	0.879669910094926	0.927753572811806	6
HSPE1	-0.760809601525601	1.28234138925919e-09	2.03122258806484e-08	6
CCDC127	-0.168657924056262	0.142736147269335	0.261712760343537	6
EXOSC8	-0.461065968273271	0.000241391476471459	0.00127352144480714	6
ATP7A	0.521663825924958	2.25982432049574e-05	0.000156065412018287	6
ELMOD2	0.362748782528119	0.00201726703154677	0.00799797769164161	6
FAM20C	-0.400764004570418	0.00137263708719427	0.00577068731355418	6
STK38L	1.26159989312077	6.98991904723438e-24	5.34932002434571e-22	6
DDI2	0.0838938016782404	0.547825742997252	0.688382940824051	6
NDUFA1	0.329674844846531	0.00564617993134568	0.0192242422865339	6
SIK3	-0.563334147836096	3.79198318333637e-05	0.000249320053158125	6
RRP9	-0.559183147584615	1.50482539863188e-05	0.000107945595216302	6
WDR19	0.522416268312957	2.18698057837347e-05	0.000151591497383518	6
TEAD2	9.51059684379406e-05	0.999361701542146	0.999721141014789	6
PSRC1	-1.01707575564666	2.32276420440667e-17	9.95913525166284e-16	6
CNOT6L	0.25066952792156	0.0445073753011776	0.105940430576745	6
RIOK2	-0.303595584096334	0.0109731215212608	0.0336766608963292	6
USP28	0.177032434543603	0.124589059800267	0.235525749554921	6
MFAP3	0.516528343681109	4.91731249095786e-05	0.000314054266465203	6
MCC	1.33013649763944	7.28908331240578e-19	3.59349077307855e-17	6
FBXO33	0.033371909552551	0.78350499600004	0.864047944231612	6
DRG2	-0.156402241462719	0.187150117777512	0.320262220528522	6
CILK1	-0.295599564230241	0.0170092329134743	0.0485246061638627	6
CDAN1	-0.325730871585043	0.00607754189250868	0.020507224796486	6
HCFC1R1	0.0701465934682422	0.553925745500598	0.69339096334244	6
HOXD8	0.445066833688194	0.000174538060463258	0.000964502304734619	6
EMC2	0.2909798729245	0.0199329582560537	0.0552722834473214	6
ETFDH	0.19898719523377	0.0803682048242308	0.168399662543991	6
DNPH1	0.334935274526003	0.0157696297860017	0.0455609387342275	6
POLD3	-0.41001317760534	0.000740846913440086	0.00336732317735216	6
ING5	-0.164644932013332	0.158814139280712	0.283833889002294	6
PWP2	-0.440963159249798	0.0005738274955749	0.00271115984359383	6
NBPF1	0.156415655510077	0.186592835028816	0.319682609330249	6
PEX11B	-0.0802164822524133	0.555330985363451	0.694193725176205	6
PAQR7	0.0284517268749976	0.806747053493245	0.880823777797908	6
RHOBTB2	-0.182103021562002	0.145817795178941	0.266086820124113	6
ZNF326	-0.150895922734693	0.232087545061012	0.375441606935984	6
TMEM9	-0.0378619906677013	0.786189225704403	0.866209824888847	6
POFUT4	0.282753999015574	0.0201619027958366	0.0558130655103255	6
HSPA2	0.288459495499151	0.0194100467573724	0.0540841003133574	6
CRMP1	0.12564281606278	0.68976136738115	0.797409611034067	6
PHYKPL	0.456386076654013	0.000809267152378507	0.00363810912799122	6
AKNA	0.0966531130510992	0.494038786963797	0.642211391744466	6
NOL9	-0.313475577236533	0.0130944310066549	0.0390806988917744	6
FOXL2NB	0.340150356442825	0.00843104326474087	0.0269887700617179	6
RNF38	0.178123358471944	0.145229263817207	0.265319182846552	6
LMAN2L	-0.230706165632348	0.0560168804610218	0.127239033219746	6
TTC14	0.206343960487631	0.0833879852033449	0.173128714389847	6
NOA1	0.368254049293115	0.00479296896898611	0.0167347083657199	6
FBXO17	0.224211992289672	0.0752334943994149	0.160460618669136	6
NR2F1	0.130449939343491	0.282597818611769	0.433648296384555	6
BMP6	2.01845038818913	2.81597898166636e-51	9.50429008607034e-49	6
SLC67A1	0.385484713525166	0.000903851793480157	0.0040031632427925	6
IER3IP1	0.728738952349625	4.44767374355545e-07	4.43520677927427e-06	6
RNF13	0.0196819042990282	0.862609159905067	0.916771863994865	6
KLHL24	1.0864963977348	3.63565382728009e-15	1.24477236940683e-13	6
RIOX2	0.0848621170004963	0.515270922567986	0.660291194875623	6
HARS2	-0.22077739199104	0.0627694110973949	0.139164678347917	6
TMEM201	-0.403888035769179	0.00144580058650244	0.00601107805436882	6
TAF9B	-0.191656265573197	0.0989142971799304	0.197663411838382	6
SUSD1	0.186898160529497	0.126693055022543	0.238646348491948	6
ZNF335	-0.284961726195743	0.0282251027704716	0.0734098059213037	6
RBBP5	0.0483657880832073	0.675460708881236	0.787379499734654	6
MRPL57	-0.103625031569463	0.453150340448571	0.604951108653605	6
ACAA2	-0.320003511493896	0.00752225004444204	0.0244905706987362	6
UBE2T	-0.8124382972521	4.86818458004767e-12	1.12420901100294e-10	6
CDCA3	-1.10917691492015	1.0736244559537e-20	6.19829768145552e-19	6
PPARA	0.243161828506794	0.0827753048228768	0.172100985213004	6
RUFY2	0.332288782723322	0.00510212608484628	0.0176224837719317	6
BICD1	-0.0747719509688431	0.513154984071102	0.658220527706872	6
ST6GALNAC4	0.0232479746083809	0.844961426308986	0.905645082200569	6
EIF2B2	-0.262266597183079	0.0432968671809414	0.103553624970754	6
AGBL5	0.0237612830160127	0.840782623425539	0.902926359281333	6
FBXL4	0.67082753762935	3.53231740830273e-08	4.32922663365817e-07	6
SLC30A1	0.488527450444264	6.9321042294386e-05	0.00042619004190612	6
INTS7	-0.168008587762581	0.159413212171834	0.284559955287455	6
ENC1	-0.267139823664872	0.035004337526511	0.0873648264811271	6
KAT8	-0.0118085681363872	0.920741715200663	0.952078073924208	6
CSTF3	-0.484908276749307	7.65261680778556e-05	0.000465917645887518	6
JARID2	0.25362725790566	0.0375389449671156	0.092463535292317	6
INPP5K	-0.288521755360806	0.0204482018132795	0.0564986734819895	6
SUGP1	-0.229494742463954	0.069232672877961	0.150306724903942	6
TTC31	-0.370361228450965	0.00369492663440324	0.0134614777992388	6
TTBK2	0.550829596469372	1.32217592526532e-05	9.58887146240626e-05	6
KCTD17	0.0970030607873608	0.427070804980875	0.581650115954806	6
HINT3	0.600433686456124	3.55450928196902e-07	3.61856192409577e-06	6
ARPC1A	-0.544978829599183	9.32899036029489e-06	6.96130953019057e-05	6
UNC119	-0.0341190970568802	0.780514499553827	0.862194726219119	6
STK36	-0.141298227736932	0.285295030208938	0.436709595255583	6
BAG1	-0.744379420232927	1.30461188633289e-10	2.36863534617929e-09	6
SSPN	1.41945986552009	1.82144072806347e-30	2.17960220940904e-28	6
KDM4A	0.30944910448502	0.0224171189242917	0.0607028464102965	6
PODN	1.83211606181562	1.31231821994047e-40	2.24338243234759e-38	6
CHMP6	-0.175950853227196	0.18070209611719	0.312354785448532	6
CDK2AP2	-0.0562269869059963	0.648153731571476	0.767165503882326	6
SNRNP48	0.0406562793605202	0.741580748246469	0.835310009321609	6
HMG20A	0.578430748264702	8.34937637099795e-07	7.84459965534946e-06	6
OSBPL11	-0.0242672536356082	0.839782844138441	0.902593416950625	6
GZF1	-0.148979292429	0.196573339407152	0.332316232224791	6
FUNDC2	-0.0828484044974734	0.50491308915185	0.651462324780548	6
ABHD5	-0.526970969333921	7.36641333650882e-06	5.66048445700324e-05	6
CARNMT1	0.270743310709891	0.0260134622346074	0.0687442689006499	6
CFAP20	-0.426009155348943	0.000590484115334755	0.00277194807780007	6
RPP30	-0.324140633901578	0.00586510013037751	0.0198821305733091	6
MED21	0.236156327922747	0.0733072839422362	0.157208175062179	6
NAT14	-0.115630399618022	0.328252707639518	0.48330988709832	6
ETV3	0.0985640700092654	0.411602314038387	0.567737740719615	6
RPL13P12	0.426130652993429	0.00146283759198372	0.00607232142014559	6
POU2F2	0.172898675466545	0.153188439197668	0.276221839062864	6
NSMCE3	-0.0658631135116876	0.594500522762905	0.725650072433988	6
PRKAB1	-0.15494434168751	0.191809363805694	0.326410685943678	6
THAP11	0.203689634494947	0.0832642999533864	0.172926472118401	6
NEK1	0.467662433774296	0.000414130687464487	0.00204778446246996	6
MMAB	0.454350738115637	0.000331469043295001	0.00168265600342927	6
SERTAD3	-0.0478958947496155	0.696716691850195	0.802257457092991	6
AP3M2	0.141749014498918	0.255584189905794	0.402310967564245	6
EXOSC7	-0.208642431216337	0.104467535630179	0.206131939964031	6
MRPS22	-0.0194346769287593	0.878062451064116	0.926859345898713	6
CLN8	0.318526814574935	0.0123076928829843	0.037070532265196	6
NKAPD1	0.234116409482741	0.0454792169729955	0.107902475309218	6
WASH8P	-0.231230145281997	0.0605652423896888	0.135328515629855	6
ULK3	-0.224996418777266	0.053416732170902	0.122410244701529	6
TIMM10B	0.099644786443695	0.416717052363591	0.572453199776868	6
SLC66A1	-0.328461668673557	0.00486059159296996	0.0169259172323449	6
PLEKHA3	-0.102249840007194	0.433700607424297	0.587658183447775	6
GGT7	0.162685991204963	0.178488917334922	0.309708623632953	6
ZC3H3	-0.420798767009852	0.00383165779012701	0.0138865945736349	6
ZW10	-0.443925114712562	0.000203196269083182	0.00109662668714306	6
ARHGDIB	-0.19116359132131	0.0996632561391179	0.198737682254084	6
ANAPC4	0.0586334683547199	0.626876987281745	0.751122760371391	6
TMEM50B	0.40633817745889	0.000635527263458533	0.00294765516874724	6
FAM114A2	0.127466634511341	0.296280994905673	0.449147384077321	6
TRIM59	-0.428835456231007	0.000864340795668845	0.00385279982844193	6
FAM204A	0.0559637279848764	0.639664011413151	0.761017478509698	6
CSTF2	-0.30901051661784	0.0135516033800456	0.0402209143836618	6
FHOD3	0.141267633866024	0.234658440637568	0.378762606267604	6
CHAF1B	-0.877497703362663	2.80663818119824e-13	7.55496490370399e-12	6
PLK4	-0.779913122012091	2.7433316859353e-11	5.5469239603635e-10	6
TUB	0.467178966747551	0.000413107119890137	0.00204349080011795	6
PTGFRN	0.138963651890668	0.287628512659122	0.439523347124683	6
KCTD18	0.208935578761311	0.0686117169995642	0.149328047431426	6
TMA7	-0.344891786636649	0.00724407719992353	0.0237553034834563	6
ANKMY2	0.136732255698955	0.234024520729276	0.37797113697662	6
B4GALNT1	-0.424120923973739	0.000286148157007914	0.00147534985926172	6
SP110	-0.427675538445329	0.000489123941657646	0.00236009473755117	6
NPAT	0.00890867359754457	0.939105580413412	0.963855497464463	6
ABRAXAS2	-0.17394647174664	0.145509691364533	0.265687899491101	6
ALG13	0.181807667778211	0.145267442891066	0.265319182846552	6
ZFPM2	0.0253553102007232	0.828583720633207	0.895871359448823	6
SNAPC4	-0.679203892690605	2.82879718629128e-07	2.93886798446347e-06	6
CSTF1	-0.258122665561486	0.025119835769864	0.0667041352105548	6
TRIM35	-0.179526350473877	0.151009884868165	0.273379605902854	6
MEGF9	0.407372638770515	0.000921297935428281	0.00406402303084533	6
LRSAM1	0.0579335667008569	0.623546703481562	0.749018548816189	6
TRIB2	0.754204363529893	5.70995420731521e-10	9.46601098625821e-09	6
ST3GAL5	0.126271265657916	0.298200735074949	0.451433729245722	6
ECSIT	-0.131012442992953	0.359945424045146	0.515724569141859	6
MICU3	0.714159762694533	1.25875978845007e-08	1.68043155125439e-07	6
WRN	-0.133887015939083	0.255871880873324	0.402586847709247	6
LRIG3	0.199626331835976	0.0840774300009229	0.174285230094827	6
TRADD	0.0165927431886775	0.903282412972512	0.941998605764314	6
MRGBP	-0.178677167972302	0.14554599683609	0.26571101893793	6
TTC21B	0.00137280374262687	0.990823696455853	0.993542214603951	6
ABT1	-0.27488447384899	0.0241940059309561	0.0646237216049462	6
BAG4	0.125536848500039	0.291512307990653	0.443485912813685	6
ACOT2	0.234950376921392	0.0877619728957067	0.180079633550458	6
ETFB	-0.150775069959885	0.224392041165325	0.366733602912736	6
PPP1R21	0.273474873633101	0.0271619856632262	0.0712501429424167	6
XRCC1	-0.568075724737154	3.60903266043386e-06	2.97841359932858e-05	6
GLRX2	-0.214808508136592	0.0947101769907841	0.191002000877845	6
ARHGAP19	-0.712677922725002	5.05410738965086e-09	7.28666107009575e-08	6
HACE1	0.261439935482411	0.0425206537143309	0.102041816744164	6
METTL2B	0.0341273898428832	0.770503172698039	0.855226685405538	6
SOCS7	0.303721904754887	0.0119826675917518	0.0362176471894901	6
KIF14	-1.00346317571577	1.56819228882092e-15	5.57895002641886e-14	6
BTBD9	-0.0702871695201525	0.566483818460713	0.70392018336622	6
ZNF503	0.128445983825126	0.317002464555542	0.471811786628743	6
IFT27	0.303643418118252	0.0106958781653435	0.0329771417279499	6
CHRAC1	-0.184696730943846	0.125029847470967	0.236223321696619	6
PDCL	0.170482175991447	0.148457157534988	0.269909055888543	6
CALHM2	0.0674902497866829	0.580019727330621	0.714668133562947	6
NLK	-0.0508543628072867	0.659502868911241	0.776243241166468	6
PLAGL2	-0.203167170920798	0.179273929197994	0.310702136936563	6
ARL5A	0.327825577460864	0.00724150722187671	0.0237527933121264	6
FAM149B1	-0.00563236134284104	0.962225291005437	0.97744802481128	6
RNF8	-0.249678893977473	0.0346500879650062	0.0866943751916703	6
IDH3A	-0.236216488168338	0.0454170938668503	0.107774509927772	6
AGK	0.0294050960280014	0.812986328026883	0.885579198594659	6
TMEM208	-0.203673927789646	0.0985488308838387	0.196962991333734	6
PPA2	0.339001264500988	0.00739043902199639	0.0241690307693263	6
TROAP	-1.14834983127079	8.17672331957094e-18	3.6117519817286e-16	6
ITGA7	-0.38279447439836	0.00211916498899437	0.00833669119848561	6
SLC9A8	-0.312628068253191	0.0151650895815915	0.0442317913056702	6
NBPF8	0.239955746809165	0.0891048322977248	0.182097020266255	6
NFKBIA	0.128806105403308	0.336331946628502	0.491412744308021	6
TENT4B	-0.0377356323582147	0.74952673924306	0.84025258377735	6
FAM131A	0.334506806164358	0.00403868508291514	0.0144576119943358	6
L3MBTL3	0.4318819229659	0.0018482438778566	0.00743079846188956	6
FOXP4	-0.515669962022266	6.47266376041936e-05	0.000400562637886225	6
GPKOW	0.0376517533413856	0.743582847135007	0.836705506653966	6
TOX	0.21797625405204	0.0595289635160324	0.133375276044517	6
GRK5	-0.361257677458093	0.0019928013626887	0.00792490005162983	6
MRPL11	-0.388545628625908	0.00290503327388232	0.0109379156133046	6
HMBS	-0.396975801992304	0.001280300791606	0.00543456927439849	6
IFT140	0.4041909408713	0.00164497220906022	0.00671820328509452	6
BTN3A1	0.482148174695977	7.01612408721631e-05	0.000430551241771693	6
MYEF2	0.234379307783901	0.0517836840908865	0.119524038527812	6
PPID	-0.0242563487558562	0.842719884121851	0.903831323612476	6
POLR1E	-0.284620153559408	0.0281386737969243	0.0732220875842927	6
KAT2B	0.387393679053679	0.00148370160507657	0.00614536319308462	6
MTF1	-0.219043117406014	0.168678451790458	0.297191066914443	6
CDH6	0.468167062558212	0.000475585149021046	0.00230575591770314	6
TES	-0.0540011397647239	0.645098624767875	0.76492506961711	6
RTL5	0.0138430386696188	0.921048364250307	0.952152644202214	6
DZIP3	0.193011646224668	0.154128377610761	0.277346798973404	6
PARD3	-0.26792584499356	0.0255903150759616	0.0677620835535872	6
LRWD1	-0.469823012245003	0.00074910647081893	0.00340016843978951	6
TRIAP1	-0.116492925845273	0.456791898445826	0.608331825095347	6
C19orf25	-0.193555938349182	0.124497522992708	0.235420326842841	6
MIPEP	-0.0260557805232372	0.823170106556938	0.892798061759857	6
IFT122	-0.148033303125009	0.237209541966298	0.3817568407999	6
MAPKAPK5	-0.268091144848514	0.0233386347589457	0.0627848864361337	6
SLCO3A1	0.352277869004593	0.00367214822667317	0.0133896086170911	6
ALDH16A1	-0.526375667100602	3.61676363545038e-05	0.000239474143528337	6
ARRDC1	-0.0658622394597049	0.596656690428272	0.727337656613016	6
NAA38	0.161685395385441	0.229977701304632	0.373037151235104	6
MRPL45	0.10471952224802	0.424486766292736	0.579475982637667	6
DHRSX	-0.0252934630063462	0.838676510030367	0.901846164654009	6
LSM10	-0.0551118183055821	0.661556642645203	0.777535326647088	6
PPM1B	-0.295865673024499	0.016682248847758	0.047757381814493	6
SRSF8	0.0137451603476142	0.910308761243829	0.946401881703855	6
URB2	-0.697861682301347	3.63689016026227e-09	5.4032037448682e-08	6
SAMTOR	0.520030072984461	0.000147304081405527	0.000832173228987532	6
CENPO	-0.91833890714227	9.47169808004141e-15	3.07083649821638e-13	6
FBXO34	0.151342966872558	0.241615831297127	0.386016408224794	6
EDEM2	-0.112183068583571	0.343457161237993	0.498668278554567	6
LRRC40	-0.0197428402707564	0.8743064900718	0.924451468295855	6
IFT172	-0.0694918239032062	0.594445258423115	0.725650072433988	6
NBDY	0.234205548414046	0.0479108837374097	0.112475648766813	6
HELLS	-0.905679574065262	1.42754476617958e-12	3.5188711155846e-11	6
ELP5	-0.356716079128249	0.00679866548179089	0.022547451180855	6
ORAI1	-0.0874241699984239	0.469541483024195	0.620166018567879	6
MOB4	-0.0272406476017238	0.838026340573905	0.901617869509334	6
RGS12	-0.335863095759109	0.0106613115278687	0.0328882946415585	6
MRPS11	-0.289607567704394	0.0237255997230782	0.0636178588622688	6
GDF15	0.904559575243651	7.15884384806095e-14	2.08017354463634e-12	6
SNAPIN	0.0528074349061575	0.666369895750937	0.780336405504735	6
ZSWIM6	0.00163777402416225	0.989405810594516	0.992944708071586	6
TRIM24	-0.0641619015772324	0.592532105077288	0.724500842147787	6
FLAD1	-0.247260895711416	0.0333521001636331	0.0839253860550377	6
VPS50	0.168656073896538	0.170309861714863	0.299254174067838	6
NFKBIB	-0.565566940085145	1.15365843178659e-06	1.05602266603664e-05	6
ZNF740	0.0253832258691386	0.831276111107297	0.89711877044147	6
DCAF15	-0.84168248496394	2.08916751298752e-08	2.70066123168425e-07	6
LOC124905564	-0.00472969905136346	0.977293651919901	0.986511989280802	6
SPRTN	-0.0421969469986665	0.735032785366404	0.831134486193452	6
MRPL36	-0.466955318726562	0.000265825473624341	0.00138412211602738	6
MTMR11	0.17888603162231	0.188447801601132	0.321836776265658	6
BRCA2	-0.618772350766318	1.16098122676779e-06	1.06124971444058e-05	6
CSNK1G1	-0.00219415395198944	0.986442534519805	0.99181844868953	6
TYW3	-0.176193677562999	0.17206732445742	0.301470514370327	6
MALSU1	-0.107944445614156	0.45912163762445	0.61050794181742	6
ASB8	0.0965349668580842	0.418392645847471	0.573516356120283	6
NIFK	-0.309671563931272	0.020592866072774	0.0567791990188361	6
LCMT1	0.0168472379658579	0.894342934173303	0.936459791784519	6
CCDC43	0.156710925398229	0.177527658923029	0.308406569143966	6
PPCS	0.299855746419201	0.0191828862488738	0.0535647712545451	6
SENP3	-0.126231018750875	0.333744977237697	0.488772266953694	6
SLC25A17	-0.209049037570613	0.108732694871674	0.212793408057664	6
SNHG18	0.17462742167122	0.145826505917754	0.266086820124113	6
DMAC1	0.0254372459786345	0.867100865943765	0.919491557110914	6
PIAS4	-0.36232470805841	0.00259846497424104	0.00992121322961647	6
BRAP	-0.105631715498603	0.389054093975108	0.545612512145147	6
MACO1	0.0463966524676364	0.689820196068139	0.797409611034067	6
ZNF800	0.0381926524555965	0.761031113578241	0.848373088893878	6
ZNF444	-0.0731789447698057	0.531705908490979	0.67471752371221	6
INSYN2B	-0.537190113785927	9.94877424270473e-06	7.37778678066042e-05	6
GPR37	0.203661591549293	0.0949001198125807	0.191267842151738	6
NCKAP5	-0.479529392530162	0.000172898935634008	0.000957857192655912	6
ATG14	0.295276534402294	0.0156086842321137	0.0452117526319357	6
PLAG1	0.471406608699582	0.000514956236881013	0.00246396544749719	6
PSG5	1.30067614925802	1.13359880057567e-25	9.81681645524839e-24	6
FAM13B	-0.57494125903287	8.94280716211332e-06	6.70354047123563e-05	6
SP140L	-0.283610839052763	0.0230765473267358	0.0622667084462045	6
RNASEH2C	-0.347806468331909	0.0063720352854845	0.0213425381728709	6
C14orf132	0.690515548055677	3.91182129738598e-08	4.71532085508165e-07	6
TMEM101	-0.061851474905316	0.624516264537278	0.749343412348907	6
GHDC	0.124635158019342	0.353487256609474	0.509354434455447	6
PPP1R3C	0.873849573226232	1.6863432446182e-11	3.54590034008137e-10	6
ZNF561	0.140049407654752	0.24217707401711	0.386806945396672	6
TARS2	-0.128212358867533	0.329220838386375	0.484139637546627	6
EPB41L5	0.840269169239369	1.0406521117347e-10	1.92119267135538e-09	6
CPPED1	-0.148470662933237	0.234486834709664	0.378578462563878	6
SKP2	0.115151759189064	0.354490903346399	0.510390344654769	6
HCG18	-0.0880293717829047	0.508377603199884	0.654516274542261	6
LAMA4	-0.427972858534413	0.000831146616854838	0.0037233294956288	6
ZNF672	-0.0893580836083498	0.465483972234506	0.616524094151731	6
RFT1	-0.377960168612755	0.00250383954173506	0.00961436402796343	6
HPF1	-0.289371065248667	0.0158431203147394	0.0457431438260397	6
MRPL23	-0.0325559279206499	0.842644285541637	0.903831323612476	6
ELL	-0.413334014238951	0.000448153275458269	0.00219458391549747	6
GSTT2B	0.146146714205884	0.26369363791752	0.411353324947655	6
QTRT2	-0.0765239020423518	0.514378153906529	0.659403938437051	6
PRKAR1B	-0.365835809533083	0.00392401235085276	0.014135679960119	6
EMSY	0.0149533536624422	0.912802932881829	0.947572949962422	6
ATE1	0.236403937779681	0.0486380218200909	0.113883395974497	6
MPLKIP	0.472033115646646	0.000180364749982408	0.000991704763583306	6
C1orf21	-0.151959746089593	0.197427434563322	0.333410418427413	6
ZBTB2	-0.750396396545005	3.60683924702488e-09	5.36461299532073e-08	6
NUDT15	-0.4625684184001	0.000385751517310981	0.0019240800387891	6
SOX4	1.06647767678934	1.39597006467688e-16	5.50154310219812e-15	6
ARMCX6	-0.0176809735352281	0.884786441036714	0.931070915962295	6
VSTM4	0.421175955542922	0.00312008431488118	0.0116311724261628	6
EDA2R	-0.152818472689966	0.209947980121947	0.348968151636538	6
BCS1L	-0.377889106820503	0.00167616177653178	0.00683074844101789	6
CASP8AP2	0.165212664417204	0.203903559433418	0.341430168276565	6
TNFRSF14	-0.49238597312296	0.000122910589444148	0.000712718981873712	6
SLC36A4	0.203396157149288	0.0913652037381637	0.185420933827544	6
L3HYPDH	0.638898899591045	4.49092781969306e-07	4.47419098192183e-06	6
USP31	0.14132361019047	0.237383116746823	0.381942790091484	6
VMA22	0.416795285118623	0.00296531690506369	0.0111362243712848	6
PRPS2	-0.0538783897106189	0.670453716788102	0.783532655906395	6
C3orf38	0.035083591631806	0.768764363110425	0.853975266469332	6
JAM3	-0.158284316978063	0.180025840833704	0.311513098842388	6
NUDT22	0.165988461278688	0.20655053946842	0.344722296313276	6
DHTKD1	0.187223232409468	0.146954014816849	0.267656800475188	6
RABGAP1L	0.222318949748126	0.0669502279228488	0.146560094819301	6
LMBRD2	0.769729785986904	3.76168619779898e-10	6.43052927553609e-09	6
NAA35	0.0446807016470311	0.711553742401606	0.812855471845114	6
CENPV	0.0723290518902995	0.588636409758472	0.721368686495743	6
SMG8	-0.285322051689815	0.0169475354270572	0.0484010433556855	6
TTC27	-0.170755927438175	0.171687279688986	0.301001553349245	6
SLC25A20	-0.254785376409636	0.0375884384935822	0.0925508073122002	6
RSBN1L	-0.0682365940987072	0.586367713805427	0.719325090104458	6
UNG	-0.298704979545919	0.0158306199485988	0.0457271122193123	6
EXOSC2	-0.458596322155518	0.000144010988143306	0.000816724100357749	6
PIK3CD	0.0896404557373477	0.53643279317188	0.67868751023851	6
CEP63	0.0348523521713771	0.774740179033746	0.858120580328274	6
EIF5A2	0.0228994548001754	0.851413322497698	0.910040890299407	6
MRPL47	-0.212031335924046	0.109377067215715	0.213679364934086	6
NUDT9	-0.146036391427654	0.245789820973051	0.391118401047905	6
GRB10	0.753417875590036	3.13225906301721e-08	3.88961566476373e-07	6
PIK3CB	0.437734826942419	0.000471549157165105	0.0022904064781418	6
IFT52	0.282691657398369	0.0243040264693915	0.0648780978334212	6
NELFA	-0.260205817307657	0.0275095468333374	0.0719896948244972	6
RAB9A	0.143107646401721	0.227129942803333	0.369693512689535	6
ACER3	-0.252308162529173	0.0401837431469168	0.0976407487285211	6
ADGRL2	-0.301285693376193	0.0147004157251849	0.0430577597219869	6
PHYH	0.463975030624477	0.000316969169618398	0.00161590440731486	6
TMTC1	0.781337102401077	1.16601346902987e-10	2.13763722741506e-09	6
TRMT61A	-0.561987722987035	3.68477951943173e-05	0.000243365543473557	6
MYL6B	0.138754188278547	0.268568913653841	0.417277220305183	6
HPCAL1	-0.309435936949973	0.00885429899548581	0.0281315804194013	6
ARHGAP24	0.109488364273604	0.399218417712822	0.55560499390504	6
ARRDC3	0.476927090153711	0.000104091068324567	0.000613591908802634	6
RCAN3	0.130217827144191	0.321834161802762	0.477276145990284	6
CHCHD7	-0.16439564998142	0.208581250907811	0.347230935335717	6
MRM2	-0.351819668513018	0.00968055080429226	0.0303032319231627	6
TMEM120A	0.182906495174672	0.16389880111552	0.290872309435565	6
INTS4	-0.0488489586168653	0.682648683786548	0.792501017110118	6
OSGIN1	-1.39093761065972	2.74608431414817e-27	2.75929067382689e-25	6
APEX2	-0.584581671286269	1.53912811571361e-06	1.37820023041757e-05	6
COMMD5	-0.0857011891766214	0.52558623870386	0.668887477870529	6
RCAN2	0.28088709076004	0.0236576588316102	0.0634615372326238	6
ZNRD2	-0.131698253495051	0.345474787122214	0.500989822946976	6
TTC39B	0.532238256881277	8.3833209783775e-06	6.32376240907639e-05	6
CHCHD1	0.0966864249026118	0.436152068119204	0.589795528318582	6
DGKD	0.00599407512362073	0.964291847386026	0.978370685866238	6
TRPC1	0.629171851138227	2.73641822940973e-07	2.85868834553336e-06	6
SPRYD7	-0.260439600646673	0.0354483182473836	0.0882553835994535	6
COA3	-0.165365460782654	0.174651815266722	0.304576290985143	6
TTK	-0.93930258756407	1.61479010427837e-14	5.15909760743111e-13	6
SURF1	0.273041435489306	0.0361276049634277	0.0895232801456322	6
NHSL3	-0.0443415959676184	0.772197506406411	0.856313039328357	6
ABCF2	-0.654493753383323	1.10221756643731e-07	1.23765559652043e-06	6
ATF7	-0.181678629912547	0.234281369914728	0.378293139375315	6
USF1	-0.217990045057413	0.0847161529259444	0.175249902504525	6
NAA10	-0.385259898551372	0.00217493513723862	0.00852297446009882	6
DYSF	1.04697901474274	5.57083654409333e-14	1.65155228445722e-12	6
SCIN	2.44763747824678	5.1190532225541e-70	3.54642618781472e-67	6
CDKL5	0.442142836236416	0.000458800018004481	0.00224088483747421	6
MMP17	0.0461455216837274	0.755930783828789	0.8447557526771	6
KCTD11	0.0521796724613019	0.664057104719943	0.778984374781981	6
KLHL29	0.0963762791401514	0.477413004940454	0.626923018637743	6
ALKBH7	0.588194742568431	1.10370336114883e-05	8.12985301779635e-05	6
VSIG10	-0.331589085702024	0.00757380671192591	0.0246462343013797	6
ESF1	-0.17139795096937	0.203028282527084	0.340267543023174	6
LZTR1	-0.325013544343792	0.00610308860386813	0.0205670648470856	6
CDC40	0.375809868938605	0.0018681462972027	0.0074970761311217	6
DHRS4	-0.0746942899457016	0.560690806566579	0.698689491804021	6
CCNH	-0.225486235616545	0.0964857158933386	0.193782168267938	6
MNT	-0.221314258633759	0.164823621386729	0.292198428055693	6
SPOUT1	-0.645690855207813	3.7745393898628e-07	3.81599554445192e-06	6
BID	-0.264262094275723	0.0447346989735493	0.106404561364082	6
CAPN10	-0.165924538953715	0.242520992297734	0.387086676563001	6
HMMR	-0.979265260669185	1.37702157721324e-14	4.43172005399948e-13	6
MLLT3	0.226433587938678	0.085691758068576	0.17685177351155	6
ZNHIT6	-0.0315325146058952	0.792575376059945	0.871204148231904	6
MANEA	0.48619448206966	0.000219082958822716	0.00117084408728519	6
MRPL44	-0.224881907758471	0.10112272158632	0.200947823707839	6
RAB3IL1	-0.226906591922983	0.0564382003739053	0.127887077211519	6
WDR47	0.110674974005116	0.361614224067619	0.51743972512252	6
WDR59	0.0242216313372995	0.840632681487755	0.902917012356044	6
ERN1	-0.334579187598114	0.042683811569904	0.102329834169024	6
IFFO2	-0.164840246822271	0.190719471926897	0.32497610472152	6
SLC25A12	0.0739587060334392	0.568371397809462	0.705035181378112	6
LARP1B	0.346137350654382	0.00465951138803746	0.0163120075533875	6
P2RX4	0.368028448221494	0.00266640312843524	0.0101556320542804	6
CAMK2N1	0.289728762852961	0.0238026957735472	0.0637466702883423	6
NAA16	-0.247793433009403	0.0489626845638168	0.114475278315013	6
CBLL1	-0.162768782801755	0.179723539461602	0.311194547478699	6
AIFM2	-0.709643603380715	4.92894701298778e-09	7.12181443819519e-08	6
SPHK2	-0.163724275597729	0.210427281448913	0.349464333297002	6
DDIT4	2.79731685781722	1.54893037197474e-71	1.1326983603502e-68	6
HDHD5	-0.0833156552931995	0.532770634436987	0.675417496012141	6
ZFYVE27	-0.298436185921193	0.0151809478639777	0.0442617205046295	6
DTD1	-0.13282005316614	0.304966310396629	0.458682135998604	6
RBL1	-0.92548668601975	3.30289070660285e-14	1.020562215282e-12	6
CDC45	-1.10964392206444	7.04244685379096e-18	3.14236365886273e-16	6
CYB5A	0.173985904224782	0.167781145250721	0.296165108614087	6
PNO1	-0.0881832350197903	0.474731725265649	0.624514661170471	6
ZBTB44	0.613777712607677	1.78573048782255e-05	0.000126510066798753	6
SPOPL	0.549407691467898	1.24351429511781e-05	9.05831691568109e-05	6
CPT1C	-0.229541049523449	0.0614216800879637	0.136800943316052	6
BRIX1	-0.467614685719317	0.000232606752785857	0.001235594304649	6
AARS2	-0.226975931342434	0.0728869910993799	0.156383286689672	6
PSPH	0.408772831233956	0.00154487772621575	0.0063547579719306	6
MSRB2	0.12959228069842	0.287505590193959	0.439488570865531	6
WHAMM	-0.202810525495646	0.112592466223724	0.218398855423355	6
SOD3	0.356714937870105	0.00890878423066879	0.0282569462236851	6
COX7B	0.224884920410527	0.110522570648265	0.215335790030065	6
MIEN1	-0.264026296067643	0.0492419695228155	0.114964889114725	6
AGTR1	-0.280125704170809	0.0237616564844895	0.0636756279123239	6
DCP2	0.32251158806137	0.00836463799879826	0.0268306688413097	6
CDKN3	-0.741310182898941	2.10634404628032e-08	2.71821634129293e-07	6
HIKESHI	0.0392730027278405	0.753148486468782	0.842570841418374	6
SNX4	-0.0123449339827525	0.930849045218628	0.958745382019781	6
GDPD5	0.934491755755873	2.37245595137464e-13	6.47897047467725e-12	6
IL1R1	-0.0536469955901036	0.66547069547283	0.779959817554408	6
MAK16	-0.11956715368185	0.327415991065722	0.482631203835288	6
SLC2A13	0.825484825591268	1.8080200111366e-11	3.77162716427752e-10	6
LURAP1L	0.892945122300543	3.19448970266741e-12	7.54920430093557e-11	6
RFC4	-0.727285284498042	1.40715890544014e-09	2.21825540985731e-08	6
MRPS30	0.30802204653563	0.0139440321020751	0.0411721163211337	6
WASF1	0.16041776032412	0.212949493140381	0.352408118959874	6
BLVRA	0.158596120294857	0.193239283379182	0.327995962233419	6
PABIR1	0.055556691460044	0.647465628958102	0.766764738999145	6
FBXL18	-0.0997564236048465	0.481548241562542	0.630708408327138	6
NFXL1	0.0254205196093204	0.857173648354988	0.913250289534533	6
CLK1	-0.155629811497132	0.210727023132969	0.34978559968465	6
TMEM70	-0.246206370042429	0.0489356279081931	0.114473017621387	6
PARP2	-0.195696238276593	0.102457283765399	0.202925854078234	6
LSM1	-0.20087987279172	0.127504153733637	0.239641950346688	6
TRIP4	0.045912834037825	0.707431291599939	0.810162406570843	6
FAHD1	-0.141120046181869	0.280256290163767	0.431009878189702	6
DEDD	-0.263846034494773	0.043166540861285	0.103290524878585	6
PLEKHA5	0.656602512585046	6.53928973509071e-07	6.31906855746066e-06	6
ANKRD33B	0.0856165108660358	0.502335895944983	0.649592378507532	6
UST	0.258703044600931	0.0311762935082479	0.0795143482753473	6
TNRC6B	0.162913315716572	0.316155190795276	0.470923478153018	6
PHTF1	0.131731390239598	0.272875100397283	0.422074611813095	6
YDJC	0.0309486871002327	0.82109070973559	0.891256718653029	6
LEO1	-0.308867426375454	0.0114070933139907	0.0348056488855028	6
CNKSR3	-0.208665134149599	0.0867055425777197	0.178468343541912	6
LINC00667	0.0370219309539524	0.762046386845186	0.848862557305839	6
STK11IP	-0.475507595209357	0.0001680448594643	0.000934505485901387	6
CLCN5	0.448110355818656	0.000363646000247266	0.0018241891391977	6
ANGEL1	0.359388379665599	0.00286103756041392	0.0107969717338671	6
SLC39A11	0.162437166233577	0.192857725473705	0.327728665170459	6
TRAF6	0.18885676971662	0.130977176769234	0.2451027264449	6
NUDT16L1	-0.0538746132567633	0.678434975370689	0.789867290005694	6
POLR1B	-0.236878831942076	0.0514085258895013	0.118863591477869	6
TXLNG	-0.148648142439912	0.244448612537025	0.389527854511363	6
BMERB1	0.311913248207545	0.0115759935684932	0.0351742389986324	6
B3GLCT	-0.236810247800001	0.0705574784335473	0.152529735540218	6
LRFN3	-0.0200940381927429	0.891222195307446	0.934604665139572	6
SCML1	-0.0416415001867359	0.740944511207456	0.83523615663473	6
DGAT1	0.105056185869978	0.438615655695961	0.592034553121437	6
C1RL	0.577643965347454	1.79002978596699e-06	1.57290801553294e-05	6
VEPH1	-0.162072336019851	0.196160880515842	0.331757120677121	6
ENPP1	-0.85628236073344	9.99615965827274e-11	1.85323168425132e-09	6
ZCCHC17	-0.0402728486810716	0.754949057905903	0.844035761356817	6
TRIQK	0.689007379828923	2.72869773410308e-08	3.43382870688326e-07	6
NLGN1	0.325433318006928	0.00789897834038706	0.0255527775607065	6
FBXO45	-0.0236389747359983	0.847781161680924	0.907558834678432	6
ZCCHC9	-0.095762055239789	0.433161319327235	0.587017651220466	6
D2HGDH	-0.162032192690725	0.305818771969014	0.459636046520682	6
KCTD13	-0.0206362641185597	0.867411090387389	0.919672346578268	6
STK16	-0.0476552022620634	0.709745672578652	0.811735692550614	6
PPM1D	-0.0076347236077335	0.950261048642291	0.970537413351837	6
PIGX	0.0275013821021998	0.820813621137484	0.891256718653029	6
RBM12B	0.403833229828809	0.000872670751421486	0.00387942083787944	6
ASL	-0.258399565096509	0.0650543544342393	0.143363486063586	6
ACD	-0.451917251521601	0.000547616414012335	0.00259851292633178	6
KIF3A	0.345799311135946	0.0113783301691092	0.0347339888719815	6
FANCG	-0.882754381977792	1.15970261466847e-12	2.90212272184051e-11	6
ALG5	0.287635143475332	0.0207564676409318	0.0571317043289712	6
COQ9	-0.210769353030406	0.0964243241354868	0.193746508715526	6
PIGU	-0.252797784525236	0.0722789380660135	0.155415739076852	6
MED4	0.119965784177006	0.354778160014483	0.510586918498338	6
CDH24	-0.632801120869709	3.40981463482685e-07	3.4928708200954e-06	6
ADAT1	-0.0704798200658521	0.579771835453932	0.714496458204298	6
CWC22	-0.145891377971485	0.253747260525931	0.400248674691771	6
LOXL3	0.195112941292338	0.113732754229118	0.220210775955187	6
PPP1R3G	0.641932405174103	1.4215614477891e-07	1.55544583019518e-06	6
GINS1	-0.556925503423117	3.43770408592471e-05	0.000229581425078777	6
KDM4C	0.00613983456379905	0.963101851920832	0.977764227409108	6
APOLD1	0.508465885629009	0.000137018596768613	0.000782462381459981	6
PI4K2B	0.0672560330739569	0.614519213176192	0.741577555038256	6
ZDHHC4	0.139577693703425	0.258959672128537	0.406257366608896	6
LDHB	-0.225824657042097	0.0983188671871237	0.196596863258127	6
TEAD4	-0.448777172496872	0.000405274081072193	0.00200927409760952	6
GTF2F2	0.0688392431171675	0.605582746568391	0.735019427669869	6
PHF5A	-0.323089017986958	0.0183573604179071	0.051687258862227	6
ODF2L	0.543057298939351	1.14387958651766e-05	8.39550817434627e-05	6
MRPL40	-0.163343123658362	0.193514073468003	0.328377690996431	6
GMNN	-0.502890799773646	8.67496188566586e-05	0.00051998416803743	6
ARID2	0.186294405952066	0.162044255978019	0.288241694789008	6
XKR8	-0.299840494495072	0.0137347961683113	0.0406284482887826	6
RAB2B	0.347289250792607	0.00520301402244862	0.0179145366407249	6
RFC2	-0.631779944918755	1.78043963790496e-06	1.56552618261476e-05	6
POLA1	-0.560003860578624	1.07999465564832e-05	7.95966945817402e-05	6
STAU2	0.344946878768824	0.00784278094743583	0.0253959472598026	6
SIRT6	-0.256335384802369	0.0472927312984394	0.11134219675932	6
SETDB1	-0.0740327478708801	0.582269602547662	0.715574593388447	6
RABL3	0.475573315138446	0.000197889680761861	0.00107459648014372	6
SLC9B2	0.175670676011599	0.177956333376081	0.308988156737812	6
ATOSA	0.072857787852825	0.601068442533918	0.731158294896402	6
LEPR	0.899145337882031	7.35766804944682e-13	1.89158172919665e-11	6
BARD1	-0.458522180129745	0.000342772357878468	0.0017306914256825	6
RLF	-0.0130894256897138	0.920239408296758	0.951764856714875	6
PIP4P2	-0.0607088478873324	0.623326015011872	0.748958497088204	6
STPG1	-0.142649757388864	0.277347867259444	0.42769752437075	6
MRPL13	-0.11890374511798	0.414937866296484	0.570723838459834	6
ZNF384	-0.243315245126894	0.0499470803989215	0.116260551598763	6
MTO1	0.0412493537777018	0.739157724020354	0.833766142200178	6
NT5DC1	0.0586679037049925	0.65463283787067	0.77273363819679	6
NUDT1	-0.213921731994428	0.156381176085354	0.280556824425722	6
AHI1	0.0909550414024812	0.470184863175325	0.620845763382144	6
ZNF654	0.116902422675667	0.361842328449217	0.517663049672001	6
GAR1	-0.234933551985761	0.0643272311782179	0.14211805035228	6
NUDCD2	0.00887586255962854	0.942994766695981	0.966264994085256	6
TXNDC5	1.92166783413182	1.16891571300249e-39	1.8317187536014e-37	6
MEIS2	-0.190686337324933	0.150859352554049	0.273164837122141	6
TP53RK	-0.183672598066894	0.182764145480952	0.315009093487727	6
HOXD10	0.584577418988363	0.000149374816077915	0.000842786414073552	6
CC2D2A	0.07437582841274	0.535166840982807	0.67728113910746	6
SNX11	-0.190709287056797	0.123264027163916	0.2335848116511	6
CYP51A1	1.0296654974049	1.89296745569164e-14	5.97533108375757e-13	6
KIFC2	-0.27407818049991	0.0466133118600887	0.110097079492974	6
CCDC71	-0.177882289505787	0.180955347785808	0.312710416555677	6
NUDT2	0.0412077413459187	0.752042042927072	0.842192395018637	6
MYRF	1.20289970175805	2.9170416220805e-11	5.88009477357514e-10	6
ILKAP	-0.630650011012419	4.565688541099e-07	4.53571005784801e-06	6
ASF1A	-0.266594226222235	0.0356016985683508	0.0885200525604839	6
EFNA5	-0.115454127227196	0.415538654825527	0.571371076305067	6
RINT1	0.118402665415082	0.346658357365206	0.502208227822827	6
VIPAS39	0.348815744816101	0.00446407083145798	0.0157450601164205	6
KIAA0753	-0.181873055404994	0.218096721254577	0.359210102837086	6
ITPKC	-0.0113345284653361	0.927848280664229	0.957077573731154	6
SLC6A9	1.75235088239658	2.28558424985362e-32	2.8652519505546e-30	6
FAM200B	0.273882835515936	0.0231674060741591	0.0624291027277917	6
AIMP2	-0.204234693753707	0.10040567127814	0.199703815508334	6
DNAJC14	-0.0143283229827984	0.912094697726301	0.947446177970475	6
DSN1	-0.551949768619145	1.03207542833424e-05	7.64072489491769e-05	6
NTPCR	0.182961511064788	0.1416191951855	0.259832947168232	6
NOC4L	-0.655308423704499	5.09121882004586e-07	5.00117263643759e-06	6
PDE6D	-0.0233938976447773	0.863012256980525	0.916905045930862	6
CHAC1	1.82699820838207	1.16174470329439e-38	1.75770638269701e-36	6
SCRN2	0.285298137921028	0.0301185874468173	0.0772658286030902	6
EOLA2	-0.232122422616255	0.0651598628971052	0.143499962408331	6
CCDC57	-0.0206951733498536	0.903871662713678	0.942389124459417	6
GAB1	0.271020983136983	0.0352565442606655	0.0878583507156557	6
SNX21	0.00750473116579332	0.956392623975784	0.974607063829696	6
CCSAP	0.1133219821649	0.409400623012473	0.565293718501197	6
GNPDA2	0.171477927797006	0.186089798594413	0.319069951660578	6
VRK3	-0.204958374223089	0.103631547362223	0.204778379314458	6
DNAJC6	0.719226156334701	2.03771211851111e-08	2.64520755581476e-07	6
CCP110	-0.080719266126647	0.534450908288014	0.676745721519298	6
POP7	-0.325812512729819	0.0177060153211288	0.0501434761663995	6
NAA40	-0.307971227246837	0.0212186941773684	0.0580668755627236	6
NEK2	-0.965093013301822	1.67549642742838e-13	4.66269756326423e-12	6
EXOG	0.0279956309591194	0.83812172387117	0.901617869509334	6
ARL14EP	0.211490446052807	0.0885690915949563	0.181340014413503	6
SNHG7	-0.234363107655474	0.0616205274226246	0.137088471739749	6
CCZ1B	-0.405469092531351	0.012256469983694	0.0369524385885211	6
TTC9C	0.03568274684238	0.777748228260709	0.860438723196816	6
PLEKHG4	-0.245518293011021	0.085822151591329	0.177037608744188	6
SUPV3L1	-0.39144904167988	0.00199877961885969	0.0079366323146456	6
EBPL	0.191474592154693	0.149740176090699	0.271716285894936	6
NFYB	0.492596706708898	0.000163163780332058	0.000910438677622247	6
MDM4	-0.0410797337751326	0.77790724153566	0.860470001708731	6
HTRA2	0.0305008830823765	0.825457318580998	0.894279397899726	6
CERKL	-0.110525626045558	0.420853994438405	0.575972252941643	6
CWC27	-0.0126827339234338	0.919037478706351	0.951066461530871	6
CCDC186	0.605385943815613	1.37575657486792e-05	9.93912392699584e-05	6
PRIM2	-0.381854785191454	0.00447704825263154	0.0157781489021122	6
RNF19B	-0.0488460879179149	0.705359921454069	0.808834865888277	6
DNAJC2	-0.52001015095682	2.1824502927178e-05	0.000151357182313195	6
SAPCD2	-1.09026099042735	1.63528330406332e-13	4.57011340369118e-12	6
C8orf82	0.0326656327282455	0.803575071155537	0.879110593552222	6
EDRF1	-0.164065027227758	0.187147675771052	0.320262220528522	6
ECHDC2	0.129308912983979	0.397899532521583	0.554355582830397	6
PLA2G12A	0.800894132140092	4.60682870052454e-10	7.78429861168222e-09	6
PHF14	0.360284906710148	0.00942057706942007	0.0296162063445847	6
ZNF12	0.176721978242621	0.157983720184358	0.282734658778998	6
RASGRP1	2.03059130033081	2.89755865066807e-40	4.70871166898071e-38	6
MRPL30	0.0487477581921959	0.705558781155365	0.80885474972549	6
SLC29A1	-1.51330224179793	2.20779089772679e-30	2.61812176457457e-28	6
CNNM2	0.659269623279818	8.77030136386924e-08	1.00124437860027e-06	6
BCL2L12	-0.530108606828018	3.98640501702547e-05	0.000260282982336836	6
RHBDD3	-0.0563636888853065	0.661190259168949	0.777422722772745	6
ELP6	-0.141349200142615	0.270957179242068	0.419996390763464	6
WDR90	-0.689061731633669	5.06969894396202e-07	4.98375259143929e-06	6
MRPL2	-0.118802985769495	0.346928647400615	0.502448107200392	6
TMEM135	0.249946863592461	0.053053560480706	0.12170121110983	6
RAB15	-0.0507721308105232	0.680475387501276	0.791263032303824	6
ZFP90	0.643816731166465	4.59637525777691e-07	4.56275169819891e-06	6
RMND5A	0.157868368248285	0.220766317987605	0.362518343771313	6
CWF19L1	-0.306091000050097	0.0130899784990782	0.0390799244688968	6
RPL26L1	-0.360204539880468	0.00861010162634801	0.0275017635786505	6
UIMC1	-0.218129048158289	0.0837038523196162	0.173647566285754	6
ZNF76	0.0723546590330231	0.57709506935585	0.712598724008541	6
UNK	-0.072373006084435	0.567764809047774	0.704713642762456	6
USF3	0.580141095115329	0.000161213792462174	0.000900321234696477	6
ZDHHC12	-0.116428689212618	0.386774164169552	0.542993635128393	6
ZNF428	0.0302611603988282	0.828290366238803	0.895729072656366	6
CISD2	-0.0131333362648301	0.919303090298717	0.951170144442856	6
FRY	0.920522384448392	6.00777430043795e-09	8.52158762033025e-08	6
KLHL2	0.0746023642116758	0.55923680407724	0.697416774236732	6
ADGRG6	0.398629491090106	0.00229213659563295	0.0089106302446298	6
UTP14A	-0.456379302254043	0.000235743141967704	0.00124922986220648	6
ATF3	-0.701157514178154	1.26608673683525e-08	1.68850047790906e-07	6
CENPI	-0.606762771909309	7.22249759798657e-06	5.56940456252474e-05	6
ZFAND2B	-0.294689030117354	0.0174956907907217	0.0496648216256782	6
CCS	0.326103757110606	0.00869915622933542	0.0277255978172893	6
MSANTD7	-0.338746608041619	0.00778546573334547	0.0252351847938997	6
TMEM19	0.0949316859845497	0.462053736031545	0.613522215063286	6
RALGAPA1	0.572085508396194	3.79724659892819e-05	0.00024954147269941	6
CCNQ	-0.306305284539123	0.0273033873857443	0.0715782689023208	6
STARD9	-0.034852673663458	0.843649199029396	0.904606908343429	6
RELB	-0.42594468747913	0.000608831705824988	0.00284488879793196	6
PATZ1	-0.145203812421865	0.237559052572485	0.382027110240252	6
NVL	-0.24234741621169	0.0465660605469156	0.110011256420438	6
ELF2	0.248751320026907	0.067372408126471	0.147240756309726	6
AASS	0.63333133695477	1.6897968173676e-05	0.000120166372269096	6
PAN2	0.0238797015915976	0.888654584412832	0.933501661702531	6
SH3RF3	0.161184980760063	0.260849842571357	0.408223335841966	6
NFU1	-0.178861994625585	0.165874250514279	0.293547023328779	6
LRCH4	-0.422145309243778	0.00369911086357425	0.0134729928879988	6
SCNM1	-0.248592159127875	0.0472476824307936	0.111269468809309	6
PDK1	0.487122545594563	0.000130203521478897	0.000748087714197606	6
STK3	0.185683503149268	0.158852459172829	0.283833889002294	6
PFDN6	-0.0894775437419161	0.499507664021217	0.647298513390055	6
CDK8	0.151371429770218	0.219106206814838	0.360511875037965	6
GOLPH3L	0.4201776148546	0.00126763791274502	0.00538429101176596	6
AP1AR	0.246714770338083	0.0633136135753698	0.140184540873439	6
GLA	-0.554049009329839	7.59088744370099e-06	5.80248846814379e-05	6
FDX1	-0.126854374552108	0.321552627281807	0.476992250007332	6
C10orf88	-0.134989609988907	0.308098617035532	0.462263899663967	6
SP2	-0.668708992951631	1.20509484507925e-05	8.80280990331753e-05	6
ZNF697	-0.260842437678199	0.0412951179517331	0.0997188841677973	6
RNF103	0.652227436786462	1.19058522181134e-06	1.08529593315116e-05	6
ENTPD7	0.172983399902304	0.195072802997828	0.330256373744104	6
ITPR2	0.411760324172481	0.00558150917252674	0.0190532689932494	6
ZNF264	-0.137617578369113	0.28001050419192	0.430812155497581	6
DBT	0.78707364214825	4.50107560973399e-10	7.62518124207574e-09	6
NDUFB3	-0.0529771064422423	0.70702558838555	0.810014684159315	6
COPS9	-0.110610247961914	0.400116120551912	0.556385458357225	6
RITA1	-0.143441423605247	0.247266770389851	0.392895086651735	6
DUSP11	-0.0998999927183119	0.454403274749406	0.60620071955713	6
ZFYVE19	-0.0464570654312515	0.707283879768657	0.810162406570843	6
ZBTB45	-0.104337697276958	0.402751048130699	0.559043767430602	6
GET1	0.544110558943226	3.73129750280307e-05	0.000246067480107199	6
GALE	-0.467979376610144	0.000456610233201368	0.00223101726044158	6
C2orf49	0.619067760558795	5.8659998726091e-07	5.71110623691964e-06	6
ARHGEF25	0.585603052384584	7.61932034641247e-06	5.82084235170211e-05	6
CCDC149	0.0652486726086888	0.606260668166155	0.735512036160317	6
ACAD8	0.0723452615995354	0.580593844712095	0.714894633741135	6
PHLPP1	-0.337621791493483	0.0116888699172051	0.0354862797775541	6
GEN1	-0.669512037435115	9.91691746144144e-08	1.12144660261988e-06	6
CEPT1	0.246095845590379	0.0512147517012249	0.118561339543303	6
USP21	0.0390616874864796	0.749144602930841	0.840052163766454	6
TSHZ3	0.432879875102565	0.0037883062389143	0.0137521993995667	6
NDUFAF2	0.25134833634987	0.0571287548202864	0.129034767374579	6
NUDT11	0.140828227854984	0.287574204875067	0.439491380328631	6
DHX40	0.243113216168862	0.0556957521588805	0.126728294843102	6
MAGEF1	-0.136545703820721	0.310656814157858	0.464943222826593	6
MKNK1	-0.176776894660703	0.173989205159724	0.303830844406711	6
ZNF526	-0.16830187247324	0.169299855032904	0.298046541634094	6
TMEM18	-0.262371036645595	0.0316988944697089	0.0806129342938135	6
ZBTB33	0.290595022853005	0.0193771585993755	0.0540118110650434	6
C2orf69	0.162567271316318	0.194720897067581	0.329830288006765	6
TMEM117	0.855799921199537	5.14317370413661e-09	7.39078553139195e-08	6
ACSF3	0.0416651181125762	0.74859689244738	0.839873633009107	6
COMMD8	-0.0750051393485898	0.593952338287284	0.725317426564318	6
CLPB	-0.0468069483884483	0.703695069184297	0.807618753206902	6
ABHD13	0.142452088350672	0.305405048046502	0.459066649244731	6
SLFN12	0.143346210701596	0.244025412102428	0.388969060245127	6
MLLT11	0.00278884639866341	0.982941900779838	0.989910575037766	6
HAND2	0.177500004225419	0.224188485247448	0.366491931360178	6
EIF1AD	-0.473859960401331	0.000186538628481163	0.0010209596535125	6
GABPB1	-0.446768905241829	0.000613163402650549	0.00285600490767487	6
TUBG2	-0.0278758430513844	0.844195600467362	0.904971633598166	6
TMEM41A	-0.25886354173075	0.0519729720641481	0.119813129604878	6
MYBL1	-0.14556911541072	0.296807096106738	0.449685981359691	6
RPL26	-0.339352951173315	0.0072346701699557	0.0237421998122979	6
CLTCL1	0.858891700938529	3.83216329592398e-09	5.65501854980352e-08	6
MRTFB	0.0675079328672636	0.686563300903226	0.795391016527827	6
RABAC1	0.241956980665704	0.103942931350017	0.205343059486758	6
ZNF710	-0.0948702256569946	0.444749124150359	0.597187873221583	6
DEDD2	-0.254276911193977	0.0693043917119308	0.150406367414551	6
PLCE1	0.656245735255926	7.79198442671082e-07	7.36294982116256e-06	6
CBARP	-0.13446079517232	0.336467021940411	0.491500988769463	6
HIGD2A	-0.283451290941102	0.0248722101846064	0.0661266214219299	6
TCEAL7	0.307291137623303	0.0273379368468323	0.0716005967663451	6
TMED8	0.707968161071168	2.26415011406711e-08	2.885092734895e-07	6
DPH5	0.193546550045315	0.122922071021509	0.233178155477176	6
POGLUT2	0.406729339424194	0.00287685530817509	0.0108442286430437	6
PPP1R26	-0.0452742218395637	0.743277625129161	0.836648142600919	6
PUS1	-0.573974508605785	8.0203414277861e-06	6.07782119826992e-05	6
KIF18A	-0.889134892961684	1.84279188328705e-12	4.48367274671117e-11	6
EXOSC1	-0.0727601734808894	0.555880464841717	0.694745020766381	6
WDR20	-0.370853388061313	0.00297373552002452	0.0111582898090316	6
DALRD3	0.204196995061298	0.115720410076961	0.22293862008467	6
CCDC22	-0.0450306045874058	0.72759530711704	0.826409026504039	6
TRIM13	0.149031104134755	0.241243400475983	0.385608607221053	6
ISLR	0.278165154703602	0.0385654444734206	0.0945320196654814	6
ZSCAN29	-0.045550841163191	0.758434879527029	0.846327426179577	6
MRS2	0.182735477090924	0.136073305374017	0.252236715763721	6
TERF1	0.258859080660435	0.0343916772838129	0.0861133057041713	6
RCCD1	-0.0580685551464209	0.635817663296631	0.7584980879077	6
SYNM	-0.215978060451978	0.108051601181202	0.211712299248015	6
SERINC2	-1.07693102151268	1.18219565891774e-16	4.71552771464673e-15	6
ST3GAL4	-0.328072982459624	0.0115305189848456	0.0351008837644595	6
TNFSF12	0.161272415308759	0.218694239327863	0.359924015037843	6
MIIP	0.00333223703502601	0.979535659479479	0.988199720089684	6
RNF2	0.263436441325204	0.0449573074025802	0.106779689162786	6
EPHX1	-0.164945846546983	0.204965493609197	0.342598195857506	6
BAHD1	0.0221792713007266	0.880812277658895	0.92849619691071	6
DDX11	-0.924571528140651	1.07865181543782e-10	1.98300193388381e-09	6
ETHE1	-0.00441193985000972	0.974330344326073	0.984728986668005	6
ATP5MG	-0.287815812965119	0.0282848340341569	0.0735070622688268	6
FOXRED1	-0.406788533273205	0.00259882574000741	0.00992121322961647	6
EPC2	-0.0638560630932639	0.609676995580346	0.738444554378219	6
CLU	-0.864554615453625	5.07389487053235e-12	1.1595083017503e-10	6
RESF1	0.150146745097521	0.237580636969285	0.382027110240252	6
SNHG17	-0.496619249985057	0.00020267185722528	0.00109469415537807	6
DNTTIP1	-0.250134898095026	0.0794861562999086	0.167083403924576	6
SSH3	0.466348042525411	0.000261541070035377	0.00136613694637923	6
FAM53B	0.3055382292348	0.0158806412287553	0.0458313704218607	6
SAMD1	-0.10238992020392	0.446761208394066	0.598802680219007	6
THBS3	0.532878287468686	0.000141359639367589	0.000803071615449106	6
IL15	0.0878988890843611	0.493743182169284	0.64201733743893	6
PGGT1B	0.12595880828056	0.329373721775378	0.484256260441114	6
PLPP3	-0.550066527024516	1.14566667420053e-05	8.39550817434627e-05	6
ZCCHC3	-0.0865236022061643	0.51126785688701	0.656833147313165	6
C12orf57	0.215045287870246	0.10644352031817	0.209277977288734	6
ZNF274	-0.40791726799879	0.00183102441028	0.00738186043262347	6
ATP9B	0.208130854986239	0.114716920095601	0.221507821507759	6
BTBD19	0.00853745346863764	0.958924390796014	0.975525292221032	6
WDR70	-0.0520843681392592	0.68635989196635	0.795391016527827	6
GPAM	0.206363141737776	0.118806484247443	0.227036326657368	6
YARS2	0.0141681196208514	0.909414887354712	0.945995587343929	6
ZKSCAN5	0.01241092157477	0.923889134995189	0.954040376868414	6
NUP37	-0.348283210617994	0.00628038082711143	0.0210781878702876	6
METTL17	-0.419169570395561	0.00284354348941644	0.0107432729481024	6
USP3	-0.185118768512333	0.148000782866686	0.269153675721773	6
MXD3	-0.724999389430807	2.77597044373667e-08	3.48998079760323e-07	6
FAM220A	0.451260211818986	0.000850454910248419	0.00379802684708104	6
RMND1	0.0587570017326402	0.652138883116391	0.770496734445836	6
NFATC3	0.270715230182867	0.0418272718145779	0.100787226551328	6
OTUD3	-0.00709553609109885	0.962430374665083	0.977505480070717	6
EIF2AK3	0.38416960590103	0.00261651340407086	0.00998584109532755	6
HOXA9	-0.160187802559522	0.195598801980954	0.330934065613791	6
MOSMO	-0.42500588185441	0.000996896309091636	0.00436241559726503	6
IGHMBP2	-0.316158295296966	0.0216995082296929	0.0590756208536602	6
ITGB3	0.57181755401721	5.09891126224045e-05	0.000324393276678932	6
FITM2	0.0166117811458424	0.898385427956816	0.938245055368485	6
CTNNBIP1	0.100850929926409	0.429936439896299	0.584211144663465	6
NFS1	-0.00847211438746403	0.94615673575275	0.967997910206237	6
TUSC2	-0.0544610005659005	0.688386383558652	0.796569003934151	6
USP18	-0.349170998909836	0.00668235998280686	0.0221952824763277	6
VAMP5	0.0568718475252536	0.675208902206778	0.787320080053125	6
PLCD1	0.685297233857443	5.32708917850498e-08	6.26635164045228e-07	6
IGF2	0.87944945795852	3.97572513558902e-06	3.24441847239667e-05	6
MRPS14	-0.295063618798485	0.0335757417844027	0.0843913479297485	6
UBE2E2	0.334663445221419	0.0115920697788617	0.0352068330639495	6
CTSO	0.625644182413001	7.70489108303887e-07	7.29636556302451e-06	6
RFC3	-0.76399318812374	3.79406132774396e-08	4.6071244702116e-07	6
MMP16	-0.395488866117963	0.00296723501104205	0.0111393529480903	6
ATP10A	1.40059555356523	1.74307147413433e-26	1.59333679264099e-24	6
MFSD11	0.14360367384287	0.264954311178888	0.413026243255294	6
CMBL	0.45741229538408	0.000242965536107249	0.00127977405033202	6
NRGN	-1.46235754051668	1.43297853813046e-27	1.46219352693111e-25	6
THOC3	-0.174426289532241	0.163033898962452	0.289592265736767	6
FRMPD4	0.658405746149479	4.0261947030764e-06	3.28153565799348e-05	6
THAP7	-0.0839247676235318	0.523143528778527	0.667120823909058	6
CDK5RAP1	-0.247447053064535	0.072181572828833	0.15526201229426	6
CPNE8	0.214380391506444	0.113744060299272	0.220210775955187	6
BIVM	0.213331521625448	0.0962237735719524	0.193461666645427	6
ACSS3	0.756302447153335	1.14344763791182e-08	1.54529787041409e-07	6
PIGM	-0.140638289551989	0.281078469255165	0.431921070605386	6
SNRK	0.0142220841674229	0.912477019502022	0.947458784231689	6
CNTN3	0.628945399262345	5.871743002063e-06	4.60058054381877e-05	6
ERCC6L2	0.0725968279241169	0.582692368762588	0.715950681417151	6
IFI27L1	-0.0922482730651286	0.480344729936285	0.629769139662199	6
CIAO2A	-0.207273457444216	0.134048902126885	0.249467792831357	6
EFS	0.176072842284222	0.176936658866811	0.307664100483995	6
C1D	-0.0552562230201496	0.704891246363722	0.808511979425381	6
PROS1	0.420405995718416	0.00115370173666688	0.00494502636266565	6
MRPL22	-0.136382390962701	0.293767029416625	0.4459526477005	6
BRWD3	0.549556822510314	7.47005428232502e-05	0.000456068295539166	6
ORMDL2	0.0160388946118587	0.912428889905198	0.947458784231689	6
QTMAN	0.262911121826305	0.0399638564128948	0.0972175645837987	6
ARAP3	-0.247028328766256	0.114109051701382	0.22072262271055	6
TRAF3IP2	-0.121485955166467	0.358624640436361	0.514336036398324	6
CWC25	-0.373259275939075	0.00306731144207895	0.0114539065282511	6
GRPR	-0.0873592049803736	0.492069189896735	0.640536664024004	6
TRMT1L	0.26579073709949	0.0412622653824412	0.0996578347209308	6
FLYWCH2	0.255415541799917	0.0652211876695884	0.143610989176111	6
MED27	-0.335176853374741	0.0164210402323212	0.0471737565643921	6
RABL2B	0.406403937084166	0.00309486422530015	0.0115436944736826	6
SHQ1	0.00727511044141428	0.956466918677506	0.974607063829696	6
TM2D1	0.0952194195128564	0.455575237293848	0.607346950866058	6
NCK1	0.0772562459802553	0.587818341537587	0.720701642106861	6
MCCC1	-0.230790160429766	0.0624293991540212	0.138529700112	6
TMEM54	0.268016130991035	0.0720633936353162	0.155071186925236	6
FBXW7	0.198192462130764	0.115179948667471	0.22236926727925	6
SLC12A2-DT	0.153859657417251	0.251642851640534	0.397644040353463	6
DNAJB5	0.490889860641593	0.000170756705774001	0.000947984191523903	6
MRPL21	-0.124294490794642	0.347034747866653	0.502532275706134	6
BAIAP2-DT	0.772195283029168	1.1183419928994e-09	1.79302504902982e-08	6
HUS1	0.217593319266996	0.0974126992728788	0.19531505872489	6
TBCEL	0.280750467557789	0.0317257087708229	0.0806499622538319	6
RPL21P16	-0.137025811141374	0.391829772806995	0.5481036450009	6
PEX10	0.151505742569536	0.281536352880042	0.432473218924027	6
OGG1	-0.155997688205109	0.248123607206611	0.393689855552148	6
GPN3	-0.180638569422684	0.18108238298613	0.312847802499859	6
LSM12	0.118260554379529	0.341449780273872	0.496685098656756	6
MCM10	-0.98456489245288	8.01407436007443e-13	2.04436551941201e-11	6
APBA2	-0.291651789660789	0.0221551265473921	0.0600922997616571	6
PRMT6	0.293590222264163	0.0232322787711435	0.0625499049835471	6
VAMP4	0.608776779999777	2.75691744488028e-06	2.33071960995242e-05	6
MRPS25	-0.0321632307935424	0.804657527087236	0.879546417677786	6
CEP85	-0.447295780411741	0.00043255719925296	0.00212453373648012	6
SAC3D1	-0.288012520191483	0.0351926250945541	0.087768193277684	6
POT1	0.257066606148619	0.0461940887475772	0.109284888605702	6
SEMA3A	-0.940588463935604	8.91639542998395e-13	2.270145320017e-11	6
RNF170	0.336878511748867	0.00911172295279226	0.0287965448325581	6
KLHDC4	-0.644771679882466	2.58822740816531e-05	0.000176522473438756	6
PROCR	-0.27530811033132	0.046194721583387	0.109284888605702	6
NEURL1B	-0.157090232173344	0.260237088361028	0.407555121248805	6
NMRAL1	-0.0480459110029131	0.723329962602371	0.822636279396493	6
ABHD15	0.202718504049489	0.115365715146395	0.222629952862044	6
SSBP2	0.550411144298756	3.54618804819592e-05	0.000235156036667017	6
LLPH	-0.282234195752801	0.0308934350361766	0.0789765557159046	6
DDX55	-0.364417937654353	0.00414444183507732	0.0147880964692661	6
PNP	-0.747543656190173	1.40998746937183e-07	1.54406531275719e-06	6
XRCC3	-0.486573138694824	0.00392689770409923	0.0141422036878408	6
HAUS5	-0.340439280007816	0.00660161922709122	0.0219906811115611	6
VRK2	-0.0907957029004418	0.483084734353074	0.632217573900329	6
OFD1	0.193510603895892	0.138771143167539	0.256122008272358	6
CSTPP1	0.00169395725094614	0.989348683373807	0.992944708071586	6
SPAST	0.252350302859434	0.0740406655051626	0.158368098804754	6
CNPY4	-0.00191423265574132	0.988363358984832	0.992510443570136	6
POLR3B	0.0406533360201239	0.74465208011921	0.837271832285918	6
CRTC1	-0.154564705173093	0.312241115419115	0.466571665599025	6
RWDD4	0.29684188301404	0.0353263361061594	0.0879683242840288	6
IGSF8	-0.0554844002262547	0.681476366870068	0.791907843285752	6
NGLY1	-0.0629132174349381	0.624832558281974	0.74946883220937	6
DENND5B	0.764681079966536	9.51854744815647e-08	1.07917863962174e-06	6
RRS1	-0.73130150580003	4.44239393613174e-08	5.28231539126487e-07	6
MAP3K7CL	0.436863303994225	0.00110654069162959	0.00476460422764812	6
ARMCX4	-0.255686236842844	0.442544319289537	0.595442182848632	6
LHPP	0.643242132370054	1.57294440975859e-06	1.40370625529846e-05	6
C1orf52	0.260593537295497	0.0519958175951666	0.119821594363652	6
GMCL1	0.537715730074613	2.52563766544759e-05	0.000172701135533957	6
WDR74	-0.319382018928525	0.0102001179510099	0.0316810176000811	6
POPDC1	0.182203263492387	0.174118031201798	0.303927283478221	6
COG2	0.0895016204811722	0.499937372946277	0.647510771764981	6
CDKN2AIP	-0.274103245602442	0.0304240043704757	0.0779126788966094	6
SHROOM1	-0.0906564762134705	0.501736274293945	0.649012832009749	6
NDUFAF1	-0.130821796954361	0.327634259007233	0.482786834809867	6
TUBGCP4	-0.165861915964816	0.189018908774639	0.322621355835136	6
TTC23	0.481068559589415	0.000306257564409917	0.00156736715409321	6
ZBTB43	0.0361342723624021	0.775068792316199	0.85815606184096	6
RWDD2B	-0.106538757054109	0.402221074975743	0.558484811171488	6
CFAP36	0.357500414962767	0.00534513847432165	0.018365454904071	6
ZDHHC21	0.256046831806273	0.0676642657394208	0.147641623515999	6
ITFG2	-0.346707981165391	0.00866282322157426	0.0276339975959816	6
FNDC10	0.488088084443411	0.00124402473947736	0.00529938435137234	6
RANBP10	-0.260773598833111	0.0578900601613288	0.13029353772603	6
PMM2	-0.174909382564061	0.161020831618564	0.286614902852625	6
ZFAS1	0.068624230580552	0.623825156088062	0.749103353722988	6
MRPL55	0.0731504865680763	0.616362911080495	0.74296565920811	6
MECR	0.182544870685182	0.194082581691403	0.328918375538038	6
SNIP1	-0.215611324061188	0.09233460172088	0.18701637535663	6
LAMTOR2	0.187693541060626	0.140673658934718	0.258603319619312	6
HACD1	0.295631398853046	0.0306454869590603	0.0783883686051516	6
EOGT	-0.01913345071127	0.88205798124936	0.929383324843834	6
CNEP1R1	0.285868570413173	0.0258255282745075	0.0683024771302677	6
HAUS1	-0.323238217119755	0.0179256617415183	0.0506886112789699	6
SS18L1	0.201990706848523	0.158986247664989	0.283953321304512	6
ASCC1	0.198968503363916	0.129861569689049	0.2433956773198	6
PEMT	0.0212898934287129	0.875274617925635	0.925294089101461	6
ZNF518B	0.188325326302949	0.145829242602397	0.266086820124113	6
AMPD3	0.104874540597307	0.427930729712084	0.582460399742541	6
RLIG1	0.209699931045599	0.10742601122803	0.210737494157162	6
PLEKHM3	0.398277173501658	0.0143562915374786	0.0422094852597343	6
CYRIB	-0.279639535268881	0.0434274079426963	0.103763835677929	6
UBIAD1	-0.476752364156678	0.000328902479625872	0.00167156113487079	6
CNOT10	-0.19667773301037	0.126143276805618	0.237925799029262	6
GRIA3	1.09366150908728	3.16473511957122e-13	8.43267376091417e-12	6
ABTB1	0.0331488141968463	0.803258326766134	0.878837117049508	6
SPINT1	-0.543358322807898	2.42525142168285e-05	0.000166508775217357	6
PDSS2	-0.185575655337197	0.147117999015609	0.267844290600617	6
SLC25A40	0.289621329611428	0.057117535495341	0.129034767374579	6
EXOC8	-0.0261276213857602	0.841812572202604	0.903668152658854	6
TLN2	-0.333796644606275	0.0129723941234652	0.0387992783111047	6
PYCR3	-0.381802239442286	0.00363852465703402	0.0132890954662982	6
MYPN	-0.990486940203794	6.65238079064018e-13	1.72033965318658e-11	6
SIRT7	-0.522635760837886	4.61412418264512e-05	0.000296271788371501	6
MRPL34	0.338224707142585	0.0119727204156003	0.0361958931627346	6
TMA16	0.0698180886375384	0.581567964156834	0.715506067045846	6
COQ4	0.0895116411612049	0.519208858581514	0.663464343802395	6
BAD	0.191902204231696	0.225413936595105	0.367855646838752	6
SWI5	-0.0502919693359146	0.695812027797293	0.80174155449367	6
MNAT1	-0.161301176463811	0.219368048893767	0.360897591249676	6
ORC2	-0.203831314786813	0.109758095828424	0.214246108578158	6
COMMD10	0.167358120120857	0.281258293328799	0.432096512031627	6
NR2C1	0.233787603256404	0.0654143325594642	0.143939963136113	6
EVL	0.441364505750739	0.000914661583679124	0.00403880926734932	6
IPP	0.417608682021767	0.00199559377976862	0.00792876574799104	6
RSBN1	0.178214613418363	0.190423571031186	0.324682055114443	6
TYW1	-0.223459891901582	0.0781658499675119	0.165105460553599	6
TCFL5	0.528782307166653	0.000210369254183854	0.00113162668280428	6
TXNDC17	0.0502985571178993	0.745289942212044	0.837838543798542	6
MPHOSPH9	-0.0576161249256689	0.683194921295879	0.7929543028849	6
NME6	-0.140193435952005	0.335312639884991	0.490358879991793	6
RTL6	-0.0525957512607492	0.706673481506778	0.809850516896545	6
MT1E	-0.209291301964004	0.103306650510756	0.204331396044039	6
ACADSB	0.167803169254295	0.223026974271739	0.365046513595984	6
HIVEP3	-0.375274823988024	0.044599691592671	0.106102609874269	6
ZNF398	-0.381628319132227	0.00356413638307413	0.013039112621013	6
SOCS2	-0.906891213155902	7.92700236952415e-12	1.74486843127168e-10	6
SH3YL1	0.801589328556805	1.70045708176181e-09	2.62712635765619e-08	6
IRF2	0.00503034277179674	0.968586082640983	0.981029463189078	6
COQ5	-0.0683811234613129	0.62144955840203	0.747454361955951	6
NDUFAF8	0.240283451297666	0.0766300748985655	0.16261190970334	6
BABAM2	-0.203247097112399	0.133296376345607	0.248524107908956	6
KRT8	0.71611580413645	2.05815142373883e-07	2.18832368260696e-06	6
VRK1	-0.731528069032887	1.92098210898984e-07	2.05743592356658e-06	6
ZNF407	-0.346809407536238	0.0127453629708482	0.0382331843175194	6
PMVK	-0.150764323185332	0.335282192509844	0.490358879991793	6
ERCC4	0.144373812294409	0.316804675278677	0.471624060245784	6
INTS2	-0.0150927102167758	0.90801849588056	0.945065822825635	6
SHANK1	0.290803711138895	0.0682930750771973	0.148782149493735	6
TANGO2	-0.0497914454583712	0.715980744299112	0.816960344765015	6
MSTO1	-0.432782725509199	0.0131532974402707	0.039215595516712	6
NME3	0.140127946171861	0.322458250344262	0.477859548789573	6
RDH14	0.267639045241621	0.0644902226380354	0.142424033043802	6
TCEAL1	0.784519716892877	6.21180834161925e-09	8.78260292166855e-08	6
SIRT3	0.0923652525556328	0.479050071665674	0.628436923792632	6
COX15	0.0598028943318021	0.655887021951898	0.773675138449039	6
ADCY7	-0.14423222648698	0.311026990825325	0.465240454267625	6
MAGOH	-0.290836637669631	0.0321794629399234	0.0815911341309641	6
THAP5	0.276804513652722	0.036886259379663	0.0911458292124092	6
CEP95	-0.109204233833571	0.449677413215843	0.601840751414351	6
ORC4	-0.0242144839758709	0.855021068271767	0.91214174759434	6
C1orf35	-0.109888098601283	0.394349517787122	0.550946356556449	6
KLF11	0.310792186310712	0.0153059250285432	0.0445045043407807	6
TMEM39B	-0.484482456383002	0.000580649745639235	0.00272998321111363	6
GPALPP1	0.354861960585377	0.011770475850878	0.0356910328553574	6
RAB27A	0.0678926484250368	0.597175607509411	0.727902817079949	6
RTKN	-0.0442345797544667	0.754970527555661	0.844035761356817	6
MCUB	-0.330998263246093	0.00983819433529684	0.0307236422385557	6
UTP15	-0.303857661158915	0.0230362796617007	0.0621748101675141	6
TSPAN6	0.243667881867427	0.145252924292397	0.265319182846552	6
TTC39C	0.0375307793538642	0.781932928255047	0.863037324720878	6
LAMA2	1.52529655552604	7.79250359255544e-19	3.81311244568057e-17	6
TGS1	-0.266105195092059	0.0461147233833273	0.109193758570739	6
PHKG2	-0.447728843045634	0.000876323342212583	0.00389434306331676	6
TBC1D4	-0.00323203319899419	0.980428125298614	0.988674360620544	6
DPM3	0.300265126562767	0.0354747377670781	0.0882710724438656	6
TMEM185A	-0.00650352419014008	0.959355485494676	0.975726786126607	6
TIMM10	-0.570922629414221	0.000120366990541342	0.000699201543025459	6
MRPL58	-0.381030524241761	0.00439470092973715	0.015550389338207	6
ESS2	-0.380294344342221	0.00306320361940369	0.0114418130653266	6
SCAI	0.501156115333219	0.00140274094138728	0.00586539994011461	6
ADAMTSL4	0.533830346898577	0.000111275120926602	0.00065021041391891	6
SESN1	0.585787887782464	2.6265522487853e-05	0.000178858288933062	6
UBE2W	0.499679733003922	0.000300828229463305	0.00154378245006842	6
SAMD14	0.302604065549646	0.0238272878686315	0.0637995504912117	6
RGS3	0.406878428688611	0.00219555630582162	0.00859354970369609	6
FAM111B	-0.912503679703211	1.90416860037353e-11	3.9596479125935e-10	6
LDLRAD3	0.232672430122597	0.0720011396117604	0.154987898726018	6
SVIL	-0.34581326349128	0.0198784726318865	0.0551676861171245	6
CIAO3	-0.252012104655723	0.065065218091914	0.143363486063586	6
DENND1B	0.43667518761108	0.000716738901771046	0.0032780928750986	6
SKA1	-0.828787898011891	7.41910168827982e-11	1.41944237678528e-09	6
POLI	0.412588789763032	0.00383948905462852	0.0139073182240163	6
BRD3OS	0.296944143193619	0.0330930216621481	0.0833850390771162	6
TLE3	-0.638293828625625	5.98611382059647e-06	4.67350036895085e-05	6
JRKL	0.430959358062025	0.000951482919082544	0.00418595242776856	6
COX18	0.527649551295024	8.38409660208102e-05	0.000505079467154199	6
SLC8B1	-0.156972615377003	0.221358247288629	0.363173203173404	6
VWA8	0.467795842209191	0.000756614629386471	0.00342597811029037	6
ZNF319	-0.361760634885589	0.00857494749348445	0.027409430271184	6
RECQL5	-0.0686597103636275	0.621206772480498	0.74723062653393	6
APOBEC3B	-1.25617657220361	4.57443628263182e-21	2.73696839946739e-19	6
NIT1	-0.013983727240552	0.915394633928071	0.94951454423918	6
SLC66A3	0.549413862481437	0.000104724662000301	0.000616648877307335	6
JAK2	0.275501436934118	0.0361784843980121	0.0896324844967124	6
ALKBH3	-0.227049890049371	0.0927982317694708	0.187807983514998	6
TIMM8B	-0.0904153866705964	0.542702851705262	0.683794164544498	6
ISCA1	0.0326916659043696	0.8059892911484	0.880288503102089	6
UNKL	-0.0386755682794457	0.77322580477568	0.857092317327349	6
HMOX1	-0.72028969414762	3.10372880672137e-07	3.19174861584948e-06	6
LRIG2	0.0222934799099798	0.88882293748521	0.933501661702531	6
CTBP1-DT	0.224887239990823	0.112081111418675	0.217663568840959	6
STIM2	-0.183133012911402	0.153616530628717	0.276690529921429	6
BBS4	0.249277100700462	0.073802357647839	0.158012432289932	6
HAGHL	0.445022300339879	0.000703136670879882	0.00322599790825789	6
NAGPA	-0.172160732124282	0.203811847773468	0.341406891351764	6
PGAP1	1.06898277061045	1.6424091612983e-15	5.82723228845539e-14	6
SORD	0.334744137094967	0.0108637967418946	0.0333878488240855	6
C2orf68	0.573857874487603	1.12179893786997e-05	8.24468979295504e-05	6
PMS1	0.376707451345873	0.00666106488767552	0.0221413124031497	6
DBF4	-0.700601983499018	7.40395414843419e-08	8.541476639425e-07	6
ANKS3	-0.260221492449414	0.0782169338644863	0.165180410790668	6
TMEM62	-0.395029982942757	0.00229788034480117	0.00892768564894269	6
SLC33A1	0.135732243354664	0.300908987082555	0.454488238321019	6
ZNF512	-0.0633906681275118	0.636374276561531	0.758818244621744	6
LSM5	-0.296436649337617	0.0220636005838612	0.0599057703146381	6
DACH2	0.173572105579801	0.183255166060691	0.315466535889839	6
TCTN1	0.334474250552155	0.0117504642147494	0.0356397226892852	6
YPEL3	0.511459014741223	0.000140292070981354	0.000798039987176994	6
WDR4	-0.594425488679022	6.3008789340126e-06	4.89312503884412e-05	6
BICRAL	0.213406136531931	0.118821944415605	0.227036326657368	6
LCLAT1	0.268620731138139	0.0465019443657043	0.109932667687817	6
SCLT1	-0.323369408711183	0.0135436179009784	0.0402153490707373	6
BTD	0.142814390409188	0.28483790145009	0.436221209632057	6
IL1RAP	0.47263246555684	0.000330757196077368	0.00168033846853199	6
MRNIP	-0.282360128569637	0.0673557326218348	0.147240756309726	6
YAF2	0.31504156597825	0.0328834260933889	0.0829999113455951	6
KCTD7	0.0969755251235211	0.488162025755491	0.637467931053525	6
BABAM1	-0.374834621031046	0.00632349386028395	0.0212066623395969	6
PNRC1	1.02529305912952	1.1710941026455e-13	3.35841212922063e-12	6
CRY2	-0.321414029271202	0.0180508593923127	0.0509113910822824	6
SMAD6	-0.182247931925342	0.170504908911116	0.299487071790368	6
COMMD1	0.00327126511484874	0.981300431549244	0.988963906322847	6
TPRN	0.0931915570139541	0.477140528016538	0.626743914807074	6
COG8	0.173466292460943	0.211174493569265	0.350375500405168	6
RMC1	-0.301081193602121	0.0249956209629271	0.0664144850090854	6
SLC19A1	-0.66748360832904	5.85928406958213e-07	5.70879024484897e-06	6
USP6NL	0.0600780235418805	0.645431506053838	0.765181925082111	6
SMAGP	-0.662557416913119	8.33527174097694e-07	7.83694156617711e-06	6
PDP2	0.503925483976298	0.000200094940098399	0.00108344290272119	6
SNRNP27	-0.121819079869054	0.362649956682134	0.518400075981978	6
INTU	0.970046437601981	5.99164979748644e-12	1.3458717795958e-10	6
GTF2IRD2B	0.297571483108988	0.0436389885997681	0.104155939608114	6
FRA10AC1	0.358527977520722	0.0133014386940198	0.0395587070784868	6
PHC1	0.190202187562442	0.164145514784997	0.291192373465623	6
LYRM4	0.184486835019903	0.169947419579909	0.29878694856823	6
ARHGAP20	0.160759458912954	0.209121280208395	0.347953913712944	6
VSIR	0.689092047151481	5.60715562439637e-07	5.47936076346915e-06	6
CEP97	0.00192809600173494	0.988142059310368	0.992439640371003	6
TET2	0.339465174400023	0.0166202148160806	0.0476108569366852	6
DOP1A	0.51694354693359	0.00118011017096308	0.00504180142174198	6
PKD1P3	0.449084289499044	0.0150355688277327	0.0439142588653171	6
TIMM21	-0.594653071789724	1.59682792768007e-05	0.000114047997895023	6
AK6	-0.138524222912209	0.309316218547916	0.463463788815733	6
PAK1IP1	-0.351271592942179	0.0131809097094376	0.0392890204948657	6
MPPE1	0.383009069860444	0.00351996758286718	0.0129062209730587	6
ZNF160	0.261871089104936	0.0571309446371684	0.129034767374579	6
TIGD5	-0.123757590313084	0.367677416578789	0.523328053030558	6
CYB561D1	-0.101390329881701	0.445257955526042	0.597627252838716	6
ZNF562	-0.0910329704426972	0.496937634231066	0.645024167181099	6
ANKZF1	0.0689748960049297	0.632388895597132	0.75516057631725	6
TMEM44	0.0148411360386572	0.909407417758117	0.945995587343929	6
TBC1D24	0.00494632560601793	0.973160190865786	0.983965855347998	6
TRAPPC14	-0.466217285722817	0.000537364857878082	0.00255816767603949	6
MIS12	-0.297028423429574	0.024834184861549	0.0660655568578355	6
ACAD10	-0.124894901997615	0.354450005224516	0.510390344654769	6
NPHP4	-0.193455915560861	0.247294370045554	0.392895086651735	6
CTHRC1	0.91389673675068	4.92608613162463e-12	1.13162428884075e-10	6
RAD51D	-0.0932384094256505	0.511274969791893	0.656833147313165	6
TACC2	-0.851247085845014	1.10024327255854e-07	1.23676363763348e-06	6
RIC8B	0.0139067561172184	0.918116352196165	0.950839145866099	6
SFI1	-0.299876376907843	0.0316057761729319	0.0804071959343454	6
THOC6	-0.529440044904429	0.000182334190013027	0.00100211479880646	6
RNF166	-0.356213270513993	0.0225872757364706	0.0611079012047001	6
CARD8	0.188754426560127	0.158003870930697	0.282734658778998	6
IFT46	-0.162971200868201	0.22782559710661	0.37050510683399	6
MIER3	0.0533097225716155	0.696578380150692	0.802192582495499	6
TMEM267	0.545196508480792	3.38070085465255e-05	0.000226233682510379	6
PLK2	-0.40567408452181	0.00181864465924154	0.00733644488188671	6
PAAF1	0.0340021427629428	0.810554659042225	0.88351531773541	6
CTU2	-0.197867238748339	0.126613660595781	0.238633392672145	6
HAGH	-0.0637801085746623	0.620077027938652	0.746212645708217	6
MIEF2	-0.181918518868258	0.185725970918036	0.31873370274494	6
PTPN2	0.180135945323502	0.169264045487016	0.298023358847725	6
POGLUT1	0.195249657103668	0.13425795869094	0.249750920046472	6
GREM2	-0.43208181292336	0.000896062734249739	0.0039726755712123	6
LSM2	-0.300461823552433	0.0344802813854388	0.0863187417034102	6
ABCB9	-0.037437011717082	0.772736495602563	0.856708111350418	6
PCDHGB4	0.61400541411952	2.57733387128266e-06	2.1912813637486e-05	6
CHD4	-0.416245157339084	0.002261420621128	0.00881204252099108	6
PSTPIP2	0.0722656699671066	0.590045734704237	0.722557633818203	6
POC1A	-0.89803803435804	6.33708335161361e-12	1.41621439995399e-10	6
GDNF	-0.428952050842743	0.00727779642899663	0.0238539926282078	6
GREB1L	0.0698883404710101	0.624341137288889	0.749299983737866	6
ZCCHC2	-0.0754915419056134	0.566606784165626	0.704000111934308	6
CENPU	-0.872856394090653	2.66016105103271e-10	4.65015935122757e-09	6
NCAM2	0.701486385826478	9.97579587206319e-08	1.12713648981947e-06	6
MTNAP1	-0.0184559723305454	0.897069568754272	0.937806563349372	6
CRACR2A	-0.225427747726496	0.131383413778234	0.245688290320059	6
QPCTL	0.254508161665263	0.0734301033431473	0.157420268779454	6
GTF2B	-0.0310051072503991	0.815950265874818	0.887779248612186	6
CRYZL1	0.332850716959374	0.0208109464209019	0.0572164016227263	6
SRGAP2C	0.279561902449561	0.0355961000701524	0.0885200525604839	6
DBR1	-0.253000959504731	0.0651346460743856	0.143468431438611	6
PEX1	0.212997766096332	0.103641537870768	0.204778379314458	6
ARMC5	-0.662499931989798	5.48554009473173e-06	4.33150355530617e-05	6
PRKRIP1	-0.230884867060229	0.0815514529443077	0.170309658116123	6
RBMXL1	-0.0653974198561888	0.615487420539474	0.742386228952726	6
HACD4	0.460777695758565	0.000652876956535441	0.00301961327437667	6
TAF12	-0.0067230851624796	0.958616095651085	0.975414845587862	6
DHRS1	-0.179947430990358	0.16519267380937	0.292651984461846	6
SLC38A4	1.20658874477008	5.96253789317659e-17	2.46034126294305e-15	6
CEP131	-0.432127459364099	0.00390891395077567	0.014096721735359	6
ZNF513	0.0971632660981926	0.467778479541587	0.618644441495621	6
RIOK1	-0.284063407953517	0.0409282303875357	0.0991056469078609	6
THYN1	0.254704960818288	0.0774279471081815	0.163961400866312	6
NT5C3A	-0.398199754146566	0.0023110115310495	0.00896811461769003	6
SLC50A1	0.524733391565407	6.52438967052009e-05	0.000403573971959849	6
MBD5	0.145463471167994	0.264717555228552	0.412754937156294	6
LTO1	-0.551150735671509	6.10864482971016e-05	0.000380539952169781	6
LIG4	0.143749093690796	0.324823334186326	0.480194243923473	6
SYDE2	1.00925784358121	4.25859767909396e-11	8.45489008294325e-10	6
NARS2	0.651520066657105	3.20960460758061e-06	2.67392566136605e-05	6
SYS1	-0.155732141934107	0.229675104629467	0.372638161252024	6
LYAR	-0.627125154751426	1.23924647683482e-05	9.03222667473795e-05	6
HSF2	0.03201414163645	0.806614202392122	0.880751783167773	6
MCPH1	-0.0800339551038163	0.580638040669032	0.714894633741135	6
TOGARAM1	0.345855308399094	0.0128206030436302	0.038432611674631	6
GREM1-AS1	0.0902263427379776	0.493878367248071	0.642066266477664	6
NSUN5P1	-0.42918782432722	0.00512673832303373	0.0176898029899102	6
TCF7L2	-0.0518912749436175	0.755282025526585	0.844312297410314	6
POP5	-0.0197739019415265	0.885767794816788	0.931482102993798	6
NDUFA3	0.266343164104338	0.0789604361139867	0.16627226455042	6
MBIP	-0.0249926551992729	0.862304395403225	0.916620589250799	6
TBKBP1	0.247830105368409	0.0869509059293981	0.178889461511201	6
TNFAIP8L1	-0.109420761287714	0.396383417728752	0.553004231856234	6
CDA	0.178972672554492	0.198713161525276	0.335180429742353	6
NEK4	-0.13919912660923	0.318514689571905	0.473527090448949	6
RTL8B	-0.156270502067219	0.251642530998975	0.397644040353463	6
TAF1B	-0.179270732015349	0.194710409788997	0.329830288006765	6
TET3	0.378489719409458	0.0167797744180827	0.0479843951043283	6
PHETA1	0.163660353791948	0.234012092814891	0.37797113697662	6
GALK2	-0.0731936954609243	0.588101197925649	0.720981286047808	6
ENOSF1	-0.573802455229978	0.000168493972869401	0.000936211973355817	6
SPC24	-0.557286905134044	0.000126431451690511	0.000728960665178359	6
PUS7	-0.0546835202197172	0.698466278765497	0.80317215230106	6
DHX58	0.133482635563259	0.324012530472483	0.479470110234391	6
SLC49A4	0.247153459355468	0.0604253745187727	0.135084783422318	6
TMEM140	0.355914994921106	0.00737637612746352	0.0241290355282809	6
MTRFR	0.0771873177053433	0.571986715650859	0.708150972358188	6
PEX16	-0.167416129811045	0.201897547281175	0.33897671107935	6
LMF1	0.403682105647791	0.00282142481711019	0.010675025831452	6
TRIM23	0.51306906348952	8.91636717902895e-05	0.000533240078044335	6
CENPK	-0.354364264429914	0.00949644164323083	0.0298262136363272	6
LTV1	-0.440231461175288	0.000744273573397076	0.00338056350815242	6
GNL3L	0.227326033793681	0.0880833972569204	0.18053101463054	6
IKBKG	-0.409030611442846	0.221088567478624	0.362891280533209	6
TBC1D12	0.460359126829108	0.0017064290696444	0.00693691347860693	6
EID2	-0.18993244918529	0.171594866571756	0.300879609522316	6
FANCE	-0.533170020600908	0.000583883553316731	0.00274291906220847	6
DENND6A	-0.220548549900704	0.112879713452604	0.21889152448094	6
TAFAZZIN	-0.0643405641164175	0.664428113409819	0.779141849159327	6
FZD8	0.645673888074638	4.21702390107398e-06	3.42012850337873e-05	6
TRPT1	0.0760289375128255	0.583543649501398	0.716769775078688	6
SLIRP	-0.2753089713679	0.151266526197604	0.27374743917969	6
TRIB1	0.450464752674659	0.0017567320996157	0.00711389113984697	6
LYRM1	0.110619227213909	0.422527030234033	0.577421438846613	6
PITX2	0.755011865644644	2.47743367762159e-08	3.13562110562817e-07	6
GRPEL2	0.0445141214496998	0.735956201270522	0.831464378793569	6
SLC25A13	-0.388778570203097	0.00893355049735128	0.0283218509625807	6
PGR	0.337414172740235	0.030795697084639	0.0787572878813101	6
TADA2A	-0.114135685186536	0.377840760358707	0.533717321993696	6
LRIF1	-0.0252240806199449	0.860162438837018	0.914934802619124	6
CCDC12	-0.352594391850872	0.0120281837687008	0.0363135281989469	6
PRRG1	0.304076215221941	0.0267984438141263	0.0704228221052794	6
POLL	0.0278539765906936	0.83166700739938	0.897461290244141	6
TMEM150A	0.538999242892294	8.89121984533796e-05	0.000531977849200835	6
GCLM	-0.816963618339082	1.51511901234898e-09	2.37140446605822e-08	6
BLOC1S4	-0.108847311941803	0.430469006479218	0.584814070831453	6
ALDOC	1.10643599262602	9.69118809809755e-14	2.78526438723271e-12	6
TMEM164	-0.15474575612201	0.263844370102634	0.41153968997049	6
INAFM1	0.257095716810126	0.0710639728905205	0.153346733632446	6
PPAT	-0.27976196782531	0.0471057831379821	0.110975902162983	6
PLEKHA8	0.213039300798447	0.11439398008004	0.221111300997588	6
ANKRD26	0.300164838878119	0.0272909220020368	0.0715598418949822	6
ZNF791	0.296481411541602	0.0283779241329826	0.0737053305766476	6
PTRH2	-0.470690777725581	0.000712060016751093	0.00326125469745812	6
ENDOV	0.233557196477335	0.0824036523249647	0.171599315860388	6
JPH2	0.84644680534273	2.32267079216677e-09	3.54678835699434e-08	6
METTL15	0.491491956667807	0.000405511775861162	0.00200969559701072	6
UBN2	0.390968454864317	0.0167048932707654	0.0478014152441488	6
C2CD2L	-0.514797695852539	0.000177848669433245	0.000980738180037622	6
RUNDC1	-0.332601043640304	0.0180140120546403	0.0508619563867934	6
CISD1	-0.194995394830488	0.152125643787675	0.274860429582408	6
TTC5	0.123830114825925	0.356856511076563	0.512749945999432	6
NLE1	-0.43670452539491	0.000992688242416711	0.00434978539778002	6
FBXL20	0.281979289442111	0.049508830262196	0.115403706878216	6
NECAB3	0.0604490336705182	0.655744575923525	0.773576434206969	6
TMEM209	-0.112359562799556	0.41587898422155	0.571755881189746	6
EPC1	-0.149740603350071	0.277742130456522	0.428143771308022	6
DACT3	0.52338774971122	0.000467450991891959	0.00227301714306385	6
MN1	0.416357733563	0.0112387987355764	0.0343877981767532	6
HAPLN3	0.261109954694016	0.048640313923013	0.113883395974497	6
DZIP1L	-0.143109752149487	0.273308965286912	0.422497464482868	6
CCPG1	0.72901186012611	2.30346599258711e-07	2.43342880099713e-06	6
TMEM161B	0.168257380626231	0.209695146943345	0.348688380396064	6
RRP8	-0.0514832033148957	0.698156067001708	0.803054176770883	6
NET1	-0.680780479232691	4.43813450425965e-07	4.42904961937602e-06	6
SDCCAG8	-0.0947180407265927	0.474362134114965	0.624340443091219	6
SLC33A2	0.366478089361922	0.0130274430563572	0.0389373825955561	6
GCAT	0.462905281184723	0.00110168406706653	0.00474524455981568	6
S100A4	-0.340699261057841	0.0150463203787331	0.043934053936394	6
TMEM51	-0.10595409460493	0.465519484294922	0.616524094151731	6
HEBP2	0.195611821605879	0.154564521274659	0.278017599554295	6
PRTFDC1	-0.414915560779753	0.00331171786753135	0.0122358036813685	6
NR1D1	-1.69174532371546	1.4161956114568e-20	8.0698626985307e-19	6
C1QTNF6	0.245599624101293	0.0707125153844708	0.152788270918471	6
TMEM260	0.281392654868999	0.0334335721158152	0.0840821761101405	6
MARCKSL1	-0.176148562803484	0.208146804567171	0.346595368566436	6
DUSP16	0.234439991415333	0.0739677718424433	0.158293224517084	6
PSMA3-AS1	0.0088807700271099	0.954295094732767	0.973413470168391	6
MTRF1L	-0.0717409962549078	0.600657554180603	0.730861100543471	6
LANCL2	-0.508043569961703	0.000124851692020519	0.000721115762205391	6
GSKIP	0.708712909901399	1.61484545762937e-06	1.43785806311065e-05	6
ZNF251	-0.13213227766555	0.315203483726412	0.469718493862873	6
ANTKMT	0.0836707823483839	0.543971818896933	0.684868584614091	6
ARSD	0.256451997249177	0.0648252914848792	0.143002398494296	6
ZNF652	0.129719899110761	0.379516329809209	0.535316486206452	6
KLHL17	-0.249545225102617	0.0792144594774728	0.166698629912386	6
ODR4	0.0361442753607429	0.791052852406628	0.870039162452243	6
PRKX	0.512702927456174	0.00014262976309187	0.000809588431038501	6
BBS9	0.405522815857718	0.00296784249707154	0.0111393529480903	6
UBE2D1	0.231615724609008	0.0985327360870487	0.196960729705972	6
NPM3	-0.0288883913302531	0.840608777559264	0.902917012356044	6
RPAIN	0.29632108544446	0.0261936391685093	0.0691094151884321	6
TKFC	0.314227618014981	0.028141802103543	0.0732220875842927	6
KLHDC8B	0.0966088347563652	0.477980675519873	0.62753437381489	6
DCTPP1	-0.369498676521073	0.00965630399829215	0.0302632568434848	6
ARL4D	0.531408972058225	0.000263875377821535	0.0013761456411509	6
NSUN4	0.0835719591597144	0.532064585303799	0.674837418602277	6
TMEM128	0.212264221889878	0.133149093785947	0.248409714074392	6
TAF11	-0.139888261284845	0.322947905595999	0.478313778605132	6
GPT2	1.0438572441735	4.94605871127322e-14	1.48641485882396e-12	6
TMEM60	0.105406221837299	0.491191496713383	0.639900402933319	6
EVC2	0.137267042096078	0.325128620526612	0.480250249061084	6
OSGEP	-0.464013598289555	0.000627837131842492	0.00291609744758036	6
INO80D	-0.269748612825503	0.12327840815469	0.2335848116511	6
CRAMP1	-0.396424620349209	0.0100609164722201	0.0313225741541706	6
DDX19A	-0.1279556505254	0.329001115088483	0.483924648330507	6
NHLRC3	0.637066527929702	7.33718021797984e-06	5.64461152596543e-05	6
TAPT1	0.268113599474018	0.0558658286305993	0.126961654396509	6
ZMYM1	-0.103484048314284	0.440790803010609	0.593980262681934	6
INVS	0.232760096328342	0.102701418527605	0.203348190745919	6
RNF215	0.174245890841867	0.266640623591259	0.41503064990091	6
RAB5IF	-0.118677157303018	0.444266710746238	0.59684453087903	6
MSC-AS1	0.913237067934774	2.7791587145213e-10	4.85173291236656e-09	6
IMP3	-0.442114758902955	0.00245999857200333	0.00946534966479972	6
ORC6	-0.691130688390575	4.74721764384902e-07	4.70185296057071e-06	6
PABPC1L	-0.279056358310506	0.104510946086828	0.206186688150618	6
FAM118B	-0.0373361450530805	0.808347285174608	0.882205067138161	6
RNF214	-0.168149330757632	0.238413244086408	0.382851473942831	6
MZF1	0.221268297952707	0.211885197345529	0.351132425111319	6
GAS1	1.11444899664537	7.81700812532811e-15	2.56596703126419e-13	6
TRMT2B	-0.358446490845347	0.00742054116671292	0.0242494000440522	6
COLGALT2	0.198254133749562	0.155314534639229	0.278909306883515	6
CEP135	-0.258296451055427	0.0675521495072747	0.14753425318803	6
KANSL2	-0.198026200917127	0.167488147559927	0.295727228213457	6
SLX9	-0.273325348076508	0.0615673805242905	0.137079064587489	6
NUDT19	-0.434753208572023	0.00105477166727343	0.00458216483706936	6
CYREN	-0.135930256949607	0.323725083185552	0.479216517090804	6
CEP295	0.0798383434227259	0.614016406434583	0.741379138047829	6
SLC24A1	0.407755530530191	0.00493409349042511	0.017132015989044	6
DBF4B	-0.87718315863148	1.06272533140787e-08	1.44510883650019e-07	6
TBC1D22B	0.0625168798898266	0.662728580421425	0.778188787162106	6
MARCHF2	0.508139569222496	0.00019925539616194	0.001080230139901	6
TIMM29	-0.335275375043483	0.0112082675371344	0.0343023542411766	6
RPAP2	0.0561011967499893	0.708499517710442	0.810954708836743	6
HES4	0.196417485652854	0.180666786843472	0.312354785448532	6
AKAP1	-0.0167876226145072	0.914605400593969	0.948946895762256	6
MAD2L1BP	-0.35090750919393	0.00817334074449598	0.0263045682688999	6
ADAM23	0.0152309715710824	0.90889639034124	0.945829961740987	6
USPL1	-0.0661708636408077	0.658869232988457	0.776243241166468	6
APOL1	0.191825556570725	0.186683273194166	0.319795929861375	6
HAND2-AS1	0.526371551019194	0.000159853067710292	0.00089500039569144	6
EED	-0.341326764669358	0.0145646004244154	0.0427265066607044	6
INTS12	-0.0374556695235673	0.802770735105079	0.87859575839263	6
DCLRE1B	-0.770133630380086	2.07446920023245e-08	2.68762185852951e-07	6
TRAF3IP1	-0.0797314637827859	0.547825070149989	0.688382940824051	6
TBCC	-0.142424734812615	0.369062481101487	0.524618729885407	6
BCORL1	0.138688240921004	0.460168418365771	0.611590962333264	6
POP1	-0.735925507277104	1.54830541559987e-07	1.6843259657472e-06	6
C9orf40	-0.420802428613795	0.00353000047463913	0.0129249933398313	6
TTLL4	-0.42580397602477	0.00661121891664477	0.0220145394889439	6
DNAJC15	0.0829746874025108	0.571539847966112	0.707772195272033	6
ZNF280D	0.104628505097827	0.49952143787787	0.647298513390055	6
MIR34AHG	-0.725730507687945	4.11144501101271e-06	3.34067596789878e-05	6
PHAF1	-0.268884521663295	0.047804348824401	0.112305665460573	6
LRP3	0.219610856854718	0.106711353633715	0.209710592397819	6
SRBD1	-0.138864169427126	0.327083047473141	0.482235008276092	6
PRMT3	0.154363905504498	0.255084076662287	0.401779550210085	6
MYOCD	0.462489768818913	0.00107097215215023	0.00464029178365816	6
IQCB1	0.0832560976387093	0.573940649519018	0.709502326222655	6
CDC37L1	0.369702982617884	0.0177062126583169	0.0501434761663995	6
PAQR4	-0.680986724919973	2.94307690034202e-06	2.4722221594896e-05	6
CRELD1	0.352684701073546	0.0126746114827092	0.0380382833896264	6
RGMB-AS1	-0.0490253240205796	0.74174932872107	0.83542794677466	6
SNAPC1	-0.686668262601098	1.43711848991077e-06	1.29478375651577e-05	6
FGD6	0.602230292284878	2.65489310588113e-05	0.000180508047276412	6
XPNPEP3	0.151916048979756	0.284463571864752	0.435800046142427	6
FNDC4	0.514346768921469	0.000482139163499598	0.00233409261093976	6
PLCB1	0.183029615286611	0.177251260505686	0.308129733496612	6
SMIM10L1	-0.0396116102747953	0.793490074247288	0.87199113769553	6
CREBRF	0.386605466046818	0.00565799422418104	0.0192494644540954	6
OTUD6B	0.286026766131044	0.038386656099255	0.0941814639766065	6
PPP2R3C	0.0343397891034193	0.80071175202874	0.877223694421779	6
RNF152	-0.164957438001231	0.225359489294271	0.36781239399634	6
EEPD1	-0.125700542036053	0.357376260054004	0.513054913204301	6
GTPBP10	0.141765184866732	0.28802447391856	0.439924129750523	6
TMEM179B	-0.332716996453178	0.0145955824017676	0.0427820702177035	6
C8orf58	-0.0610839700004225	0.659363756279052	0.776243241166468	6
GCNT1	-0.0955283637268329	0.47752339096745	0.626996548160054	6
MRRF	-0.279150977023386	0.0364946694801386	0.0903138436486304	6
SLC35E3	-0.0909937759295988	0.496740859755903	0.644832340923762	6
GFOD2	-0.254988836460736	0.070975475661697	0.153189196707137	6
DMAC2L	0.333337571904132	0.0216928536701861	0.0590756208536602	6
CDKN2B	1.6891843721248	5.29492762853679e-28	5.48796317908896e-26	6
ZNF462	0.209444019861513	0.20479250353283	0.342382919696488	6
YIPF1	-0.117496968962483	0.413030123295141	0.569137355712501	6
TIGD2	0.202280585569103	0.147933753681835	0.269106135947208	6
MSH3	0.110174774185899	0.424644681677027	0.579593316561044	6
CNTLN	0.185695647201022	0.193413491177759	0.328249327536467	6
ELMOD3	-0.383922802660362	0.00637453088649984	0.0213451920780965	6
DYNC2I1	0.278922080442295	0.0521728635324896	0.12018750484392	6
STX17	0.314072753023378	0.0258395591034274	0.0683258570667769	6
SLC22A17	0.414971536917948	0.00251967857831732	0.00965827872055647	6
LSM11	0.170701040711624	0.213894593895961	0.353660914389214	6
CENPW	-0.701245669952087	3.99827459114222e-06	3.26079854047119e-05	6
METTL2A	0.105756193101438	0.462180831464525	0.613522215063286	6
C19orf47	-0.481392574223512	0.00030830315118992	0.00157661009289546	6
IGF2BP3	-0.0013685961622825	0.992176008614676	0.994139666696733	6
ZNF367	-0.702876228280097	7.03917034811445e-07	6.72399124036505e-06	6
TENM4	-0.256354110358475	0.143064301769738	0.262131876975928	6
SMUG1	-0.141589661187024	0.299712544708837	0.453045042030595	6
BLOC1S3	-0.532582146302999	0.000240686006900562	0.00127081825464585	6
ATG16L2	0.0953616738116955	0.605306490706961	0.734887413500805	6
ABCA5	0.28035004299512	0.0735842673715326	0.157725079207211	6
PUSL1	-0.167308616427048	0.294650658028921	0.447135934394077	6
NCKIPSD	0.238967990641098	0.0745057112691693	0.15915590351121	6
CREG1	0.542329068016151	0.000401915641540907	0.00199337437437941	6
FBXO8	0.115928725037176	0.416993810570741	0.572564487847521	6
FTX	0.0136740883527057	0.93378183284921	0.960113284314494	6
TMEM80	0.409703845992287	0.00313458262929237	0.0116786049106639	6
STX8	0.213238974072811	0.15114344345053	0.273583765970755	6
TRMT6	-0.447555271879899	0.00130634390987532	0.00552906909507681	6
TBXA2R	-0.209408494354825	0.13394166066041	0.249373985752896	6
GABPB2	-0.187378015415705	0.237423842430133	0.381961627708121	6
PDCL3	-0.5338008697736	0.000272866783204774	0.00141574515858275	6
MAGOHB	-0.256468186536259	0.0674406637405161	0.147339660882392	6
AP3S2	0.354779884106289	0.025582576556925	0.0677620835535872	6
RNF135	0.0109380454402046	0.940422350340227	0.964928093854398	6
EAF1	-0.0719024423505736	0.590729551185825	0.723102088700108	6
KCTD21	0.0353696817809957	0.791686036342671	0.870590083239648	6
FBLN7	0.569870749886991	3.77301551918476e-05	0.000248196917936177	6
NAF1	0.149522113444195	0.277309916917225	0.42769752437075	6
GPRASP2	-0.150635436607517	0.263531821093155	0.411198359536415	6
KIF15	-0.748609503897213	2.24120542969765e-08	2.85862277820835e-07	6
CDC25A	-1.10728773779676	7.08728503843794e-16	2.64277430484302e-14	6
NDUFC1	-0.108967319974136	0.432149239670485	0.586128845108974	6
SEPTIN6	0.526175803079844	0.000112690532135736	0.000657511291889493	6
GRAMD1B	-0.316080523777193	0.0271371105486756	0.0711990803572289	6
FAM217B	-0.0111101131363371	0.943245099918919	0.966371049986981	6
GPR153	0.667023061248503	1.59622441656567e-06	1.42351639534241e-05	6
SNX24	0.100722315656395	0.513300958634286	0.658326172271616	6
ZC3HC1	-0.555476718252336	0.000201535662651881	0.00108989890200769	6
GID4	0.583551554775385	1.93690837792981e-05	0.000136339705768396	6
DIS3L2	-0.200088991169431	0.158854688162266	0.283833889002294	6
ZNF260	0.250502384122251	0.0914057100418804	0.185445955807841	6
TRAPPC13	0.0114988682481563	0.936067737189589	0.961990678336347	6
ARHGEF10L	-0.036241453167144	0.795319507410491	0.873349674547864	6
ERMARD	-0.285731920295414	0.038866682526011	0.0951228544972719	6
ACOT8	-0.00149349393256432	0.99116452730729	0.993655649120019	6
GDAP2	0.0833736546004263	0.569478177097612	0.705908394871067	6
IKBKE	-0.417240744605949	0.00236640142943357	0.00915875978113323	6
NSMCE4A	-0.442333618883623	0.00487699031805679	0.0169785304301988	6
IRF1	-0.44586280243626	0.000868295247694841	0.00386519118884247	6
MRPS33	-0.193483336812435	0.17292790092059	0.302619356872549	6
NSMCE2	0.0458617878064984	0.731299853417359	0.828693179281396	6
KCNMA1	0.0383328419916026	0.796585910551861	0.874285132304585	6
STEEP1	0.00712089793198872	0.959763712731	0.975926593331645	6
SLC26A11	-0.387826044740886	0.0121370561286895	0.0366254171989774	6
DUSP12	-0.404987956843236	0.0024125720141906	0.00931281097442547	6
AP4M1	-0.132508735576007	0.405861286286535	0.561880020244763	6
MRPL50	-0.0703765084799884	0.645334866912752	0.765136268525721	6
MTPAP	-0.207388194238798	0.143651005764955	0.262987230721015	6
WASHC3	0.0476200856573736	0.762060992150961	0.848862557305839	6
TCTN2	-0.189124626001735	0.162561520631381	0.289005577535233	6
DCAF4	0.0713871580521005	0.615390899783872	0.742337831181736	6
RPUSD4	0.272313273214256	0.046907203777465	0.110632417724919	6
LINC02154	2.94672258487319	1.2238844132948e-58	5.96666316007385e-56	6
NR4A1	-0.204318632040971	0.150402629265579	0.272580174724331	6
TMEM69	-0.315341127041769	0.0235144688622596	0.063193334755803	6
RBM27	-0.20766152810191	0.151294508184395	0.27374743917969	6
WNT5A-AS1	1.41692430310167	2.34241257846874e-15	8.15692507153017e-14	6
ZNF37A	0.133758086503731	0.368141069123677	0.523761445403692	6
TRMT5	0.0235839655539524	0.867777320591351	0.91983836937864	6
SMDT1	-0.053231299328564	0.706885345500483	0.810014684159315	6
HHIP-AS1	-0.196818211659926	0.18571883445861	0.31873370274494	6
GMDS	0.200585997019571	0.18815063865975	0.321514586093508	6
AKTIP	0.269739667690405	0.0633692594146967	0.140284150971351	6
NEDD4L	-0.627483098588045	1.07912627258266e-05	7.95772500056331e-05	6
SERTAD4	0.622809187070485	1.99024129628226e-05	0.000139422810979049	6
PRDM8	0.0588176135654294	0.658903006617245	0.776243241166468	6
USP45	0.212973607361734	0.120488169881685	0.229620063725585	6
KATNA1	-0.0826733987931419	0.556011429363462	0.694776765208966	6
TBC1D7	0.047163473078906	0.731103596971192	0.828675430607396	6
ADCK2	0.158496185067999	0.249012345435804	0.394671824560082	6
TRAF2	-0.437810161284575	0.00162923678158332	0.00666220682074595	6
RNASEH2B	0.0404582746801722	0.783500800714339	0.864047944231612	6
FBXO25	0.477568087650718	0.000608506999050447	0.00284438126012111	6
CCNK	-0.229551913853083	0.154084565938288	0.277346798973404	6
PDE4B	-0.289134712369266	0.0547869249533185	0.1251145546774	6
POPDC3	-0.22752352802285	0.14511287231818	0.265147242965602	6
SPATA13	-0.426652181534332	0.00267872119917572	0.0101936996660162	6
CENPH	-0.336152517276565	0.012621535256135	0.0378962747665387	6
CENPM	-1.17899837294597	4.35907998737086e-13	1.14987113975476e-11	6
GPATCH11	-0.166818457455738	0.240253042394312	0.38472637433532	6
ARL4A	-0.126353320162675	0.406928642274434	0.562942902602036	6
PGM2L1	0.995435786216214	1.71249108535124e-08	2.24293732900283e-07	6
CIRSR	0.0981060280688029	0.513387385730315	0.658326172271616	6
EEFSEC	-0.195329487744889	0.179403212102685	0.310844343939402	6
PBDC1	-0.184465704243542	0.204692587381564	0.342368185633935	6
CKB	-0.117344952363643	0.417870663172089	0.573081010557846	6
METTL8	0.16123419560544	0.261948128113061	0.40930949790506	6
TNRC6C	-0.556352943314365	0.00172466744707742	0.00700240518380014	6
AGA	0.125065473384922	0.399165613855603	0.555590247983642	6
SMG1P1	0.110146352685407	0.525721043149068	0.66889547063411	6
PRDM5	0.440074954139129	0.00188101316379388	0.00754384117724034	6
TMEM38B	0.248596758811354	0.105682089347313	0.207923399536112	6
DUS2	-0.224737872743555	0.110071889767956	0.21469332769678	6
ZNG1B	0.0666219716808677	0.625930427489361	0.750492126121181	6
HSD17B11	0.140758689926724	0.346120013391471	0.501649167173743	6
DPH7	-0.134082073902939	0.362832670906942	0.518487982595995	6
COIL	-0.165384963866078	0.235086287233259	0.379111298687135	6
HYCC2	0.43687268180898	0.00276712186980667	0.0104846359160234	6
ARB2A	0.655978725615278	4.85769720982086e-06	3.88704367008341e-05	6
ACTR6	-0.000782634324336208	0.995721904476658	0.997085388256086	6
MAP4K2	-0.0766785168249478	0.568012848844035	0.70495503765171	6
ERICH1	0.0163586482319933	0.90919259489429	0.945988627507196	6
LSM8	0.412973996834846	0.00267783713330727	0.0101932822977801	6
STEAP1	-1.09375791426148	1.67640907981601e-14	5.3429958154039e-13	6
FASTKD5	-0.568313005551837	0.000183114128400522	0.00100556164878434	6
YRDC	-0.423716725885388	0.00161777511665848	0.00662150928500485	6
DOLPP1	-0.266536698395908	0.049352919302108	0.115162644349166	6
MIA2	0.324412969062792	0.0238718606744392	0.063902559781725	6
ARHGEF6	1.12827583339815	7.29044766292783e-15	2.41115986399796e-13	6
STN1	0.51245669548043	0.000206507671591497	0.00111312878016334	6
UFSP2	0.113748370995478	0.412033578846081	0.568153991027757	6
ADPRHL1	-0.540429053438199	0.000421565871792188	0.00207847781008909	6
SPR	-0.122591843732222	0.424842471116098	0.579741924770328	6
IFT25	-0.348502919721481	0.0162026410493808	0.046627685378151	6
ZCCHC7	0.274990125525356	0.0570166938216214	0.128905868194709	6
TMEM134	0.535432611888866	0.00021351014953302	0.00114477967344324	6
NANP	0.0703932548124054	0.60795197938606	0.736672365337264	6
CCDC174	-0.0496908148001309	0.719093971210351	0.81937620698077	6
PYGO1	0.71123194943055	3.57417114952956e-07	3.63295867500059e-06	6
USP42	0.113073102933512	0.425551809894203	0.580410162018174	6
ARHGAP32	0.460709689478882	0.0140064449109002	0.0413285887384397	6
IFT20	0.117545570264874	0.426844055347223	0.581630258854606	6
ARL15	0.689832533394737	8.77650010629249e-07	8.19908239170533e-06	6
LRRC1	0.348690050145615	0.0209358405340638	0.0574840360763207	6
ATRIP	-0.78646830815673	1.92955124402844e-08	2.51721338207595e-07	6
RAB28	0.282305739573867	0.0644981889367244	0.142424033043802	6
CEP68	0.417570874786524	0.00455266740288435	0.0159975336423296	6
EFHC1	-0.126415312941843	0.349919732063495	0.50581961708234	6
GINS2	-0.896417923004731	5.76288526331077e-11	1.12048535776898e-09	6
PRADC1	-0.157206896557851	0.286019554091657	0.437521835038755	6
FOXF1	-0.145628500244064	0.328540292437848	0.483625125179981	6
MRPS9	-0.336896769459536	0.0136916720641233	0.0405725977892965	6
PCDHGA7	0.430837010272532	0.0112715606553611	0.0344640076437906	6
SLC25A51	0.11597413794635	0.453044606839005	0.604871301330949	6
STAT5A	0.528614071667204	0.000215668349217727	0.00115493998403293	6
MTF2	0.145476278397092	0.29653305341211	0.449374232335206	6
MAGI3	0.207988649989034	0.139389597119221	0.256685124073909	6
ANKRA2	0.426927182928184	0.00551749654226618	0.0188592072152297	6
DCTN6	-0.162529120687747	0.255638187078451	0.402315334351226	6
TOP1MT	0.0422657920926562	0.75837669385404	0.846327426179577	6
PODXL	-1.05102802131231	1.13439881360263e-11	2.45485026406207e-10	6
CRBN	0.276190911194446	0.0416370263705597	0.100397174961655	6
MDGA1	-0.164885993895706	0.255999713865323	0.402739839083214	6
RNF138	-0.415067051031467	0.00433717347155458	0.0153881979531194	6
CDC14B	0.403210101597712	0.00479536980714071	0.016737278823521	6
KREMEN1	0.418964285168344	0.00368911870822864	0.0134440391905907	6
TMEM242	0.138686076877311	0.343417948652546	0.498666349488524	6
GTF2H2C	0.0307757458952728	0.839724382243288	0.902593416950625	6
EXOSC3	-0.072662360607395	0.61225737327506	0.740416791574483	6
SYNGR2	-0.281194040611662	0.0547863778499326	0.1251145546774	6
MSRB1	-0.20266819145373	0.159880174256034	0.285085713049604	6
GATB	-0.115241913482865	0.428156752503095	0.582572959733755	6
FOXC1	0.453090955250974	0.00112786303803006	0.00484910272725045	6
ZNF213	0.0254898493660496	0.858721935221339	0.913993436833386	6
CCDC59	-0.189354591166268	0.175827980818083	0.306181202739572	6
NATD1	1.34690126152901	4.23285691498067e-18	1.92021059491093e-16	6
FAM222B	-0.20048232971716	0.200124261898585	0.336772648858486	6
PYM1	-0.450443908933392	0.00483750386990371	0.0168662821351121	6
ABCD4	-0.105262870680752	0.481398141682969	0.630637314786317	6
C1orf174	-0.246030190731719	0.0843148499805971	0.174679891032274	6
TXNDC12	0.639243931745801	1.1518209034607e-05	8.43237961749345e-05	6
PRR34-AS1	0.052241427942991	0.899312703958471	0.939049113295681	6
NINL	0.191825897044682	0.229287972434186	0.372239464868179	6
EXTL1	1.06067363576777	5.62507596917092e-13	1.46910466234518e-11	6
BAZ2B	0.695508211671787	1.22569743616417e-05	8.94833907500223e-05	6
BAIAP2L1	0.05169730252881	0.705934971331288	0.809215538416245	6
SLC39A8	0.477885569851101	0.000878022591934594	0.00390057758273205	6
SEMA4F	0.0544379154480973	0.722135532647939	0.821703839578563	6
TRMT10C	-0.326293542267772	0.0279087947112109	0.072831773351243	6
TICRR	-0.712889568043411	6.74044938012697e-05	0.000415182663503094	6
ELOVL4	0.231710434439454	0.0905898024887743	0.184302331166074	6
PDZRN3	-0.190779235422529	0.173927311178415	0.303795806401471	6
RTTN	-0.584140019343514	4.91446340457171e-05	0.000314024668904745	6
RPL17P7	0.0541618345261295	0.876709848604783	0.926322984201698	6
MFSD8	0.0805775681455742	0.552504354027481	0.692436717213925	6
FAM234B	0.403216106393839	0.00441218285223392	0.0155996677098993	6
NIF3L1	-0.295363878295482	0.0299932411335427	0.0770042974528618	6
CAB39L	-0.255824060332824	0.0676686100943571	0.147641623515999	6
ZNF236	0.42355349423318	0.00701066229430237	0.0231281573383213	6
MSRA	-0.45306543685914	0.00129915485782884	0.0055021799850711	6
ASB7	-0.00348851069581287	0.980275468832278	0.988674360620544	6
MTIF3	0.173900438871725	0.21422594315252	0.354030896386268	6
MAP9	0.771436053030669	3.72673556141741e-08	4.54213149953123e-07	6
NUDT12	0.564815299674452	6.60341706673515e-05	0.000407974872048783	6
CCZ1	0.214612383565966	0.271696962475313	0.420647743714719	6
APBA3	-0.0949268995037487	0.493342680707797	0.641641503907951	6
ALDH6A1	0.873465194638188	2.03441140385568e-07	2.16658230654954e-06	6
SNN	0.417234876788726	0.00422126537351177	0.0150377580816063	6
COX17	-0.0493633968787421	0.746449486025547	0.838533588808056	6
PELI3	0.403340510126654	0.00544220828840508	0.0186336551945924	6
MRPL39	-0.295862165026452	0.0503855470219707	0.117032813737462	6
NBPF12	0.579150672838459	0.00290424118982545	0.0109379156133046	6
PHKA1	-0.00929688961102139	0.94918868938538	0.969969002280861	6
SOWAHC	0.235723085674053	0.101437565052822	0.201396892276952	6
TTLL3	0.0893682894231165	0.619651096283846	0.745918227119855	6
PLCL2	-0.181218254002952	0.199642969801469	0.336253985424959	6
BCKDHB	0.346286342009303	0.016775208958273	0.0479817634762598	6
ULBP2	-0.274648516914959	0.0596555948390515	0.133613509420867	6
PRAF2	-0.069817333957436	0.63128570394313	0.754733307993044	6
RPP14	-0.0305523648864297	0.828270053607126	0.895729072656366	6
ARID4A	0.2446410847075	0.114360230765792	0.221078530998696	6
ZNF426	-0.0355123364236744	0.809840416620636	0.883066415070335	6
CDC7	-0.566512060393816	8.4861073568079e-05	0.000510150433053463	6
MTX1	-0.180559737295272	0.201552081993379	0.338526228822106	6
FRG1CP	0.415059366798121	0.00989101760690704	0.0308693672241234	6
ARHGEF19	0.0409029879207552	0.775098185765188	0.85815606184096	6
PSMA1	-0.265092166446674	0.0695614382481435	0.150796642236547	6
SIX4	0.294283729161631	0.0378299300237339	0.0930375244404066	6
ABHD8	0.664067024542706	1.15710707580817e-05	8.46637044961806e-05	6
SHC3	0.140932657481697	0.326611457763522	0.481690963124319	6
THEMIS2	0.153809265289254	0.277355167365245	0.42769752437075	6
RPIA	0.0855319564924415	0.542089263783539	0.683282675398135	6
QRSL1	0.00721476156650044	0.961222447370737	0.976860323557662	6
PPP2R3B	-0.473552918003633	0.00078778865600754	0.00355003837008807	6
GMEB1	-0.263135474484069	0.0602506616002468	0.134723299823223	6
RNF216P1	-0.266659812530934	0.0639427419728847	0.141363505641431	6
MOSPD3	-0.114064563784518	0.438471898357192	0.591959548520586	6
FAM120C	0.241223850432615	0.0843341721119885	0.174679891032274	6
ZSWIM9	-0.323611012751522	0.0242351715333472	0.0647074164084076	6
ATP5PO	-0.289492526383291	0.0442083061321757	0.10530472921061	6
AP4B1	-0.228634019906171	0.100184625780648	0.199462717344113	6
CEP41	-0.18092403041251	0.231105508959283	0.374405146391513	6
C12orf43	-0.143406394249485	0.338778696759949	0.494055393912165	6
HACL1	-0.198818396187576	0.1534766291849	0.276522992794339	6
MON1A	-0.176029322090379	0.225742356287456	0.368163379483556	6
TAF8	-0.0936063480633611	0.509702539953822	0.655644926552542	6
WDR27	0.332951934297456	0.0800411870526785	0.167956590447812	6
GPATCH2	-0.159216804387648	0.294411879404711	0.446880024054914	6
C1GALT1C1	-0.336333351108804	0.0194140677642341	0.0540841003133574	6
MFHAS1	-0.12349023966291	0.384924722756941	0.541144329041335	6
ALG12	0.204487478620196	0.163022458706748	0.289592265736767	6
MAPK11	-0.0147503395024603	0.915932410255832	0.949922653340492	6
PTPN4	0.633218908799161	7.56291335182013e-06	5.78782723546561e-05	6
ZXDB	0.0983228096575693	0.543133025692034	0.684008803787241	6
RIOX1	-0.16124649645855	0.260796166024881	0.408187863660584	6
CASP1	-0.165229456637355	0.261472498881783	0.408817912627643	6
GBP2	0.821675535404804	6.61689559842248e-07	6.38082027560697e-06	6
TFB2M	-0.103173583068883	0.502505065606624	0.64962425639167	6
MED18	-0.0982525049587241	0.512882260857404	0.657998947335868	6
GAL3ST4	-0.0138884043271635	0.932400917417402	0.959311162319672	6
DCPS	-0.160897805733478	0.249617543589301	0.395345412858377	6
GCDH	-0.107588167591709	0.463508394621519	0.61478185372624	6
SLC16A4	0.443180114806124	0.00944839971612602	0.0296965820113101	6
ING1	-0.0958996657819847	0.491489951736424	0.640017293449231	6
MTERF4	-0.198092770629355	0.156793364780871	0.281170743011299	6
PDE10A	0.568239040744659	0.000185735524994165	0.0010178337699826	6
ZDHHC1	0.441323023826583	0.00184724471332027	0.0074290504617888	6
NDUFA11	-0.336311870077729	0.0194592409276135	0.0541870083203251	6
ANO8	-0.0026220939147771	0.987322960142787	0.992068319327131	6
SANBR	3.37621275416197e-06	0.999981450630019	0.999981450630019	6
TUFT1	-0.425540450647819	0.00519743494170779	0.0179000094551804	6
MED19	0.0350165245637768	0.828696320948786	0.895871359448823	6
MEF2C	0.0817718094507667	0.56147361386948	0.699411108106744	6
NOL4L	0.0550795639552839	0.741271336304501	0.835279497755398	6
NCR3LG1	0.0332954327401607	0.840464785031727	0.902917012356044	6
TBP	-0.235799607237991	0.111061655861887	0.21616214344374	6
AGPAT5	-0.315924710061646	0.029868450658423	0.0767230747392455	6
ZNF25	0.903139342994938	1.86412356887436e-10	3.32035974791518e-09	6
RPGRIP1L	0.522817812156421	0.000286423039027744	0.00147618890474636	6
MYNN	-0.146021854058422	0.335430832559163	0.490477232723423	6
UTP23	0.100914689155963	0.477419762882682	0.626923018637743	6
STARD10	0.561820299925404	0.000609636342761878	0.00284573285911173	6
FICD	-0.285403805775316	0.0441631312051374	0.105264967589291	6
TIMM23B	0.0258656551670553	0.851402602207011	0.910040890299407	6
FAN1	-0.0374733042877822	0.79187204983954	0.870694056456942	6
ORC5	-0.374661152323688	0.00801268150839012	0.0258760860389939	6
ERMAP	-0.0626009517509383	0.670174113210779	0.783417322883777	6
ABCB7	0.232506951600996	0.114414726701052	0.221118932251644	6
GALNT15	1.37136064704208	3.48039664379964e-19	1.76882088889323e-17	6
BRI3BP	-0.225790013525296	0.102077855815099	0.202387530666388	6
MAP2K5	0.59641825184311	3.53224118846232e-05	0.000234585725346769	6
LOC101929494	-0.0955901808765798	0.539989934382859	0.681410091344969	6
GTPBP3	-0.302037647699025	0.0361039043008583	0.0894813956528334	6
RAB13	-0.245024812674066	0.107811907039485	0.211337026412619	6
NDUFA2	-0.112780067034872	0.453755235305675	0.605512992936801	6
CEP57L1	0.0494462279920934	0.74139659506572	0.835279497755398	6
TMEM126A	-0.188553894249362	0.204788749130404	0.342382919696488	6
KGD4	0.0980385619157821	0.523731139276347	0.667622795496277	6
RPL39L	-0.464836563540562	0.00474851791072681	0.0165927107138033	6
ISCA2	0.0301582399723822	0.840301158288605	0.90285561558672	6
IKZF5	-0.00942803571892766	0.949543863277719	0.970106013064624	6
DLG3	0.650324341861194	6.95203737868125e-06	5.3797570849842e-05	6
EME2	-0.511724085103911	0.000965846567668358	0.00424063988332842	6
INPP5B	0.320082531218738	0.0231613768392838	0.0624291027277917	6
CDKN2D	-0.403579360933345	0.00904627692743781	0.0286240728836211	6
SGK3	0.0932543409662768	0.521325754954705	0.665503356903436	6
OPLAH	0.754102950374838	8.52933318928392e-06	6.42424471068018e-05	6
GFER	-0.206810434869897	0.180679997925278	0.312354785448532	6
ZNF333	0.141030047236177	0.354507101549692	0.510390344654769	6
GCFC2	-0.0358038484268218	0.79489042539714	0.873165540307314	6
HBEGF	-0.875897606229821	1.66775326383858e-09	2.58875427027208e-08	6
SNRNP25	-0.569874012893345	9.33204560249593e-05	0.000556582312032868	6
MOAP1	0.0952824268645874	0.502775901844592	0.649812468473808	6
IL11RA	-0.108105044838569	0.442976324509374	0.595840727520631	6
MATCAP1	-0.247559230549797	0.0795610451709028	0.167214120642598	6
ZNF134	0.278933257038285	0.0439717824348408	0.104874175066101	6
CENPC	0.00219370917770049	0.990001956822688	0.993095241400476	6
NSUN5	-0.38086485531745	0.0081753431418421	0.0263045812212338	6
GATC	0.26226146396879	0.0725857741211292	0.155889467246928	6
ATP6V0C	-0.286555767222499	0.111701285943584	0.217118137459451	6
HOOK2	0.152356753245613	0.328969022493948	0.483924648330507	6
KIAA1614	0.469282013479733	0.00132430499076522	0.00559788907946132	6
PAFAH2	-0.0695578069664599	0.627376679997814	0.751497471180784	6
PMS2	0.209511784236112	0.135722919324605	0.251729010436772	6
ENOX2	-0.104580948779122	0.457864334560796	0.609427224661259	6
TSFM	-0.258709873582677	0.0864309721163874	0.178053172344824	6
GAN	0.340104496225789	0.0277162590495365	0.0724442251527102	6
MRI1	0.186431992299836	0.183612287250649	0.315850566790421	6
LINC01278	-0.084970033067529	0.543040569152031	0.683957804205166	6
TRMT9B	0.462485017064077	0.00207210562488346	0.00818090172175796	6
DNAJC4	0.338189637260736	0.0282489528792051	0.0734283109693871	6
HTR2B	0.898096411729293	9.41411830931409e-08	1.06908143391616e-06	6
ESCO1	0.254212067373628	0.0890759707528187	0.18206630481667	6
KIF16B	0.252426795892403	0.0940931642103489	0.189903146350939	6
LOC122513141	-0.856912705159379	2.66097079497423e-07	2.78207772631023e-06	6
DUSP22	0.67445171900695	3.4575117295487e-06	2.86234131421695e-05	6
BANP	0.0042048551301343	0.976723846932429	0.986163687748068	6
MRPL12	-0.367828570864129	0.0258614133482704	0.0683699104043549	6
TRNAU1AP	-0.33550274947345	0.016990429203826	0.0484919817020732	6
ZNF3	-0.11121368980284	0.424899406829189	0.579741924770328	6
PALB2	-0.392368626263477	0.00491676844049592	0.0170763649029678	6
CRISPLD2	0.646252155926249	0.000134808002657154	0.000771512060424396	6
RBMX2	0.0483611491954617	0.734940552625402	0.831101588849499	6
TPCN2	-0.193947378322812	0.192679692731827	0.327510691558502	6
CYB561	0.289717125433883	0.0449223081101874	0.10675434945918	6
LCAT	-0.49211891659247	0.00797330812297829	0.0257615745760342	6
MTHFSD	-0.0100110768246493	0.945964733083412	0.967876702804272	6
WDCP	-0.219846856233224	0.12738324574448	0.239535094819227	6
CDCA7L	-0.0806226217050529	0.568839133495857	0.705514888740786	6
ZNF84	0.363133272381898	0.00972567924311558	0.0303977048215805	6
BBC3	0.69881070080624	3.42564489392914e-06	2.83774472868403e-05	6
PFKFB2	0.960004570919039	4.06552624458727e-11	8.08376464614837e-10	6
CMSS1	-0.400981162444493	0.00648748640403249	0.0216628065794723	6
DNAJC19	0.237495659890895	0.0905899933635569	0.184302331166074	6
ZNF783	-0.0624876563836031	0.73347057616272	0.830152467242466	6
CLP1	-0.230485872758997	0.148871426944341	0.270475444150223	6
ZFPL1	0.0786182713040813	0.60439895411072	0.734124151791031	6
CTSF	0.72391269204602	5.94395288429661e-07	5.76993007492598e-06	6
PIGC	-0.291314392202394	0.0381196678582453	0.0936485979876974	6
TYSND1	0.0894529526111885	0.539413086067436	0.681018075187575	6
EFEMP1	2.50429275946025	8.68343328548693e-50	2.43191558163541e-47	6
MATN2	-0.34422039209776	0.0196253315989893	0.0545917666605022	6
CCN3	-0.0867033633464391	0.554617747574944	0.69369378670933	6
NRDE2	-0.129038232991479	0.367939086031279	0.523530665812315	6
SUV39H1	-1.27947477687249	1.20411901549495e-17	5.28327286698668e-16	6
SCRN3	0.197810190823693	0.166082360265346	0.293836304861929	6
SUOX	0.0758197853483206	0.602595354148296	0.732406523236752	6
RBFA	-0.210614546332174	0.142388867338364	0.261148761428854	6
PSMG3	-0.0938661910788468	0.502250181013087	0.649549924609477	6
EXD3	0.481626502127959	0.000866246141883843	0.00385867951459121	6
GSTM2	-0.0530561668895106	0.719167793978591	0.819389394282021	6
DYRK4	-0.143740017611058	0.377596615302065	0.533637990897689	6
LRRC45	-0.527929805096163	0.00107515159944749	0.00465380483509612	6
NSL1	0.0578878155171005	0.694415133083505	0.800541810893167	6
DDX31	-0.45211559282613	0.00131609543759598	0.00556497405881011	6
MAP3K13	0.166585780077738	0.254982325152989	0.401667346336619	6
NOP16	-0.573653791781984	6.60483516171053e-05	0.000407974872048783	6
AP5S1	0.0391521644012701	0.78859790648846	0.86784668866379	6
TBPL1	-0.209521422918841	0.148824943899945	0.270449466384769	6
LZTS3	0.497800669111222	0.000556824386697042	0.00263935160320243	6
COQ8B	0.0467059002346401	0.75160910154717	0.841922440955272	6
METTL4	0.108921052702261	0.444098169047015	0.596812625605334	6
CYSTM1	0.145526652277268	0.313421112326153	0.4678038441489	6
ZBTB5	0.181637991278048	0.219637298419903	0.361205117328983	6
FADD	0.0374661549030193	0.806921007755716	0.880940634078833	6
ZNF518A	0.023087717253609	0.887544508877445	0.932679895445778	6
ZFAND1	-0.0140775441539319	0.929990017131187	0.958201682114846	6
SRFBP1	-0.031496245811248	0.842483362156007	0.903831323612476	6
CNNM3	-0.167777900342437	0.249335545221263	0.395041379603694	6
UQCR11	-0.0143272393371702	0.928932102412645	0.957895281163937	6
ZNF22	0.0308191937297142	0.831155793461535	0.89711877044147	6
KNOP1	-0.155834674694304	0.269761201892905	0.418635545922697	6
ZNF628	-0.424349990520364	0.0102581829898905	0.0318163201451294	6
POMGNT2	-0.0132739769539153	0.929288028897782	0.95803714946597	6
FRMD3	-0.488364859945368	0.00145461317546622	0.00604580777665357	6
TLCD2	1.46589974603148	3.59343658392714e-21	2.15983587918872e-19	6
MAGI2	0.261588195889504	0.104926415087646	0.206792574671522	6
THOC1	-0.156294087256721	0.3521150549639	0.508100943960701	6
PLEKHF1	-0.0921755786322774	0.553954217922138	0.69339096334244	6
ZNG1A	-0.188969274158591	0.220750796746808	0.362518343771313	6
RILPL2	-0.0430961725692826	0.779918301231748	0.861654306622358	6
CEACAM19	-0.532857612967496	0.00257114203677838	0.00983549625984126	6
RRAGB	0.392131566208778	0.00749798414454741	0.0244357428310665	6
TAF4	-0.134284380425538	0.417175021692641	0.572604255530785	6
RBM15	-0.0836185631971459	0.561877564846271	0.699781851269889	6
CAND2	0.426565324229128	0.0132265469929449	0.039389375128537	6
SPIN4	-0.264779138262103	0.0608732946126475	0.135901488634037	6
MTCO1P12	0.213032872179264	0.162891686376009	0.28950148144019	6
NGDN	-0.158697759631873	0.26065560191851	0.408064901052968	6
CHSY3	0.252334566054764	0.076858349845	0.162991212986908	6
RMI1	-0.149477657203035	0.336447445460215	0.491500988769463	6
KAT5	-0.288583568608929	0.0483967362673093	0.113393777053505	6
FAM118A	0.159154535868584	0.282450844686261	0.433480052850502	6
NUAK2	-0.199649934927925	0.181693243418164	0.313492936994698	6
GAREM2	0.00436125030126167	0.976835615583208	0.986200890314601	6
EAPP	0.0683713826943192	0.651025511821555	0.769664883429776	6
ZNF841	0.0681357086473608	0.637310187526045	0.758971681752043	6
ST7L	0.0185500959756954	0.896580774753627	0.9376096558419	6
AMDHD2	-0.753152059418698	2.88058233824139e-07	2.98795156172351e-06	6
PIBF1	0.329164103872823	0.0330051402212883	0.0831954539894328	6
DPP4	2.2927205112801	6.82365960844706e-37	9.5553012155307e-35	6
PIF1	-0.588832787908632	9.665604846612e-05	0.000575173402332521	6
HDAC4	0.121746696573992	0.413952320018347	0.569844633800617	6
SMIM20	0.154812585864154	0.328966556025862	0.483924648330507	6
MSC	0.350705836603311	0.0152977901904374	0.0444906788061705	6
DNAJC25	0.139420778569749	0.359185012079222	0.515083594509075	6
DTD2	0.684045912064622	8.85160540405381e-06	6.64653062941017e-05	6
LRR1	-0.77855451589094	6.30677049263461e-06	4.89481249967862e-05	6
EXO1	-0.800453450288781	3.26334591787413e-08	4.0371637515956e-07	6
LDAH	-0.171210877521471	0.25022023530702	0.396109315375382	6
MRPL33	0.301275418799927	0.0664157659235233	0.145680841001723	6
TMEM68	0.403682831061166	0.0063925391083425	0.0213946077506006	6
FAM13A	0.272736886199882	0.0544487259523562	0.12442857286647	6
ENGASE	-0.286056658588939	0.0846925438056749	0.175249902504525	6
TMEM160	-0.0479358952345253	0.774410707458121	0.858070457687208	6
PIGV	-0.00929779523784047	0.95074104572415	0.970952314754208	6
SOX13	0.049866515819712	0.766144494488839	0.852027131862783	6
TRO	-0.154777175366163	0.30143960381752	0.455028612964451	6
MPHOSPH6	-0.336452697832526	0.040749946319854	0.0987466022474664	6
FUCA1	0.0871472232293475	0.547895154747238	0.688382940824051	6
TRNT1	0.11011525352396	0.468874794091435	0.619720746523302	6
MFAP3L	1.6388187495068	6.78965937091697e-22	4.27618594733876e-20	6
EEIG2	0.178310028443837	0.251101423040159	0.397265388398752	6
ANKRD42	0.368348907265413	0.00966430307080167	0.0302667669095795	6
ABHD11	-0.529795149486997	0.000221334287951988	0.00118143683386538	6
ZNF189	0.092004305006285	0.566823594023407	0.704000144808002	6
LYN	-0.637540175691893	1.10917270345888e-05	8.16100631393477e-05	6
MACROD1	0.599856213699394	9.74828959551669e-05	0.000578918986308298	6
DHX35	-0.28015809126122	0.0486355926244879	0.113883395974497	6
NMRK1	0.412301804988432	0.00587996428016526	0.0199120066426075	6
ZNRF1	0.230199227763776	0.14231855771308	0.261056183831839	6
NRF1	-0.395432211940258	0.00583355349693093	0.0197853812625874	6
TIMM9	-0.253006912830158	0.0818295558199734	0.170673814491889	6
NOL3	-0.0592148378321909	0.694146699602667	0.800428874146037	6
ZNF331	-0.325259598727507	0.0260962191689977	0.0689214552410747	6
FIZ1	-0.201576774439888	0.179224692044802	0.310702136936563	6
ICAM1	1.28365266427438	7.45567435463335e-18	3.31550815979861e-16	6
ZDHHC13	-0.0136044582423689	0.928463346268014	0.957561938958385	6
RAB33B	0.446099276345137	0.00251247690552491	0.00963628598701175	6
SUGCT	0.936144179054283	4.60636917061771e-09	6.69245445837096e-08	6
KIF13B	0.624187000805259	0.000147854757823217	0.000834567828999574	6
CEP44	0.511965817007986	0.00135310805846533	0.00570681235936531	6
CHIC1	-0.104361498641117	0.492670715184935	0.641002730451646	6
TAF6L	-0.2764562178571	0.0504655476441516	0.117135955499906	6
PROSER3	-0.322683444835896	0.126659427649322	0.238646348491948	6
ZNF302	-0.0189251396574629	0.897722655776183	0.938215591346274	6
PAFAH1B3	-0.805077438212346	6.99526975918236e-07	6.69663533382672e-06	6
PCNX2	0.180088413419152	0.27337183472402	0.422545028237703	6
CRIPT	0.00257209080930427	0.986135749053951	0.991707489226392	6
TMEM14A	0.10459239272587	0.472842999328398	0.623147024509568	6
CABLES2	-0.362788151416265	0.0190458583350106	0.0533065348211236	6
HAUS3	-0.374564548559108	0.0127884396536684	0.0383536639692952	6
B3GNT2	0.231165157389783	0.110426931681262	0.21521316282506	6
SHPRH	0.798097026542605	1.2610839157562e-07	1.38909184795806e-06	6
AHCYL2	0.60957832156677	2.64403333320625e-05	0.000179862587932785	6
ERCC6L	-1.18617552379098	1.37599869861267e-13	3.90350665298246e-12	6
G0S2	-1.32885109368348	8.78770248852532e-19	4.26835896149294e-17	6
TTC13	0.372560484355298	0.0107524298263628	0.033115169350588	6
PRKCE	0.285736374825721	0.0555748341485437	0.126518772379329	6
THG1L	-0.134092735990311	0.36192959671978	0.517722156229349	6
PWWP2B	0.296096651161864	0.0823564270231129	0.171528109003993	6
KLHL8	0.287431156227784	0.0696922243715391	0.151055285592388	6
KRABD3	0.0209232661787553	0.892089944419226	0.934918784903684	6
PTCD2	0.176418793858733	0.221445369491786	0.363270862240825	6
RGS19	0.10541637566862	0.542797965601512	0.683848547206423	6
AIRIM	0.0581876521747813	0.682688168653599	0.792501017110118	6
DNHD1	-0.244937746641181	0.238804995597391	0.383433783489688	6
FAM219B	0.299705447698416	0.0548035463732469	0.125130803280321	6
CRYAB	1.17783267328057	6.17006837451815e-14	1.81692639851862e-12	6
LOXL1-AS1	0.168945054406204	0.239349363951916	0.383811975086447	6
NHERF1	-0.202984873168574	0.15132314874361	0.27374743917969	6
TMEM268	0.847727758800814	8.03729147106272e-07	7.58386147911101e-06	6
RAD51AP1	-0.764645488067322	1.2225074233564e-07	1.35339488760641e-06	6
CHCHD10	0.126219051667501	0.403974441863936	0.560269263328942	6
CCDC91	0.316384846730599	0.0294897042824137	0.075948537951362	6
ESCO2	-0.761402248516935	1.6345499077377e-07	1.77521290722371e-06	6
ZDBF2	0.665677030571054	1.70944609605451e-05	0.000121432482257774	6
BRCC3	-0.305527325250352	0.0418718041043173	0.100870892647351	6
KIF17	-0.424853077404781	0.00543970750547949	0.0186320244326377	6
DHRS7B	0.236430255820342	0.0982184568412613	0.196510906075916	6
MPV17L2	-0.00101303651372376	0.994921668508724	0.996587316230145	6
DPH2	-0.299441108935798	0.0352637002207221	0.0878583507156557	6
ZNF397	0.412595099469479	0.00721877708269557	0.0237018614965133	6
PDK2	-0.0550004219651395	0.719763862221289	0.819784694853234	6
ZFP64	0.0653781825612542	0.654677925485877	0.77273363819679	6
KLC4	0.403623264608856	0.00748956618659363	0.0244143535696216	6
ZSCAN25	-0.327711200305378	0.0252933810677715	0.0671011597977045	6
RFX1	-0.376437238618645	0.0300705806410591	0.0771878028428746	6
ZNF668	0.0565611785206976	0.712125796823306	0.813337254974852	6
GSTCD	-0.098472831099232	0.488967000651073	0.638102197101424	6
ZC2HC1A	0.425228476907694	0.00374908439434679	0.0136361419957963	6
OTUD6B-AS1	0.35552361320996	0.0243222910269186	0.0649005304657063	6
TMEM42	0.299662605851576	0.0393145908025553	0.0960051577590902	6
POFUT3	0.454997834808261	0.00147729607916451	0.00612654325458175	6
ZNF875	-0.0792956033758095	0.581551556622134	0.715506067045846	6
NFE2L3	0.227850970987049	0.163637381670577	0.290447526285033	6
RBM4B	-0.489448635276809	0.00198631431789625	0.00790621571408175	6
FBXO44	-0.228387411956801	0.17282836852802	0.30259907088778	6
ZBTB18	0.263640600855219	0.0864510233151067	0.178055831622086	6
PCED1B	-0.0231327901474063	0.885713881552477	0.931482102993798	6
C17orf75	-0.0319058279925653	0.821994068093762	0.892069248768917	6
FAM210A	-0.0200472270499711	0.888995136810134	0.933608025038439	6
MOB2	-0.293567213654043	0.0554818588751713	0.126350814597557	6
ING4	0.276308583051528	0.0668660585337688	0.146400187704591	6
HOXD11	0.862257618854311	5.50888853669735e-08	6.46287877081526e-07	6
SENP7	0.625614521034151	4.32021346608261e-05	0.00027930731755425	6
COX10	0.212540179507836	0.159348965863569	0.284485343504971	6
PEX3	-0.197096155891198	0.193984293639495	0.328794135613788	6
NDUFC2	0.0741998444378163	0.615308992367245	0.742307054030799	6
MRPS18A	-0.225048451635334	0.119453032002875	0.228010478575093	6
PPFIBP2	1.14149072801935	1.08295255220039e-12	2.73082460624785e-11	6
ZBTB8OS	0.160418967581534	0.279499124603166	0.430348225190252	6
PASK	-0.686459758171447	5.19519839302344e-06	4.12700038909883e-05	6
ACOT13	0.434622121878272	0.00322551168820025	0.0119800819277031	6
POLR1C	-0.756895731129993	1.46441400025357e-06	1.31667223260503e-05	6
SLC35G2	-0.234654017205179	0.154973807594503	0.278582594033007	6
NXT1	-0.403343898472795	0.00487897248293546	0.0169809399240823	6
INSIG2	0.48296590352562	0.00190440739550111	0.00761242470300063	6
SFXN5	-0.742231923911225	4.23046102798693e-07	4.24432610605122e-06	6
ZBTB34	0.406573310836996	0.00745126070081366	0.0243015224491601	6
CEP152	-0.366017694983701	0.0209638750439198	0.0575130235938133	6
OTUD1	0.597087357771073	0.000124606434468698	0.000720015143508107	6
CREM	-0.17507230926876	0.232048987749336	0.375425371895835	6
RNF144B	-0.201544357338754	0.193068476637347	0.327880806854677	6
ABCC3	-0.428352189366524	0.0157582731877185	0.0455381229352224	6
GPR137B	0.761115754013343	5.64312586961064e-07	5.50633549456522e-06	6
CYB5R4	0.107083376187713	0.466056310203294	0.616934898940996	6
PSMG4	-0.226631628383143	0.120408419472273	0.229534543883204	6
RBAK	0.255504990274539	0.114579587434532	0.221299193044286	6
MSANTD2	-0.586535179229328	0.000275102793996054	0.00142397879566263	6
PLXNA2	-1.16086565830809	5.03337104483358e-14	1.50920872581194e-12	6
BOLA3	0.00799426025181357	0.961696754432494	0.97706193104314	6
TRPS1	0.638887291365975	2.0928783142563e-05	0.000145682481494213	6
CALB2	2.34672103031736	2.51611705247556e-40	4.19236060275136e-38	6
ZNF692	-0.261488941250923	0.088896421685827	0.181783998547544	6
UBXN11	-0.47664093159112	0.000913138990671251	0.00403343910543815	6
CDKN2AIPNL	-0.238176281481565	0.12665955706079	0.238646348491948	6
ZNF185	-0.345579348193176	0.0264583091213742	0.0696820173998897	6
TNFRSF1B	-0.112602140310977	0.456740250240331	0.608331825095347	6
B3GALNT2	0.686752573127448	7.48100063746183e-06	5.7384855122908e-05	6
PLA2R1	1.14346249845349	1.73092453164349e-13	4.80678472785301e-12	6
BUD13	-0.415777613707203	0.00398723652978163	0.0143281448106786	6
SPATA2	-0.0197395245711379	0.910975150184843	0.946736425188461	6
C21orf91	-0.0214141673094842	0.896034345231715	0.937261608891057	6
PAPOLG	0.112887480656538	0.438842171212197	0.592034553121437	6
CDIN1	0.19394212614785	0.206379660007464	0.344524472375174	6
EBF1	0.450969600115983	0.00653343288358401	0.0217885931205007	6
SIMC1	0.113918238990734	0.485087121648819	0.634270565437907	6
CARMIL1	0.47811068624731	0.00327270109108835	0.0121295437810986	6
RGS7	0.5810441973083	0.000532711215083015	0.00253968769436354	6
E2F6	-0.305020795714861	0.058063222486324	0.130602562813992	6
CCDC51	-0.135339938003646	0.354516365659694	0.510390344654769	6
HIRIP3	-0.473289248136122	0.00199341670371088	0.00792490005162983	6
CDKAL1	-0.233078840687883	0.119151766067445	0.227534411249931	6
ZNF761	-0.0985479977252115	0.515583340408122	0.660434362572217	6
NAP1L5	-0.262569726417787	0.0975208384579346	0.195499748781192	6
ATXN3	0.474491906857803	0.00140869414572374	0.0058846845573347	6
SMYD3	-0.0334016751924943	0.835707551958367	0.900124253860403	6
KCNJ8	-0.140185483812473	0.361108134433879	0.516884120656062	6
BCAS3	0.499262644154498	0.000679205045509963	0.0031270989905728	6
WRAP53	-1.12918693948077	2.55381281790893e-13	6.9168391197809e-12	6
GGPS1	0.313014764091512	0.042055652088556	0.101221164461814	6
NPRL2	-0.0157009598923104	0.918603114035273	0.951066461530871	6
TMCC1	0.33389451768243	0.0247116918895416	0.0657795753977829	6
HLA-F	0.288748695965947	0.0609136782833053	0.135968585254053	6
BCL7A	-0.0526180665506381	0.717364400443738	0.817759383652977	6
PIK3IP1	0.983632315100258	3.60828347483536e-11	7.20725878289194e-10	6
ARHGAP26	0.644451291768633	3.93319149205939e-05	0.000257191254893084	6
HOXB2	-0.13070844710247	0.378075010821505	0.533970103802948	6
RFX2	0.409251547278211	0.00546858886173397	0.0187066099758327	6
GMIP	-0.259758057990572	0.117115437236302	0.224754410313667	6
RABIF	-0.215091818730285	0.183501540916842	0.315742586024627	6
CASP8	0.0194301323773019	0.897909993083987	0.938215591346274	6
HDAC11	0.16709850749995	0.251559760011294	0.397644040353463	6
LCORL	-0.034707511714829	0.814335695746557	0.886608830695776	6
PDE3A	0.850325047277802	1.14390503497914e-07	1.27928818822688e-06	6
PTPRQ	-0.061313692685105	0.674279371973883	0.786629386979724	6
SOCS3	-0.700343562418489	1.35045017666958e-06	1.22255678648567e-05	6
BDH2	-0.0170222647782194	0.91463110738705	0.948946895762256	6
PTPRD	-0.176427000694642	0.292254725510156	0.444414864108137	6
PTPDC1	0.230591415322991	0.138353890249152	0.255600316820994	6
PGAP3	0.279204489758042	0.0849210601508734	0.1755215860377	6
FASTKD1	0.138556414813966	0.357205029199356	0.513012784320651	6
NR2F1-AS1	0.128826010123898	0.376843989798767	0.532631529874495	6
TAF3	-0.288657608652392	0.0468557702769041	0.110550726681285	6
EML5	-0.00971943241864592	0.951128341383933	0.971272487016037	6
ETV4	-0.714545587922481	3.02401349519219e-05	0.000204024037094899	6
MRPL1	-0.440333466503516	0.004310266187693	0.0153009799969264	6
TARS3	0.107428287799165	0.469262832064366	0.619984608899252	6
SLC48A1	0.368733332060061	0.0234165605241026	0.0629430643616016	6
GPANK1	-0.182803230285313	0.237815879602801	0.382218610892757	6
LRCH2	0.14646015596784	0.357601005332162	0.513310069743232	6
GLI4	-0.1795667394586	0.310355571504245	0.464650863024383	6
AGAP6	-0.525143005606989	0.00244466154466838	0.0094228638103865	6
FAM174A	0.198863196872285	0.197315924195297	0.333282370099152	6
SRP19	0.0255984927550103	0.863887434427353	0.917192313225298	6
DCP1B	-0.188068789182066	0.199662778248232	0.336253985424959	6
VKORC1	0.154341023931218	0.320234286566667	0.475653793057666	6
WRAP73	-0.38596568170071	0.0141349416048741	0.0416384831492349	6
CROT	0.147148441530324	0.320687380152921	0.476111886414719	6
CNTRL	-0.505473206757004	0.00105778950262192	0.00459072662732305	6
FBXL2	0.29697288763443	0.0658008624945339	0.144597120703765	6
ARL13B	0.254475672290476	0.0847190890580712	0.175249902504525	6
C6orf47	-0.015977464608096	0.927395331016561	0.956685324621551	6
ZNF414	-0.2857472329683	0.0702478615255593	0.152084309417917	6
MTERF3	-0.298778325997558	0.0639144141094766	0.141348359026048	6
DDX19B	-0.326513210221337	0.0352635328644165	0.0878583507156557	6
SMYD4	0.274665502339878	0.0955604174466995	0.192333604717264	6
PLPP4	-0.203989176951723	0.20773052919883	0.346110732564052	6
LIN52	0.0713544280121363	0.632356240535429	0.75516057631725	6
ZNF133	-0.120115530550195	0.482026296142792	0.631146139075656	6
TTF1	-0.12720915818285	0.417015554584379	0.572564487847521	6
DUSP6	-0.015492451244973	0.917344223109858	0.950353987565093	6
OTULINL	-0.99965074976826	3.61518156601364e-11	7.21009620506629e-10	6
MAP3K1	0.0555782452636185	0.70610789142687	0.8092728058208	6
THAP9-AS1	0.270727438924188	0.091601333405091	0.185728335121875	6
TMEM243	0.164354085852123	0.258350418943242	0.405517119550429	6
MTFMT	0.100143093306031	0.56078815474508	0.698689491804021	6
DGKE	-0.00241330896921704	0.987712200976023	0.992235037888071	6
FPGT	0.611898838136506	8.41803803034799e-05	0.00050666042338121	6
PCYOX1L	0.20345511620171	0.198870679487361	0.335392024867666	6
ZCCHC10	0.280410893250229	0.0799062719697749	0.167778953252217	6
H2AC6	-0.307599933626757	0.0362098430538046	0.0896764184604385	6
PCBD1	-0.472082559628423	0.00151360732437005	0.0062534881389463	6
METTL25B	-0.0235787167922775	0.878291544270738	0.927026830024515	6
IFT22	0.372409294153294	0.0263569329397701	0.0694428159099667	6
C18orf54	-0.403852114405081	0.0115603213324347	0.0351590826476059	6
UBOX5	-0.11696530012509	0.437804415703855	0.591240332811105	6
ZNF33A	0.34934340723382	0.0279957089051471	0.0729862381300161	6
P3H2	-0.470291437564967	0.00128299247377419	0.00544073129261909	6
SNCAIP	0.0656316393432631	0.697717587640418	0.802802150883813	6
SLC37A4	0.00858564387039344	0.957949213156522	0.975414845587862	6
ARHGAP33	-0.64754781259951	0.00107200509309657	0.00464323890767692	6
DNAL4	0.459140813080112	0.00192361203600973	0.00767986206551291	6
ZNF449	0.852444412391033	3.468380111021e-08	4.26401988122435e-07	6
NEK3	-0.236612466805374	0.103988887376667	0.205372201731293	6
EPOR	0.0083256241331943	0.958449585816903	0.975414845587862	6
MRPL54	-0.257186282936803	0.113799576946117	0.220285857550255	6
GALNT3	0.279697067978798	0.0614130008182077	0.136800943316052	6
PPARG	0.00771939197421803	0.960590913764595	0.976541411637578	6
CYB561D2	-0.4014859881999	0.0097268960501783	0.0303977048215805	6
CRLF3	0.205926038151294	0.173867824548187	0.303795806401471	6
MBNL1-AS1	-0.0472843246725475	0.76396469070016	0.85040737621025	6
PID1	0.970550866764887	2.95817903041868e-10	5.14379267865272e-09	6
C3orf52	-0.297179376593339	0.0422135393907991	0.101471296384421	6
FANCC	-0.508385520724981	0.00108583340225164	0.00468736215230397	6
ALPK1	0.652322958881845	8.09868628777419e-05	0.000489920490836856	6
GSPT2	0.0951674853201248	0.551127910013697	0.691299473938469	6
TBC1D19	0.57831361723424	0.000103783907702973	0.000612055366081645	6
ZNF707	-0.418140250423038	0.00763703022455999	0.0248090396954302	6
AGGF1	0.328728264929338	0.0347433042175097	0.0868450652136498	6
LRRC28	0.382984490341123	0.0150362048701652	0.0439142588653171	6
ZNF197	0.112380188632478	0.452814184196341	0.60474767720946	6
MCAT	-0.159987618621549	0.359414582905843	0.515188299552391	6
SMN1	0.129230918560955	0.837955885626003	0.901617869509334	6
WDR24	-0.167212477293601	0.294677655952239	0.447135934394077	6
ATXN7L2	-0.0916606498151086	0.552877721855831	0.692702213286531	6
CYB5D2	0.227804704310775	0.1335730417927	0.248863687065437	6
PRXL2C	0.0343384352960098	0.822564120972438	0.892320053103693	6
HSPA14	-0.509368087649381	0.000813767132343217	0.00365334814564589	6
LRRK2	0.278037916464686	0.0904408191906358	0.184141145089921	6
NAPB	-0.18930208391589	0.197209740235703	0.333188526597684	6
TSTD2	0.335424438144206	0.0284049351974843	0.0737463830383601	6
MT-ATP8	0.555102834750096	0.000462062054973574	0.0022534727045636	6
KIF26B	0.961493978874389	4.651620646229e-06	3.73577074840222e-05	6
TTLL7	-0.181466820593899	0.249405905243002	0.395105299159181	6
TAF10	0.551461107636009	0.000508176247042918	0.00243683932234096	6
LINC01139	-0.162815740894661	0.280959148802107	0.431788123255357	6
WHR1	0.228596203756959	0.125126627635901	0.236335626321804	6
FUT4	0.465648740165851	0.00218007646925411	0.00853803825194641	6
DXO	-0.0883384591628898	0.580426056760179	0.714865070387791	6
EBAG9	0.202149679043934	0.204714749575684	0.342368185633935	6
ZNF689	-0.0122773406211069	0.934925124187973	0.961063600912635	6
NOG	-1.01071109297679	1.5848347328013e-11	3.3538873935472e-10	6
SEC11C	-0.984795330439961	4.76891788679237e-10	8.01701994174303e-09	6
C1orf159	-0.229958240859987	0.207750581021695	0.346110732564052	6
ZBTB6	0.463484509683547	0.00345440704332923	0.0126966436313932	6
PC	-0.981258419479981	2.03198606563064e-10	3.59986979567915e-09	6
FBXO41	0.198421763459072	0.21733100001097	0.358128186422683	6
F2RL2	0.0197028244120668	0.900393667833119	0.939730562138229	6
ZNF7	0.0366922546264058	0.809873997674229	0.883066415070335	6
DECR2	0.190385322221212	0.22148522037814	0.363290960228967	6
DTNBP1	-0.250847800491709	0.127512893734574	0.239641950346688	6
GTF2E1	0.048299098168249	0.764561877771237	0.85085627300497	6
NPR3	0.241908891590221	0.104608183693223	0.206347598074914	6
ZNF408	-0.203241173238256	0.184922423784666	0.317753781470271	6
SLC43A2	0.59764550681552	6.73334900388848e-05	0.000415133831092197	6
PICK1	-0.452488606960417	0.0040303384844016	0.0144475341694385	6
ZNF436	0.00981914031220423	0.94874658192183	0.969592488962504	6
MED6	-0.419224350781039	0.00511392812737259	0.0176560381828585	6
RTN2	0.127225816850195	0.403930257482365	0.560267015726067	6
RHBDF2	0.0978163925287656	0.534595937556121	0.676753830164572	6
IFT81	0.183497666785434	0.241388409394334	0.385793544543178	6
TMED1	-0.0270094368945255	0.873335297710788	0.924018368601166	6
ITGAE	-0.0882929576092683	0.566315615713176	0.703777610426033	6
PPP1R12B	0.697898669522585	3.83179737108301e-05	0.000251435437664834	6
ZNF212	-0.349067999150938	0.0189362464400565	0.0530674498382932	6
CERS6	0.827915217521756	4.36847122846354e-07	4.37278986922172e-06	6
EXOSC4	-0.391077810593813	0.0289588939070588	0.0748450658744581	6
CD27-AS1	0.242837583049549	0.104418855280085	0.206066775420053	6
C3orf18	0.43273725931453	0.00502012539872633	0.0173848751969047	6
HECTD2	0.441212365932067	0.0068249354801409	0.0226288729786133	6
PLEKHG3	-0.354348915712182	0.0207597767838235	0.0571317043289712	6
KAT14	-0.116056336318289	0.455927476299566	0.607610951759764	6
NAALADL2	0.71769520679376	7.29276770339155e-06	5.6137252210376e-05	6
RSPH3	0.763608761224588	8.82381598562353e-07	8.23743899423847e-06	6
ERI2	-0.350398222985005	0.0199046600898578	0.0552170791913168	6
ULBP1	0.714629387604369	6.25506035724275e-06	4.86328171780191e-05	6
SYTL2	0.190641518266553	0.266068095022913	0.414418924954042	6
MITD1	0.173123260785438	0.246390598029064	0.391837554893871	6
JADE3	0.442231294286528	0.00657378096072332	0.0219120483124844	6
ATG4A	-0.0327537527413491	0.830933169636624	0.896989267380295	6
POLR3GL	0.13474581611609	0.363381197986324	0.51882986173132	6
CTU1	0.0647855954373802	0.670297024897965	0.783441639027874	6
GORAB	-0.105309472371986	0.496305674480495	0.644330958988733	6
B3GALNT1	-0.0552625393868724	0.72667586578958	0.825799397512582	6
LACC1	0.817317000156888	1.13707168204965e-07	1.27272742779078e-06	6
HS3ST3B1	-0.281823731802231	0.0675734108530376	0.147538184487521	6
MARCHF3	-0.152122107482364	0.373049054433052	0.528857803285112	6
ZNF268	-0.291518395287562	0.0830150570816186	0.172436041717744	6
CHCHD5	0.143908963319587	0.395436757636235	0.55215169627302	6
SCD5	0.266297575657184	0.0777867365479714	0.164562329344415	6
RPSAP15	-0.245116599496435	0.191583327882199	0.326110351081519	6
LINC00641	-0.821516952412546	5.63400448439339e-06	4.43317265210869e-05	6
WDR35	0.0320954317704967	0.853360270848552	0.910642987043331	6
TRIM68	0.0586847293154318	0.702635590017386	0.806768341887548	6
NALCN	1.44032658106667	3.14252456128474e-15	1.08569687139609e-13	6
DUS3L	-0.919773050319338	4.88888616705622e-09	7.0716932546111e-08	6
MIS18A	-0.279227875138694	0.0810122020177219	0.169479277679478	6
SNAPC5	-0.242286641026653	0.108887861255123	0.213002068316418	6
ATPAF2	-0.162861093128123	0.301153497877572	0.454753182581448	6
TET1	0.820135802061435	2.85662095898841e-07	2.96543388668489e-06	6
IFT80	0.173708949590015	0.252680748653318	0.398932466912122	6
ZBTB37	0.535333416317142	0.00389172909959411	0.0140645079604923	6
GATA2	-1.34600616216901	7.46854135359831e-17	3.05305620613089e-15	6
SLC43A1	0.0838653667566309	0.591646923468846	0.723643231148524	6
GINS4	-0.603871292580883	8.73014962729269e-05	0.000523053980628373	6
YEATS4	-0.0401763317365753	0.81457751349574	0.886725422605394	6
AFG2B	0.0932986991945892	0.606672257890217	0.735731244758515	6
ZCCHC4	-0.125289478757621	0.432236898599006	0.586131799533222	6
ELAPOR2	1.21594953917492	1.7455919770767e-11	3.65879413921347e-10	6
KCND2	-0.10003362969157	0.512426856727437	0.657863524344412	6
TBC1D10A	0.0082421367774806	0.958124820739961	0.975414845587862	6
PSEN2	-0.350271923852468	0.0419553994776352	0.101016814216958	6
CDK5	0.0269624551459281	0.877066124314498	0.926374561877019	6
SLC7A8	0.607302235389242	6.71969989271983e-05	0.000414680776783268	6
ISY1	-0.464218374207812	0.00268289234722537	0.0102036729172284	6
MARCHF9	0.337858181025886	0.0281100971186846	0.0731974695100387	6
MAST3	0.0924174030193869	0.64700844534286	0.766537798670814	6
FRG1	-0.092737390533091	0.54970594002986	0.689844531281633	6
ZNF45	-0.107057887288119	0.473792916704172	0.623903177528713	6
BMAL1	0.147549520175047	0.333806664518927	0.488808223947339	6
SLC9A5	0.0272822947847657	0.858978871949948	0.914119079268912	6
MBP	0.25405961244179	0.113534129325829	0.219869022262158	6
PAXIP1	-0.140758118167358	0.346456702112737	0.501971334057233	6
RSRC1	-0.0696750833668111	0.649904704078411	0.768747652945559	6
ZNF346	-0.00200253264687486	0.9899572606533	0.993095241400476	6
TRMT11	0.065556639280779	0.671912062120606	0.784771825527377	6
AGPAT4	0.346116290874344	0.0571958383157079	0.129137018824985	6
ZNF277	0.682458704015031	4.33664236530662e-05	0.000280231828446397	6
DNAJC18	0.916752724149259	2.07995789741457e-08	2.69208316653569e-07	6
INTS9	-0.565461479503792	0.000464711897544989	0.00226304206710496	6
RDH10	0.87709171621011	6.23442715160923e-08	7.27515643587166e-07	6
FAM76B	0.108690680008508	0.475660105950426	0.625423431687689	6
POLM	0.0824485427280732	0.597984897663811	0.7284936710507	6
SNAP23	0.55115470349763	0.000678539063974855	0.00312512585692828	6
CENPA	-0.780026492497205	2.13125732410038e-06	1.83718010197337e-05	6
ABITRAM	0.321782307320432	0.04589097100481	0.10870305044742	6
ZNHIT3	-0.137178234721997	0.419558688987961	0.574699257281321	6
ZNF584	-0.149943153291758	0.335572414883576	0.490492255107596	6
SNHG15	-0.519209804370838	0.00079515125560361	0.0035807649598051	6
DCUN1D2	0.0229360036880213	0.878779005694652	0.927398974370988	6
PRPSAP2	-0.454926483855189	0.00235869090469962	0.00913428901987674	6
POLR3F	-0.284860797965919	0.0665859593051166	0.145908270739679	6
TBCCD1	0.289730873114549	0.0530964435484631	0.121739851320052	6
FBXL14	-0.264849915290429	0.0977390943634994	0.195820349940144	6
PCCA	0.595544702841915	0.00060375541309846	0.00282618510050321	6
TTN	0.335489211751761	0.056682978889994	0.128331278143961	6
HS3ST3A1	-0.37313144499773	0.0147964749452535	0.0433198397918976	6
TYW5	-0.0329612822717262	0.830808795037051	0.896989267380295	6
BNIP1	-0.139272292705387	0.395882331739331	0.552656605439051	6
FBXL15	0.0681301486250339	0.6897356224784	0.797409611034067	6
RXYLT1	-0.0959662018500313	0.525866073693218	0.66889547063411	6
ARID5A	0.0155173183096426	0.918786754027434	0.951066461530871	6
ZNF714	-0.00819612287197957	0.959076676399109	0.975604813867192	6
ALG6	0.2574995278837	0.10335082353097	0.20438140849455	6
DNAH1	0.262265995959544	0.202067627256772	0.339218999819014	6
ZNF143	-0.0433412563932979	0.816413359700406	0.888062891805342	6
ABHD17B	0.104170589673375	0.50398846348839	0.650774979880095	6
SRGAP2B	0.188077575157629	0.2843481336411	0.435684880671924	6
DDX59	0.0347748622923414	0.824310838832879	0.893502939849015	6
KIAA1586	0.193070234832842	0.240715298300866	0.385143279027624	6
FCSK	0.236590760147793	0.153011645261572	0.27601648438784	6
OXLD1	0.0776183453895312	0.635718796747564	0.7584980879077	6
YJU2	-0.306189017690265	0.0441989286755651	0.10530472921061	6
TEF	-0.262420283651279	0.0996535216802969	0.198737682254084	6
KIN	-0.239636475624984	0.113189570436896	0.219302837292537	6
ZNF778	-0.15402943192582	0.369281299204201	0.524873095931854	6
CCDC28B	0.124842816156244	0.483154250336735	0.632245690146381	6
POU2F1	0.121275060415345	0.480885426482659	0.630153794802513	6
POLR3G	-0.337445051668659	0.0403075016965387	0.0978726516936984	6
DDIT3	-0.356476007025546	0.0248470982497661	0.0660732028811456	6
ZNF70	0.142555928410814	0.432277757144589	0.586131799533222	6
CTF1	0.202549408604091	0.180573706428433	0.312255872007023	6
R3HCC1L	-0.6653977157643	1.51011577463366e-05	0.000108266089006007	6
SLC25A29	0.554349505952705	0.00118695945226994	0.00506941832259221	6
BCL9	0.251841888285523	0.151861055909525	0.274505229186635	6
FAM98C	-0.0789409179129807	0.675806679420041	0.787573556547676	6
PIGF	0.101199514344223	0.52169630432389	0.665686723226309	6
BBS10	0.342278106823322	0.0298022146509902	0.0766184670802703	6
FES	0.190298326894142	0.225530036859605	0.3679082755215	6
ZC3H6	0.703723524861893	8.20400486447231e-06	6.19560046076013e-05	6
LYPD6	0.2555423774494	0.111972570418767	0.21748486711262	6
KLHL15	-0.0246680029338335	0.872311941415063	0.923529484826388	6
CAAP1	0.207801595371569	0.172948186602208	0.302619356872549	6
ZNF195	-0.338472217360395	0.0292058699054941	0.0753354625839739	6
NMNAT1	0.0653906017085588	0.666109036351691	0.780278832917799	6
N4BP2	0.130207954054589	0.41439918735872	0.570218002929703	6
NEU3	0.415136975832817	0.00683088011090702	0.0226428796020824	6
TWNK	-0.848161867729087	7.92771997672117e-08	9.08994582348265e-07	6
LOC102724594	-0.105831241634202	0.927003520229475	0.956409503567927	6
LSM6	-0.341393025459191	0.0311662132562059	0.0795143482753473	6
CCDC106	0.209506368275748	0.19486797569881	0.329994489144917	6
TRIT1	-0.208559493256553	0.19087451362505	0.325156104936784	6
TMEM106A	-0.413314139587956	0.0171251304346441	0.0487917947859784	6
THAP3	0.233106169211858	0.158025771249841	0.282734658778998	6
PRDM15	-0.34600635132949	0.0843323263260906	0.174679891032274	6
TOMM40L	-0.197256508722194	0.239390436485583	0.383811975086447	6
ATP6V0E2	-0.605391116934466	0.000417961044644757	0.00206362386746396	6
ZRSR2	-0.298158229989774	0.0629026966239762	0.139391952131549	6
PCGF6	-0.181948987748513	0.307329062505192	0.461221348735132	6
UBE2F	-0.235261274401061	0.126529106705287	0.23850818152108	6
BHLHE41	-0.188102794606844	0.243881884611718	0.388834453384696	6
ZNF581	-0.0446735466781868	0.796640270216606	0.874285132304585	6
COA6	-0.528024183226576	0.0032617860183574	0.0120977428457702	6
RFC5	-0.157180880892978	0.35846925729172	0.514225243431878	6
DPF3	-0.405432732577259	0.0102368214659499	0.0317725255732843	6
ATG4D	-0.352509673972847	0.0249401298941196	0.0662938065016753	6
ATAD2B	0.422530803782596	0.00612172672974956	0.0206193165157864	6
ACCS	-0.169082692745467	0.3400197434984	0.495481001181163	6
CD163L1	-0.878541841611332	1.56627472636218e-08	2.0658190604314e-07	6
TDRD3	0.244544059266152	0.140198759387722	0.257910148980071	6
LINC01128	-0.381944000377635	0.0235937135134988	0.0633200667817084	6
ZNF394	-0.191064190131587	0.224870624095994	0.36719662882714	6
SAP30	-0.169768915644912	0.282244852968925	0.433293211355394	6
CASD1	0.282591070562803	0.0757158629815412	0.161191639079092	6
PARPBP	-0.551066241760281	0.000384786577759794	0.00192126266009402	6
ZBTB14	0.184329141968602	0.236796261711225	0.381324833974169	6
SNUPN	0.0290333144758725	0.8515214614475	0.910079726983277	6
OSBPL7	0.0740235202237055	0.673668087463959	0.786264677716624	6
PARD6G	0.511446785330339	0.00115563704519754	0.00494927905077432	6
CHST7	-0.249823592195426	0.146763648635236	0.267384070171019	6
COQ7	0.182129931499202	0.311648409751505	0.465950479050324	6
PFDN4	0.00736214011066715	0.963812847059624	0.978079446908166	6
CENATAC	-0.749766261334078	4.51029532071032e-05	0.00029030305403741	6
ZNF480	-0.326344380768689	0.0376933861342026	0.0927745029327802	6
PALS2	0.122902740832488	0.419347459406986	0.574588078551187	6
SINHCAF	0.406989324758858	0.00927070471667006	0.0292008342152496	6
ZNF266	-0.22252745752993	0.158779475069305	0.283815077449383	6
ARV1	-0.0939031756822084	0.564017447586331	0.701451404249704	6
AASDH	0.622567338957428	6.86826631919916e-05	0.00042266007274249	6
CACHD1	-0.069920328286897	0.668627825692469	0.782008050562918	6
PSMD9	-0.372905777030226	0.0155834538784292	0.0451717690820886	6
DKK2	2.28042914788954	4.27402373071587e-28	4.50071794939304e-26	6
APBB3	0.0130804116332721	0.935528217690293	0.961533374674579	6
ZNF71	-0.0258603535619953	0.872930275974867	0.923751686625504	6
MTM1	0.198347466014351	0.224339225465115	0.366692813212133	6
TATDN1	-0.13959456843363	0.402154173610153	0.558484811171488	6
LGR5	0.858063931380134	1.14529864415261e-07	1.27975942724795e-06	6
SEC22A	-0.00959729864171822	0.952557459064946	0.972414143553276	6
BIN3	-0.247035856603776	0.137357682046169	0.254045126988017	6
CHEK2	-0.47860122768702	0.00315334929215022	0.0117451999809206	6
FIGNL1	-0.269600464832563	0.0820155872222413	0.170995054175592	6
NUDT18	0.597331272827295	0.000716677829469453	0.0032780928750986	6
NDUFA9	-0.389913548530407	0.0152456613514373	0.0443881089070934	6
SHMT1	-0.420131003101095	0.0101005412482982	0.031431069610248	6
CAVIN2	0.0819189275987731	0.623400827136433	0.748980018948235	6
SRXN1	0.0822286015335354	0.629504596566471	0.75312498937073	6
BAMBI	0.077312697183398	0.61389330359792	0.741349508458897	6
ZBTB39	-0.118958127875118	0.448833961469838	0.600772974865515	6
ARHGEF18	-0.227597761353438	0.143492837158043	0.262770758974863	6
VPS33A	0.0802048557340364	0.603207914878922	0.733015674256947	6
GPATCH3	-0.287546388108835	0.0804042842648463	0.168421641275966	6
NOCT	-0.675196811979804	2.81347296111542e-05	0.000190797241561887	6
COMMD6	0.0354406512532725	0.925447429873778	0.955165954814125	6
MBTD1	0.241104949142274	0.134304723059318	0.249802609810626	6
RCHY1	0.0657517710397992	0.67323806682848	0.785971855757276	6
TMEM223	-0.0150818909501066	0.923220468055865	0.953625227146648	6
OLR1	1.99014950241873	4.184657424741e-30	4.74850393809188e-28	6
RPS3AP6	0.20957264137434	0.199855405163814	0.336474937884846	6
PXMP4	0.336466170772007	0.0320222262740042	0.0812938407800806	6
BEND6	0.542856576613228	0.00107885719416171	0.00466677530290849	6
ZNF862	0.247665555461617	0.117356967877575	0.225119464904185	6
SPC25	-1.0676873760123	2.90469625545324e-11	5.86418969486672e-10	6
RPS18P5	0.0220436855640741	0.908850117396437	0.945829961740987	6
RMI2	-0.417556290879621	0.0137988440313532	0.040807500333566	6
GPATCH1	-0.262369433266301	0.101812086020459	0.201951851761196	6
ZNF329	0.166089462837994	0.295544874731832	0.448186311762109	6
NFKBIE	-0.297593568949439	0.0805042467603296	0.168523759558877	6
ORAI3	0.316760393631223	0.051630545435643	0.119306246483638	6
CBY1	0.329748141884801	0.0591342358132501	0.132603738672881	6
PFKFB4	0.0831799106533375	0.612478721772019	0.740564943654191	6
LYRM7	0.34545391137472	0.0373420782274408	0.0920475235407871	6
BTN3A3	0.30452486034991	0.084492303820363	0.174881480237342	6
EIF4A1	-0.593691196643139	0.00362818736525325	0.0132586980257714	6
EIF3CL	0.000139709903788129	0.99981487338972	0.999890835619882	6
IFI44L	0.165126234542612	0.29069857801929	0.442680841917316	6
CHST10	-0.378202610246493	0.0257526699097036	0.0681645674686161	6
NTAQ1	0.098974664991889	0.533102868984274	0.675643468557674	6
SEC61A2	-0.329362241787873	0.0523930282653019	0.120589609310442	6
MANEAL	0.066633802175953	0.67757056067899	0.789216910717278	6
TEDC1	-0.714327995453021	2.5736272358759e-05	0.000175617705058758	6
CAMK4	-0.553749108933558	0.000726891054972509	0.0033153385158015	6
PRKG1	0.99913461179467	8.00838419117193e-10	1.3094951690484e-08	6
PNPO	-0.28003131811089	0.0844403135446849	0.174817214090703	6
TEX30	-0.2848626037373	0.0662946253639431	0.145487854895896	6
EMC9	-0.154137509576414	0.334101134281712	0.489072966784769	6
ZNF585B	0.0768041257191947	0.624158960008966	0.749299983737866	6
PCLAF	-1.14479314330089	1.39822820385412e-12	3.45307276685399e-11	6
ZNF276	-0.0598641480179398	0.734052187963546	0.830494126628995	6
GALT	0.0183247073202871	0.910606441617714	0.946561840876094	6
SRRD	-0.13624310823775	0.390665899325336	0.546824248492067	6
HEMK2	0.56398157335137	0.000294386505840328	0.00151308456711294	6
BMP4	-0.601545382515969	0.000368271324128091	0.001844579695395	6
HSD17B14	0.229048816669493	0.194818590195949	0.329953307095893	6
SLC25A33	-0.0398835360149017	0.809184407748101	0.882825889696498	6
TTC33	0.519125305424128	0.00651516650189733	0.021738691169702	6
SLC38A9	0.521388504509454	0.00166879614780236	0.00680494538213211	6
ZUP1	0.0262128623628835	0.876891028101341	0.926374561877019	6
FAM133B	-0.247745644928865	0.177865874024398	0.308887878454114	6
NEO1	0.695594420950325	5.70469548780723e-05	0.000359458624729567	6
NTHL1	-0.152516036159493	0.372951281520676	0.528833105532335	6
ATPSCKMT	-0.0204929256245825	0.894230392552341	0.936426248351886	6
ZBTB48	-0.258415174105878	0.118283554541309	0.226401981740184	6
SLC19A2	0.57764118778742	0.000362568637199426	0.00181947806765385	6
WDR54	-0.0602594322826889	0.709087636140664	0.811228842188174	6
UPF3B	-0.402787466074041	0.0124057645177243	0.0373335798689541	6
PVT1	-0.911980539845863	2.51381712700373e-08	3.17861429805476e-07	6
CARD16	-0.329005731833381	0.0451987437812438	0.107298944661305	6
PRDM1	-0.558564493669333	0.000565118491692888	0.00267577507415593	6
RAD54L	-0.928660642932382	3.85503164654025e-09	5.68239435200552e-08	6
SETD4	0.176412416328615	0.258925367675978	0.406257366608896	6
NME7	-0.064649910512486	0.699939078470118	0.804514328493029	6
OSBPL6	0.251051320973958	0.109719429102842	0.214246108578158	6
ZNF558	0.400771629888735	0.0108778293697254	0.0334231718005824	6
POC1B	0.109516782540668	0.495866696928922	0.643951591522829	6
STXBP6	-0.386309078642396	0.0125459817289366	0.0377038259127837	6
CCDC167	-0.0813040835112044	0.630755061922318	0.754372967479872	6
ADCK5	-0.194030010908746	0.230743667944614	0.373910981306778	6
SRR	0.0584367946106906	0.713225860329229	0.814240416263108	6
TENT5B	0.000111923629085465	0.999468673290955	0.999721141014789	6
ARSI	0.231180592129106	0.150455653485457	0.272584461013173	6
LINC02762	0.0214432356337177	0.900190184299238	0.9396214368368	6
PRMT9	0.106162697882959	0.526681441944644	0.669566286647448	6
SUV39H2	-0.57209249848982	0.000386645766646665	0.00192707997969332	6
FANCM	-0.71965176804418	4.98151306272449e-06	3.97163273438173e-05	6
IGIP	-0.392960184683148	0.0301408869435747	0.0772929076248341	6
LRRC57	-0.154536951868047	0.373829975997664	0.52956564507719	6
TRIM69	-0.109195128130115	0.516422987865763	0.66093104416889	6
HIBCH	0.447686271990475	0.00737368903099001	0.0241290355282809	6
STEAP2	-0.225377690288622	0.204723846321105	0.342368185633935	6
PGAP2	-0.183037099230907	0.251244743326865	0.397444364428738	6
MOK	0.322807768887306	0.0429910818969538	0.102964266923145	6
DNASE1	0.180963340413636	0.291362478414764	0.443324968601727	6
EXOC6	-0.423885785972156	0.0140758126461822	0.0415053588399858	6
STYXL1	0.0159036784263826	0.918226345623028	0.950878246199034	6
COX14	0.584644381061593	0.000566044741864222	0.00267823398172493	6
APC2	0.222905111397197	0.207221594757907	0.345404311991684	6
RNASET2	0.65750074716741	4.18752459427253e-05	0.000272026652769418	6
MIR137HG	-0.79508141449969	2.11306211730247e-06	1.82627949113936e-05	6
SLC25A26	-0.379012134498508	0.0145878571365869	0.0427756657359977	6
TFB1M	-0.157718063870158	0.367822733647595	0.523421691135491	6
POLD4	0.515463528641795	0.00228680667667506	0.00889253656870717	6
PRDM10	-0.144377617052756	0.406325146246874	0.562395371523751	6
NDUFAF4	-0.143102277172967	0.376687690951336	0.532467791665854	6
TMEM218	-0.0935570044174215	0.555374825802609	0.694193725176205	6
ST3GAL6	0.130874833566873	0.413396007165802	0.569376545183997	6
HOMER1	0.816701876527575	2.63912702539205e-06	2.23832661309508e-05	6
ISOC1	0.138178454254078	0.440826041642469	0.593980262681934	6
TMBIM4	-0.053523718486813	0.732376942871797	0.829538915687312	6
TGDS	0.0225256820214211	0.88691619602681	0.93219795746585	6
HAUS8	-0.830779357525391	1.50660601436942e-07	1.64439925100702e-06	6
MOB3C	0.131716939842657	0.39813526369191	0.554625301722575	6
ARRDC1-AS1	-0.139386261165394	0.393502099582895	0.550033783244095	6
METTL23	0.340149941875794	0.0338304375422876	0.0848856365553053	6
CIDECP1	0.0729562010441403	0.643959479963548	0.764400634390854	6
ZBTB24	-0.0503756515505632	0.756929940350863	0.84536473823506	6
ZNF202	-0.334743850724982	0.0477308351642947	0.112152978091327	6
ATAD5	-0.695487977890002	7.27074270576611e-05	0.000444931595704321	6
TSEN54	-0.0753244958367805	0.66645459778806	0.780336405504735	6
BHMT2	-0.096000056474008	0.560736811949467	0.698689491804021	6
NINJ1	0.20607939610263	0.239238076136684	0.383811975086447	6
ZNF766	0.370162888848825	0.0206256941324168	0.0568578035319376	6
CCDC18	-0.6750737973324	0.000151640957319937	0.000854473425172228	6
MTURN	0.42558039255684	0.0106975913681035	0.0329771417279499	6
LOC389906	0.0172862571629937	0.918719119620312	0.951066461530871	6
SAAL1	-0.401427695161076	0.0130852759781445	0.0390747476634111	6
NFKBIL1	0.156292282346673	0.368476104402643	0.524042244832826	6
AFG2A	-0.252535341558857	0.118067335582314	0.226086752730579	6
ZKSCAN2	0.119507166991608	0.453235492340031	0.605003426191241	6
ZNF91	0.45320410525413	0.00667998854576654	0.0221952824763277	6
ZNF500	0.156081163691841	0.341079409029896	0.496365755783363	6
NKIRAS1	-0.262523356081142	0.0999759833525576	0.199181083840069	6
COQ2	-0.564685595770206	0.000595969817510642	0.00279386343569403	6
IKZF2	1.06382976221892	1.9166540887418e-10	3.40471224967724e-09	6
SEMA3B	0.743539616831031	9.26731573252257e-06	6.92313717293953e-05	6
RPA3	-0.440155920883015	0.0150979089564902	0.0440651387127008	6
IFT43	0.217266236940253	0.192259849722346	0.327008192517798	6
FARS2	-0.229766263458299	0.195425194272291	0.330725357702001	6
CSNK2B	-0.637684124169039	0.000509845427938299	0.00244306347577424	6
KLHL28	0.641167490395872	0.000199188335473928	0.001080230139901	6
TUBE1	1.30264454776404	6.65822962118253e-15	2.2229512818028e-13	6
DNAJC30	-0.292048159799166	0.0874380814765403	0.179583003038805	6
CRYL1	0.133602125615529	0.40719111786205	0.563187631020086	6
REC8	-0.841745954192124	0.000152165777242242	0.000857063810800012	6
ZFPM1	0.109181590097661	0.499206955690154	0.647188067458361	6
SPP1	-1.33868337684344	4.2952490215125e-14	1.3057358630524e-12	6
BRF2	-0.00313828426282596	0.985056020465501	0.99092796311711	6
LINC00294	0.0031545909904725	0.986972543774007	0.992068319327131	6
ZBTB25	0.274146923227562	0.120359031050355	0.229473627710866	6
ZFAND2A	-0.144036240734756	0.390986851652886	0.547157126122362	6
PLPP7	0.451208921276527	0.00701297809259332	0.0231300001585582	6
LRRC20	0.25983469474292	0.132325711339237	0.247204561220321	6
PLEKHG5	0.884345089313122	2.38115526047655e-07	2.51019953584981e-06	6
PIN4	-0.0535918413254339	0.747024658050977	0.838928894627166	6
ISYNA1	0.378974044203691	0.0296265469818606	0.0762412977365066	6
FABP4	-0.445720354980092	0.00438393679735156	0.0155248211093728	6
HINFP	-0.224287028944809	0.160936536731816	0.286503601974696	6
KRABD4	-0.221012671684048	0.157115072126136	0.281528136999228	6
PDE7A	-0.104275679179048	0.581728811570311	0.715574593388447	6
RIDA	0.0139223276335751	0.932418674368904	0.959311162319672	6
CWF19L2	0.0891692664518513	0.571530736467324	0.707772195272033	6
DNAL1	0.464874572658107	0.00436793307325955	0.015472678383115	6
NUTM2A-AS1	0.185451766591017	0.259572816835259	0.406900533462169	6
SPSB2	0.0553413994412036	0.738409213185839	0.833448848667913	6
PCGF1	-0.428982396775667	0.00969582985674723	0.0303338505995114	6
CUTC	0.282673815187741	0.0937209419665689	0.18926799004387	6
ACVRL1	0.79944712054053	1.61558313100407e-06	1.43785806311065e-05	6
USE1	0.0600672171864492	0.774868748400029	0.85813998371711	6
BCL3	0.393734140929244	0.0178788872588453	0.0505780771519838	6
ORC1	-1.38271463556168	5.12877665237345e-16	1.9343864491459e-14	6
SMIM10	-0.428112636441217	0.0099064625680471	0.0308971142637727	6
DNAJC24	0.723915629288593	2.02682100089764e-05	0.000141834369137776	6
OBI1	-0.120024418695591	0.457261048267337	0.608833418808715	6
PMF1	-0.401543143223343	0.0132041755152096	0.0393316502164977	6
GLRB	0.0277085898319655	0.860545112006072	0.915193933048068	6
NMI	0.0296362871413574	0.853229159544317	0.910578618240197	6
ZNF830	-0.211464363247588	0.226694161470813	0.369167119160638	6
CENPL	-0.519845328712397	0.0017259094898507	0.00700528726947416	6
RBM45	0.0178050470272662	0.915167712433519	0.949353975787092	6
CNTN5	0.210485105186024	0.213262238349534	0.352748283914919	6
C16orf74	-0.538047874491082	0.000644626724490382	0.0029856515040348	6
CBR4	0.348789115393581	0.0624263119805401	0.138529700112	6
OSR2	-0.00597613236309261	0.97148325367498	0.982983631956627	6
FRRS1	0.596921192103946	0.0002328273859515	0.00123626739866059	6
TRPV4	0.119968913530084	0.493836524146645	0.642066266477664	6
HAUS4	-0.137906924696564	0.391165249931193	0.547348589863324	6
CACNB1	0.352880964306317	0.0317088939071325	0.0806227874250694	6
SLC25A42	0.173066780469708	0.280029537524676	0.430812155497581	6
CCDC136	-0.0791385831674068	0.662716240481	0.778188787162106	6
ILK	-0.221499989325697	0.169671995012216	0.298468128384453	6
ZNF28	0.436453144936253	0.00957687160220011	0.03006447910798	6
CFAP410	-0.0668045277869065	0.683768829304498	0.793462835279915	6
KLHL26	-0.297174703250746	0.0689852766413826	0.149967497346081	6
ZNF432	-0.33319559840682	0.0665497337323972	0.145860476708225	6
SLC27A3	0.226575370034113	0.179542898980371	0.311004497865327	6
SLC22A5	0.0971431844962685	0.581569506292145	0.715506067045846	6
KCNAB2	0.451957762049037	0.00961624999102394	0.0301656633850092	6
ZMYM6	0.453468604868322	0.00631070131327308	0.0211691542779341	6
KANSL1L	0.551715993127305	0.000947311191090671	0.00417178227110288	6
RNF113A	-0.316370321577863	0.062280791902328	0.138328255946883	6
TMTC4	0.31438868205757	0.0584930535045814	0.13127776015018	6
ZNF226	0.152282573086985	0.379241613644529	0.535158379116953	6
PDE4D	-0.636384412927441	0.000275831831962549	0.00142719119658924	6
ZNF322	0.530917752704835	0.0012601984147685	0.00535787846692436	6
ABRACL	-0.356122941409867	0.0322648947223474	0.0817207637541388	6
CD82	1.07069504429569	8.03267591020332e-11	1.52135414397131e-09	6
MOCS3	-0.0764009125955848	0.637063853157188	0.758954968370241	6
MRPL20-AS1	-0.102313627787264	0.522801760715141	0.666760931721093	6
APBB1IP	-0.601489245884474	0.000242175128915218	0.00127663244770165	6
U2AF1	-0.136651443970405	0.885102767329422	0.931239195490334	6
GPR157	-0.195869580998951	0.258764331222895	0.406069968036119	6
FBXL6	-0.736893236129553	7.23428183093334e-06	5.5752255117433e-05	6
MCRIP2	0.276259946354453	0.103410305403667	0.204444255035817	6
MRPS31	-0.373506255015258	0.0192890632780052	0.053815587098004	6
CCDC102A	0.536743150111609	0.00291426827083735	0.0109664131643888	6
TCAIM	0.310017512876008	0.0610450833364715	0.136146464242286	6
RNF44	0.0908158171008199	0.647113337134376	0.766537798670814	6
DUSP23	0.242589874510879	0.162178983021721	0.288442366371424	6
TTI2	-0.198349099898542	0.227158110011235	0.369693645162944	6
CSPP1	-0.123471909408146	0.48036973721673	0.629769139662199	6
BBIP1	0.327619020340309	0.0561949172490037	0.12753339581873	6
FIRRM	-0.779830413308383	1.46928563403936e-06	1.320150634871e-05	6
USP37	-0.176363359097018	0.290606579686803	0.442635316873107	6
ENDOG	-0.235948108058351	0.230906793817724	0.374129262312001	6
GPR89B	-0.0590014036869294	0.866047761436202	0.918670858553044	6
TRMT61B	0.116565481225813	0.489537826579773	0.638622761437485	6
GGCT	-0.150150725617462	0.35624200305675	0.512050010333558	6
NDUFB1	0.122428100419848	0.478317753066718	0.627672071939195	6
SLC4A8	-0.0801422702610696	0.670553473280068	0.783532655906395	6
TRMT13	0.15188439455649	0.394364246104601	0.550946356556449	6
TMEM141	0.0634772696739456	0.707796171403929	0.810361051073317	6
FBXO46	-0.0316178196230915	0.858871723906339	0.914078953895467	6
COA5	0.191232515437708	0.248697799407636	0.394311771824092	6
ZNRF3	-0.369077282741563	0.0327224166166642	0.0827204090503458	6
TXNRD3	0.627847251425669	0.000193982966901184	0.00105730757487383	6
PKN3	-1.07626677268444	2.34336477852799e-10	4.12375809889891e-09	6
FANCL	-0.272392440552197	0.116482201222361	0.223898249808694	6
ERMP1	0.725896431103437	3.62860203953142e-05	0.000240137197819769	6
ZMYM5	0.0945833252349351	0.562898558394848	0.700523184660243	6
FAM110A	-0.790232335159763	3.71166615439416e-06	3.05736305320965e-05	6
SDHAF2	-0.574854930108417	0.000472150139538327	0.0022924796336197	6
SLC38A6	-0.170577339472136	0.296488880545457	0.44935902528726	6
CLN8-AS1	0.394959195839986	0.022484755623177	0.0608734755795721	6
ZNF215	0.460389048470869	0.00468582336766686	0.0163953995185005	6
TMEM254	0.587118927830252	0.000993694867344023	0.00435274726750395	6
PLCE1-AS1	0.24813124348216	0.182951507912091	0.315128773867272	6
SLC35E4	-0.388011780341188	0.0372259707843406	0.0918645394514952	6
METAP1D	0.113371695237782	0.518213326422821	0.662504855218087	6
GMPR	-0.262863160216401	0.121863135677187	0.231512788769611	6
DENND11	0.214812958167059	0.22097979472431	0.362823629531756	6
ADAMTS4	0.375221841153254	0.0251045734299312	0.0666770581231204	6
PRR15	1.61575969102954	8.89166149432411e-19	4.30297574447751e-17	6
SYT15B	1.43151053601685	4.6865851842384e-16	1.7777959879e-14	6
PACC1	-0.0916920204347188	0.612835617638377	0.740601749587286	6
DAAM1	0.807870591099607	9.44885697612412e-07	8.75820575826776e-06	6
FAM171A2	0.478351861575195	0.00579170035287564	0.0196535580677757	6
ZNF468	0.359184616901393	0.0255677521769134	0.067756859654663	6
METTL6	0.1395006224833	0.389853975453647	0.546384995623548	6
DGKZP1	-0.360660682386874	0.033030233032726	0.0832427641986929	6
BLM	-0.795672277972647	3.17062067529419e-06	2.64479594099476e-05	6
LYPLAL1	-0.00708518913664433	0.964724512973776	0.978627370859573	6
TAMM41	-0.481884916353978	0.0035190569458893	0.0129062209730587	6
TBX18	0.153879944091112	0.336313803758743	0.491412744308021	6
SHB	-0.170157512370787	0.301778302036276	0.455435426473688	6
IFT74	0.241163408914025	0.149208631541041	0.270975885344195	6
SPATA2L	-0.191956346904602	0.269749370408007	0.418635545922697	6
SLC25A15	0.425161530711145	0.00931118367519787	0.0293002894373965	6
RAB40B	0.532089659820887	0.00103600775810151	0.0045065995108692	6
FAM76A	0.309224488172095	0.0728724771116195	0.156377635510311	6
KAZALD1	0.362548854091736	0.02671552113373	0.0702329547999377	6
ZNF205	-0.397064539266332	0.0279022970193933	0.0728292555356481	6
SRD5A3	0.0457024440299174	0.778956414175125	0.861051669448032	6
BEX4	0.787589936351042	2.72828165533371e-06	2.30947726232525e-05	6
POU6F1	0.274776215081787	0.134882529535275	0.250629409411749	6
PPP1R16A	0.0139035062536124	0.936337014003254	0.961990678336347	6
LRRC32	1.22037643878807	1.3193761180648e-11	2.82389395806293e-10	6
BRMS1L	0.289054610308746	0.0923360497943279	0.18701637535663	6
LRRC37B	-0.389127050031314	0.0199397765243798	0.0552795447326055	6
NT5C	-0.404563334513039	0.0355085046932692	0.0883383948738428	6
TMEM131L	-0.48348888475706	0.00444148278747676	0.0156906167288128	6
ZNF75D	0.319989879699722	0.0712954276427997	0.153720182483566	6
NUDT14	-0.0700268536984564	0.676511025915653	0.788185044620971	6
ZFAT	-0.285161481516131	0.0934299790705881	0.188854240556841	6
ASB13	0.0291146416285052	0.868944250614019	0.920778712834675	6
METTL1	-0.7791371847681	5.57820133348754e-06	4.39412711865329e-05	6
ADGRL3	0.8620413055469	8.95108187178798e-07	8.34551646608965e-06	6
KYAT1	-0.323089974711059	0.0721874584244376	0.15526201229426	6
AGAP9	-0.41756425941565	0.0591772639414107	0.132655028143867	6
USP30	-0.0454875812449594	0.77951586471302	0.861453054085928	6
ATP5ME	0.174799533009934	0.316054608436854	0.470826936493245	6
H2BC12	0.0891183600704756	0.604515929891373	0.734130748700078	6
DNA2	-0.537790482215455	0.00108606335491773	0.00468736215230397	6
CSAD	0.196871904729887	0.286350145484028	0.437925754038139	6
PDRG1	-0.542191997084661	0.00168998805395828	0.00688070298615924	6
SIX5	0.0384546379847235	0.816804668565857	0.8884151257918	6
NDUFAF7	0.175912151150965	0.300068438588533	0.453448892336526	6
RASSF7	0.276205478605077	0.0977141451166122	0.195800166261222	6
ALG11	0.402051099000495	0.0164470270858576	0.0472174956447423	6
ZSCAN26	0.151863757021704	0.360331669004907	0.516025395372639	6
DLX1	-0.56469910095138	0.00109490785975351	0.00472069183030967	6
RCE1	-0.395232998284056	0.0220961818129082	0.0599694930316104	6
DEPP1	0.662923564503196	5.76576317772902e-05	0.000362612234631854	6
CIPC	0.100993006936489	0.551330603502463	0.691462315550508	6
ING2	0.00734161560511158	0.96786980533798	0.980533383180469	6
COX7A1	0.454508206550069	0.00929663821434349	0.0292615133465814	6
ZFP28	0.0836090009205566	0.616209413313289	0.742917098321811	6
MINDY1	0.156953865308637	0.351881471405429	0.507930234467558	6
MPC1	0.161546480984374	0.32339578239746	0.478782890979391	6
PIGL	0.26466487437904	0.122360026779678	0.232346369374048	6
PIR	-0.51718823442903	0.00180563342955028	0.00729289746338457	6
FUNDC1	0.0403151905652054	0.81206390958944	0.884794076808691	6
ZNF529	-0.0909126631028976	0.616826952993065	0.743252762930037	6
GNB1L	-0.672312854131422	0.000105450903795308	0.000620496310530909	6
ANKRD44	0.643778592690206	0.000107827329441469	0.000632218769460157	6
ALKBH8	-0.0295869027438274	0.86034673770054	0.915056893047205	6
GSDMB	0.290956393083218	0.126771960251956	0.23876081167499	6
PRX	0.271184267418391	0.100282219261543	0.199518568944934	6
CARD10	-0.342694327531877	0.0543624381815314	0.124305240788649	6
PPOX	-0.206262116081086	0.245229974915304	0.390369108696354	6
FAM131B-AS2	-0.292346469010077	0.130156452204655	0.243878915355142	6
KBTBD7	0.692556368904279	8.09456724183593e-05	0.000489920490836856	6
CEP70	-0.0379880802588721	0.838615249686676	0.901846164654009	6
PPIH	-0.894063943587274	4.53125411080371e-07	4.50490165109586e-06	6
SAYSD1	0.340931077583163	0.053847904720442	0.123333908097299	6
PITPNM2	-0.381191149683736	0.0336486891747406	0.0845234683008348	6
SMIM26	0.136212688091364	0.444862058538801	0.597217672263767	6
MTLN	0.26176993559378	0.121577988401492	0.231194894731124	6
ZNF75A	-0.252767906560586	0.193085887838324	0.327880806854677	6
NDRG4	0.616261763274391	0.000202164907032059	0.0010928528424078	6
LYSMD4	-0.131233296440489	0.437602289943103	0.591088654953419	6
KIZ	0.440547122872174	0.0077277458603004	0.0250727923981105	6
WASH6P	-0.428145118256413	0.0210603287748537	0.0576934667353589	6
FAM216A	-0.507300700054836	0.0136842876942588	0.0405598466380384	6
GPRC5B	1.75278144706043	4.27070860235194e-22	2.7556537908215e-20	6
POMK	0.185922558202816	0.257330678609554	0.404253935139941	6
RAD9A	-1.06232574753039	4.04135466660055e-10	6.88180484818409e-09	6
COA8	-0.161071869882722	0.330008526333977	0.484972896297213	6
ZFP30	0.0867018276612037	0.610097169951564	0.738591837402045	6
RNASEL	0.42634255190858	0.0144104923721239	0.042340471226399	6
RELT	-0.805747287059409	1.01903608112439e-06	9.40643193256686e-06	6
WDSUB1	-0.0705057979365798	0.663496723665446	0.778812856572879	6
DPCD	0.105588731876874	0.543020035773102	0.683957804205166	6
TXNDC16	0.513469501090284	0.00193964183503567	0.00773447606015588	6
NBPF20	-0.411226129850283	0.066501765386496	0.145796591902473	6
SEMA3D	0.449731980120323	0.00969313977419043	0.0303338505995114	6
NKAP	0.202597071191704	0.237312858211035	0.381876424527121	6
PPP1R35	-0.0479349887759413	0.811914212983415	0.884777447263904	6
ZSWIM4	0.691962873094193	5.70263048070796e-05	0.000359458624729567	6
TRIM62	-0.073328651432599	0.680254174627007	0.791215490025209	6
OARD1	-0.121578718602226	0.481945479912563	0.631146139075656	6
ING3	-0.397764760191111	0.0241557219609823	0.064547658987497	6
HMBOX1	0.380202607966564	0.0577619422748952	0.130080486940025	6
PPP1R3D	0.399193511368781	0.0260749466322981	0.0688790934218221	6
COX19	0.140079541457509	0.415924150866735	0.571755881189746	6
LOC100288637	-0.718218769959926	7.61504555322812e-05	0.000464274407675506	6
PROB1	-0.289591541228473	0.0995779602914449	0.198687993226662	6
PER3	0.00989041635506393	0.954173262067426	0.973400189769319	6
TMEM171	-0.300859261196018	0.06572255113776	0.144489014553433	6
TMLHE	0.46921951963032	0.0106637728124418	0.0328882946415585	6
AGTPBP1	-0.0201226688140071	0.903413893329505	0.942061085153788	6
PLD1	0.310138627738518	0.060749676239339	0.135694550880438	6
PIK3R3	-0.0355191682365259	0.844106149449495	0.904949441700904	6
MAIP1	-0.14243119319623	0.40586152339795	0.561880020244763	6
MBLAC2	0.545249136029911	0.00117290538786983	0.00501264727939306	6
LRP11	0.59014416737221	0.000529230243983028	0.00252492124014085	6
ATXN7L1	-0.0664288150543219	0.75028286156322	0.840866181929048	6
NUTM2B-AS1	0.238793740242625	0.149577385262802	0.271495742169644	6
EEF2KMT	-0.385485830101604	0.0201853287565427	0.0558661653537367	6
PTGER4	-0.747300038204909	1.19196774329058e-05	8.71659522496332e-05	6
TOE1	-0.817381549539347	3.01482257532659e-06	2.52765029038369e-05	6
ZNF347	0.133564230134526	0.439491747904968	0.592728471073062	6
PITPNC1	-0.260034565792382	0.127294654343495	0.239471135504276	6
CHCHD6	0.294587776088023	0.078605881871803	0.165842157890454	6
CETN3	0.279895707457642	0.133109636670074	0.248387035368327	6
PRUNE1	0.209724894957509	0.230528174961498	0.373745826705037	6
TPRKB	-0.406441729232278	0.0315877715894397	0.0803769258518837	6
APIP	-0.100518573463992	0.554808346381059	0.693866248305357	6
RPS27AP16	-0.124634180406091	0.455479249766111	0.607346950866058	6
PARP8	0.523206510043871	0.00201842559463977	0.00800016142795642	6
FSAF1	-0.0961006681202157	0.563607154398314	0.701244792901819	6
NBPF11	0.0801324592173299	0.665840570257621	0.780184457756869	6
EIF3FP3	0.38559621163701	0.0279752718724859	0.0729618592545141	6
RBM43	0.337207893833328	0.0680018513787654	0.148245837975934	6
FBXO10	0.0630122997108059	0.71371738279271	0.814660241909508	6
NUFIP1	-0.294588956491445	0.0917176398290682	0.185935514102884	6
ADCK1	-0.0470020305369747	0.774200411984466	0.858070457687208	6
ITGB3BP	-0.187814817084659	0.274711987225749	0.424317517936227	6
GEMIN8	0.0413842695919359	0.80951443671905	0.883066415070335	6
DTX2	-0.534270974428698	0.00400847023943367	0.0143887356863009	6
CCDC107	-0.179522148424153	0.270688677204839	0.41972847897836	6
AFMID	0.145855732356952	0.401433142157673	0.557684902398042	6
RPUSD2	-0.392810912889582	0.0243932014803546	0.0650238378059756	6
OPN3	0.411761821027909	0.0156025528449311	0.0452072205806356	6
PIGB	0.284623096769833	0.0952777504435885	0.191882042394271	6
SLC60A2	0.26706533122281	0.133762783325372	0.249139065801229	6
ERBB3	2.0278273637611	7.73366689452193e-23	5.47302458777378e-21	6
ZNF74	0.167915460891672	0.337336083971754	0.492387987726791	6
BLOC1S5	0.425865998359248	0.0170384848946019	0.0485945708745702	6
MDM1	0.215796594681343	0.21138431166455	0.350643597477322	6
DNMT3B	-0.276770072583002	0.132779820843901	0.247950039989054	6
JMY	0.908540874029202	1.15843868445792e-06	1.05966145959136e-05	6
ACTMAP	0.0554824892195779	0.75283620901833	0.842508333557922	6
ZNF175	0.251485009068487	0.141592504206398	0.259832947168232	6
CYP20A1	0.137627226790538	0.413143077429717	0.569147287096533	6
TRAIP	-1.14429589759832	2.71067245513993e-11	5.48932023492413e-10	6
DNAAF2	0.160906247428567	0.409301004455255	0.565274275694526	6
SRCAP	-0.136771252948506	0.795905038766315	0.873696774687766	6
LACTB2	-0.0697195550709664	0.710619882166776	0.812181080920489	6
ABLIM1	-0.158523690940448	0.391903005177085	0.548147833083197	6
CEP85L	0.0274258511897038	0.87134152837028	0.922650513871611	6
NOD1	0.360994643575212	0.0455036173875581	0.10794091109613	6
MLH3	0.0958037883065999	0.562127130066137	0.699929918103449	6
SCAPER	0.529521209686025	0.0018509293372854	0.00743705215710858	6
NBEAL2	-0.386987634237658	0.0508501409344949	0.117820877507614	6
CCDC66	-0.128502510970983	0.444452485605328	0.596969113554544	6
TNFAIP8	0.154806087003699	0.390417891012711	0.546786332419286	6
TFPT	-0.290538463493853	0.107566302614026	0.21097511482062	6
NEIL3	-0.530051364328304	0.00168268037173233	0.00685519087994821	6
UPRT	0.295574406759659	0.0901225088248697	0.183660513042874	6
TAPBPL	-0.234688846086673	0.190714883107884	0.32497610472152	6
CEP128	-0.523122961812693	0.0020993112377689	0.00826599875044929	6
NKRF	-0.248306883344669	0.140788298205577	0.2587540308964	6
PSMB10	-0.124667459104656	0.472728626400777	0.623125066023776	6
WDR91	-0.0863504241008939	0.611057707294509	0.739468907058286	6
RGS20	-0.199379782133777	0.254446218055145	0.401158889478965	6
RASSF8-AS1	0.538231320518699	0.00184589559598973	0.00742816378172206	6
BCAS4	0.477409702556919	0.00691654941888495	0.0228697769213254	6
ADRA1B	-0.0341344756449031	0.842109031406942	0.903731862676404	6
NEIL2	-0.102097875498951	0.584268348368388	0.717150715178394	6
LPCAT3	0.146933956592661	0.405739722042544	0.56182957724027	6
ARRDC2	0.0080091998583561	0.962874220614034	0.977654533010069	6
FKBP1C	-0.113216859283696	0.527138833618792	0.669890757571361	6
CACNA1H	0.52777037193945	0.0048383409057345	0.0168662821351121	6
MLYCD	-0.0770129056096518	0.650210271976978	0.768977341422548	6
HIRA	-0.109977458586955	0.51270809860479	0.657928092626672	6
COL8A2	1.36145279567263	8.13588183694243e-11	1.53868696292634e-09	6
IKZF4	0.153912632739901	0.440351402919551	0.593583770264214	6
SNRNP35	-0.465471760493137	0.0110274977521207	0.0338277680986169	6
PIGW	-0.716545332734821	0.000103072464683419	0.000608404866649259	6
CCDC112	-0.258100664872088	0.121868275726251	0.231512788769611	6
ZSWIM5	-0.942610797617515	9.71313891661288e-08	1.09934692656385e-06	6
TYW2	-0.209593619934689	0.226951420266441	0.369494316013255	6
CLCF1	-0.869598934680949	2.79320168502169e-07	2.90647539762375e-06	6
PGBD1	-0.118336512482568	0.489677089659541	0.638622761437485	6
USP49	0.44121377540305	0.0277761346170349	0.0725643457784996	6
SLC7A6OS	-0.0110231071850883	0.948041895437559	0.969296800924087	6
LNX2	0.0773065676804203	0.652616976700867	0.770923204192185	6
RGCC	1.49959616260255	1.11090518516638e-15	4.05064957128671e-14	6
RAD51C	-0.17859264968774	0.326083729216291	0.481244061323827	6
SLC25A4	0.231473763994832	0.184209261310068	0.316711926152616	6
ZNF324	-0.286565512720285	0.0836575785468704	0.173606291409815	6
GRK3	0.716669624243388	0.000213047919172224	0.00114323267837912	6
MOCOS	0.360415085221507	0.0314879122388925	0.0801568495655941	6
CFAP251	-0.664321741813675	0.000307603996623939	0.00157364609699219	6
PPIP5K1	-0.37235864969545	0.0467939966127344	0.110424771856117	6
MRM3	-0.433557711919001	0.0112443296198952	0.0343967257231422	6
TXNL4B	-0.532650147856135	0.00157808698802912	0.00647921366919129	6
GPR155	1.14632585055542	2.44974689865958e-10	4.29946912360747e-09	6
CPS1	0.503400214001619	0.00469047946852514	0.0164073295892098	6
NCBP2AS2	-0.253727578192037	0.144484699981086	0.264182817870681	6
NPHP3	0.205960425763459	0.241109622476062	0.385555642650671	6
ZNF776	0.0337277683475957	0.851313820999228	0.910040890299407	6
ELP4	-0.352068640965255	0.0748974050133295	0.159836988033472	6
GPHN	-0.236025286401592	0.160760929492793	0.286345888350965	6
CDCA7	-1.01743409146554	1.19384175077063e-08	1.60844820526037e-07	6
CACFD1	0.15069101843195	0.464154959056539	0.615274091244836	6
BORCS7	-0.0300607318179985	0.883866251519669	0.930523191934208	6
BORCS8	-0.271769232471556	0.112471900202932	0.218229307542924	6
TRAF1	0.0203943832605169	0.90992672242887	0.946335097535301	6
C11orf87	1.20704339997111	6.88474903395782e-10	1.13279939417483e-08	6
KPNA5	0.322832213215094	0.0788213503056351	0.166170813212469	6
LRRCC1	-0.150827171569241	0.37900610826769	0.534892495298876	6
TRAM2-AS1	0.0425351065935568	0.80217002811185	0.878123386441832	6
CRADD	-0.382743225960868	0.0469161138067954	0.11063360910764	6
MPP3	-0.431502883456773	0.0221549952431212	0.0600922997616571	6
SEPSECS	0.0357443766809613	0.834166974393455	0.899236939416377	6
PCTP	0.0779960751979011	0.702734710944236	0.806811774981158	6
TGFBR3L	0.617049913677135	0.00113842735077401	0.00488273679316985	6
YOD1	-0.0357265253151585	0.83644833564499	0.900627357226585	6
ARHGAP27	-0.576126141307898	0.00152220042367521	0.00627067928508773	6
RPL17	0.0371227468581615	0.831281443673525	0.89711877044147	6
KCNG1	1.55117493954338	8.12278671883858e-16	3.00337757247394e-14	6
NUP42	0.131174823030212	0.454408759391491	0.60620071955713	6
NAPRT	0.023758473247659	0.891094064094236	0.934604665139572	6
THAP6	0.341208678103167	0.0806430331927408	0.168760611433394	6
ALKBH4	-0.199371295909262	0.267882161358279	0.416505184261638	6
TRAPPC2	-0.0253882131105146	0.864402329286168	0.917664961722222	6
POLR3K	-0.523056122115165	0.00465916958771896	0.0163120075533875	6
CLUAP1	0.213375865231977	0.220451103634974	0.362271894774926	6
CEP83	0.171808436202419	0.312706817990016	0.467083245604362	6
HHIPL1	0.725065089981342	7.204097028432e-05	0.000441263514124013	6
SMIM19	-0.0251954269408615	0.88207197307734	0.929383324843834	6
WDR25	-0.000180620687261489	0.999165449659301	0.999721141014789	6
POLB	-0.0567943805367769	0.746551348796355	0.838540438962916	6
NACAD	0.670892567826892	0.00195200284155123	0.00777669897195487	6
MYORG	0.57555724722207	0.00147832814389523	0.00612889239624974	6
ZNF771	-0.166834415563537	0.350733268098682	0.50671518172548	6
KCNH1	1.78220327704259	6.29647489707962e-19	3.11580823572402e-17	6
AP1G2	-0.12830111569806	0.460879341589258	0.612226740674074	6
CHROMR	0.0533256298535577	0.751499938709227	0.841883561414876	6
PYCARD	0.071233827691956	0.709170423692116	0.811228842188174	6
PTBP2	-0.263645474018648	0.135027407670067	0.250827796663998	6
ZNF524	-0.0461790807593145	0.786778276070999	0.866662210133125	6
MAP4K3-DT	1.11453165447756	1.22710638570599e-09	1.95549653208813e-08	6
TBC1D31	-0.142331122109633	0.434041653653062	0.587968538338505	6
C22orf39	0.357922286077046	0.0402719215374195	0.0978223478865201	6
SNHG12	-0.47019568980166	0.00720998276804036	0.0236848023897468	6
SLF1	-0.122620257182679	0.523320905647208	0.667164463054159	6
CLK4	0.240129708036731	0.170326845864639	0.299254174067838	6
STRIP2	-0.320882250780599	0.0825625802635112	0.17184871031129	6
PTGES	0.906085433559802	5.89503693257056e-06	4.61333954479348e-05	6
AJM1	0.401824682216408	0.0223390224867326	0.0605411885923124	6
CCDC34	-0.913186238297477	7.74574243975015e-07	7.32977769478298e-06	6
MRPL48	-0.108212594927847	0.555231357948733	0.694193725176205	6
CA5B	0.554658039602526	0.00253363170519256	0.00970611005106219	6
SMAP1	0.367843883761063	0.0433308386120727	0.103589507564605	6
LCMT2	-0.642190391469146	0.000199066945066883	0.00108009818545564	6
ERCC8	0.184063986069016	0.276981531951219	0.427450769063824	6
DNAJC22	0.101729969865304	0.579404119639808	0.714110152323857	6
SARM1	0.0445156500706268	0.807445362551879	0.881366888404543	6
XPA	-0.12056716901933	0.49791646789674	0.64591253246524	6
RAD52	0.325841335554469	0.0753210809297413	0.160558929275819	6
ZNG1E	0.0960919349359276	0.584441812999952	0.717296744477237	6
CYB5R2	-0.295084603491156	0.109928190333127	0.214463431058982	6
ZNF611	0.103516866766316	0.575705883317065	0.711283700216119	6
PRR3	0.294123670650446	0.108957313773514	0.213042947296607	6
NUDT3	0.577386855258898	0.000775698938852283	0.00350275304703691	6
ZNF18	0.364517825080326	0.0692061227137052	0.150306724903942	6
DNAJC17	-0.259738116505976	0.143745462926223	0.263086975597591	6
DYNC2LI1	0.744852898845601	3.3497955863517e-05	0.000224507939425395	6
SPAG16	0.363551179327527	0.040080012776358	0.0974281086196123	6
EOLA1	-0.260518660130278	0.134851089993338	0.250606367017127	6
CTBS	0.450082757198666	0.00891194856425676	0.0282601731995451	6
ZNF248	0.812709013698276	1.65406669570718e-05	0.000117816449759705	6
CCDC61	0.1325677107699	0.476860811964067	0.62643900877076	6
AADAT	-0.0786698409110242	0.645004718575647	0.76488262257759	6
LINC00839	0.651588675929352	0.000318198017968993	0.00161965990352894	6
PCDHGA12	-0.320065373661739	0.0876116483848631	0.17988334545156	6
CHKA	-0.159945186639042	0.366229673825324	0.521944694300859	6
FAIM	-0.275747937574085	0.159433994548733	0.284559955287455	6
FAM106A	0.773984892249495	0.000120664753498023	0.00070062203365438	6
TBCE	0.171333996941361	0.343627269249335	0.498805221121415	6
LAGE3	-0.237019782908085	0.264486614967337	0.412443704870875	6
NRG1	0.18062071883516	0.320473701679267	0.475902000812747	6
ME3	0.106824642346315	0.539326515110505	0.680974092892045	6
ZNF32	0.00420201622124572	0.980779566688284	0.988741781137924	6
TM9SF1	-0.194497238836176	0.255447691168552	0.402207889814791	6
ZNF576	-0.100295395223291	0.59585044739966	0.726826006776176	6
GNG5	-0.312899928133208	0.0835187339902921	0.173372826922286	6
BORCS5	0.296685800895631	0.0828749753770755	0.172226602603165	6
DYRK1B	0.153926214158645	0.399047897834184	0.555485139508393	6
PIGP	0.495784503862001	0.014220085892953	0.0418464097046591	6
MED7	0.330964901775562	0.0744233188827789	0.15905733827797	6
IPMK	-0.0308058852637487	0.865183086223318	0.918152512412736	6
ALG10B	0.150445693578049	0.400117355375635	0.556385458357225	6
MAST4	0.195858391932884	0.29725924166457	0.450171719914355	6
WBP1	0.235788011131193	0.185796832117445	0.31873370274494	6
ADAMTS10	0.865893091172483	6.06971491170157e-06	4.7359607221534e-05	6
PARP11	0.360976466367073	0.0360715143389917	0.0894309947265275	6
MYPOP	0.41846433445251	0.0196475030599999	0.0546418936781699	6
COL6A6	3.39085884563321	2.73954553403379e-37	3.91963455048769e-35	6
PPP1R3F	0.325112111528108	0.088438383215725	0.181156930947493	6
NAIF1	0.209606648986988	0.235137825469024	0.379117980971186	6
CPM	0.48510230710461	0.00586833454743555	0.0198872020295285	6
ZNF81	0.391185525273979	0.0243217994947729	0.0649005304657063	6
TADA1	-0.156539023425084	0.407956811150371	0.563891158791592	6
SLC4A3	0.277948740908519	0.110823789004633	0.21585876511808	6
ZDHHC14	0.015645970218779	0.929644401486308	0.958104389035725	6
SLC35D4	0.0810415652616248	0.644895709318554	0.76488262257759	6
DSCC1	-0.375677585931674	0.032311621007165	0.081823368087209	6
PLGRKT	0.202333697127793	0.274243787914073	0.423693777032036	6
RAPH1	0.00943539896882749	0.965399162919524	0.979165569993179	6
RPP25L	0.0467420607919652	0.791169007244851	0.870094213582085	6
SIGIRR	0.00923308397732881	0.960249434929301	0.976269661850188	6
TPGS1	-0.0132502271053036	0.947710433388949	0.969135521651549	6
PLEKHH2	1.59182290124099	5.78803661562533e-16	2.17059618152354e-14	6
GSTZ1	-0.0611734602316145	0.745031785170754	0.83761986575014	6
PRIMPOL	-0.0594067861636248	0.738830664428624	0.833554091344202	6
ZNF395	0.3930129480898	0.0310219505188323	0.0792155704785619	6
MXI1	1.24263184716389	6.99301758888739e-12	1.55279907635622e-10	6
KBTBD8	-0.607753579016206	0.000544855839233995	0.00258821270726708	6
C5	-0.312216365119145	0.0706611884288186	0.152702876914881	6
CARD9	0.0524902758284085	0.768980206467791	0.854112434202644	6
CDK5RAP3	-0.626455115314684	0.0040109145399674	0.0143935845391469	6
SMOX	0.0198469669434743	0.911596367069699	0.947216843995773	6
SYT14	0.017892262423887	0.924348561714993	0.954215364901141	6
FLVCR1	0.106069104557228	0.557223322554559	0.695894743338298	6
LMO7-AS1	0.221240123011733	0.216060017070651	0.356356663785195	6
ETV1	-0.450027406900128	0.016494538112928	0.0473229305101288	6
MED9	-0.198963296992517	0.256436357427131	0.403137677393207	6
ZNF304	-0.087679215891344	0.637180836850226	0.758954968370241	6
SEC14L2	-0.320907149580045	0.0702327915364844	0.152076696001767	6
ALG14	-0.406596024691776	0.0209901808180355	0.0575731923541992	6
LONRF1	1.10297219887049	1.27654915127524e-09	2.02448391304048e-08	6
SIAH1	0.159183126812067	0.367584058674595	0.523326807837961	6
MAP3K14	-0.290342661763412	0.194897031340927	0.330001237913638	6
KIAA1549	0.103440009187972	0.627018840003881	0.751201328021397	6
NUBPL	0.507369807605464	0.00609448729661204	0.0205433383573122	6
CASP6	0.014752664975105	0.938856372451078	0.963674862022266	6
SLC13A3	0.295359735214587	0.0885022330551494	0.18123762584032	6
ZNF627	-0.24165946738522	0.173894850294442	0.303795806401471	6
CEP43	0.0336979890063406	0.857592524803935	0.913250289534533	6
DEPDC1B	-0.898369072322704	5.96009687119696e-07	5.78133788618759e-06	6
ZNF473	-0.369591174743733	0.0357382110267799	0.0888259198915227	6
CDPF1	0.19731601177656	0.291909955062665	0.443952713863647	6
CAMKK1	-0.700888052233181	7.66970696949022e-05	0.000466742269252889	6
HSD17B7	0.272403314088567	0.129032945550971	0.242014913406588	6
CMC1	0.0620354498642357	0.742428559978775	0.835978369118957	6
ALS2CL	0.612284028528836	0.0015695373992776	0.00645014698304435	6
CCDC28A	-0.0241589973197805	0.89485051040248	0.936829862671066	6
GPD1L	0.73538277953876	5.786407492799e-05	0.000363563159082164	6
TIFA	-0.118687929619961	0.549162352734513	0.689425278878817	6
FNTB	-0.256392429515588	0.182394059435986	0.314535962839759	6
THAP8	0.411673471926877	0.0458531805528752	0.108669707535864	6
EHHADH	0.427990970448686	0.0207010666151761	0.0570178154123378	6
MRPS18C	-0.435501935213281	0.018411135120921	0.0517722220885887	6
CTC1	-0.380467237115693	0.0761351957033137	0.161844428800472	6
ZNF608	-0.784298251997546	1.06930016670435e-05	7.90297478626017e-05	6
KCNQ1OT1	-0.0131038719888329	0.958547138964728	0.975414845587862	6
DDX28	-0.779512388071156	8.14738680758287e-05	0.00049217096167147	6
HROB	-0.890804993060051	7.24273241436073e-07	6.90340961406446e-06	6
PCDHGB7	0.270844055963117	0.155267661074812	0.278863176794617	6
PRICKLE3	0.193402757964739	0.306750912199031	0.460563734148038	6
SURF2	-0.69302581887602	0.000166557662037695	0.000926626587236762	6
ZGRF1	-0.481777249812564	0.00910607895466976	0.0287856189434001	6
SGO1	-0.825161644110506	6.1996806312406e-06	4.8316397956791e-05	6
BTN2A2	0.208129148949035	0.243781422817709	0.38872136505748	6
WDR89	0.0379971244830052	0.842024839984907	0.903731862676404	6
NICOL1	0.0148680415668399	0.944918008756275	0.967031235364551	6
RBM48	0.0114475210551774	0.94838697559816	0.969450785105116	6
RHOD	0.000522211924496883	0.997902362511915	0.998736982796862	6
ANKRD49	0.393039142881037	0.0573853146966323	0.129365113435823	6
ZNF300	-0.175013299180766	0.350770245071987	0.50671518172548	6
USP54	-0.327150472339771	0.100226556704048	0.199462717344113	6
ZNF839	-0.11617497657295	0.578931046351873	0.713868966689015	6
HHAT	0.557226044308081	0.00330124411563731	0.0122183238526267	6
SCAMP5	-0.0368748106483756	0.845163558681867	0.905742634686602	6
ZNF528	-0.0192277110064659	0.914269638000642	0.948871027753879	6
FAM135A	0.82411442866734	5.21463641197223e-05	0.000331275381712309	6
KBTBD4	-0.0173345194650502	0.925487091673581	0.955165954814125	6
HELQ	-0.50724620892616	0.00491594068947294	0.0170763649029678	6
CDC26	-0.420761677044075	0.0209537158353185	0.057508036950378	6
ADA	0.364799209634967	0.0448264699547818	0.106565075675419	6
SCN1B	0.217104739642572	0.252520491092061	0.398791508607654	6
WARS2	-0.268824053872208	0.136168346770551	0.252328513088993	6
MLKL	-0.544061012379654	0.0033118048965419	0.0122358036813685	6
ARMC7	-0.024759909440627	0.896980161057038	0.937803801429213	6
C21orf58	-0.392624557069291	0.0360586428311739	0.0894309947265275	6
QRICH2	-0.82695484654991	0.000150091465295861	0.000846466991297949	6
CMTM7	-0.209290932332348	0.246319610692493	0.391771995595129	6
ZNF385A	-0.1205689391984	0.532460304591898	0.675089095486722	6
CLIC3	0.875313923931425	1.74406810136557e-06	1.53868421034015e-05	6
ZC3H12A	-0.0147700881205038	0.93352065402512	0.959919722594536	6
EEF1B2P3	0.18388273033278	0.306894584832744	0.460726895546694	6
ZFP41	-0.141370030965727	0.546545590384818	0.687602417389593	6
TEDC2	-0.955722401772463	1.10291727928167e-07	1.23765559652043e-06	6
RBM41	0.429379601331379	0.0226268200235519	0.0611700209427015	6
SLC35D2	0.00484392348732144	0.979183508645604	0.98796508694635	6
UQCC3	-0.178469963772527	0.332665067912791	0.487787711811971	6
EIF5AL1	-0.301407268405644	0.10848202374912	0.212365984326244	6
DCLRE1A	-0.149698274945022	0.390289759562133	0.546704704173285	6
RALGAPA2	-0.0297853358019851	0.877617783255171	0.926538569216219	6
ARHGAP42	0.288747019031248	0.139083229876561	0.256417582363612	6
PEX12	-0.220424159423425	0.230561868917166	0.373754418787765	6
NDUFAF5	-0.00560844009683505	0.974476613366988	0.984801202437594	6
PM20D2	-0.457120729448178	0.0327731553758528	0.0828168639301882	6
VASH1	0.822886229164145	1.97948579659606e-05	0.000138891106293144	6
CCNJ	0.0681245232626905	0.712086520721478	0.813337254974852	6
RMP24	-0.109316691763947	0.559480411076493	0.697654476222043	6
PPIL3	0.311212555324803	0.0894337067136455	0.182542391296591	6
NAA80	-0.107645843836327	0.568362038923099	0.705035181378112	6
AUH	0.201826300008536	0.261487605124144	0.408817912627643	6
ALDH3A2	0.183478540938149	0.323303151089208	0.478753445582996	6
TCEANC2	0.0642575565991761	0.741427155798379	0.835279497755398	6
REEP2	0.31073667993416	0.0803063823324476	0.168337435391584	6
RAB24	0.0124881174858574	0.947619675154622	0.969118000470849	6
CEP112	-0.304849420028515	0.0881642194211992	0.180651559813394	6
LZTFL1	0.446360234261279	0.013581460303811	0.0403004422856321	6
ZFP62	0.141591355342464	0.357638940645665	0.513310069743232	6
KCTD1	0.0540511390880785	0.758870024372538	0.846669446585499	6
ZNF544	-0.357898607477559	0.0543664264392808	0.124305240788649	6
CCDC81	0.121890077018245	0.50295832223142	0.649954878807401	6
ZNF641	0.833321555222365	1.32824124065081e-05	9.61167644347806e-05	6
ZNF587	0.0950728138579016	0.668275668783276	0.781842736485135	6
GTPBP8	0.112742449348399	0.555385117110918	0.694193725176205	6
THAP1	-0.0137064969040799	0.944765710875229	0.966950552231603	6
PBLD	0.186700193919174	0.295954200027997	0.448703655260138	6
GLMN	0.138218434668632	0.43888727260951	0.592034553121437	6
ANKRD36	0.305772522832417	0.157245682176279	0.281685481013386	6
THEM6	-0.42405635780719	0.0365392816181008	0.0904072488607256	6
C9orf72	-0.0007868313440424	0.996549898738993	0.997762707621615	6
SPRED3	-0.620194433185439	0.000750401473294996	0.00340252655631486	6
CRIM1-DT	0.319038326038267	0.105002147692839	0.206889534844396	6
THUMPD2	-0.474794562816534	0.00812247859719004	0.0261676413404695	6
NUP35	-0.784077043990867	5.81500956511517e-05	0.000365011783050124	6
MAPK13	-0.398175582456426	0.0504258539003717	0.117105771857903	6
MTARC2	0.570210436467584	0.00377933242138428	0.0137271944433447	6
ABHD18	0.455723279024738	0.0152208767546154	0.0443355611243643	6
MIPOL1	0.0801672840522272	0.648081270019829	0.767148719179047	6
DORIP1	0.59152155895112	0.00137688619642904	0.00578295029490678	6
ZNF614	0.0818314354028142	0.672479539495668	0.785364934644795	6
POC5	-0.436873930308476	0.0162832277035601	0.0468289548311036	6
ZNF441	0.200921468525043	0.290814890676574	0.442696473456198	6
MAML3	-0.874485097963872	6.77047418036835e-06	5.2423383315405e-05	6
BRSK1	-0.075700695421432	0.690804095411776	0.798277729037178	6
BKGD	0.437363690583595	0.0190519318478474	0.0533121978982177	6
TMEM234	0.23316829017206	0.187185121484301	0.32028048278927	6
CHCHD4	-0.0520453578963084	0.782837811176495	0.86352921382018	6
MMAA	0.456955728348032	0.011051466829929	0.033885501486689	6
FANCB	-0.434088390613872	0.0208005340224881	0.0572079877430026	6
ZNF784	-0.0494252147595404	0.802568621241014	0.878447593663352	6
LRRN4CL	0.324882917078459	0.07482015994185	0.159698032319535	6
NETO2	-1.25398851787889	2.39908518419131e-11	4.89599353170701e-10	6
LRP4	0.130124312725212	0.512760910721729	0.657928092626672	6
DUBR	0.251771871448977	0.16435082804847	0.291517308934378	6
CDC25C	-1.0599798029677	3.82448588987677e-08	4.63551636910201e-07	6
RP9	-0.154392150965695	0.403646561261868	0.560063600314256	6
DHRS4-AS1	0.484918920284132	0.00785203651715216	0.0254196647012479	6
CBX8	-0.211039574874597	0.325153097290312	0.480250249061084	6
HOXA5	-0.430058953831142	0.0184792534413296	0.0519415786991717	6
GABRE	-0.310184174317382	0.156168617322081	0.280213673638298	6
ZNF780A	0.11756254469012	0.515662315915957	0.660468025559217	6
MXD1	0.271847417208413	0.145910162000695	0.266160679381257	6
CNNM4	-0.385598060696799	0.0443406811575152	0.105581835397318	6
SLC10A7	0.138462793611285	0.444495501173599	0.596969113554544	6
ZNF41	0.139838054130757	0.432584101182239	0.586428779127365	6
LINS1	-0.381744457231149	0.0337957850406075	0.0848310294602434	6
MTMR3	0.255383839332747	0.192579568459356	0.327425065826725	6
YPEL2	1.22662989591387	6.98604154150927e-11	1.34244182205674e-09	6
TMEM205	-0.28600318016604	0.118059544022424	0.226086752730579	6
ZNF616	0.374584756797539	0.0410087767673925	0.0992641648748046	6
HSD3B7	-0.0221867148340945	0.899854108798035	0.939390882235589	6
THUMPD3-AS1	0.0639623477149982	0.717053607672451	0.817546698812687	6
UMAD1	-0.127158182459078	0.489655409024059	0.638622761437485	6
KIF24	-0.684218546520036	0.000362524773046538	0.00181947806765385	6
NDUFB8	-0.143988007307859	0.426495464909967	0.581335798344196	6
GEMIN7	-0.33478693935409	0.0885943359780062	0.181363490587635	6
C9orf85	0.265836236830827	0.137443456636196	0.25415515476556	6
LCA5	0.781071660219856	6.71297887720348e-05	0.00041446032345511	6
COQ10A	-0.163157288748834	0.362679199249262	0.518400075981978	6
TIPIN	-0.826096302043096	3.80453835891471e-05	0.000249895900291389	6
PSMC3IP	-0.932025452548413	1.71436059375043e-07	1.85517240853057e-06	6
AFF3	2.25877768548142	7.98791816091048e-23	5.62272549476281e-21	6
TRMT44	-0.273277891484376	0.133568526893472	0.248863687065437	6
LTB4R	-0.420941699552654	0.0373202530570399	0.0920109554204564	6
ADM2	1.50818186534977	6.57047011572027e-13	1.70250193175642e-11	6
ANKMY1	0.0837959609382776	0.674095042154695	0.786553766499623	6
ACADS	-0.323307209724516	0.0829969692307012	0.172425679606016	6
FAM86DP	0.00430179719001837	0.981892971368119	0.989410755554378	6
ZNF510	0.546268380843083	0.00464720883620951	0.0162862646195489	6
CCDC125	0.568067857225904	0.00220738039197058	0.00863212956016304	6
RAET1E-AS1	0.764803100579881	4.06977536678147e-05	0.000264937948333059	6
POLE2	-0.803223664793959	7.94922395242047e-06	6.03087232770667e-05	6
VMA12	-0.51091629350663	0.00808556742637078	0.0260730828107101	6
EIF4A1P10	-0.584392043422681	0.00136433971451956	0.00574314156131145	6
ZNF431	0.265669190591726	0.141268249889734	0.259310273783094	6
ITGA10	0.483424990068631	0.0218853032464805	0.0595075907113041	6
RCBTB2	-0.166346139387459	0.363176659313936	0.51867907611829	6
ALKBH1	-0.416835951483344	0.0210927065014981	0.0577701405907657	6
ZNF559	-0.0312652032563723	0.860731746920217	0.915244525786478	6
ZNF514	0.199820581787591	0.309755315308627	0.463963269846092	6
SLC22A4	-0.894292377383407	1.67025909425745e-06	1.48351015234216e-05	6
BPHL	0.331264859554964	0.0872444460116233	0.179308874443813	6
DCLRE1C	-0.528189064857095	0.0029758603805159	0.0111630807035426	6
SS18L2	-0.247027969994721	0.188912079982385	0.322480833719119	6
GSTA4	0.648721401324945	0.000503883282588913	0.00242064391294343	6
STC1	-3.53882500256981	2.03542910442025e-49	5.46782720438444e-47	6
CCDC74A	0.462839703395495	0.0174586943797943	0.0495918847909436	6
CENPQ	-0.483666795946624	0.0156235544126977	0.0452381976978309	6
GPRASP3	-0.0747550887655749	0.680545422092468	0.791274568589626	6
ZNF845	0.0877738525827078	0.627437302155802	0.751497471180784	6
MRFAP1L2	0.134062470445667	0.475947898625663	0.625532402104081	6
ABRAXAS1	0.74364581973743	7.5872496551128e-05	0.000462794101993743	6
STX1A	-0.660168833839357	0.000415260796613953	0.00205183103071676	6
CDKL1	0.0741839919807151	0.6933111712259	0.800110025148739	6
NTF3	-0.0662950567682919	0.719948236071102	0.819923743848755	6
EEF1AKMT3	0.276109987155593	0.140873338936901	0.258838045844002	6
ACTR5	-0.452931276905642	0.0278744544843398	0.0727710123715518	6
PYROXD1	-0.374538712767651	0.0473737640592706	0.11145323615946	6
SPRYD4	-0.325012929037376	0.120795817353762	0.230006559211278	6
ZNF343	-0.225858258075505	0.237490391298893	0.381997645078042	6
ALDH4A1	0.0327133030628253	0.855966194144783	0.912609996235847	6
CPT2	0.0189719602445042	0.916746825157776	0.950318039025973	6
ASIC1	0.699593810143457	0.00015620541041955	0.000876441524873207	6
HEXD	-0.0252376445503833	0.895297500487607	0.936895373566183	6
CCDC150	-0.86421238332028	9.90057858660277e-06	7.35032802794429e-05	6
MECOM	-0.325152568259694	0.0792873841290767	0.166798759356087	6
LOC103344931	0.207331367788968	0.322517984611909	0.477859548789573	6
RNPC3	0.501669981090732	0.0109018264158209	0.0334734642200724	6
MKS1	-0.252359001851471	0.210470807933362	0.349492524893005	6
JTB	-0.377177950503404	0.0406588720131074	0.098616681833155	6
PACRGL	0.176662379161233	0.366025833118995	0.521725800528252	6
ZNF26	-0.466607402701428	0.0217731062091821	0.0592392304736386	6
C15orf40	-0.223742230807649	0.216093511382924	0.356356663785195	6
ZNF780B	0.106392308473838	0.558322152677556	0.696849507341905	6
POLG2	0.125873422034225	0.505457851992813	0.651968809973679	6
SLC35G1	0.407396385982438	0.0285157204751367	0.0739610696776798	6
SFMBT1	-0.489098965037854	0.00863283651787098	0.0275610058415561	6
LXN	0.113365720620582	0.547826020826769	0.688382940824051	6
ADAT2	0.167198086225413	0.357675298920073	0.513310069743232	6
YAE1	-0.185711011891191	0.363393517864202	0.51882986173132	6
DTNA	-0.847708487129734	1.55655480038758e-05	0.00011129239998643	6
HSBP1L1	-0.0385597948914718	0.851319188410704	0.910040890299407	6
EXOSC5	-0.474471122331622	0.0100582088262013	0.0313215525855898	6
BAIAP2L2	-0.713637117458798	0.000146481398618184	0.000828236533509947	6
LENG1	0.0715169200907162	0.727127130927774	0.826098258622673	6
RUNX1T1	0.195553568550714	0.321549120336252	0.476992250007332	6
DAGLA	-0.0626022204175408	0.735658421454581	0.831260962494137	6
ZMAT5	0.0043008025366407	0.982599079853838	0.989666515274012	6
TFEB	0.424443527860244	0.0296385089276403	0.0762571722076875	6
TRMT10B	-0.02342254483448	0.902623059322769	0.941534775328125	6
SLC46A3	1.25864416985485	7.60754933090941e-09	1.06191062399534e-07	6
MTRES1	-0.159542836759265	0.389131233862291	0.545662557934306	6
PLPP6	0.225757639647731	0.244963186788995	0.390085945766217	6
REXO5	-0.654302318686757	0.000871390419293452	0.00387503786795936	6
ZNF354C	0.528088693782289	0.0066567791360295	0.022132655662429	6
PRELID3A	-0.224881748322435	0.236017987646374	0.380164558417672	6
TMEM170A	0.201060077446283	0.303924543017755	0.457572773618062	6
TGIF2	0.100643393155474	0.612882690743319	0.740601749587286	6
TTLL1	0.596834622062243	0.00284654644866253	0.0107515325405294	6
PANX2	-0.780226962813873	6.02480216216465e-05	0.000376028785493473	6
SLC25A14	-0.103304292076247	0.592257344625031	0.724255242224014	6
UBXN8	-0.413417840376121	0.0430924983930943	0.103169617378738	6
NPIPA1	-0.230394510463477	0.263142444892598	0.410837943397755	6
TNIK	0.537120143963173	0.00935370200394222	0.0294270505444291	6
ANK2	1.18359704573621	2.20374308817424e-09	3.37693483930588e-08	6
HDAC8	-0.0938176629588343	0.614276140482725	0.741458003276523	6
HNRNPA1L3	-0.247924275407933	0.188461435193777	0.321836776265658	6
PELI2	-0.00589128284887689	0.979027385576063	0.987883286802432	6
CBX7	-0.102629453521313	0.599141247883932	0.729555619416854	6
SPATC1L	0.0407228754935358	0.83641239798711	0.900627357226585	6
CDADC1	0.137170236501539	0.465733258774122	0.616745159481265	6
RPS17	-0.104693130485936	0.609695010026778	0.738444554378219	6
FAM50B	-0.0238534557431226	0.896146979914077	0.937304942122288	6
SLC2A8	-0.2429651416647	0.218131124515553	0.359221818090608	6
UQCC4	-0.184511788386268	0.341657651959096	0.496799796709329	6
SNHG11	-0.27563136238716	0.152287155201827	0.27504882326038	6
MMACHC	-0.103267360511806	0.605106327821296	0.734712166138891	6
MITF	-0.253903158252587	0.192494593944311	0.32732287044167	6
RPS6KA6	0.341743657989195	0.0705578940746324	0.152529735540218	6
PRPF18	0.0284648939460113	0.884627957202991	0.931027248793713	6
COMMD3	-0.12420781418939	0.538899912723497	0.680696627116341	6
GPC6	0.992913501363722	2.11779680097674e-06	1.82917055716908e-05	6
WDR53	-0.41495340625746	0.0381192439412296	0.0936485979876974	6
RWDD2A	0.288232567861597	0.116938365422754	0.224512792307426	6
B9D1	0.248848284080591	0.194301650725444	0.329247248776908	6
MKKS	-0.544935470402655	0.00336467671724043	0.0124163834115603	6
RFFL	-0.19983559562366	0.298339665040457	0.451492604589726	6
SH3TC2	0.081080431218161	0.663080191141323	0.778496544661548	6
DEPDC5	-0.314613106987975	0.112900012422153	0.218898639492237	6
BEST1	0.14998707287636	0.414022536566738	0.569881694952209	6
TATDN3	0.133251051495151	0.478787056334441	0.628154492428013	6
RBM4	0.03094372347217	0.879173633927144	0.927511624860383	6
HTRA3	-0.921278304511259	7.49258756895409e-07	7.12607876951898e-06	6
ZBTB10	0.0939372684965143	0.613445746163394	0.741142406942408	6
SYT1	-0.778529299244281	0.000203921973067875	0.00109986876022871	6
ZNF605	-0.00408399045395846	0.984532478030985	0.990704151694966	6
RAC3	0.396720466426367	0.041513665504056	0.100173121728669	6
INO80C	-0.514513356700684	0.00813288708236595	0.0261900781540525	6
ATAT1	-0.63968523070504	0.000739502548535029	0.00336370797116368	6
BCLAF3	0.0569090829067859	0.778813397862013	0.861038195536509	6
KCNS3	0.451404390998136	0.0262838065702243	0.069291757637465	6
ZNF48	-0.351725112950509	0.058098805621452	0.130637953261902	6
QTGAL	-0.0160393788573264	0.936675757878137	0.962036751010449	6
XRCC4	-0.411878294111332	0.0329505047182043	0.0831054787518152	6
IBA57	-0.0599731110033938	0.757445873617634	0.845759019878775	6
LINC01963	-1.40762770023722	2.12428410197817e-11	4.3622389445146e-10	6
HSPBAP1	-0.6442086106474	0.00095063035286976	0.00418499910863701	6
TMEM130	1.04943956226719	1.70823908752512e-07	1.85066264272372e-06	6
DNMT3A	0.506495215030661	0.010837788237634	0.0333408126781577	6
ZNF35	-0.318892221878062	0.0822180583164261	0.171321244517827	6
SIRT5	0.364740223264715	0.0570901524326612	0.129031194449025	6
MAMDC2	-0.0700327106765443	0.716874553518744	0.817413353081014	6
HYLS1	-0.711699392195004	0.000336178629050789	0.00170000741229179	6
TRIM39	-0.396508773067122	0.0531400621619762	0.121818641281451	6
ZNF517	0.367437916568127	0.0572852328748516	0.129275830766612	6
RPP40	-0.0605574617314887	0.760297916798275	0.847831368927117	6
FBXO32	1.01377703447543	3.94194064996918e-07	3.97302946213969e-06	6
ZNF696	-0.158313044847929	0.416597609425773	0.572348850106613	6
TRMO	-0.378443493090644	0.0560802869649308	0.127361079592716	6
ALG9	-0.320010337817818	0.109907270105625	0.214454402075354	6
BCAM	0.187189801485175	0.385498780335075	0.541570753468385	6
GEMIN6	-0.257643447603579	0.176689606545037	0.307363427836769	6
LYPD1	-2.19909992533419	2.63606082046875e-21	1.59900776865577e-19	6
VILL	-0.281577710888753	0.131629984104785	0.246079460413477	6
NXT2	0.357720687945892	0.0828191121651814	0.17216487262007	6
TRIM6	0.205674528904259	0.271099024228861	0.420038934793834	6
ZNF677	0.125073901156274	0.503244189791929	0.650248905309627	6
NSUN3	0.179216672694357	0.330062322744723	0.484997806908773	6
ELFN1	-0.738347028534243	0.000197101565281212	0.00107075852405967	6
MANSC1	0.260766667456941	0.172901468336563	0.302619356872549	6
KDM7A	0.932765790103085	3.22548748497574e-06	2.68376054138658e-05	6
BTG2	0.630842382296043	0.00226998279996297	0.00883494488347504	6
ACYP2	0.451851080493255	0.0195898988683399	0.0545162449902659	6
IQCJ-SCHIP1	0.0933518311718278	0.642639956697894	0.76326133813837	6
LMLN	0.164956324657595	0.389560509627466	0.546073366282559	6
PTGIR	0.113861907434725	0.549833281863456	0.689938559501303	6
RAMAC	-0.461812731128693	0.0122613247150618	0.0369580529481013	6
DFFB	-0.0684569891511448	0.709798512592689	0.811735692550614	6
SYNPO	-0.290557444079888	0.140271507838499	0.257984331099366	6
TLCD5	0.404282652995189	0.0322440649643142	0.0816994469923519	6
ZSWIM1	-0.130910402740658	0.526925750736964	0.669749290937685	6
ZNF765	-0.0604298331796453	0.768231048703063	0.853626960766427	6
ADAMTS15	-1.06394498666557	2.41361046051827e-07	2.54162835934416e-06	6
ZNF224	0.167504959069447	0.434313154408471	0.588215253779062	6
POLA2	-0.779493156691549	8.65091603695058e-05	0.000519015532335371	6
ZC3H10	0.135886589640608	0.496103711845092	0.644195832989735	6
QNG1	-0.283401605646407	0.136212845863942	0.252353228727244	6
ZNHIT2	-0.404439679390952	0.0529007628377137	0.12146044675263	6
ARRB2	0.0779832904361944	0.688595216356844	0.79662320556382	6
LOC128125822	0.823658049727374	3.08468888841816e-05	0.000208011064745124	6
FSD1L	-0.280465442407787	0.170234009028251	0.2992108773987	6
TOR2A	-0.181756324309827	0.366553516717495	0.522293130607532	6
FAM241A	0.140500583630754	0.45369530608243	0.605494404741258	6
FBXO6	0.311510632593433	0.114573311090522	0.221299193044286	6
C1orf54	0.291607461980642	0.122143071614255	0.232001335015648	6
OXNAD1	-0.256094577487591	0.168850987626009	0.297455239577242	6
LRRC49	-0.445463109865601	0.0174020049092323	0.0494415261429364	6
UTP14C	-0.110446345785103	0.573199596420742	0.709263469788648	6
HASPIN	-0.850572016534257	2.04131792956821e-05	0.000142545718339026	6
HOXB3	0.224702072406137	0.263647042985608	0.411329385660727	6
DISP1	-0.266902778342205	0.156678951834463	0.281014449243363	6
PRPF40B	-0.0192071379730067	0.92281202186704	0.953376865539271	6
NR2C2AP	-0.77128897138941	0.000344926997605711	0.00173956860899769	6
PSG2	0.871167095361786	4.35093020609876e-06	3.52005496637234e-05	6
UBE2D4	0.641524132605258	0.00067759430852044	0.00312253188189338	6
ZNF789	0.0588691520733676	0.783883447298781	0.864320473847701	6
MAPKAPK5-AS1	0.266014746262683	0.166910755148988	0.294905539600823	6
NR2F2-AS1	0.392596824992715	0.0715258736200793	0.15416654240398	6
CCL2	-0.628671170611284	0.00208807717237804	0.00823408023367649	6
ANKDD1A	0.0322675630313536	0.865784974435348	0.9185199090767	6
ZNF211	-0.00752586903581973	0.967753808369934	0.980491331555838	6
C2orf42	-0.430488420212581	0.0353054159974031	0.0879328648578652	6
NEMP2	-0.360255831279526	0.0519830421008476	0.119813129604878	6
SLC16A14	0.161853619858374	0.388248697942691	0.54483130181446	6
PTK2B	0.600183491855611	0.00226690305105314	0.00882556783821726	6
SATB1	1.31239107919899	1.73140237935032e-10	3.09232693614496e-09	6
ASAH2B	-0.324873188654614	0.0953726294042458	0.19198500089434	6
CAMK1	-0.425143126544227	0.0280446703932015	0.0730704664263086	6
DANCR	0.0908743192786566	0.6594872480557	0.776243241166468	6
RELL2	0.0443012258578981	0.824139728370184	0.893440227683803	6
SFXN4	-0.0553511613110046	0.800639483095811	0.877223694421779	6
KRT80	0.19631362766184	0.308192233897396	0.462305911657143	6
RAD50	0.536316136591517	0.00836329663962185	0.0268306688413097	6
ADORA2B	0.806373129431599	5.84017891813394e-05	0.000366067976663795	6
AGAP4	-0.309969097371443	0.100691887328844	0.200212585031659	6
SALL1	-0.555599637832613	0.00444762368907419	0.0157065076364795	6
C4orf33	0.0801360598241344	0.708023322258399	0.81055061670615	6
SMPDL3A	0.237686680644271	0.261453758465038	0.408817912627643	6
HERPUD2-AS1	0.114020742961242	0.547973528925563	0.688382940824051	6
TDRP	0.225168905539696	0.239284323784266	0.383811975086447	6
CCN4	3.68620938434771	7.85520498653562e-39	1.20230306090428e-36	6
PANK1	0.0392105690259122	0.834648987652127	0.899499314267639	6
MIF4GD	0.416300985598349	0.0414928541815148	0.10014126138454	6
OCEL1	0.674424446372317	0.000907761657410292	0.00401507617489639	6
E2F8	-1.20120447612787	8.49189075930921e-10	1.38169045815559e-08	6
NR1H3	-0.206506966485949	0.281928983437131	0.432975289812502	6
SELENBP1	-0.330562007895765	0.105384906347203	0.207534489515934	6
PRRT3	-0.0831032906177998	0.682495305265262	0.792479645390398	6
GTF2H2	-0.129010778519011	0.516852818934561	0.661223992189292	6
IFT56	-0.228771700121595	0.243524434192531	0.388452754153694	6
ARMCX5	0.0205479133517919	0.917142348040313	0.950331825155832	6
BLOC1S1	-0.196728262755022	0.333920808608646	0.488920979278711	6
LIN9	-0.589658706816853	0.00245455056045877	0.00944991197055245	6
NIPBL-DT	0.136143959680956	0.488152900857382	0.637467931053525	6
MVB12B	0.311551167988638	0.11643654308894	0.223843174628263	6
RPP38	-0.209042743833331	0.273119709542697	0.422324762509884	6
ALKBH2	-0.103679565901913	0.62776758024447	0.751824643686467	6
H1-2	-0.45973267772898	0.0156530114788235	0.0452962389175164	6
MORN4	0.553935618403527	0.00441447355751753	0.0156035755740073	6
SLC25A23	0.443841300373268	0.0311417659064645	0.0794724824790213	6
ZNF200	-0.454508449471371	0.0175503921483614	0.0497878904846728	6
TMEM231	0.288467459811451	0.128818764048005	0.241647625931864	6
RNFT1	0.186193341584083	0.350760208303914	0.50671518172548	6
MYCBP	0.0370056034853238	0.848921898899743	0.908294321063805	6
JMJD4	0.122138955685223	0.565285549206833	0.702762909351109	6
ANKRD34A	0.260912285259849	0.184522253307039	0.317167200350033	6
RPS15P4	0.0422706972421216	0.827652511695524	0.895478383318114	6
HHEX	0.0201984765680601	0.918865202575845	0.951066461530871	6
TRIM16	0.325396408646523	0.0892108385406978	0.182200507014927	6
STAP2	-0.229841844061393	0.243724833515437	0.38868307665377	6
CHRM3	0.134054556514629	0.486392734050568	0.635535790977528	6
NSUN6	-0.344193881136367	0.0776752075452289	0.164432093425193	6
EEF1AKMT2	-0.333896618560426	0.0892565242846633	0.182237262162094	6
ABCA7	0.240571926428326	0.302203478480112	0.455753631615202	6
ACTR3B	0.033730258577621	0.859917892374955	0.91482253433537	6
RNLS	-0.094519604169618	0.64582584013626	0.765442601630974	6
C6orf136	-0.404673868622255	0.0476008079317958	0.111887399072541	6
MCM9	-0.140750531877723	0.491614145072032	0.640070919048779	6
RPGR	-0.136017737063966	0.49893870761371	0.646983568940918	6
MTRF1	-0.183655853995739	0.339893389260417	0.495406564371041	6
APOO	-0.0696234820792999	0.750210851035551	0.840857070178897	6
HIC2	-0.213871475706525	0.287159124284964	0.439058508190051	6
H2BC21	-0.613672959562714	0.00250120835291715	0.00960706318921754	6
ZNF354B	0.107500788233232	0.587074555337486	0.719912379649198	6
WDR5B	0.335675754976223	0.100733525690802	0.200236688100597	6
AAMDC	-0.216652087531569	0.259728349609881	0.407000507847007	6
PKD1P5	-0.272866847682166	0.177435957203823	0.308328647481706	6
ZSWIM7	0.331729421106505	0.0899875236829997	0.183445218249857	6
GLIS1	0.210560267620543	0.337317640041236	0.492387987726791	6
TMCO6	-0.273211822805341	0.151753232202359	0.27438568619226	6
RCL1	-0.426289831195746	0.0362612711321889	0.0897868908790448	6
HMGA2-AS1	-0.717611514198437	0.00425387971649119	0.0151293754953184	6
ROGDI	0.284715418420327	0.174408617646043	0.304273112534773	6
BBS5	-0.087167584552828	0.663957384239792	0.778973324144348	6
EEF1E1	-0.45420691135519	0.0171976888823275	0.0489455521639086	6
SAMD3	-0.0611898362063341	0.752115006025047	0.842202452089128	6
KPTN	-0.309283831067536	0.141631952893114	0.259832947168232	6
ANXA3	-0.276155736517873	0.171061148088107	0.300143680656325	6
MTFR2	-1.26770873262559	7.96730408302529e-11	1.51720625420107e-09	6
VCPKMT	-0.214542613536155	0.272397118818085	0.421582983539383	6
MUC1	-0.214528945823183	0.399368294126783	0.555754821396643	6
FGF14	0.892681455644419	0.000186237513948818	0.00101973560570228	6
SNAI3-AS1	0.497674768128352	0.0186896332011843	0.0524545078522792	6
NBEA	0.283828820061097	0.179776936381553	0.31124606255299	6
EME1	-1.16137577119179	4.86790698536805e-09	7.05685678947133e-08	6
PRKCZ	0.144723173320112	0.470339128803977	0.620845763382144	6
FIGN	-0.471763344356377	0.019067036441806	0.0533431244810822	6
SDHAP2	-0.0680671861570445	0.754241590713284	0.843435736858293	6
ZNF772	0.0778770053851155	0.687534992684465	0.796096332574386	6
ZNF280C	0.0121444913812059	0.95154884076908	0.971551147304018	6
ACSS1	-0.0818969334964988	0.695415847362519	0.801431320706193	6
SOX6	-0.277447653524408	0.154664325459491	0.278146195060323	6
SPATA33	-0.328108912659148	0.123113040421643	0.233439491655156	6
STXBP4	0.0221190906633243	0.909615345485728	0.94612933959926	6
PODNL1	1.87178115025854	1.4850799891648e-18	7.10840287177318e-17	6
ZNF550	0.0819972772320124	0.687752441659815	0.796278071032469	6
SCYL3	-0.125944420605502	0.536496495647557	0.678702870947505	6
ZNRF2	0.587228075417212	0.00449533212986307	0.0158298707398041	6
TUT1	-0.239696306981683	0.214814095123722	0.35474679579835	6
JMJD8	-0.301131157130977	0.116839751097634	0.224388917960045	6
HERC5	0.142726071991067	0.475729027861591	0.625436816674955	6
CADPS2	0.177524333900184	0.358582363094665	0.514331442237668	6
ZC3HAV1L	0.642130330848219	0.00165994568537423	0.006775151955529	6
TRAPPC6B	0.252601038098711	0.206525947698905	0.344722296313276	6
RNF227	-0.239280494480354	0.247779110768079	0.39333290340572	6
LINC00960	0.260307196195089	0.196440665891872	0.33218762655893	6
PXYLP1	0.594374393897245	0.00239780648576126	0.00926528155263502	6
HOXA11-AS	-0.10980420298002	0.607045243437333	0.736019588260024	6
ANKRD16	0.369342483311044	0.0666765322602585	0.146033809341395	6
CCDC68	-0.513566109322692	0.00770162973541929	0.0250003827884893	6
ANKRD36C	0.949374161936053	0.00057590162342255	0.00271705844771004	6
TIGD6	-0.175512517857298	0.456077228668085	0.60774899382041	6
ZNF174	-0.123285751906507	0.521360678902092	0.665503356903436	6
CCNE1	-0.0771935996795025	0.695430262486222	0.801431320706193	6
EDN1	-0.467439700063456	0.0155632211652442	0.0451230573123589	6
TIAM2	-0.326026581724769	0.089581918292493	0.182731565238507	6
ZNF764	0.101973815784766	0.607359918637172	0.736022703831807	6
MTERF1	-0.245771435470103	0.223780873191533	0.36591647625095	6
NDUFAF6	-0.379277003595866	0.0490214481029899	0.114592314221214	6
SMCO4	0.242593116616374	0.246454139119107	0.391843922360769	6
INSR	0.907390083138452	5.56473735753072e-05	0.000351818625538794	6
MTBP	-0.507417119009268	0.016577484357681	0.0475096551619605	6
PREX1	-1.71871412628811	1.83316426786048e-17	7.9374806769235e-16	6
CCDC159	0.23990694326303	0.250747531573055	0.396775331463847	6
ZNF440	-0.0881899782613136	0.662247864840845	0.778030900857516	6
SASS6	-0.012622982299645	0.948154387094535	0.969296800924087	6
COQ3	-0.0959337705892919	0.632042504805903	0.755155712393158	6
NUBP1	-0.486079543059277	0.0350224302036166	0.0873934120891384	6
ENKD1	0.0521930729928031	0.797659370954358	0.875111710274397	6
NPEPL1	-0.0021092506272188	0.99147520762613	0.993813441980506	6
OSGEPL1	-0.159425062503349	0.4169373404709	0.572564487847521	6
DEPDC7	0.185411160586256	0.363791537429642	0.519256994923701	6
DHRS4L2	-0.191616826564749	0.324381509700034	0.479810519404602	6
APOBEC3F	0.123436351296172	0.524880747201256	0.668318125374577	6
ZNF736	-0.108378789794308	0.573358882770661	0.709263469788648	6
CGRRF1	-0.15510687740983	0.437013337028031	0.590596155574946	6
TRDMT1	-0.239679751815194	0.213505199223995	0.353105784317809	6
C14orf93	0.330928967257602	0.0999764051455849	0.199181083840069	6
ZNF548	-0.0122979666737656	0.95396785365007	0.973400189769319	6
OPN1SW	-0.352017605862616	0.0675197517987117	0.147487967628019	6
RELL1	0.115057140971755	0.550787439026186	0.69093825025271	6
PCDHGB5	0.526800562205372	0.0126545032373683	0.0379865966051264	6
SDSL	-0.301740900584022	0.143179187418132	0.262269363204129	6
MLF1	0.383303599088086	0.0709748512679315	0.153189196707137	6
RANBP17	0.310682566645015	0.11118859055826	0.216313245273185	6
CCDC142	0.014381975932248	0.944454192521823	0.966812141168254	6
TSEN2	0.0432146118769176	0.835255495294148	0.899931905095921	6
PIGZ	0.174655648721922	0.375972413077146	0.531685095974911	6
TEPSIN	-0.560164335980116	0.00820192618235959	0.0263772182600536	6
RTN4IP1	-0.155255984573794	0.418482224547742	0.573561174689913	6
TMEM121	0.33780681009121	0.0861938256895505	0.177692379022163	6
HUNK	0.108471331271387	0.603988781025298	0.733761358988093	6
KRIT1	0.121464446895058	0.589391489418165	0.722025144272807	6
AK1	-0.0360520229296471	0.854978483873264	0.91214174759434	6
INA	-0.2581632244683	0.192804752398936	0.327680949751736	6
C1RL-AS1	0.147190335784021	0.524067373359343	0.667927297759856	6
LYSMD2	0.0923716310748733	0.644205025645842	0.764416366409106	6
ZNF8	0.135060125172387	0.515927802281761	0.660578181923396	6
CEP162	0.198717964802004	0.354803816379678	0.510586918498338	6
CCDC77	-0.142174882820798	0.471595268631451	0.6221882519219	6
NUSAP1	-0.706987453490772	0.00028041721185897	0.0014475026508626	6
YBEY	-0.0858932235187267	0.703572545316207	0.807618753206902	6
INTS6L	0.365724596128043	0.0722825461238691	0.155415739076852	6
ARHGAP39	-0.535188492355181	0.01500517901606	0.0438528355658076	6
XYLB	-0.260729559207632	0.215473796191341	0.355646593011488	6
PLA2G6	-0.0460684335909001	0.814062196004338	0.886492886587857	6
ZNF44	-0.113217914542894	0.565361307135127	0.70279071544241	6
KCTD6	0.0314397760823181	0.876987473578683	0.926374561877019	6
GPR173	-0.391039567271087	0.0595550486846898	0.133411011885053	6
SDHAF1	0.047143746447294	0.815524694627556	0.887609687066523	6
ETFRF1	0.160309117500767	0.439988591021661	0.593276974351375	6
ZNF121	-0.233970319722927	0.288441896118948	0.440408384017367	6
GALM	-0.13450188436844	0.516831636647661	0.661223992189292	6
MUTYH	-0.392831197860107	0.0628056923523137	0.139200425733879	6
ZFP1	0.368814992581166	0.0873155536670645	0.179415334517573	6
C5AR2	0.256167013049105	0.222137145822155	0.364042735365665	6
FOXO4	0.809236419323663	7.10524537102432e-05	0.000435411288728087	6
RPL7AP6	0.551235767787119	0.0095615908339097	0.0300236689281377	6
LARGE1	0.338622205986478	0.0865064542000694	0.178142124004304	6
LIFR	0.195923133185901	0.326640852149789	0.481690963124319	6
ZNF140	0.173322830115649	0.40044714232778	0.556608842076089	6
ZNF286A	-0.104980778191182	0.619806944901647	0.746024032163531	6
FAM20A	2.34023721288978	1.19154176282516e-19	6.34990454415691e-18	6
ROBO3	0.0770267490285072	0.710207001815993	0.811892603188981	6
FEZ1	0.0807705422478505	0.727122618639646	0.826098258622673	6
PPT2	-0.910430016507793	5.45297136720054e-06	4.31095868507271e-05	6
HSPA4L	0.0212371435996016	0.919411631131966	0.951207679052902	6
EFNB1	0.0824941157435428	0.673333815963989	0.786013925109435	6
TOMM40P4	0.303267957427923	0.131843584154111	0.246443779923397	6
VAMP1	-0.5164083217556	0.0204823297916703	0.0565692209500118	6
SMARCE1	-0.221025539664502	0.335003437398979	0.490070042952074	6
ZNF700	-0.0623011672563177	0.766338759726115	0.852027131862783	6
PMS2CL	0.143971359197645	0.492298890814941	0.640708947972816	6
IL11	-0.151937001799489	0.470006383373038	0.620717771078489	6
DHFR2	0.178050963205259	0.367067326404097	0.522968634858441	6
ZNF775	0.475754113574116	0.021234857748647	0.0580990298369239	6
UNC13A	-0.108922879067226	0.619204192474153	0.745639446119959	6
CSDC2	1.22728788822276	3.90314992337738e-09	5.7340583081938e-08	6
SH3BP5	0.725001998522467	0.000335332692010839	0.00169833944784097	6
PDXP	0.257683924844427	0.201435978921347	0.338374398997152	6
RABGEF1	0.0804100110303974	0.693826323724878	0.800363960001608	6
XRCC2	-0.879677017973864	1.8236561404725e-05	0.0001289193650754	6
HOXC8	-0.0749358829425964	0.733965285831326	0.830494126628995	6
SLC16A1-AS1	-0.107088946447535	0.591401942714256	0.723545289706084	6
WDPCP	0.218366729991693	0.276608978748452	0.426997066643118	6
TRIM66	-0.443363967946858	0.0434764109207522	0.103862068411953	6
EMILIN3	-0.0229294814718328	0.918816872594227	0.951066461530871	6
TIMM8A	0.106414466426683	0.601684713351507	0.731621078608287	6
GEMIN2	-0.0403080991286423	0.857593420540507	0.913250289534533	6
ZNF234	0.251750278920775	0.222512971613569	0.364431783669207	6
TMCC2	0.273844471218642	0.229513039777532	0.372467037676199	6
IPPK	-0.250814498779136	0.220155414731994	0.361876339175479	6
ANAPC15	-0.465325593697655	0.0186461428766074	0.0523436081648075	6
MMP15	0.614544983319556	0.00538488872796126	0.0184731014662898	6
MAGED4B	-3.81099851457561	0.000121023624692995	0.00070239593114369	6
CCDC15	-0.0867029235249922	0.675322650844683	0.787320080053125	6
FUZ	0.142113358983408	0.495275704725661	0.64337452889607	6
WNT2B	0.581634737270897	0.026138773336898	0.0690114195625443	6
LINC00847	0.369257607963145	0.076954909856023	0.163117146285802	6
CD274	-1.07022299387518	1.72251337854082e-07	1.86153067337708e-06	6
LINC01605	-0.165982359109877	0.452285811161757	0.604164616635093	6
KTI12	-0.824769830727616	3.39322357917006e-05	0.00022690203707031	6
NBPF26	-0.106605370032817	0.657673847496768	0.775271179692274	6
ACOX2	0.588924177590994	0.00402831465535086	0.0144442129687778	6
TSPAN13	0.319457489991517	0.11030776939423	0.215044604344824	6
DUS4L	-0.070240049619114	0.728246298401845	0.826798863710841	6
TTLL11	0.00403233296285369	0.984231433145104	0.990605489851791	6
CMPK2	0.562113370524896	0.0113608641977194	0.0347128726635516	6
IL17RE	-0.685697771701234	0.00159009653007847	0.00652445156652836	6
MED17	-0.221635951193086	0.279048570367042	0.429855626886059	6
ZNF267	0.191469471769182	0.376131422908229	0.531738580146173	6
FER1L4	0.183605282428866	0.442180237166759	0.595073966038855	6
OCIAD2	-0.00482409497717816	0.980884658677923	0.988771998941454	6
ARSG	0.47117069024941	0.0183668546227748	0.0516948939300679	6
TMEM147-AS1	-0.255017976401932	0.199445019726139	0.336102265350809	6
CASP9	0.0895463843578404	0.66358904127132	0.778851765515326	6
ZBTB8A	0.506918674142934	0.0125214019264891	0.0376557490423522	6
DDIAS	-0.900142119908827	3.74375703829397e-05	0.000246765517751946	6
DHODH	-0.0441515180763765	0.830254851998472	0.896989267380295	6
FBXW9	0.160133147414394	0.42479605344373	0.579739808344201	6
PHLDB3	-0.110623695483816	0.573478014811257	0.709263469788648	6
HCN3	-0.158934692771298	0.501262209152675	0.648495270547693	6
EPHA4	-0.378921827554114	0.0610615696230565	0.136160162789818	6
RPL6P10	-0.122751850217136	0.569076196859824	0.705550103113898	6
ZNF79	-0.193621715037713	0.343850552794257	0.498909262172707	6
ABHD3	-0.486137991323584	0.0183885734469556	0.051730881017798	6
ZNF470	0.269556146443325	0.211649504299513	0.350918557134966	6
MALL	-0.467055184535357	0.0391623544453023	0.0957277755921104	6
SGF29	-0.319771200628677	0.106608946405018	0.209540624388421	6
STX1B	-0.137524267268105	0.591055798669594	0.723323491808095	6
CCDC32	0.228861425603218	0.260689556474931	0.408069524542695	6
TMEM143	0.190402417278259	0.389590137716289	0.546073366282559	6
ABHD6	0.111777428487725	0.601159516721862	0.731201507910726	6
SEC31B	-0.28653016199611	0.302057767855265	0.455700446794138	6
MRM1	-0.257931792255608	0.208328915581718	0.346854732583121	6
TPD52L1	1.60889724749137	8.4468991446161e-12	1.85487951890577e-10	6
L2HGDH	0.257130465446027	0.228132296475888	0.370912230547444	6
KANTR	-0.14200639480076	0.499434526512409	0.647298513390055	6
MAPK8IP1	-0.650497509929233	0.00153693709419279	0.00632802720389729	6
FAM86C1P	-0.226239962713696	0.259048582162694	0.406273857620343	6
DRC4	-0.246180074581021	0.249605973748737	0.395345412858377	6
ZNF569	0.171020423976929	0.425689373055912	0.580537631323557	6
ZNF419	0.179173819180228	0.388482405628716	0.544984962729488	6
FASTKD3	-0.192730586992859	0.345159561775829	0.500643009548786	6
CPA4	-0.829286829361799	0.00027032463421973	0.00140643603171317	6
CEP126	0.797446906896252	0.000254507972852497	0.00133522855586186	6
TAF5	-0.538105668030113	0.0100112031404684	0.0312047044608065	6
MTSS1	0.413979398156807	0.0530961008626372	0.121739851320052	6
LETM2	0.102830285527782	0.609810668317285	0.738448742139873	6
CCNE2	-0.478376208185101	0.0230933540512717	0.0622667084462045	6
ZNF773	0.415368940344134	0.0552075851398042	0.12587864943621	6
ZSCAN9	0.0591655624044675	0.785726045075947	0.865916939997881	6
TMEM187	0.371613089412057	0.0982299076152066	0.196510906075916	6
CDK5R1	0.171725713607419	0.411837863973824	0.568003122745961	6
TBC1D8	0.0700905809723798	0.72877903073359	0.826904437681773	6
CLDN15	-0.641372653790098	0.00418797823607481	0.0149232153550224	6
SLC2A6	0.114375308157961	0.575136128969868	0.710713186784676	6
ZNF225	0.528347659972749	0.0108200399833988	0.0333000201780403	6
TTC12	0.137830239978292	0.505059706295244	0.651582957361981	6
ZIK1	-0.468199443443203	0.0285963192203545	0.074126299704121	6
FAM162A	0.52204145016186	0.0287199213213324	0.0743442132453684	6
LRRC23	0.503193948325628	0.018206244671957	0.0513056730072726	6
SLC26A1	-0.229322184947297	0.324246669098632	0.47971888337027	6
LHX9	1.08329340997273	7.11686499606351e-06	5.4911661162476e-05	6
TMEM177	-0.0782338642344234	0.71311176704215	0.814180778001198	6
ZNF184	0.128970085305771	0.534486706747293	0.676745721519298	6
SMAD1	0.242252141696624	0.247859872694715	0.393413662640846	6
TMEM154	0.0336037853470881	0.873102996610685	0.923846844404055	6
NXNL2	0.565416095218705	0.0157123884992405	0.045426826798522	6
CRNDE	0.60472820896172	0.00352589292234467	0.0129135583018428	6
RBM38	-0.337688574551447	0.100224746529112	0.199462717344113	6
CAMK1G	-0.857272832135629	5.66518738953878e-05	0.000357654012510787	6
CDK20	0.115984848843953	0.575873849770854	0.711357684359399	6
ALDH2	0.442344156348801	0.0375329728317526	0.092463535292317	6
TFAP4	-0.712693256486588	0.000754110493776351	0.00341699016508713	6
KRABD5	0.662616857818822	0.002052125296531	0.00811662418216272	6
NBEAP2	0.333708866814114	0.117258397778118	0.224995960634602	6
C3orf62	-0.262448787235321	0.206226406943607	0.344312302714192	6
OXSM	0.359001360048406	0.0775546523279644	0.164203295575518	6
TSNARE1	0.374238123022565	0.0753357737289383	0.160564247019756	6
EMX2OS	1.66967824466395	1.75621817056521e-13	4.86675784824207e-12	6
A4GALT	0.091892529535745	0.67385394607544	0.786342153563034	6
SELPLG	-1.33026326502309	4.88605353178917e-09	7.0716932546111e-08	6
ZGPAT	-0.766971515152046	0.000194264046234555	0.00105840134130192	6
SLC2A12	0.320650052558511	0.125893535715123	0.237548252668888	6
FAM200A	0.182362976857848	0.37197674524236	0.52762175620961	6
GNB3	-0.842303021934279	0.000108973480341396	0.000638086264116457	6
ZNF254	0.278762060548743	0.199863432929841	0.336474937884846	6
KMT5C	0.258928224524654	0.253401898146644	0.39989559828609	6
ICA1L	0.618056348134614	0.00622655169714478	0.0209188616614387	6
SFR1	0.095691627692331	0.643791163584472	0.76426975886205	6
STK32C	-0.0109501989343177	0.959160907994207	0.975615101763987	6
ZNF844	-0.328012162970433	0.118026311045925	0.226073971521756	6
LYSMD1	0.527089468807674	0.0106084982773488	0.0327638814699068	6
PAOX	0.312912109054333	0.127130233823007	0.239298622595772	6
ZNF430	-0.0934734092403639	0.668444212524522	0.781900930370593	6
NMNAT2	-0.0845728916073647	0.675297801368955	0.787320080053125	6
ZKSCAN3	0.650964891652133	0.00206100876255203	0.00814346859376109	6
MMD	0.0972337364805229	0.634174669458287	0.756949689343438	6
SLC12A8	0.713931613045712	0.00090213106765841	0.0039982327419487	6
RTKN2	-0.347268906754751	0.115762779630686	0.22293862008467	6
ASTE1	0.0726276772252057	0.720512676343766	0.820353633657382	6
LINC02984	0.274393590440597	0.218225357268947	0.359332046251082	6
ZNF511	-0.562699044604668	0.00616707133855652	0.0207402044019978	6
KICS2	-0.0105850292929292	0.962751253873837	0.977605087922651	6
NAPEPLD	0.216677600326157	0.302137095620954	0.455753631615202	6
RFXAP	0.0665128123160572	0.749091311419492	0.840052163766454	6
MEMO1	0.0514433524751544	0.834803109034692	0.899591758020765	6
ZNF354A	0.307644143432868	0.138799609045291	0.256136163446399	6
PAQR8	0.670585103072444	0.00149069151340413	0.00617237256714015	6
FAM111A-DT	-0.184259207120382	0.367390050598704	0.523201908041842	6
PARP16	0.174525815731385	0.425330247115391	0.58022821461083	6
ACP5	0.0461023479977399	0.827800163364142	0.895564522919553	6
TMEM186	-0.010839436674201	0.959941351320358	0.976031825075689	6
CARF	1.08153111321528	9.3714867799625e-07	8.69935687479876e-06	6
HOTAIRM1	-0.101425696985077	0.637172152112522	0.758954968370241	6
ZNF117	0.68910152235043	0.00169667712046284	0.00690153304593706	6
SLC4A11	-0.425980389289703	0.0517849724017407	0.119524038527812	6
LINC00662	0.429426185775404	0.0690503518258091	0.150061045516181	6
C15orf61	0.339909259238823	0.103141621276275	0.204096987501445	6
ERV3-1	0.736304337627806	0.000947215020419597	0.00417178227110288	6
DOCK7-DT	1.05163226909111	5.78051085619538e-06	4.53555205971211e-05	6
PLA2G4C	-0.550171506014526	0.00964064182840341	0.0302286251518042	6
LINC00968	1.21846443813146	4.13191811669616e-08	4.95340966940543e-07	6
SLC37A2	-1.09971192758986	3.59818726472881e-07	3.65454775969331e-06	6
NOPCHAP1	0.0670745788156571	0.748319864508071	0.839777406940274	6
CROCCP3	0.568144993794095	0.0172968929533417	0.04920661377671	6
PPP1R3E	0.173846158521162	0.440488506282385	0.593707782940307	6
VSIG10L	-0.502776310747209	0.0148774028792997	0.0435277292954483	6
PDCD6IP-DT	-0.3958792034735	0.0770260280938199	0.163215326432542	6
MIX23	-0.279156151804341	0.188241241084212	0.321592563602113	6
ZNF107	0.149962779804632	0.474161930013309	0.624201768653384	6
ZSCAN18	0.564286189641171	0.00705478337315226	0.0232387671523532	6
MGAT2	0.746493822798124	0.0016072470462283	0.00658113810393086	6
COQ6	0.0331504022735138	0.880804134739701	0.92849619691071	6
PSG1	0.773064404734295	0.000388140774723247	0.0019330673544011	6
SPACA6	-0.040001132994097	0.857375331012567	0.913250289534533	6
PLXNB3	-0.313227442943942	0.212628560179407	0.352098344149143	6
TRIM7	-0.0427219235671919	0.84519006167709	0.905742634686602	6
ZNF180	0.0579460735886037	0.800679291730307	0.877223694421779	6
CBR3	-0.743011359544336	0.000599314120576304	0.00280739208866402	6
ZNF619	0.0859253056286627	0.694286290219662	0.800463382513919	6
HILPDA	0.0392649181321314	0.853214569530343	0.910578618240197	6
PIGA	0.0674583178806132	0.770876476277376	0.855305835941244	6
NUP50-DT	0.128282019748432	0.537154010516174	0.679208284382747	6
SH3D21	0.190898767888791	0.424514692742917	0.579475982637667	6
DRC9	0.40141388012592	0.0827294118180059	0.172032740562466	6
TMEM35A	0.0866170875561459	0.6863899500767	0.795391016527827	6
APOL3	0.108303835531624	0.625970755350942	0.750492126121181	6
SEMA4B	0.0720445231477873	0.756063778947726	0.8447557526771	6
POLR2I	-0.447619588555108	0.0435737860840954	0.104047235724163	6
ZNF383	0.153969954779993	0.49963402352199	0.647375002620332	6
E2F2	-1.69523762980293	2.74715895079447e-14	8.54866507548642e-13	6
LRATD1	0.170044316898396	0.448108563634743	0.600229268660235	6
ALDOA	-0.093826046201477	0.671526756612116	0.784461013248605	6
GRAMD1C	0.418579338563734	0.0520289461226791	0.119876950431091	6
PARL	-0.389561721435352	0.0827112179719475	0.172032740562466	6
EPM2A	0.0200243324705971	0.924124869319875	0.954134101094793	6
DPF1	-0.864784035973685	5.91901522783966e-05	0.00037012825389099	6
CLN5	0.427210006248397	0.0412275148090955	0.0996104584126512	6
APOBEC3G	-0.186867757734551	0.405476020517645	0.561523499008286	6
RAPGEF6	-0.356917804932337	0.110947247755746	0.215991553215076	6
KLHL25	-0.175936638805359	0.408391017811882	0.56425432638373	6
ZNF688	-0.0664228705740817	0.765034244998511	0.851166069386815	6
ZNF181	0.212329489003477	0.310750177633082	0.464985030710602	6
CORO2A	-0.0256995098871421	0.905665663497071	0.94366161075057	6
DUSP8	0.545757278652444	0.00990782643070611	0.0308971142637727	6
FAM161B	0.741712018081115	0.000498493281715265	0.0023991470081236	6
GABPB1-IT1	-0.310950169675561	0.146292667786832	0.266673644381398	6
ZBTB26	0.137367746620095	0.519723692926313	0.663993300008644	6
BORA	-0.485313817052541	0.0252599141257605	0.0670593756155211	6
TCEA3	0.599557076957067	0.00541223856801318	0.0185572535219478	6
MCEE	0.28914792406337	0.171251597939667	0.300430782543083	6
LRRC27	0.0582021251013053	0.782101350348263	0.863078477082008	6
SLC6A15	0.971306294418954	2.08247852398844e-05	0.000145035263551639	6
MAPDA	0.262887389889979	0.213151556418616	0.352609518303159	6
TCN2	0.482893367831629	0.0298720472566006	0.0767230747392455	6
ARRB1	0.644100402343733	0.00439936232360195	0.0155626998832498	6
GGACT	0.638832439065238	0.00330172285526044	0.0122183238526267	6
PTGER2	-0.644035126624783	0.00338601554151464	0.0124811320562748	6
MPND	0.439487691759926	0.0416708499912191	0.100460329383593	6
ERAP2	0.107986669705825	0.644072902715931	0.764416366409106	6
POLR1H	0.380606352196254	0.0725439326699616	0.155831400911514	6
IL18BP	-0.285104738378065	0.592662657323581	0.724548951272434	6
ZNF554	-0.335020738012776	0.116284474130741	0.22364882130084	6
RUSC1-AS1	0.472443737063075	0.0717544279293924	0.154557934026279	6
ANKRD46	0.497315002089352	0.019698636417174	0.0547262877077378	6
GPR135	0.173369330908934	0.48292406947188	0.632070152775018	6
CSF2RB	2.79951267323292	2.65884992131872e-25	2.2579639686657e-23	6
ACVR2A	-0.0428242941473432	0.838363762245145	0.901737820950192	6
GRK4	0.225607235921193	0.288164030156478	0.44003516577143	6
TCP11L2	1.43249095084189	1.26853558119074e-09	2.01420191257101e-08	6
WNT3	0.147500318088632	0.500221776103443	0.647626560327493	6
HCG11	0.350951085219756	0.10222011194537	0.202547543811065	6
AP4S1	0.0804938948227264	0.706015743978151	0.809237655693521	6
PDF	-0.0503998804781997	0.818924174478203	0.889838113641785	6
HOXB7	0.172489797464358	0.448240632895821	0.600284001506531	6
ZNF506	0.412383738140305	0.0525405843813117	0.120813588576579	6
MYL5	-0.500902952232749	0.0266338093163047	0.0700601183114547	6
SUPT3H	0.124622634288562	0.593951685721476	0.725317426564318	6
ZNF549	0.0317352411355154	0.891149464088629	0.934604665139572	6
SHANK3	0.0603502054905924	0.787383176204411	0.866944771926278	6
LAMC2	-0.396211538445541	0.0798378651473959	0.167663470003778	6
SIX1	-0.00452298695871316	0.9831942992434	0.990038751601965	6
FN3K	0.570111693505991	0.0178130391974561	0.0504026300421569	6
ZNF324B	0.0174843466434331	0.936196159586508	0.961990678336347	6
SLC45A4	-0.22631906482667	0.304392571362953	0.458067842328861	6
ZFAND4	0.576778028504287	0.0115707412427808	0.0351663973629009	6
CLEC2B	-0.442668111586786	0.041066101729577	0.0992938690198875	6
ZBTB42	0.351528101928373	0.108756386574642	0.212808133860861	6
FBXO36	0.551851502983456	0.0131320676267588	0.0391611704057605	6
MRPL46	-0.0551805745453523	0.821003938858141	0.891256718653029	6
ZNF101	-0.381777029751889	0.0888223968909264	0.181692644197533	6
PINK1-AS	-0.337049929972074	0.138112312611644	0.255189833086337	6
PER2	-1.25700494178255	1.02863684224734e-08	1.40455879196076e-07	6
ZNF283	0.30730819187759	0.165570208582101	0.293087769710354	6
VWA1	-0.433018164468438	0.0404493940980666	0.0981809652430114	6
EBF4	1.16992564657428	1.71522055852139e-07	1.85517240853057e-06	6
PECR	0.170204924317715	0.458325114374614	0.60969514709581	6
LIAS	-0.074081772196391	0.751688754053387	0.841940016133827	6
ZSCAN12	0.214868349310483	0.319040854649469	0.474163477706186	6
PEG10	-0.933748189036548	0.000189397969628261	0.00103445870299452	6
DOCK4	-0.306374430843055	0.177462570291131	0.30833418858793	6
CFAP298	0.474727370448368	0.0285214729267385	0.0739614161021787	6
TMEM79	0.0479453138972466	0.825156689494559	0.894027286510567	6
RGPD8	0.0317668333541049	0.886553012825965	0.932010007813128	6
MPP4	-0.867973235850933	5.82577137507531e-05	0.000365338869033427	6
ATG10	0.525420935926917	0.0199668218730957	0.0553428671963695	6
NOX4	0.166721891544158	0.442855760570474	0.595800324651385	6
THAP10	-0.725606513899048	0.000750223912394758	0.00340252655631486	6
ZNF471	0.419012593179483	0.0739140332396348	0.158225795988504	6
ACOT11	-0.363128120608787	0.108220747873916	0.211980610753624	6
TBC1D32	0.816723704532216	0.000320716030991467	0.00163097914643369	6
C5orf34	-1.04251219643017	1.39188330660496e-06	1.2566090510865e-05	6
BBS12	0.496796682877447	0.0224974392290454	0.0608952894451829	6
POLR1G	-0.420903005427604	0.0460649521385519	0.109095531666023	6
OMA1	0.585317677260856	0.00717015146623125	0.0235774928178871	6
LY96	-0.0212507406831252	0.932044744197681	0.95922634619813	6
SFXN2	-0.486094821216148	0.0266824939874734	0.0701601415016206	6
PARS2	-0.068698890081195	0.748804016033942	0.839873633009107	6
SH3TC1	-0.0752882130561612	0.735712999548484	0.831260962494137	6
ZNF570	0.63061142260575	0.00451418143023695	0.0158834991088503	6
SCNN1D	-0.388471198692825	0.0997246236090296	0.198829933439209	6
FERMT3	-0.507670240727075	0.0175262795944222	0.0497302044193533	6
DRC8	-0.338570056583733	0.120793903474789	0.230006559211278	6
USP27X	0.12218326842488	0.593545234517091	0.725317426564318	6
SPIN3	0.393724808366314	0.0922050972362772	0.186808633972775	6
ZNF236-DT	0.170320137116666	0.446586788049282	0.598800233380126	6
SLC35A1	0.260422585746201	0.234221890295219	0.378243496743463	6
XRRA1	0.255153784287727	0.240409502174041	0.384836468091561	6
RAPGEF3	-0.32119749980149	0.135255601996923	0.251145364520453	6
MAMSTR	-0.0777982140025902	0.730531996722738	0.828206928943536	6
LENG9	0.902830313178989	7.63745636425154e-05	0.000465425176493718	6
COMTD1	-0.18588292321472	0.420587245962517	0.5757867830062	6
LINC00654	0.465616154177312	0.0382528344613329	0.0939231598609448	6
ZNF557	0.140723668716531	0.512774501026689	0.657928092626672	6
ZSCAN20	-0.23598938067071	0.314529378177371	0.469032537096265	6
TMEM53	0.545928148881131	0.0108860098877012	0.0334326990554856	6
CYB5RL	-0.0655892577477811	0.770783143144735	0.855305835941244	6
METTL21A	0.664531899577553	0.003221154233865	0.0119672743946839	6
FHDC1	1.22209568303633	1.08445277278509e-07	1.22109938820959e-06	6
CLBA1	-0.10549882809995	0.628120428310031	0.752041949958608	6
INKA1	0.302762946810689	0.207709062710661	0.346110732564052	6
ZNF721	-0.124963300302229	0.559793216892702	0.697912304788656	6
SPIRE2	-0.244427539040623	0.280067884222535	0.430820797010778	6
GGT5	-0.513978086353567	0.0350799754768578	0.0875038311923214	6
H2BC20P	-0.222142624425486	0.334136077664319	0.489072966784769	6
LINC01133	2.37910876611358	2.44225002922076e-20	1.3564277271997e-18	6
PABPC4L	0.97575321406287	2.24229994706188e-05	0.000154936452510108	6
SDHAF4	0.766072721360025	0.00100871905819549	0.00440828982836229	6
PUS10	0.534406748363384	0.0176108733725617	0.0499271863456881	6
FBXO4	0.300895958316994	0.188275309739884	0.32160237504621	6
TRIM46	0.138913990433187	0.576743680605828	0.712231641600011	6
SLITRK1	-0.692779661613682	0.00188442096641488	0.00755087768064509	6
ARVCF	-1.04646128834288	3.10043950244278e-06	2.59282624972391e-05	6
LINC01391	-0.397103600616088	0.0693128484947708	0.150406367414551	6
CYP4V2	-0.26886466213871	0.256220812424853	0.402943196409598	6
SNX16	0.55477848430329	0.0121963299341465	0.0367874177184165	6
ZNF280B	0.246175904545884	0.280387735561808	0.431161654579448	6
MAP2	-0.345104450722191	0.118516543620612	0.226617266658645	6
ZNF250	0.510961935275756	0.0213538236293152	0.0583881139245278	6
HARBI1	-0.104760260214329	0.647964800458244	0.767126526655146	6
PUS3	0.129514465468456	0.56672270023215	0.704000144808002	6
ZNF229	-0.172839892823682	0.440996680573546	0.594146501611598	6
CACNG8	0.0858252753635089	0.74863565786137	0.839873633009107	6
EMX2	0.663647388049549	0.00918425301290718	0.0289770667327175	6
ZRANB3	0.0106087126756056	0.963908159469974	0.978100763421467	6
TMEM107	0.00856918288807558	0.970343961371136	0.982283900909656	6
ZNF568	0.39436125109991	0.0781688999597377	0.165105460553599	6
SH3BP1	-0.609641585784319	0.00517457505046502	0.0178259438338841	6
MARS2	-0.382028079716742	0.0779621504477666	0.164863363797001	6
PKD1P4	0.0273477642874206	0.920759240374927	0.952078073924208	6
CA11	0.281621970935581	0.202875016707137	0.340143073484459	6
MORN2	0.256669584904537	0.237741642561398	0.382192628362932	6
BIRC3	-0.597573397450822	0.00533962974437795	0.0183513175783935	6
EEF1AKMT1	0.138972165189804	0.529812913268731	0.672724684490157	6
SLC16A5	0.310210972667281	0.181042623237888	0.312820169293819	6
ZNF615	0.154847218951079	0.495139451469044	0.643261014576296	6
RBIS	0.0936786289789233	0.667648108240997	0.781455810846189	6
TMEM256	0.0742872919191648	0.744570765037758	0.837271832285918	6
LINC02210	0.636047474033685	0.00734378732806207	0.0240463364674828	6
ZNF341	-0.0375892221910351	0.865662130777002	0.918483848735909	6
EGLN2	-0.456747606460196	0.038081291922527	0.0935892542151274	6
PDIK1L	0.0292516351860715	0.90737732727522	0.944846749380881	6
PLPPR4	-0.0688510095107303	0.77786789327049	0.860470001708731	6
IMMP1L	0.088323074886738	0.685328596982379	0.794870060981502	6
ERVK3-1	-0.0957877003713404	0.657130668064158	0.774864371918706	6
FAM228B	0.358984370084925	0.125366874553871	0.2366562698627	6
NHSL2	2.09206083347542	6.91544807142034e-14	2.01836015441477e-12	6
SPATA7	0.179140738306653	0.408111930836575	0.564046340361386	6
CPLANE2	0.518341208580582	0.0285085188083283	0.0739569635542029	6
FAXDC2	1.0353683047911	6.73103489605336e-06	5.21486829527666e-05	6
RASSF4	1.14556265847012	4.87646064294509e-07	4.81536770015651e-06	6
GON7	-0.550283971832332	0.0160826896061276	0.0463535019236825	6
ZBTB12	0.348415853124303	0.108214279934715	0.211980610753624	6
FAM110B	0.0744249442360399	0.753087031690208	0.842570841418374	6
SCG5	0.125783884240693	0.587119911534919	0.719912379649198	6
DHRS11	-0.23110571017163	0.306332151521081	0.460197456114128	6
ZBTB46	0.22873098153272	0.382405617981264	0.538484641181286	6
MED30	-0.220616432088568	0.321559748498333	0.476992250007332	6
HDHD3	-0.186654537381781	0.420811220525118	0.575972252941643	6
ERCC5	0.559096855397275	0.0216446216978863	0.0589994109358619	6
NR3C2	1.41955717765536	7.11669014434524e-09	9.99754454322481e-08	6
C1QTNF2	-1.77115304434177	1.28060952832092e-13	3.64074799595858e-12	6
ANKRD13B	0.214175613285202	0.369607386765552	0.52516645423089	6
ACBD4	0.515209576193723	0.0207859824606134	0.0571799137155809	6
LINC00632	0.174987599570237	0.470234791395207	0.620845763382144	6
TRMT10A	-0.0117547450663803	0.958637261625626	0.975414845587862	6
ZNF16	-0.119008707633754	0.59642951887323	0.727195420241601	6
TM7SF2	0.112360444777781	0.619923135489576	0.746095659911245	6
BMP2	-0.962542342037257	2.74840358282722e-05	0.000186673046237124	6
ILF3-DT	-0.582199686372779	0.00702917205424475	0.0231776031437935	6
APTR	0.565227844261955	0.0137278019734438	0.0406284482887826	6
GRAMD4	0.679198146369635	0.00221265027501934	0.00865016797448161	6
REL	0.839024949573003	0.000995978162705992	0.00436129759005289	6
ZNF438	-0.233128311016705	0.297659314533545	0.450687285598471	6
GSTO2	0.220937131810985	0.34863765137201	0.50446492305263	6
ZNF219	0.517160172897682	0.0254407623259431	0.0674339014289949	6
TLCD1	0.12379553744393	0.581386731154522	0.715506067045846	6
TAFA5	0.477668160499045	0.029989494570786	0.0770042974528618	6
ITGB8	1.29270386544519	2.44253677025896e-08	3.09740958640835e-07	6
PPCDC	-0.563743313398744	0.0119893442955397	0.0362295084853511	6
CORO6	-0.000892709368099721	0.996772169324543	0.997909344753496	6
MILIP	0.309742639696981	0.18627919994411	0.319269936050041	6
STXBP5-AS1	-0.095575746370424	0.700277249040663	0.80464128892573	6
PSPHP1	0.270480934027312	0.235909274758665	0.380082470458788	6
DHRS2	-2.60389504305182	7.17085002801426e-25	5.7554816413873e-23	6
MGARP	0.518318697551413	0.0284128383128944	0.0737523547057047	6
CYFIP2	-1.53406478216212	7.35996438022376e-11	1.41017774580619e-09	6
TMEM67	0.655738863646255	0.00388549162144357	0.014046889923939	6
MAMDC4	-0.689480793729047	0.00388122753534506	0.0140353291339964	6
IGF2-AS	0.392156181858722	0.0814735927359608	0.170228079552929	6
PLD6	-1.36360761508432	3.45386674958146e-08	4.2528763353359e-07	6
ZNF136	-0.0494788511542012	0.842689422104418	0.903831323612476	6
ADGRL1	0.137748149250357	0.558611439995316	0.697099202186039	6
MYEOV	0.0170641947890196	0.940209603933136	0.964838155186082	6
LRRC37A17P	0.968179123621824	4.92580866901042e-05	0.000314444323521747	6
PATJ	0.589109713216183	0.0100194264439309	0.0312229427749674	6
TRABD2A	-0.45066014357375	0.0387816412906825	0.0949382079801475	6
ULK4	0.274039971026235	0.227895130241363	0.370572402639539	6
STYK1	-1.39243853453515	2.63337486867507e-09	4.00076821227348e-08	6
HSCB	-0.110633592791113	0.623844941389607	0.749103353722988	6
MTERF2	0.205114149181176	0.389325625766533	0.545876993179045	6
ANKRD39	-0.126065340688489	0.56722645199132	0.704280990049166	6
ZNF717	0.415213143486582	0.069226127009984	0.150306724903942	6
ZNF691	-0.0492303980121054	0.826095477217017	0.894823466639861	6
ACVR1C	-0.135970113203908	0.542324568054799	0.683513815521383	6
NOTCH2NLA	0.434785497632419	0.058388081222909	0.131086869032432	6
LINC02035	-0.243551272477125	0.304712439644794	0.458444375705158	6
ZNF227	0.349034007211289	0.113004085610174	0.21906815594797	6
SLC71A1	0.700228284477063	0.00344083809568548	0.0126582220547034	6
SETMAR	0.192959886417456	0.386041836660366	0.542081149558396	6
KIF23-AS1	0.12209470438895	0.57927150607971	0.714080430279755	6
PRRT2	-0.0559560233010897	0.813950493152742	0.886482735509643	6
CNIH3	-2.4161250833986	2.03616240163663e-22	1.36050790318492e-20	6
TRIM52	0.211198983669651	0.374771345077843	0.530361353053693	6
HVCN1	0.145582231453708	0.517366080800311	0.661687691563787	6
ZNF132	0.103416986181649	0.701128861303417	0.80538958035927	6
TRIM45	-0.0543206776590743	0.830947365065721	0.896989267380295	6
OBSCN	0.0672108548949076	0.784010716882241	0.864388396542502	6
DNAAF10	0.140679876736337	0.525637929886253	0.668887477870529	6
GIHCG	0.140964119994804	0.524885875569579	0.668318125374577	6
GLYCTK	-0.557259807332986	0.0151342924689852	0.0441615366369436	6
LOC124902453	-0.604417101517174	0.0208491421028522	0.0573057543328134	6
HOXB4	0.192927381599201	0.396293816365173	0.552937831759039	6
TRIM58	-0.365190600945249	0.111148123025808	0.216266480914814	6
GPRIN1	-0.523395255237485	0.0245661268534729	0.0654317943691347	6
SPATA18	0.0890114279447376	0.700741141505101	0.805014456766595	6
CCDC126	0.60820883614591	0.00743966561184382	0.024278289908392	6
PAGR1	0.079697175439993	0.735325542175287	0.831260962494137	6
BST2	0.114217152994997	0.624281796091264	0.749299983737866	6
SLC67A2	0.166396679183132	0.473912857346169	0.623936281381038	6
UQCC6	-0.00254093860696364	0.991548426158929	0.993813441980506	6
SERPINB9	0.245672429140036	0.290763390386063	0.442681027244229	6
PLAU	-1.1166167170717	1.65686454373917e-06	1.47360189116477e-05	6
ARHGAP45	-0.681265741993384	0.00299742608628773	0.0112279793892446	6
AMIGO1	0.374979095850891	0.0963846108807003	0.193699829772639	6
NOMO3	-1.20924076382027	0.0862070601257719	0.177692379022163	6
TEFM	0.0753880863805728	0.741308331683525	0.835279497755398	6
LINC02119	0.230178110281527	0.372335353240589	0.528016618692725	6
KLHL11	0.382151099854436	0.113051123621294	0.219094808631787	6
TYMP	0.225068000110205	0.318815808572162	0.473921229614384	6
MED31	0.322300720552687	0.17039852661236	0.29934015825417	6
SLX4IP	-0.149429392104219	0.51667957799222	0.661195147298424	6
TRBV7-9	0.0190000813701541	0.932876555887221	0.959420747030859	6
C8orf88	-0.0938903894493916	0.710244118037006	0.811892603188981	6
CENPP	-0.768290493744418	0.00134898527151239	0.0056948983736105	6
SLC16A13	0.212777518574527	0.373592103147076	0.529399596697702	6
TEKTIP1	0.0682025606174837	0.774688426050938	0.858120580328274	6
ERO1B	0.333081603013972	0.16311730084039	0.28968065717243	6
SMIM8	0.476762726840619	0.0400754619634743	0.0974281086196123	6
HDX	-0.19691900106312	0.391825872008135	0.5481036450009	6
ADAM8	-0.221256370777237	0.35797247883517	0.513680555860388	6
GINS3	-1.21897474547898	1.29372943905855e-07	1.42267005900816e-06	6
APCDD1L-DT	-0.110541353592702	0.622495656384204	0.74823398091364	6
TASP1	0.0731760410973401	0.742208573654633	0.835873670004786	6
IFTAP	0.693709193571003	0.011565167275141	0.0351656957363551	6
NAMPTP1	0.00816984966884995	0.971250756672417	0.98289949335581	6
THSD1	-0.357846493246042	0.115610446766701	0.222873507731413	6
MRPS24	-0.297045878951874	0.252700669232946	0.398932466912122	6
SVBP	-0.098922154874145	0.681301096554013	0.79186638119757	6
MTX1LP	-0.324740588129497	0.150385159255673	0.272580174724331	6
SERPING1	1.67413851127828	8.71376040191813e-10	1.4128439458418e-08	6
INCA1	0.174584429470064	0.455732662197714	0.607412822246711	6
LRRC75B	1.01012628290538	2.88308140386478e-05	0.000195417098450423	6
EXO5	-0.250001315440163	0.291212450398958	0.443250402937268	6
DTX4	0.866788127719944	0.000247950953633286	0.00130186613588949	6
TMEM216	-0.274591627396314	0.268799326943781	0.417536421347199	6
ZNF600	-0.41190249270582	0.0702267298547764	0.152076696001767	6
DISC1	-0.0275634236449259	0.904467593488664	0.942805886802687	6
KHDC1	-0.494369448903167	0.0314402460814081	0.0801099417672426	6
PNPLA7	0.804589204737482	0.00358574719249426	0.0131145291177555	6
OIP5	-0.726570777201086	0.00324223658175252	0.0120354089468721	6
PIGBOS1	0.0423387307404725	0.849988888948092	0.909182816936758	6
ADPRM	0.269409087478696	0.250688670071262	0.396755436353014	6
ABCA1	-0.0859532711423388	0.749455073921696	0.84025258377735	6
ZKSCAN4	0.163684361387212	0.495083879098187	0.643261014576296	6
FAM229B	0.55120725825229	0.0173333502869349	0.0492996736877537	6
ZNF575	0.695172326570037	0.0036554356530907	0.0133360586201865	6
RPL17P6	0.169188642477678	0.494999359954136	0.643261014576296	6
APLF	0.271097765805927	0.251532085389903	0.397644040353463	6
HAGLR	-0.285004581765596	0.209969441689689	0.348968151636538	6
THNSL1	0.0951291035505214	0.687331813908847	0.795932704436117	6
SEZ6L2	-0.478013252475568	0.0651171640740384	0.143453929825367	6
C17orf58	0.174835413226771	0.464395645710562	0.615477825990825	6
ZNF606	-0.264367575522775	0.258714068000435	0.406039498877993	6
CELSR2	-0.0359903475823318	0.873546352725433	0.924167387954097	6
SCML2	0.0764772710674481	0.74419738961442	0.837110770765221	6
NKX3-1	-0.248616800974655	0.308705162226434	0.462821391164633	6
FIBIN	1.59636463305368	4.91477225607577e-10	8.24116524926437e-09	6
PRORP	0.323132467256723	0.157486736464653	0.282001084417622	6
ZSCAN22	-0.0649763309237408	0.776319206218343	0.859291095816687	6
TAF1A	-0.0485396210384481	0.83601273326087	0.900379283907121	6
TMEM158	-0.677693176674741	0.00503012906469519	0.0174103573175343	6
ZNF484	0.657080188046328	0.00633721304720912	0.0212418475529446	6
IRAK2	0.0665746348006121	0.770786231591916	0.855305835941244	6
UQCC5	-0.446360488822968	0.0661510126323935	0.145245334325304	6
AGER	-0.557389278007171	0.0310301775292266	0.0792155704785619	6
PPP3CB-AS1	0.182876007836257	0.489848616694474	0.638783172334987	6
THAP2	-0.110980060502009	0.628717121295575	0.752619449582908	6
BBOF1	0.0968590535860846	0.702972094708165	0.807013926621627	6
CEP76	-0.544440186254304	0.0191184226424675	0.0534641591762906	6
WARS2-AS1	-0.384494231431415	0.092693664110187	0.187654060394093	6
CCDC85A	0.481244918024524	0.0360102609742902	0.0893670937414371	6
ZNF213-AS1	0.247057152785091	0.316540152780402	0.471283568719425	6
ZNF287	0.388092709884523	0.0982293064654899	0.196510906075916	6
SLC25A10	-0.803838721955146	0.00115621022984238	0.00494927905077432	6
ZNF738	-0.462914068739652	0.0510510236329786	0.118244698940858	6
MND1	-0.604811268001998	0.010649136424336	0.032862275173927	6
DLL1	0.360037745944369	0.138772480665384	0.256122008272358	6
SDR39U1	-0.132658827295466	0.626289463385907	0.750669113690466	6
ZNF407-AS1	0.0784536980064624	0.728199275615325	0.826798863710841	6
THTPA	0.325876341312956	0.186794843578415	0.31990378949033	6
ELAC1	-0.437720602729167	0.0615992934150804	0.137088471739749	6
TOX-DT	-0.387133880435768	0.143176907996986	0.262269363204129	6
ALDH1A1	2.67107332420294	8.45268485717728e-21	4.94295562995845e-19	6
ZNF675	0.475064038678376	0.0410716532758906	0.0992938690198875	6
PABIR3	-0.290222520211974	0.232768016880551	0.376357377005121	6
RPL14P1	0.306494437045417	0.224798515462146	0.367124424197051	6
STRADA	0.0192397993258773	0.942718643536356	0.966132474686161	6
ZNF417	0.269163186270083	0.254907220980919	0.401597097519071	6
SH3BP5-AS1	-0.702227346549256	0.00621822417440447	0.020901553832402	6
PCDHGA4	0.942863864745093	0.000159996043960514	0.000895078984868305	6
LOC105376292	-0.789434292001976	0.000574720067369389	0.00271440267197103	6
CCDC122	0.526499595848653	0.0289800182188311	0.0748849587386089	6
MIR381HG	-0.522740805555586	0.0376400128468356	0.0926604617734986	6
L3MBTL1	0.260719438717796	0.300083058660144	0.453448892336526	6
ZNF585A	-0.334684022653909	0.170873090466322	0.29985368481645	6
ZNF607	0.0134501678898631	0.954104137986512	0.973400189769319	6
DPH5-DT	0.132690603495792	0.566922550707652	0.704000144808002	6
GLB1L	0.116737419686704	0.614088623117344	0.741379138047829	6
LIN7B	-0.135830938559698	0.561956091176259	0.699813436911362	6
PTRHD1	-0.113981088365695	0.688470549895339	0.796569003934151	6
RPL24P4	0.234246868064665	0.328135713524902	0.483217202850098	6
BEND3	-0.318295824152591	0.160867490319796	0.286458167624387	6
PEX7	0.545019240483818	0.0252928821134856	0.0671011597977045	6
SMG1P3	0.138179643213617	0.625923211608087	0.750492126121181	6
CYGB	1.42095405129325	3.48637854905239e-08	4.27690594978347e-07	6
ZNF699	0.545316249369189	0.0204813455661535	0.0565692209500118	6
ZNF566	0.60485285406878	0.0101435826674712	0.0315426361095967	6
TGFB2	0.823195432980995	0.000724433188097235	0.00330625740475007	6
CSGALNACT1	-0.475102586175696	0.0489320064391506	0.114473017621387	6
MID2	1.02052000650226	4.16982477346864e-05	0.0002710489061391	6
TIRAP	0.452908535520299	0.0494397872911932	0.115304025534014	6
FBXL8	0.361513459816023	0.134662746572597	0.250291687819132	6
HECW1	0.741954306605256	0.00496413577188741	0.0172136246484073	6
EIF3J-DT	0.184932580624716	0.424140257917799	0.579205126566241	6
THEM4	-0.108603559781919	0.651339985901056	0.769898368751401	6
ZNF678	-0.0570777988061033	0.814171319930509	0.886503191682131	6
RNASEH1-DT	0.284065332447773	0.242983889372196	0.387720905553707	6
ACTG2	0.536924652081223	0.0302803918200309	0.0775941402830137	6
AKAP7	0.0683755706319649	0.783824288448526	0.864320473847701	6
RPS3AP26	0.178437465804053	0.452070487640622	0.603999576615257	6
AMER1	0.0167199612964802	0.94687117378503	0.968653552540014	6
TJP2	-0.0781825959198251	0.748354401231438	0.839777406940274	6
PIANP	0.249489537378279	0.317826589775367	0.472717672453464	6
ACYP1	-0.329544794850572	0.169698053090423	0.298468128384453	6
RAB43	0.275190246845442	0.290384565718217	0.442399541498715	6
EPHB1	-0.677140066362555	0.00454017513932758	0.0159621595510066	6
BORCS6	-0.0200245553080583	0.936484733890599	0.961990678336347	6
ZNF718	0.226855476510456	0.341190129824774	0.496471996339099	6
HCP5	0.238173914928181	0.320338666158837	0.475755146411912	6
FRS3	0.0921150709875414	0.732079169523561	0.829290715011931	6
DYNC1I2P1	0.0529600724303808	0.829107682666257	0.89609528097019	6
EGR2	-0.170115537170373	0.463777543661048	0.61502154011791	6
KIF21A	0.359305297031553	0.129637866033278	0.243010998375967	6
NRAV	0.0274171319146653	0.906771511130179	0.944365329615203	6
ZFHX3-AS1	-0.577754355536165	0.0123638680455135	0.037224518545996	6
LIMD2	0.231588269883691	0.32467184451025	0.480065935456983	6
HCN2	-0.0510602076176876	0.823862694935806	0.893213462930567	6
ZNF649	-0.0415448212324096	0.858493718961276	0.913898327754733	6
CTH	-0.509062091641714	0.0407341567067674	0.0987466022474664	6
IFT88	-0.147467351626109	0.562332965827945	0.700025392576715	6
ARMH4	0.501858599750928	0.048953869493436	0.114475278315013	6
ZNF446	-0.0514734776090758	0.828176105210426	0.895729072656366	6
DENND2C	0.231247574186422	0.359245192865656	0.515113777090482	6
FXN	0.110902484474648	0.639971102154327	0.761176436040246	6
TMEM102	0.0384993921770569	0.885884314641061	0.931530215179764	6
ZNF701	0.120048941411369	0.601726794576716	0.731621078608287	6
DBP	-0.115322971514158	0.638401246912547	0.760049886737374	6
ZNF880	-0.0697576645576809	0.767217121985427	0.852873826255736	6
CIART	-0.814499111418516	0.00105813755126477	0.00459072662732305	6
FAM161A	-0.208835356059881	0.422725840497006	0.577526418329069	6
CAPS	0.477688933607522	0.0627789911137228	0.139164678347917	6
ANKRD36B	0.409379143198692	0.135669533594223	0.251697052130635	6
ZC3H8	0.0418748169775439	0.860716954088649	0.915244525786478	6
RPS6KA2	-1.31137963534436	4.93207350312307e-08	5.83820894978498e-07	6
GPR3	-0.874097358719453	0.000234482726959501	0.00124405325875369	6
ITPKB	0.470115215380802	0.0607676454124552	0.135711658731617	6
GSAP	0.660647101810532	0.00687042866365277	0.0227567822092756	6
MRPS28	-0.417468705669161	0.106771111114974	0.209769449984918	6
PDSS1	-0.687373350866754	0.00372826967761382	0.0135754394927886	6
ATP7B	1.35826381305815	1.08651951508372e-06	9.95951001187118e-06	6
KRT10-AS1	-0.341384391208969	0.163593997431897	0.290409681482948	6
ZNF555	0.356982242895636	0.140686649836199	0.258603319619312	6
PSENEN	-0.000664181618012685	0.997728396533729	0.998638801883771	6
ADRB2	-0.998917340252579	7.41773967746626e-05	0.000453084488976744	6
PHF7	-0.0533897349071359	0.828187354483433	0.895729072656366	6
RAB27B	-1.53584476307337	3.03163573914785e-09	4.55021906891712e-08	6
TUBA4A	-1.06551736855085	1.32429299165236e-05	9.59893648079297e-05	6
ZBTB20	0.735662343940816	0.00283676197775192	0.0107259161267854	6
LIPE	-0.643500680283944	0.00742273241382591	0.0242505402738125	6
ANKRD13C-DT	0.0112649128108944	0.962352383959164	0.977501692264408	6
PIGH	-0.017278660201735	0.943361047802507	0.966414621544431	6
HOXA3	0.20126703248568	0.436837280996644	0.59052087134823	6
BDKRB2	0.732750973743908	0.00229959513416028	0.00893171164088279	6
MED26	-0.848883850999431	0.000391681380803861	0.00194922571475283	6
ZNF385D	0.134685058603268	0.578901325989602	0.713868966689015	6
NECAB1	-0.0193907105635803	0.939954519206004	0.964651593350119	6
ZNF10	0.257034290216919	0.283694398825854	0.434874737596916	6
C20orf96	0.257705790696629	0.298482711518808	0.451652825810102	6
PNPLA3	0.733000819584927	0.00362109410615894	0.0132364514633075	6
PLEKHN1	-0.719450024257956	0.0026587822459752	0.0101295371067356	6
DOCK2	-0.557951508624827	0.0174634902517066	0.049594805217522	6
SYTL4	-0.355646488344069	0.171930551532301	0.301374975086166	6
P4HA3	0.202023897004976	0.413049392928779	0.569137355712501	6
IRF9	-0.187548247345435	0.509129221612358	0.655089432485588	6
SH3BGRL2	0.969186880893206	0.000175947834986979	0.000971477077153357	6
ZXDA	0.294130447190656	0.270688079777598	0.41972847897836	6
AMACR	0.752142510752743	0.00744271363334904	0.0242796628391012	6
GTF2IRD2	-0.22112029069633	0.383919559321988	0.54004367222058	6
IMPA2	0.150505822009724	0.532005760287064	0.674837418602277	6
BOLA1	0.537523738238771	0.0279596281508072	0.0729355103743708	6
ZNF2	0.183553260319379	0.486337784268937	0.635527077765514	6
TAX1BP3	0.268287573713442	0.260545428699636	0.407940939452041	6
CEP15	-0.460816437392449	0.0557432082038632	0.126792439880327	6
F8	0.821491707025054	0.000915427638592148	0.00404083635371846	6
SPAG1	-0.620003676982246	0.0154929932979185	0.0449689681985671	6
IL15RA	-0.212987726193186	0.411973597457379	0.56813079762509	6
C19orf44	-0.217534761763747	0.374296509226255	0.529827395520506	6
ANAPC10	-0.308350962421215	0.241104902074893	0.385555642650671	6
TP53TG1	0.600542850154921	0.018561233713978	0.0521386084884962	6
MICOS10	-0.14819975664801	0.547393359422832	0.688319664790403	6
SPDYE3	0.0449651471989439	0.849388554716884	0.90868835709837	6
LYSET	-0.416985518203996	0.147060830111545	0.267777245367031	6
ARL2BP	0.871905265300208	0.000884769372638168	0.0039278985672972	6
TMEM220	0.0480822529577778	0.841787473370285	0.903668152658854	6
LINC00665	0.0753292788774548	0.756512906402137	0.845122750369172	6
ZNF461	0.0338953795615699	0.890865039584737	0.934602416199402	6
A1BG-AS1	0.418563625266087	0.113922711388987	0.220426966046337	6
LRRC37A	-0.20773955891395	0.344594395084054	0.499933431333782	6
ZNF597	0.047047903489843	0.848108845296562	0.907761971917275	6
ZNF567	0.292947008378815	0.234913299608426	0.378988082209304	6
ZNF586	-0.238326663976787	0.340705374035613	0.496002561142319	6
ELFN2	-0.500537277958712	0.0469734965113192	0.110749083750402	6
RNF207	0.602222616861709	0.0170411410132201	0.0485945708745702	6
ZNF583	0.0448802671529	0.861103197896829	0.915491591464015	6
LINC00863	0.302036093905559	0.216558357126001	0.357078498665858	6
PPAN	-0.411745217862469	0.105576381400259	0.207815757677108	6
AZIN2	0.393813228755131	0.11541325519991	0.222656408939823	6
ZNF594	-0.0824995515488321	0.74158115694996	0.835310009321609	6
NFIA	0.388130849745689	0.156516694707054	0.280761686076444	6
SPATA31H1	0.481823409340518	0.0583666922850287	0.131083564331655	6
FAM117B	1.31895452238805	6.5432579532165e-07	6.31906855746066e-06	6
SNHG4	-0.493632500830319	0.0602534426847464	0.134723299823223	6
FABP5	-0.883930787824419	0.001343208503761	0.00567233029676165	6
DACT1	2.06457053926427	2.01463300277687e-13	5.53624513894613e-12	6
PINX1	-0.478158005013605	0.0634513090138154	0.140442169253212	6
ADSL	-0.287248085077719	0.23500504296411	0.379043178597792	6
CASP10	0.49240235947725	0.042491941944669	0.101991508354792	6
CELSR3	-0.20789263396524	0.404496615848716	0.56069807860327	6
TRAM1L1	-0.180331320924344	0.472124608143479	0.622578262571891	6
ZNF92	0.210010510924981	0.399906637595185	0.556237686689594	6
ZNF416	-0.0944623518205353	0.700570053211314	0.804888156622198	6
SLC45A1	0.437622902080169	0.0800255855429564	0.167956590447812	6
NKX6-1	0.0536817656787174	0.82898255138186	0.896033611745724	6
GPSM3	0.0931257267221109	0.715794425637776	0.816818554371049	6
NHSL1	0.378458537753105	0.148836582427355	0.270449466384769	6
CASTOR2	0.0482303300434718	0.855180529291328	0.91214174759434	6
DNAH11	0.276477730587986	0.26957480116559	0.418494292692849	6
NAALADL1	0.682542579911071	0.0087468966430121	0.0278508467614824	6
AGAP2	0.494835492537183	0.0703160567068992	0.152206915710066	6
TMEM240	0.601087267413453	0.0154552314083275	0.0448866227960259	6
SYT7	0.37856846657986	0.146649804630866	0.267250640780297	6
C1orf74	0.0812177449163873	0.74587653939187	0.838283204236269	6
PRIM1	-0.564170455530849	0.027313619285881	0.0715908344603845	6
RHPN2	-0.119716052925919	0.617148730214717	0.743436326147737	6
POLR2J3-UPK3BL2	-0.375354923369061	0.126372905526255	0.238247859559166	6
RPL4P4	0.79151734875928	0.00172207415783078	0.00699403336609893	6
FRAS1	-0.316525726913864	0.187468180761273	0.320639769147692	6
SERGEF	0.314598656028798	0.192092103564365	0.326849581077784	6
BCL11A	-0.307095104796858	0.232451754711146	0.37593837661418	6
SPA17	-0.137595229956303	0.58652244037042	0.719447850395661	6
PSTK	0.104362675728844	0.694195550197611	0.800428874146037	6
SP4	0.662244557456163	0.00829342276841094	0.0266519345460433	6
ZSCAN21	-0.107423118386691	0.675564676767263	0.787430960797617	6
RPL36A	-0.150617456550848	0.582277556011826	0.715574593388447	6
ADAMTS13	0.127079367562941	0.647414775726353	0.766764738999145	6
MSX1	-0.0655298675964226	0.814094508324395	0.886492886587857	6
CNPY2	-0.2652202562773	0.314524961370797	0.469032537096265	6
LPAR6	0.309580671807872	0.211422986663255	0.350643597477322	6
PDXDC2P-NPIPB14P	-0.553047276262936	0.0590148141554853	0.132358493564262	6
CBX2	-0.575215203103163	0.0185446338409806	0.0521030982388106	6
ZNF100	0.337434142310127	0.179645882584443	0.311101006770033	6
CREB3L4	0.074080785881071	0.766257393076361	0.852027131862783	6
ARPC1B	0.24629692316408	0.331488345488573	0.486550077126014	6
C22orf23	0.0624865309847181	0.822241932288968	0.892117586112734	6
RPL26P19	0.485988868933931	0.055865813061394	0.126961654396509	6
MSH5	-0.601314075810137	0.034773764638219	0.0869047017149947	6
MAP3K8	0.457298500351536	0.0754034921283011	0.160682558990582	6
NPIPA9	0.355696373516837	0.279749676547113	0.430585457590777	6
ZNF527	0.201476476408677	0.442119765561897	0.595053422708716	6
S100A3	-0.342990137882074	0.169028028508586	0.297703231402905	6
ZNF674	0.361841396162237	0.139371975503531	0.256685124073909	6
ZNF808	0.0866742163935871	0.721435894005862	0.82112068074355	6
HNRNPA1L2	-0.118383874975861	0.636822458515652	0.758879408040105	6
TMPPE	0.118176499372895	0.676579267088501	0.788194786501985	6
ARL6	0.72211216257214	0.00608527590726904	0.0205257097721269	6
VCF2	-0.0408563875252774	0.875587297762847	0.925508359467787	6
TNFRSF10A	-0.16085464405227	0.539627311338631	0.681157872952666	6
ENTPD1-AS1	0.150580918846207	0.538402689297407	0.680303244426843	6
ADRA1D	-1.93098529276076	2.25696882397261e-13	6.18926679790656e-12	6
HSD11B1L	0.840993283836127	0.000925679139629329	0.00408198141204049	6
ZNF846	0.647185980764656	0.00971994177556368	0.0303904022783242	6
TMEM116	-0.0823469259750767	0.746382158107122	0.838533588808056	6
ZNF85	-0.0855117866021552	0.747483372680579	0.839229242118258	6
C17orf67	0.211379390990147	0.421185223550794	0.57624582658758	6
ATP8B3	-0.0864567386489999	0.74125406951225	0.835279497755398	6
GALNT18	1.09550348944429	2.64340292165428e-05	0.000179862587932785	6
DPH6	0.272242797664625	0.316227531681427	0.470938988538902	6
ZC4H2	0.497841441670493	0.0474898983111703	0.111646638948015	6
HDDC3	0.0759894500621039	0.764927470106055	0.851119212933728	6
ZFP82	0.462462614842752	0.0689085072799446	0.149825352052513	6
STAT4	0.35793062220501	0.160716110144911	0.286304798732909	6
RNF182	-0.204331647666206	0.488387023422715	0.63769848123333	6
LOC100996660	0.164320400325676	0.533008108174774	0.675598301351622	6
RTP4	-0.0842103757987924	0.732865652560635	0.82982456642199	6
SSX2IP	-1.27457493401586	1.25643035115795e-06	1.14373393584316e-05	6
DNAJC27	0.350638720095923	0.170778989396337	0.299768480787303	6
AMZ1	1.47541923841487	1.47234903105149e-07	1.60834276313119e-06	6
SNHG19	-0.240128259099003	0.392494485744043	0.548858484632831	6
ACTRT3	-0.133192520758362	0.604466209191272	0.734130748700078	6
SLC1A2	-1.02234058916797	5.33619556098646e-05	0.000338344615458886	6
RPS7P11	0.271191410921547	0.288013393494851	0.439924129750523	6
SLC2A11	0.455739245184914	0.0803916676609656	0.168421641275966	6
LINC01116	-0.253149621997624	0.317164441418042	0.471999496030038	6
IRAK1BP1	0.530600435545129	0.0452003835103653	0.107298944661305	6
ARID3B	-0.317964886807015	0.242345715944317	0.386900746995154	6
NBPF10	-0.628557342476556	0.0145112067604683	0.0425793612545797	6
ASTN2	1.04961968903196	9.70646478865697e-05	0.00057734385907407	6
RBP5	0.0976014669263253	0.729478092263572	0.827346680375041	6
ZNF599	0.31230170277665	0.208107687580665	0.346574075357324	6
ENO3	-0.304914025702097	0.242738502764617	0.387386870985773	6
ZNF232	0.339196429502697	0.185788310970856	0.31873370274494	6
SDHAF3	-0.173996515063367	0.507832547605127	0.654070432889069	6
HELB	-0.0914679991581684	0.728020617107921	0.826685246979948	6
C12orf76	0.00850469598018779	0.973551025557744	0.98424363666794	6
COX10-DT	0.575455203721693	0.0360610580822474	0.0894309947265275	6
FEM1A	-0.247728872352927	0.314740937943638	0.469189587296228	6
NEK11	0.11101344957946	0.692542758223312	0.799573750240633	6
ARHGAP6	0.474279897057028	0.0781570568040137	0.165105460553599	6
RAPGEFL1	-0.849688472940894	0.00215914165030192	0.00847204193896551	6
SEMA6C	-0.0491403565033405	0.850564107148402	0.90971829152899	6
ZNF680	0.490481980784694	0.0594762549529185	0.13330256154355	6
GPRASP1	-0.261938576371327	0.302696574221099	0.45635036152472	6
PTPMT1	0.10013362187491	0.73919705838153	0.833766142200178	6
FAM72B	-0.754055018513415	0.00364732530979011	0.0133138499869016	6
GPR150	0.811421911783218	0.00181293217019655	0.00731564259849698	6
ATP23	0.249057144632596	0.329975654947411	0.484972896297213	6
TMEM132B	0.274932079393109	0.3251000726842	0.480250249061084	6
ASB16-AS1	-0.216456108114862	0.413600289414889	0.56947914326027	6
OLFML2A	0.821868922534592	0.0050698094986361	0.0175279420620058	6
PLPP2	-0.273232439371345	0.308129108535413	0.462263899663967	6
C1orf56	0.113832371329055	0.667825032503218	0.781523906724739	6
KCNMB4	0.854554339535605	0.00316482744663636	0.0117812849773966	6
SETD6	-0.239106494265789	0.375669889093814	0.531371453915955	6
CNN3-DT	-0.0496620465382262	0.845482570114931	0.905938917235729	6
SBF2-AS1	0.85747445011183	0.00235429574858851	0.00912263613148971	6
TOP6BL	-0.399023042101153	0.143633724259793	0.262987230721015	6
S1PR5	0.628659674941437	0.0230939809036216	0.0622667084462045	6
MMP11	0.853801274299457	0.00128114543607729	0.00543640147488244	6
EPHB3	0.0992716610547207	0.700262051317539	0.80464128892573	6
SAMD11	-0.169763621798696	0.504916708760249	0.651462324780548	6
TMEM198	-0.392584197701445	0.147159831496645	0.267883399528466	6
HOXA7	0.215470248199438	0.433881354876229	0.58781188495634	6
CSNK2A3	0.150178385167748	0.57892625807432	0.713868966689015	6
ZNF708	0.534064346358347	0.0386084134584923	0.0946021121284687	6
LOC100506235	0.229275711214772	0.376026187972108	0.531704018936175	6
CDHR3	0.36918240795722	0.174077796007617	0.303897351306136	6
BATF2	-0.161646321596856	0.567632552494428	0.704679151121906	6
GPR137C	-0.109696056319776	0.685582334613558	0.795024250772466	6
CCDC40	0.829928834519451	0.00240627895669994	0.00929397004314592	6
RAB3D	0.104148141512125	0.689774076574803	0.797409611034067	6
STX11	-0.613405434674459	0.0492000730634508	0.114928227459486	6
SLC13A4	-0.511812705965196	0.11525741906934	0.222486201379927	6
TTC28-AS1	0.109925563804932	0.673599467464589	0.786254304357221	6
WDFY3-AS2	0.0770588632796433	0.769817308994839	0.854679085896739	6
DTWD2	0.531725119190079	0.0635348780900956	0.140603497024198	6
PRRT1	-0.3534557261425	0.174389675372155	0.304273112534773	6
PARAIL	-0.110389346385261	0.681691694315191	0.791907843285752	6
ANKRD18B	0.232138147488299	0.397207634591005	0.553673721574827	6
ALOX12	0.210629667882609	0.436934055955649	0.590549643551105	6
TRIM47	-0.222325058140687	0.43289031239579	0.586710788927696	6
ADAT3	-0.821063762325306	0.00270104176385501	0.0102638027533555	6
ZNF814	-0.219913426057285	0.430980624922696	0.585087914534369	6
JAM2	2.00640491829034	8.02859465501741e-11	1.52135414397131e-09	6
PELI1	0.250422580424626	0.331237210668646	0.486398416335497	6
FKBPL	-0.397355116390402	0.132311761786355	0.247204561220321	6
SPAG4	0.786665950272308	0.00485351088363432	0.0169102074540176	6
PGBD2	0.0486227095281124	0.848672057023021	0.908290941263032	6
MAPRE3	-0.159185256612933	0.547642449083301	0.688382940824051	6
SYTL3	-0.764542195513509	0.0040856228815989	0.0145940445021673	6
BEX1	-0.901659103266892	0.00139634116938635	0.00584790389905232	6
SPACA9	-0.195585221833341	0.457980080954634	0.609427224661259	6
SLC25A35	-0.225358347491843	0.402185079251247	0.558484811171488	6
FGGY	0.0255589824863488	0.930848082736354	0.958745382019781	6
PLA2G4A	2.53888659316106	8.06733643273484e-16	2.99127744969264e-14	6
TSPYL5	-0.200068935905789	0.458798175662401	0.610201110058016	6
GLI1	0.953782177447651	0.000543657432453788	0.00258438525943995	6
ACTC1	1.51578829552479	7.67024993757224e-08	8.81777291949899e-07	6
NPIPB3	-0.0143340370624127	0.96133927714077	0.976860323557662	6
CABYR	0.528474818843177	0.0600892421835926	0.134470366348628	6
RTEL1-TNFRSF6B	-0.691912376523628	0.0193799121522601	0.0540118110650434	6
ZNF530	-0.75970184057638	0.00448161601665772	0.0157900191721803	6
FAHD2B	-0.148615833826099	0.581958434015308	0.715574593388447	6
MLPH	-0.136582636777725	0.629066834745382	0.752832688949311	6
ITPKA	-0.581441471915688	0.0419379898807613	0.100993370069605	6
GNG4	-0.18131729168094	0.501201133316452	0.648495270547693	6
ZNF805	0.467517598196755	0.0827272342633833	0.172032740562466	6
TESK2	0.623384873932222	0.0273504825705048	0.0716019097206752	6
TMEM17	-0.0314030248556918	0.903613302171008	0.942194383434489	6
WASHC1	-0.333636281736967	0.239370523364051	0.383811975086447	6
ACOT1	1.30196009719534	2.51431495086819e-06	2.1462988131179e-05	6
FSCN2	1.30334182647061	7.62667065079309e-06	5.82307806127549e-05	6
FOXD2-AS1	-0.181249928464426	0.508586421332396	0.654657056913586	6
MFSD6	-0.506332031688578	0.0513454586423684	0.118780364166871	6
CLCN2	-0.705990916387298	0.00912365876899866	0.0288273452655615	6
ZBTB49	-0.38836483271272	0.152799369280583	0.275709129244731	6
C5AR1	0.251612412584913	0.382619201793196	0.538711793047795	6
GCNT2	-0.973000457352237	0.000227911734134387	0.00121310236814029	6
NLRP10	0.441552804055049	0.0913849968420602	0.185432513246807	6
DUSP18	0.127954038477426	0.627382105204806	0.751497471180784	6
BOLA3-DT	0.760038236264557	0.00596820543452421	0.0201693165942599	6
SLC43A3	-0.410634676661949	0.122858524175533	0.233091201170733	6
METTL18	-0.567417133863987	0.0286805104754537	0.074286021131129	6
ITIH3	0.933274159904978	0.00137086761562384	0.00576508959247813	6
MED11	0.106671600433328	0.686466683719337	0.795391016527827	6
ZNF486	-0.271166788748477	0.303175549556593	0.456731118023784	6
PRSS3	-0.969729737782337	0.000332944643514405	0.0016881935063868	6
CD63-AS1	-0.0346734636058585	0.905257930111218	0.943386124143295	6
C1QTNF1	-1.11710780676867	0.000105685157749803	0.000621041844402079	6
AUNIP	-1.13935209535063	3.90049648474492e-05	0.000255306987711076	6
PRELID2	0.0193114136071344	0.943936197708708	0.966627677799885	6
STARD8	-0.0845029496882375	0.745987570730214	0.838336411980005	6
TAMALIN	0.818999351270788	0.00217225784324226	0.00851501786497854	6
NEIL1	-0.888852259750922	0.000673592910448236	0.00310887218801898	6
MORN1	-0.267231407098079	0.306208956410312	0.460117407902847	6
EFCAB7	0.762810519797599	0.00693948526419926	0.0229393381548606	6
FBF1	0.0644188623515305	0.814921576925969	0.887026603578642	6
CYP27A1	-0.375780913327285	0.163045527719758	0.289592265736767	6
POMZP3	0.0207051405486275	0.937391194105937	0.962396091413809	6
IL32	1.12853296105169	3.33265684634313e-05	0.000223473061988867	6
LBX2-AS1	-0.59754151955346	0.032115903001696	0.0814688053982124	6
ARHGEF26	-0.673594127399948	0.0277787539601808	0.0725643457784996	6
KRT8P12	-0.443013138293222	0.0908533306593781	0.184665899506099	6
NAT1	0.0863811250772955	0.741144097858756	0.835279497755398	6
LY6K	-0.822785127830304	0.00351141280403057	0.012885622174367	6
FAM89B	-0.333594593914492	0.224502427600645	0.366816653489092	6
PROSER2	0.11012267313343	0.695882189477336	0.80174155449367	6
ARHGEF39	-0.66047721835667	0.0113984757104998	0.0347874184505702	6
DNAJB6P1	-0.443053343128028	0.0913414836876522	0.185401380074104	6
TFAP2C	-0.787546903861385	0.00342282389664967	0.0126026939724754	6
ZNF561-AS1	0.12218997197615	0.652128978406984	0.770496734445836	6
ITPR1	0.372344871536708	0.183074604683137	0.315213998880855	6
UBE2V1	0.575814420078779	0.0496480027398051	0.115704013815022	6
NPAS1	0.671723177423308	0.0118774476013132	0.035973962902919	6
SWT1	0.561276930698316	0.042188921455966	0.10146425397872	6
DIRC3	-0.149800283320558	0.611214898487742	0.739468907058286	6
ANKRD37	0.799044966041017	0.00393314672304836	0.0141608343313691	6
RILP	-0.0236170096227055	0.930522782800703	0.958559351229116	6
ZNF613	-0.0109793372513537	0.966613028027003	0.979938947005502	6
ABCA8	0.276675550057959	0.293099430090061	0.445247293511307	6
KIAA1328	-0.21833315778439	0.414483465169901	0.570218002929703	6
MXRA5Y	-0.641697606429232	0.0189530024428485	0.0531012347953952	6
ZNF502	-0.376289946945051	0.181361008458	0.313246943226958	6
PCDHGB3	0.546451499134924	0.0393415522455908	0.0960409592375208	6
MRPS17	-0.72924150081214	0.00713869383359003	0.0234857852865647	6
PTCD1	-0.734164473867574	0.00569413330072271	0.0193474126580829	6
BACE1-AS	-0.187729315398772	0.539089142154905	0.680804986873742	6
POLR1HASP	-0.394881413061198	0.21568927051386	0.355957606290614	6
SMPD2	0.0960083161225523	0.72461313353796	0.823810906612555	6
LOXL2-AS1	-0.135307523325866	0.622439817375831	0.74823398091364	6
GCSH	-0.358363790678696	0.20669595851816	0.344789768468904	6
KIF5A	-0.759626959161826	0.00499967166695703	0.0173185995137251	6
NT5M	0.385976188166375	0.151300061495811	0.27374743917969	6
ANKRD35	-0.173796104511389	0.511694435258669	0.657179612772939	6
RPS8P8	0.627956856919946	0.0387650378174709	0.0949152144329184	6
PCDHGA6	-0.199811958409411	0.490758555169881	0.639716266755907	6
ALG10	0.174916817373773	0.51044385787825	0.65623318063606	6
CSPG4P10	0.310096561531506	0.25980474703593	0.407071763508386	6
PEX11A	0.467185669404948	0.0796361850464077	0.167345323078842	6
HSF4	-0.0489191808269845	0.865835678175469	0.9185199090767	6
TVP23C	0.264784122589969	0.361848949330098	0.517663049672001	6
NEK8	0.162433106408475	0.580584676231874	0.714894633741135	6
BTBD8	1.02433882564557	0.000476456991491838	0.00230913231922204	6
ZNF182	0.493839936282894	0.0704867891697328	0.152476188305866	6
EGFL7	-0.667398314829035	0.022185748289358	0.0601629593598721	6
LINC01089	-0.292229478981129	0.317520578695455	0.472422671794764	6
RAD51B	-0.289445746077926	0.282904663838373	0.434017959219639	6
GOLGA4-AS1	-0.076355809529501	0.770958683125262	0.855305835941244	6
TTC21A	-0.148677159918993	0.579328648834159	0.714083997060027	6
VPS37D	0.230467125292631	0.44328161208677	0.596129532069693	6
SLC25A19	-0.00618548999657646	0.983520568258256	0.990196913249047	6
CHAC2	-0.76841912879651	0.00473630230165259	0.0165544203921012	6
ARHGAP25	0.145260214245502	0.596142565394538	0.726980228672254	6
SLC9A9	-0.414294114539875	0.116810885495795	0.224366217099248	6
ST6GAL1	0.737314621115801	0.0103177707739605	0.0319785299499982	6
MST1	0.234246837301412	0.447071187316228	0.599083583288559	6
ADCY4	-0.0416455725489481	0.882692451950604	0.929659205074876	6
ULBP3	-0.477366170696916	0.0769308027198942	0.16309231054952	6
RDH13	-0.209578192844934	0.438752381493089	0.592034553121437	6
CDC14A	-0.0898736064892548	0.737007388552631	0.832223407010233	6
ETNK2	0.776024644130708	0.00426418008588877	0.0151619131470972	6
FAM89A	0.344838760558284	0.200915803382784	0.337759223490112	6
DLX2	-1.07802112861288	8.49777677683138e-05	0.00051052595031233	6
PEX39	0.490237865792488	0.079419470928957	0.167023245860019	6
NUDT8	-0.0966273914714682	0.716256697591102	0.817133550909315	6
SMG1P7	0.276331834773323	0.368691368732734	0.524261044250726	6
QPCT	1.2467909454752	5.89427137561785e-05	0.000369107012927011	6
DNAH5	0.83284329732361	0.00447193077162692	0.0157643344260646	6
REEP6	0.516856255928263	0.0585598056347973	0.131405169036965	6
IFT70A	0.744360678099063	0.0164415173340072	0.0472119748402131	6
TLR6	-0.209623554697237	0.467239903266081	0.618142237767003	6
LINC02454	0.612280653535059	0.0280964524676056	0.0731764154790447	6
GAS6-DT	-0.0983898570379788	0.734588645976842	0.830862836045683	6
RAD51-AS1	0.720896598599866	0.0125334870077782	0.037674877708012	6
TUBB2B	-0.244125391041561	0.40518595951827	0.561298967074194	6
PRSS35	1.27537422515385	7.51130121913449e-06	5.75502083512615e-05	6
TMSB15A	-1.2409035330388	5.13534928231123e-05	0.000326553635763588	6
RPP25	-1.20970483989551	5.57645481008634e-05	0.000352390180821731	6
PAM16	-0.142734104407898	0.655209910917411	0.773292213521554	6
KDM8	-0.527859478469129	0.0500650841761159	0.116490180658156	6
ZNF551	-0.539798373845429	0.0583444407747308	0.131069990364933	6
ABHD14A	0.375884485148089	0.170817896017797	0.299796795370968	6
ZNF786	0.152667005264933	0.573343571779744	0.709263469788648	6
ZNF34	-0.118110614313182	0.672957076352743	0.785783198441511	6
EFCAB11	-0.149226716524784	0.5831752308599	0.716427800790079	6
ACAN	2.75916583559624	2.25193477713739e-11	4.60998716507922e-10	6
APCDD1	0.54092542698478	0.0523932215791551	0.120589609310442	6
CLHC1	0.493387266321945	0.0785850783680786	0.165824845552905	6
H4C9	0.384413406567068	0.183068513351197	0.315213998880855	6
ZNF747	-0.231530996370593	0.383483114263436	0.53969723436861	6
MARCHF1	-0.160623885225969	0.562155974640254	0.699929918103449	6
FAM200C	0.00492233503789906	0.986207630021535	0.991707489226392	6
ID4	0.124232419970569	0.643227667065649	0.763738569509754	6
MINAR1	0.534218343204997	0.0690625095902929	0.150061045516181	6
EXPH5	0.0194481726913744	0.944072112128547	0.966687061977321	6
ACE	1.56174059139331	1.06687492901859e-06	9.80675606890481e-06	6
ZNF93	-0.255741660855923	0.378636463758747	0.5345336521296	6
FMO5	0.74940292423347	0.00665532292555018	0.022132655662429	6
KLF15	-0.12917456268255	0.638446524170413	0.760049886737374	6
GFOD1	-0.435469928098753	0.115757571616613	0.22293862008467	6
DNAH10	-0.170874135143668	0.553441372771873	0.693009622320064	6
C2orf76	0.134284359261369	0.665020765364177	0.779559028808323	6
CCDC74B	0.449037965866461	0.121210155552368	0.230595357354506	6
CKMT2-AS1	-0.32000060848845	0.240115546920929	0.384552980182528	6
AK9	0.0419510697152885	0.886070767739198	0.931651850447405	6
UCHL3	0.198789170298505	0.530342077704316	0.673246481707196	6
UBAP1L	-0.506391861048275	0.0996241564735089	0.198719922967237	6
GRIN2A	-1.50914597303478	6.52763695333184e-08	7.59039622055716e-07	6
WDR83	0.248459286307371	0.360825291028517	0.51653543293185	6
BDH1	-0.198470982233181	0.476132116967717	0.625669068148753	6
MTUS1	-0.550470760891014	0.0510123471026462	0.118175910755391	6
LY6S-AS1	0.336957269026615	0.231715680171397	0.375116652084134	6
TRIDDENT	1.13869704741369	9.72117435043287e-05	0.000577957624095519	6
DOK6	0.99323457799254	0.000518660935768835	0.00247988881130591	6
ZNF350	-0.176122684271625	0.523237843255225	0.667123181980678	6
HYAL3	-0.295642035050757	0.287190895351845	0.439058508190051	6
ZBED3	0.0909426493359329	0.742363882008357	0.835977053544016	6
LZTS1	-0.00199085404539984	0.994745641482362	0.996486824873084	6
RPL13AP25	0.0930704595883776	0.752290120028583	0.842237015307654	6
MNS1	-0.464087722392269	0.0920209705311587	0.186493000015649	6
MTHFD2L	-0.912384972713203	0.00148214722156842	0.00614085737409666	6
PCBD2	-0.61893429949032	0.0253432045893471	0.0672159181965697	6
KCNC4	-0.436091206730261	0.11010612007988	0.214715090164661	6
COQ8A	-0.359094016687229	0.181806626222652	0.313580438610666	6
FRAT2	-0.165238839884606	0.552508002803149	0.692436717213925	6
AMN1	0.522914883105083	0.0888241408046135	0.181692644197533	6
AP1S3	0.702980458438103	0.0110592152349151	0.0339013623980408	6
PILRB	-0.287735571769049	0.360244982648795	0.515985278194351	6
NYAP1	0.366266462286	0.186221513232841	0.319229846186759	6
LRRC51	0.616531980771467	0.0515248157288806	0.119111547144232	6
LOC645485	-0.13248354612606	0.649010465033539	0.767972379650888	6
CBLN3	0.484163735497978	0.0793483291546909	0.166900296686353	6
RYR3	0.610826596208048	0.0557822858206572	0.126817961246105	6
STRA6	0.488680461279039	0.0762722773092935	0.162035504554911	6
ZNF112	-0.262232714536637	0.342827006640803	0.498192966263292	6
KCNAB1	-0.0631752149010107	0.823300614381308	0.892824681751619	6
PCDHGA2	0.441582933816459	0.129887696752729	0.243409987522234	6
ZNG1F	-0.226934934211708	0.428830670882061	0.58312997115915	6
OSCP1	0.0969386042076134	0.735343823076442	0.831260962494137	6
FAM53A	-0.0706880482808106	0.798800684428338	0.875852845408598	6
CFAP184	-0.510909162025736	0.060927393818192	0.135976141883496	6
NCALD	-0.329951280619339	0.248608810338423	0.394222114261494	6
ZNF420	0.0494047173211599	0.855536225258192	0.912425043980831	6
RENBP	-0.300165354043493	0.296980184220084	0.449844667996428	6
CFAP300	0.295478880888025	0.282809881906096	0.433923123386168	6
ARMC2	0.652853772162983	0.0233977014257418	0.0629052172931045	6
ARHGEF10	1.13477637537629	0.000742484381768679	0.00337360093794309	6
ESAM	-3.35892803130774	1.98365217865842e-19	1.01995365733128e-17	6
LYRM4-AS1	0.309548288961405	0.278815435927126	0.429647340565296	6
TNFRSF21	0.415455962052658	0.137305719949574	0.254020406422521	6
ZNF785	0.847578889833298	0.00300623297189102	0.0112525487588955	6
KCNAB3	-0.354281625759855	0.229124205267993	0.372111278709758	6
RPS17P16	0.407618227160828	0.158919735393531	0.283873046137203	6
PLCD4	-1.13699127928092	6.23119123310214e-05	0.000387205040335299	6
TMEM26	1.03415803208266	0.000462959226523765	0.00225701196249345	6
GPS2	-0.537075692726066	0.0570220520196786	0.128905868194709	6
NPHP1	0.65277925751888	0.019849006741683	0.0550975275708084	6
LRP2BP	0.573943536893561	0.0642447724711165	0.141983535936418	6
CEP72	-0.867384287034438	0.00298341388555346	0.0111850404373512	6
WWC1	-0.957609754435961	0.00124503714218921	0.005301981204347	6
LINC00106	-0.13034957749191	0.681682758978304	0.791907843285752	6
PLEK2	-1.11026905096434	0.000383315966018611	0.0019155083491223	6
TUBD1	0.0579923630207198	0.845835671310648	0.906139410878331	6
TMEM144	0.384751775835271	0.173917943598705	0.303795806401471	6
KLHDC1	0.489341302848696	0.132233718279924	0.247137928967575	6
WDR73	0.0134818634477223	0.961349892225629	0.976860323557662	6
ZNF525	0.0543079562559321	0.85320390875683	0.910578618240197	6
RAB7B	0.60441251211699	0.0333401771594672	0.0839114248470491	6
ZNF669	-0.121250220769327	0.658158213695987	0.775520236942107	6
PCDHGA1	0.924676700909889	0.0017554677040462	0.00711210261260701	6
GET4	-0.377609034704127	0.173390248667645	0.303058802710424	6
PRKAR2B	-0.675554994118409	0.0174838706044401	0.0496419734180858	6
UBA6-DT	0.0547819420492966	0.856428398039394	0.912929013842304	6
VPS33B	-0.486017899346774	0.104631686030272	0.206363033146009	6
P2RY11	-0.943593700455898	0.000814423159419009	0.00365504672602537	6
ZNF577	0.267409738381485	0.355361190767559	0.51115936554184	6
PCSK9	1.78407162228711	4.07286507762632e-08	4.88706682012719e-07	6
NEXN-AS1	-0.239317457801964	0.396583148241805	0.553007531302798	6
MELTF	0.714246473865926	0.0136381812850127	0.0404414012738506	6
GIN1	0.202863740477888	0.47451817507735	0.624358530442139	6
DIO2	1.57919771802972	1.52725826474556e-07	1.66555928242302e-06	6
PAQR5	0.718815020117796	0.0273382482894277	0.0716005967663451	6
SNAI1	-0.398412918809365	0.160812987889839	0.286399859233386	6
ATP6V1E2	-0.295288724781102	0.302420289866517	0.45598605675979	6
PRR7	0.250800179094001	0.370081767920295	0.525556835811289	6
ASPN	3.1147698747711	1.35340006689903e-16	5.36590514475661e-15	6
ACACB	-0.191683094823784	0.501882313161199	0.649137947149539	6
PKD1P2	0.387294193163579	0.191347251723505	0.325834912604981	6
SDCBP2-AS1	-0.321977860878695	0.26318278705716	0.410837943397755	6
ZNF141	0.666003777647926	0.0462479406694128	0.109391130823267	6
COL4A5	0.873087480874246	0.00414056803857449	0.0147782801224935	6
CDKN1C	1.45100407081887	1.33257268327515e-06	1.2080340378754e-05	6
OLMALINC	0.0919995883434381	0.763464122461941	0.850137741643392	6
LASP1NB	-0.85367757956029	0.0103601996483342	0.0320949183269059	6
ZFP69B	0.701358485812929	0.0175020584923233	0.0496721854106191	6
ZNF684	-0.212973723533166	0.450742502755269	0.60294742114973	6
ZHX2	-0.538345543988057	0.0516778068139834	0.119381356808084	6
GATD1-DT	0.189885300253187	0.501286893399892	0.648495270547693	6
CNTN1	-0.209604334912426	0.446073003915659	0.598355136099238	6
CCDC78	0.138803786794994	0.646179143753493	0.765792389414533	6
SLC45A3	0.0861287956622643	0.76187676898055	0.848801008048326	6
DLEU2	-0.96319912151704	0.00190840045076233	0.00762375573092097	6
SENP8	-0.411501338088437	0.170610134201081	0.299594133385943	6
SLC25A45	0.336992550828819	0.242389790906683	0.386924183568356	6
CLEC2D	0.376422648360404	0.217671647435366	0.358599736569678	6
AGAP2-AS1	-0.172348994016425	0.568229862523706	0.705035181378112	6
RAB3IP	-0.250265270178044	0.409190248587405	0.565180613027913	6
SOCS1	0.370242725255292	0.206670363025474	0.344789768468904	6
ZNF829	0.258047980436576	0.393151751171521	0.54971919488748	6
RPS6KA1	-0.643315895991191	0.03715619187576	0.0917267354952418	6
CAMKMT	-0.142947093515717	0.621733020783541	0.747726976023184	6
F2RL1	1.69265795476061	3.49270003406002e-07	3.56390779444434e-06	6
PDGFRL	-1.18297162183522	4.47096011756503e-05	0.000288062888044584	6
ATRNL1	0.569449029353122	0.047400896262652	0.111497140369065	6
AP1M2	-1.00589493042622	0.000428301443382434	0.00210756332681981	6
ZNF43	-0.503899959605728	0.0733194161641968	0.157208580382688	6
PCLO	-0.573394997630639	0.0492511251830295	0.114964968080337	6
MTG1	-0.509762180017237	0.107890067108923	0.211458748266044	6
XYLT1	-0.355670382371728	0.25044357582205	0.396415198237811	6
EBI3	1.12639163305981	0.00014063073724849	0.00079962090470923	6
SHTN1	-0.223437328393433	0.47258770295033	0.623001695937425	6
ZNF589	0.506430154392414	0.115922352907429	0.223180624736067	6
SLC35F3	-0.221691904967004	0.441758953160235	0.594713131041032	6
ZFHX4-AS1	-0.0160240723517491	0.956755980750164	0.974750694629598	6
ZNF543	0.838255346917793	0.00429046361865444	0.0152471308348673	6
IL6R	-0.0117974990063798	0.966850577921873	0.980028812350656	6
ENPEP	0.0384697299288806	0.89336482378015	0.93588230604203	6
C1QTNF7	1.01944330926	0.000580669978478881	0.00272998321111363	6
EDIL3-DT	0.641815145350852	0.0295154128508647	0.0759998785907537	6
PSMG3-AS1	0.123468026612241	0.664831813273973	0.779476365736644	6
MAGED4	0.82031644144204	0.410724348562329	0.56688314985068	6
RPSAP47	0.395439243655608	0.20124213314482	0.338221424742757	6
ZNF624	0.527253518272619	0.0838810844800233	0.173960408856239	6
KIAA1755	0.89432222721936	0.00206096930932711	0.00814346859376109	6
DNAI3	0.827159374630375	0.0074371274790327	0.024278289908392	6
FOXO3B	0.110966945548417	0.711580460538726	0.812855471845114	6
FAAP24	-0.564680373636293	0.0572867827137922	0.129275830766612	6
ROR1	3.86137625559339	2.67862710302938e-18	1.25476044687458e-16	6
ACVR2B	-0.0639657885103124	0.827592360644673	0.895478383318114	6
RALGAPA1P1	0.0869706627093214	0.765786721265282	0.851787274971684	6
SLC18B1	0.13405971087091	0.644325798726178	0.764490759746951	6
PPFIA3	0.198363067053881	0.497447404431877	0.645494892008754	6
MHENCR	-0.440522003832849	0.167266273449563	0.295414726608963	6
LINC02783	0.485849132884664	0.115402874768757	0.222656408939823	6
CORO7	-0.450571752689247	0.133572586676887	0.248863687065437	6
ZNF501	-0.266257068561991	0.382416958578034	0.538484641181286	6
GPR85	0.0334305222751298	0.912234024123934	0.947458784231689	6
C13orf46	-1.04988218813768	0.000374754640565611	0.00187491270762643	6
PSMA6	-0.0169431688162155	0.95619719050232	0.974607063829696	6
LOC124900372	-0.21388649031949	0.476801937098171	0.626424183853001	6
MC1R	0.112985727196239	0.710185025762606	0.811892603188981	6
LRRC37A3	-0.361536232625293	0.223163525935957	0.365133808812305	6
LOC122539214	-0.441280352684763	0.220431619175712	0.362271894774926	6
ZFP69	0.122078359760674	0.682275299008323	0.792445933190378	6
CHRD	0.223619827460607	0.435465270922397	0.589438872961141	6
TMEM161B-DT	0.432153301288791	0.142847552647999	0.261807621206574	6
EVA1C	-0.594722268767407	0.0476844952490777	0.112064097654635	6
ARHGEF3	0.32466259404174	0.280797921076101	0.431673047903997	6
DNAH10OS	0.358049504427283	0.22529387054008	0.36775089507925	6
LYRM9	0.736692286241198	0.0141953801981714	0.0417830477523546	6
PSPN	-0.0168824759811833	0.953390673014689	0.973054309443464	6
ZNF404	0.57925801063204	0.0577761921747318	0.130090321176188	6
LNCTAM34A	1.13308493001855	0.000272757817984553	0.0014157378383796	6
RPSAP19	-0.0871813183149087	0.776605426874863	0.85946336253185	6
KLHL3	-0.504796596793082	0.104887998093965	0.206775605647875	6
MROH6	0.0136866275137954	0.96313081915874	0.977764227409108	6
LINC01583	0.624848751442919	0.0606707882878138	0.135541341858875	6
KRT15	-0.997860054407159	0.00107369377115699	0.00464902339136166	6
DENND2D	1.19141494398352	8.61767112049978e-05	0.000517492723353734	6
LY6G5B	-0.892980534704612	0.00789340533417116	0.0255410261587254	6
RIMS1	0.784718406952525	0.0100345087857408	0.0312625418098714	6
TOM1L1	-0.308858959833727	0.332613641863829	0.487787711811971	6
LIF	-0.813018043946443	0.00741638495904988	0.0242418364082378	6
DENND6B	0.187678599231161	0.556995849913966	0.695730438521348	6
INHBA-AS1	0.890844927278666	0.00452808967246284	0.0159281786100022	6
NECTIN1	-0.572364643836928	0.0530505538180195	0.12170121110983	6
TMEM183BP	0.305330814202095	0.303140901600917	0.456731118023784	6
FAM185A	0.304240224446156	0.298342526378594	0.451492604589726	6
PPM1H	1.7757437345776	4.87856492583292e-08	5.78006751743823e-07	6
ZSWIM3	0.146651368910048	0.650715165941959	0.769436195588754	6
ZNF155	0.11411359331443	0.693054567808298	0.799954163105983	6
LINC00467	0.107894897644573	0.728937798456211	0.826942018536508	6
STIMATE	0.00684169651466859	0.982037556277466	0.989410755554378	6
FLNB-AS1	-0.14701480254668	0.651431135143233	0.769936969730662	6
FLJ32255	0.378098567423492	0.210700832594927	0.34978559968465	6
PCDHGA9	-0.0958880815481179	0.744108541511275	0.837082363209376	6
SHC4	0.616542163565818	0.049123222423805	0.114769076458031	6
STAG3	0.272282922005465	0.34629706365996	0.501850517335248	6
SMIM10L2B	1.5421535549934	1.02987990177034e-06	9.49986625578344e-06	6
GSN-AS1	1.28655102224284	0.000356148267629635	0.00179135638013332	6
ZBTB3	0.170336715099978	0.578873698518123	0.713868966689015	6
ZNF415	0.881592345073319	0.00351350378301729	0.0128897018661808	6
ZNF460	0.409810257287125	0.181407215238586	0.31328564342502	6
C1orf53	0.185486218016785	0.554040221065052	0.693432673754805	6
MCPH1-DT	0.0259218574352316	0.931590832461641	0.958975338096401	6
RGPD5	-1.23738478795747	0.000318860278687657	0.00162240349762877	6
CTBP1-AS	-1.05114696519881	0.00141600525049001	0.00590398388096292	6
ZSCAN16-AS1	0.39286318916957	0.246724949753923	0.392179750466235	6
ZEB1-AS1	0.452424324007022	0.131579657034174	0.246020316127959	6
PTPRB	-0.725754025615461	0.0161229556834503	0.0464593839013259	6
FERMT1	-1.05130106473265	0.000782684549466811	0.00352945417082276	6
FSD1	-0.49854418642831	0.124666909404191	0.235605244578229	6
RNF212	-0.169074400613145	0.570941153245206	0.707255637132189	6
ANXA2R-AS1	0.686445810690446	0.0262141287445192	0.0691496145619452	6
DLK2	-0.0724113185811738	0.809806487685744	0.883066415070335	6
XKR5	-0.845133075886938	0.00432323318076519	0.0153428736474554	6
MKX	2.20375865405571	5.28222804878438e-10	8.7790363391602e-09	6
RAMP1	1.19011802091111	0.000509717732285109	0.00244306347577424	6
CYP2R1	0.712449195994308	0.0183995272921786	0.0517506362707151	6
ZFP14	0.93200016814254	0.0042268989468255	0.0150492453284623	6
CFAP418	0.655410190478052	0.028702478609825	0.0743143570680783	6
RALGDS	0.482007894115974	0.115690023227508	0.222928967317185	6
HOXC6	-0.0650671102095489	0.832227081673013	0.897844855016955	6
CYP1A1	-3.21823413039804	5.3732694215778e-16	2.02080986846367e-14	6
LPAR2	-0.0736196597299032	0.819166908228422	0.890028395626143	6
ZNF816	0.106390017346751	0.723310214715262	0.822636279396493	6
HDAC10	-0.592446015714808	0.064678715028393	0.142740272805868	6
DMGDH	0.744453166200123	0.0177729749795595	0.0503108967002025	6
LOC124902694	-0.100931921746226	0.75455748488487	0.84371731001865	6
ZNF33B	0.097744376526141	0.748822985413271	0.839873633009107	6
ARRDC4	0.629779789113389	0.0588742022967579	0.132065631362001	6
EIF4E3	0.308033584973874	0.292800877540786	0.445000645338314	6
GOLGA8N	0.977653070688504	0.00167065237567424	0.00681040483772067	6
ZNF653	-0.389271649451301	0.20740079878273	0.345659244666634	6
ZNF670	-0.397963663209554	0.178597353854108	0.309855933673602	6
SUSD5	-0.0599578882449754	0.84705981552491	0.907155508238093	6
ZFAND2A-DT	-0.319602652473271	0.285339209820243	0.436709595255583	6
ZNF596	0.0537909273571696	0.860969505558534	0.91542339270331	6
ZNF710-AS1	0.710774133593406	0.0205875168344742	0.0567791990188361	6
NPIPB4	-0.788568878251158	0.0270449659874611	0.0710139412114405	6
TRPV1	-0.618199979752915	0.0857670426244555	0.176979398348598	6
ZNF837	0.121682405055659	0.698175627069111	0.803054176770883	6
MCM3AP-AS1	-0.0194740096706392	0.953005788370587	0.972736910074599	6
TLCD4	1.16568821022061	0.000280174251820124	0.00144681587944617	6
CCDC138	-0.349943965282012	0.244761189273816	0.389811437920296	6
RADIL	-0.376649692579365	0.204118405913995	0.341702985761912	6
RPL7AP62	0.521417025918314	0.0946260665795818	0.190861617282721	6
RSKR	-1.07273768513872	0.000510714835916463	0.00244633893201179	6
TSPAN10	0.439405197769876	0.15498445157667	0.278582594033007	6
ZNF230	-0.0140345848373182	0.962504737243554	0.977505582619929	6
SIM2	-0.184452213094659	0.556746907629651	0.69549772659477	6
DSP-AS1	0.30383365402753	0.339444149331258	0.494971013365165	6
LINC00174	-0.24108596620711	0.557292847892481	0.695915544711955	6
BRICD5	-0.789073179551138	0.0120132354083455	0.0362850430656383	6
IQCC	-0.278852517573009	0.360770044321181	0.516512518316262	6
ADH1B	2.04191091731769	1.1046154153779e-08	1.4989745064556e-07	6
MIR221	-0.755041876529236	0.023758692603595	0.0636756279123239	6
XKR6	-0.352659982758793	0.251474663434525	0.397644040353463	6
ABI3	-0.70152999226729	0.0398891569028855	0.097104394860255	6
ZNF793	0.677678337459087	0.0335117437686665	0.0842626711035257	6
IHO1	0.297546303764254	0.325057834116914	0.480250249061084	6
SLC9A3	-0.221751360475549	0.515577305016854	0.660434362572217	6
PCDHGA10	0.645460011493248	0.0428206828355667	0.102630853635208	6
RGS17	0.345120512722123	0.266153961726746	0.414503620232981	6
AKAP5	0.339534139617884	0.299986494482033	0.453407076227696	6
LOC101928188	0.196948104511844	0.515909228811717	0.660578181923396	6
CHRNB1	-0.655541011519924	0.0329092485489339	0.083049163851537	6
ZNF493	0.869679351003513	0.00445165119468935	0.0157138870141314	6
FZD5	0.0173142338470332	0.955962174028317	0.974607063829696	6
ASNS	1.38661386009319	0.000332502523905906	0.00168660143436356	6
AVIL	-0.28580280997144	0.340522123819529	0.495883694638395	6
SERP2	-0.961564628994179	0.0013923732734326	0.00583502368614878	6
MCAM	0.199825563237083	0.52175773811146	0.665687419478641	6
KRT7	1.04950262966279	0.00337871226038411	0.0124577001354163	6
LINC00547	0.858524894073253	0.0171880425085458	0.0489286772361567	6
DTNB	-0.0310102843749633	0.917907731083908	0.950697888445785	6
MYO7B	-1.26653099829456	0.000153338683995952	0.00086293163635687	6
NAALAD2	0.779961687936683	0.0193281874829146	0.0539018923384756	6
LIME1	-0.369716009090062	0.282233670204555	0.433293211355394	6
SPIN2B	-0.280955541255123	0.385068691268995	0.541176508987164	6
ZNF790	0.0856892938426071	0.780917785685924	0.862251702574681	6
ZNF256	0.394950004828124	0.22160154318412	0.363345928367286	6
OTOGL	0.445876058332042	0.159706153440436	0.284929804518359	6
PCDHGB2	0.436940380361055	0.1618047055679	0.287854485658909	6
OPRL1	0.925763091661973	0.00283447358670255	0.010721314891312	6
CITED4	-0.0767606070006329	0.803833784554042	0.879320544011041	6
LRRC34	-0.341257635624026	0.286807452209281	0.438574174422719	6
THAP9	-0.0972111890348786	0.771033277865407	0.855310217136554	6
RGS14	0.389668377969581	0.221900003026514	0.363744674948694	6
NMB	-0.477209542907347	0.137268505284637	0.254020406422521	6
NBR2	0.0663073113224201	0.832752692284001	0.898117467311291	6
CTXN1	0.279097471473678	0.358467456986233	0.514225243431878	6
CRPPA	0.375477798623631	0.216648991995713	0.357183201608163	6
LOC100996437	-0.100656584823741	0.759275682774741	0.847050242593772	6
LOC642361	0.418367756863786	0.167057751577236	0.295125645418221	6
TRAPPC6A	0.945443705861138	0.00378321418841161	0.0137375029964309	6
NUDT17	-0.156712896638908	0.612789272318436	0.740601749587286	6
GTF3C2-AS2	-0.0683349044230047	0.833253532757154	0.898583995713782	6
CLDN1	-1.03146682593217	0.00135928133995318	0.00572367891164545	6
CD36	-0.417637663764118	0.16521971233118	0.292651984461846	6
LOC728743	0.639530415908933	0.046741062942046	0.110339421001821	6
ATP2B1-AS1	-0.280393318984274	0.430569655267093	0.584890440895845	6
ZNF337	0.53718090385255	0.101704493365305	0.20179925326613	6
ZFP3	-0.38735818978913	0.21180853537648	0.351093785563607	6
CRABP2	0.517282863709795	0.0967161760575311	0.19415510529896	6
STBD1	0.093340038884459	0.759469505318932	0.847194669365517	6
SLC68A1	0.317489664273728	0.305335201411539	0.459066505560262	6
METTL25	0.0937583451543383	0.761241565035773	0.848380553769019	6
SCAMP1-AS1	-0.419998371899389	0.214515423482243	0.354331348889041	6
KHDC1-AS1	0.329767257763012	0.29658659555788	0.449403632707307	6
NHS	0.316941582936441	0.34485258199337	0.500252869382712	6
TMEM170B	1.24846614465603	9.97506430769182e-05	0.000590651243734357	6
PGBD4	0.316848941196277	0.303254363295712	0.456772763938833	6
ELMO3	-0.420006176222155	0.201366985211644	0.338337084423151	6
GGT1	-0.670368783924296	0.0611886001158155	0.136374118409157	6
PKIA	-0.316965849368951	0.305372354798288	0.459066649244731	6
NFKBID	-0.508692536594714	0.108441381391562	0.212330074033056	6
ZNF552	-0.228139063049438	0.521919392735911	0.665829130314286	6
GABARAP	-0.143672677958548	0.655613257536039	0.773560174699433	6
ZNF565	0.52179476071981	0.11966390655703	0.228313668939004	6
ZNF888	-0.219253376424317	0.524411137442565	0.667972111685358	6
ST3GAL3	-0.553701504793764	0.0799576388753588	0.167860031980279	6
PSMA2	-0.53399801095028	0.0981386959853323	0.196441553414679	6
SYT16	1.41816558427739	0.000107026186108474	0.000628641538485425	6
B9D2	-0.491596725043534	0.111816069105285	0.2172770767099	6
EFNA4	0.256239064593831	0.437265007302676	0.590821186446963	6
GPR75	-0.380661785459659	0.259341307051254	0.406587616092861	6
LRRC17	-0.0826462784757743	0.794341093351538	0.87270777162059	6
LINC01003	-0.0218103193466754	0.949748540912143	0.970200638061463	6
OASL	-1.94511936304136	2.83797133665183e-08	3.55773492422363e-07	6
TMEM91	0.317722090264349	0.317651942246104	0.472511302495816	6
CCDC134	-0.408678558888901	0.200268267275576	0.336928834630419	6
LOC105371414	0.389059588468383	0.234958870307963	0.379015148267612	6
SLFNL1-AS1	0.802336205927445	0.0409901778126609	0.0992373938841374	6
ZNF124	-0.738040150589811	0.0290292050403516	0.0749679077783301	6
PDE7B	0.0924248628989393	0.768509572672411	0.853805832637318	6
CFAP69	0.66342715932261	0.0438229600289127	0.104557118517415	6
IL3RA	0.222548641915615	0.513634897040999	0.658579402859017	6
MIR1915HG	0.793507277066058	0.0157452773150975	0.0455105589149383	6
MSS51	-0.172037332368551	0.619662372829569	0.745918227119855	6
INHBE	0.420503397904423	0.238394821102304	0.382851473942831	6
FRMD5	0.0738693548940009	0.81718218680764	0.888538636047333	6
MT1X	-0.318373873084048	0.333428304806007	0.488471538804838	6
CIMAP1B	0.21207782913324	0.505321047192049	0.651856227380335	6
DYNLT5	0.549818592521521	0.0895461238835339	0.182686861233564	6
ZBED6	2.08713408253484	3.26202461257554e-08	4.0371637515956e-07	6
TTC32	0.581704395824735	0.0791050871408413	0.16651083422975	6
BLK	-0.808760067891947	0.0281221382566711	0.0731998627392846	6
SEMA4G	0.102965695902506	0.757813487030087	0.845992615535326	6
TMPO-AS1	-0.604533324226037	0.0541823567187239	0.123990092115946	6
VMAC	0.535830262247761	0.098332505652551	0.196596863258127	6
PRKCZ-AS1	-0.534518449754407	0.0896455379279833	0.182833005228702	6
RSAD2	0.12550409597999	0.697054693540869	0.802396083685411	6
MCTP1	-0.605880584241445	0.0572192266515407	0.129167669424495	6
YY2	-0.192338560099183	0.57793024512837	0.713228559593543	6
ZSCAN2	0.384041360321552	0.223921461307949	0.366100881281398	6
HDHD2	0.379000085524829	0.266595843199439	0.41503064990091	6
SETD9	-0.350916062353886	0.26569414538288	0.413885448008859	6
B3GALT4	0.755631511722733	0.018956370303393	0.0531012347953952	6
JAG2	-0.445684874082181	0.163946246178599	0.290878075003221	6
PRSS53	0.10833847955911	0.75091953001607	0.841436432587174	6
FOXQ1	1.13838563984989	0.000641233488447217	0.00297098078438251	6
ENTPD1	0.433287593943583	0.18685335560513	0.319920749197493	6
ETFBKMT	0.153483239591473	0.632224670727122	0.75516057631725	6
LOC112694756	-0.582032803282016	0.0656908227766328	0.144489014553433	6
FBXL19-AS1	-0.321596235406269	0.349811852136164	0.505774759409966	6
CDH1	1.51368288211886	8.531170519083e-06	6.42424471068018e-05	6
PCDHGA3	0.283689423229577	0.431149313801353	0.585243988539919	6
LOC105369147	0.165485783196873	0.636866053919858	0.758879408040105	6
ADPRH	0.525680386337717	0.118805755308414	0.227036326657368	6
XXYLT1-AS2	0.291227195938313	0.371767765803539	0.527478498009725	6
SNHG26	-0.612603790496058	0.0693540361119232	0.150446139970541	6
PIM2	-0.390357864797067	0.219829159579979	0.361430330695887	6
ZFP37	0.257212768307403	0.412571055345933	0.568656837855341	6
ZNF821	-0.121568191143734	0.705479989004278	0.808834865888277	6
ZNF587B	-0.256953622581855	0.470270522312458	0.620845763382144	6
CCDC24	-0.00936354721543189	0.977017977249823	0.986309351525379	6
FOXD2	0.325256349630605	0.309436225188234	0.463590829974131	6
CEP19	0.343785931978026	0.285355863313323	0.436709595255583	6
NUDT6	-0.062799721627684	0.851164753846516	0.910040890299407	6
LINC02709	0.214754119865497	0.490233775957296	0.639158794861915	6
DRC2	-0.611488675095151	0.0601721813340981	0.134610201036834	6
ZNF433-AS1	-0.258981822015516	0.413235903942186	0.569215592673816	6
ZNF285	0.736797494449569	0.0287671817476847	0.0744372740996214	6
ZNF836	0.242944290460273	0.435815540469417	0.589680603195283	6
MIR210HG	1.61026666070171	5.17545505730268e-06	4.11379921010115e-05	6
ACTA2-AS1	1.90910024457047	3.7409618697587e-07	3.79078376379012e-06	6
SPRN	-0.312493458375661	0.331567507237676	0.486612007778965	6
MIR193BHG	0.306931798322131	0.364955909574843	0.520693110528253	6
GCA	0.495047370073743	0.151849456786722	0.274505229186635	6
SCLY	-0.417373163280449	0.223399607551025	0.365429232533136	6
B3GALT9	-0.122909875834075	0.703744366731229	0.807618753206902	6
ATP8B4	0.109469382421782	0.766034059314398	0.85199039482513	6
ZNF823	-0.339698046770028	0.31954546466191	0.474791393085531	6
ZNF69	0.461413189376086	0.17308745135945	0.302770780364709	6
KIF9	-0.111073254830969	0.722571768713445	0.822129154773539	6
RPL6P19	-0.410432239725988	0.199218706402617	0.33589289514252	6
ZNF891	0.779997259432135	0.0239705562321754	0.0641309820496188	6
SLITRK6	1.52940037301999	2.56900423350958e-05	0.00017539316766435	6
ACAP1	-0.0835449522115514	0.818608869935164	0.889642383995753	6
MEX3A	0.201396733199867	0.528724354041029	0.671581460218283	6
GLYATL1	0.268333646773182	0.406792118313974	0.562872348719315	6
CNNM1	-0.159873710306834	0.628024297163678	0.752017807210406	6
LOC100288123	-0.813654194868557	0.0243436548988601	0.0649443715917502	6
C1orf50	0.813587656110821	0.0228365120613272	0.0616862319440283	6
IMMP2L	0.138501654940206	0.694956428265139	0.801095670834051	6
NPIPP1	-0.191994464621041	0.609754181471856	0.738448274055943	6
NPIPA5	0.183379925173907	0.580451103267091	0.714865070387791	6
ACP6	0.397265331269929	0.238358964482954	0.382851473942831	6
PRELP	0.336314622132842	0.318186230585852	0.473145656710526	6
HOXA6	0.112986254638368	0.744473316739156	0.837271832285918	6
GPC2	0.108977177888963	0.775544550008872	0.85850583733637	6
ECM2	2.06585866498753	2.46847153967855e-08	3.1272849737044e-07	6
BDKRB1	-1.20829567542999	0.000257278726805163	0.00134868971761703	6
ZNF23	0.582650270800719	0.0770501268162624	0.163240112551499	6
PPM1L	0.221117761517538	0.498276054374969	0.646187951107164	6
SPRY1	0.974874334171474	0.0045002772493383	0.0158430461174218	6
SCART1	1.0574111398408	0.0018495591052244	0.00743381572582253	6
SNHG10	-0.250892956008717	0.460277027467613	0.611628351565832	6
KRTAP2-3	-0.854854235263389	0.00840204348787732	0.0269155751839691	6
LOC102724428	1.0248309231004	0.00199403258168441	0.0079249549736449	6
ANXA9	0.19743327085992	0.537127300137357	0.679208284382747	6
TRIM52-AS1	0.0129751931725529	0.968657595766045	0.981029463189078	6
DCLK1	0.673206190105942	0.042687314398094	0.102329834169024	6
MIR635	0.447162953053518	0.170320688076201	0.299254174067838	6
ZNF433	0.115896318372725	0.732857618601662	0.82982456642199	6
ZNF626	0.506815021018983	0.125521764616085	0.236880715074055	6
ZNF17	0.158345424066852	0.636760155949859	0.758879408040105	6
SNORA73B	0.607347104936725	0.0673842069444497	0.147240756309726	6
MPZ	0.0514054703818581	0.881228543776993	0.928829065237427	6
ZNF595	0.0238462018206927	0.94051716509549	0.964928093854398	6
LOC124900193	-1.07476135174205	0.00589350025987609	0.019951286352157	6
UBE3D	0.0140068913383375	0.96605351742488	0.979507365123504	6
RPL13P5	0.238880376784926	0.466763314507804	0.617612133983335	6
CCDC200	-0.237357679125886	0.524166404858753	0.667927297759856	6
AXIN2	0.430624734660716	0.206721936698062	0.344789768468904	6
ZNF606-AS1	0.210910782526435	0.524348322454446	0.667956737488422	6
SIPA1L2	0.741916346033848	0.0637111841439054	0.140946271745584	6
TRAF3IP2-AS1	-0.132632513104578	0.682495640564085	0.792479645390398	6
MIR621	0.349518260706183	0.311212475327725	0.46545731311656	6
BNC1	0.392902016194904	0.241151683198585	0.385555642650671	6
CHD9NB	-0.162955928803387	0.644174014552852	0.764416366409106	6
IFT70B	0.054113230274802	0.874200724148639	0.924413892349657	6
RPL17P18	0.125356936343294	0.709085198459467	0.811228842188174	6
PCDHGA5	0.404929323916392	0.236932118020341	0.381450277580938	6
LINC00472	-0.241799789823466	0.454951950044492	0.606740883326813	6
ARHGEF17-AS1	-0.54966631007687	0.0872501208548678	0.179308874443813	6
MGMT	-0.654936399280167	0.0649712757141357	0.143228421072713	6
PDCD2L	-0.283293938808236	0.408305442295043	0.56425432638373	6
DGCR11	-0.558775998820744	0.0969706505009729	0.194547275193462	6
PADI1	1.17842778216593	0.000836281110743827	0.00374166154341298	6
LFNG	0.604039470655552	0.0676111758624811	0.147589702798978	6
CFAP68	0.124417424782851	0.716686630739256	0.817274645093067	6
C18orf32	0.468226037620873	0.153998017529407	0.277263835964928	6
ADGRL1-AS1	-0.257739586088007	0.427512230479448	0.582118908637734	6
LITATS1	0.453855201891017	0.181764161902483	0.313572957158897	6
MIR4458HG	0.114710735066871	0.738783935087004	0.833554091344202	6
AFG1L	0.0281894553210026	0.931034110310086	0.958785948522271	6
MIRLET7IHG	0.0236111164986954	0.944483576941622	0.966812141168254	6
CATSPER2	-0.327160623270316	0.326206006760808	0.481244061323827	6
GATA6-AS1	0.809464850280422	0.0161939001136566	0.046627685378151	6
BCL2	-0.511219528170414	0.140048704964697	0.257729388155329	6
SPMIP1	-1.35011733034404	0.000102955236575772	0.000607985544659885	6
RAD54B	0.00630076965573761	0.985229198781027	0.991023940431681	6
ASS1	1.73692501563263	8.3903044568907e-06	6.32540535888043e-05	6
BDNF-AS	0.474032599577583	0.27067714641413	0.41972847897836	6
LINC00857	-0.240155207081886	0.493553867484164	0.641834573967007	6
CIB2	0.0638318050888109	0.857402250935074	0.913250289534533	6
STARD5	0.211966608671188	0.538485110057227	0.680303244426843	6
SPTBN4	0.214049471828548	0.522702257870507	0.666707103250999	6
PSMC1P1	-0.621236489013864	0.0611294091748951	0.136265268919415	6
SPEF2	0.46928014675505	0.181602568996219	0.313461616300288	6
SHPK	-0.147024738777698	0.659538434187175	0.776243241166468	6
ZNF497	0.757557340967394	0.0228308488466226	0.0616835926453393	6
NOL12	-0.912269644926219	0.00647069547576945	0.02162366402844	6
CGAS	-0.193314360681917	0.57435160950681	0.70987701745898	6
RAB30-DT	0.061844325290526	0.858651975080105	0.913992879506665	6
ABAT	1.38129191136536	8.04973632587911e-05	0.000487839223101044	6
TTN-AS1	0.173160152075341	0.598619221486772	0.729189784603959	6
MATR3	0.937716896126163	0.0117905168804261	0.0357271118087129	6
EPM2A-DT	1.08596282884229	0.00151606828560825	0.00625776319958026	6
C8orf48	0.191801422640955	0.606330874760529	0.735515428431602	6
RFX3	0.199661938678549	0.539808857772406	0.681321698615225	6
FLVCR2	-0.43639724201665	0.293241603998095	0.445411866308208	6
LOC122526780	0.116074645838378	0.769879960607584	0.854679085896739	6
BATF3	-0.404746342668149	0.233623503045446	0.377508736875424	6
FBXO48	-0.602766255902854	0.0712794475293105	0.153710905607522	6
C2orf92	-0.154087694949093	0.684812402031006	0.794481372107715	6
PDE1A	0.463893610048964	0.226750830338051	0.36921340669715	6
FAM151B-DT	0.511508493188828	0.126204704168359	0.23799892850546	6
GABRB3	0.914737400925049	0.0100847147253595	0.0313892409387343	6
RIBC2	-1.13798592047125	0.00151938141648245	0.00626624747773231	6
PPP3CA-DT	0.205222107064863	0.547218178178329	0.6882316911295	6
MGST2	0.00986189000755274	0.976002818751776	0.985889425464633	6
RAG1	0.226317180518417	0.503884083309978	0.650774979880095	6
TSKU	0.780949251785774	0.0209245285322391	0.0574649632943591	6
GPR162	-0.203212513789039	0.577782177820871	0.713112686981353	6
NRSN2-AS1	0.798658624770227	0.0191784787026322	0.053563826684224	6
SLFNL1	0.498735599847856	0.206827344111022	0.344921871345924	6
GXYLT2	0.814914157322614	0.0239167416827941	0.0640000143871964	6
MAP6D1	0.520421666640997	0.133670983076405	0.249010918516095	6
SLC51A	0.261062401173972	0.475980592530159	0.625532402104081	6
ZNF138	-0.171442145394448	0.603528628074722	0.733270013969685	6
KIF27	0.833661721641373	0.0300860296248229	0.0772124016282986	6
SLC28A3	0.0183257431311809	0.958373793386854	0.975414845587862	6
DPY19L2	-0.188169352086469	0.585233467128646	0.718067498864128	6
MAPK8IP2	-1.05413818490579	0.00255068683322013	0.00976292258961228	6
FAM229A	-1.13019848611604	0.00303972319858245	0.0113605554977117	6
MFSD2A	-1.71041456968444	7.40649975015173e-07	7.04929545996003e-06	6
RMDN2	0.0995735915943856	0.778811035169731	0.861038195536509	6
SCHIP1	0.09686623898431	0.779361074984325	0.861354309825245	6
ANKHD1	0.458324631825286	0.199603926814639	0.336253985424959	6
HLA-H	-0.0859354839362418	0.845579695902011	0.905938917235729	6
RPL21P75	-0.561670629522309	0.130348302767416	0.244134136216207	6
MBLAC1	-0.304118445900346	0.367597026914061	0.523326807837961	6
CAPS2	0.472799474458924	0.152617831330963	0.275494859271732	6
SLC7A7	1.15810531330871	0.000908476454329315	0.00401688799742585	6
SIK1	0.0960111457779429	0.802187460352563	0.878123386441832	6
MATN3	0.61824786235777	0.0759192337948025	0.161494000394471	6
LOC102724642	-1.32085419863165	0.00363515530612148	0.0132804744086808	6
CCDC191	1.55131954939405	3.88871861631724e-05	0.000254778875456372	6
GARIN1A	-1.47882124569911	1.60891179263116e-05	0.000114848730620412	6
INSC	-1.55138644172355	1.4618061938325e-05	0.000105146201800094	6
SVIP	-0.626215938211688	0.0893519945210315	0.18240389328169	6
TNS2-AS1	0.0590462447529554	0.868811284064924	0.920711933994573	6
FAM72A	-0.599504390217345	0.0756861861575873	0.161180596730678	6
CD302	1.16359102815199	0.000970124290534564	0.00425658201210216	6
KLHL23	-0.754138867656287	0.0240825812207635	0.0644045137360645	6
NEK10	-1.38244126995437	0.000575635400397306	0.00271677618337387	6
EOLA2-DT	0.155279247033108	0.688478493642772	0.796569003934151	6
NPTN-IT1	0.94949368732059	0.00813378709213452	0.0261900781540525	6
ZNF253	0.139952362490422	0.686108491600674	0.795391016527827	6
GJC2	0.287910505946581	0.442349266245409	0.595240583887582	6
FKBP1B	-0.181419234763945	0.607185828927032	0.736019588260024	6
LINC02980	-0.414220575480294	0.213113503963527	0.352590881431864	6
ANKRD18EP	0.571984584020929	0.102126687810102	0.202451340662846	6
SLC29A4	0.385601636105845	0.275385781927625	0.42530834770777	6
ZNF674-AS1	-0.212045384951308	0.537811143220838	0.679712729545453	6
PKP3	-0.00101418279672848	0.997555744346155	0.998541921127637	6
ZNF30	0.527669266459458	0.128303076865042	0.240817538966854	6
ZNF382	-0.120399876346442	0.764103532468043	0.850490004894034	6
PTCHD4	0.968454968689941	0.0087521179375311	0.0278607323849388	6
COXFA4L2	1.49366264146603	3.76525355892091e-05	0.000247810162980379	6
HAS3	0.593459337322366	0.0880907128923738	0.18053101463054	6
U2AF1L4	-0.243595277263331	0.504568117070902	0.651393897166626	6
ZNF546	-0.0099753956716906	0.977614871358855	0.986684906586154	6
APOE	0.297462617922707	0.383734950203352	0.539936199842515	6
FCRLB	-0.571959843798616	0.114592061064336	0.221299193044286	6
INE1	-0.0554158868062205	0.874805880728183	0.924905205463861	6
FANCF	0.303024573569256	0.38014717797768	0.536091418868674	6
AQP11	0.0107114062766172	0.976390128577574	0.986121504563257	6
ZNF77	0.107154228973625	0.756520653923874	0.845122750369172	6
DHPS	-1.07962455362849	0.00613928732221695	0.0206678872179902	6
RAB3A	0.275345967521613	0.430901856739784	0.585087914534369	6
SERHL2	-0.0886868184724899	0.803080621942184	0.87871572956151	6
IL17RB	0.513105278326996	0.152425241450748	0.275222695914431	6
ZNF425	0.0446124141973752	0.897690879634513	0.938215591346274	6
ASIC3	0.0619762927268819	0.858264978177447	0.913876549728987	6
TSSK4	0.581122542485162	0.103981348595688	0.205372201731293	6
IQCH-AS1	0.847452015430507	0.0140261976525006	0.0413775974226501	6
YJEFN3	-0.406043816554613	0.226319826976826	0.368946320140241	6
MASP2	-0.0304060188676413	0.928409020362842	0.957561938958385	6
FTH1P2	0.625426826133546	0.0798166799152364	0.167663470003778	6
CCDC170	1.10026037623094	0.00286862923714762	0.0108225183859484	6
PRDM11	0.389387945890909	0.254646199776861	0.401329972181851	6
MAP1LC3B2	-0.0241837429756719	0.942979111098918	0.966264994085256	6
SNHG20	-0.661612793257746	0.0805186996280122	0.168527213102803	6
ZNF792	-0.0538069234327565	0.872549653182999	0.923706859003364	6
PDE8B	0.44063747175305	0.218018507629685	0.359126218987554	6
DNALI1	-0.0997067867289094	0.768147169492259	0.853619349263538	6
EIF2S3B	0.159520127436428	0.64208280216125	0.762860901240954	6
WWOX	0.111967788930658	0.743426386427501	0.836677230733264	6
HMGN5	0.428576556240906	0.235240966359503	0.379237824885504	6
CCDC169	0.961084374766114	0.0114712448145935	0.034944687686761	6
IQCK	0.673291276806735	0.0703537081755097	0.152263377295994	6
RNASEK	-0.184232241567799	0.594149523903238	0.725490740550864	6
MIATNB	0.138358252437687	0.679664023871774	0.790808587131986	6
NHLRC1	-0.180908325872115	0.603170362095654	0.733015674256947	6
ZNF222	-0.275175685701664	0.419574554620793	0.574699257281321	6
ZNF235	-0.123237249365049	0.716203923515925	0.817133550909315	6
RAVER2	1.52610008102554	4.37206268292716e-05	0.000282243556132272	6
LIPT1	0.0534549713757323	0.875662351869481	0.925513372222416	6
CLMAT3	1.35855856877577	0.00184158540207202	0.00741535290531478	6
ALKBH6	0.143725717202174	0.688104531144547	0.79653457902781	6
SLC40A1	1.39212737839541	0.000304703546323189	0.00156002052907512	6
OPCML	0.162888105133699	0.636536060421285	0.758879408040105	6
ZNF487	-0.048719627886478	0.890510106035878	0.934602416199402	6
ZNF22-AS1	-0.159433068872677	0.649596467201346	0.768458551071386	6
NME2	-0.522826267288251	0.120594334211123	0.22978911714259	6
LINC01547	0.281450982859186	0.409147240300383	0.565180514647281	6
KRTCAP2	0.0816773870455837	0.824533543386514	0.89364635912694	6
MGAT4EP	1.1924961808995	0.0015918254512451	0.00652951025700819	6
OR2W3	-0.240786479342161	0.493356655857507	0.641641503907951	6
KCTD8	0.366678983745692	0.30661076475945	0.460405828944631	6
ZNF879	0.175110451065055	0.616209745459054	0.742917098321811	6
NOS3	-0.224619481180222	0.553255433660687	0.692977569062292	6
TCEANC	0.0493399377964106	0.892476755688487	0.935100814704096	6
CCIN	0.691118755791839	0.0516162161410566	0.119301888158864	6
SLC29A3	-0.290651519437279	0.39348599588291	0.550033783244095	6
LSR	0.396037856710947	0.244493248413042	0.389527854511363	6
RGPD6	-2.30851157295155	0.0090171496019965	0.0285456325663973	6
MREG	-0.575753579412237	0.117498494740746	0.225292452479598	6
TMEM169	0.525118829644543	0.187530140349894	0.320665373172403	6
HES6	-0.352620412071047	0.352683250128734	0.508529918002467	6
DUSP28	0.158018316674978	0.649217700781781	0.768079507045711	6
FBXO43	-0.999718507879475	0.0147855780600226	0.0432975670754343	6
MYH11	-0.0625741090856884	0.877508623639287	0.926538569216219	6
TMPRSS9	-0.410496584273949	0.288561284465435	0.440539571725647	6
TNFRSF25	0.169505060600439	0.657733450811469	0.775271179692274	6
AGMAT	0.534133238393276	0.121694454602222	0.231282718153198	6
LAMC1-AS1	-0.0792722288092288	0.826748402678091	0.89503258947578	6
UFSP1	0.219733135823426	0.55334440042337	0.693009622320064	6
SLC25A53	-0.281592105321273	0.427940023240152	0.582460399742541	6
LOC107985020	-0.330028082231833	0.354194447124407	0.510205899266641	6
ZNF519	-0.0584358372134147	0.871042109683119	0.922481880260591	6
DMKN	2.10636194878855	5.66136154988464e-07	5.52003719119493e-06	6
ZNF850	-0.369496087726491	0.311499640205287	0.465820855492068	6
CADM4	0.835951254738851	0.0182721656621853	0.0514694022279788	6
IL4I1	0.947472302173526	0.0071245283685024	0.0234450417286493	6
HLA-F-AS1	0.726061119562695	0.0386078440582309	0.0946021121284687	6
RAP2C-AS1	0.45507519751991	0.198494793191717	0.33496245081116	6
H2AC25	-0.265461603611968	0.450103871683926	0.602227816931847	6
FHL1	-1.44561567806676	0.000312888728309444	0.00159757731991358	6
SCX	-0.469872118058081	0.205322475337885	0.343107749507753	6
LTB4R2	-0.388294729671413	0.302873902381009	0.456565411937841	6
PLK5	0.0810908652478733	0.830522424268585	0.896989267380295	6
FAM131B	0.765732762710789	0.0293445766717072	0.0756339656803762	6
TIGAR	-0.232520605671168	0.520108647960422	0.66435615071354	6
TSC22D1-AS1	0.963778401411314	0.0104832907116464	0.0324304478583786	6
CCDC188	-0.420473333459123	0.253550016836913	0.399985483176449	6
BACE2	-0.385009494103655	0.271557041433995	0.420530039575962	6
DUSP19	0.318492153126881	0.372248593080683	0.527950461234892	6
DDX47	-0.183049292670625	0.618170021338314	0.744530331309015	6
BCDIN3D	-0.171181890145426	0.631097839569014	0.75464579053842	6
SNRPN	0.619165459900005	0.0928414550298059	0.187837699440107	6
RHBDL1	-0.202032438451149	0.576260408112472	0.711768391853662	6
MMP24	0.249014248488288	0.480663378028496	0.630013697340301	6
RGL3	-0.575636360321367	0.121653343897796	0.231271369977859	6
LOC101929130	0.372353001743065	0.366036448216851	0.521725800528252	6
TSPAN12	0.785102928839642	0.0335536516392218	0.0843519321098313	6
FAM156A	-1.16553515384911	0.0963402888197006	0.193666344186579	6
STRBP	-0.599387984753617	0.088727954971029	0.181552319490697	6
ZNF135	0.482207112025372	0.204331711025202	0.341929609995516	6
RHD	-0.484561399236542	0.186231557309741	0.319229846186759	6
RPL24P8	0.0330913778948924	0.925811795495371	0.955426159475152	6
SOCS2-AS1	-0.602267797201097	0.110476423495927	0.215277744260086	6
TNFAIP8L3	0.689166334040037	0.0693402812162992	0.150441094717347	6
ZNF521	-0.519390213121284	0.154110779157036	0.277346798973404	6
ZC3H11B	0.412424960538591	0.269745330048102	0.418635545922697	6
TMEM178A	1.63877001751794	5.81066595185008e-05	0.000364913148493333	6
LPP-AS2	-0.350341416759383	0.326124976847995	0.481244061323827	6
LNX1	-0.245042031699624	0.488496984358285	0.637778794396757	6
GLYATL2	0.310907022902014	0.394280454468997	0.550946356556449	6
ZNF365	0.246995546058688	0.50394811004546	0.650774979880095	6
DRC3	0.479413743266647	0.206952645191236	0.345043403249175	6
MOCS1	-0.0886393239808628	0.805958382841992	0.880288503102089	6
RASA4	0.567892533113604	0.214196623958804	0.354026891156422	6
CMTM1	0.392274226192619	0.303098530384661	0.456731118023784	6
ZNF429	0.365552696390156	0.298681540056303	0.451901736984036	6
ZNF749	0.314365492558788	0.388361941572896	0.544932122047119	6
TIGD1	-1.04844560634786	0.00494659943829872	0.0171618577771023	6
KCP	-4.19570754161589	3.73191076783514e-14	1.14506157195837e-12	6
KBTBD3	0.933025595636739	0.0132777555441064	0.0395061248252876	6
PDZD7	0.549285907823315	0.134521410889625	0.250134952894496	6
SLITRK5	-0.716795230004418	0.0490917096542609	0.11471581292012	6
IL21R	-0.947704901507999	0.00989189325771878	0.0308693672241234	6
ASPHD1	0.112496982139997	0.759724750518947	0.847263991449708	6
DUXAP8	-1.02045686294175	0.0137278548150744	0.0406284482887826	6
CFAP57	-0.0733900595209315	0.840847171015011	0.902926359281333	6
HNRNPKP4	0.376175582237232	0.320987351720264	0.476503497315195	6
MBOAT1	-0.704078516203556	0.0467143635684405	0.110296173569755	6
HOXC9	-0.76344914603069	0.0317344843242599	0.0806566937942138	6
PCSK4	-0.419656366806972	0.243365270910431	0.388245916979033	6
IRF6	0.336421946312125	0.373713476652116	0.529457592635002	6
ZNF852	0.697567751357549	0.078973957150287	0.16627226455042	6
MEST	0.800756628127395	0.0329215364083227	0.0830642483693217	6
FAM86B1	-0.115701378167368	0.772059776312874	0.856232440442022	6
PHYHIP	0.74035739019891	0.038871521259654	0.0951228544972719	6
PTGER4P2-CDK2AP2P2	-0.920688774529981	0.0194539718965664	0.0541837985769156	6
GRTP1	-1.18722750198913	0.00123950290347975	0.00528183124587374	6
RNF213-AS1	-0.627901432381872	0.103208007884713	0.204166968407947	6
ZNF813	-0.541938250575094	0.128287190512677	0.240817538966854	6
ITGA9-AS1	0.367185827768467	0.349862488623846	0.505792414910015	6
ROM1	0.200077876166839	0.598792335849607	0.729265684380864	6
PIWIL4	0.416514043801926	0.287570563470029	0.439491380328631	6
PET100	0.0911648855762193	0.800826518663092	0.877223694421779	6
AFAP1-AS1	-0.140302602386629	0.728730267674941	0.826904437681773	6
SMPD3	-0.367666856327437	0.336794841200898	0.491925265726522	6
LOC101927855	-0.733277909359377	0.0391516623889721	0.0957194153094428	6
GGN	-0.489391181655289	0.176856939400614	0.307566110890512	6
TNNT1	-0.477282800336549	0.226532090411059	0.369092996408081	6
PLCH2	-0.704219965859409	0.0657103473155509	0.144489014553433	6
RHOU	0.875500050510438	0.0342797913135674	0.0858658217051356	6
GMDS-DT	1.1432705174295	0.00505890613433097	0.0174961590767731	6
RNF39	0.303463212681785	0.449970756231312	0.602110914330869	6
EPOP	0.232228428922022	0.516292930651041	0.660893109613891	6
LYL1	-0.426318365944333	0.261917679584803	0.40930949790506	6
IQCN	0.140660873874587	0.756774839118612	0.845334963282272	6
RWDD3	0.757926053216524	0.0417515072161946	0.100636346728945	6
SEMA3F-AS1	-1.42227047826169	0.000123023710974463	0.000712797172347565	6
RASGRF2	-0.593627520171694	0.0932270964359453	0.188588945810104	6
GRIA1	-1.45372920497045	0.000127195185850095	0.000732401676003849	6
ZNF8-DT	0.511038954899136	0.157823201749085	0.282489366959913	6
RAB36	-0.923861625268223	0.0123099062927275	0.037070532265196	6
CD160	0.0697903712117202	0.855107625355775	0.91214174759434	6
NR4A2	-0.261288290945598	0.471979387844915	0.622449121551209	6
CAPN1-AS1	-0.443998532000358	0.228843775856212	0.371793461070762	6
SHANK2	0.798826448438406	0.0390274961667945	0.0954335745947457	6
DLEU1	-0.377672108793408	0.293664815668381	0.445899694897796	6
ARHGAP44	0.383102318658998	0.29545431634955	0.448100606764503	6
EID2B	-0.162367987632823	0.660481927945682	0.776916040205928	6
GIPC2	0.642240815569184	0.098278763861112	0.196572461435012	6
SEMA4A	0.752164367262421	0.057837964175052	0.130207135699711	6
HTR1B	0.0641620083112005	0.862794944250428	0.916771863994865	6
SPDYE6	-0.127634389622379	0.738725630470029	0.833554091344202	6
SPRY3	-0.243260011420778	0.502381707301275	0.649592378507532	6
ENPP2	-0.543845594207599	0.150442668589822	0.272584461013173	6
SMIM27	-0.0494090632093062	0.890673882284683	0.934602416199402	6
FAM225A	-0.422381507173659	0.268086267275515	0.41677330059615	6
PIERCE1	0.894139035919868	0.0159740819339469	0.0460909339098077	6
RAB35-AS1	-0.745239349795782	0.046906198941407	0.110632417724919	6
CENPBD2P	0.443686685705887	0.251451966464692	0.397644040353463	6
FAM151B	0.504467273805534	0.169744857304463	0.298510562017188	6
NIPAL4	0.137196428219087	0.705272374915032	0.808808178341746	6
LINC-PINT	0.184933567617543	0.610245307455756	0.738703235427636	6
ZNF782	-0.341273450790762	0.340886927849714	0.496140494392502	6
PXMP2	-0.592371619944521	0.17077505208743	0.299768480787303	6
VPS9D1-AS1	-0.661262461790997	0.0827038326966856	0.172032740562466	6
HSPA1L	0.173680992615857	0.644571181186921	0.764644057134413	6
LINC01503	0.965657807341464	0.0205395799506518	0.0566797674822703	6
SLC41A2	-0.113366140243539	0.753070631945962	0.842570841418374	6
ZNF774	0.482596047674106	0.202726643983092	0.340065096820369	6
DZANK1	0.515213020470356	0.1602853565817	0.285692098670944	6
ZNF57	0.324019550534014	0.404277937448907	0.560572052105758	6
PGLS-DT	0.509394758821266	0.182953284957357	0.315128773867272	6
XDH	-0.846607721239876	0.0261410384724589	0.0690114195625443	6
ERFE	-0.126967640677589	0.728691952189848	0.826904437681773	6
IDNK	-0.268770584194281	0.46908651598946	0.619938334334264	6
NINJ2-AS1	0.68709702742654	0.0627265402423642	0.139118694053958	6
GIPC3	-0.561764347093709	0.175071145508818	0.305052411802487	6
RAB42	0.145988818173014	0.697059881253717	0.802396083685411	6
ADGRB3	-0.16652589498085	0.666916494699127	0.780807775480264	6
KCND1	0.202517145328161	0.593583179436546	0.725317426564318	6
HPX	-0.555559181795398	0.17590565446456	0.306235435751488	6
ZBED5-AS1	-0.188771435352867	0.611894781308495	0.740087384578124	6
FENDRR	-0.358943776607791	0.35968799898667	0.515524077815933	6
GRB7	-0.246188728194368	0.552356458235094	0.692378636296404	6
ZNF571	0.414369759886045	0.284355299692509	0.435684880671924	6
ZNF221	0.77451640441365	0.0517142000714345	0.119444466667888	6
MELTF-AS1	0.33363774313616	0.364788287955345	0.52051037770799	6
MIR1244-2	0.296946457636834	0.431964793672462	0.5859390539067	6
ZNF239	-0.876742369029006	0.0347054690053386	0.0867922513344161	6
TMT1A	0.149096490845772	0.686306486768939	0.795391016527827	6
TLK2P1	0.214827723531224	0.600302821749469	0.730564537970438	6
ZNF799	-0.558532654582299	0.140095051288465	0.257767844577867	6
LINC02777	-0.439945241870604	0.331376666303865	0.48648535001364	6
EFHD1	1.76909830283737	3.94329852317256e-05	0.000257596220647744	6
CFAP20DC	-0.153553770256514	0.691569552078848	0.798870558491783	6
CFAP299	-0.0734640253369377	0.859506156882645	0.914604100925192	6
FRAT1	0.240481858036994	0.52084254129384	0.664970938026267	6
S100A2	-1.09839000775888	0.00299869116639947	0.0112295225670885	6
ANKAR	0.221376189719361	0.55412190784273	0.693468974418507	6
PLCXD2	-0.602703069421542	0.0975345172260188	0.195499748781192	6
MARVELD2	-0.185205047074687	0.665723446488743	0.780174298978928	6
RNF32-DT	0.0973887117566787	0.824925946186728	0.893870212074943	6
MBNL3	0.147755451228657	0.693939625614345	0.800363960001608	6
MTMR7	-0.239354686711042	0.539085604228602	0.680804986873742	6
LBHD1	-0.748923466779694	0.0625815779780183	0.138820578180764	6
MTA1-DT	0.278500487587952	0.478371664946745	0.627672071939195	6
FAM227B	0.551617913827884	0.152245969782592	0.275012172395808	6
RND2	1.17588387600659	0.00341601041730103	0.0125811262235404	6
RASSF2	2.92754886894143	1.61292562095049e-09	2.51253727202028e-08	6
SYCP2	0.178307961991093	0.66548117533644	0.779959817554408	6
ZNF560	-1.14646891615072	0.0079486221028105	0.0257007400489547	6
SPATA6	1.24789499559675	0.00202528529389202	0.00802493387221574	6
CFH	0.236693894598846	0.573533169246075	0.709265041975394	6
CPEB3	0.171513660341157	0.654221201061741	0.772471624468577	6
NIFK-AS1	-0.0163109670605302	0.96564427867774	0.979307671336102	6
LINC00607	1.39206529491695	0.00101514253520649	0.00443341778066457	6
LOC124900217	1.05195342278132	0.00774714200703782	0.0251171503050835	6
JMJD7-PLA2G4B	0.0549521131109482	0.883229493700052	0.930001585919029	6
ISG20	-0.174045739530475	0.647157529182463	0.766537798670814	6
MIR4527HG	-0.0954081238276546	0.795440012902631	0.873349674547864	6
MROH8	0.0440376309461993	0.905610550533334	0.94366161075057	6
PTPRH	-0.467856530147096	0.226106997255952	0.368666716819039	6
CD58	-0.818525015565496	0.0348194255480433	0.0870022966000179	6
LHX4	-0.201872209347862	0.636007729171257	0.75851859554963	6
SMIM43	0.170445581262898	0.649177767610122	0.768079507045711	6
GNRH1	-0.594879142735618	0.117088310908895	0.224735117598978	6
CFAP58	-0.0115647127912692	0.975523557684838	0.985632222122008	6
TMEM255B	-0.263151283403561	0.471791249942022	0.622263348996677	6
LIN37	-0.0814702862627487	0.837091343012101	0.901146783377345	6
C1QTNF12	-0.623991709202118	0.0965009582159334	0.193782168267938	6
SPICE1	0.178995216113874	0.655603434150198	0.773560174699433	6
TGILR	2.05760452378836	2.63467690860832e-06	2.23599304629344e-05	6
F8A3	-2.06052277975769	7.7710979820887e-07	7.34848870245931e-06	6
MYH7B	-0.104977647740516	0.802869633171919	0.878612475307372	6
ANKLE1	-0.860782774417838	0.0287558146434685	0.0744224907888273	6
EPHA1	-0.569377869913986	0.13072267208833	0.244786940113151	6
YAP1-DT	0.598402900206133	0.118341993813976	0.226437778112385	6
SLC16A12	-0.2853977754369	0.454304811083721	0.606184919239232	6
ARL17A	-0.343721784919021	0.327520191156979	0.482717307826594	6
ZNF528-AS1	-0.339257397663402	0.385510747614371	0.541570753468385	6
ZNF320	0.836201358258979	0.0524954866153163	0.120761637594793	6
LOC105372480	-0.36877950896881	0.343147731303504	0.498438930384906	6
RPL5P34	0.593297897085175	0.14891600661622	0.270484647179799	6
LOC102724200	-0.82399873483632	0.037198326710708	0.0918135335632946	6
RASAL2-AS1	0.278456924503635	0.472480541544404	0.622985211694781	6
ZSCAN23	0.599480554306816	0.135929470523876	0.25207658784246	6
C8orf34	1.17812513667508	0.00364607570795665	0.0133129804559871	6
ZNF169	-0.118050901913398	0.782067764163802	0.863078477082008	6
SEC14L1P1	-0.624065152722399	0.101698661115243	0.20179925326613	6
RAB38	-0.368622744036889	0.362803757229984	0.518487982595995	6
GALNT4	1.13593398333066	0.00606057577220492	0.0204604665015474	6
FAM124A	-0.361179324021813	0.37355341296982	0.529399596697702	6
RTN1	0.233961573664518	0.537407680100107	0.679398510675923	6
SEPTIN1	-0.425810631860952	0.271112268480469	0.420038934793834	6
NDUFV2P1	-0.0215851715026533	0.954477045305061	0.97343215459721	6
SUSD2	-0.817517678967414	0.0314574869589359	0.0801264187273961	6
HSPB7	0.590532750871789	0.150075529209216	0.272212235218535	6
RASGRP3	-0.237367643455487	0.540745129224268	0.681914939258386	6
PIP5KL1	0.575984709986813	0.148375002615265	0.26979695530111	6
PLXDC2	1.77406301736112	3.50459574932873e-05	0.000233220393571356	6
PMEL	0.422647100813126	0.265023723006796	0.413085525866011	6
COX16	-0.336227699892862	0.390431112847289	0.546786332419286	6
TSPAN2	2.5659063453692	1.22665336568159e-07	1.35684355062746e-06	6
FAM86B3P	-0.0459387425943552	0.917193307511942	0.950331825155832	6
RAB11FIP1	-0.949715347934952	0.01373521194903	0.0406284482887826	6
RHEBL1	-0.445086114473388	0.266437949291378	0.414847732022996	6
DEXI	-0.249983374773591	0.520209842873353	0.664420935546472	6
CRYM	-1.10366688975958	0.00440080371479559	0.0155636161466562	6
EMC6	0.0235750407348771	0.954334181609291	0.973413470168391	6
CCDC163	-0.237913138463983	0.540975823176032	0.682140507756117	6
CCDC121	-0.155011854577431	0.680013478546358	0.791075335228078	6
PSMD6-AS2	-0.0741806755315013	0.862689787691665	0.916771863994865	6
GCSAM	0.134012424693651	0.746481546277657	0.838533588808056	6
F12	-0.373880066134986	0.33277078904108	0.487888382284221	6
PAXIP1-DT	0.0584820584662588	0.884126273703722	0.930648072032155	6
BSCL2	0.190703167563951	0.619357601606172	0.745755955903955	6
RTEL1	-0.610529734169521	0.109431981567795	0.213748801510148	6
GSTT2	-0.157051769715769	0.680320265083329	0.791222446482758	6
HOPX	0.370424534837396	0.363413456291329	0.51882986173132	6
LOC100507053	0.603058819290211	0.201701754378656	0.33873439562213	6
ZCWPW1	0.0826276039274959	0.839970850905513	0.902648078248777	6
HAS2-AS1	0.137056458159531	0.729101968799344	0.827056981670611	6
LINC01252	0.209131865021544	0.640287310569006	0.761409323858767	6
ZNF284	0.209754011151732	0.581453857169254	0.715506067045846	6
CENPS	-0.827535921697094	0.0374600643020412	0.0923210684156091	6
FLVCR1-DT	0.446842326262706	0.269327960453481	0.418209737342122	6
VAX2	0.407494153948566	0.312509605419677	0.46686686370891	6
ANKRD53	-0.114330716187364	0.777069703709901	0.859904876833412	6
DUSP2	0.153674651678599	0.692651810959793	0.799629520054706	6
LNP1	-0.318487496518115	0.422724994973524	0.577526418329069	6
H4C8	-0.945186788546091	0.0198961142323416	0.0552050066695432	6
PDK4	-1.10907750193152	0.00544583491746006	0.0186384620432987	6
TAF7L	-0.0848130926572675	0.826330586108722	0.894920631899947	6
LIPT2-AS1	0.732883708865943	0.0715621823711273	0.154196717427151	6
DHRS13	-0.338602762491481	0.378940276657295	0.534892495298876	6
ZNF442	-0.00337880618369064	0.993219429138919	0.995033666622695	6
ZNF14	-0.177398592705232	0.674195600171951	0.786601372545948	6
LOC100130691	1.24440257086722	0.00262915942821266	0.0100282890621742	6
ZDHHC23	-0.808160185681395	0.0425430001868223	0.102076834024634	6
CXCL8	0.0919928172280308	0.818268589554826	0.889412998218693	6
ZNF485	-0.0192376371269503	0.962136192555352	0.977432947642671	6
C12orf75-AS1	-0.582165664113704	0.142778880276585	0.261718200958179	6
CCR10	0.386753367624918	0.330325405438402	0.485276039261796	6
PDZK1	-0.273633977980828	0.50354408322614	0.65052024413639	6
RARRES2	0.514993607085368	0.189747183687249	0.32365455214141	6
SHROOM2	-0.964039131952512	0.0140946916359999	0.0415424151376324	6
CCDC89	-0.0269908510483062	0.943921209681079	0.966627677799885	6
DIABLO	-0.393614981234315	0.347186209988803	0.502585734310196	6
ZNF860	0.092294572634185	0.818839782253815	0.889819867399238	6
RALGPS1	0.332703544280687	0.428647320581238	0.583007517127094	6
CFAP157	-0.127029311103984	0.742821353148655	0.836349112265482	6
LRRC56	-0.756921336222964	0.0609760356160069	0.136015515474241	6
EMSY-DT	-0.51219804386912	0.208673282756385	0.347340215088808	6
NRIP2	-0.288078258513063	0.453539784207196	0.60534822343534	6
MGP	2.78707909006256	1.1354514988326e-08	1.53764897933472e-07	6
EPB41	-0.221233073641723	0.595394124737313	0.726404010002526	6
KCNN2	0.459336207507865	0.259206794697326	0.406425138606421	6
PCDHB13	1.58169098353594	0.000567687092094606	0.00268503959512803	6
EFCAB10-AS1	-0.190650216199399	0.634835395372045	0.757669626374307	6
HRCT1	0.484879671098909	0.231649262555455	0.375055257443721	6
LAG3	-1.01429132283971	0.0332151799115489	0.0836288089471535	6
BAZ1A-AS1	0.28483272993545	0.463550094828909	0.61478185372624	6
HSD17B1	0.46823859813148	0.280845192739357	0.431673047903997	6
SP2-AS1	0.331107320071277	0.413455816170905	0.569399341730239	6
TTC39A	0.015303593363083	0.97073088641296	0.982448920333214	6
PAQR6	-0.548978530421683	0.16828151177443	0.296769766812275	6
RGS5	0.394501860532761	0.322356276333863	0.47778129325331	6
SPDYE2	0.766639418835475	0.0993073099543968	0.198208054727783	6
GOLGA8Q	1.42706474118728	0.00142482606723806	0.00593700079868775	6
TEX9	0.418972690885889	0.292997743423151	0.44514419398418	6
LRRC37A2	-1.66350318375665	0.210869870800158	0.349978578910917	6
ZNF556	0.267871210178208	0.497835924656283	0.64587170079348	6
PLIN4	-0.325002358566872	0.452199952211136	0.60411123220899	6
CACNA1A	0.35495459901893	0.365303473810236	0.520970844762868	6
ZNF573	0.644056837154504	0.118511765311437	0.226617266658645	6
POLR2J3	-0.137332070776039	0.78696410125439	0.866700842102705	6
FAM66D	1.31033178455328	0.00250562804144874	0.00961842575374448	6
CD163	-0.40331613889592	0.313399569725419	0.4678038441489	6
EID3	-0.343060331120755	0.426636178571989	0.58146738647164	6
TIGD7	0.367566386303983	0.440341244817254	0.593583770264214	6
GDPD3	-0.431731427257659	0.26940893341057	0.41828612768145	6
AARSD1	-0.232805253559305	0.564280773772834	0.70171259567046	6
SAMD10	-0.760645473876918	0.0538458263966406	0.123333908097299	6
OSCAR	-0.27001207113771	0.491352479736894	0.6399293644364	6
PCDH10-DT	1.30792495052402	0.00151733542070821	0.00626103013880318	6
RPS3P4	-0.0896610010671103	0.830493315964124	0.896989267380295	6
ZNF273	0.311420268997231	0.44177657033497	0.594713131041032	6
RNF32	0.129757382566568	0.756901271150093	0.84536473823506	6
C8orf76	-0.0578117607617092	0.882103018858092	0.929383324843834	6
FOXN3-AS1	0.305421116188776	0.478251767182798	0.627672071939195	6
HYPK	0.35832340222409	0.362575511195007	0.518364445949808	6
MPDU1-AS1	0.273101415721184	0.504616240173827	0.651393897166626	6
MRPL38	0.0345407147834222	0.933055552897681	0.959516425218139	6
PCDHGC5	0.191927276560489	0.64483080174492	0.76488262257759	6
DOK3	-0.771110891486329	0.0507382891851271	0.117651478014389	6
RPL27AP6	0.383305878944596	0.328090759035963	0.483217202850098	6
KDM7A-DT	0.693625841847478	0.0920474527392761	0.186517952648875	6
LINC00517	-1.53828889099878	0.00021196613065237	0.00113882048072537	6
BMF	0.501984000770249	0.215271866514715	0.355357860412991	6
GOLGA6L9	0.151645561611483	0.716537670396991	0.817241604318134	6
PJVK	0.77386832349361	0.069228125291346	0.150306724903942	6
ATXN7	0.266043582237124	0.51787556412446	0.662266811638094	6
FHIP1A	0.274365112110879	0.487417009504973	0.636684538663686	6
STEAP1B	-0.584840822686809	0.14556272563712	0.26571101893793	6
POLR2J2	0.372900677596258	0.408363561912169	0.56425432638373	6
JPX	0.084588538663043	0.829787695893946	0.896682985062968	6
BAALC	0.188228906321516	0.638786513352819	0.760248361235367	6
PWAR5	1.61921476962008	0.000169840096542291	0.000943293329445642	6
HOXB-AS1	-0.0317733342013302	0.942172638919278	0.965798492803867	6
SARS2	-0.568460184339326	0.196592456152431	0.332316232224791	6
LINC02614	-0.0311015671015792	0.936408651564584	0.961990678336347	6
RAB6B	0.0994470415250736	0.802919506607337	0.878612475307372	6
PURPL	1.49479138824353	0.000712509866349423	0.00326217995504607	6
TMEM178B	2.1082101674837	9.43949059500995e-06	7.03578792197712e-05	6
HYKK	0.380474659431898	0.354808063777581	0.510586918498338	6
ZNF610	0.135994543593954	0.727638383754879	0.826409026504039	6
ELAPOR1	-0.347463588317744	0.383942651718553	0.54004367222058	6
ABHD16A	0.554300778521529	0.179266915520769	0.310702136936563	6
RPL9P7	-0.513881489065989	0.202129232368056	0.339279148898333	6
FAM66C	0.680315737171164	0.11761275842313	0.225471764855628	6
KREMEN2	-0.970714399921073	0.0225945571042525	0.0611079012047001	6
ABCA6	0.593666750996077	0.139650326114227	0.257057368569651	6
FABP3	1.33610066752934	0.0019737220227119	0.00785847035237651	6
GPR39	-0.655633415598429	0.119266073076891	0.227719657660446	6
CALCRL	2.32383678888037	8.54304208776182e-07	8.01511496801203e-06	6
TMEM184A	-0.756239187361365	0.0707327401349533	0.152788270918471	6
KIAA1958	0.35177668483384	0.434420460632945	0.588246974274956	6
C17orf107	0.854137235758966	0.0343085521303603	0.0859215128789827	6
RAB11B-AS1	0.00836357168150928	0.983577044802195	0.990196913249047	6
ZNF667-AS1	-0.0745982109890164	0.852572419423963	0.910553131434032	6
SUCLG2-DT	0.735410700445286	0.0709459159532981	0.153189196707137	6
MOCS2-DT	-0.427208483716849	0.328112960772431	0.483217202850098	6
VLDLR	1.56159110858149	0.000354226935562588	0.00178237352936175	6
AKR1C1	-1.21986834577535	0.003914596475152	0.0141133479601276	6
NUDT13	-0.599472038315713	0.152141084094615	0.274860429582408	6
PLBD1	0.947245109683517	0.0438837530552405	0.104683189827135	6
EFCAB13	0.558993949700554	0.165257327395343	0.292651984461846	6
LRRC8E	-0.0441420421943654	0.912604135751184	0.947516030832374	6
TMEM191B	-0.00726200546415524	0.985302006262205	0.991023940431681	6
HTR1D	0.717553102373987	0.091246453600801	0.185268625246157	6
CLGN	-0.331031875000903	0.414695043120838	0.570449456850203	6
MIR4453HG	-0.745824104568172	0.0769712465153068	0.163125506018513	6
MKLN1-AS	-0.794525904315304	0.0554611622577491	0.126325537082324	6
RNF128	0.806937043760765	0.0612701841651467	0.136509721422787	6
GAB3	0.821172938171557	0.0522266156762755	0.120290278590869	6
IL17D	-0.0276952650212292	0.945309107847409	0.967356276653615	6
RPL17P39	0.316947486859368	0.426114508823777	0.580979266681924	6
OSER1-DT	0.314077639366724	0.447046430727618	0.599083583288559	6
PCGF3-AS1	0.409092088413657	0.345728754912676	0.501302886199113	6
NALT1	-0.393553642482451	0.35357471818706	0.509424695216316	6
PITRM1-AS1	-0.368798470212853	0.403799592629155	0.560203840406573	6
KATNAL2	0.517584940385871	0.200421016126933	0.337099646726146	6
SPEN-AS1	-0.355136124562477	0.397040612921114	0.553537093370936	6
SCN5A	0.366544003757555	0.380547181291356	0.536425631541885	6
VSTM5	-0.287755203984063	0.492798615423545	0.641105769403056	6
PRC1	-0.473943070109039	0.270456421560744	0.419566043253279	6
CRLF1	-0.422640841386147	0.304182942431265	0.457804718868368	6
CD37	-0.0307062748685402	0.941885645913097	0.965798492803867	6
ZSCAN5A	-0.707516962369129	0.0891319249159612	0.182124111715119	6
TRABD-AS1	0.164683094326659	0.688216042489044	0.79653457902781	6
RASSF5	0.948253070859227	0.0287813335060111	0.0744446709655539	6
EEF1AKMT4	-0.736331948248848	0.068376542553084	0.148914697158545	6
AREG	-2.56738464369627	7.6755806841903e-07	7.27384222793354e-06	6
PCMTD1-DT	-0.227598524334055	0.581501480235702	0.715506067045846	6
DET1	-0.528458582307996	0.283119624834368	0.43424703536806	6
ROBO2	0.0740265587046029	0.856768369251206	0.913095461456856	6
RPL7AP45	1.04367154110587	0.0181243522658221	0.0511077225524886	6
CCND2	2.07774686972827	1.27621092066863e-05	9.27596043553902e-05	6
LOC105370777	0.553967769425065	0.182485780805862	0.314611700425352	6
FMNL1	0.551166996722044	0.226334538868985	0.368946320140241	6
RHBDL2	0.219450040582526	0.606405789113588	0.735515428431602	6
ITPRIPL1	-0.985160411958608	0.018367926681678	0.0516948939300679	6
ABCB6	-0.180556979238003	0.67021670386646	0.783417322883777	6
TMEM182	0.886722272120646	0.0632103458186364	0.139979438427105	6
ANKHD1-EIF4EBP3	-1.05723814296727	0.0144742005404009	0.0424802456439904	6
AMPH	0.919709306313444	0.0331073283347056	0.0834051220803311	6
ABTB2	-1.65778836419278	0.000126127971043731	0.00072784852382667	6
DIP2C-AS1	-0.610486733767837	0.156908507652603	0.281234570565253	6
NPIPB15	-0.878154080118429	0.0773540217329947	0.163831212883574	6
NDUFV2	-0.380488817640032	0.383468318183338	0.53969723436861	6
LAMA5	-0.682527347532637	0.107108245477383	0.210270818078866	6
ZNF665	-0.114923405883972	0.77856640574301	0.860981645445349	6
MRPL53	-0.0367831770101403	0.93002998485902	0.958201682114846	6
BCL2L11	-0.0519148385018938	0.910990166484619	0.946736425188461	6
KRABD1	-0.677952497098061	0.168205685197276	0.296675791806478	6
SLC31A2	0.0416023052821209	0.921393569780618	0.952306754327326	6
MIR181A2HG	0.591697871934754	0.166852668590752	0.294842485791391	6
GBGT1	0.320924842731444	0.451193870204134	0.603195705209935	6
PTER	0.545498645606936	0.209793537734149	0.348763871835641	6
PTGIS	3.57651168419888	5.91859880342284e-09	8.41323067488713e-08	6
DHRS3	1.75857536866945	0.000161158512696861	0.000900321234696477	6
RBM47	-0.0664498849053973	0.874147969432576	0.924413892349657	6
EPHA5-AS1	0.345817329168388	0.422923536070206	0.577723381620188	6
KDM4D	-0.295606243684534	0.495702893457539	0.643802386441203	6
TEX29	-0.244639947086873	0.563643678929194	0.701244792901819	6
HIF1A-AS3	-0.921764234602164	0.0357531122243469	0.0888461801414156	6
NPIPB12	0.226942065144267	0.661300129876524	0.777482458875017	6
LINC02987	0.272439161123461	0.537722742603037	0.679666262808122	6
LINC02593	-0.594067799891726	0.152558691041367	0.275425874390004	6
PERM1	-0.97573269918811	0.0213824381832761	0.0584299426627492	6
UCN2	-1.48318824939442	0.000847706193963647	0.00378762954213967	6
TPK1	0.930887916072333	0.0662463797806268	0.145406219285041	6
DMTN	-0.501774279145114	0.243727882298884	0.38868307665377	6
SUSD3	0.609350045032762	0.173020131137703	0.30269324643349	6
SCDAL	-0.71039010808164	0.116185419807411	0.223523630652579	6
ATP2A1	-0.756105051704865	0.0794531422034669	0.167040682131326	6
RPH3AL	-0.169519804198482	0.68492299748363	0.794539650645723	6
RANGRF	-0.496131335108134	0.234770227036242	0.378842666617084	6
CCDC157	-0.121732244398713	0.772312294870931	0.856368186116255	6
NPTXR	0.0426373763024779	0.923656547629581	0.953949873397267	6
MIR99AHG	0.0904197261452487	0.842460647487665	0.903831323612476	6
UTS2B	0.137523775371618	0.751510434294978	0.841883561414876	6
SLC7A11-AS1	0.775132375754057	0.102049861916991	0.202362508649193	6
SPATA24	-0.196403809307408	0.634158358969026	0.756949689343438	6
ZNF658	0.366270778757188	0.383941193123582	0.54004367222058	6
NDUFV2-AS1	0.546837215252972	0.201388061722661	0.338337084423151	6
TOX2	-0.754134647628572	0.0709793292347359	0.153189196707137	6
LOC101929532	-0.579663310543463	0.193013556339581	0.327866491430881	6
USP46-DT	0.898856105593802	0.0725468984871045	0.155831400911514	6
LINC02615	0.992757650217978	0.043302347678129	0.103553624970754	6
ARSL	-1.0286684291495	0.0141494691562887	0.0416665464215276	6
PTCH1	-0.170953034014321	0.690571660778579	0.798138095603516	6
ERCC6L2-AS1	-0.0353398859693688	0.936265721638351	0.961990678336347	6
LOC102723566	-0.270922333323681	0.510662772308613	0.656366963372549	6
CCDC7	0.567415026834133	0.192478817174307	0.32732287044167	6
CAP1P2	-0.127259954420036	0.761756176542608	0.848738492621496	6
STAC3	0.286306497601845	0.566899585493144	0.704000144808002	6
LOC105369187	0.419368849516146	0.328040306746055	0.483217202850098	6
MIF4GD-DT	-0.461590285941539	0.324283831992343	0.479719946113196	6
ANAPC1P2	1.19988045878359	0.00781228569258213	0.025309652121944	6
ANO7	-0.823881082188185	0.0707355255623461	0.152788270918471	6
PARLP2	-0.281702184089971	0.520820697640507	0.664970938026267	6
CHST11	-0.338096107919485	0.431185611248206	0.585243988539919	6
PDPK2P	0.436263237599353	0.35938975659382	0.515188299552391	6
UCKL1-AS1	-0.619036760296971	0.135994414991426	0.252161499441068	6
UQCRHL	-0.0369254925064718	0.929802578903288	0.958192385978547	6
SHLD3	-0.546828392073831	0.20572863074147	0.343666434579518	6
KIAA0825	0.79137864364442	0.0712384005655776	0.153647561305046	6
LOC107985216	0.831342305040518	0.106864716860291	0.209917962696912	6
SCN2A	1.52743764518365	0.000732539414648744	0.00333763112323344	6
PRICKLE2-DT	0.12676774645423	0.761528010890662	0.848627938313054	6
PLEKHG4B	-2.03957049672392	7.98723128671129e-06	6.05621690247585e-05	6
CCDC171	-0.912050905073901	0.0496552437925291	0.115704013815022	6
SPX	-2.04473208078746	8.53995393083687e-06	6.42718202353378e-05	6
AKAP6	0.0351184350335196	0.932642489494414	0.959391457425365	6
SLC46A1	-0.190740484115237	0.658964428454188	0.776243241166468	6
TDRKH	0.718693915718063	0.101431233222753	0.201396892276952	6
ESM1	-1.3382693460947	0.00330906401959856	0.0122358036813685	6
ZKSCAN8P1	0.0131718907286909	0.976519494321369	0.986121504563257	6
ACER2	0.104341277381084	0.810106736432634	0.883120600190402	6
RNF208	0.163507783751315	0.698453889648899	0.80317215230106	6
LOC644169	0.0440600100238835	0.931397593682873	0.958966537639015	6
LNCOG	-2.25429377037024	2.10007683268533e-06	1.81624910306419e-05	6
SHLD1	-0.597059816587628	0.171946065706686	0.301374975086166	6
TSSK6	0.0600798680385645	0.887278178612527	0.93247446427758	6
CBR3-AS1	0.454969416321158	0.288991767469542	0.440820365036741	6
RPL10AP6	-0.235251147792578	0.594582302301685	0.725682600389158	6
OCLN	0.749982673270947	0.0827228171773961	0.172032740562466	6
HAPLN1	1.63956596605486	0.000468697764394987	0.00227823806230842	6
H2BC5	-0.72341899748297	0.102518632229213	0.20301681300333	6
FAM66B	1.2401149341434	0.00696826498847393	0.0230080069382702	6
GSEC	-0.0130801495821177	0.976591595623582	0.986121504563257	6
RPS6KA5	-0.643214425437842	0.135602039322448	0.251611170510485	6
ARHGAP27P1-BPTFP1-KPNA2P3	-0.39250425811057	0.357221733878996	0.513012784320651	6
ZNF529-AS1	0.527720281545056	0.241237203512228	0.385608607221053	6
ASPHD2	-0.0445190683950651	0.920971892681733	0.952148368156586	6
LINC02606	0.980124229811393	0.0372697400547277	0.0919553117788905	6
LPAR3	-1.53858668011421	0.000480351076589408	0.00232629184000971	6
INHA	0.627732722080616	0.165445225693968	0.292945319586993	6
NRROS	-1.46046576898777	0.00170698211872867	0.00693701933585226	6
UGDH-AS1	0.250088852499396	0.616900179423451	0.743272957597335	6
NDST3	-0.572128094476434	0.200625737467981	0.337400866524982	6
HBD	0.468721276199628	0.280224698365784	0.431009878189702	6
FAM24B	-0.308030132170902	0.502445143803737	0.649610591090127	6
GPR68	-0.406444342472705	0.342352781028677	0.497613698838392	6
LINC00926	-0.230731711611493	0.630691284689064	0.754365232200104	6
IL34	1.42704451316155	0.00234244950743489	0.00908208037300898	6
CDC42	-0.410892601957126	0.388862862439883	0.545402435620265	6
OXCT2P1	0.095406949130253	0.822118324571127	0.892091061787779	6
HSP90AB3P	-0.388803478972014	0.370745400314123	0.526328915480457	6
MICA-AS1	-0.0379559191527845	0.931031611367977	0.958785948522271	6
CDHR5	0.177444204655965	0.716690817314387	0.817274645093067	6
ROBO4	-1.64170110308304	0.000385054075582023	0.00192132933922903	6
PAPLN	0.35910340757913	0.42273547372184	0.577526418329069	6
UBL7-DT	-0.548961880769431	0.194367695620883	0.329316768883727	6
NPIPA7	-1.40136432054432	0.0091019533452796	0.0287856189434001	6
DNAH17	-0.193297375356797	0.667713443084328	0.781462794640261	6
GPR17	0.351395962044581	0.472887307439495	0.623147024509568	6
SLC7A14	1.66259587253154	0.000423325363723465	0.00208619684114263	6
TAPT1-AS1	1.20741730480069	0.00894910976301604	0.0283575184907511	6
RPS10P13	0.460780918423869	0.300457257968091	0.453910121270973	6
MAP3K4-AS1	-0.085853273634581	0.852127696415579	0.910360917776013	6
TCAF2	-0.726683052911594	0.0935670992954511	0.189073338659199	6
CAVIN4	-0.788118234323202	0.0788808263723462	0.166235721668138	6
ST20	-0.200772062454298	0.682744171847507	0.792501017110118	6
CORO1A	-1.32054866423302	0.00486031630089726	0.0169259172323449	6
LINC01572	-0.119678010065398	0.778941782721686	0.861051669448032	6
LRRC75A	0.577136248051979	0.231800146742218	0.37520724687258	6
RGL4	0.308084323435359	0.488837465598758	0.638033471460234	6
SMIM11	-0.437374933172808	0.734170880274395	0.830516611984519	6
DNAI4	0.0457591333482384	0.917019351391194	0.950331825155832	6
NEB	1.03870400971943	0.0291131290901985	0.0751256848097006	6
HOXA10-AS	0.150213185054809	0.736048377919637	0.83149715057983	6
COL14A1	2.1166551881155	3.85128605040845e-05	0.000252588332244776	6
TSSK5P	0.839787172586941	0.0647807916697971	0.142928186515176	6
IL23A	-0.212541596286654	0.646679043394731	0.766246849239792	6
NXPH4	0.604940077338648	0.187531872877092	0.320665373172403	6
OTUB2	1.57965178044965	0.000733348069891247	0.0033401593923801	6
HEXIM2	0.259188283973322	0.559222323462255	0.697416774236732	6
AURKC	-0.507037657938342	0.28633479274245	0.437925754038139	6
SLC27A5	0.562544338202408	0.210155211933489	0.349222566978273	6
THAP7-AS1	0.0401630328406617	0.931894125356412	0.959146326692193	6
PLB1	-0.460309464767301	0.308991981932975	0.463083394988472	6
MAPK10	0.592409146737608	0.183407618239382	0.315622235440579	6
MYLIP	-0.637155601943624	0.139040231533378	0.25640047179516	6
SRRM3	1.1719556497686	0.0129277148502	0.0386920215036795	6
HAUS7	0.629553379452348	0.179863510773396	0.311354996358524	6
HR	3.23367092026591	1.08807437141354e-07	1.224130166745e-06	6
PXN-AS1	-0.372517989662471	0.389580658260551	0.546073366282559	6
FLRT2-AS1	0.603097878298856	0.190459774032591	0.324701723298924	6
ZNF443	0.483046702054058	0.270103077290141	0.419067280335941	6
CILP2	0.0166620423309136	0.970021047073561	0.982032536735062	6
GPAA1P2	-0.18476855773222	0.679831751075302	0.790933828831908	6
CISH	0.419729041861065	0.354888088060727	0.510636909787818	6
ZBTB11-AS1	0.107442827231502	0.813665713754377	0.886245907335445	6
ADAP1	-0.220657672692448	0.620753610598879	0.7468902903394	6
PCDH19	-0.924847043763232	0.0518642059687952	0.119623014397626	6
SPAG8	0.147003514543097	0.738882408098773	0.833554091344202	6
UCP3	-1.09640353840626	0.0125310962898075	0.037674877708012	6
ZNF843	1.60239613162771	0.000631822627366739	0.00293357363105058	6
RPS21-DT	-0.146048386809917	0.735707647636452	0.831260962494137	6
ZNF436-AS1	0.569159787656599	0.228660411342192	0.371559334710605	6
CLDN18	0.331751129313043	0.513731558346194	0.658639184037299	6
NTNG2	0.897779404989809	0.0524195795319709	0.120629182758625	6
CEND1	-1.24022582027132	0.00802322237168821	0.0259037714198018	6
LINC02449	0.246753540242212	0.588322815367691	0.721159492472962	6
NAGS	-0.0189366668392058	0.965692742835418	0.979307671336102	6
COX20	0.216388331779306	0.632136352137222	0.755155712393158	6
RPL13P8	-0.997633969738022	0.028245625470415	0.0734283109693871	6
IL20RB	0.867442366009191	0.0541173568764938	0.123886394533093	6
LOC101928893	-0.257668401638486	0.570705820735254	0.70703065584359	6
RPL31P46	-1.02162745520148	0.0314181362122054	0.0800728797678545	6
LINC02256	1.15978598308227	0.0180207844183747	0.0508665224799736	6
AATK	0.0938526992440877	0.83718726880816	0.901146783377345	6
CFD	0.366489553915111	0.430666420746358	0.584961520615448	6
CIRBP-AS1	-0.351055136811468	0.425445360232071	0.580325106397384	6
LOC101927661	-0.822363577213259	0.092795973275682	0.187807983514998	6
PCDHB14	0.670811420767926	0.135233250347434	0.251139288138159	6
DRP2	-1.2332858176387	0.0200721042076024	0.0556112624046874	6
NPIPA6	-0.433156994858764	0.357234306851256	0.513012784320651	6
SOX15	-0.865922504793346	0.05636727874805	0.127825700657471	6
GSTM5	-0.094124872913876	0.830899834385553	0.896989267380295	6
RFTN2	0.837144303814044	0.0951996220214493	0.191783383022396	6
LAT2	-0.54146458367712	0.309950769008407	0.464150395046378	6
CCDC88B	0.00599283277355249	0.989625588786078	0.992944708071586	6
NUTM2D	0.166590673546042	0.70925504191843	0.811255137015319	6
N4BP2L2-IT2	-0.434981080456973	0.390189230048269	0.546622055675326	6
SEMA3F	-0.824808127449446	0.074384145589453	0.159005763197359	6
ATP6V1G2	0.0822820705659927	0.852552649528867	0.910553131434032	6
COL11A2	-0.68009775561811	0.170611382197146	0.299594133385943	6
PRKG1-AS1	1.17511190052364	0.0160045229843645	0.0461686469522659	6
KSR1	1.10983278737934	0.0209225548040665	0.0574649632943591	6
ADAM11	0.25126210536022	0.572958426244642	0.709153903587985	6
EHBP1-AS1	-0.0996224365736571	0.832566802878965	0.897990562626664	6
FAXC	-0.760161009645157	0.0967444558710456	0.194182261761295	6
E2F5	0.503120465407193	0.292281355206575	0.444414864108137	6
WDR31	0.324646986991613	0.473175597944707	0.623464504078696	6
STARD13-AS	-0.744870170487909	0.123335973406738	0.233626625119138	6
CKLF	-1.0784678655559	0.0205172037560435	0.0566298916000839	6
CHAD	0.356167460528602	0.496231173745032	0.644297784573471	6
FAM227A	0.818216142352798	0.106093456072893	0.208652048750558	6
SGSM3	-0.372627770636713	0.41446894250061	0.570218002929703	6
KCNIP4	0.667961530803599	0.179245595786517	0.310702136936563	6
RXFP1	-0.499399367741106	0.278628147191462	0.429409003802976	6
HLA-DMA	1.0026429341346	0.0349133889550603	0.0871708912775909	6
LOC101927293	0.587540662655692	0.21218001915541	0.351488244669351	6
ANG	0.0465898636263714	0.920938467105162	0.952148368156586	6
MDGA2	1.58384875170228	0.00259302453350884	0.00990768706373786	6
SH2D3A	0.0768530894229022	0.872711070975041	0.923729159476075	6
ZNF345	0.337413677961376	0.502798753430505	0.649812468473808	6
SNORD83A	-0.499567715738496	0.263378766524043	0.411056995939766	6
LINC03143	0.64946664196344	0.261121227290786	0.408550899183242	6
BMPR1B	0.170276754759574	0.703845146361457	0.80766399281282	6
SLC25A32	-0.101377525409532	0.820528655861642	0.891066636177443	6
HEPHL1	-0.054404441303068	0.912455995098997	0.947458784231689	6
HKDC1	-2.33190771479879	6.23426788398775e-06	4.85572000928584e-05	6
PRECSIT	0.449057856445376	0.343542657579575	0.49873739955001	6
RGS9	-0.22999441123088	0.655297461050431	0.773326204035039	6
ITGB4	0.516084296799374	0.268418556559907	0.417097024320625	6
COSMOC	0.91821642344483	0.0891987574971081	0.182200507014927	6
EREG	-2.52981735348491	1.08256981635909e-06	9.93022055242834e-06	6
WWC2-AS2	-0.0433878780260373	0.929080470639299	0.957973228499538	6
CMYA5	-0.154540400323869	0.787481403435042	0.866980404266933	6
APOM	-0.350587297857021	0.468617856781743	0.61956778312757	6
PI16	-0.230180329367148	0.61188171979699	0.740087384578124	6
TOMM5	-0.676576677356661	0.136658595939756	0.253000998362167	6
GABBR2	-1.69433845299353	0.000577460129163561	0.00272138262298309	6
XNDC1N	-0.619201332803697	0.171270424082906	0.300430782543083	6
PCED1B-AS1	-0.283976744716545	0.53926662736629	0.680963796625334	6
NFATC2IP-AS1	-0.0903329480679133	0.852266208972842	0.910435003141496	6
LOC101927727	-1.2610509011865	0.00750738654481839	0.0244482259004069	6
CLDN7	0.150703529178987	0.747320730488607	0.839189794866195	6
ZNF491	-0.0286565250058056	0.95261569407578	0.972414143553276	6
GIPR	-0.454477676654587	0.314150505126678	0.468679938680999	6
ZNF582-DT	0.513019028781246	0.321570251961184	0.476992250007332	6
TBC1D22A-DT	0.0347585693768035	0.942145506093745	0.965798492803867	6
PPM1J	1.21679914184692	0.01657270839275	0.0475096551619605	6
FAM72D	-0.971311032693168	0.0465288934135632	0.109976624888262	6
LINC00624	0.9312846903483	0.0657297135262448	0.144489014553433	6
DYNLT2B	-0.153680781343339	0.752361322058155	0.842237015307654	6
SLC12A7	-0.0882968083463379	0.853122671650778	0.910578618240197	6
RN7SL81P	-0.590511180521421	0.203868609532394	0.341415077261437	6
CNKSR2	-1.96999167354379	0.000140109622039041	0.000798036761099049	6
MAPT	1.20923282312748	0.0119441711185693	0.0361288226494369	6
BFSP1	0.221599171515662	0.667348521845049	0.781244094009817	6
ANKRD24	0.357153651526224	0.438355686864286	0.591863360980059	6
CGB7	-0.195794245987635	0.669080648508265	0.782436796047823	6
FAM167B	0.386007586244489	0.413139820756262	0.569147287096533	6
TMEM81	-0.44907763636612	0.326817363366834	0.481897272767743	6
CPE	1.1981883342169	0.0117841710605072	0.035724330647042	6
LOC124906495	0.382429637112785	0.798534664979913	0.87568073575948	6
SEMA6A-AS1	0.461822688486067	0.339839064186087	0.495382237196175	6
RNF122	-0.176970023782692	0.695835573175874	0.80174155449367	6
PSCA	-0.703830360296996	0.158134575393123	0.282815953247239	6
PTCSC2	-0.240401210083744	0.624625326191539	0.749351561659782	6
CCDC183	-0.347807837173584	0.482000615369388	0.631146139075656	6
CCDC183-AS1	0.221762444565745	0.635816581202083	0.7584980879077	6
GVQW3	0.426524626161719	0.377855483070672	0.533717321993696	6
KTN1-AS1	0.616644771431621	0.18682818525047	0.319919266612714	6
PET117	0.383490354478086	0.407332840057596	0.563221232416142	6
NDUFA13	0.436578862598663	0.359884957210358	0.515694066161545	6
ZNF667	0.456187943225922	0.322969905359144	0.478313778605132	6
LINC01409	-0.314847758101646	0.515336636512567	0.660311121037176	6
RAPGEF4	1.03943038070412	0.0286122000696531	0.0741396838265465	6
RPL26L1-AS1	-0.472866678332691	0.325396415092599	0.480447898133918	6
H2AC11	-0.424322151690123	0.359986108972177	0.515726725337479	6
TG	1.968265225155	0.000171976183221005	0.000953949641693253	6
RET	-0.456179590501806	0.36849768427962	0.524042244832826	6
C1QL4	-0.631191132152354	0.195198304481948	0.330426347980438	6
ADSS1	-0.331783198583752	0.469236431665247	0.619984608899252	6
LOC339260	0.377252860278037	0.420133085339914	0.575284698047361	6
KCNN4	-0.332979988385765	0.467257864148118	0.618142237767003	6
SAXO3	0.35243391892428	0.458925669228955	0.610309010311248	6
HSF2BP	0.974602657461436	0.0389671563336212	0.0953214418917406	6
SLC1A7	3.03350303964531	2.21738348710459e-06	1.90623647790624e-05	6
LOC105377259	1.16648137814878	0.0214250765656957	0.0585100171855295	6
GHR	1.0108022019307	0.0405521360095885	0.0983940583030807	6
MIR31HG	-0.515603330200657	0.299409912116991	0.452795573666814	6
SEMA4D	-2.4472258649387	8.9057360320624e-06	6.68336393329746e-05	6
KCNIP2	-0.0057441936239154	0.990867723334017	0.993542214603951	6
NAXD-AS1	-0.283438468959913	0.545307716019657	0.686353553831205	6
ATL1	-0.470297873181423	0.332455528836579	0.487643428357019	6
NPIPB2	-0.535517353648536	0.266650019464559	0.41503064990091	6
MYH3	-0.368644989840439	0.511947115444742	0.657375854121466	6
KCNJ14	-1.06991492046842	0.0248402056133843	0.0660682211535618	6
RRAGC-DT	1.19717483797455	0.0156539231813251	0.0452962389175164	6
PALMD	0.296887929754437	0.537509436087007	0.679461894479331	6
NTNG1	-0.0236747269672735	0.959418961698448	0.975726786126607	6
KMT5AP2	-0.199718703957666	0.665897222022368	0.780184457756869	6
ZKSCAN7	1.35295797621533	0.00795610720745191	0.0257123101329952	6
C3orf33	-0.0447484887587753	0.923111244282539	0.953611152761816	6
ANKRD61	0.359889116908312	0.510769836134436	0.656440475789648	6
INSIG1-DT	-0.267171241585067	0.565516402740237	0.702917130242657	6
HEY1	-0.84841837160204	0.0724385655773069	0.155674912439851	6
GPT	0.496242589477709	0.308301427250128	0.462417010812834	6
GLYATL1P2	-0.382848820046655	0.423841840779855	0.578857662397306	6
NOP2	-1.37414426270407	0.00457326395649374	0.0160527662558206	6
RPS7P10	0.189407771820737	0.707410297315926	0.810162406570843	6
SNAI3	0.887259505015349	0.0991992566592118	0.198142612352838	6
TUBB3	-0.12963347153461	0.789772034212042	0.868993503831239	6
ALOXE3	-4.74715810774264	1.00612817496113e-08	1.3766803707914e-07	6
RALY-AS1	-0.0322562113167496	0.944141067293203	0.966687061977321	6
LURAP1	-0.0552322902885242	0.906171397382684	0.943964395674919	6
KCNK1	0.764889740957417	0.135375011053735	0.25129618819635	6
SCN1A	-2.04484940067202	0.000191108811814742	0.00104293751654952	6
LINC01013	1.95249095375375	0.000651838843213491	0.00301587159691359	6
HOXA-AS3	-0.166840337344318	0.730181158507889	0.827995743404492	6
RAB33A	0.919487370248121	0.0824898161262434	0.17172441082868	6
MAN1B1-DT	0.265675967047769	0.62921350343274	0.752939758698651	6
ACSL5	-0.294386393951945	0.547346121813837	0.688319664790403	6
PTGR2	-0.471255541705822	0.308365035614027	0.462459720153519	6
ARHGAP23P1	0.0899779904825252	0.856542820424955	0.912929013842304	6
LIAT1	-0.179560223943976	0.698028968231187	0.803054176770883	6
RIMBP3	0.115051014712307	0.805407851393943	0.87994551360379	6
SLC39A1	-0.497570806377431	0.312087387642883	0.466447857788494	6
C3orf70	0.769778701684051	0.141080397837369	0.259146145232108	6
TGM1	0.0414053598957745	0.930501374058543	0.958559351229116	6
DISP2	0.514713393367586	0.284023678421718	0.435328793556716	6
C1QL1	-0.2821114190604	0.559119448291702	0.697416774236732	6
DIRAS1	0.091200909207485	0.848951229358656	0.908294321063805	6
CDK11A	-0.551887106495597	0.259602725823543	0.406900533462169	6
EBLN2	0.349798942714257	0.472826774604919	0.623147024509568	6
PCDHGA8	0.166068377280986	0.726032612030843	0.825139636691589	6
ARHGEF37	0.380322482638544	0.455590284073521	0.607346950866058	6
MINCR	0.354551635569975	0.481528056571546	0.630708408327138	6
ZNF503-AS2	0.419620363864718	0.375410133814092	0.531110740841441	6
PKD1P1	2.24672959566029	0.0847613756343898	0.175261386659672	6
HK2-DT	0.92638691624118	0.0640812905645856	0.141646016406657	6
RAB40A	0.0203035944127965	0.967335572224934	0.98029395158956	6
MIR4482	-0.0755939321291505	0.882249445867411	0.929415722765325	6
TSPOAP1	2.16401207338186	0.000108007321688019	0.000632992152884859	6
ZNF563	0.2700078834054	0.571966100576925	0.708150972358188	6
RPL7AP70	0.516516127622923	0.291535638044277	0.443485912813685	6
CPA3	-2.35097357388177	1.25586743523719e-05	9.14324283740437e-05	6
TTC29	-0.117756746077352	0.809051075688977	0.882825889696498	6
C1QTNF3	0.308473565778601	0.526038020257009	0.668943914659744	6
PSORS1C1	0.409737506567755	0.428652036067463	0.583007517127094	6
TRGV7	0.234185369399279	0.630910731921357	0.754490593647754	6
SH2B2	0.124122202994563	0.80962170031464	0.883066415070335	6
LOC102724434	-2.26351958100669	4.45817456289227e-05	0.000287379783405244	6
LRRC4	-1.13362686022431	0.0214453733166616	0.0585411549081745	6
MCMDC2	-0.420070628276214	0.401351934513784	0.55763093878034	6
SYT15	2.26596644574456	4.96270204645528e-05	0.000316645889663068	6
RPS3AP38	0.950358752070868	0.0565649994725189	0.128152338736104	6
TMTC2	1.67522671086049	0.00169148734693605	0.00688467778222611	6
ALDH1A3-AS1	0.618991789473443	0.212667549544641	0.352118610648567	6
CFAP44	0.276966382390675	0.575828991422165	0.711357684359399	6
B3GNT5	0.0654751760033436	0.905745654894267	0.943670259250692	6
IRF2-DT	-0.466038737150663	0.324042095316048	0.479470110234391	6
PSMB8-AS1	-0.39044417243951	0.429088346622527	0.583420091580655	6
ESR1	0.123878386713416	0.824333335981648	0.893502939849015	6
ABCA13	-2.12462590380909	7.69131974326763e-05	0.00046784122819146	6
CSKMT	-0.0684219481103308	0.895328337315887	0.936895373566183	6
TAS2R14	-0.173055491791664	0.747713107046688	0.839415575953566	6
ATF7IP2	-1.38784021636506	0.00459296522981591	0.016113326577843	6
SDCBP2	-1.32018737547184	0.0074404483393188	0.024278289908392	6
PEX11G	0.846031831911804	0.13102346558896	0.245154495742357	6
ZNF439	0.267557701016286	0.639524930644345	0.760920786592381	6
ZNF566-AS1	0.664437277826332	0.184283458677968	0.316798115003016	6
ZNF582	-0.703345903522755	0.141571357294385	0.259830420533462	6
MIR155HG	-1.71308614581814	0.000959278257301189	0.0042160199335077	6
USP34-DT	0.73354191379058	0.158888106495136	0.283855068647594	6
SAP30L-AS1	0.419816483439666	0.455618935811757	0.607346950866058	6
IL6	-0.198452855284608	0.721344796367237	0.821087993305253	6
WASL-DT	-0.420609345458152	0.390887971785891	0.547076913622294	6
B4GALNT4	-0.679211206049102	0.16032083437186	0.285716645388138	6
VWCE	-0.0610461195477782	0.899571186374715	0.939170013186102	6
PDGFD	-0.491728001847252	0.312899010068391	0.467289501875451	6
RUBCNL	0.994247887726252	0.0465410411903709	0.10998558800518	6
C17orf100	0.927293777226921	0.0673637197776641	0.147240756309726	6
CCDC102B	0.149363953286441	0.768283719835893	0.853626960766427	6
SBSN	-0.415026223725967	0.403300410359643	0.55968827639051	6
ETV2	0.376414846072208	0.433723258542516	0.587658183447775	6
ZNF671	0.179516966279135	0.725188249518764	0.824260187532691	6
SLC25A34	-0.59236274611513	0.282267665985908	0.433293211355394	6
RHCE	0.89332046152471	0.0779666063690899	0.164863363797001	6
SCG2	-2.88140504826478	1.71955845237535e-06	1.52113897235327e-05	6
CAPN10-DT	0.208898609775865	0.695189996660166	0.801294739582991	6
RPL23AP42	0.680893393509554	0.225524679354058	0.3679082755215	6
CRYGS	-0.331616621184629	0.488721346726931	0.637985718231743	6
ARRDC3-AS1	0.363197263376607	0.467339102768057	0.618187580116163	6
DDO	0.23715977569558	0.626896197328884	0.751122760371391	6
TRPA1	-0.654561754273883	0.209544413535945	0.348569836392473	6
CNTF	-1.19567266968643	0.0180439795351221	0.0509028938321499	6
LINC02714	0.165407315379736	0.748143004224847	0.839754955624768	6
TXNRD1-AS1	-0.212485476804972	0.662150034268348	0.778030900857516	6
GLTPD2	-0.224670276470707	0.642709767676494	0.76326133813837	6
ZNF682	-0.0347435415159404	0.948484530236789	0.969475219095112	6
TNFRSF13C	0.0117382456116236	0.982194814466995	0.989410755554378	6
HSD11B1	-1.11990394282466	0.0258015608236749	0.0682528024762928	6
ATP6V1C2	0.000411964786238747	0.999357666710483	0.999721141014789	6
ASB3	0.342304753552624	0.522708904167006	0.666707103250999	6
ZNF892	0.250081861743532	0.623671249450259	0.749031446762205	6
MYLK4	-0.600187604611599	0.265466938940318	0.413580461270139	6
LSMEM1	-0.31020683553328	0.560250938815667	0.698284547640434	6
USP51	0.0607881722487218	0.902346169246808	0.941320544127098	6
UBXN2B	-1.37854565761231	0.00866028960364655	0.0276339975959816	6
VIM-AS1	-1.02452160719257	0.0410813956303508	0.0992938690198875	6
LINC00619	-0.306804925133163	0.532454885899869	0.675089095486722	6
LINC00327	-0.300653814966545	0.546970142775979	0.687985474377468	6
LINC00460	-0.290049443319422	0.571573230702857	0.707772195272033	6
NPW	-0.365115749019584	0.469447578242509	0.620104211982554	6
ZKSCAN2-DT	0.2702095151228	0.613794778876372	0.741349508458897	6
ZNF724	0.391038022289052	0.440617334163775	0.59382061734389	6
LENG8-AS1	0.217756063467659	0.688162345739396	0.79653457902781	6
LINC00339	0.995871142494576	0.0644062074716678	0.142268653960323	6
NPR1	0.218593796931058	0.676505684370077	0.788185044620971	6
LINC00862	-0.309950845719309	0.559710213931028	0.697874921471452	6
NT5C1B	0.924628270628842	0.0672556668613455	0.147081964262484	6
TIMP4	0.00632122458657468	0.990975897252547	0.993542214603951	6
ENAM	-0.765093885484236	0.150238504872293	0.272432764793222	6
CKMT2	0.296648109233801	0.599102005194181	0.729555619416854	6
PHKG1	-0.0388695717550964	0.941395667295382	0.965528375300694	6
SPDYE5	-0.290915617420357	0.595165323682318	0.726326826963689	6
COL1A2-AS1	0.295366482362366	0.553402431878655	0.693009622320064	6
PURG	0.910312717628437	0.079285566104015	0.166798759356087	6
CDNF	0.300656428616103	0.549282968742697	0.689510940068674	6
PSD	-0.464772335986023	0.340806788315797	0.496078707796178	6
RNFT2	-0.819480641591907	0.100405112368392	0.199703815508334	6
LINC01599	-1.20638586894957	0.0185704809507479	0.0521534543961372	6
SPNS1	-1.00607884172736	0.0517608829702913	0.119510349506743	6
ATP6V0D1-DT	0.168695902628569	0.740674369554293	0.835049851407472	6
RASL10B	1.22405543301448	0.0220710873097902	0.0599137393810618	6
MYO1F	0.238660337679834	0.626151502341208	0.750572099564459	6
B3GNT8	0.792821078414382	0.118962228641354	0.227238400175031	6
KCNE1	-1.68564980664116	0.00415242940602974	0.0148125821874172	6
HPDL	-0.65450836847307	0.185781137109458	0.31873370274494	6
TTC4	0.133844538957711	0.804643692990184	0.879546417677786	6
MTARC1	-0.25363870228274	0.611178067971172	0.739468907058286	6
CFLAR-AS1	0.208333034099855	0.69215151199642	0.799339739329552	6
TYW1B	-1.27239562201691	0.0191617448969096	0.0535411142842502	6
LINC00513	-0.828895409585156	0.115646092425556	0.222883101808096	6
LMNTD2	-0.0502540190935556	0.932720142072246	0.959396360873406	6
DRD4	-0.437708668753882	0.379352926539496	0.535200704398648	6
CUBN	-1.05984806774053	0.0422029013548197	0.10146425397872	6
LINC02985	0.532044271593617	0.289982861076884	0.44186179788397	6
LOC124903398	1.38493690810797	0.0170790498791599	0.0486815793762196	6
GRIN2C	-0.58979084689752	0.261509293042981	0.408817912627643	6
LDLRAD2	-0.163352839332186	0.774888083754583	0.85813998371711	6
TFAP2E	0.370479980795798	0.518256665971332	0.662504855218087	6
EWSR1P1	-0.798955939825104	0.146016297678917	0.266280483007424	6
TSNAX-DT	-0.00879018199290151	0.987135082320396	0.992068319327131	6
RPL35P1	-0.106329509637488	0.841341466556292	0.903309765438864	6
LBX2	0.10035459492898	0.839954258084563	0.902648078248777	6
ARIH2OS	-0.212805792202413	0.67015467101166	0.783417322883777	6
CAMK2N2	0.434344935000835	0.395862949140226	0.552656605439051	6
CREB5	-1.04795776060627	0.0422699488666335	0.101551256968698	6
METTL27	-0.138491517408519	0.783336691097948	0.864007111188393	6
CCDC146	0.00519363361406704	0.991934035238111	0.994035232578464	6
FAM86B2	-0.037795080384399	0.943624463486536	0.966609246137998	6
MSANTD2-AS1	0.304223361160879	0.55195356620483	0.692071327105561	6
FAR2-AS1	0.104858305130855	0.83727305027007	0.901146783377345	6
FAM222A	-1.18287464466972	0.0191622114558309	0.0535411142842502	6
SRP14-DT	-0.110278592005006	0.833413095384688	0.898682442414078	6
MGC12916	-0.970961166474027	0.0646695630001884	0.142740272805868	6
CCT6B	0.29753077200882	0.557745861463978	0.696415174962089	6
LOC119746555	-2.3201437035891	3.72595709171087e-05	0.000245961751244685	6
AKAP19	0.825619065835307	0.122568932871569	0.232675924919017	6
ACKR4	0.424186804556959	0.396471616802974	0.553007531302798	6
H2BC15	0.159705142950296	0.75323173345813	0.842570841418374	6
SPMIP4	0.0131613087669301	0.979815154048479	0.988299377221466	6
EOLA1-DT	0.200579006406396	0.696071884249537	0.801765191082525	6
CA13	0.42568095200508	0.399847762980035	0.556237686689594	6
SAXO4	-0.0579130277618531	0.910028843318532	0.946335097535301	6
OLAH	-0.0601037530506307	0.906327992662455	0.944015103100492	6
LRRTM3	1.69811211090254	0.00180656433322391	0.00729441911602033	6
CUZD1	-0.856639365372303	0.084207885529515	0.174528168355378	6
MAF	5.23904122821837	4.05006835309469e-06	3.29895109726395e-05	6
LOC124905134	0.010504541263107	0.984091296834777	0.990563106235082	6
THBS3-AS1	-0.152355666582941	0.761048682632022	0.848373088893878	6
LOC105373780	0.66845675339052	0.193727148752325	0.328654524942242	6
CRACD	1.15035077085933	0.0385485763965557	0.094508271765294	6
RAB33B-AS1	-0.0804570387173349	0.878869282075263	0.927413528936724	6
GASK1B-AS1	-0.0764036601192399	0.88396320536531	0.930550837509883	6
GPX3	-0.777353242761516	0.161106550968972	0.286689945978718	6
ARMC12	-0.62162231802796	0.246093401042781	0.391506821117492	6
DAAM2	-0.0153642459149733	0.975837655176839	0.985798239070816	6
SPON1	-1.86617627030218	0.000683156372940425	0.00314309239322433	6
ATF7-NPFF	-0.976540699435545	0.0756549781652663	0.161166285416637	6
OLFM4	2.7761186036267	3.39858312519876e-05	0.000227084008512646	6
RNF112	0.206407179888931	0.689587039265447	0.797409611034067	6
UNC13D	-0.565000761703121	0.257768047337694	0.404747799964938	6
GDF5	-0.616133630052572	0.2351048796766	0.379111298687135	6
GRIN3B	-0.907199746013557	0.0789685460858038	0.16627226455042	6
CACTIN-AS1	0.179527586676945	0.728377629835046	0.826805341628037	6
ZNF726	-1.1202208658793	0.0571757801676916	0.129113877911704	6
DPY19L3-DT	-0.276304151330918	0.599693647190571	0.730018872431009	6
NCF2	-0.353231780200298	0.512511353170673	0.657907835165357	6
UCN	0.044664094396935	0.932889625560128	0.959420747030859	6
ESPNL	0.240708832950435	0.642560514779776	0.76326133813837	6
HES1	1.55397165814338	0.00808190881219545	0.0260676710842756	6
RPS10	-0.45526763467889	0.368359409950467	0.523958819232548	6
LINC01615	0.429790546468728	0.396180333577361	0.552937831759039	6
RNF139-DT	-0.503995623935894	0.333119817655342	0.48818260518785	6
CABCOCO1	1.11746950745829	0.0320527157246957	0.0813398683408848	6
SLC38A4-AS1	0.959056154750699	0.0631601296947983	0.139915312550089	6
SLC25A21	-0.446275410315556	0.460738226679418	0.612101057507184	6
ZNF410	-0.193264930848389	0.729769150960015	0.827599839242412	6
PLLP	0.878144175806413	0.118346151372145	0.226437778112385	6
MYO15B	0.633045873148673	0.267562846787012	0.416254550556369	6
SWSAP1	-0.443071992594858	0.397241861775634	0.553673721574827	6
PNMA8A	0.523500426875586	0.324471964432462	0.479890389643203	6
KLHDC7B	2.32999625929976	0.000114511117805876	0.000667246500079124	6
MYRIP	-0.928192777844337	0.0705551304293463	0.152529735540218	6
ZNF620	-0.49530801028125	0.360351396662258	0.516025395372639	6
TMEM156	-0.63055935080031	0.231956048464282	0.37536728128047	6
TMEM217	-0.511962285821327	0.341732322044026	0.496821576658439	6
RELN	-1.28530815321188	0.0169524054795108	0.0484044497455099	6
CDKN2B-AS1	-0.360473977023087	0.542009664958688	0.683282675398135	6
PLAAT4	1.81693130015999	0.00181192568259945	0.00731382329348562	6
DHCR7-DT	0.0552650508094978	0.920217129496251	0.951764856714875	6
KLHL35	0.321522711178666	0.554252838050313	0.693485792214395	6
VESTAR	0.0589322876795821	0.90915487859342	0.945988627507196	6
MT1M	0.013850481365412	0.980500097655988	0.988674360620544	6
ABCA9	1.33434281216518	0.0131852447851851	0.0392930443983226	6
WDR88	0.0575687499863236	0.917793702844136	0.950654588490507	6
PSG6	0.402947942091283	0.427189053398921	0.581739034749637	6
PAXBP1-AS1	-1.08708308263031	0.0392748571172992	0.0959671327705605	6
PTCH2	-0.125260220030211	0.826829592876351	0.89503258947578	6
GCC2-AS1	0.793946105403787	0.173370443268206	0.303058802710424	6
NCKAP5-AS2	-0.332292736197981	0.517919513712872	0.662266811638094	6
CCDC148	-0.458521890014884	0.367360670582245	0.523201908041842	6
KALRN	-1.37505147072986	0.0111745569608474	0.0342071379710778	6
SPDYE12	0.440726193425823	0.401674016047405	0.557960645127901	6
TRBV12-4	-0.757531692493826	0.15514012737868	0.278786279410999	6
IKBKGP1	-0.829739247126345	0.133233630458826	0.248463063118777	6
C10orf90	2.71570319100766	2.525626071504e-05	0.000172701135533957	6
TBC1D30	0.892672404508953	0.112693102212394	0.218561854195041	6
TNFSF13B	-0.802445519107967	0.159280654199112	0.284401960285256	6
LOC105370921	1.02489648295336	0.0950444713485959	0.191529451371949	6
RINL	-0.105721760013729	0.848767534031785	0.908294321063805	6
CHKB	-0.747150395038642	0.152703383699617	0.275573709848926	6
SGPP2	-3.1545209078215	1.83424726327214e-06	1.60426556321935e-05	6
HCLS1	-1.79864678688296	0.00103359586020501	0.00449908145101803	6
IL12A	-0.0147819872785526	0.978241735291481	0.987241889261808	6
TCF7	-0.434331228262069	0.446770578320358	0.598802680219007	6
MAGEB17	-0.711724641239722	0.184560681745816	0.317191833636267	6
CNIH2	-0.722162186109709	0.158048933404334	0.282734658778998	6
ABCC2	-1.35904616043905	0.0119034734238453	0.0360444952100473	6
ENOX1	0.295799906127258	0.589720842770854	0.722294170781869	6
CACNG7	-0.23030495512861	0.660478715783764	0.776916040205928	6
LINC02609	0.550626520959247	0.296431941066499	0.449324463410678	6
LINC02802	-1.03809264979203	0.133232026369511	0.248463063118777	6
TMEM108	-0.468976420984353	0.378386318800568	0.534295120614876	6
LY6G5C	-0.38591381028356	0.488987074539395	0.638102197101424	6
PTP4A1	1.51249638382929	0.0226133794039561	0.0611462434458245	6
MYCT1	-0.545487143270646	0.304630472488613	0.458373446429769	6
ARHGAP4	-0.612693189552017	0.24425665326451	0.389290510584907	6
JHY	-0.191539944949291	0.710242037740958	0.811892603188981	6
LOC441711	0.260285648698704	0.62035912207028	0.746483876388252	6
ZG16B	1.27816723288667	0.0231684393242621	0.0624291027277917	6
ZNF19	-0.130624484380103	0.800175416101541	0.877140989519037	6
RAMP2	-0.334122414866004	0.510508833070976	0.65623318063606	6
HOXB6	-0.120653369422151	0.823821787998894	0.893213462930567	6
ZNF337-AS1	0.936221765380805	0.0787303350178226	0.166024895841012	6
ZNF547	-0.391373075390062	0.451937857266492	0.603883668175702	6
IFNAR2	-0.534905419747362	0.332632086689667	0.487787711811971	6
MCOLN3	0.362020241006386	0.51636498867395	0.660921076032205	6
FAM72C	-0.373057043794103	0.471330661003566	0.622029826628228	6
MCFD2-AS1	1.33670028607023	0.0209576884639492	0.057508036950378	6
DGKG	-0.895934228609915	0.104365909711966	0.205993172820305	6
STX18-AS1	-0.0282431834776871	0.959670370919313	0.975907068325936	6
HMGN3-AS1	0.534747985278609	0.337258212971536	0.492387987726791	6
CLDN4	-1.20986148758916	0.0257675506487737	0.0681765365205644	6
CASC2	0.363113268618959	0.531933255391338	0.674837418602277	6
TMEM263-DT	0.765968131832763	0.172069283177411	0.301470514370327	6
NPIPB11	-0.829704700331697	0.153467412939028	0.276522992794339	6
ZNF778-DT	-0.590031905480993	0.252439189676813	0.398710949569942	6
CABLES1	0.651743143907904	0.226671767298198	0.369167119160638	6
STXBP2	-1.14299169871552	0.0329603635905774	0.0831144187629827	6
RGS2	-0.632225037157109	0.235651852618276	0.379807191871479	6
LOC100129434	-0.306162036545563	0.599743530081967	0.730018872431009	6
SATB2-AS1	-0.194353614201885	0.707771847491138	0.810361051073317	6
ATP6V0E2-AS1	-0.374395318128438	0.524154631809432	0.667927297759856	6
TSPAN32	0.56111887984921	0.288603179982591	0.440552436287933	6
RPL13AP20	-1.43045506861094	0.00795173131312307	0.0257044791931825	6
CRIP2	-0.256119356796602	0.623249236978548	0.748934608941814	6
NUDT7	0.0126774831936562	0.982114972248599	0.989410755554378	6
CCR7	-0.819506340236746	0.154128316867482	0.277346798973404	6
IL27RA	0.835913389433142	0.168149358228386	0.29665291195752	6
RTN4R	-0.0293380090891133	0.958467410659189	0.975414845587862	6
LINC01684	0.557201740121763	0.322506630424565	0.477859548789573	6
GNG12-AS1	-0.284080986115124	0.589042959812814	0.721786360798793	6
CCT8P1	1.20249792839326	0.0471097413711825	0.110975902162983	6
CYS1	1.29038397413369	0.0201042769231276	0.0556769613168795	6
LIMS4	-1.48570946707542	0.00756671579155978	0.024629248260213	6
PLS1	0.15780668335194	0.763718423210554	0.850277053600654	6
SERPINI1	0.0850060052510217	0.876977023973484	0.926374561877019	6
CCDC69	0.214249453410501	0.6923881600735	0.799465381670832	6
EGFL8	0.0294849891795622	0.958043828711772	0.975414845587862	6
CCZ1P-OR7E38P	-0.672138909500405	0.239983942830747	0.384435759946589	6
NIPSNAP3B	0.907440911255795	0.128156561646869	0.240645480878423	6
KCTD21-AS1	0.299027180763474	0.571510798549039	0.707772195272033	6
MPP7	-0.516625186835282	0.339946661272061	0.495429351453071	6
DHRS12	-0.167065893256606	0.756019968821349	0.8447557526771	6
TCF12-DT	-0.600307505656688	0.253278337020343	0.399748531198894	6
RARA-AS1	0.155483508589068	0.769593053646043	0.854504712369706	6
MIR924HG	-0.373503695106414	0.471088449776761	0.621772512224156	6
SLC25A18	-0.214654250369168	0.683285201525132	0.792989164845293	6
AK2P1	-0.296316908143341	0.609956002426517	0.738491575516303	6
USH2A	0.733977103684074	0.168345954887746	0.296837315722021	6
OTX1	0.558394311022127	0.373454526005765	0.529318609434035	6
EIF2AK3-DT	-0.798872995852683	0.133796555203896	0.249139065801229	6
GALNT7-DT	0.728944684229029	0.222477245752491	0.364418614464912	6
ZSCAN31	0.178210998419882	0.735576883548876	0.831260962494137	6
SMIM29-AS1	-0.954958932418827	0.0758427701933999	0.161379047409176	6
ANKRD6	1.09529853958776	0.0629681236133718	0.139513450786537	6
SNORA33	0.012774627321128	0.982149164883848	0.989410755554378	6
ST7-AS1	-0.715597078058993	0.193760870675478	0.328669373801715	6
GPM6B	0.334876912513048	0.537152587136442	0.679208284382747	6
MIR4292	-0.0597898685404127	0.916120644332865	0.949968177198164	6
CDON	-0.0286577945711916	0.956446582656848	0.974607063829696	6
SYNPO2L	-1.12069537800835	0.0348423323359171	0.08704301016088	6
OGFOD2	-0.723807895317292	0.183401821209933	0.315622235440579	6
LCTL	0.262052898362954	0.616480891637839	0.743039829377243	6
CXCL16	-0.285770211192406	0.632155344135851	0.755155712393158	6
ERFL	0.656509891584198	0.221574449155364	0.363345928367286	6
TIAM1	0.111368611258528	0.83220911245966	0.897844855016955	6
PEA15-AS1	0.152901859614281	0.77299119616806	0.856904422701716	6
PKDCC	-0.716817965280808	0.199870663171132	0.336474937884846	6
HOXD3	0.532141463308247	0.340102477836644	0.49554670309539	6
KCNMB3	-0.211347265532114	0.69760055822965	0.802737664828821	6
ATP6AP1-DT	-0.22937287183347	0.699250001325174	0.803862687112949	6
ADAM32	-0.796381467001057	0.201160370616706	0.338127181512924	6
C10orf143	0.303991401926043	0.580199071521137	0.714822199404036	6
KRT86	1.444926631764	0.0132913367588499	0.0395375967811846	6
RN7SKP23	0.849748652346388	0.155051318691257	0.278664733469828	6
GP1BA	0.133703318771783	0.817323239782809	0.888538636047333	6
ZNF490	-0.232314907284607	0.686546640384181	0.795391016527827	6
LRRC71	-0.0294541132504911	0.956211492299572	0.974607063829696	6
TBX19	-0.119842013322417	0.823208240946546	0.892798061759857	6
BAZ2B-AS1	-0.178580572965261	0.75327612716033	0.842570841418374	6
GPR160	0.208207741274336	0.702254603434831	0.806471588292853	6
CTNND2	-0.339736244469352	0.532018345638799	0.674837418602277	6
GPER1	-0.73739259374096	0.174024777788561	0.303845092191382	6
AQP3	-0.0259102763929285	0.961165196382402	0.976860323557662	6
TRPM3	0.923041601720974	0.131287614732934	0.245613825004209	6
GRIA4	-1.06011896440467	0.0880910054640824	0.18053101463054	6
RTL1	-0.0382209252498527	0.949470412463817	0.970106013064624	6
LTK	-1.22481821739797	0.0303601227710833	0.0777642140563862	6
ZNF594-DT	0.560859175214875	0.416954742241338	0.572564487847521	6
TBC1D3	-0.50195565290097	0.350029005777858	0.505922016366965	6
POLRMTP1	-0.269557784714076	0.621177191599816	0.74723062653393	6
FLRT3	-0.742479035876467	0.185674489533274	0.31873370274494	6
TMC4	0.0110005513083357	0.984907348931513	0.990854129775719	6
LRRC7	-0.79162559848769	0.143370568124748	0.262583385032149	6
MCOLN2	-1.57901779960165	0.00471208238658405	0.0164741408909976	6
INKA2	0.0118162073032457	0.982526131211348	0.989666515274012	6
GBX2	-1.68337958929218	0.00422791986816483	0.0150492453284623	6
H2BC4	0.481342376800014	0.375445220962517	0.531110740841441	6
FBXO24	0.383835856384001	0.491034217130687	0.63975882412068	6
LHFPL3-AS2	0.293003817765533	0.616355742810014	0.74296565920811	6
UBQLN1-AS1	0.15951589814184	0.767484817724588	0.853012269882456	6
SARDH	0.165230558421095	0.801222294334758	0.877407345787135	6
TIRAP-AS1	0.0834526984042092	0.875314289864878	0.925294089101461	6
SLC38A2-AS1	1.09909582361903	0.0618269496114196	0.137470969212013	6
F10-AS2	-0.626114941391323	0.321992831998716	0.477391098021587	6
NHLRC4	0.320293107799056	0.566853015940707	0.704000144808002	6
CCDC154	-0.329263245872476	0.553491617370723	0.693009622320064	6
PRSS27	-0.089428015580621	0.870476804389838	0.922179973938304	6
LCMT1-AS1	-0.0765351308975616	0.885300266909099	0.931288053490328	6
C16orf86	0.807817713788813	0.175021360908783	0.305052411802487	6
CCL5	-3.18386069666484	3.9206190384631e-06	3.20740263538159e-05	6
AOC2	-1.29994875509202	0.0190799860234748	0.0533680102054822	6
NXPH3	1.59216294891427	0.00761861952453121	0.0247614540250381	6
TRAPPC5	-0.307625991848027	0.581887598965479	0.715574593388447	6
ZNF737	1.17507914015131	0.0377926083567436	0.0929665677069361	6
ZNF571-AS1	0.257165334207276	0.661018405060802	0.777380935346275	6
ATP1A1-AS1	-0.907827782897613	0.10772125591627	0.211190779211478	6
PHOSPHO2	0.363028754167559	0.507565866860258	0.653790929198706	6
GMNC	1.13806763850096	0.0616459110059983	0.137114756095295	6
ZNF474	0.695346690574899	0.221688913242512	0.363443911447402	6
HOXA1	0.376355210270605	0.5133660664095	0.658326172271616	6
LOC101927245	0.280032678144152	0.616162585725952	0.742917098321811	6
RPL26P30	1.06860499881815	0.113043585387449	0.219094808631787	6
PTPRR	-0.894384511808748	0.126675442957862	0.238646348491948	6
PROCA1	-0.184034378182481	0.732847337646252	0.82982456642199	6
SPINT2	1.35811074083838	0.0200461765001769	0.0555511202677535	6
PRR19	-0.702958568308481	0.234794383823002	0.378842666617084	6
TAS1R3	-0.0725146505930944	0.895778969334388	0.937143424999885	6
MAN1C1	0.423223117810186	0.46325670122733	0.61451657344103	6
SLC2A1-DT	-0.131434824518076	0.812259940002929	0.884934414025704	6
ALMS1-IT1	0.150586684465527	0.799271163280753	0.876222730262727	6
SNORC	-1.23699567431135	0.031029230418323	0.0792155704785619	6
SHOX2	0.685850865327705	0.237504271618833	0.381997645078042	6
SORCS2	-0.561726681512738	0.29946596873884	0.452828322401993	6
PPARGC1B	0.094866407191091	0.863542827344487	0.91704834500488	6
SUN3	1.12379643623015	0.0528818469029375	0.121438197973372	6
GCNA	-1.2465034065305	0.0328271175829441	0.0829213872086535	6
PPP1R14B-AS1	-0.972845579737627	0.1274335619764	0.239595482973197	6
MMRN2	-0.336294332956808	0.555386623097365	0.694193725176205	6
GPR19	-0.551720969105327	0.349091715436581	0.505066415727822	6
ALX1	-0.549824980469925	0.313461756797037	0.467811463120114	6
FBN1-DT	0.00710601960274018	0.989443431739835	0.992944708071586	6
ATP2A1-AS1	-0.227849919607788	0.688783678923969	0.796701192062935	6
RRAD	-0.234208096702568	0.678433812827961	0.789867290005694	6
CAPN12	-0.16375640264031	0.896268044082734	0.937357084400209	6
PSG9	0.317256530852861	0.58458775248294	0.717408967549221	6
DYNLT4	1.08294569032647	0.0739750239518448	0.158293224517084	6
LRRC8B	-0.761300191000677	0.164587381112542	0.291897560978765	6
HENMT1	-0.266787435415707	0.66489693433929	0.779483287024232	6
H2AC20	0.127054130485601	0.819968453162573	0.890605227244735	6
LINC01376	0.220397580732055	0.688685936378389	0.796658140482356	6
BCL6-AS1	0.556251900670909	0.365573781957906	0.521292134320434	6
H3C6	-0.940945805133041	0.0880525883050497	0.18053101463054	6
HSD17B8	0.633021696068393	0.271007002229523	0.420024157582386	6
HDAC2-AS2	0.137104927570661	0.809172790940711	0.882825889696498	6
PDGFA-DT	0.372930572338536	0.521593605735122	0.665686723226309	6
USP27X-DT	-0.101414173767184	0.865501366164793	0.918387302122303	6
ARR3	0.80833334782217	0.182431213889068	0.314558824786718	6
N4BP2L1	0.855861794823183	0.169551001368504	0.298343327536971	6
CYP46A1	0.563265476259568	0.361238705898267	0.516985958196146	6
LINC00910	1.17754306468566	0.0507049616710085	0.117629434345344	6
SALL4	1.74219111653817	0.00497161014946464	0.0172350024749547	6
ZNF223	-0.0322895565544451	0.954854311309218	0.973717640204775	6
TMEM86B	-1.01704459070258	0.0980386317841667	0.196300959868419	6
TFIP11-DT	-0.431164892007135	0.429885525561574	0.584202268528495	6
SLC16A8	0.545919717685507	0.342901545747494	0.498246279575479	6
COL9A2	0.742833671005996	0.255122362823864	0.401791775765796	6
CFAP45	-2.25909892843178	0.000565771479161209	0.00267790362466702	6
RBKS	-0.821786863008893	0.136309314565941	0.252496412557203	6
CNGA3	1.38373882450236	0.0218478799174102	0.0594181081307583	6
ZMYND10	-0.465081449680223	0.411173694482098	0.567384352706558	6
NIPAL1	-0.798308031293166	0.179954704226858	0.311430945534859	6
ABCG2	-1.25626893100465	0.0349477182899326	0.0872400561066533	6
MYB	-0.98638984634357	0.0915070863206533	0.185594418680857	6
ZNF630	0.432277588438754	0.461823493261	0.613295262489361	6
NR4A3	-1.0117878855913	0.0993604597960135	0.198284070996805	6
FGFBP3	-0.0457154978765732	0.938083072715044	0.963031312287328	6
PLXNC1	-0.474446867425705	0.421966898560137	0.576932208873788	6
SIRT4	-0.274593480152434	0.668119742536642	0.78172979297865	6
CTSH	-0.636546000998852	0.27844651702334	0.429179332971688	6
BCLAF1P2	0.524509092732694	0.365663759747746	0.521363959007753	6
PRR22	-2.25639437321209	0.000420334116308938	0.00207378484744173	6
TMEM38A	-0.724763731981238	0.190862178742022	0.325156104936784	6
RPL8P5	0.433861628872062	0.465245932347865	0.616409885002008	6
SERF1A	-0.00860684696039144	0.987817378215381	0.992264968669799	6
THBS4	-0.466289508557095	0.426145621804602	0.580979266681924	6
SPATA9	0.756877498783147	0.199151119669788	0.335821955958675	6
IL1RAPL1	-0.926203888583962	0.152078238550974	0.274860065089451	6
MAGIX	0.335830377914316	0.580759142481236	0.714976860501356	6
C15orf62	-0.614102919638595	0.273492935612255	0.422682577370448	6
FAM117A	-0.962425833732874	0.109630517237905	0.214104821721446	6
PEAK3	-0.375652132300408	0.53364771848408	0.676268885954168	6
PBX4	0.67165980465703	0.244698173322701	0.389758235170222	6
BTG3-AS1	-0.205339695604199	0.7366587679904	0.832043878759022	6
DNAJC28	0.937939017405394	0.107336516822426	0.210609101030959	6
AKR7A3	-0.0923836491707274	0.880057931307418	0.927998281647004	6
COL24A1	0.360237690139127	0.524223726594019	0.667927297759856	6
LINC01943	-0.0677176800609863	0.909383010504181	0.945995587343929	6
POLN	-0.271167253552597	0.659251345539525	0.776243241166468	6
ETV7	-0.827959308955418	0.153824253204489	0.277026767674195	6
HCAR1	-0.157232114975239	0.777585845616337	0.860331384874156	6
BCL2L2-PABPN1	-0.591284207211334	0.32512623244963	0.480250249061084	6
CHMP4A	-0.399670111940779	0.500897224576768	0.648214630156697	6
LOC100287036	-1.41756934529908	0.0164172090207593	0.0471730456975015	6
PITPNM3	0.448412473029138	0.44132667211542	0.594350622575739	6
RASD1	0.209188055145465	0.72060051085928	0.820382678121493	6
GJD3	0.635069738190566	0.293665159551434	0.445899694897796	6
KDSR-DT	-0.398199025654327	0.528229235946933	0.671017316422455	6
LOC107984948	1.64669244458898	0.00812215051447305	0.0261676413404695	6
FAAH	-0.732762258611454	0.211612481474596	0.350901372341914	6
COPS8-DT	0.0120125237448813	0.985627943353527	0.991276025241632	6
NADK2-AS1	0.586881341786697	0.312980053941341	0.467334076867994	6
PCDHGB6	-0.0301913813970926	0.9586676181243	0.975414845587862	6
RPL32P18	-0.457204146514742	0.421640711332852	0.576629265794736	6
CYP4F26P	-0.386516684728033	0.537051696944344	0.679208284382747	6
STKLD1	-0.454378021256042	0.421726483222831	0.5766866505986	6
PRKCH	-0.554206276656358	0.364488857454152	0.520139508962381	6
TGFB3	0.0676137342695852	0.907954194434335	0.945065822825635	6
SNX22	-0.445449399463283	0.431800497879457	0.585776559165958	6
CFAP119	-0.283857820857282	0.63232985279715	0.75516057631725	6
ADGRG1	0.0647091453645855	0.910598668514023	0.946561840876094	6
GDPD1	1.21658167614038	0.0512847518510309	0.118660781967854	6
TTYH2	0.0492362368604873	0.932212033822728	0.959248514791164	6
CEP295NL	0.328578789553987	0.593952483547579	0.725317426564318	6
PTOV1-AS1	-0.10428582867024	0.857420668014125	0.913250289534533	6
LCA5L	0.75665616183142	0.226667356346788	0.369167119160638	6
LOC102723713	0.33955200827669	0.563146428495196	0.700765403505602	6
NEURL3	-3.21657605656116	1.67879227105175e-05	0.000119512940312895	6
TUBA3D	0.400283870288465	0.5032846499502	0.650248905309627	6
DOCK3	-0.34460164869801	0.548363189582118	0.688684730891081	6
BANK1	-0.480705460999762	0.427655758894829	0.582254111950003	6
PLEKHG1	1.26053895011568	0.0396005215967328	0.0964941995145859	6
HOXA2	-1.05105742166901	0.0822031496055327	0.171317298647503	6
HGF	-0.473042035072757	0.428149385066977	0.582572959733755	6
DENND3-AS1	-0.253799270786186	0.675349922045114	0.787320080053125	6
PALM2AKAP2	0.658044298933757	0.257610055723301	0.404644530248904	6
C11orf91	-1.24205441694868	0.0504477308271839	0.117115252359475	6
LOC124902824	-2.63967775722621	0.000168464836302193	0.000936211973355817	6
PIH1D2	0.841138941222144	0.16666813245457	0.294674630960309	6
GOLGA6L3P	0.701255744789825	0.243977655141058	0.388940035681451	6
DNASE1L2	0.747078691180562	0.205240392960877	0.343014130592182	6
LINC01569	-0.233722901212925	0.680713409289185	0.791399982907043	6
SLC7A5P1	0.00367750655010437	0.995004475943528	0.996594423744077	6
ZNF232-AS1	-0.163419916837448	0.780601360793823	0.862218319386514	6
ANKFN1	0.773082560523251	0.210230044476812	0.349224895942489	6
TWSG1-DT	-0.6009974959782	0.301305205413781	0.454877901004885	6
ADNP-AS1	-0.583330559495157	0.314373499245637	0.468906330942812	6
IZUMO4	-0.592706197636322	0.343814747302453	0.498909262172707	6
ZNF426-DT	-0.0321244995991966	0.957218788954058	0.974920374419859	6
LILRA6	-0.856339913522389	0.138424057529067	0.255694059676552	6
DDTL	-0.517490033556558	0.370433537571197	0.525999639163934	6
OSBP2	-1.05285545335479	0.0816228651557285	0.170404722291016	6
LOC100421402	0.154839284741345	0.785967236491911	0.866048498944364	6
H2BC19P	-0.638111312253416	0.266262248099581	0.414623207350619	6
LOC102723663	0.248839442682431	0.678861513808481	0.790014508554596	6
ANXA2R	0.347694139741481	0.550002910682786	0.690085627043895	6
HS3ST5	-0.350314983545103	0.568992200173112	0.705550103113898	6
RBM33-DT	-0.187531124929769	0.74465861434105	0.837271832285918	6
MUSK	-0.572067273399819	0.343825058409172	0.498909262172707	6
SOX5	0.697389988321593	0.255783255552837	0.402495516179557	6
RHOF	0.428815960987159	0.480682789819087	0.630013697340301	6
RORA	1.15368189817726	0.0789439155558005	0.16627226455042	6
RPL23AP5	-0.746807759346908	0.234620590536244	0.378747956000562	6
ZSCAN32	-0.747056308021065	0.193793762491501	0.328682810936172	6
LINC02175	1.33632058671131	0.0364297293865997	0.090187046815086	6
PARD6G-AS1	0.168501537094399	0.768791833750786	0.853975266469332	6
TMEM191C	-0.210393219091625	0.71799135763415	0.818332343972493	6
FTCD	-0.749243333804811	0.229267433608225	0.372239464868179	6
PABPC4-AS1	-0.700762766181769	0.241575481210936	0.385998793296862	6
TIE1	0.869570767227216	0.153481500064988	0.276522992794339	6
PTPN22	1.69566261070826	0.00736904841769379	0.0241230500676706	6
CYTIP	-0.606337365591291	0.340716793880487	0.496002561142319	6
ADRA2C	-0.149720685726446	0.797947093857193	0.875250539248481	6
KRT8P46	-0.468668900620627	0.485852278766972	0.635144855041181	6
RNF217-AS1	0.484713898874549	0.407285007392649	0.563221232416142	6
SLC25A5-AS1	0.495197563660971	0.391299899496395	0.547478802834933	6
NOXA1	0.685563017667223	0.238888668684378	0.383474578767374	6
LOC101929538	0.00078547182783735	0.999017318590199	0.999721141014789	6
FANK1	1.67907207967051	0.0106131982111498	0.0327707079646645	6
MYO1H	0.115106525408294	0.85076594763518	0.90971829152899	6
LCIIAR	0.390365184382237	0.558884891322448	0.697374331640666	6
TMEM266	-0.154761992780786	0.797985392503306	0.875250539248481	6
LINC01270	-0.978114111122874	0.0914482637943073	0.18550369800038	6
PALM	2.13292908323732	0.00149602973146426	0.00619252809913965	6
INPP5J	-0.906327267720931	0.125159485320109	0.236335626321804	6
FNDC5	0.358801502560899	0.536170093755359	0.678420354138402	6
SMG7-AS1	-0.205298919180261	0.730416496815986	0.828191260882834	6
MYO1B-AS1	0.246657341470564	0.689778325936085	0.797409611034067	6
FLACC1	-1.33528582998079	0.0393983513979966	0.0961439561460566	6
GSK3B-DT	1.53073410321454	0.0152801129553857	0.0444589139769544	6
TMEM232	-0.659735002391137	0.271623992356528	0.420584238488292	6
LEAP2	-0.669525890663303	0.375711831660764	0.531373680041973	6
ADTRP	-0.211686768265371	0.719698250071895	0.819780898727618	6
SCAND3	0.427652731839034	0.500370151112592	0.647691247821325	6
C2	0.842783218636541	0.166717189055874	0.294691972449516	6
LINC02535	-1.26134909746915	0.058303216948695	0.131008064987312	6
AUTS2	-0.381638526120888	0.526433718469844	0.669317785783691	6
ADGRG2	-0.956788757199142	0.107008091302338	0.210105534876592	6
NXF3	0.196974602018234	0.764494224178368	0.850852918987051	6
NUTM2G	0.350703476567084	0.548866872660281	0.689120053875169	6
LOC101929270	0.0790516432858536	0.891134238923201	0.934604665139572	6
CARNS1	0.617072805146309	0.337887957016931	0.493029506508576	6
TREH	-0.842579720429954	0.152838124806902	0.275741260530873	6
KIAA1217	-0.837335701111528	0.225566593230445	0.367922313096944	6
ARL6IP4	-1.15699589586666	0.0576795221654497	0.129961314003648	6
RPS11P5	0.45320291216339	0.461009382699344	0.612337689654033	6
SPTBN5	-1.27273216654692	0.0340299292694055	0.0853038739719839	6
IGDCC4	1.76246806954037	0.0111085235363754	0.0340287398904607	6
GOLGA6L4	-0.203542419504328	0.748645515369293	0.839873633009107	6
C16orf95	-0.0771205451021217	0.902145160471894	0.941260046551327	6
GNAL	-0.276189692873513	0.644385888053192	0.764493145060312	6
RBFADN	-0.105815191124912	0.855886599204098	0.912599052679104	6
C20orf144	0.0892347638044565	0.884556843871493	0.931026845984365	6
RAB4B	0.534412169037533	0.405157031110217	0.561298967074194	6
PPM1N	-0.38078384616805	0.508869741021991	0.654885317908796	6
C2orf74	0.031575784045437	0.957015981620267	0.974843250442365	6
BMP3	-0.166526858361992	0.785336787273405	0.865651417846859	6
FGFR4	0.116878049876382	0.842438320698197	0.903831323612476	6
LOC124901355	0.893387464770506	0.16800074262502	0.296473223645682	6
SLC26A4	0.686412843223302	0.279003904477049	0.429837124839817	6
RADX	0.0196280085700238	0.97380322948578	0.984347405139097	6
CD72	0.111620831225753	0.863363149475013	0.916976659238694	6
CSGALNACT2-DT	0.894615462090103	0.174220989437661	0.304066677800044	6
LOC100420899	0.235991589877911	0.705453688527779	0.808834865888277	6
RHOJ	2.39136655422022	0.0010249230082111	0.00447019932308903	6
IQCH	-0.140594058139904	0.815649963427402	0.887672630723017	6
ZNF516-AS1	0.605646553746869	0.318400406335702	0.473410657245776	6
NNAT	-1.32308653523316	0.0317725324674334	0.0807378078897348	6
STMN3	-1.80867518717346	0.00380801358295278	0.0138123127011318	6
ZGLP1	-0.428543665628036	0.46599531080709	0.616934898940996	6
IL22RA1	-0.118419388203299	0.840840408884694	0.902926359281333	6
DCAF8-DT	0.850183813010828	0.199439341849665	0.336102265350809	6
RBM34	-0.394781463834132	0.50059881350318	0.647923518401411	6
ANKRD33BP1	-0.0958241585916929	0.870617304088419	0.922180379312454	6
SNED1	1.10958703214563	0.0759787634714935	0.161594516654592	6
PARP15	0.0941289944751298	0.887946467549752	0.93287886921202	6
PRLR	-0.119905860323804	0.856542833772883	0.912929013842304	6
LINC01844	1.000869501896	0.10539907790124	0.207534489515934	6
LOC100652758	0.663410710859083	0.271183515785893	0.420099872695034	6
TBXAS1	-0.669617527060922	0.289136996654976	0.440929774069758	6
PNPLA4	-1.20049207547075	0.0694128266270234	0.150548860914732	6
CCDC120	-0.0861899506485495	0.885291275029449	0.931288053490328	6
MIR125B1	1.61330812796512	0.0173654961963865	0.0493804334484847	6
SNHG21	-1.30855955127155	0.0319017457839104	0.0810192320574208	6
GDPGP1	-0.601883392473852	0.343816628264497	0.498909262172707	6
EXOC3L1	0.882928185749159	0.147955592629284	0.269108672900271	6
ATP2C2-AS1	-2.03017054799759	0.00275373999735349	0.0104429500389409	6
TMEM92	0.674104040468075	0.267746660749135	0.416343857032794	6
MAFG-AS1	0.113530457848928	0.856872230594732	0.913132219180575	6
ZNF516-DT	0.359589161715531	0.549702646941837	0.689844531281633	6
AMH	-1.76971247450659	0.00463184809578729	0.0162367553887745	6
SLC6A16	-0.0145220196028158	0.980466389047096	0.988674360620544	6
LILRB3	0.288463625347236	0.641493833926107	0.762367581795715	6
ZNF8-ERVK3-1	-0.691129257989437	0.26477443576249	0.412794729117808	6
AMY2B	-0.133344169247047	0.827634017191786	0.895478383318114	6
INKA2-AS1	1.21028224756737	0.0599779318205677	0.134244093955812	6
H4C15	-2.14910030822232	0.000998859284318169	0.00436955292771022	6
CD34	-0.12395719828451	0.841130789152395	0.903157237752914	6
TRIM17	0.436936669405047	0.480758593863027	0.630050315712766	6
LRRC15	-0.631023642155643	0.305325916559635	0.459066505560262	6
GUSBP9	-0.157127136719955	0.842146549235644	0.903731862676404	6
PCDHA4	0.957901493132579	0.145056485749993	0.265081010957539	6
EDA	0.232727344173955	0.692800468228101	0.799730997394237	6
RBM14-RBM4	-1.15167901928736	0.0703743169621218	0.152282941668981	6
MAP6	1.16786791146039	0.0736978178983594	0.15789133740171	6
C10orf95-AS1	-0.0295872097832642	0.963684378374874	0.978079446908166	6
CYP27B1	-1.72008167393298	0.0103979300056009	0.0322042241561704	6
RAD9B	-0.523880307092327	0.379012558205015	0.534892495298876	6
DUOX1	1.5680972312328	0.0179802783579719	0.050792204549165	6
TMC7	0.211882223539046	0.743475593859189	0.836677230733264	6
PRSS36	-0.359458181541667	0.54515730264527	0.686229853181571	6
DTNA-AS1	-0.64171113242246	0.301879881821648	0.455484282945707	6
XPOTP1	0.875101612064441	0.164689065623794	0.291999214817619	6
KCNA7	0.0440262361145082	0.940856487881207	0.965125775403704	6
CASTOR1	0.315537996966641	0.622370858643547	0.74823398091364	6
NDUFA6-DT	0.347823921224428	0.580352290113252	0.714865070387791	6
SSU72-AS1	-1.57118963383699	0.0129556566915634	0.0387668354241985	6
COPB2-DT	0.891485276279231	0.181354148511203	0.313246943226958	6
RFESD	-0.791956196149434	0.228275086751339	0.371098550933416	6
CTBP2P4	0.79981594720192	0.205759206214026	0.343666434579518	6
PCDHB15	1.51425139706964	0.0216438384810805	0.0589994109358619	6
LINC02202	0.929310211587382	0.13519990995343	0.251112800157612	6
VWA7	-0.0128986624386942	0.983393257806464	0.990163348313814	6
FZD9	-0.399952659650963	0.528782305955049	0.6715902637289	6
ANK1	-0.583369505699267	0.357209874777645	0.513012784320651	6
ZNG1DP	0.384262175273503	0.530007567564275	0.672886729537861	6
ZNF214	0.0823116771135988	0.891374834166894	0.934677486619458	6
MIR130AHG	0.704948389720301	0.250039979377216	0.395871571871818	6
TBC1D10C	0.38418739665232	0.550476057712878	0.690613452885495	6
VSIG2	-3.27970151860642	3.67943070015734e-05	0.000243134268605277	6
CSPG4P12	0.269771374933496	0.66629892047035	0.780336405504735	6
TSNAXIP1	-0.489457004878548	0.418060826321488	0.573222360090598	6
ASGR1	-1.10897680455119	0.0700827655806109	0.151826768159576	6
MEIOC	0.0956975538506202	0.881269178435784	0.928829065237427	6
ZNF790-AS1	0.386015645897862	0.540190404754333	0.681438524618844	6
ZNF578	-0.894604260635438	0.145034295030112	0.265077259855786	6
MIR3648-1	-1.38393378128619	0.0684647208669175	0.149057413293291	6
IL10RB	0.793954946494343	0.229219270713095	0.37221974591617	6
CLDN14-AS1	1.02501410316772	0.106235610500945	0.208900409474744	6
FAM131C	0.236711472571718	0.707623812508389	0.810304675428267	6
LINC01772	1.11883356553658	0.0783078588285235	0.165266369369866	6
TENT5C	-0.728898070035667	0.264026452532635	0.411774904583776	6
C1orf220	0.786538291041748	0.267317188865889	0.415921531565213	6
MFSD2B	0.491294283812156	0.474641239617015	0.624458034690531	6
PRKAR2A-AS1	1.94767435512586	0.00697051593880242	0.0230080069382702	6
FAT2	-1.07566977309686	0.0866618784480434	0.178406366282702	6
HLA-DOB	-0.536938110876145	0.417997703072093	0.573195516776535	6
LINC01592	2.1089314923473	0.0023939803341849	0.00925733347205518	6
LOC100132249	2.46173775811659	0.00126244339402089	0.00536395816510556	6
DIPK1B	-0.157855074283728	0.801284942923889	0.877407345787135	6
UBQLNL	-0.0231217066572245	0.970558938533059	0.982350427367217	6
SPTBN2	0.127596988863239	0.838603085319384	0.901846164654009	6
SESN3	0.454401885801019	0.521706619828505	0.665686723226309	6
SHLD2P1	0.122102650703033	0.846740692886354	0.906961326427136	6
TACR2	0.122907138897147	0.847669524946573	0.907527005205516	6
CD4	0.0367166291749381	0.956321243056028	0.974607063829696	6
PRH1	0.391062289214862	0.421406275526749	0.576428432376452	6
MIR3176	-1.09014460514095	0.0767583460102793	0.162831604920758	6
ATP2C2	-0.542326297977979	0.415948820046571	0.571755881189746	6
KRTAP2-4	-1.66992350098959	0.0101257892420709	0.0315021895044623	6
TEN1-CDK3	-0.634643744726633	0.311526323094787	0.465820855492068	6
ANKRD65	0.862660448975129	0.177140678423096	0.307978173303818	6
PRRT3-AS1	-0.594807027339561	0.345908817962187	0.501508731229901	6
C5orf63	-0.624582774477474	0.313172428467026	0.467538695237775	6
GCLC-AS1	0.410198505988048	0.534222041626305	0.676736092188149	6
CCDC162P	0.222698924904008	0.720799438256634	0.820538182631849	6
HOXA13	0.00391920055963835	0.995168477966174	0.996682848319923	6
SPDYE2B	0.953265340021678	0.193127370871637	0.327880806854677	6
WDR97	-0.0768984595958118	0.913159911464806	0.947794032062075	6
MIRLET7D	0.828392489814537	0.218836232967853	0.360112680904594	6
C9orf50	0.867849976487473	0.178282836141995	0.309432617634109	6
FDXACB1	0.403980589498431	0.568333189025786	0.705035181378112	6
LOC107984761	0.502804929096346	0.463854153303763	0.615061168523968	6
IL16	1.76446949609222	0.0121173716488885	0.0365744010580874	6
ASB16	-0.39923041309782	0.515456711924367	0.660400690973373	6
NFATC1	-0.0765408318821138	0.902959299973325	0.941810876826377	6
SULF2	-1.60994410780525	0.0189187178273947	0.053029617283219	6
CCNP	0.636642036064007	0.302180413870841	0.455753631615202	6
ZNF470-DT	0.407061730213901	0.524817845090986	0.668318125374577	6
CASZ1	0.717555569608044	0.285398364280689	0.436723862941956	6
DCDC2B	0.171004530028901	0.781763621465125	0.862995181931017	6
FLG	0.134891148307983	0.847647423114955	0.907527005205516	6
FOSL2-AS1	0.158404246795058	0.796844850354112	0.874363851718171	6
LINC00852	-2.19359901598088	0.00219714452465631	0.00859720968431955	6
TRPC3	-0.230159222086054	0.731158280868669	0.828675430607396	6
CDKL3	0.159685384799519	0.793453884565273	0.87199113769553	6
FOXF2	-0.456036122972053	0.456409047361435	0.608052094723383	6
H3C10	-0.0325721838645509	0.958216625427998	0.975414845587862	6
NRCAM	-1.37145799806389	0.059707765909944	0.133707608484619	6
PDK3	-0.905724781495982	0.162634867227356	0.289096928739188	6
GLUD2	-1.48571335006397	0.0339749775181192	0.085199586410936	6
LYNX1	0.0454450599749078	0.943903047399513	0.966627677799885	6
ACBD7	-0.258843037544626	0.669900737573342	0.783256653817543	6
HOXC4	0.0634117229192193	0.922539902773526	0.953170544757294	6
LLPH-DT	0.270591880819305	0.661036603307062	0.777380935346275	6
PPP1R12A-AS1	-0.788235302443911	0.223684101064742	0.365803680247881	6
HEATR5A-DT	1.16962269602279	0.08449792709181	0.174881480237342	6
LINC00670	0.683405712055194	0.301687097016725	0.455349989454324	6
GNGT2	-0.372564091056861	0.562553259231467	0.700159658780617	6
TP53TG5	-0.0704152213773292	0.915829407366013	0.949890669699695	6
DPP9-AS1	-0.567254257815589	0.390572520228828	0.546811865053556	6
NAPSA	-0.0324114226981328	0.958768436301189	0.975442025586068	6
AATBC	-0.755795581079782	0.265254163943911	0.41329788825683	6
SSBP3-AS1	0.0994436700606719	0.877110549621916	0.926374561877019	6
TSGA10	0.239133059355405	0.711108223832824	0.812457039346537	6
SNHG31	1.56279093642219	0.0328149319945328	0.0829065162848435	6
PPT2-EGFL8	-0.279036860124138	0.684465282215216	0.794148656659223	6
MTCP1	-0.698273970155788	0.349560151311078	0.505526886751363	6
ANK3	0.0873034776907288	0.890804707846972	0.934602416199402	6
FOXA1	-0.944164872964275	0.141215410943321	0.259285165150022	6
CLEC14A	1.01208650064526	0.137455788708958	0.25415515476556	6
LINC01852	-0.73125558982989	0.254795304162398	0.40149391706021	6
ODAD4	0.325915062955036	0.614535286056164	0.741577555038256	6
SNORD17	-0.308486513533621	0.631626969184258	0.75500415867893	6
LOC105372295	-0.836618329213848	0.185899370858141	0.318823441537948	6
ZNF233	1.38384629228096	0.0474482390767881	0.111586214539116	6
LGALS2	-0.749543346576723	0.237199087541926	0.3817568407999	6
ALPL	2.84456777416091	0.000449003159462362	0.00219792807289069	6
MATN1-AS1	0.360352817885901	0.605770781202702	0.735044320885985	6
ASH1L-AS1	-1.14284519335504	0.0905770267043219	0.184302331166074	6
DNM3	-0.168338752539575	0.79545614587513	0.873349674547864	6
PAPPA2	1.51464226597754	0.0260626342601836	0.0688603883514243	6
SLC49A3	-0.282196553617004	0.661171243641539	0.777422722772745	6
PCDHB7	1.99264637199762	0.00507659962226267	0.0175435234517836	6
LINC01011	0.293114886070913	0.663108961387622	0.778496544661548	6
FAM78A	0.732940896448315	0.248603323108604	0.394222114261494	6
GVINP1	1.2176103641876	0.0936602102709665	0.189174366701969	6
TIMM23B-AGAP6	0.312562998699642	0.664412054400415	0.779141849159327	6
PHB1P9	0.613109528878296	0.351566350875331	0.50762564871611	6
TMEM52B	2.01342940507421	0.0105331099920196	0.0325539626261925	6
GSG1	-0.282013614520289	0.682441291248573	0.792479645390398	6
UNC79	-0.477322719822499	0.451748795165784	0.603753618719385	6
PKD1L2	-1.0213438732859	0.110295861906743	0.215044604344824	6
EFCAB5	-0.281223705135406	0.668026329958537	0.781689979664345	6
EVI2A	-0.665109407666399	0.329830990504671	0.484820248801004	6
PTGER1	-0.248885612181396	0.690036422843798	0.797589518255437	6
TMEM59L	-0.035776900524377	0.954500404116553	0.97343215459721	6
LHB	-0.467727701261703	0.450652500264272	0.60290058552481	6
ZNF280A	0.402629667099517	0.53434562919631	0.676745721519298	6
CYP2D6	-0.809281409087197	0.21607647924833	0.356356663785195	6
CNKSR1	-0.325956621329274	0.637914314510067	0.759553697141204	6
CSRP1-AS1	-0.0157235305850683	0.981256046114313	0.988963906322847	6
COA6-AS1	-0.141109815488241	0.843857613403055	0.904756680396221	6
RBM44	0.430556194563779	0.524206206721789	0.667927297759856	6
PP2D1	-0.0719880291811036	0.914625410457009	0.948946895762256	6
APRG1	-1.24144658356555	0.0543094794842046	0.124218189131292	6
TWF2-DT	-0.328719857316034	0.638994640908395	0.760358566107142	6
PTPRG-AS1	-0.5295678074224	0.405119106051581	0.561298967074194	6
DUX4L26	-0.399065979018689	0.553764262089492	0.693285046783715	6
WDR5B-DT	0.262985804392473	0.697371387664178	0.80254411399052	6
TSPAN5-DT	0.241009278059703	0.72376955654423	0.822947889810577	6
CSF1R	-1.21798871872983	0.0679679720035682	0.148196524015731	6
ZSCAN16	-0.999168542271261	0.125161106973281	0.236335626321804	6
RPS3P5	1.65454278226486	0.0216658308386776	0.0590327740280509	6
LOC124901856	-0.77557540409062	0.256369684334687	0.403091160719624	6
AGBL3	0.316969184615741	0.64266552737278	0.76326133813837	6
ZC3H12B	0.0373266596552155	0.957010968907935	0.974843250442365	6
RAB9B	1.03073603581386	0.158067640655979	0.282734658778998	6
FRMPD3	-0.675957875611543	0.31761966216976	0.472511302495816	6
PENK	1.96267903729738	0.00696083228588869	0.0229983522538034	6
ADHFE1	0.445198563543774	0.500026385781447	0.647510771764981	6
MLANA	-1.10690592745723	0.108836230443398	0.21293271422807	6
ZNF483	-0.306624019097812	0.662357690116944	0.778030900857516	6
SNX32	-1.36755687976373	0.0399056393989969	0.097104394860255	6
SENCR	-0.402561602316262	0.540088052546939	0.68141273226065	6
LINC02361	-0.535021923307205	0.419362430345761	0.574588078551187	6
RASL11A	0.371914643987381	0.577735587619648	0.713112686981353	6
GNAO1	-0.438590472450728	0.533847190316996	0.676391429987738	6
CFAP263	0.791895476194873	0.223094899666272	0.365073300500874	6
CARMIL2	0.384822180041542	0.590819947122211	0.723102088700108	6
LINC02875	0.119971636178128	0.853074748382099	0.910578618240197	6
MADCAM1	-0.45739229256564	0.492595895544586	0.64096873992224	6
A1BG	0.0227538914003007	0.973779563447575	0.984347405139097	6
DMC1	-1.35497048273222	0.044760384284296	0.10642719261817	6
TTC34	-0.34263923358775	0.615968395777675	0.742830233039078	6
SNORA55	-1.08431151916093	0.126147850142461	0.237925799029262	6
KCND3	-1.91003190594351	0.010284391365713	0.0318825820882903	6
FCRLA	-0.92830818047012	0.168167182891145	0.29665291195752	6
PRDX6-AS1	0.188411848295912	0.780928887472512	0.862251702574681	6
SUSD4	-0.393721408849715	0.57303352006273	0.709180164026486	6
INPP5D	-0.243167404660291	0.710459096032113	0.812067825726876	6
LINC01940	-1.17688041693322	0.08177235854341	0.170628269594228	6
ZIC1	-0.3778536346423	0.554372474006407	0.693518805868307	6
LINC01265	0.868596148362417	0.213796280804931	0.353542769376295	6
SAPCD1	-1.07565488105764	0.104133675706012	0.205596456174926	6
FRK	1.54893320292494	0.0395908053178323	0.0964941995145859	6
VWDE	-2.58648706753131	0.000905601550537699	0.00400956381087377	6
CBLL1-AS1	-0.832465792985223	0.193900355355092	0.328736524670154	6
RPS23P8	0.178982349201574	0.787340269199615	0.866944771926278	6
PLS3-AS1	0.514794515513756	0.441039692110227	0.594146501611598	6
MIR616	1.49925583227238	0.0688936829030382	0.149817866851593	6
DEPDC4	-0.256359776972353	0.698180657826178	0.803054176770883	6
COL4A2-AS1	0.51901535396549	0.436133221384199	0.589795528318582	6
TRPV3	1.54894645050746	0.0394121089085482	0.0961597014945727	6
LOC112268198	-0.944923675459469	0.204236190373848	0.341856685387965	6
CD40	-0.492066098979379	0.446483704089518	0.598723002947262	6
PMEPA1	1.03821879110075	0.12935260288872	0.242545343564704	6
LINC01535	-0.704609553104118	0.306438254399918	0.460251796287782	6
NTN5	-0.698763302734168	0.3164916961354	0.471264728080347	6
DNAAF3-AS1	-0.362921796878075	0.583600996071751	0.716769775078688	6
RPL21P28	-0.332994460771275	0.628803719542281	0.752654665848417	6
EML6	0.0626019176449895	0.929924939399165	0.958201682114846	6
TNFAIP6	0.716721601532433	0.291799909696779	0.44383663177013	6
TBILA	-0.180144748455066	0.795643037960839	0.873482010732154	6
EAF2	-0.0967573199452421	0.894963207022379	0.936829862671066	6
MYLK-AS1	0.487637596415238	0.464108994083268	0.615274091244836	6
NCK1-DT	0.27873791216901	0.722940838416563	0.822406901398084	6
LEKR1	-0.584151479521365	0.396590252352659	0.553007531302798	6
LRRC66	-1.7006813167281	0.0120200194062211	0.0362972047359688	6
KRT8P33	-0.318056894949426	0.626046952800479	0.750515122013908	6
RUFY1-AS1	-0.448719270838576	0.504332674556996	0.651155565982711	6
H2BC11	-1.03458397576714	0.119634481478148	0.228290617526365	6
PKD1L1	0.693671401886326	0.319798583617641	0.475113855096954	6
SPACDR	-1.41157792353081	0.0374861901120693	0.0923681618205108	6
MTMR9-AS1	0.146381101502554	0.826728869950678	0.89503258947578	6
LURAP1L-AS1	-2.17879410016412	0.00215936342059024	0.00847204193896551	6
RNA5SP283	-0.433392759141939	0.507345685635922	0.653635241267069	6
TMEFF1	0.472621925167616	0.474453151432543	0.624358530442139	6
SHOC1	0.252670323008976	0.730619073075465	0.828206928943536	6
LOC105376244	-0.650559805408955	0.355623494313005	0.511369025086528	6
SNORD14A	0.275444970982432	0.692247260502875	0.799372812527357	6
TESMIN	-0.228923086967253	0.727560997417947	0.826409026504039	6
C11orf65	0.0242391485229343	0.972177643417835	0.983456896366261	6
RPL17P50	0.0103334355029187	0.987982039521333	0.992354642214369	6
NDST2	-0.343423777490603	0.608857500786579	0.737701701293607	6
INTS6-AS1	-0.783496868030064	0.236895920033118	0.381438653871062	6
KCTD12	0.858628666959055	0.195927316155694	0.331404685499537	6
RBM26-AS1	0.536429756010002	0.531386678278431	0.67437744371182	6
CES4A	-0.101525054036775	0.87968490027077	0.927753572811806	6
LINC01929	-2.21289276723961	0.00318564533009614	0.0118499451658837	6
RIPOR3	0.241675194650321	0.729483064076026	0.827346680375041	6
LOC105377134	0.586986540901896	0.379412336919704	0.535227155811174	6
CLIC6	1.71870304821117	0.0167301964246389	0.0478634156786615	6
LOC127814295	0.17043586035046	0.804102174292143	0.879455602642882	6
NPL	1.07610528061328	0.132960190394552	0.248213726586794	6
PFN4	0.656822289298451	0.35185193543352	0.507930234467558	6
RGPD3	-0.849604602151629	0.214439100178208	0.354279562145348	6
SP140	-2.33092033087517	0.00144144513357436	0.00599486328380388	6
GHRL	-1.68255173577523	0.0262640782031277	0.0692536180664603	6
ENTPD3-AS1	1.53040959999969	0.0480541529862567	0.112730263520489	6
ACY1	0.798044381441332	0.229747200387074	0.372709193824877	6
ZFYVE28	-0.234982475828662	0.731756759372489	0.828996834806789	6
MIR3936HG	0.174289237886556	0.795094454756934	0.873243913889488	6
PCDHB2	1.05357229510774	0.140997215935799	0.259029498026925	6
PCDHB10	1.50215501019116	0.0361881009527772	0.0896394378700427	6
POU5F1	-0.496641809937518	0.462168240249246	0.613522215063286	6
LOC105373244	0.105116252517213	0.880159022996406	0.928030536663064	6
CYSRT1	0.080837957391277	0.903229656741261	0.941998605764314	6
BBS1	0.55768917313344	0.398554971690388	0.555033759242549	6
LINC01537	-0.396080735802192	0.55905913196671	0.697416774236732	6
CFAP70	-0.143462506376072	0.829270521266558	0.896197690593735	6
C12orf60	-0.613341397716715	0.353190885752448	0.509094571743262	6
PRANCR	0.0880132584213646	0.895488232936801	0.936988204304222	6
SIPA1L1-AS1	0.547129460802532	0.431498885414686	0.585548435949847	6
GOLGA8M	0.722603857866127	0.271298484943914	0.420228519335931	6
RAB26	-0.390751107305478	0.553051996531778	0.692854614099914	6
SMG1P6	-0.122551912821656	0.868613152508882	0.920576081036587	6
TBX6	0.418841771181214	0.528164607800996	0.670999974180534	6
HAP1	-3.02461590821962	0.000240335736430059	0.00126998767508184	6
LAMA3	1.07722609485528	0.113392743011013	0.21962752740641	6
SEMA6B	-1.21883784654988	0.0877125099720507	0.180022697983558	6
MIR186	0.752048049887373	0.261035105762315	0.408464704844193	6
PLPPR5	-0.949119127483164	0.17238229324428	0.301978723179992	6
LAMTOR5-AS1	-1.06739572390392	0.11670464926132	0.224227601551124	6
OVGP1	-0.220148773201004	0.749173619270257	0.840052163766454	6
LIX1L-AS1	-0.32537660115848	0.622827450408314	0.748496095108612	6
KHK	-0.683585362485856	0.338133234463565	0.493332716165363	6
INO80B	0.609477430475149	0.378303579553953	0.534235598934522	6
LYPD6B	-0.1929835944813	0.78249932971839	0.863307734992435	6
SSUH2	0.390454930795048	0.568398795470981	0.705035181378112	6
PTH1R	0.395376444576181	0.578920880460933	0.713868966689015	6
TRIM73	-0.557677453109909	0.407500641292088	0.563378945628374	6
ZP3	0.874126579864502	0.245179101666388	0.390354926300549	6
AGBL2	0.496792189631626	0.456443268856776	0.608052094723383	6
RNA5SP317	1.82084090156658	0.0151857106847613	0.0442625132292986	6
ASAH2	0.0226673266893309	0.976356166354039	0.986121504563257	6
NANOS1	0.112577662437093	0.879010116912154	0.927474277622916	6
UBAC2-AS1	-0.825254091617021	0.233703547451722	0.377591726415492	6
RAB20	0.26299452907535	0.707438023332468	0.810162406570843	6
SYNGR3	-0.693818297229191	0.293698272032507	0.445899694897796	6
DBNDD2	0.0310378218318992	0.966112901420532	0.979507365123504	6
ZNF681	1.46331609859793	0.0433079621259593	0.103553624970754	6
CLDND2	-0.7973498159634	0.307799777796336	0.461875111164293	6
CHKB-DT	-0.937923231472759	0.179047892918608	0.310473905215076	6
CALML6	-0.978495898037036	0.175124330331436	0.305076966669229	6
ING2-DT	0.483268536770777	0.497433025387704	0.645494892008754	6
CARD6	0.316629025462335	0.65368535728938	0.772046689816071	6
PLCXD3	0.875948612196261	0.212557056272694	0.352024223920165	6
MAK	-0.164397318966974	0.824894348581157	0.893870212074943	6
ADGRF4	-2.04757504581252	0.00928150497509714	0.0292208682102855	6
LINC03014	0.194757095481616	0.770849702329584	0.855305835941244	6
LINC03011	-0.282208541953987	0.673801353876115	0.786342153563034	6
LINC01204	-0.770504504139496	0.268830902599523	0.417536421347199	6
OR2S1P	1.96616064829178	0.0099042874257967	0.0308971142637727	6
RCOR2	0.0711660575887659	0.917431293777227	0.950353987565093	6
MMP3	-2.96798493440663	0.000336164725570914	0.00170000741229179	6
KLLN	0.382923837621873	0.607181556136701	0.736019588260024	6
GPRC5D-AS1	-0.761952776329384	0.254811227161057	0.40149391706021	6
CYP11A1	-0.206434204546905	0.789863390150673	0.869021381189678	6
LINC00921	-0.0249573736158807	0.970506834033988	0.982350427367217	6
KRABD2	1.7828775927316	0.0152793444703079	0.0444589139769544	6
SOX9	-2.96134810347969	0.000263226329539115	0.00137356206691297	6
NDUFA7	-0.669667132013744	0.350095986427357	0.505963270678886	6
RPL10AP7	0.571765191537802	0.443028285797119	0.595849731883875	6
EXOC5P1	-0.105108338749262	0.882343503138213	0.929440423480177	6
GPAT3	-0.978942367544334	0.147031658735204	0.267761168225165	6
SH3RF2	-3.57932932366736	0.000164364446962321	0.00091636137880772	6
MGAM	1.95381407088605	0.0119596032832825	0.0361645435372955	6
RAI2	0.807841137363173	0.242245721366799	0.386816283391188	6
PIWIL2	-2.68769713343	0.000759203375169791	0.00343651789111415	6
GLDC	-1.40927414618387	0.0621573910959598	0.138135697956461	6
CD81-AS1	0.182427693747725	0.794289034975613	0.87270777162059	6
TMEM86A	-1.57168425092751	0.0442049705154407	0.10530472921061	6
DNAJC3-DT	-0.970143203561994	0.158472526652958	0.283343367065049	6
ADAMTS7P4	0.0630173921700982	0.931623644435811	0.958975338096401	6
ABCA3	-2.03776598560627	0.00484878447140419	0.0168982128665855	6
ESRP2	-1.67982424472481	0.0232101952413564	0.0625160220916665	6
VAC14-AS1	0.154263505387203	0.837220803739252	0.901146783377345	6
FNDC11	-0.0891176062310304	0.897734714059467	0.938215591346274	6
FUT2	0.37536275525636	0.62418952966062	0.749299983737866	6
MPPE1P2	-1.10699225666041	0.114462770854085	0.221146844672292	6
PTPRU	0.62584784700572	0.366480181162909	0.522245168847826	6
NGF-AS1	2.3243673181355	0.00563679155947232	0.0192071155312799	6
PTPRC	-3.20741225073929	0.00027436074734966	0.00142181516431637	6
SRD5A3-AS1	0.232478226987694	0.739341688451048	0.833857822387212	6
PDZD2	-1.37459834447876	0.0692880907076631	0.15040223251731	6
RN7SL689P	0.611142242823158	0.374794598959618	0.530361353053693	6
SOX30	0.779143234060323	0.288110132377191	0.44000390677352	6
TFAP2A	-2.18435876326475	0.0038792890332947	0.0140321740987244	6
ILRUN-AS1	-0.402929515953551	0.561198343687877	0.699134374215742	6
PREP-AS1	0.737964210344642	0.308711677765363	0.462821391164633	6
LINC01111	-1.35631103806115	0.0622860725516354	0.138328255946883	6
ARAP1-AS2	-0.00700909885529585	0.992564668192625	0.994453396819875	6
CPEB1	-0.120896446704119	0.870252255462197	0.922016294160407	6
TMEM220-AS1	2.09200589241081	0.0070736593099867	0.0232917150887079	6
LRRC46	-1.06605568013873	0.121530414994421	0.231137820050796	6
SERPINB10	-1.20090169541724	0.0900589029670694	0.183562300984134	6
RPL7AP10	1.7073044905703	0.0284510248137372	0.0738369163294998	6
C1GALT1C1L	0.182924230691948	0.793221421566	0.871841480634039	6
B3GNT7	0.610515158654118	0.416163523785535	0.57187185129857	6
LINC00973	-2.60026107530604	0.00172855839875631	0.00701387614143938	6
ADH6	0.0253916784720594	0.972499134625291	0.983482337820583	6
PCDHGB1	0.856656127422155	0.224605793616938	0.366855200568279	6
TMEM225B	-0.170899135046906	0.817395071078357	0.88854334136629	6
RGS22	0.193963834855493	0.78690861444945	0.866700842102705	6
DDN-AS1	-0.873132617848745	0.225050990385684	0.367445570137281	6
GOLGA8R	3.63273139911136	0.000527385396690719	0.00251703189870919	6
MMP25	0.710972777035655	0.340270773084058	0.495670085346894	6
CIITA	1.16091033238062	0.116604351981685	0.224067603669331	6
PCHILR	0.567630584263302	0.490469386010046	0.639402647127883	6
RPS2P50	0.990514413028109	0.163479759331959	0.290246030764308	6
MYO5B	-0.591246502919804	0.44115980424621	0.594247493173646	6
CDH20	-0.885579645979012	0.218317789774437	0.359394330515372	6
ZNF66	-0.747116713652274	0.327640719847796	0.482786834809867	6
CYP2A6	0.542276399691515	0.482296324850302	0.631436893177295	6
SYTL1	0.662466527223628	0.357210276217885	0.513012784320651	6
PTAFR	-1.56265393960188	0.0348648433479423	0.0870720027106435	6
C7	0.961468647331414	0.183570762944661	0.315820409441978	6
VGF	-2.57740973384522	0.00152133179926984	0.00626965888346554	6
ZBTB16	3.17354975663781	0.000818390733445987	0.00367034999126049	6
ZC2HC1C	-0.687823886287361	0.341389191526128	0.496680927206413	6
NPIPB9	-0.566344158254271	0.444197621595036	0.596812625605334	6
SCARF1	-1.21795103365361	0.107609622929305	0.211003346732973	6
PRCD	2.52426529139154	0.00415901773854542	0.0148320646145959	6
ATP8B1-AS1	0.125989370394965	0.857607447309608	0.913250289534533	6
MAP3K20-AS1	-0.487413135202614	0.511008913770543	0.656619516981809	6
LUCAT1	-2.29202302814852	0.00728572773559853	0.0238740438595179	6
C7orf25	-0.50256054510045	0.483856423610628	0.632975760682439	6
CLXN	2.00232556124144	0.0155574922001694	0.0451163846289558	6
GDAP1	-2.10077860072505	0.00919182151771652	0.0289939963186443	6
SNCG	0.0327215104506143	0.964480373769748	0.978455118299129	6
BCDIN3D-AS1	1.06344569518601	0.150402405657381	0.272580174724331	6
GPR65	1.39189719899473	0.0649313348503469	0.143164348515095	6
FSIP1	-1.67652189760801	0.0313039091154488	0.079808900965844	6
NPIPB6	-0.501165770635646	0.511642909767038	0.657179612772939	6
C19orf73	1.79468952023261	0.0287027418775439	0.0743143570680783	6
PIK3CD-AS2	0.388960395474406	0.611107358971525	0.739468907058286	6
SPATA1	1.72367829765052	0.0395322202817372	0.0963991507166557	6
RPS2P14	-0.418757347232056	0.594453961710856	0.725650072433988	6
RHOQ-AS1	1.1827463014077	0.146009038679908	0.266280483007424	6
RARRES1	-0.0291779182954053	0.96956453156805	0.981721379156172	6
NPY1R	3.52497035185588	0.00139231353355958	0.00583502368614878	6
MAGEE1	-0.191986506147825	0.823757976462729	0.893213462930567	6
PNMA6A	-0.992637591772389	0.223508928006636	0.365562626658965	6
NUTM2B	-0.263014590454447	0.743048967733866	0.836462290454193	6
EDRF1-AS1	-0.45966589155237	0.548544722107976	0.688781281799799	6
LMO3	1.53185657038287	0.0557785076560187	0.126817961246105	6
GOLGA8O	1.14363484423248	0.176674727156931	0.307363427836769	6
DNAAF8	0.0166382761494244	0.982099664884246	0.989410755554378	6
FPGT-TNNI3K	3.07153128949476	0.00180550629989568	0.00729289746338457	6
CYP1B1-AS1	1.10678038239929	0.156870373501179	0.281204511289121	6
ACAD11	1.11993017157686	0.178055911638523	0.309079515349845	6
MIR145	1.67461898630193	0.0449327358368187	0.106759855924196	6
DPP6	1.68985870905531	0.0370802154862975	0.091573522785391	6
MIR4767	1.49469921524995	0.0544763545344792	0.12447010149928	6
PSD3-AS1	-3.82541732463093	0.000472842327794919	0.0022933027121461	6
CAMK1D	0.964726397491514	0.204381759758954	0.341969887340423	6
DPYSL4	-1.5956167461791	0.0331467707960147	0.0834885082257828	6
DRC10	1.13255642640533	0.144404885982156	0.264110256243313	6
WFIKKN1	-0.935095268039151	0.226487124664776	0.369092996408081	6
NLRC3	0.816118405822787	0.303187400715654	0.456731118023784	6
CASS4	-0.354817639216137	0.652424730976646	0.770765278571674	6
EPS8L1	-2.4253950678497	0.00687506673995281	0.0227606900145872	6
ADCY10	-1.39690078901982	0.0744404519185527	0.159068128020115	6
RPL18AP7	1.42223348949914	0.0875801982614858	0.179846825228695	6
HNRNPA1P49	0.749611270325064	0.348084106908204	0.503774722290565	6
LOC613206	-1.02539951862787	0.169410025292966	0.298173791311593	6
TOLLIP-DT	-0.167927162868403	0.821094870955815	0.891256718653029	6
SNORD6	0.300463301388577	0.690935057883504	0.798277729037178	6
RPS6KL1	-1.92782382280274	0.0168874868906157	0.0482609617761994	6
CDRT4	1.09214999004725	0.191575878529668	0.326110351081519	6
RN7SKP16	-1.11176494173288	0.19996086210617	0.336577653287436	6
SLC60A1	-1.36332761015212	0.0909008448973705	0.184706363288683	6
LGALSL	1.19638007831122	0.123146452998381	0.233462867428984	6
PRDM6	-0.0471020911568458	0.95137726795335	0.971451320926999	6
TRBV13	1.39813730310819	0.0743105193961118	0.158893659326027	6
CRACR2B	0.240478509436514	0.763083609022927	0.849857817545375	6
YPEL4	-0.222600710923103	0.775516968384684	0.85850583733637	6
NUMA1-AS1	2.3137129685557	0.00779318779879696	0.0252539958137775	6
LINC00452	-3.74745696190252	0.00034912105343835	0.00175869897681171	6
CCDC144CP	1.16690831771629	0.153075577280298	0.276093974203969	6
CFAP53	-0.376426296889215	0.646486832765292	0.766088060829091	6
CD226	0.668847580500382	0.381105111150783	0.536982078578222	6
MYLK2	-3.27654087376219	0.000619183545806823	0.00288098727941153	6
RXFP4	0.192747915519573	0.810125446121637	0.883120600190402	6
SLC9C1	0.620217187340198	0.450828175877943	0.60294742114973	6
IL17B	0.327402111622253	0.70394846194704	0.807712134292965	6
EGFR-AS1	0.618785378087357	0.430208125969098	0.584519979575892	6
PTPRZ1	2.53962912984694	0.0084189043760508	0.026963026350841	6
CLIC2	0.767385802229994	0.32622812118761	0.481244061323827	6
CTSW	0.605192231303936	0.490930350973595	0.639750144526822	6
VWF	-2.29737337550603	0.00674443004288869	0.0223788587483095	6
MORN3	1.11318993085724	0.172465157348178	0.302083681460289	6
USP3-AS1	-0.693144631686168	0.438887164899912	0.592034553121437	6
MSLN	2.94871714602139	0.00575129377228806	0.019526510168849	6
TSSK3	1.93408774645449	0.0356934435096626	0.088731406405607	6
NIM1K	-1.19696501572898	0.127457995653267	0.239607197484141	6
MUC12	-0.216940704620459	0.799032307936955	0.876033838861748	6
ANO9	-0.571341419955296	0.520758225797093	0.664970938026267	6
SMCO3	2.88349162694134	0.00343080417174971	0.0126250140656252	6
MYO16	-1.39342517798218	0.0757130345870604	0.161191639079092	6
LCMT1-AS2	0.898191300595666	0.329828185505002	0.484820248801004	6
PCDHB9	1.47230688421758	0.102156180557823	0.202451340662846	6
RBPMS-AS1	-2.20391251021532	0.00974492815128017	0.0304468286862808	6
FSBP	2.15044544890845	0.0173742147811177	0.0493945548950005	6
PLSCR3	-1.53805523454943	0.0645658023660333	0.142549422432757	6
HOXB-AS3	-1.17500405651405	0.160572449803815	0.286126324186762	6
MGAT3	4.86181299678949	0.000368206878204338	0.001844579695395	6
LOC729732	1.60031726225711	0.0725100967219735	0.155803199992056	6
FBXL22	0.586110184333931	0.498035967568436	0.646003886588817	6
CYLD-AS1	-2.72265810438784	0.00394518883708392	0.0142003064431325	6
FAM151A	-1.83446671927576	0.032392107655593	0.0820114085536778	6
IKBKE-AS1	-1.0118991465565	0.257926511314073	0.404948314459344	6
MISFA	2.06888985567328	0.0232060417546491	0.0625160220916665	6
SLC35F2	-2.67293513125155	0.00489427209486014	0.0170251859367452	6
RDH5	1.80721063705148	0.0501760714478212	0.116634468201435	6
CHRNA5	-2.35467231873291	0.0122830303926514	0.0370065298829183	6
RNU7-57P	1.7217801251038	0.0687583359165148	0.149572959125613	6
SNORD20	-0.781518962823529	0.382236123152008	0.538345183934291	6
PCDHB8	3.16373151406023	0.00525152584714064	0.0180721136538333	6
CHD7	1.71023955502737	0.0814911043381688	0.170237645834521	6
SPATA25	-1.13020808129994	0.199635002117779	0.336253985424959	6
LOC100287290	-1.96054368703644	0.0310031766985959	0.0791955782813153	6
TMSB15B	-0.681089835198032	0.301219928521707	0.454801321304339	6
GLTC1	1.72875042869873	0.06912959728125	0.150182024923765	6
ANXA8	1.73868583888637	0.0280098365654931	0.0729987237424865	6
TMC6	-1.28425266933779	0.159842994898622	0.285064839018629	6
MIR503	1.93299705164746	0.0410746155172891	0.0992938690198875	6
PSD2	2.50901882853137	0.0179519745992103	0.0507412157288823	6
SSPOP	1.07360065920516	0.250034894868941	0.395871571871818	6
SMO	0.185213347469321	0.853129493297671	0.910578618240197	6
PROM2	2.04395318110642	0.0433447202344209	0.10360387732807	6
 