gene	log2FC	p	padj	n
7892501				3
7892502				3
7892503				3
7892504				3
7892505				3
7892506				3
7892507				3
7892508				3
7892509				3
7892510				3
7892511				3
7892512				3
7892513				3
7892514				3
7892515				3
7892516				3
7892517				3
7892518				3
7892519				3
7892520				3
7892521				3
7892522				3
7892524				3
7892525				3
7892526				3
7892527				3
7892528				3
7892529				3
7892530				3
7892531				3
7892532				3
7892533				3
7892534				3
7892535				3
7892536				3
7892537				3
7892538				3
7892539				3
7892540				3
7892541				3
7892542				3
7892543				3
7892544				3
7892545				3
7892547				3
7892548				3
7892549				3
7892550				3
7892551				3
7892552				3
7892553				3
7892554				3
7892555				3
7892556				3
7892557				3
7892558				3
7892559				3
7892560				3
7892561				3
7892562				3
7892563				3
7892564				3
7892565				3
7892566				3
7892567				3
7892568				3
7892569				3
7892570				3
7892571				3
7892572				3
7892573				3
7892574				3
7892575				3
7892576				3
7892577				3
7892578				3
7892579				3
7892580				3
7892581				3
7892582				3
7892583				3
7892584				3
7892585				3
7892586				3
7892587				3
7892588				3
7892589				3
7892590				3
7892591				3
7892592				3
7892593				3
7892594				3
7892595				3
7892596				3
7892597				3
7892598				3
7892599				3
7892600				3
7892601				3
7892602				3
7892603				3
7892604				3
7892605				3
7892606				3
7892608				3
7892609				3
7892610				3
7892611				3
7892612				3
7892613				3
7892614				3
7892615				3
7892616				3
7892617				3
7892618				3
7892619				3
7892620				3
7892621				3
7892622				3
7892623				3
7892624				3
7892625				3
7892626				3
7892627				3
7892628				3
7892629				3
7892630				3
7892631				3
7892632				3
7892633				3
7892634				3
7892635				3
7892636				3
7892637				3
7892638				3
7892639				3
7892640				3
7892641				3
7892642				3
7892643				3
7892644				3
7892645				3
7892646				3
7892647				3
7892648				3
7892649				3
7892650				3
7892651				3
7892652				3
7892653				3
7892654				3
7892655				3
7892656				3
7892657				3
7892658				3
7892659				3
7892660				3
7892661				3
7892662				3
7892663				3
7892664				3
7892665				3
7892666				3
7892667				3
7892668				3
7892669				3
7892670				3
7892671				3
7892672				3
7892673				3
7892674				3
7892675				3
7892676				3
7892677				3
7892678				3
7892679				3
7892680				3
7892681				3
7892682				3
7892683				3
7892684				3
7892685				3
7892686				3
7892687				3
7892688				3
7892689				3
7892690				3
7892691				3
7892692				3
7892693				3
7892694				3
7892695				3
7892696				3
7892697				3
7892698				3
7892699				3
7892700				3
7892701				3
7892702				3
7892703				3
7892704				3
7892705				3
7892706				3
7892707				3
7892708				3
7892709				3
7892710				3
7892711				3
7892712				3
7892713				3
7892714				3
7892715				3
7892716				3
7892717				3
7892718				3
7892719				3
7892720				3
7892721				3
7892722				3
7892723				3
7892724				3
7892725				3
7892726				3
7892727				3
7892728				3
7892729				3
7892730				3
7892731				3
7892732				3
7892733				3
7892734				3
7892735				3
7892736				3
7892737				3
7892738				3
7892739				3
7892740				3
7892741				3
7892742				3
7892743				3
7892744				3
7892745				3
7892746				3
7892747				3
7892748				3
7892749				3
7892750				3
7892751				3
7892752				3
7892753				3
7892754				3
7892755				3
7892756				3
7892757				3
7892758				3
7892759				3
7892760				3
7892761				3
7892762				3
7892763				3
7892764				3
7892765				3
7892766				3
7892767				3
7892768				3
7892769				3
7892770				3
7892771				3
7892772				3
7892773				3
7892774				3
7892775				3
7892776				3
7892777				3
7892778				3
7892779				3
7892780				3
7892781				3
7892782				3
7892783				3
7892784				3
7892785				3
7892786				3
7892787				3
7892788				3
7892789				3
7892790				3
7892791				3
7892792				3
7892793				3
7892794				3
7892795				3
7892796				3
7892797				3
7892798				3
7892799				3
7892800				3
7892801				3
7892802				3
7892803				3
7892804				3
7892805				3
7892806				3
7892807				3
7892808				3
7892809				3
7892810				3
7892811				3
7892812				3
7892813				3
7892814				3
7892815				3
7892816				3
7892817				3
7892818				3
7892819				3
7892820				3
7892821				3
7892822				3
7892823				3
7892824				3
7892825				3
7892826				3
7892827				3
7892828				3
7892829				3
7892830				3
7892831				3
7892832				3
7892833				3
7892834				3
7892835				3
7892836				3
7892837				3
7892838				3
7892839				3
7892840				3
7892841				3
7892842				3
7892843				3
7892844				3
7892845				3
7892846				3
7892847				3
7892848				3
7892849				3
7892850				3
7892851				3
7892852				3
7892853				3
7892854				3
7892855				3
7892856				3
7892857				3
7892858				3
7892859				3
7892860				3
7892861				3
7892862				3
7892863				3
7892864				3
7892865				3
7892866				3
7892867				3
7892868				3
7892869				3
7892870				3
7892871				3
7892872				3
7892873				3
7892874				3
7892875				3
7892876				3
7892877				3
7892878				3
7892879				3
7892880				3
7892881				3
7892882				3
7892883				3
7892884				3
7892885				3
7892886				3
7892887				3
7892888				3
7892889				3
7892890				3
7892891				3
7892892				3
7892893				3
7892894				3
7892895				3
7892896				3
7892897				3
7892898				3
7892899				3
7892900				3
7892901				3
7892902				3
7892903				3
7892904				3
7892905				3
7892906				3
7892907				3
7892908				3
7892909				3
7892910				3
7892911				3
7892912				3
7892913				3
7892914				3
7892915				3
7892916				3
7892917				3
7892918				3
7892919				3
7892920				3
7892921				3
7892922				3
7892923				3
7892924				3
7892925				3
7892926				3
7892927				3
7892928				3
7892929				3
7892930				3
7892931				3
7892932				3
7892933				3
7892934				3
7892935				3
7892936				3
7892937				3
7892938				3
7892939				3
7892940				3
7892941				3
7892942				3
7892943				3
7892944				3
7892945				3
7892946				3
7892947				3
7892948				3
7892949				3
7892950				3
7892951				3
7892952				3
7892953				3
7892954				3
7892955				3
7892956				3
7892957				3
7892958				3
7892959				3
7892960				3
7892961				3
7892962				3
7892963				3
7892964				3
7892965				3
7892966				3
7892967				3
7892968				3
7892969				3
7892970				3
7892971				3
7892972				3
7892973				3
7892974				3
7892975				3
7892976				3
7892977				3
7892978				3
7892979				3
7892980				3
7892981				3
7892982				3
7892983				3
7892984				3
7892985				3
7892986				3
7892987				3
7892988				3
7892989				3
7892990				3
7892991				3
7892992				3
7892993				3
7892994				3
7892995				3
7892996				3
7892997				3
7892998				3
7892999				3
7893000				3
7893001				3
7893002				3
7893003				3
7893004				3
7893005				3
7893006				3
7893007				3
7893008				3
7893009				3
7893010				3
7893011				3
7893012				3
7893013				3
7893014				3
7893015				3
7893016				3
7893017				3
7893018				3
7893019				3
7893021				3
7893022				3
7893023				3
7893024				3
7893025				3
7893026				3
7893027				3
7893028				3
7893029				3
7893030				3
7893031				3
7893032				3
7893033				3
7893034				3
7893035				3
7893036				3
7893037				3
7893038				3
7893039				3
7893040				3
7893041				3
7893042				3
7893043				3
7893044				3
7893045				3
7893046				3
7893047				3
7893048				3
7893049				3
7893050				3
7893051				3
7893052				3
7893053				3
7893055				3
7893056				3
7893057				3
7893058				3
7893059				3
7893060				3
7893061				3
7893062				3
7893063				3
7893064				3
7893065				3
7893066				3
7893067				3
7893068				3
7893069				3
7893070				3
7893071				3
7893072				3
7893073				3
7893074				3
7893075				3
7893076				3
7893077				3
7893078				3
7893079				3
7893080				3
7893081				3
7893082				3
7893083				3
7893084				3
7893085				3
7893086				3
7893087				3
7893088				3
7893089				3
7893090				3
7893091				3
7893092				3
7893093				3
7893094				3
7893095				3
7893096				3
7893097				3
7893098				3
7893099				3
7893100				3
7893101				3
7893102				3
7893103				3
7893104				3
7893105				3
7893106				3
7893107				3
7893108				3
7893109				3
7893110				3
7893111				3
7893112				3
7893113				3
7893114				3
7893115				3
7893116				3
7893117				3
7893118				3
7893119				3
7893120				3
7893121				3
7893122				3
7893123				3
7893124				3
7893125				3
7893126				3
7893127				3
7893128				3
7893129				3
7893130				3
7893131				3
7893132				3
7893133				3
7893134				3
7893135				3
7893136				3
7893137				3
7893138				3
7893139				3
7893140				3
7893141				3
7893142				3
7893143				3
7893144				3
7893145				3
7893146				3
7893147				3
7893148				3
7893149				3
7893150				3
7893151				3
7893152				3
7893153				3
7893154				3
7893155				3
7893156				3
7893157				3
7893158				3
7893159				3
7893160				3
7893161				3
7893162				3
7893163				3
7893164				3
7893165				3
7893166				3
7893167				3
7893168				3
7893169				3
7893170				3
7893171				3
7893172				3
7893173				3
7893174				3
7893175				3
7893176				3
7893177				3
7893178				3
7893179				3
7893180				3
7893181				3
7893182				3
7893183				3
7893184				3
7893185				3
7893186				3
7893187				3
7893188				3
7893189				3
7893190				3
7893191				3
7893192				3
7893193				3
7893194				3
7893195				3
7893196				3
7893197				3
7893198				3
7893199				3
7893200				3
7893201				3
7893202				3
7893203				3
7893204				3
7893205				3
7893206				3
7893207				3
7893208				3
7893209				3
7893210				3
7893211				3
7893212				3
7893213				3
7893214				3
7893215				3
7893216				3
7893217				3
7893218				3
7893219				3
7893220				3
7893221				3
7893222				3
7893223				3
7893224				3
7893225				3
7893226				3
7893227				3
7893228				3
7893229				3
7893230				3
7893231				3
7893232				3
7893233				3
7893234				3
7893235				3
7893236				3
7893237				3
7893238				3
7893239				3
7893240				3
7893241				3
7893242				3
7893243				3
7893244				3
7893245				3
7893246				3
7893247				3
7893248				3
7893249				3
7893250				3
7893251				3
7893252				3
7893253				3
7893254				3
7893255				3
7893256				3
7893257				3
7893258				3
7893259				3
7893260				3
7893261				3
7893262				3
7893263				3
7893264				3
7893265				3
7893266				3
7893267				3
7893268				3
7893269				3
7893270				3
7893271				3
7893272				3
7893273				3
7893274				3
7893275				3
7893276				3
7893277				3
7893278				3
7893279				3
7893280				3
7893281				3
7893282				3
7893283				3
7893284				3
7893285				3
7893286				3
7893287				3
7893288				3
7893289				3
7893290				3
7893291				3
7893292				3
7893293				3
7893294				3
7893295				3
7893296				3
7893297				3
7893298				3
7893299				3
7893300				3
7893301				3
7893302				3
7893303				3
7893304				3
7893305				3
7893306				3
7893307				3
7893308				3
7893309				3
7893310				3
7893311				3
7893312				3
7893313				3
7893314				3
7893315				3
7893316				3
7893317				3
7893318				3
7893319				3
7893320				3
7893321				3
7893322				3
7893323				3
7893324				3
7893325				3
7893326				3
7893327				3
7893328				3
7893329				3
7893330				3
7893331				3
7893332				3
7893333				3
7893334				3
7893335				3
7893336				3
7893337				3
7893338				3
7893339				3
7893340				3
7893341				3
7893342				3
7893343				3
7893344				3
7893345				3
7893346				3
7893347				3
7893348				3
7893349				3
7893350				3
7893351				3
7893352				3
7893353				3
7893354				3
7893355				3
7893356				3
7893357				3
7893358				3
7893359				3
7893360				3
7893361				3
7893362				3
7893363				3
7893364				3
7893365				3
7893366				3
7893367				3
7893368				3
7893369				3
7893370				3
7893371				3
7893372				3
7893373				3
7893374				3
7893375				3
7893376				3
7893377				3
7893378				3
7893379				3
7893380				3
7893381				3
7893382				3
7893383				3
7893384				3
7893385				3
7893386				3
7893387				3
7893388				3
7893389				3
7893390				3
7893391				3
7893392				3
7893393				3
7893394				3
7893395				3
7893396				3
7893397				3
7893398				3
7893399				3
7893400				3
7893401				3
7893402				3
7893403				3
7893404				3
7893405				3
7893406				3
7893407				3
7893408				3
7893409				3
7893410				3
7893411				3
7893412				3
7893413				3
7893414				3
7893415				3
7893416				3
7893417				3
7893418				3
7893419				3
7893420				3
7893421				3
7893422				3
7893423				3
7893424				3
7893425				3
7893426				3
7893427				3
7893428				3
7893429				3
7893430				3
7893431				3
7893432				3
7893433				3
7893434				3
7893435				3
7893436				3
7893437				3
7893438				3
7893439				3
7893440				3
7893441				3
7893442				3
7893443				3
7893444				3
7893445				3
7893446				3
7893447				3
7893448				3
7893449				3
7893450				3
7893451				3
7893452				3
7893453				3
7893454				3
7893455				3
7893456				3
7893457				3
7893458				3
7893459				3
7893460				3
7893461				3
7893462				3
7893463				3
7893464				3
7893465				3
7893466				3
7893467				3
7893468				3
7893469				3
7893470				3
7893471				3
7893472				3
7893473				3
7893474				3
7893475				3
7893476				3
7893477				3
7893478				3
7893479				3
7893480				3
7893481				3
7893482				3
7893483				3
7893484				3
7893485				3
7893486				3
7893487				3
7893488				3
7893489				3
7893490				3
7893491				3
7893492				3
7893493				3
7893494				3
7893495				3
7893496				3
7893497				3
7893498				3
7893499				3
7893500				3
7893501				3
7893502				3
7893503				3
7893504				3
7893505				3
7893506				3
7893507				3
7893508				3
7893509				3
7893510				3
7893511				3
7893512				3
7893513				3
7893514				3
7893515				3
7893516				3
7893517				3
7893518				3
7893519				3
7893520				3
7893521				3
7893522				3
7893523				3
7893524				3
7893525				3
7893526				3
7893527				3
7893528				3
7893529				3
7893530				3
7893531				3
7893532				3
7893533				3
7893534				3
7893535				3
7893536				3
7893537				3
7893538				3
7893539				3
7893540				3
7893541				3
7893542				3
7893543				3
7893544				3
7893545				3
7893546				3
7893547				3
7893548				3
7893549				3
7893550				3
7893551				3
7893552				3
7893553				3
7893554				3
7893555				3
7893556				3
7893557				3
7893558				3
7893559				3
7893560				3
7893561				3
7893562				3
7893563				3
7893564				3
7893565				3
7893566				3
7893567				3
7893568				3
7893569				3
7893570				3
7893571				3
7893572				3
7893573				3
7893574				3
7893575				3
7893576				3
7893577				3
7893578				3
7893579				3
7893580				3
7893581				3
7893582				3
7893583				3
7893584				3
7893585				3
7893586				3
7893587				3
7893588				3
7893589				3
7893590				3
7893591				3
7893592				3
7893593				3
7893594				3
7893595				3
7893596				3
7893597				3
7893598				3
7893599				3
7893600				3
7893601				3
7893602				3
7893603				3
7893604				3
7893605				3
7893606				3
7893607				3
7893608				3
7893609				3
7893610				3
7893611				3
7893612				3
7893613				3
7893614				3
7893615				3
7893616				3
7893617				3
7893618				3
7893619				3
7893620				3
7893621				3
7893622				3
7893623				3
7893624				3
7893625				3
7893626				3
7893627				3
7893628				3
7893629				3
7893630				3
7893631				3
7893632				3
7893633				3
7893634				3
7893635				3
7893636				3
7893637				3
7893638				3
7893639				3
7893640				3
7893641				3
7893642				3
7893643				3
7893644				3
7893645				3
7893646				3
7893647				3
7893648				3
7893649				3
7893650				3
7893651				3
7893652				3
7893653				3
7893654				3
7893655				3
7893656				3
7893657				3
7893658				3
7893659				3
7893660				3
7893661				3
7893662				3
7893663				3
7893664				3
7893665				3
7893666				3
7893667				3
7893668				3
7893669				3
7893670				3
7893671				3
7893672				3
7893673				3
7893674				3
7893675				3
7893676				3
7893677				3
7893678				3
7893679				3
7893681				3
7893682				3
7893683				3
7893684				3
7893685				3
7893686				3
7893687				3
7893688				3
7893689				3
7893690				3
7893691				3
7893692				3
7893693				3
7893694				3
7893695				3
7893696				3
7893697				3
7893698				3
7893699				3
7893700				3
7893701				3
7893702				3
7893703				3
7893704				3
7893705				3
7893706				3
7893707				3
7893708				3
7893709				3
7893710				3
7893711				3
7893712				3
7893713				3
7893714				3
7893715				3
7893716				3
7893717				3
7893718				3
7893719				3
7893720				3
7893721				3
7893722				3
7893723				3
7893724				3
7893725				3
7893726				3
7893727				3
7893728				3
7893729				3
7893730				3
7893731				3
7893732				3
7893733				3
7893734				3
7893735				3
7893736				3
7893737				3
7893738				3
7893739				3
7893740				3
7893741				3
7893742				3
7893743				3
7893744				3
7893745				3
7893746				3
7893747				3
7893748				3
7893749				3
7893750				3
7893751				3
7893752				3
7893753				3
7893754				3
7893755				3
7893756				3
7893757				3
7893758				3
7893759				3
7893760				3
7893761				3
7893762				3
7893763				3
7893764				3
7893765				3
7893766				3
7893767				3
7893768				3
7893769				3
7893770				3
7893771				3
7893772				3
7893773				3
7893774				3
7893775				3
7893776				3
7893777				3
7893778				3
7893779				3
7893780				3
7893781				3
7893782				3
7893783				3
7893784				3
7893785				3
7893786				3
7893787				3
7893788				3
7893789				3
7893790				3
7893791				3
7893792				3
7893793				3
7893794				3
7893795				3
7893796				3
7893797				3
7893798				3
7893799				3
7893800				3
7893801				3
7893802				3
7893803				3
7893804				3
7893805				3
7893806				3
7893807				3
7893808				3
7893809				3
7893810				3
7893811				3
7893812				3
7893813				3
7893814				3
7893815				3
7893816				3
7893817				3
7893818				3
7893819				3
7893820				3
7893821				3
7893822				3
7893823				3
7893824				3
7893825				3
7893826				3
7893827				3
7893828				3
7893829				3
7893830				3
7893831				3
7893832				3
7893833				3
7893834				3
7893835				3
7893836				3
7893837				3
7893838				3
7893839				3
7893840				3
7893841				3
7893842				3
7893843				3
7893844				3
7893845				3
7893846				3
7893847				3
7893848				3
7893849				3
7893850				3
7893851				3
7893853				3
7893854				3
7893855				3
7893856				3
7893857				3
7893858				3
7893859				3
7893860				3
7893861				3
7893862				3
7893863				3
7893864				3
7893865				3
7893866				3
7893867				3
7893868				3
7893869				3
7893870				3
7893871				3
7893872				3
7893873				3
7893874				3
7893875				3
7893876				3
7893877				3
7893878				3
7893879				3
7893880				3
7893881				3
7893882				3
7893883				3
7893884				3
7893885				3
7893886				3
7893887				3
7893888				3
7893889				3
7893890				3
7893891				3
7893892				3
7893893				3
7893894				3
7893895				3
7893896				3
7893897				3
7893898				3
7893899				3
7893900				3
7893901				3
7893902				3
7893904				3
7893905				3
7893906				3
7893907				3
7893908				3
7893909				3
7893910				3
7893911				3
7893912				3
7893913				3
7893914				3
7893915				3
7893916				3
7893917				3
7893918				3
7893919				3
7893920				3
7893921				3
7893922				3
7893923				3
7893924				3
7893925				3
7893926				3
7893927				3
7893928				3
7893929				3
7893930				3
7893931				3
7893932				3
7893933				3
7893934				3
7893935				3
7893936				3
7893937				3
7893938				3
7893939				3
7893940				3
7893941				3
7893942				3
7893943				3
7893944				3
7893945				3
7893946				3
7893947				3
7893948				3
7893949				3
7893950				3
7893951				3
7893952				3
7893953				3
7893954				3
7893955				3
7893956				3
7893957				3
7893958				3
7893959				3
7893960				3
7893961				3
7893962				3
7893963				3
7893964				3
7893965				3
7893966				3
7893967				3
7893968				3
7893969				3
7893970				3
7893971				3
7893972				3
7893973				3
7893974				3
7893975				3
7893976				3
7893977				3
7893978				3
7893979				3
7893980				3
7893981				3
7893982				3
7893983				3
7893984				3
7893985				3
7893986				3
7893987				3
7893988				3
7893989				3
7893990				3
7893991				3
7893992				3
7893993				3
7893994				3
7893995				3
7893996				3
7893997				3
7893998				3
7893999				3
7894000				3
7894001				3
7894002				3
7894003				3
7894004				3
7894005				3
7894006				3
7894007				3
7894008				3
7894009				3
7894010				3
7894011				3
7894012				3
7894013				3
7894014				3
7894015				3
7894016				3
7894017				3
7894018				3
7894019				3
7894020				3
7894021				3
7894022				3
7894023				3
7894024				3
7894025				3
7894026				3
7894027				3
7894028				3
7894029				3
7894030				3
7894031				3
7894032				3
7894033				3
7894034				3
7894035				3
7894036				3
7894037				3
7894038				3
7894039				3
7894040				3
7894041				3
7894042				3
7894043				3
7894044				3
7894045				3
7894046				3
7894047				3
7894048				3
7894049				3
7894050				3
7894051				3
7894052				3
7894053				3
7894054				3
7894055				3
7894056				3
7894057				3
7894058				3
7894059				3
7894060				3
7894061				3
7894062				3
7894063				3
7894064				3
7894065				3
7894066				3
7894067				3
7894068				3
7894069				3
7894070				3
7894071				3
7894072				3
7894073				3
7894074				3
7894075				3
7894076				3
7894077				3
7894078				3
7894079				3
7894080				3
7894081				3
7894082				3
7894083				3
7894084				3
7894085				3
7894086				3
7894087				3
7894088				3
7894089				3
7894090				3
7894091				3
7894092				3
7894093				3
7894094				3
7894095				3
7894096				3
7894097				3
7894098				3
7894099				3
7894100				3
7894101				3
7894102				3
7894103				3
7894104				3
7894105				3
7894106				3
7894107				3
7894108				3
7894109				3
7894110				3
7894111				3
7894112				3
7894113				3
7894114				3
7894115				3
7894116				3
7894117				3
7894118				3
7894119				3
7894120				3
7894121				3
7894122				3
7894123				3
7894124				3
7894125				3
7894126				3
7894128				3
7894129				3
7894130				3
7894131				3
7894132				3
7894133				3
7894134				3
7894135				3
7894136				3
7894137				3
7894138				3
7894139				3
7894140				3
7894141				3
7894142				3
7894143				3
7894144				3
7894145				3
7894146				3
7894147				3
7894148				3
7894149				3
7894150				3
7894151				3
7894152				3
7894153				3
7894154				3
7894155				3
7894156				3
7894157				3
7894158				3
7894159				3
7894160				3
7894161				3
7894162				3
7894163				3
7894165				3
7894166				3
7894167				3
7894168				3
7894169				3
7894170				3
7894171				3
7894172				3
7894173				3
7894174				3
7894175				3
7894176				3
7894177				3
7894178				3
7894179				3
7894180				3
7894181				3
7894182				3
7894183				3
7894184				3
7894185				3
7894186				3
7894187				3
7894188				3
7894189				3
7894190				3
7894191				3
7894192				3
7894193				3
7894194				3
7894195				3
7894196				3
7894197				3
7894198				3
7894199				3
7894200				3
7894201				3
7894202				3
7894203				3
7894204				3
7894205				3
7894206				3
7894207				3
7894208				3
7894209				3
7894210				3
7894211				3
7894212				3
7894213				3
7894214				3
7894215				3
7894216				3
7894217				3
7894218				3
7894219				3
7894220				3
7894221				3
7894222				3
7894223				3
7894224				3
7894225				3
7894226				3
7894227				3
7894228				3
7894229				3
7894230				3
7894231				3
7894232				3
7894233				3
7894234				3
7894235				3
7894236				3
7894237				3
7894238				3
7894239				3
7894240				3
7894241				3
7894242				3
7894243				3
7894244				3
7894245				3
7894246				3
7894247				3
7894248				3
7894249				3
7894250				3
7894251				3
7894252				3
7894253				3
7894254				3
7894255				3
7894256				3
7894257				3
7894258				3
7894259				3
7894260				3
7894262				3
7894263				3
7894264				3
7894265				3
7894266				3
7894267				3
7894268				3
7894269				3
7894270				3
7894271				3
7894272				3
7894273				3
7894274				3
7894275				3
7894276				3
7894277				3
7894278				3
7894279				3
7894280				3
7894281				3
7894282				3
7894283				3
7894284				3
7894285				3
7894286				3
7894287				3
7894288				3
7894289				3
7894290				3
7894291				3
7894292				3
7894293				3
7894294				3
7894295				3
7894296				3
7894297				3
7894298				3
7894299				3
7894300				3
7894301				3
7894302				3
7894303				3
7894304				3
7894305				3
7894306				3
7894307				3
7894308				3
7894309				3
7894310				3
7894311				3
7894312				3
7894313				3
7894314				3
7894315				3
7894316				3
7894317				3
7894318				3
7894319				3
7894320				3
7894321				3
7894322				3
7894323				3
7894324				3
7894325				3
7894326				3
7894327				3
7894328				3
7894329				3
7894330				3
7894331				3
7894332				3
7894333				3
7894334				3
7894335				3
7894336				3
7894337				3
7894338				3
7894339				3
7894340				3
7894341				3
7894342				3
7894343				3
7894344				3
7894345				3
7894346				3
7894347				3
7894349				3
7894350				3
7894351				3
7894352				3
7894353				3
7894354				3
7894355				3
7894356				3
7894357				3
7894358				3
7894359				3
7894360				3
7894361				3
7894362				3
7894363				3
7894364				3
7894365				3
7894366				3
7894367				3
7894368				3
7894369				3
7894370				3
7894371				3
7894372				3
7894373				3
7894374				3
7894375				3
7894376				3
7894377				3
7894378				3
7894379				3
7894380				3
7894381				3
7894382				3
7894383				3
7894384				3
7894385				3
7894386				3
7894387				3
7894388				3
7894389				3
7894390				3
7894391				3
7894392				3
7894393				3
7894394				3
7894395				3
7894396				3
7894397				3
7894398				3
7894399				3
7894400				3
7894401				3
7894402				3
7894403				3
7894404				3
7894405				3
7894406				3
7894407				3
7894408				3
7894409				3
7894410				3
7894411				3
7894412				3
7894413				3
7894414				3
7894415				3
7894416				3
7894417				3
7894418				3
7894419				3
7894420				3
7894421				3
7894422				3
7894423				3
7894425				3
7894426				3
7894427				3
7894428				3
7894429				3
7894430				3
7894431				3
7894432				3
7894433				3
7894434				3
7894435				3
7894436				3
7894437				3
7894438				3
7894439				3
7894440				3
7894441				3
7894442				3
7894443				3
7894444				3
7894445				3
7894446				3
7894447				3
7894448				3
7894449				3
7894450				3
7894451				3
7894452				3
7894453				3
7894454				3
7894455				3
7894456				3
7894457				3
7894458				3
7894459				3
7894460				3
7894461				3
7894462				3
7894463				3
7894464				3
7894465				3
7894466				3
7894467				3
7894468				3
7894469				3
7894470				3
7894471				3
7894472				3
7894473				3
7894474				3
7894475				3
7894476				3
7894477				3
7894478				3
7894479				3
7894480				3
7894481				3
7894482				3
7894483				3
7894484				3
7894485				3
7894486				3
7894487				3
7894488				3
7894489				3
7894490				3
7894491				3
7894492				3
7894493				3
7894494				3
7894495				3
7894496				3
7894497				3
7894498				3
7894499				3
7894500				3
7894501				3
7894502				3
7894503				3
7894504				3
7894505				3
7894506				3
7894507				3
7894508				3
7894509				3
7894510				3
7894511				3
7894512				3
7894513				3
7894514				3
7894515				3
7894516				3
7894517				3
7894518				3
7894519				3
7894520				3
7894521				3
7894522				3
7894523				3
7894524				3
7894525				3
7894526				3
7894527				3
7894528				3
7894529				3
7894530				3
7894531				3
7894532				3
7894533				3
7894534				3
7894535				3
7894536				3
7894537				3
7894538				3
7894539				3
7894540				3
7894541				3
7894542				3
7894543				3
7894544				3
7894545				3
7894546				3
7894547				3
7894548				3
7894549				3
7894550				3
7894551				3
7894552				3
7894553				3
7894554				3
7894555				3
7894556				3
7894557				3
7894558				3
7894559				3
7894560				3
7894561				3
7894562				3
7894563				3
7894564				3
7894565				3
7894566				3
7894567				3
7894568				3
7894569				3
7894570				3
7894571				3
7894572				3
7894573				3
7894574				3
7894575				3
7894576				3
7894577				3
7894578				3
7894579				3
7894580				3
7894581				3
7894582				3
7894583				3
7894584				3
7894586				3
7894587				3
7894588				3
7894589				3
7894590				3
7894591				3
7894592				3
7894593				3
7894594				3
7894595				3
7894596				3
7894597				3
7894598				3
7894599				3
7894600				3
7894601				3
7894602				3
7894603				3
7894604				3
7894605				3
7894606				3
7894607				3
7894608				3
7894609				3
7894610				3
7894611				3
7894612				3
7894613				3
7894614				3
7894615				3
7894616				3
7894617				3
7894618				3
7894619				3
7894620				3
7894621				3
7894622				3
7894623				3
7894624				3
7894625				3
7894626				3
7894627				3
7894628				3
7894629				3
7894630				3
7894631				3
7894632				3
7894633				3
7894634				3
7894635				3
7894636				3
7894637				3
7894638				3
7894639				3
7894640				3
7894641				3
7894642				3
7894643				3
7894644				3
7894645				3
7894646				3
7894647				3
7894648				3
7894649				3
7894650				3
7894651				3
7894652				3
7894653				3
7894654				3
7894655				3
7894656				3
7894657				3
7894658				3
7894659				3
7894660				3
7894661				3
7894662				3
7894663				3
7894664				3
7894665				3
7894666				3
7894667				3
7894668				3
7894669				3
7894670				3
7894671				3
7894672				3
7894673				3
7894674				3
7894675				3
7894676				3
7894677				3
7894678				3
7894679				3
7894680				3
7894681				3
7894682				3
7894683				3
7894685				3
7894686				3
7894687				3
7894688				3
7894689				3
7894690				3
7894691				3
7894692				3
7894693				3
7894694				3
7894696				3
7894697				3
7894698				3
7894699				3
7894700				3
7894701				3
7894702				3
7894703				3
7894704				3
7894705				3
7894706				3
7894707				3
7894708				3
7894709				3
7894710				3
7894711				3
7894712				3
7894713				3
7894714				3
7894715				3
7894716				3
7894717				3
7894718				3
7894719				3
7894720				3
7894721				3
7894722				3
7894723				3
7894724				3
7894725				3
7894726				3
7894727				3
7894728				3
7894729				3
7894731				3
7894732				3
7894733				3
7894734				3
7894735				3
7894736				3
7894737				3
7894738				3
7894739				3
7894740				3
7894741				3
7894742				3
7894743				3
7894744				3
7894745				3
7894746				3
7894747				3
7894748				3
7894749				3
7894750				3
7894751				3
7894752				3
7894753				3
7894754				3
7894755				3
7894756				3
7894757				3
7894758				3
7894759				3
7894760				3
7894761				3
7894762				3
7894763				3
7894764				3
7894765				3
7894766				3
7894767				3
7894768				3
7894769				3
7894770				3
7894771				3
7894772				3
7894773				3
7894774				3
7894775				3
7894776				3
7894777				3
7894778				3
7894779				3
7894780				3
7894781				3
7894782				3
7894783				3
7894784				3
7894785				3
7894786				3
7894787				3
7894788				3
7894789				3
7894790				3
7894791				3
7894792				3
7894793				3
7894794				3
7894795				3
7894796				3
7894797				3
7894798				3
7894799				3
7894800				3
7894801				3
7894802				3
7894803				3
7894804				3
7894805				3
7894806				3
7894807				3
7894808				3
7894809				3
7894810				3
7894811				3
7894812				3
7894813				3
7894814				3
7894815				3
7894816				3
7894817				3
7894818				3
7894819				3
7894820				3
7894821				3
7894822				3
7894823				3
7894824				3
7894825				3
7894826				3
7894827				3
7894828				3
7894829				3
7894830				3
7894831				3
7894832				3
7894833				3
7894834				3
7894835				3
7894836				3
7894837				3
7894838				3
7894840				3
7894841				3
7894842				3
7894843				3
7894844				3
7894845				3
7894846				3
7894847				3
7894848				3
7894849				3
7894850				3
7894851				3
7894852				3
7894853				3
7894854				3
7894855				3
7894856				3
7894857				3
7894858				3
7894859				3
7894860				3
7894861				3
7894862				3
7894863				3
7894864				3
7894865				3
7894866				3
7894867				3
7894868				3
7894869				3
7894870				3
7894871				3
7894872				3
7894873				3
7894874				3
7894875				3
7894876				3
7894877				3
7894878				3
7894879				3
7894880				3
7894881				3
7894882				3
7894883				3
7894884				3
7894885				3
7894886				3
7894887				3
7894888				3
7894889				3
7894890				3
7894891				3
7894892				3
7894893				3
7894894				3
7894895				3
7894896				3
7894897				3
7894898				3
7894899				3
7894900				3
7894901				3
7894902				3
7894903				3
7894904				3
7894905				3
7894906				3
7894907				3
7894908				3
7894909				3
7894910				3
7894911				3
7894912				3
7894913				3
7894914				3
7894915				3
7894916				3
7894917				3
7894918				3
7894919				3
7894920				3
7894921				3
7894922				3
7894923				3
7894924				3
7894925				3
7894926				3
7894927				3
7894928				3
7894929				3
7894930				3
7894931				3
7894932				3
7894933				3
7894934				3
7894935				3
7894936				3
7894937				3
7894938				3
7894939				3
7894940				3
7894941				3
7894942				3
7894943				3
7894944				3
7894945				3
7894946				3
7894947				3
7894948				3
7894949				3
7894950				3
7894951				3
7894952				3
7894953				3
7894954				3
7894955				3
7894956				3
7894957				3
7894958				3
7894959				3
7894960				3
7894961				3
7894962				3
7894963				3
7894964				3
7894965				3
7894966				3
7894967				3
7894968				3
7894969				3
7894970				3
7894971				3
7894972				3
7894973				3
7894974				3
7894975				3
7894976				3
7894977				3
7894978				3
7894979				3
7894980				3
7894981				3
7894982				3
7894983				3
7894984				3
7894985				3
7894986				3
7894987				3
7894988				3
7894989				3
7894990				3
7894991				3
7894992				3
7894993				3
7894994				3
7894995				3
7894996				3
7894997				3
7894998				3
7894999				3
7895000				3
7895001				3
7895002				3
7895003				3
7895004				3
7895005				3
7895006				3
7895007				3
7895008				3
7895009				3
7895010				3
7895011				3
7895012				3
7895013				3
7895014				3
7895015				3
7895016				3
7895017				3
7895018				3
7895019				3
7895020				3
7895021				3
7895022				3
7895023				3
7895024				3
7895025				3
7895026				3
7895027				3
7895028				3
7895029				3
7895030				3
7895031				3
7895032				3
7895033				3
7895034				3
7895035				3
7895036				3
7895037				3
7895038				3
7895039				3
7895040				3
7895041				3
7895042				3
7895043				3
7895044				3
7895045				3
7895046				3
7895047				3
7895048				3
7895049				3
7895050				3
7895051				3
7895052				3
7895053				3
7895054				3
7895055				3
7895056				3
7895057				3
7895058				3
7895059				3
7895060				3
7895061				3
7895062				3
7895063				3
7895064				3
7895065				3
7895066				3
7895067				3
7895068				3
7895069				3
7895070				3
7895071				3
7895072				3
7895073				3
7895074				3
7895075				3
7895076				3
7895077				3
7895078				3
7895080				3
7895081				3
7895082				3
7895083				3
7895084				3
7895085				3
7895086				3
7895087				3
7895088				3
7895089				3
7895090				3
7895091				3
7895092				3
7895093				3
7895094				3
7895095				3
7895096				3
7895097				3
7895098				3
7895099				3
7895100				3
7895101				3
7895102				3
7895103				3
7895104				3
7895105				3
7895106				3
7895107				3
7895108				3
7895109				3
7895110				3
7895111				3
7895112				3
7895113				3
7895114				3
7895115				3
7895116				3
7895117				3
7895118				3
7895119				3
7895120				3
7895121				3
7895122				3
7895123				3
7895124				3
7895125				3
7895126				3
7895127				3
7895128				3
7895129				3
7895130				3
7895131				3
7895132				3
7895133				3
7895134				3
7895135				3
7895136				3
7895137				3
7895138				3
7895139				3
7895140				3
7895141				3
7895142				3
7895143				3
7895144				3
7895145				3
7895146				3
7895147				3
7895148				3
7895149				3
7895150				3
7895151				3
7895152				3
7895153				3
7895154				3
7895155				3
7895156				3
7895157				3
7895158				3
7895159				3
7895160				3
7895161				3
7895162				3
7895163				3
7895164				3
7895165				3
7895166				3
7895167				3
7895168				3
7895169				3
7895170				3
7895171				3
7895172				3
7895173				3
7895174				3
7895175				3
7895176				3
7895177				3
7895178				3
7895179				3
7895180				3
7895181				3
7895182				3
7895183				3
7895184				3
7895185				3
7895186				3
7895187				3
7895188				3
7895189				3
7895190				3
7895191				3
7895192				3
7895193				3
7895194				3
7895195				3
7895196				3
7895197				3
7895198				3
7895199				3
7895200				3
7895201				3
7895202				3
7895203				3
7895204				3
7895205				3
7895206				3
7895207				3
7895208				3
7895209				3
7895210				3
7895211				3
7895212				3
7895213				3
7895214				3
7895215				3
7895216				3
7895217				3
7895218				3
7895219				3
7895220				3
7895221				3
7895222				3
7895223				3
7895224				3
7895225				3
7895226				3
7895227				3
7895228				3
7895229				3
7895230				3
7895231				3
7895232				3
7895233				3
7895234				3
7895235				3
7895236				3
7895237				3
7895238				3
7895239				3
7895240				3
7895241				3
7895242				3
7895243				3
7895244				3
7895245				3
7895246				3
7895247				3
7895248				3
7895249				3
7895250				3
7895251				3
7895252				3
7895253				3
7895254				3
7895255				3
7895256				3
7895257				3
7895258				3
7895259				3
7895260				3
7895261				3
7895262				3
7895263				3
7895264				3
7895265				3
7895266				3
7895267				3
7895268				3
7895269				3
7895270				3
7895271				3
7895272				3
7895273				3
7895274				3
7895275				3
7895276				3
7895277				3
7895278				3
7895279				3
7895280				3
7895281				3
7895282				3
7895283				3
7895284				3
7895285				3
7895286				3
7895287				3
7895288				3
7895289				3
7895290				3
7895291				3
7895292				3
7895293				3
7895294				3
7895295				3
7895296				3
7895297				3
7895298				3
7895299				3
7895300				3
7895301				3
7895302				3
7895303				3
7895304				3
7895305				3
7895306				3
7895307				3
7895308				3
7895309				3
7895310				3
7895311				3
7895312				3
7895313				3
7895314				3
7895315				3
7895316				3
7895317				3
7895318				3
7895319				3
7895320				3
7895321				3
7895322				3
7895323				3
7895324				3
7895325				3
7895326				3
7895327				3
7895328				3
7895329				3
7895330				3
7895331				3
7895332				3
7895333				3
7895334				3
7895335				3
7895336				3
7895337				3
7895338				3
7895339				3
7895340				3
7895341				3
7895342				3
7895343				3
7895344				3
7895345				3
7895346				3
7895347				3
7895348				3
7895349				3
7895350				3
7895351				3
7895352				3
7895353				3
7895354				3
7895355				3
7895356				3
7895357				3
7895358				3
7895359				3
7895360				3
7895361				3
7895362				3
7895363				3
7895364				3
7895365				3
7895366				3
7895367				3
7895368				3
7895369				3
7895370				3
7895371				3
7895372				3
7895373				3
7895374				3
7895375				3
7895376				3
7895377				3
7895378				3
7895379				3
7895380				3
7895381				3
7895382				3
7895383				3
7895384				3
7895385				3
7895386				3
7895387				3
7895388				3
7895389				3
7895390				3
7895391				3
7895392				3
7895393				3
7895394				3
7895395				3
7895396				3
7895397				3
7895398				3
7895399				3
7895400				3
7895401				3
7895402				3
7895403				3
7895404				3
7895405				3
7895406				3
7895407				3
7895408				3
7895409				3
7895410				3
7895411				3
7895412				3
7895413				3
7895414				3
7895415				3
7895416				3
7895417				3
7895418				3
7895419				3
7895420				3
7895421				3
7895422				3
7895423				3
7895424				3
7895425				3
7895426				3
7895427				3
7895428				3
7895429				3
7895430				3
7895432				3
7895433				3
7895434				3
7895435				3
7895436				3
7895437				3
7895438				3
7895439				3
7895440				3
7895441				3
7895442				3
7895443				3
7895444				3
7895445				3
7895446				3
7895447				3
7895448				3
7895449				3
7895450				3
7895451				3
7895452				3
7895453				3
7895454				3
7895455				3
7895456				3
7895457				3
7895458				3
7895459				3
7895460				3
7895461				3
7895462				3
7895463				3
7895464				3
7895465				3
7895466				3
7895467				3
7895468				3
7895469				3
7895470				3
7895471				3
7895472				3
7895473				3
7895474				3
7895475				3
7895476				3
7895477				3
7895478				3
7895479				3
7895480				3
7895481				3
7895482				3
7895483				3
7895484				3
7895485				3
7895486				3
7895487				3
7895488				3
7895489				3
7895490				3
7895491				3
7895492				3
7895493				3
7895494				3
7895495				3
7895496				3
7895497				3
7895498				3
7895499				3
7895500				3
7895501				3
7895502				3
7895503				3
7895504				3
7895505				3
7895506				3
7895507				3
7895508				3
7895509				3
7895510				3
7895511				3
7895512				3
7895513				3
7895514				3
7895515				3
7895516				3
7895517				3
7895518				3
7895519				3
7895520				3
7895521				3
7895522				3
7895523				3
7895524				3
7895525				3
7895526				3
7895527				3
7895528				3
7895529				3
7895530				3
7895531				3
7895532				3
7895533				3
7895534				3
7895535				3
7895536				3
7895537				3
7895538				3
7895539				3
7895540				3
7895541				3
7895542				3
7895543				3
7895544				3
7895545				3
7895546				3
7895547				3
7895548				3
7895549				3
7895550				3
7895551				3
7895552				3
7895553				3
7895554				3
7895555				3
7895556				3
7895557				3
7895558				3
7895559				3
7895560				3
7895561				3
7895562				3
7895563				3
7895564				3
7895565				3
7895566				3
7895567				3
7895568				3
7895569				3
7895570				3
7895571				3
7895572				3
7895573				3
7895574				3
7895575				3
7895576				3
7895577				3
7895578				3
7895579				3
7895580				3
7895581				3
7895582				3
7895583				3
7895584				3
7895585				3
7895586				3
7895587				3
7895588				3
7895589				3
7895590				3
7895591				3
7895592				3
7895593				3
7895594				3
7895595				3
7895596				3
7895597				3
7895598				3
7895599				3
7895600				3
7895601				3
7895602				3
7895603				3
7895604				3
7895605				3
7895606				3
7895607				3
7895608				3
7895609				3
7895610				3
7895611				3
7895612				3
7895613				3
7895614				3
7895615				3
7895616				3
7895617				3
7895618				3
7895619				3
7895620				3
7895621				3
7895622				3
7895623				3
7895624				3
7895625				3
7895626				3
7895627				3
7895628				3
7895629				3
7895630				3
7895631				3
7895632				3
7895633				3
7895634				3
7895635				3
7895636				3
7895637				3
7895638				3
7895639				3
7895640				3
7895641				3
7895642				3
7895643				3
7895644				3
7895645				3
7895646				3
7895647				3
7895648				3
7895649				3
7895650				3
7895651				3
7895652				3
7895653				3
7895654				3
7895655				3
7895656				3
7895657				3
7895658				3
7895659				3
7895660				3
7895661				3
7895662				3
7895663				3
7895664				3
7895665				3
7895666				3
7895667				3
7895668				3
7895669				3
7895670				3
7895671				3
7895672				3
7895673				3
7895674				3
7895675				3
7895676				3
7895677				3
7895678				3
7895679				3
7895680				3
7895681				3
7895682				3
7895683				3
7895684				3
7895685				3
7895686				3
7895687				3
7895688				3
7895689				3
7895690				3
7895691				3
7895692				3
7895693				3
7895694				3
7895695				3
7895696				3
7895697				3
7895698				3
7895699				3
7895700				3
7895701				3
7895702				3
7895703				3
7895704				3
7895705				3
7895706				3
7895707				3
7895708				3
7895709				3
7895710				3
7895711				3
7895712				3
7895713				3
7895714				3
7895715				3
7895716				3
7895717				3
7895718				3
7895719				3
7895720				3
7895721				3
7895722				3
7895723				3
7895724				3
7895725				3
7895726				3
7895727				3
7895728				3
7895729				3
7895730				3
7895731				3
7895732				3
7895733				3
7895734				3
7895735				3
7895736				3
7895737				3
7895738				3
7895739				3
7895740				3
7895741				3
7895742				3
7895743				3
7895744				3
7895745				3
7895746				3
7895747				3
7895748				3
7895749				3
7895750				3
7895751				3
7895752				3
7895753				3
7895754				3
7895755				3
7895756				3
7895757				3
7895758				3
7895759				3
7895760				3
7895761				3
7895762				3
7895763				3
7895764				3
7895765				3
7895766				3
7895767				3
7895768				3
7895769				3
7895770				3
7895771				3
7895772				3
7895774				3
7895775				3
7895776				3
7895777				3
7895778				3
7895779				3
7895780				3
7895781				3
7895782				3
7895783				3
7895784				3
7895785				3
7895786				3
7895787				3
7895788				3
7895789				3
7895790				3
7895791				3
7895792				3
7895793				3
7895794				3
7895795				3
7895796				3
7895797				3
7895798				3
7895799				3
7895800				3
7895801				3
7895802				3
7895803				3
7895804				3
7895805				3
7895806				3
7895807				3
7895808				3
7895809				3
7895810				3
7895811				3
7895812				3
7895813				3
7895814				3
7895815				3
7895816				3
7895817				3
7895818				3
7895819				3
7895820				3
7895821				3
7895822				3
7895823				3
7895824				3
7895825				3
7895826				3
7895827				3
7895828				3
7895829				3
7895830				3
7895831				3
7895832				3
7895833				3
7895834				3
7895835				3
7895836				3
7895837				3
7895838				3
7895839				3
7895840				3
7895841				3
7895842				3
7895843				3
7895844				3
7895845				3
7895846				3
7895847				3
7895848				3
7895849				3
7895850				3
7895851				3
7895852				3
7895853				3
7895854				3
7895855				3
7895856				3
7895857				3
7895858				3
7895859				3
7895860				3
7895861				3
7895862				3
7895863				3
7895864				3
7895865				3
7895866				3
7895867				3
7895868				3
7895869				3
7895870				3
7895871				3
7895872				3
7895873				3
7895874				3
7895875				3
7895876				3
7895877				3
7895878				3
7895879				3
7895880				3
7895881				3
7895882				3
7895883				3
7895884				3
7895885				3
7895886				3
7895887				3
7895888				3
7895889				3
7895890				3
7895891				3
7895892				3
7895894				3
7895895				3
7895896				3
7895897				3
7895898				3
7895899				3
7895900				3
7895901				3
7895902				3
7895903				3
7895904				3
7895905				3
7895906				3
7895907				3
7895908				3
7895909				3
7895910				3
7895911				3
7895912				3
7895913				3
7895914				3
7895915				3
7895916				3
7895917				3
7895918				3
7895919				3
7895920				3
7895921				3
7895922				3
7895923				3
7895924				3
7895925				3
7895926				3
7895927				3
7895928				3
7895929				3
7895930				3
7895931				3
7895932				3
7895933				3
7895934				3
7895935				3
7895936				3
7895937				3
7895938				3
7895939				3
7895941				3
7895942				3
7895943				3
7895944				3
7895945				3
7895946				3
7895947				3
7895948				3
7895949				3
7895950				3
7895951				3
7895952				3
7895953				3
7895954				3
7895955				3
7895956				3
7895957				3
7895958				3
7895959				3
7895960				3
7895961				3
7895962				3
7895963				3
7895964				3
7895965				3
7895966				3
7895967				3
7895968				3
7895969				3
7895970				3
7895971				3
7895972				3
7895973				3
7895974				3
7895975				3
7895976				3
7895977				3
7895978				3
7895979				3
7895980				3
7895981				3
7895982				3
7895983				3
7895984				3
7895985				3
7895986				3
7895987				3
7895988				3
7895989				3
7895990				3
7895991				3
7895992				3
7895993				3
7895994				3
7895995				3
7895996				3
7895997				3
7895998				3
7895999				3
7896000				3
7896001				3
7896002				3
7896003				3
7896004				3
7896005				3
7896006				3
7896007				3
7896008				3
7896009				3
7896010				3
7896011				3
7896012				3
7896013				3
7896014				3
7896015				3
7896016				3
7896017				3
7896018				3
7896019				3
7896020				3
7896021				3
7896022				3
7896023				3
7896024				3
7896025				3
7896026				3
7896027				3
7896028				3
7896029				3
7896030				3
7896031				3
7896032				3
7896033				3
7896034				3
7896035				3
7896036				3
7896037				3
7896038				3
7896039				3
7896040				3
7896041				3
7896043				3
7896044				3
7896045				3
7896046				3
7896047				3
7896049				3
7896050				3
7896051				3
7896052				3
7896053				3
7896054				3
7896055				3
7896056				3
7896057				3
7896058				3
7896059				3
7896060				3
7896061				3
7896062				3
7896063				3
7896064				3
7896065				3
7896066				3
7896067				3
7896068				3
7896069				3
7896070				3
7896071				3
7896072				3
7896073				3
7896074				3
7896075				3
7896076				3
7896077				3
7896078				3
7896079				3
7896080				3
7896081				3
7896082				3
7896083				3
7896084				3
7896085				3
7896086				3
7896087				3
7896088				3
7896089				3
7896090				3
7896091				3
7896092				3
7896093				3
7896094				3
7896095				3
7896096				3
7896097				3
7896098				3
7896099				3
7896100				3
7896101				3
7896102				3
7896103				3
7896104				3
7896105				3
7896106				3
7896107				3
7896108				3
7896109				3
7896110				3
7896111				3
7896112				3
7896113				3
7896114				3
7896115				3
7896116				3
7896117				3
7896118				3
7896119				3
7896120				3
7896121				3
7896122				3
7896123				3
7896124				3
7896125				3
7896126				3
7896127				3
7896128				3
7896129				3
7896130				3
7896131				3
7896132				3
7896133				3
7896134				3
7896135				3
7896136				3
7896137				3
7896138				3
7896139				3
7896140				3
7896141				3
7896142				3
7896143				3
7896144				3
7896145				3
7896146				3
7896147				3
7896148				3
7896149				3
7896150				3
7896151				3
7896152				3
7896153				3
7896154				3
7896155				3
7896156				3
7896157				3
7896158				3
7896159				3
7896160				3
7896161				3
7896162				3
7896163				3
7896164				3
7896165				3
7896166				3
7896167				3
7896168				3
7896169				3
7896170				3
7896171				3
7896172				3
7896173				3
7896174				3
7896175				3
7896176				3
7896177				3
7896178				3
7896179				3
7896180				3
7896181				3
7896182				3
7896183				3
7896184				3
7896185				3
7896186				3
7896187				3
7896188				3
7896189				3
7896190				3
7896191				3
7896192				3
7896193				3
7896194				3
7896195				3
7896196				3
7896197				3
7896198				3
7896199				3
7896200				3
7896201				3
7896202				3
7896203				3
7896204				3
7896205				3
7896206				3
7896207				3
7896208				3
7896209				3
7896210				3
7896211				3
7896212				3
7896213				3
7896214				3
7896215				3
7896216				3
7896217				3
7896218				3
7896219				3
7896220				3
7896221				3
7896222				3
7896223				3
7896224				3
7896225				3
7896226				3
7896227				3
7896228				3
7896229				3
7896230				3
7896231				3
7896232				3
7896233				3
7896234				3
7896235				3
7896236				3
7896237				3
7896238				3
7896239				3
7896240				3
7896241				3
7896242				3
7896243				3
7896244				3
7896245				3
7896246				3
7896247				3
7896248				3
7896249				3
7896250				3
7896251				3
7896252				3
7896253				3
7896254				3
7896255				3
7896256				3
7896257				3
7896258				3
7896259				3
7896260				3
7896261				3
7896262				3
7896263				3
7896264				3
7896265				3
7896266				3
7896267				3
7896268				3
7896269				3
7896270				3
7896271				3
7896272				3
7896273				3
7896274				3
7896275				3
7896276				3
7896277				3
7896278				3
7896279				3
7896280				3
7896281				3
7896282				3
7896283				3
7896284				3
7896285				3
7896286				3
7896287				3
7896288				3
7896289				3
7896290				3
7896291				3
7896292				3
7896293				3
7896294				3
7896295				3
7896296				3
7896297				3
7896298				3
7896299				3
7896300				3
7896301				3
7896302				3
7896303				3
7896304				3
7896305				3
7896306				3
7896307				3
7896308				3
7896309				3
7896310				3
7896311				3
7896312				3
7896313				3
7896314				3
7896315				3
7896316				3
7896317				3
7896318				3
7896319				3
7896320				3
7896321				3
7896322				3
7896323				3
7896324				3
7896325				3
7896326				3
7896327				3
7896328				3
7896329				3
7896330				3
7896331				3
7896332				3
7896333				3
7896334				3
7896335				3
7896336				3
7896337				3
7896338				3
7896339				3
7896340				3
7896341				3
7896342				3
7896343				3
7896344				3
7896345				3
7896346				3
7896347				3
7896348				3
7896349				3
7896350				3
7896351				3
7896352				3
7896353				3
7896354				3
7896355				3
7896356				3
7896357				3
7896358				3
7896359				3
7896360				3
7896361				3
7896362				3
7896363				3
7896364				3
7896365				3
7896366				3
7896367				3
7896368				3
7896369				3
7896370				3
7896371				3
7896372				3
7896373				3
7896374				3
7896375				3
7896376				3
7896377				3
7896378				3
7896379				3
7896380				3
7896381				3
7896382				3
7896383				3
7896384				3
7896385				3
7896386				3
7896387				3
7896388				3
7896389				3
7896390				3
7896391				3
7896392				3
7896393				3
7896394				3
7896395				3
7896396				3
7896397				3
7896398				3
7896399				3
7896400				3
7896401				3
7896402				3
7896403				3
7896404				3
7896405				3
7896406				3
7896407				3
7896408				3
7896409				3
7896410				3
7896411				3
7896412				3
7896413				3
7896414				3
7896415				3
7896416				3
7896417				3
7896418				3
7896419				3
7896420				3
7896421				3
7896422				3
7896423				3
7896424				3
7896425				3
7896426				3
7896427				3
7896429				3
7896430				3
7896431				3
7896432				3
7896433				3
7896434				3
7896435				3
7896436				3
7896437				3
7896438				3
7896439				3
7896440				3
7896441				3
7896442				3
7896443				3
7896444				3
7896445				3
7896446				3
7896447				3
7896448				3
7896449				3
7896450				3
7896451				3
7896452				3
7896453				3
7896454				3
7896455				3
7896456				3
7896457				3
7896458				3
7896459				3
7896460				3
7896461				3
7896462				3
7896463				3
7896464				3
7896465				3
7896466				3
7896467				3
7896468				3
7896469				3
7896470				3
7896471				3
7896472				3
7896473				3
7896474				3
7896475				3
7896476				3
7896477				3
7896478				3
7896479				3
7896480				3
7896481				3
7896482				3
7896483				3
7896484				3
7896485				3
7896486				3
7896487				3
7896488				3
7896489				3
7896490				3
7896491				3
7896492				3
7896493				3
7896494				3
7896495				3
7896496				3
7896497				3
7896498				3
7896499				3
7896500				3
7896501				3
7896502				3
7896503				3
7896504				3
7896505				3
7896506				3
7896507				3
7896508				3
7896509				3
7896510				3
7896511				3
7896512				3
7896513				3
7896514				3
7896515				3
7896516				3
7896517				3
7896518				3
7896519				3
7896520				3
7896521				3
7896522				3
7896523				3
7896524				3
7896525				3
7896526				3
7896527				3
7896528				3
7896529				3
7896530				3
7896531				3
7896532				3
7896533				3
7896534				3
7896535				3
7896536				3
7896537				3
7896538				3
7896540				3
7896541				3
7896542				3
7896544				3
7896545				3
7896546				3
7896547				3
7896548				3
7896549				3
7896550				3
7896551				3
7896552				3
7896553				3
7896554				3
7896555				3
7896556				3
7896557				3
7896558				3
7896559				3
7896561				3
7896562				3
7896563				3
7896564				3
7896565				3
7896566				3
7896567				3
7896568				3
7896569				3
7896570				3
7896571				3
7896572				3
7896573				3
7896574				3
7896575				3
7896576				3
7896577				3
7896578				3
7896579				3
7896580				3
7896581				3
7896582				3
7896583				3
7896584				3
7896585				3
7896586				3
7896587				3
7896588				3
7896589				3
7896590				3
7896591				3
7896592				3
7896593				3
7896594				3
7896595				3
7896596				3
7896597				3
7896598				3
7896599				3
7896600				3
7896601				3
7896602				3
7896603				3
7896604				3
7896605				3
7896606				3
7896607				3
7896608				3
7896609				3
7896610				3
7896611				3
7896612				3
7896613				3
7896614				3
7896615				3
7896616				3
7896617				3
7896618				3
7896619				3
7896620				3
7896621				3
7896622				3
7896623				3
7896624				3
7896625				3
7896626				3
7896627				3
7896628				3
7896629				3
7896630				3
7896631				3
7896632				3
7896633				3
7896634				3
7896635				3
7896636				3
7896637				3
7896638				3
7896639				3
7896640				3
7896641				3
7896642				3
7896643				3
7896644				3
7896645				3
7896646				3
7896647				3
7896648				3
7896649				3
7896650				3
7896651				3
7896652				3
7896653				3
7896654				3
7896655				3
7896656				3
7896657				3
7896658				3
7896659				3
7896660				3
7896661				3
7896662				3
7896663				3
7896664				3
7896665				3
7896666				3
7896667				3
7896668				3
7896669				3
7896670				3
7896671				3
7896672				3
7896673				3
7896674				3
7896675				3
7896676				3
7896677				3
7896678				3
7896679				3
7896680				3
7896681				3
7896682				3
7896683				3
7896684				3
7896685				3
7896686				3
7896687				3
7896688				3
7896689				3
7896690				3
7896691				3
7896692				3
7896693				3
7896694				3
7896695				3
7896696				3
7896697				3
7896698				3
7896699				3
7896700				3
7896701				3
7896702				3
7896703				3
7896704				3
7896705				3
7896706				3
7896707				3
7896708				3
7896709				3
7896710				3
7896711				3
7896712				3
7896713				3
7896714				3
7896715				3
7896716				3
7896717				3
7896718				3
7896719				3
7896720				3
7896721				3
7896722				3
7896723				3
7896724				3
7896725				3
7896726				3
7896727				3
7896728				3
7896729				3
7896730				3
7896736				3
7896738				3
7896740				3
7896742				3
7896744				3
7896746				3
7896748				3
7896750				3
7896752				3
7896754				3
7896756				3
7896759				3
7896761				3
7896779				3
7896798				3
7896817				3
7896822				3
7896859				3
7896861				3
7896863				3
7896865				3
7896878				3
7896882				3
7896908				3
7896917				3
7896921				3
7896929				3
7896937				3
7896952				3
7896961				3
7896983				3
7896985				3
7897006				3
7897026				3
7897034				3
7897044				3
7897066				3
7897068				3
7897076				3
7897078				3
7897089				3
7897119				3
7897128				3
7897132				3
7897154				3
7897172				3
7897179				3
7897196				3
7897210				3
7897227				3
7897236				3
7897257				3
7897263				3
7897277				3
7897280				3
7897286				3
7897288				3
7897293				3
7897295				3
7897305				3
7897322				3
7897329				3
7897339				3
7897368				3
7897370				3
7897378				3
7897404				3
7897416				3
7897422				3
7897424				3
7897426				3
7897439				3
7897441				3
7897449				3
7897460				3
7897469				3
7897482				3
7897509				3
7897520				3
7897522				3
7897527				3
7897559				3
7897561				3
7897620				3
7897632				3
7897648				3
7897661				3
7897663				3
7897675				3
7897683				3
7897685				3
7897691				3
7897714				3
7897728				3
7897737				3
7897745				3
7897753				3
7897774				3
7897801				3
7897803				3
7897824				3
7897849				3
7897860				3
7897877				3
7897890				3
7897953				3
7897955				3
7897960				3
7897964				3
7897966				3
7897974				3
7897978				3
7897987				3
7897991				3
7897995				3
7897997				3
7898002				3
7898007				3
7898012				3
7898020				3
7898026				3
7898030				3
7898034				3
7898040				3
7898048				3
7898052				3
7898057				3
7898070				3
7898084				3
7898102				3
7898112				3
7898115				3
7898124				3
7898161				3
7898167				3
7898176				3
7898184				3
7898192				3
7898209				3
7898211				3
7898227				3
7898249				3
7898256				3
7898263				3
7898276				3
7898278				3
7898294				3
7898296				3
7898300				3
7898314				3
7898328				3
7898337				3
7898350				3
7898353				3
7898355				3
7898357				3
7898371				3
7898373				3
7898375				3
7898377				3
7898405				3
7898407				3
7898411				3
7898413				3
7898431				3
7898448				3
7898466				3
7898483				3
7898516				3
7898521				3
7898533				3
7898535				3
7898537				3
7898549				3
7898556				3
7898568				3
7898570				3
7898572				3
7898574				3
7898582				3
7898585				3
7898594				3
7898602				3
7898607				3
7898609				3
7898616				3
7898623				3
7898627				3
7898653				3
7898655				3
7898663				3
7898673				3
7898675				3
7898677				3
7898679				3
7898693				3
7898707				3
7898713				3
7898721				3
7898723				3
7898725				3
7898732				3
7898734				3
7898736				3
7898739				3
7898750				3
7898773				3
7898793				3
7898799				3
7898805				3
7898809				3
7898833				3
7898854				3
7898856				3
7898858				3
7898869				3
7898875				3
7898881				3
7898894				3
7898902				3
7898910				3
7898916				3
7898939				3
7898957				3
7898967				3
7898975				3
7898988				3
7898998				3
7899005				3
7899016				3
7899018				3
7899023				3
7899029				3
7899043				3
7899057				3
7899069				3
7899071				3
7899073				3
7899075				3
7899087				3
7899093				3
7899096				3
7899101				3
7899124				3
7899134				3
7899151				3
7899153				3
7899160				3
7899167				3
7899173				3
7899187				3
7899192				3
7899220				3
7899244				3
7899251				3
7899253				3
7899265				3
7899273				3
7899284				3
7899287				3
7899289				3
7899310				3
7899323				3
7899343				3
7899346				3
7899348				3
7899350				3
7899361				3
7899375				3
7899377				3
7899392				3
7899394				3
7899407				3
7899417				3
7899422				3
7899424				3
7899436				3
7899448				3
7899455				3
7899462				3
7899480				3
7899484				3
7899486				3
7899499				3
7899502				3
7899504				3
7899517				3
7899519				3
7899528				3
7899534				3
7899560				3
7899562				3
7899595				3
7899600				3
7899602				3
7899604				3
7899615				3
7899627				3
7899643				3
7899654				3
7899675				3
7899688				3
7899703				3
7899719				3
7899727				3
7899737				3
7899750				3
7899753				3
7899774				3
7899790				3
7899795				3
7899797				3
7899811				3
7899813				3
7899821				3
7899829				3
7899841				3
7899849				3
7899851				3
7899870				3
7899882				3
7899884				3
7899898				3
7899905				3
7899909				3
7899911				3
7899921				3
7899927				3
7899932				3
7899939				3
7899943				3
7899955				3
7899957				3
7899988				3
7899990				3
7900001				3
7900009				3
7900030				3
7900051				3
7900076				3
7900087				3
7900095				3
7900119				3
7900129				3
7900144				3
7900146				3
7900157				3
7900159				3
7900167				3
7900181				3
7900183				3
7900192				3
7900197				3
7900201				3
7900212				3
7900214				3
7900216				3
7900228				3
7900235				3
7900336				3
7900340				3
7900350				3
7900352				3
7900354				3
7900365				3
7900382				3
7900395				3
7900405				3
7900407				3
7900409				3
7900413				3
7900426				3
7900438				3
7900446				3
7900454				3
7900461				3
7900468				3
7900488				3
7900490				3
7900492				3
7900508				3
7900510				3
7900531				3
7900538				3
7900540				3
7900546				3
7900555				3
7900576				3
7900585				3
7900597				3
7900603				3
7900609				3
7900624				3
7900633				3
7900635				3
7900639				3
7900652				3
7900654				3
7900658				3
7900683				3
7900699				3
7900710				3
7900792				3
7900833				3
7900857				3
7900876				3
7900878				3
7900888				3
7900911				3
7900922				3
7900931				3
7900944				3
7900957				3
7900962				3
7900977				3
7900979				3
7900999				3
7901010				3
7901036				3
7901038				3
7901046				3
7901048				3
7901050				3
7901052				3
7901054				3
7901071				3
7901073				3
7901087				3
7901091				3
7901102				3
7901110				3
7901123				3
7901135				3
7901140				3
7901175				3
7901187				3
7901192				3
7901212				3
7901219				3
7901227				3
7901229				3
7901247				3
7901253				3
7901256				3
7901272				3
7901287				3
7901293				3
7901299				3
7901309				3
7901311				3
7901314				3
7901316				3
7901334				3
7901336				3
7901338				3
7901340				3
7901342				3
7901357				3
7901359				3
7901361				3
7901363				3
7901374				3
7901376				3
7901383				3
7901385				3
7901416				3
7901418				3
7901426				3
7901443				3
7901445				3
7901447				3
7901460				3
7901466				3
7901477				3
7901479				3
7901495				3
7901497				3
7901513				3
7901535				3
7901549				3
7901557				3
7901563				3
7901565				3
7901577				3
7901592				3
7901601				3
7901611				3
7901613				3
7901634				3
7901662				3
7901675				3
7901687				3
7901691				3
7901696				3
7901710				3
7901712				3
7901714				3
7901720				3
7901732				3
7901744				3
7901746				3
7901748				3
7901765				3
7901788				3
7901802				3
7901804				3
7901852				3
7901854				3
7901856				3
7901858				3
7901860				3
7901867				3
7901883				3
7901895				3
7901911				3
7901913				3
7901915				3
7901931				3
7901948				3
7901951				3
7901967				3
7901969				3
7901982				3
7901993				3
7902023				3
7902036				3
7902038				3
7902043				3
7902072				3
7902074				3
7902102				3
7902104				3
7902127				3
7902158				3
7902166				3
7902189				3
7902203				3
7902205				3
7902223				3
7902225				3
7902227				3
7902235				3
7902265				3
7902267				3
7902269				3
7902282				3
7902290				3
7902306				3
7902308				3
7902317				3
7902345				3
7902353				3
7902365				3
7902367				3
7902382				3
7902396				3
7902398				3
7902400				3
7902402				3
7902425				3
7902435				3
7902439				3
7902441				3
7902448				3
7902452				3
7902472				3
7902474				3
7902476				3
7902493				3
7902495				3
7902512				3
7902518				3
7902527				3
7902541				3
7902553				3
7902563				3
7902565				3
7902592				3
7902594				3
7902611				3
7902615				3
7902617				3
7902623				3
7902634				3
7902645				3
7902660				3
7902685				3
7902687				3
7902700				3
7902702				3
7902721				3
7902738				3
7902754				3
7902771				3
7902787				3
7902789				3
7902799				3
7902808				3
7902810				3
7902822				3
7902848				3
7902850				3
7902861				3
7902874				3
7902883				3
7902891				3
7902909				3
7902911				3
7902913				3
7902930				3
7902934				3
7902957				3
7902965				3
7902977				3
7902984				3
7902992				3
7903008				3
7903010				3
7903022				3
7903024				3
7903026				3
7903028				3
7903030				3
7903032				3
7903049				3
7903079				3
7903090				3
7903092				3
7903109				3
7903111				3
7903113				3
7903115				3
7903117				3
7903119				3
7903144				3
7903162				3
7903171				3
7903181				3
7903183				3
7903186				3
7903188				3
7903203				3
7903214				3
7903227				3
7903239				3
7903281				3
7903292				3
7903294				3
7903308				3
7903321				3
7903334				3
7903355				3
7903358				3
7903369				3
7903389				3
7903391				3
7903393				3
7903399				3
7903401				3
7903404				3
7903407				3
7903414				3
7903425				3
7903440				3
7903455				3
7903457				3
7903461				3
7903474				3
7903478				3
7903490				3
7903507				3
7903519				3
7903530				3
7903541				3
7903561				3
7903565				3
7903582				3
7903586				3
7903592				3
7903619				3
7903632				3
7903667				3
7903676				3
7903688				3
7903694				3
7903703				3
7903717				3
7903719				3
7903742				3
7903753				3
7903765				3
7903777				3
7903786				3
7903803				3
7903827				3
7903851				3
7903854				3
7903867				3
7903876				3
7903878				3
7903884				3
7903889				3
7903893				3
7903906				3
7903908				3
7903920				3
7903935				3
7903945				3
7903959				3
7903970				3
7903972				3
7903980				3
7903988				3
7904000				3
7904014				3
7904016				3
7904018				3
7904025				3
7904036				3
7904048				3
7904050				3
7904073				3
7904082				3
7904084				3
7904086				3
7904106				3
7904131				3
7904137				3
7904158				3
7904164				3
7904166				3
7904168				3
7904203				3
7904209				3
7904211				3
7904226				3
7904244				3
7904252				3
7904254				3
7904281				3
7904287				3
7904293				3
7904303				3
7904314				3
7904340				3
7904361				3
7904364				3
7904394				3
7904396				3
7904408				3
7904414				3
7904417				3
7904421				3
7904429				3
7904431				3
7904433				3
7904448				3
7904450				3
7904452				3
7904463				3
7904465				3
7904469				3
7904478				3
7904480				3
7904482				3
7904486				3
7904500				3
7904506				3
7904562				3
7904569				3
7904572				3
7904574				3
7904691				3
7904693				3
7904695				3
7904702				3
7904713				3
7904715				3
7904717				3
7904726				3
7904737				3
7904742				3
7904751				3
7904755				3
7904761				3
7904796				3
7904812				3
7904830				3
7904843				3
7904853				3
7904863				3
7904865				3
7904867				3
7904869				3
7904872				3
7904874				3
7904877				3
7904879				3
7904881				3
7904883				3
7904907				3
7904921				3
7904923				3
7904927				3
7904930				3
7904946				3
7904948				3
7904951				3
7904953				3
7904955				3
7904959				3
7904963				3
7904965				3
7904967				3
7904969				3
7904974				3
7904976				3
7904997				3
7904999				3
7905016				3
7905018				3
7905020				3
7905025				3
7905028				3
7905033				3
7905035				3
7905037				3
7905039				3
7905043				3
7905047				3
7905051				3
7905054				3
7905058				3
7905060				3
7905067				3
7905077				3
7905079				3
7905085				3
7905088				3
7905092				3
7905099				3
7905116				3
7905127				3
7905129				3
7905131				3
7905145				3
7905147				3
7905154				3
7905163				3
7905171				3
7905185				3
7905198				3
7905220				3
7905233				3
7905254				3
7905256				3
7905258				3
7905283				3
7905299				3
7905308				3
7905324				3
7905329				3
7905339				3
7905349				3
7905355				3
7905365				3
7905374				3
7905382				3
7905395				3
7905406				3
7905428				3
7905444				3
7905462				3
7905464				3
7905474				3
7905481				3
7905483				3
7905486				3
7905490				3
7905492				3
7905496				3
7905500				3
7905503				3
7905505				3
7905507				3
7905510				3
7905512				3
7905515				3
7905517				3
7905519				3
7905523				3
7905525				3
7905528				3
7905530				3
7905533				3
7905536				3
7905544				3
7905548				3
7905553				3
7905559				3
7905563				3
7905569				3
7905571				3
7905576				3
7905581				3
7905589				3
7905598				3
7905606				3
7905629				3
7905631				3
7905664				3
7905677				3
7905691				3
7905698				3
7905700				3
7905731				3
7905733				3
7905742				3
7905744				3
7905746				3
7905754				3
7905789				3
7905801				3
7905817				3
7905826				3
7905831				3
7905848				3
7905854				3
7905862				3
7905881				3
7905909				3
7905918				3
7905927				3
7905929				3
7905938				3
7905949				3
7905951				3
7905968				3
7905974				3
7905986				3
7905999				3
7906015				3
7906017				3
7906021				3
7906041				3
7906056				3
7906061				3
7906069				3
7906072				3
7906079				3
7906085				3
7906107				3
7906128				3
7906133				3
7906140				3
7906146				3
7906154				3
7906163				3
7906175				3
7906177				3
7906185				3
7906194				3
7906197				3
7906205				3
7906223				3
7906233				3
7906235				3
7906244				3
7906264				3
7906284				3
7906303				3
7906305				3
7906307				3
7906330				3
7906339				3
7906348				3
7906355				3
7906365				3
7906367				3
7906370				3
7906372				3
7906374				3
7906377				3
7906386				3
7906400				3
7906417				3
7906433				3
7906435				3
7906443				3
7906452				3
7906458				3
7906465				3
7906467				3
7906469				3
7906475				3
7906486				3
7906496				3
7906501				3
7906527				3
7906552				3
7906564				3
7906574				3
7906576				3
7906597				3
7906602				3
7906613				3
7906622				3
7906642				3
7906652				3
7906662				3
7906671				3
7906688				3
7906703				3
7906720				3
7906728				3
7906742				3
7906746				3
7906751				3
7906753				3
7906757				3
7906764				3
7906767				3
7906775				3
7906777				3
7906784				3
7906786				3
7906797				3
7906808				3
7906810				3
7906819				3
7906838				3
7906852				3
7906863				3
7906878				3
7906898				3
7906900				3
7906904				3
7906919				3
7906930				3
7906948				3
7906950				3
7906952				3
7906954				3
7906969				3
7906973				3
7906978				3
7906988				3
7906993				3
7906995				3
7907008				3
7907010				3
7907012				3
7907024				3
7907032				3
7907049				3
7907051				3
7907053				3
7907058				3
7907079				3
7907090				3
7907092				3
7907104				3
7907124				3
7907135				3
7907146				3
7907156				3
7907160				3
7907171				3
7907183				3
7907211				3
7907213				3
7907222				3
7907232				3
7907249				3
7907260				3
7907271				3
7907286				3
7907297				3
7907308				3
7907310				3
7907349				3
7907351				3
7907353				3
7907368				3
7907370				3
7907394				3
7907396				3
7907404				3
7907430				3
7907439				3
7907445				3
7907462				3
7907464				3
7907466				3
7907486				3
7907492				3
7907531				3
7907535				3
7907537				3
7907549				3
7907568				3
7907572				3
7907601				3
7907611				3
7907633				3
7907649				3
7907655				3
7907657				3
7907680				3
7907690				3
7907700				3
7907702				3
7907719				3
7907747				3
7907749				3
7907769				3
7907773				3
7907788				3
7907790				3
7907830				3
7907847				3
7907849				3
7907859				3
7907861				3
7907882				3
7907893				3
7907904				3
7907907				3
7907911				3
7907960				3
7907962				3
7907964				3
7907966				3
7907968				3
7907970				3
7907972				3
7907977				3
7907986				3
7908003				3
7908022				3
7908041				3
7908072				3
7908097				3
7908125				3
7908147				3
7908155				3
7908157				3
7908159				3
7908161				3
7908169				3
7908178				3
7908204				3
7908312				3
7908328				3
7908330				3
7908347				3
7908351				3
7908371				3
7908376				3
7908382				3
7908388				3
7908397				3
7908407				3
7908409				3
7908421				3
7908437				3
7908459				3
7908481				3
7908488				3
7908492				3
7908496				3
7908499				3
7908508				3
7908525				3
7908529				3
7908543				3
7908553				3
7908591				3
7908593				3
7908595				3
7908597				3
7908610				3
7908612				3
7908614				3
7908635				3
7908637				3
7908639				3
7908650				3
7908672				3
7908692				3
7908694				3
7908728				3
7908730				3
7908732				3
7908758				3
7908766				3
7908775				3
7908777				3
7908779				3
7908793				3
7908812				3
7908816				3
7908839				3
7908841				3
7908861				3
7908863				3
7908867				3
7908879				3
7908907				3
7908917				3
7908924				3
7908931				3
7908940				3
7908966				3
7908968				3
7908978				3
7908988				3
7908993				3
7909011				3
7909027				3
7909064				3
7909088				3
7909102				3
7909104				3
7909125				3
7909127				3
7909140				3
7909142				3
7909144				3
7909146				3
7909155				3
7909164				3
7909175				3
7909188				3
7909214				3
7909225				3
7909236				3
7909250				3
7909261				3
7909271				3
7909283				3
7909285				3
7909306				3
7909318				3
7909332				3
7909350				3
7909371				3
7909390				3
7909400				3
7909418				3
7909422				3
7909425				3
7909441				3
7909446				3
7909455				3
7909478				3
7909494				3
7909503				3
7909510				3
7909525				3
7909527				3
7909529				3
7909545				3
7909561				3
7909568				3
7909586				3
7909601				3
7909603				3
7909610				3
7909624				3
7909626				3
7909628				3
7909642				3
7909661				3
7909681				3
7909689				3
7909708				3
7909730				3
7909745				3
7909768				3
7909780				3
7909782				3
7909789				3
7909801				3
7909811				3
7909813				3
7909815				3
7909839				3
7909841				3
7909862				3
7909866				3
7909877				3
7909888				3
7909890				3
7909896				3
7909898				3
7909931				3
7909946				3
7909954				3
7909965				3
7909967				3
7909990				3
7909992				3
7909999				3
7910001				3
7910010				3
7910012				3
7910014				3
7910022				3
7910030				3
7910047				3
7910054				3
7910096				3
7910099				3
7910111				3
7910124				3
7910134				3
7910138				3
7910140				3
7910142				3
7910146				3
7910164				3
7910184				3
7910186				3
7910188				3
7910190				3
7910198				3
7910200				3
7910211				3
7910217				3
7910229				3
7910241				3
7910257				3
7910261				3
7910265				3
7910369				3
7910372				3
7910377				3
7910379				3
7910381				3
7910383				3
7910385				3
7910387				3
7910396				3
7910398				3
7910414				3
7910416				3
7910427				3
7910446				3
7910466				3
7910490				3
7910492				3
7910494				3
7910503				3
7910520				3
7910539				3
7910550				3
7910559				3
7910583				3
7910585				3
7910587				3
7910589				3
7910591				3
7910600				3
7910611				3
7910618				3
7910630				3
7910634				3
7910636				3
7910638				3
7910640				3
7910651				3
7910672				3
7910674				3
7910676				3
7910680				3
7910692				3
7910694				3
7910706				3
7910727				3
7910752				3
7910790				3
7910792				3
7910897				3
7910899				3
7910901				3
7910903				3
7910905				3
7910907				3
7910909				3
7910911				3
7910913				3
7910915				3
7910923				3
7910944				3
7910946				3
7910948				3
7910950				3
7910971				3
7910997				3
7911017				3
7911038				3
7911045				3
7911047				3
7911049				3
7911056				3
7911078				3
7911085				3
7911092				3
7911094				3
7911096				3
7911108				3
7911110				3
7911112				3
7911114				3
7911136				3
7911138				3
7911155				3
7911170				3
7911174				3
7911176				3
7911178				3
7911197				3
7911199				3
7911207				3
7911209				3
7911211				3
7911213				3
7911215				3
7911218				3
7911229				3
7911231				3
7911233				3
7911235				3
7911237				3
7911241				3
7911243				3
7911248				3
7911252				3
7911258				3
7911260				3
7911263				3
7911265				3
7911267				3
7911269				3
7911271				3
7911273				3
7911276				3
7911278				3
7911281				3
7911283				3
7911285				3
7911287				3
7911289				3
7911301				3
7911307				3
7911309				3
7911323				3
7911329				3
7911331				3
7911333				3
7911335				3
7911337				3
7911339				3
7911341				3
7911343				3
7911345				3
7911347				3
7911349				3
7911351				3
7911355				3
7911359				3
7911371				3
7911376				3
7911383				3
7911403				3
7911413				3
7911422				3
7911435				3
7911444				3
7911458				3
7911486				3
7911506				3
7911529				3
7911532				3
7911539				3
7911559				3
7911566				3
7911568				3
7911578				3
7911591				3
7911600				3
7911619				3
7911634				3
7911643				3
7911657				3
7911659				3
7911676				3
7911681				3
7911683				3
7911699				3
7911701				3
7911718				3
7911720				3
7911730				3
7911750				3
7911754				3
7911767				3
7911793				3
7911796				3
7911799				3
7911839				3
7911854				3
7911862				3
7911870				3
7911897				3
7911902				3
7911941				3
7911989				3
7911993				3
7912004				3
7912012				3
7912031				3
7912040				3
7912056				3
7912086				3
7912102				3
7912112				3
7912133				3
7912136				3
7912145				3
7912155				3
7912157				3
7912162				3
7912164				3
7912166				3
7912194				3
7912196				3
7912198				3
7912207				3
7912209				3
7912211				3
7912224				3
7912239				3
7912248				3
7912250				3
7912252				3
7912254				3
7912257				3
7912280				3
7912283				3
7912292				3
7912303				3
7912316				3
7912343				3
7912347				3
7912349				3
7912361				3
7912374				3
7912385				3
7912412				3
7912473				3
7912481				3
7912496				3
7912511				3
7912515				3
7912520				3
7912525				3
7912527				3
7912529				3
7912531				3
7912535				3
7912537				3
7912547				3
7912552				3
7912555				3
7912561				3
7912567				3
7912575				3
7912580				3
7912582				3
7912585				3
7912589				3
7912591				3
7912595				3
7912601				3
7912606				3
7912610				3
7912617				3
7912622				3
7912625				3
7912627				3
7912629				3
7912638				3
7912646				3
7912659				3
7912670				3
7912672				3
7912675				3
7912692				3
7912701				3
7912706				3
7912724				3
7912743				3
7912750				3
7912762				3
7912764				3
7912784				3
7912800				3
7912802				3
7912804				3
7912806				3
7912808				3
7912839				3
7912850				3
7912852				3
7912854				3
7912861				3
7912863				3
7912882				3
7912884				3
7912887				3
7912898				3
7912928				3
7912937				3
7912956				3
7912968				3
7912975				3
7912994				3
7913001				3
7913110				3
7913138				3
7913146				3
7913154				3
7913156				3
7913169				3
7913185				3
7913187				3
7913206				3
7913211				3
7913216				3
7913226				3
7913235				3
7913237				3
7913242				3
7913249				3
7913252				3
7913256				3
7913271				3
7913290				3
7913300				3
7913319				3
7913357				3
7913380				3
7913385				3
7913415				3
7913450				3
7913547				3
7913556				3
7913558				3
7913566				3
7913571				3
7913582				3
7913593				3
7913609				3
7913642				3
7913644				3
7913655				3
7913663				3
7913665				3
7913667				3
7913682				3
7913694				3
7913705				3
7913712				3
7913727				3
7913768				3
7913776				3
7913787				3
7913799				3
7913801				3
7913803				3
7913805				3
7913814				3
7913824				3
7913835				3
7913850				3
7913852				3
7913858				3
7913864				3
7913869				3
7913883				3
7913896				3
7913907				3
7913918				3
7913938				3
7913965				3
7913972				3
7913976				3
7913978				3
7913990				3
7914000				3
7914003				3
7914015				3
7914021				3
7914038				3
7914040				3
7914042				3
7914075				3
7914084				3
7914094				3
7914103				3
7914112				3
7914127				3
7914137				3
7914139				3
7914141				3
7914153				3
7914178				3
7914180				3
7914182				3
7914184				3
7914194				3
7914200				3
7914202				3
7914212				3
7914214				3
7914216				3
7914218				3
7914230				3
7914232				3
7914235				3
7914245				3
7914260				3
7914270				3
7914282				3
7914296				3
7914322				3
7914324				3
7914326				3
7914334				3
7914342				3
7914350				3
7914354				3
7914361				3
7914433				3
7914467				3
7914489				3
7914496				3
7914498				3
7914500				3
7914516				3
7914525				3
7914530				3
7914550				3
7914555				3
7914557				3
7914563				3
7914580				3
7914592				3
7914603				3
7914617				3
7914628				3
7914630				3
7914643				3
7914648				3
7914665				3
7914667				3
7914748				3
7914750				3
7914758				3
7914764				3
7914791				3
7914805				3
7914807				3
7914809				3
7914834				3
7914847				3
7914851				3
7914878				3
7914880				3
7914887				3
7914898				3
7914904				3
7914917				3
7914921				3
7914923				3
7914938				3
7914940				3
7914950				3
7914974				3
7914992				3
7914994				3
7914996				3
7915008				3
7915015				3
7915032				3
7915045				3
7915056				3
7915074				3
7915078				3
7915084				3
7915091				3
7915101				3
7915130				3
7915147				3
7915156				3
7915160				3
7915170				3
7915178				3
7915184				3
7915198				3
7915200				3
7915202				3
7915204				3
7915207				3
7915227				3
7915229				3
7915238				3
7915245				3
7915252				3
7915257				3
7915261				3
7915275				3
7915277				3
7915284				3
7915286				3
7915297				3
7915329				3
7915331				3
7915333				3
7915345				3
7915347				3
7915351				3
7915363				3
7915385				3
7915392				3
7915404				3
7915408				3
7915425				3
7915435				3
7915444				3
7915466				3
7915468				3
7915472				3
7915485				3
7915498				3
7915500				3
7915504				3
7915516				3
7915529				3
7915543				3
7915561				3
7915563				3
7915565				3
7915567				3
7915578				3
7915590				3
7915592				3
7915594				3
7915598				3
7915609				3
7915612				3
7915614				3
7915640				3
7915657				3
7915659				3
7915682				3
7915695				3
7915718				3
7915731				3
7915733				3
7915743				3
7915758				3
7915775				3
7915787				3
7915801				3
7915827				3
7915841				3
7915846				3
7915861				3
7915870				3
7915882				3
7915896				3
7915902				3
7915910				3
7915919				3
7915926				3
7915949				3
7915951				3
7915955				3
7915971				3
7915982				3
7915991				3
7915995				3
7916016				3
7916018				3
7916020				3
7916022				3
7916024				3
7916045				3
7916075				3
7916077				3
7916112				3
7916120				3
7916130				3
7916135				3
7916167				3
7916185				3
7916219				3
7916225				3
7916227				3
7916229				3
7916246				3
7916248				3
7916262				3
7916274				3
7916282				3
7916304				3
7916316				3
7916341				3
7916343				3
7916356				3
7916364				3
7916372				3
7916384				3
7916393				3
7916403				3
7916412				3
7916422				3
7916425				3
7916432				3
7916443				3
7916487				3
7916489				3
7916491				3
7916493				3
7916506				3
7916526				3
7916541				3
7916562				3
7916564				3
7916566				3
7916568				3
7916570				3
7916582				3
7916584				3
7916590				3
7916592				3
7916609				3
7916616				3
7916627				3
7916629				3
7916643				3
7916654				3
7916667				3
7916669				3
7916725				3
7916727				3
7916741				3
7916743				3
7916745				3
7916747				3
7916775				3
7916777				3
7916781				3
7916783				3
7916785				3
7916789				3
7916808				3
7916822				3
7916832				3
7916834				3
7916836				3
7916841				3
7916843				3
7916851				3
7916853				3
7916862				3
7916880				3
7916882				3
7916898				3
7916910				3
7916926				3
7916928				3
7916944				3
7916969				3
7916984				3
7916986				3
7916998				3
7917000				3
7917002				3
7917004				3
7917008				3
7917015				3
7917019				3
7917037				3
7917050				3
7917052				3
7917080				3
7917082				3
7917088				3
7917103				3
7917120				3
7917148				3
7917151				3
7917156				3
7917180				3
7917182				3
7917199				3
7917232				3
7917240				3
7917251				3
7917255				3
7917276				3
7917283				3
7917304				3
7917322				3
7917331				3
7917338				3
7917347				3
7917357				3
7917359				3
7917370				3
7917431				3
7917433				3
7917455				3
7917466				3
7917468				3
7917470				3
7917472				3
7917482				3
7917503				3
7917514				3
7917516				3
7917528				3
7917530				3
7917532				3
7917548				3
7917561				3
7917576				3
7917591				3
7917593				3
7917597				3
7917599				3
7917604				3
7917612				3
7917634				3
7917645				3
7917647				3
7917649				3
7917670				3
7917672				3
7917674				3
7917676				3
7917695				3
7917697				3
7917707				3
7917726				3
7917728				3
7917735				3
7917737				3
7917739				3
7917741				3
7917752				3
7917754				3
7917771				3
7917779				3
7917790				3
7917792				3
7917794				3
7917798				3
7917850				3
7917875				3
7917885				3
7917896				3
7917902				3
7917904				3
7917906				3
7917910				3
7917912				3
7917942				3
7917944				3
7917946				3
7917954				3
7917972				3
7917974				3
7917976				3
7917996				3
7918008				3
7918026				3
7918034				3
7918048				3
7918050				3
7918052				3
7918064				3
7918134				3
7918149				3
7918151				3
7918153				3
7918157				3
7918188				3
7918203				3
7918223				3
7918235				3
7918255				3
7918275				3
7918284				3
7918294				3
7918300				3
7918313				3
7918323				3
7918345				3
7918359				3
7918365				3
7918367				3
7918379				3
7918394				3
7918416				3
7918424				3
7918426				3
7918437				3
7918444				3
7918449				3
7918457				3
7918465				3
7918467				3
7918474				3
7918487				3
7918504				3
7918517				3
7918533				3
7918548				3
7918550				3
7918552				3
7918558				3
7918569				3
7918593				3
7918606				3
7918620				3
7918622				3
7918634				3
7918657				3
7918681				3
7918694				3
7918703				3
7918716				3
7918725				3
7918747				3
7918749				3
7918751				3
7918753				3
7918755				3
7918757				3
7918759				3
7918768				3
7918792				3
7918794				3
7918811				3
7918813				3
7918825				3
7918847				3
7918857				3
7918869				3
7918876				3
7918878				3
7918891				3
7918898				3
7918900				3
7918902				3
7918911				3
7918913				3
7918923				3
7918925				3
7918936				3
7918951				3
7918953				3
7918955				3
7918973				3
7919024				3
7919026				3
7919028				3
7919038				3
7919047				3
7919049				3
7919051				3
7919055				3
7919067				3
7919080				3
7919088				3
7919095				3
7919129				3
7919131				3
7919133				3
7919139				3
7919146				3
7919151				3
7919153				3
7919155				3
7919157				3
7919160				3
7919162				3
7919166				3
7919168				3
7919193				3
7919195				3
7919197				3
7919208				3
7919217				3
7919226				3
7919243				3
7919251				3
7919267				3
7919269				3
7919271				3
7919299				3
7919301				3
7919303				3
7919305				3
7919314				3
7919324				3
7919326				3
7919340				3
7919347				3
7919349				3
7919351				3
7919380				3
7919382				3
7919384				3
7919386				3
7919388				3
7919390				3
7919392				3
7919394				3
7919403				3
7919405				3
7919407				3
7919412				3
7919436				3
7919438				3
7919556				3
7919560				3
7919562				3
7919564				3
7919566				3
7919568				3
7919570				3
7919572				3
7919574				3
7919576				3
7919578				3
7919580				3
7919582				3
7919584				3
7919589				3
7919591				3
7919594				3
7919596				3
7919598				3
7919600				3
7919602				3
7919604				3
7919606				3
7919612				3
7919614				3
7919619				3
7919625				3
7919627				3
7919637				3
7919642				3
7919645				3
7919659				3
7919669				3
7919699				3
7919715				3
7919729				3
7919743				3
7919747				3
7919749				3
7919751				3
7919761				3
7919763				3
7919776				3
7919778				3
7919780				3
7919787				3
7919800				3
7919815				3
7919825				3
7919852				3
7919854				3
7919856				3
7919872				3
7919886				3
7919888				3
7919898				3
7919923				3
7919929				3
7919940				3
7919950				3
7919969				3
7919971				3
7919984				3
7920000				3
7920025				3
7920027				3
7920045				3
7920047				3
7920057				3
7920077				3
7920082				3
7920100				3
7920114				3
7920123				3
7920128				3
7920135				3
7920141				3
7920146				3
7920155				3
7920165				3
7920175				3
7920178				3
7920182				3
7920185				3
7920191				3
7920193				3
7920196				3
7920201				3
7920205				3
7920210				3
7920214				3
7920217				3
7920220				3
7920228				3
7920238				3
7920244				3
7920249				3
7920252				3
7920256				3
7920258				3
7920264				3
7920271				3
7920278				3
7920285				3
7920291				3
7920297				3
7920303				3
7920317				3
7920333				3
7920335				3
7920337				3
7920341				3
7920354				3
7920382				3
7920401				3
7920409				3
7920422				3
7920426				3
7920468				3
7920470				3
7920472				3
7920487				3
7920492				3
7920506				3
7920515				3
7920531				3
7920552				3
7920567				3
7920575				3
7920594				3
7920600				3
7920616				3
7920633				3
7920642				3
7920659				3
7920664				3
7920687				3
7920697				3
7920707				3
7920725				3
7920737				3
7920744				3
7920757				3
7920766				3
7920795				3
7920799				3
7920810				3
7920839				3
7920852				3
7920873				3
7920875				3
7920877				3
7920903				3
7920912				3
7920928				3
7920944				3
7920971				3
7920980				3
7920984				3
7921003				3
7921012				3
7921014				3
7921031				3
7921033				3
7921076				3
7921088				3
7921099				3
7921110				3
7921119				3
7921121				3
7921133				3
7921144				3
7921155				3
7921179				3
7921220				3
7921222				3
7921228				3
7921237				3
7921259				3
7921275				3
7921298				3
7921319				3
7921332				3
7921342				3
7921344				3
7921346				3
7921354				3
7921356				3
7921358				3
7921360				3
7921362				3
7921364				3
7921367				3
7921420				3
7921422				3
7921425				3
7921427				3
7921429				3
7921431				3
7921434				3
7921442				3
7921445				3
7921447				3
7921449				3
7921462				3
7921471				3
7921473				3
7921487				3
7921492				3
7921516				3
7921526				3
7921533				3
7921538				3
7921552				3
7921571				3
7921583				3
7921621				3
7921623				3
7921625				3
7921637				3
7921652				3
7921667				3
7921677				3
7921690				3
7921702				3
7921713				3
7921738				3
7921752				3
7921773				3
7921786				3
7921793				3
7921806				3
7921821				3
7921834				3
7921840				3
7921852				3
7921862				3
7921868				3
7921873				3
7921882				3
7921895				3
7921900				3
7921909				3
7921916				3
7921930				3
7921932				3
7921936				3
7921955				3
7921970				3
7921987				3
7922001				3
7922008				3
7922018				3
7922029				3
7922040				3
7922051				3
7922058				3
7922095				3
7922104				3
7922108				3
7922121				3
7922125				3
7922127				3
7922130				3
7922137				3
7922152				3
7922162				3
7922174				3
7922200				3
7922219				3
7922229				3
7922243				3
7922250				3
7922266				3
7922268				3
7922291				3
7922293				3
7922295				3
7922297				3
7922299				3
7922301				3
7922309				3
7922324				3
7922326				3
7922328				3
7922330				3
7922337				3
7922343				3
7922351				3
7922353				3
7922382				3
7922389				3
7922391				3
7922400				3
7922402				3
7922404				3
7922406				3
7922408				3
7922410				3
7922412				3
7922414				3
7922416				3
7922418				3
7922420				3
7922432				3
7922456				3
7922458				3
7922460				3
7922462				3
7922472				3
7922474				3
7922482				3
7922504				3
7922523				3
7922525				3
7922550				3
7922590				3
7922596				3
7922598				3
7922610				3
7922627				3
7922637				3
7922646				3
7922648				3
7922652				3
7922656				3
7922667				3
7922669				3
7922684				3
7922686				3
7922689				3
7922703				3
7922707				3
7922717				3
7922727				3
7922737				3
7922752				3
7922754				3
7922756				3
7922773				3
7922793				3
7922804				3
7922807				3
7922821				3
7922823				3
7922846				3
7922868				3
7922870				3
7922887				3
7922889				3
7922908				3
7922910				3
7922912				3
7922969				3
7922976				3
7922992				3
7922994				3
7923003				3
7923005				3
7923007				3
7923027				3
7923034				3
7923037				3
7923039				3
7923041				3
7923043				3
7923073				3
7923086				3
7923119				3
7923131				3
7923141				3
7923162				3
7923164				3
7923173				3
7923175				3
7923177				3
7923179				3
7923183				3
7923189				3
7923221				3
7923231				3
7923233				3
7923271				3
7923317				3
7923319				3
7923332				3
7923347				3
7923360				3
7923372				3
7923378				3
7923386				3
7923394				3
7923406				3
7923424				3
7923426				3
7923436				3
7923438				3
7923440				3
7923442				3
7923453				3
7923483				3
7923489				3
7923501				3
7923503				3
7923516				3
7923528				3
7923534				3
7923547				3
7923562				3
7923578				3
7923582				3
7923584				3
7923596				3
7923608				3
7923621				3
7923628				3
7923635				3
7923659				3
7923662				3
7923698				3
7923700				3
7923705				3
7923707				3
7923712				3
7923731				3
7923753				3
7923762				3
7923772				3
7923778				3
7923792				3
7923798				3
7923810				3
7923812				3
7923824				3
7923837				3
7923850				3
7923875				3
7923885				3
7923889				3
7923905				3
7923907				3
7923917				3
7923929				3
7923942				3
7923956				3
7923958				3
7923965				3
7923967				3
7923972				3
7923974				3
7923976				3
7923978				3
7923991				3
7924029				3
7924055				3
7924058				3
7924069				3
7924071				3
7924085				3
7924092				3
7924096				3
7924107				3
7924117				3
7924119				3
7924144				3
7924148				3
7924150				3
7924163				3
7924166				3
7924172				3
7924180				3
7924184				3
7924190				3
7924203				3
7924205				3
7924207				3
7924230				3
7924233				3
7924307				3
7924309				3
7924325				3
7924327				3
7924340				3
7924342				3
7924351				3
7924386				3
7924388				3
7924401				3
7924403				3
7924405				3
7924443				3
7924445				3
7924450				3
7924461				3
7924463				3
7924465				3
7924476				3
7924491				3
7924495				3
7924497				3
7924499				3
7924508				3
7924526				3
7924549				3
7924551				3
7924553				3
7924558				3
7924582				3
7924603				3
7924619				3
7924636				3
7924663				3
7924669				3
7924682				3
7924686				3
7924701				3
7924712				3
7924731				3
7924733				3
7924754				3
7924756				3
7924758				3
7924760				3
7924773				3
7924817				3
7924819				3
7924821				3
7924823				3
7924832				3
7924840				3
7924842				3
7924853				3
7924863				3
7924868				3
7924874				3
7924884				3
7924888				3
7924893				3
7924895				3
7924897				3
7924908				3
7924910				3
7924923				3
7924956				3
7924967				3
7924969				3
7924977				3
7924987				3
7924996				3
7925003				3
7925028				3
7925031				3
7925033				3
7925043				3
7925048				3
7925056				3
7925058				3
7925062				3
7925087				3
7925089				3
7925126				3
7925128				3
7925130				3
7925161				3
7925170				3
7925174				3
7925182				3
7925184				3
7925201				3
7925229				3
7925242				3
7925244				3
7925246				3
7925248				3
7925250				3
7925257				3
7925318				3
7925320				3
7925342				3
7925361				3
7925364				3
7925413				3
7925417				3
7925419				3
7925432				3
7925434				3
7925436				3
7925438				3
7925440				3
7925442				3
7925444				3
7925446				3
7925448				3
7925450				3
7925452				3
7925457				3
7925480				3
7925492				3
7925500				3
7925504				3
7925509				3
7925511				3
7925523				3
7925525				3
7925531				3
7925550				3
7925561				3
7925565				3
7925585				3
7925587				3
7925589				3
7925607				3
7925609				3
7925611				3
7925622				3
7925662				3
7925672				3
7925677				3
7925687				3
7925691				3
7925701				3
7925703				3
7925705				3
7925718				3
7925720				3
7925724				3
7925726				3
7925728				3
7925730				3
7925732				3
7925735				3
7925737				3
7925739				3
7925741				3
7925743				3
7925745				3
7925747				3
7925749				3
7925751				3
7925753				3
7925755				3
7925757				3
7925759				3
7925761				3
7925763				3
7925773				3
7925790				3
7925792				3
7925813				3
7925821				3
7925823				3
7925846				3
7925851				3
7925870				3
7925874				3
7925876				3
7925902				3
7925904				3
7925918				3
7925927				3
7925929				3
7925939				3
7925950				3
7925954				3
7925972				3
7925976				3
7925978				3
7925996				3
7926021				3
7926037				3
7926059				3
7926061				3
7926084				3
7926096				3
7926105				3
7926117				3
7926123				3
7926127				3
7926150				3
7926152				3
7926158				3
7926168				3
7926170				3
7926189				3
7926205				3
7926207				3
7926223				3
7926239				3
7926259				3
7926283				3
7926297				3
7926299				3
7926319				3
7926330				3
7926334				3
7926345				3
7926354				3
7926356				3
7926366				3
7926368				3
7926383				3
7926385				3
7926403				3
7926410				3
7926443				3
7926445				3
7926451				3
7926484				3
7926486				3
7926506				3
7926531				3
7926539				3
7926541				3
7926543				3
7926545				3
7926563				3
7926565				3
7926594				3
7926596				3
7926609				3
7926622				3
7926636				3
7926638				3
7926659				3
7926661				3
7926670				3
7926672				3
7926674				3
7926677				3
7926679				3
7926706				3
7926708				3
7926715				3
7926728				3
7926766				3
7926786				3
7926805				3
7926807				3
7926817				3
7926819				3
7926821				3
7926834				3
7926836				3
7926851				3
7926871				3
7926875				3
7926882				3
7926889				3
7926894				3
7926896				3
7926898				3
7926900				3
7926914				3
7926916				3
7926934				3
7926936				3
7926979				3
7926981				3
7926983				3
7927008				3
7927028				3
7927031				3
7927033				3
7927056				3
7927058				3
7927060				3
7927062				3
7927071				3
7927082				3
7927089				3
7927091				3
7927095				3
7927097				3
7927099				3
7927106				3
7927108				3
7927120				3
7927146				3
7927153				3
7927155				3
7927167				3
7927169				3
7927173				3
7927179				3
7927186				3
7927202				3
7927207				3
7927215				3
7927231				3
7927233				3
7927265				3
7927267				3
7927277				3
7927280				3
7927285				3
7927288				3
7927294				3
7927305				3
7927307				3
7927323				3
7927353				3
7927363				3
7927367				3
7927383				3
7927389				3
7927405				3
7927425				3
7927474				3
7927482				3
7927502				3
7927505				3
7927513				3
7927517				3
7927519				3
7927527				3
7927529				3
7927536				3
7927548				3
7927550				3
7927552				3
7927560				3
7927595				3
7927597				3
7927599				3
7927606				3
7927631				3
7927639				3
7927641				3
7927643				3
7927645				3
7927647				3
7927649				3
7927658				3
7927669				3
7927681				3
7927694				3
7927704				3
7927706				3
7927708				3
7927710				3
7927723				3
7927732				3
7927745				3
7927747				3
7927767				3
7927773				3
7927775				3
7927784				3
7927786				3
7927799				3
7927801				3
7927803				3
7927812				3
7927814				3
7927827				3
7927852				3
7927854				3
7927872				3
7927874				3
7927876				3
7927889				3
7927915				3
7927924				3
7927926				3
7927936				3
7927955				3
7927964				3
7927972				3
7927981				3
7927998				3
7928019				3
7928046				3
7928058				3
7928060				3
7928062				3
7928064				3
7928069				3
7928107				3
7928119				3
7928126				3
7928147				3
7928171				3
7928189				3
7928208				3
7928216				3
7928218				3
7928291				3
7928298				3
7928300				3
7928306				3
7928308				3
7928314				3
7928316				3
7928318				3
7928328				3
7928330				3
7928342				3
7928354				3
7928363				3
7928365				3
7928367				3
7928369				3
7928395				3
7928401				3
7928408				3
7928411				3
7928429				3
7928444				3
7928471				3
7928489				3
7928491				3
7928514				3
7928516				3
7928524				3
7928529				3
7928531				3
7928534				3
7928543				3
7928545				3
7928547				3
7928549				3
7928551				3
7928556				3
7928558				3
7928589				3
7928600				3
7928602				3
7928619				3
7928630				3
7928632				3
7928645				3
7928653				3
7928661				3
7928671				3
7928679				3
7928685				3
7928695				3
7928705				3
7928723				3
7928736				3
7928746				3
7928748				3
7928750				3
7928752				3
7928766				3
7928770				3
7928789				3
7928800				3
7928815				3
7928817				3
7928819				3
7928821				3
7928823				3
7928838				3
7928855				3
7928870				3
7928872				3
7928882				3
7928890				3
7928907				3
7928909				3
7928915				3
7928937				3
7928944				3
7928959				3
7928967				3
7928982				3
7928994				3
7928999				3
7929003				3
7929012				3
7929026				3
7929032				3
7929047				3
7929052				3
7929061				3
7929065				3
7929072				3
7929078				3
7929114				3
7929116				3
7929130				3
7929132				3
7929145				3
7929168				3
7929201				3
7929243				3
7929247				3
7929256				3
7929258				3
7929282				3
7929288				3
7929315				3
7929322				3
7929332				3
7929334				3
7929344				3
7929350				3
7929373				3
7929383				3
7929388				3
7929424				3
7929438				3
7929466				3
7929478				3
7929487				3
7929497				3
7929511				3
7929525				3
7929533				3
7929536				3
7929541				3
7929550				3
7929562				3
7929574				3
7929589				3
7929591				3
7929593				3
7929596				3
7929609				3
7929612				3
7929614				3
7929616				3
7929624				3
7929634				3
7929649				3
7929653				3
7929664				3
7929674				3
7929677				3
7929689				3
7929692				3
7929711				3
7929719				3
7929732				3
7929744				3
7929750				3
7929768				3
7929779				3
7929812				3
7929814				3
7929816				3
7929822				3
7929831				3
7929840				3
7929858				3
7929882				3
7929901				3
7929911				3
7929919				3
7929932				3
7929945				3
7929947				3
7929952				3
7929954				3
7929956				3
7929958				3
7929976				3
7929986				3
7929988				3
7929990				3
7930008				3
7930025				3
7930031				3
7930074				3
7930099				3
7930106				3
7930120				3
7930137				3
7930139				3
7930148				3
7930162				3
7930168				3
7930170				3
7930179				3
7930181				3
7930194				3
7930205				3
7930208				3
7930213				3
7930226				3
7930264				3
7930274				3
7930276				3
7930299				3
7930304				3
7930311				3
7930320				3
7930341				3
7930376				3
7930378				3
7930380				3
7930398				3
7930413				3
7930422				3
7930450				3
7930452				3
7930454				3
7930470				3
7930482				3
7930487				3
7930498				3
7930524				3
7930533				3
7930537				3
7930559				3
7930561				3
7930577				3
7930593				3
7930612				3
7930614				3
7930627				3
7930629				3
7930631				3
7930663				3
7930680				3
7930682				3
7930703				3
7930714				3
7930750				3
7930760				3
7930775				3
7930777				3
7930790				3
7930804				3
7930818				3
7930833				3
7930837				3
7930857				3
7930861				3
7930870				3
7930872				3
7930880				3
7930882				3
7930894				3
7930915				3
7930917				3
7930919				3
7930921				3
7930927				3
7930954				3
7930956				3
7930980				3
7930994				3
7930996				3
7931027				3
7931029				3
7931031				3
7931062				3
7931079				3
7931081				3
7931097				3
7931108				3
7931140				3
7931152				3
7931155				3
7931159				3
7931168				3
7931181				3
7931184				3
7931187				3
7931199				3
7931204				3
7931214				3
7931216				3
7931226				3
7931239				3
7931268				3
7931281				3
7931293				3
7931346				3
7931348				3
7931353				3
7931379				3
7931387				3
7931389				3
7931393				3
7931403				3
7931405				3
7931417				3
7931439				3
7931455				3
7931469				3
7931473				3
7931479				3
7931500				3
7931519				3
7931553				3
7931556				3
7931561				3
7931571				3
7931582				3
7931607				3
7931623				3
7931643				3
7931656				3
7931659				3
7931662				3
7931665				3
7931668				3
7931671				3
7931674				3
7931681				3
7931683				3
7931726				3
7931728				3
7931748				3
7931754				3
7931764				3
7931778				3
7931810				3
7931822				3
7931824				3
7931830				3
7931832				3
7931838				3
7931840				3
7931850				3
7931852				3
7931859				3
7931863				3
7931873				3
7931888				3
7931899				3
7931914				3
7931926				3
7931928				3
7931930				3
7931951				3
7931975				3
7931977				3
7932000				3
7932014				3
7932017				3
7932019				3
7932023				3
7932041				3
7932067				3
7932069				3
7932082				3
7932086				3
7932088				3
7932094				3
7932109				3
7932118				3
7932130				3
7932132				3
7932160				3
7932177				3
7932186				3
7932209				3
7932211				3
7932214				3
7932221				3
7932227				3
7932243				3
7932254				3
7932285				3
7932304				3
7932306				3
7932308				3
7932311				3
7932326				3
7932390				3
7932407				3
7932418				3
7932420				3
7932433				3
7932445				3
7932447				3
7932449				3
7932451				3
7932453				3
7932492				3
7932495				3
7932498				3
7932508				3
7932510				3
7932512				3
7932528				3
7932530				3
7932542				3
7932548				3
7932550				3
7932552				3
7932554				3
7932584				3
7932598				3
7932608				3
7932610				3
7932612				3
7932614				3
7932616				3
7932635				3
7932637				3
7932676				3
7932678				3
7932703				3
7932721				3
7932725				3
7932727				3
7932733				3
7932742				3
7932744				3
7932765				3
7932786				3
7932788				3
7932790				3
7932792				3
7932794				3
7932796				3
7932826				3
7932832				3
7932834				3
7932860				3
7932862				3
7932864				3
7932867				3
7932881				3
7932883				3
7932885				3
7932909				3
7932911				3
7932938				3
7932960				3
7932962				3
7932964				3
7932966				3
7932983				3
7932985				3
7933008				3
7933010				3
7933043				3
7933045				3
7933047				3
7933071				3
7933073				3
7933075				3
7933078				3
7933080				3
7933082				3
7933084				3
7933086				3
7933088				3
7933090				3
7933092				3
7933105				3
7933113				3
7933115				3
7933121				3
7933129				3
7933139				3
7933145				3
7933147				3
7933149				3
7933164				3
7933176				3
7933178				3
7933180				3
7933186				3
7933190				3
7933192				3
7933194				3
7933204				3
7933209				3
7933217				3
7933219				3
7933228				3
7933237				3
7933252				3
7933261				3
7933263				3
7933279				3
7933290				3
7933296				3
7933298				3
7933310				3
7933312				3
7933327				3
7933331				3
7933341				3
7933359				3
7933366				3
7933372				3
7933379				3
7933394				3
7933405				3
7933413				3
7933421				3
7933423				3
7933427				3
7933437				3
7933442				3
7933446				3
7933469				3
7933484				3
7933488				3
7933498				3
7933501				3
7933509				3
7933535				3
7933537				3
7933561				3
7933572				3
7933574				3
7933582				3
7933593				3
7933595				3
7933597				3
7933619				3
7933632				3
7933634				3
7933638				3
7933640				3
7933659				3
7933665				3
7933672				3
7933707				3
7933723				3
7933731				3
7933733				3
7933750				3
7933758				3
7933760				3
7933772				3
7933821				3
7933840				3
7933842				3
7933855				3
7933872				3
7933877				3
7933904				3
7933929				3
7933931				3
7933933				3
7933945				3
7933947				3
7933976				3
7933978				3
7933982				3
7933999				3
7934026				3
7934050				3
7934066				3
7934068				3
7934070				3
7934072				3
7934074				3
7934083				3
7934091				3
7934093				3
7934095				3
7934097				3
7934099				3
7934101				3
7934114				3
7934122				3
7934133				3
7934141				3
7934145				3
7934154				3
7934156				3
7934161				3
7934166				3
7934178				3
7934185				3
7934196				3
7934215				3
7934228				3
7934244				3
7934255				3
7934269				3
7934271				3
7934278				3
7934295				3
7934297				3
7934299				3
7934301				3
7934318				3
7934320				3
7934326				3
7934334				3
7934365				3
7934367				3
7934384				3
7934393				3
7934411				3
7934432				3
7934434				3
7934442				3
7934451				3
7934459				3
7934477				3
7934505				3
7934513				3
7934527				3
7934531				3
7934533				3
7934544				3
7934553				3
7934566				3
7934568				3
7934570				3
7934613				3
7934615				3
7934651				3
7934653				3
7934690				3
7934698				3
7934706				3
7934708				3
7934717				3
7934719				3
7934729				3
7934731				3
7934733				3
7934753				3
7934755				3
7934767				3
7934777				3
7934779				3
7934783				3
7934789				3
7934810				3
7934812				3
7934838				3
7934840				3
7934842				3
7934850				3
7934852				3
7934868				3
7934870				3
7934883				3
7934885				3
7934896				3
7934898				3
7934906				3
7934916				3
7934920				3
7934936				3
7934945				3
7934959				3
7934961				3
7934966				3
7934968				3
7934970				3
7934977				3
7934979				3
7934991				3
7934993				3
7934997				3
7935002				3
7935006				3
7935011				3
7935025				3
7935027				3
7935054				3
7935056				3
7935058				3
7935114				3
7935116				3
7935123				3
7935139				3
7935142				3
7935144				3
7935146				3
7935169				3
7935180				3
7935188				3
7935228				3
7935230				3
7935251				3
7935270				3
7935288				3
7935296				3
7935320				3
7935337				3
7935359				3
7935361				3
7935401				3
7935403				3
7935421				3
7935425				3
7935462				3
7935474				3
7935510				3
7935521				3
7935528				3
7935535				3
7935553				3
7935572				3
7935588				3
7935613				3
7935627				3
7935639				3
7935647				3
7935660				3
7935679				3
7935690				3
7935692				3
7935707				3
7935730				3
7935746				3
7935756				3
7935776				3
7935778				3
7935780				3
7935810				3
7935819				3
7935834				3
7935855				3
7935859				3
7935861				3
7935863				3
7935865				3
7935882				3
7935892				3
7935903				3
7935910				3
7935930				3
7935951				3
7935968				3
7935983				3
7935990				3
7936011				3
7936023				3
7936028				3
7936041				3
7936050				3
7936062				3
7936064				3
7936083				3
7936089				3
7936091				3
7936096				3
7936100				3
7936108				3
7936111				3
7936115				3
7936134				3
7936144				3
7936201				3
7936242				3
7936249				3
7936280				3
7936282				3
7936284				3
7936307				3
7936318				3
7936320				3
7936322				3
7936346				3
7936360				3
7936406				3
7936408				3
7936419				3
7936439				3
7936461				3
7936463				3
7936492				3
7936494				3
7936507				3
7936516				3
7936529				3
7936552				3
7936559				3
7936567				3
7936576				3
7936578				3
7936590				3
7936596				3
7936612				3
7936614				3
7936637				3
7936639				3
7936641				3
7936661				3
7936673				3
7936683				3
7936706				3
7936727				3
7936734				3
7936762				3
7936777				3
7936793				3
7936798				3
7936809				3
7936817				3
7936826				3
7936833				3
7936835				3
7936856				3
7936871				3
7936882				3
7936884				3
7936891				3
7936902				3
7936904				3
7936916				3
7936918				3
7936923				3
7936925				3
7936928				3
7936937				3
7936949				3
7936966				3
7936968				3
7936994				3
7936996				3
7937007				3
7937014				3
7937016				3
7937020				3
7937037				3
7937039				3
7937059				3
7937073				3
7937079				3
7937089				3
7937104				3
7937106				3
7937112				3
7937135				3
7937148				3
7937150				3
7937175				3
7937198				3
7937200				3
7937208				3
7937217				3
7937228				3
7937230				3
7937247				3
7937251				3
7937257				3
7937263				3
7937275				3
7937287				3
7937305				3
7937314				3
7937330				3
7937335				3
7937341				3
7937363				3
7937378				3
7937391				3
7937404				3
7937407				3
7937415				3
7937433				3
7937438				3
7937443				3
7937465				3
7937474				3
7937476				3
7937483				3
7937485				3
7937498				3
7937508				3
7937518				3
7937533				3
7937560				3
7937612				3
7937667				3
7937696				3
7937698				3
7937700				3
7937707				3
7937709				3
7937711				3
7937713				3
7937728				3
7937735				3
7937749				3
7937763				3
7937772				3
7937774				3
7937782				3
7937798				3
7937800				3
7937802				3
7937813				3
7937823				3
7937847				3
7937852				3
7937866				3
7937868				3
7937876				3
7937878				3
7937882				3
7937890				3
7937892				3
7937900				3
7937913				3
7937915				3
7937934				3
7937936				3
7937938				3
7937940				3
7937942				3
7937944				3
7937946				3
7937948				3
7937950				3
7937952				3
7937957				3
7937959				3
7937961				3
7937971				3
7937973				3
7937975				3
7937977				3
7937979				3
7937982				3
7937984				3
7937986				3
7937988				3
7937990				3
7937993				3
7937996				3
7938000				3
7938002				3
7938004				3
7938006				3
7938008				3
7938010				3
7938012				3
7938035				3
7938047				3
7938049				3
7938053				3
7938055				3
7938057				3
7938059				3
7938061				3
7938063				3
7938066				3
7938070				3
7938072				3
7938074				3
7938076				3
7938078				3
7938082				3
7938090				3
7938100				3
7938111				3
7938118				3
7938128				3
7938133				3
7938139				3
7938154				3
7938170				3
7938172				3
7938176				3
7938179				3
7938181				3
7938183				3
7938195				3
7938208				3
7938213				3
7938225				3
7938231				3
7938258				3
7938261				3
7938263				3
7938269				3
7938286				3
7938291				3
7938293				3
7938295				3
7938299				3
7938301				3
7938309				3
7938313				3
7938329				3
7938331				3
7938348				3
7938364				3
7938366				3
7938368				3
7938370				3
7938388				3
7938390				3
7938396				3
7938416				3
7938420				3
7938422				3
7938448				3
7938481				3
7938485				3
7938519				3
7938528				3
7938544				3
7938559				3
7938561				3
7938563				3
7938588				3
7938590				3
7938592				3
7938608				3
7938625				3
7938629				3
7938646				3
7938652				3
7938667				3
7938669				3
7938681				3
7938683				3
7938685				3
7938687				3
7938702				3
7938707				3
7938730				3
7938738				3
7938741				3
7938746				3
7938748				3
7938750				3
7938756				3
7938758				3
7938762				3
7938777				3
7938788				3
7938800				3
7938812				3
7938816				3
7938834				3
7938878				3
7938880				3
7938890				3
7938907				3
7938925				3
7938951				3
7938975				3
7938989				3
7939003				3
7939005				3
7939007				3
7939024				3
7939052				3
7939056				3
7939068				3
7939070				3
7939072				3
7939080				3
7939087				3
7939093				3
7939102				3
7939116				3
7939118				3
7939120				3
7939131				3
7939137				3
7939150				3
7939158				3
7939173				3
7939184				3
7939197				3
7939215				3
7939237				3
7939240				3
7939242				3
7939265				3
7939296				3
7939298				3
7939314				3
7939329				3
7939341				3
7939365				3
7939368				3
7939374				3
7939376				3
7939383				3
7939398				3
7939411				3
7939418				3
7939420				3
7939422				3
7939424				3
7939432				3
7939434				3
7939463				3
7939465				3
7939477				3
7939492				3
7939494				3
7939507				3
7939524				3
7939546				3
7939559				3
7939569				3
7939581				3
7939587				3
7939590				3
7939595				3
7939613				3
7939620				3
7939640				3
7939642				3
7939657				3
7939665				3
7939676				3
7939699				3
7939706				3
7939723				3
7939738				3
7939751				3
7939767				3
7939805				3
7939818				3
7939825				3
7939835				3
7939839				3
7939865				3
7939867				3
7939869				3
7939871				3
7939873				3
7939875				3
7939877				3
7939879				3
7939884				3
7939893				3
7939897				3
7939900				3
7939902				3
7939910				3
7939912				3
7939916				3
7939918				3
7939920				3
7939922				3
7939924				3
7939926				3
7939928				3
7939930				3
7939932				3
7939934				3
7939936				3
7939938				3
7939940				3
7939942				3
7939944				3
7939946				3
7939948				3
7939950				3
7939952				3
7939954				3
7939959				3
7939961				3
7939963				3
7939965				3
7939967				3
7939969				3
7939971				3
7939973				3
7939975				3
7939977				3
7939979				3
7939981				3
7939983				3
7939986				3
7939988				3
7939990				3
7939992				3
7939994				3
7939996				3
7939998				3
7940000				3
7940002				3
7940005				3
7940018				3
7940020				3
7940022				3
7940026				3
7940028				3
7940042				3
7940044				3
7940046				3
7940051				3
7940066				3
7940070				3
7940079				3
7940103				3
7940108				3
7940110				3
7940112				3
7940114				3
7940116				3
7940118				3
7940135				3
7940147				3
7940153				3
7940160				3
7940171				3
7940173				3
7940175				3
7940177				3
7940182				3
7940185				3
7940187				3
7940189				3
7940191				3
7940210				3
7940216				3
7940226				3
7940237				3
7940253				3
7940259				3
7940279				3
7940287				3
7940299				3
7940307				3
7940315				3
7940323				3
7940333				3
7940341				3
7940349				3
7940358				3
7940372				3
7940377				3
7940391				3
7940409				3
7940421				3
7940431				3
7940441				3
7940451				3
7940473				3
7940479				3
7940486				3
7940491				3
7940493				3
7940508				3
7940530				3
7940561				3
7940565				3
7940580				3
7940582				3
7940598				3
7940600				3
7940622				3
7940626				3
7940630				3
7940636				3
7940643				3
7940654				3
7940660				3
7940662				3
7940667				3
7940669				3
7940673				3
7940679				3
7940688				3
7940698				3
7940711				3
7940717				3
7940735				3
7940737				3
7940749				3
7940762				3
7940775				3
7940781				3
7940790				3
7940798				3
7940822				3
7940824				3
7940835				3
7940840				3
7940851				3
7940857				3
7940869				3
7940884				3
7940891				3
7940904				3
7940914				3
7940924				3
7940959				3
7940971				3
7940987				3
7940989				3
7940996				3
7941004				3
7941039				3
7941059				3
7941062				3
7941074				3
7941087				3
7941104				3
7941111				3
7941122				3
7941127				3
7941136				3
7941148				3
7941164				3
7941170				3
7941172				3
7941179				3
7941203				3
7941214				3
7941236				3
7941243				3
7941255				3
7941260				3
7941269				3
7941272				3
7941274				3
7941296				3
7941302				3
7941311				3
7941350				3
7941364				3
7941380				3
7941382				3
7941401				3
7941408				3
7941425				3
7941444				3
7941457				3
7941460				3
7941469				3
7941478				3
7941501				3
7941505				3
7941511				3
7941537				3
7941563				3
7941565				3
7941583				3
7941587				3
7941594				3
7941597				3
7941599				3
7941608				3
7941610				3
7941621				3
7941639				3
7941662				3
7941685				3
7941694				3
7941702				3
7941707				3
7941709				3
7941714				3
7941732				3
7941743				3
7941746				3
7941749				3
7941761				3
7941769				3
7941795				3
7941797				3
7941822				3
7941843				3
7941863				3
7941865				3
7941879				3
7941890				3
7941900				3
7941917				3
7941927				3
7941936				3
7941946				3
7941961				3
7941976				3
7941985				3
7942007				3
7942032				3
7942061				3
7942064				3
7942071				3
7942073				3
7942091				3
7942118				3
7942123				3
7942135				3
7942168				3
7942174				3
7942204				3
7942228				3
7942232				3
7942255				3
7942261				3
7942267				3
7942274				3
7942277				3
7942279				3
7942284				3
7942287				3
7942289				3
7942300				3
7942315				3
7942326				3
7942328				3
7942332				3
7942342				3
7942372				3
7942379				3
7942381				3
7942400				3
7942409				3
7942417				3
7942439				3
7942453				3
7942465				3
7942476				3
7942489				3
7942503				3
7942520				3
7942525				3
7942527				3
7942542				3
7942544				3
7942551				3
7942553				3
7942562				3
7942569				3
7942586				3
7942592				3
7942594				3
7942596				3
7942603				3
7942611				3
7942613				3
7942626				3
7942645				3
7942647				3
7942650				3
7942674				3
7942679				3
7942693				3
7942697				3
7942715				3
7942717				3
7942769				3
7942771				3
7942774				3
7942779				3
7942781				3
7942783				3
7942791				3
7942793				3
7942796				3
7942798				3
7942809				3
7942812				3
7942814				3
7942816				3
7942818				3
7942820				3
7942822				3
7942824				3
7942830				3
7942832				3
7942839				3
7942858				3
7942875				3
7942877				3
7942879				3
7942889				3
7942896				3
7942910				3
7942912				3
7942914				3
7942932				3
7942941				3
7942957				3
7942964				3
7942983				3
7942985				3
7942987				3
7942989				3
7942991				3
7942998				3
7943019				3
7943025				3
7943031				3
7943036				3
7943047				3
7943049				3
7943051				3
7943075				3
7943098				3
7943103				3
7943124				3
7943126				3
7943156				3
7943158				3
7943160				3
7943162				3
7943176				3
7943191				3
7943193				3
7943195				3
7943197				3
7943218				3
7943226				3
7943231				3
7943236				3
7943240				3
7943263				3
7943282				3
7943288				3
7943293				3
7943297				3
7943314				3
7943317				3
7943319				3
7943345				3
7943347				3
7943349				3
7943367				3
7943369				3
7943373				3
7943376				3
7943387				3
7943398				3
7943411				3
7943413				3
7943424				3
7943437				3
7943442				3
7943498				3
7943513				3
7943515				3
7943517				3
7943519				3
7943521				3
7943526				3
7943530				3
7943550				3
7943552				3
7943562				3
7943573				3
7943577				3
7943580				3
7943605				3
7943620				3
7943690				3
7943707				3
7943709				3
7943711				3
7943715				3
7943721				3
7943729				3
7943734				3
7943736				3
7943738				3
7943740				3
7943749				3
7943760				3
7943777				3
7943779				3
7943787				3
7943795				3
7943803				3
7943827				3
7943842				3
7943853				3
7943859				3
7943867				3
7943882				3
7943890				3
7943892				3
7943917				3
7943919				3
7943943				3
7943954				3
7943956				3
7943958				3
7943969				3
7943984				3
7943998				3
7944006				3
7944011				3
7944021				3
7944023				3
7944033				3
7944035				3
7944042				3
7944049				3
7944082				3
7944096				3
7944111				3
7944113				3
7944147				3
7944152				3
7944162				3
7944164				3
7944179				3
7944185				3
7944195				3
7944216				3
7944223				3
7944262				3
7944271				3
7944275				3
7944285				3
7944300				3
7944302				3
7944331				3
7944333				3
7944335				3
7944339				3
7944341				3
7944351				3
7944359				3
7944361				3
7944363				3
7944365				3
7944375				3
7944382				3
7944401				3
7944418				3
7944435				3
7944447				3
7944463				3
7944478				3
7944493				3
7944510				3
7944516				3
7944525				3
7944527				3
7944530				3
7944537				3
7944554				3
7944560				3
7944601				3
7944603				3
7944623				3
7944632				3
7944656				3
7944667				3
7944716				3
7944718				3
7944720				3
7944722				3
7944739				3
7944751				3
7944763				3
7944765				3
7944767				3
7944769				3
7944791				3
7944793				3
7944795				3
7944797				3
7944799				3
7944801				3
7944803				3
7944825				3
7944827				3
7944829				3
7944832				3
7944834				3
7944838				3
7944843				3
7944845				3
7944850				3
7944867				3
7944869				3
7944876				3
7944882				3
7944911				3
7944913				3
7944931				3
7944952				3
7944955				3
7944970				3
7944972				3
7944978				3
7944989				3
7944991				3
7945014				3
7945031				3
7945033				3
7945040				3
7945045				3
7945058				3
7945069				3
7945071				3
7945084				3
7945086				3
7945101				3
7945110				3
7945125				3
7945130				3
7945132				3
7945146				3
7945156				3
7945158				3
7945162				3
7945169				3
7945177				3
7945182				3
7945204				3
7945226				3
7945228				3
7945232				3
7945241				3
7945245				3
7945260				3
7945262				3
7945275				3
7945283				3
7945296				3
7945321				3
7945342				3
7945344				3
7945347				3
7945349				3
7945357				3
7945368				3
7945371				3
7945377				3
7945394				3
7945418				3
7945420				3
7945436				3
7945445				3
7945460				3
7945462				3
7945475				3
7945498				3
7945503				3
7945521				3
7945536				3
7945539				3
7945550				3
7945573				3
7945579				3
7945595				3
7945620				3
7945631				3
7945641				3
7945645				3
7945648				3
7945652				3
7945657				3
7945660				3
7945663				3
7945666				3
7945678				3
7945680				3
7945688				3
7945712				3
7945728				3
7945730				3
7945734				3
7945740				3
7945742				3
7945767				3
7945774				3
7945781				3
7945786				3
7945801				3
7945803				3
7945829				3
7945831				3
7945857				3
7945859				3
7945864				3
7945873				3
7945875				3
7945882				3
7945892				3
7945894				3
7945896				3
7945902				3
7945942				3
7945944				3
7945950				3
7945952				3
7945954				3
7945956				3
7945958				3
7945962				3
7945972				3
7945974				3
7945979				3
7945989				3
7945991				3
7945997				3
7945999				3
7946001				3
7946004				3
7946006				3
7946008				3
7946011				3
7946013				3
7946015				3
7946017				3
7946019				3
7946021				3
7946023				3
7946025				3
7946027				3
7946029				3
7946031				3
7946033				3
7946041				3
7946048				3
7946054				3
7946061				3
7946067				3
7946069				3
7946071				3
7946073				3
7946078				3
7946082				3
7946087				3
7946089				3
7946105				3
7946107				3
7946109				3
7946111				3
7946113				3
7946115				3
7946117				3
7946119				3
7946121				3
7946123				3
7946125				3
7946128				3
7946142				3
7946149				3
7946167				3
7946180				3
7946201				3
7946211				3
7946221				3
7946228				3
7946245				3
7946267				3
7946275				3
7946278				3
7946280				3
7946286				3
7946288				3
7946292				3
7946306				3
7946321				3
7946323				3
7946326				3
7946328				3
7946330				3
7946332				3
7946334				3
7946340				3
7946354				3
7946365				3
7946380				3
7946401				3
7946426				3
7946428				3
7946436				3
7946439				3
7946446				3
7946454				3
7946478				3
7946504				3
7946516				3
7946559				3
7946561				3
7946563				3
7946565				3
7946567				3
7946569				3
7946579				3
7946589				3
7946610				3
7946635				3
7946641				3
7946655				3
7946659				3
7946661				3
7946676				3
7946678				3
7946680				3
7946687				3
7946693				3
7946695				3
7946697				3
7946703				3
7946728				3
7946742				3
7946749				3
7946757				3
7946781				3
7946807				3
7946812				3
7946815				3
7946849				3
7946851				3
7946853				3
7946860				3
7946903				3
7946933				3
7946946				3
7946957				3
7946972				3
7946977				3
7946983				3
7946986				3
7946988				3
7947015				3
7947027				3
7947040				3
7947052				3
7947076				3
7947093				3
7947096				3
7947099				3
7947110				3
7947127				3
7947129				3
7947136				3
7947138				3
7947147				3
7947152				3
7947156				3
7947165				3
7947184				3
7947189				3
7947199				3
7947221				3
7947228				3
7947230				3
7947245				3
7947248				3
7947266				3
7947268				3
7947270				3
7947274				3
7947282				3
7947322				3
7947332				3
7947338				3
7947358				3
7947361				3
7947363				3
7947375				3
7947394				3
7947396				3
7947421				3
7947423				3
7947425				3
7947434				3
7947450				3
7947462				3
7947481				3
7947490				3
7947496				3
7947510				3
7947512				3
7947526				3
7947528				3
7947531				3
7947540				3
7947548				3
7947551				3
7947553				3
7947561				3
7947563				3
7947570				3
7947590				3
7947599				3
7947607				3
7947609				3
7947624				3
7947649				3
7947652				3
7947674				3
7947676				3
7947681				3
7947694				3
7947740				3
7947742				3
7947744				3
7947784				3
7947801				3
7947815				3
7947828				3
7947861				3
7947867				3
7947881				3
7947890				3
7947892				3
7947894				3
7947915				3
7947917				3
7947926				3
7947928				3
7947932				3
7947934				3
7947947				3
7947969				3
7947989				3
7947991				3
7948033				3
7948035				3
7948037				3
7948039				3
7948042				3
7948044				3
7948046				3
7948048				3
7948054				3
7948058				3
7948085				3
7948088				3
7948090				3
7948092				3
7948099				3
7948101				3
7948103				3
7948105				3
7948107				3
7948109				3
7948111				3
7948113				3
7948115				3
7948117				3
7948119				3
7948121				3
7948123				3
7948125				3
7948127				3
7948129				3
7948131				3
7948133				3
7948135				3
7948137				3
7948139				3
7948141				3
7948144				3
7948148				3
7948150				3
7948155				3
7948157				3
7948159				3
7948161				3
7948167				3
7948176				3
7948192				3
7948211				3
7948213				3
7948221				3
7948229				3
7948249				3
7948267				3
7948274				3
7948282				3
7948293				3
7948303				3
7948306				3
7948308				3
7948310				3
7948312				3
7948314				3
7948316				3
7948320				3
7948322				3
7948324				3
7948326				3
7948328				3
7948330				3
7948332				3
7948344				3
7948354				3
7948364				3
7948367				3
7948369				3
7948371				3
7948375				3
7948377				3
7948379				3
7948397				3
7948399				3
7948416				3
7948418				3
7948420				3
7948424				3
7948433				3
7948444				3
7948455				3
7948470				3
7948476				3
7948493				3
7948502				3
7948504				3
7948511				3
7948534				3
7948565				3
7948574				3
7948588				3
7948599				3
7948606				3
7948612				3
7948630				3
7948643				3
7948656				3
7948662				3
7948667				3
7948679				3
7948685				3
7948696				3
7948718				3
7948741				3
7948744				3
7948772				3
7948775				3
7948782				3
7948794				3
7948798				3
7948814				3
7948829				3
7948834				3
7948836				3
7948839				3
7948864				3
7948879				3
7948881				3
7948894				3
7948896				3
7948898				3
7948900				3
7948902				3
7948904				3
7948906				3
7948908				3
7948910				3
7948912				3
7948918				3
7948920				3
7948937				3
7948951				3
7948957				3
7948973				3
7948982				3
7948987				3
7948995				3
7948997				3
7949015				3
7949019				3
7949021				3
7949033				3
7949046				3
7949058				3
7949060				3
7949067				3
7949075				3
7949080				3
7949104				3
7949124				3
7949146				3
7949172				3
7949206				3
7949227				3
7949264				3
7949273				3
7949275				3
7949277				3
7949320				3
7949327				3
7949340				3
7949344				3
7949364				3
7949371				3
7949373				3
7949377				3
7949383				3
7949400				3
7949410				3
7949412				3
7949440				3
7949444				3
7949454				3
7949465				3
7949482				3
7949490				3
7949496				3
7949503				3
7949518				3
7949532				3
7949540				3
7949545				3
7949553				3
7949568				3
7949570				3
7949577				3
7949588				3
7949592				3
7949603				3
7949615				3
7949619				3
7949637				3
7949645				3
7949650				3
7949668				3
7949672				3
7949674				3
7949679				3
7949717				3
7949719				3
7949742				3
7949744				3
7949746				3
7949754				3
7949763				3
7949765				3
7949776				3
7949792				3
7949796				3
7949798				3
7949808				3
7949836				3
7949843				3
7949851				3
7949857				3
7949863				3
7949873				3
7949882				3
7949894				3
7949896				3
7949898				3
7949904				3
7949916				3
7949931				3
7949946				3
7949948				3
7949954				3
7949956				3
7949971				3
7949995				3
7950003				3
7950005				3
7950012				3
7950016				3
7950023				3
7950030				3
7950032				3
7950036				3
7950042				3
7950062				3
7950064				3
7950067				3
7950078				3
7950082				3
7950086				3
7950117				3
7950119				3
7950128				3
7950136				3
7950140				3
7950142				3
7950162				3
7950195				3
7950197				3
7950235				3
7950248				3
7950269				3
7950271				3
7950282				3
7950284				3
7950292				3
7950294				3
7950299				3
7950307				3
7950321				3
7950332				3
7950336				3
7950370				3
7950372				3
7950374				3
7950391				3
7950409				3
7950420				3
7950423				3
7950425				3
7950442				3
7950444				3
7950447				3
7950469				3
7950471				3
7950473				3
7950490				3
7950492				3
7950501				3
7950524				3
7950530				3
7950532				3
7950534				3
7950544				3
7950553				3
7950555				3
7950560				3
7950578				3
7950597				3
7950606				3
7950626				3
7950628				3
7950641				3
7950644				3
7950654				3
7950669				3
7950671				3
7950683				3
7950699				3
7950701				3
7950724				3
7950726				3
7950731				3
7950743				3
7950751				3
7950753				3
7950762				3
7950764				3
7950794				3
7950796				3
7950804				3
7950810				3
7950838				3
7950862				3
7950864				3
7950883				3
7950885				3
7950893				3
7950895				3
7950897				3
7950899				3
7950906				3
7950921				3
7950933				3
7950951				3
7950955				3
7950965				3
7950971				3
7950977				3
7950983				3
7950990				3
7951004				3
7951008				3
7951030				3
7951032				3
7951034				3
7951036				3
7951038				3
7951040				3
7951046				3
7951068				3
7951077				3
7951089				3
7951091				3
7951093				3
7951108				3
7951112				3
7951131				3
7951133				3
7951140				3
7951144				3
7951157				3
7951159				3
7951161				3
7951163				3
7951165				3
7951178				3
7951195				3
7951205				3
7951207				3
7951217				3
7951224				3
7951235				3
7951246				3
7951259				3
7951271				3
7951284				3
7951297				3
7951309				3
7951325				3
7951335				3
7951337				3
7951339				3
7951341				3
7951343				3
7951345				3
7951347				3
7951349				3
7951351				3
7951363				3
7951372				3
7951385				3
7951397				3
7951408				3
7951413				3
7951417				3
7951420				3
7951422				3
7951429				3
7951435				3
7951437				3
7951447				3
7951467				3
7951479				3
7951485				3
7951497				3
7951521				3
7951535				3
7951545				3
7951552				3
7951554				3
7951565				3
7951589				3
7951591				3
7951593				3
7951596				3
7951604				3
7951612				3
7951614				3
7951633				3
7951652				3
7951654				3
7951660				3
7951662				3
7951668				3
7951670				3
7951672				3
7951679				3
7951686				3
7951695				3
7951701				3
7951703				3
7951715				3
7951717				3
7951734				3
7951752				3
7951781				3
7951789				3
7951796				3
7951807				3
7951824				3
7951826				3
7951838				3
7951853				3
7951859				3
7951865				3
7951873				3
7951896				3
7951910				3
7951928				3
7951966				3
7951977				3
7951987				3
7952004				3
7952011				3
7952022				3
7952036				3
7952046				3
7952056				3
7952065				3
7952069				3
7952086				3
7952103				3
7952116				3
7952126				3
7952129				3
7952132				3
7952145				3
7952179				3
7952185				3
7952200				3
7952205				3
7952223				3
7952225				3
7952227				3
7952243				3
7952249				3
7952268				3
7952274				3
7952290				3
7952305				3
7952307				3
7952309				3
7952313				3
7952315				3
7952319				3
7952321				3
7952325				3
7952335				3
7952339				3
7952341				3
7952350				3
7952361				3
7952373				3
7952375				3
7952377				3
7952382				3
7952384				3
7952386				3
7952388				3
7952390				3
7952392				3
7952394				3
7952396				3
7952398				3
7952400				3
7952402				3
7952404				3
7952406				3
7952408				3
7952426				3
7952436				3
7952445				3
7952451				3
7952453				3
7952475				3
7952484				3
7952488				3
7952490				3
7952503				3
7952517				3
7952522				3
7952526				3
7952549				3
7952557				3
7952577				3
7952599				3
7952601				3
7952617				3
7952626				3
7952631				3
7952641				3
7952671				3
7952673				3
7952675				3
7952677				3
7952707				3
7952733				3
7952735				3
7952737				3
7952739				3
7952750				3
7952752				3
7952766				3
7952768				3
7952781				3
7952785				3
7952795				3
7952797				3
7952805				3
7952810				3
7952813				3
7952830				3
7952869				3
7952882				3
7952884				3
7952893				3
7952897				3
7952914				3
7952927				3
7952950				3
7952953				3
7952984				3
7952986				3
7952988				3
7953012				3
7953021				3
7953032				3
7953040				3
7953094				3
7953098				3
7953100				3
7953111				3
7953128				3
7953130				3
7953135				3
7953150				3
7953166				3
7953181				3
7953198				3
7953200				3
7953211				3
7953218				3
7953229				3
7953243				3
7953252				3
7953264				3
7953274				3
7953278				3
7953284				3
7953291				3
7953303				3
7953321				3
7953333				3
7953341				3
7953351				3
7953383				3
7953385				3
7953390				3
7953395				3
7953409				3
7953418				3
7953428				3
7953442				3
7953450				3
7953469				3
7953483				3
7953508				3
7953516				3
7953518				3
7953520				3
7953532				3
7953547				3
7953564				3
7953569				3
7953590				3
7953592				3
7953594				3
7953603				3
7953620				3
7953622				3
7953626				3
7953651				3
7953665				3
7953670				3
7953675				3
7953685				3
7953687				3
7953689				3
7953695				3
7953697				3
7953699				3
7953715				3
7953723				3
7953733				3
7953735				3
7953737				3
7953747				3
7953749				3
7953761				3
7953763				3
7953765				3
7953775				3
7953812				3
7953835				3
7953844				3
7953871				3
7953873				3
7953878				3
7953892				3
7953901				3
7953914				3
7953924				3
7953934				3
7953936				3
7953943				3
7953949				3
7953965				3
7953967				3
7953975				3
7953977				3
7953979				3
7953981				3
7953993				3
7954006				3
7954008				3
7954010				3
7954012				3
7954021				3
7954029				3
7954036				3
7954055				3
7954061				3
7954063				3
7954065				3
7954071				3
7954077				3
7954090				3
7954098				3
7954100				3
7954102				3
7954104				3
7954124				3
7954132				3
7954136				3
7954143				3
7954173				3
7954185				3
7954196				3
7954206				3
7954208				3
7954240				3
7954243				3
7954245				3
7954277				3
7954279				3
7954291				3
7954293				3
7954310				3
7954312				3
7954330				3
7954344				3
7954356				3
7954375				3
7954377				3
7954382				3
7954388				3
7954398				3
7954407				3
7954419				3
7954434				3
7954436				3
7954460				3
7954465				3
7954469				3
7954481				3
7954488				3
7954490				3
7954492				3
7954503				3
7954511				3
7954527				3
7954551				3
7954559				3
7954589				3
7954591				3
7954602				3
7954604				3
7954613				3
7954631				3
7954645				3
7954653				3
7954655				3
7954690				3
7954692				3
7954695				3
7954697				3
7954699				3
7954701				3
7954711				3
7954717				3
7954729				3
7954752				3
7954775				3
7954777				3
7954783				3
7954785				3
7954787				3
7954789				3
7954794				3
7954810				3
7954864				3
7954899				3
7954926				3
7954938				3
7954940				3
7954961				3
7954963				3
7954965				3
7954969				3
7954985				3
7954995				3
7954997				3
7955019				3
7955043				3
7955045				3
7955055				3
7955063				3
7955074				3
7955076				3
7955078				3
7955107				3
7955110				3
7955112				3
7955117				3
7955119				3
7955129				3
7955132				3
7955135				3
7955140				3
7955142				3
7955156				3
7955168				3
7955170				3
7955179				3
7955184				3
7955195				3
7955211				3
7955217				3
7955231				3
7955248				3
7955250				3
7955277				3
7955290				3
7955297				3
7955305				3
7955317				3
7955331				3
7955348				3
7955358				3
7955361				3
7955376				3
7955417				3
7955419				3
7955421				3
7955423				3
7955425				3
7955433				3
7955441				3
7955448				3
7955450				3
7955462				3
7955464				3
7955469				3
7955502				3
7955533				3
7955535				3
7955551				3
7955562				3
7955578				3
7955589				3
7955606				3
7955613				3
7955624				3
7955635				3
7955637				3
7955646				3
7955663				3
7955694				3
7955702				3
7955719				3
7955721				3
7955729				3
7955736				3
7955768				3
7955777				3
7955787				3
7955797				3
7955810				3
7955817				3
7955829				3
7955845				3
7955852				3
7955855				3
7955858				3
7955863				3
7955865				3
7955869				3
7955873				3
7955887				3
7955890				3
7955896				3
7955906				3
7955908				3
7955943				3
7955963				3
7955974				3
7955979				3
7955981				3
7955983				3
7955985				3
7955987				3
7955989				3
7955991				3
7955993				3
7955995				3
7955997				3
7955999				3
7956001				3
7956003				3
7956005				3
7956007				3
7956009				3
7956013				3
7956018				3
7956026				3
7956031				3
7956038				3
7956044				3
7956046				3
7956076				3
7956088				3
7956097				3
7956105				3
7956114				3
7956120				3
7956152				3
7956159				3
7956162				3
7956166				3
7956200				3
7956211				3
7956220				3
7956229				3
7956242				3
7956251				3
7956257				3
7956261				3
7956269				3
7956271				3
7956279				3
7956281				3
7956285				3
7956287				3
7956301				3
7956395				3
7956399				3
7956401				3
7956417				3
7956419				3
7956423				3
7956426				3
7956430				3
7956443				3
7956470				3
7956488				3
7956522				3
7956524				3
7956539				3
7956551				3
7956573				3
7956593				3
7956613				3
7956623				3
7956631				3
7956639				3
7956648				3
7956658				3
7956668				3
7956670				3
7956697				3
7956737				3
7956739				3
7956741				3
7956743				3
7956747				3
7956749				3
7956759				3
7956783				3
7956785				3
7956795				3
7956819				3
7956826				3
7956838				3
7956842				3
7956856				3
7956867				3
7956876				3
7956878				3
7956892				3
7956894				3
7956908				3
7956910				3
7956930				3
7956937				3
7956949				3
7956978				3
7956987				3
7956989				3
7957006				3
7957008				3
7957023				3
7957032				3
7957041				3
7957043				3
7957052				3
7957072				3
7957092				3
7957106				3
7957126				3
7957140				3
7957159				3
7957161				3
7957167				3
7957177				3
7957186				3
7957205				3
7957221				3
7957242				3
7957245				3
7957253				3
7957260				3
7957271				3
7957273				3
7957275				3
7957277				3
7957298				3
7957338				3
7957351				3
7957373				3
7957379				3
7957386				3
7957404				3
7957417				3
7957431				3
7957433				3
7957452				3
7957458				3
7957467				3
7957476				3
7957478				3
7957495				3
7957497				3
7957499				3
7957503				3
7957508				3
7957510				3
7957514				3
7957528				3
7957530				3
7957532				3
7957534				3
7957536				3
7957540				3
7957549				3
7957551				3
7957560				3
7957568				3
7957570				3
7957602				3
7957604				3
7957606				3
7957608				3
7957611				3
7957613				3
7957627				3
7957629				3
7957631				3
7957633				3
7957649				3
7957654				3
7957665				3
7957673				3
7957688				3
7957715				3
7957733				3
7957735				3
7957737				3
7957746				3
7957759				3
7957790				3
7957793				3
7957806				3
7957819				3
7957833				3
7957835				3
7957850				3
7957861				3
7957890				3
7957954				3
7957956				3
7957958				3
7957960				3
7957962				3
7957966				3
7958000				3
7958011				3
7958015				3
7958017				3
7958019				3
7958031				3
7958051				3
7958056				3
7958128				3
7958130				3
7958147				3
7958152				3
7958158				3
7958174				3
7958197				3
7958200				3
7958202				3
7958207				3
7958209				3
7958211				3
7958216				3
7958253				3
7958262				3
7958273				3
7958275				3
7958305				3
7958331				3
7958346				3
7958352				3
7958375				3
7958377				3
7958379				3
7958396				3
7958398				3
7958410				3
7958414				3
7958423				3
7958425				3
7958439				3
7958453				3
7958455				3
7958466				3
7958524				3
7958532				3
7958565				3
7958577				3
7958582				3
7958600				3
7958620				3
7958644				3
7958666				3
7958677				3
7958692				3
7958711				3
7958724				3
7958726				3
7958749				3
7958759				3
7958761				3
7958784				3
7958800				3
7958819				3
7958826				3
7958828				3
7958842				3
7958844				3
7958846				3
7958860				3
7958884				3
7958895				3
7958913				3
7958931				3
7958942				3
7958948				3
7958950				3
7958960				3
7958989				3
7959002				3
7959010				3
7959012				3
7959014				3
7959016				3
7959023				3
7959025				3
7959039				3
7959052				3
7959070				3
7959078				3
7959080				3
7959085				3
7959087				3
7959100				3
7959102				3
7959108				3
7959123				3
7959131				3
7959144				3
7959146				3
7959148				3
7959153				3
7959157				3
7959164				3
7959173				3
7959195				3
7959205				3
7959212				3
7959220				3
7959232				3
7959234				3
7959249				3
7959251				3
7959267				3
7959282				3
7959292				3
7959294				3
7959298				3
7959312				3
7959314				3
7959322				3
7959330				3
7959354				3
7959361				3
7959386				3
7959402				3
7959408				3
7959473				3
7959482				3
7959484				3
7959500				3
7959535				3
7959549				3
7959563				3
7959572				3
7959574				3
7959586				3
7959597				3
7959604				3
7959621				3
7959623				3
7959638				3
7959657				3
7959681				3
7959696				3
7959751				3
7959761				3
7959772				3
7959775				3
7959777				3
7959786				3
7959807				3
7959818				3
7959823				3
7959825				3
7959827				3
7959834				3
7959848				3
7959850				3
7959856				3
7959880				3
7959882				3
7959891				3
7959893				3
7959921				3
7959925				3
7959927				3
7959946				3
7959957				3
7959986				3
7959995				3
7960052				3
7960054				3
7960068				3
7960088				3
7960099				3
7960117				3
7960124				3
7960131				3
7960134				3
7960143				3
7960150				3
7960158				3
7960165				3
7960172				3
7960177				3
7960201				3
7960221				3
7960253				3
7960259				3
7960261				3
7960280				3
7960283				3
7960320				3
7960331				3
7960338				3
7960340				3
7960355				3
7960357				3
7960359				3
7960362				3
7960365				3
7960370				3
7960381				3
7960383				3
7960397				3
7960407				3
7960411				3
7960427				3
7960434				3
7960436				3
7960438				3
7960464				3
7960512				3
7960514				3
7960516				3
7960518				3
7960529				3
7960544				3
7960553				3
7960559				3
7960575				3
7960594				3
7960635				3
7960637				3
7960642				3
7960654				3
7960666				3
7960682				3
7960689				3
7960700				3
7960702				3
7960709				3
7960716				3
7960728				3
7960730				3
7960744				3
7960757				3
7960764				3
7960771				3
7960794				3
7960813				3
7960815				3
7960817				3
7960819				3
7960821				3
7960828				3
7960832				3
7960846				3
7960848				3
7960850				3
7960861				3
7960863				3
7960865				3
7960874				3
7960878				3
7960881				3
7960889				3
7960894				3
7960896				3
7960898				3
7960900				3
7960910				3
7960919				3
7960933				3
7960942				3
7960947				3
7960984				3
7961022				3
7961024				3
7961026				3
7961031				3
7961059				3
7961067				3
7961069				3
7961075				3
7961083				3
7961091				3
7961097				3
7961102				3
7961111				3
7961120				3
7961142				3
7961151				3
7961166				3
7961173				3
7961175				3
7961182				3
7961187				3
7961198				3
7961208				3
7961215				3
7961230				3
7961239				3
7961243				3
7961245				3
7961249				3
7961252				3
7961259				3
7961269				3
7961275				3
7961279				3
7961281				3
7961285				3
7961287				3
7961291				3
7961293				3
7961295				3
7961298				3
7961300				3
7961306				3
7961320				3
7961339				3
7961363				3
7961365				3
7961371				3
7961381				3
7961386				3
7961390				3
7961399				3
7961413				3
7961418				3
7961420				3
7961422				3
7961438				3
7961440				3
7961453				3
7961455				3
7961483				3
7961489				3
7961503				3
7961507				3
7961514				3
7961524				3
7961532				3
7961540				3
7961546				3
7961569				3
7961571				3
7961580				3
7961593				3
7961595				3
7961602				3
7961604				3
7961622				3
7961624				3
7961626				3
7961652				3
7961654				3
7961673				3
7961693				3
7961702				3
7961710				3
7961755				3
7961757				3
7961767				3
7961798				3
7961820				3
7961829				3
7961844				3
7961865				3
7961873				3
7961875				3
7961887				3
7961889				3
7961891				3
7961900				3
7961960				3
7961962				3
7961964				3
7961983				3
7961998				3
7962000				3
7962013				3
7962029				3
7962058				3
7962083				3
7962085				3
7962112				3
7962137				3
7962139				3
7962146				3
7962151				3
7962181				3
7962183				3
7962185				3
7962194				3
7962197				3
7962199				3
7962201				3
7962203				3
7962212				3
7962226				3
7962236				3
7962238				3
7962240				3
7962242				3
7962246				3
7962248				3
7962250				3
7962274				3
7962312				3
7962325				3
7962327				3
7962341				3
7962343				3
7962345				3
7962347				3
7962349				3
7962358				3
7962367				3
7962375				3
7962384				3
7962427				3
7962441				3
7962455				3
7962479				3
7962481				3
7962487				3
7962489				3
7962499				3
7962516				3
7962537				3
7962557				3
7962559				3
7962579				3
7962588				3
7962590				3
7962608				3
7962623				3
7962625				3
7962659				3
7962689				3
7962703				3
7962760				3
7962783				3
7962792				3
7962794				3
7962804				3
7962811				3
7962827				3
7962829				3
7962831				3
7962842				3
7962869				3
7962884				3
7962893				3
7962895				3
7962904				3
7962916				3
7962918				3
7962930				3
7962935				3
7962951				3
7963009				3
7963020				3
7963024				3
7963046				3
7963052				3
7963054				3
7963061				3
7963064				3
7963084				3
7963092				3
7963121				3
7963134				3
7963137				3
7963139				3
7963142				3
7963157				3
7963174				3
7963187				3
7963201				3
7963203				3
7963206				3
7963208				3
7963210				3
7963212				3
7963233				3
7963235				3
7963244				3
7963261				3
7963263				3
7963265				3
7963280				3
7963289				3
7963304				3
7963313				3
7963328				3
7963333				3
7963348				3
7963353				3
7963359				3
7963366				3
7963375				3
7963386				3
7963396				3
7963406				3
7963410				3
7963421				3
7963427				3
7963438				3
7963448				3
7963459				3
7963471				3
7963479				3
7963491				3
7963502				3
7963513				3
7963523				3
7963534				3
7963545				3
7963555				3
7963567				3
7963575				3
7963577				3
7963588				3
7963590				3
7963614				3
7963631				3
7963646				3
7963664				3
7963670				3
7963689				3
7963696				3
7963698				3
7963713				3
7963721				3
7963739				3
7963741				3
7963750				3
7963758				3
7963760				3
7963768				3
7963770				3
7963774				3
7963786				3
7963817				3
7963826				3
7963837				3
7963845				3
7963851				3
7963863				3
7963865				3
7963869				3
7963878				3
7963880				3
7963911				3
7963923				3
7963935				3
7963946				3
7963965				3
7963970				3
7963986				3
7963988				3
7964021				3
7964033				3
7964064				3
7964076				3
7964089				3
7964119				3
7964142				3
7964145				3
7964177				3
7964183				3
7964203				3
7964234				3
7964246				3
7964248				3
7964250				3
7964260				3
7964262				3
7964271				3
7964285				3
7964292				3
7964300				3
7964303				3
7964316				3
7964347				3
7964360				3
7964388				3
7964400				3
7964413				3
7964436				3
7964460				3
7964466				3
7964484				3
7964499				3
7964522				3
7964535				3
7964548				3
7964555				3
7964575				3
7964577				3
7964579				3
7964592				3
7964594				3
7964596				3
7964598				3
7964602				3
7964625				3
7964627				3
7964629				3
7964631				3
7964640				3
7964642				3
7964646				3
7964658				3
7964660				3
7964665				3
7964675				3
7964677				3
7964685				3
7964687				3
7964699				3
7964701				3
7964718				3
7964720				3
7964722				3
7964733				3
7964736				3
7964739				3
7964745				3
7964757				3
7964759				3
7964785				3
7964787				3
7964795				3
7964803				3
7964810				3
7964828				3
7964830				3
7964832				3
7964834				3
7964846				3
7964852				3
7964868				3
7964870				3
7964872				3
7964907				3
7964927				3
7964937				3
7964976				3
7964979				3
7964981				3
7964983				3
7964985				3
7964987				3
7964997				3
7965022				3
7965036				3
7965038				3
7965040				3
7965048				3
7965060				3
7965064				3
7965090				3
7965094				3
7965108				3
7965110				3
7965112				3
7965123				3
7965150				3
7965152				3
7965154				3
7965156				3
7965166				3
7965200				3
7965206				3
7965224				3
7965226				3
7965231				3
7965245				3
7965249				3
7965264				3
7965322				3
7965335				3
7965343				3
7965357				3
7965359				3
7965384				3
7965390				3
7965398				3
7965403				3
7965410				3
7965423				3
7965429				3
7965431				3
7965436				3
7965467				3
7965469				3
7965471				3
7965478				3
7965480				3
7965484				3
7965486				3
7965508				3
7965510				3
7965515				3
7965523				3
7965541				3
7965565				3
7965573				3
7965587				3
7965589				3
7965606				3
7965627				3
7965650				3
7965652				3
7965671				3
7965673				3
7965675				3
7965677				3
7965679				3
7965681				3
7965686				3
7965721				3
7965723				3
7965746				3
7965760				3
7965767				3
7965769				3
7965787				3
7965789				3
7965800				3
7965812				3
7965836				3
7965838				3
7965840				3
7965842				3
7965846				3
7965855				3
7965867				3
7965871				3
7965873				3
7965884				3
7965900				3
7965916				3
7965918				3
7965935				3
7965941				3
7965956				3
7965964				3
7965976				3
7965979				3
7966003				3
7966026				3
7966035				3
7966046				3
7966052				3
7966068				3
7966070				3
7966072				3
7966089				3
7966098				3
7966122				3
7966127				3
7966135				3
7966148				3
7966150				3
7966172				3
7966181				3
7966183				3
7966189				3
7966202				3
7966213				3
7966223				3
7966225				3
7966227				3
7966229				3
7966234				3
7966257				3
7966259				3
7966266				3
7966268				3
7966293				3
7966299				3
7966301				3
7966315				3
7966321				3
7966332				3
7966343				3
7966345				3
7966356				3
7966368				3
7966379				3
7966389				3
7966397				3
7966425				3
7966427				3
7966441				3
7966448				3
7966462				3
7966488				3
7966517				3
7966534				3
7966542				3
7966568				3
7966570				3
7966594				3
7966596				3
7966600				3
7966621				3
7966631				3
7966638				3
7966666				3
7966668				3
7966684				3
7966686				3
7966688				3
7966690				3
7966706				3
7966738				3
7966746				3
7966749				3
7966760				3
7966779				3
7966810				3
7966829				3
7966839				3
7966851				3
7966876				3
7966878				3
7966929				3
7966938				3
7966996				3
7967002				3
7967021				3
7967025				3
7967028				3
7967030				3
7967032				3
7967034				3
7967039				3
7967056				3
7967060				3
7967067				3
7967072				3
7967082				3
7967084				3
7967089				3
7967091				3
7967107				3
7967109				3
7967117				3
7967127				3
7967149				3
7967175				3
7967193				3
7967202				3
7967210				3
7967212				3
7967226				3
7967230				3
7967240				3
7967255				3
7967287				3
7967304				3
7967318				3
7967322				3
7967325				3
7967331				3
7967337				3
7967358				3
7967386				3
7967412				3
7967418				3
7967420				3
7967452				3
7967454				3
7967456				3
7967463				3
7967473				3
7967486				3
7967493				3
7967544				3
7967563				3
7967586				3
7967588				3
7967620				3
7967622				3
7967624				3
7967636				3
7967641				3
7967654				3
7967656				3
7967658				3
7967660				3
7967685				3
7967698				3
7967700				3
7967702				3
7967705				3
7967707				3
7967709				3
7967711				3
7967727				3
7967736				3
7967789				3
7967792				3
7967794				3
7967810				3
7967841				3
7967863				3
7967868				3
7967870				3
7967872				3
7967874				3
7967876				3
7967879				3
7967881				3
7967896				3
7967898				3
7967900				3
7967933				3
7967967				3
7967969				3
7967976				3
7967987				3
7967993				3
7968000				3
7968002				3
7968004				3
7968015				3
7968029				3
7968035				3
7968052				3
7968056				3
7968062				3
7968085				3
7968126				3
7968128				3
7968132				3
7968154				3
7968195				3
7968197				3
7968199				3
7968212				3
7968226				3
7968232				3
7968234				3
7968236				3
7968242				3
7968252				3
7968254				3
7968260				3
7968265				3
7968270				3
7968272				3
7968274				3
7968295				3
7968297				3
7968307				3
7968323				3
7968329				3
7968331				3
7968333				3
7968344				3
7968351				3
7968361				3
7968370				3
7968389				3
7968411				3
7968417				3
7968484				3
7968514				3
7968516				3
7968556				3
7968563				3
7968577				3
7968630				3
7968632				3
7968637				3
7968650				3
7968653				3
7968658				3
7968670				3
7968678				3
7968703				3
7968711				3
7968732				3
7968734				3
7968746				3
7968759				3
7968761				3
7968787				3
7968789				3
7968796				3
7968798				3
7968800				3
7968835				3
7968851				3
7968866				3
7968872				3
7968883				3
7968890				3
7968892				3
7968898				3
7968911				3
7968913				3
7968915				3
7968926				3
7968928				3
7968931				3
7968957				3
7968962				3
7968970				3
7968972				3
7968976				3
7968999				3
7969003				3
7969017				3
7969048				3
7969050				3
7969058				3
7969060				3
7969091				3
7969093				3
7969096				3
7969114				3
7969129				3
7969143				3
7969145				3
7969151				3
7969153				3
7969166				3
7969171				3
7969177				3
7969179				3
7969192				3
7969202				3
7969204				3
7969222				3
7969228				3
7969241				3
7969243				3
7969256				3
7969263				3
7969271				3
7969286				3
7969288				3
7969298				3
7969300				3
7969306				3
7969312				3
7969318				3
7969324				3
7969330				3
7969339				3
7969341				3
7969358				3
7969360				3
7969364				3
7969366				3
7969368				3
7969370				3
7969372				3
7969374				3
7969390				3
7969414				3
7969424				3
7969426				3
7969428				3
7969438				3
7969472				3
7969477				3
7969479				3
7969482				3
7969488				3
7969493				3
7969531				3
7969533				3
7969544				3
7969559				3
7969563				3
7969565				3
7969567				3
7969569				3
7969574				3
7969576				3
7969596				3
7969609				3
7969611				3
7969613				3
7969626				3
7969638				3
7969640				3
7969651				3
7969665				3
7969671				3
7969675				3
7969677				3
7969693				3
7969701				3
7969703				3
7969736				3
7969768				3
7969770				3
7969772				3
7969774				3
7969776				3
7969792				3
7969794				3
7969796				3
7969815				3
7969828				3
7969830				3
7969835				3
7969861				3
7969879				3
7969881				3
7969914				3
7969916				3
7969933				3
7969935				3
7969955				3
7969959				3
7969975				3
7969977				3
7969979				3
7969986				3
7969995				3
7970031				3
7970033				3
7970082				3
7970084				3
7970096				3
7970111				3
7970139				3
7970146				3
7970150				3
7970158				3
7970162				3
7970194				3
7970232				3
7970241				3
7970251				3
7970262				3
7970287				3
7970301				3
7970317				3
7970325				3
7970329				3
7970347				3
7970370				3
7970376				3
7970381				3
7970388				3
7970390				3
7970392				3
7970395				3
7970404				3
7970413				3
7970426				3
7970428				3
7970439				3
7970441				3
7970448				3
7970455				3
7970467				3
7970473				3
7970498				3
7970507				3
7970509				3
7970511				3
7970513				3
7970524				3
7970542				3
7970546				3
7970563				3
7970565				3
7970567				3
7970569				3
7970577				3
7970595				3
7970597				3
7970602				3
7970622				3
7970624				3
7970648				3
7970655				3
7970672				3
7970674				3
7970676				3
7970681				3
7970691				3
7970696				3
7970702				3
7970704				3
7970716				3
7970727				3
7970732				3
7970735				3
7970737				3
7970763				3
7970793				3
7970804				3
7970806				3
7970810				3
7970828				3
7970831				3
7970840				3
7970842				3
7970844				3
7970858				3
7970864				3
7970887				3
7970892				3
7970905				3
7970907				3
7970922				3
7970924				3
7970945				3
7970947				3
7970949				3
7970954				3
7970973				3
7970975				3
7970989				3
7970999				3
7971013				3
7971015				3
7971027				3
7971039				3
7971071				3
7971075				3
7971077				3
7971104				3
7971122				3
7971124				3
7971126				3
7971134				3
7971150				3
7971159				3
7971161				3
7971163				3
7971165				3
7971167				3
7971177				3
7971184				3
7971191				3
7971197				3
7971208				3
7971216				3
7971218				3
7971222				3
7971239				3
7971241				3
7971243				3
7971246				3
7971294				3
7971296				3
7971311				3
7971335				3
7971345				3
7971350				3
7971359				3
7971361				3
7971367				3
7971369				3
7971373				3
7971375				3
7971386				3
7971388				3
7971400				3
7971415				3
7971417				3
7971419				3
7971422				3
7971444				3
7971461				3
7971482				3
7971484				3
7971486				3
7971511				3
7971513				3
7971526				3
7971535				3
7971537				3
7971539				3
7971541				3
7971550				3
7971561				3
7971563				3
7971565				3
7971573				3
7971590				3
7971602				3
7971615				3
7971620				3
7971640				3
7971642				3
7971644				3
7971653				3
7971659				3
7971661				3
7971663				3
7971669				3
7971671				3
7971690				3
7971692				3
7971711				3
7971713				3
7971723				3
7971727				3
7971731				3
7971757				3
7971780				3
7971800				3
7971813				3
7971820				3
7971838				3
7971850				3
7971858				3
7971860				3
7971862				3
7971864				3
7971866				3
7971899				3
7971901				3
7971903				3
7971905				3
7971911				3
7971913				3
7971915				3
7971920				3
7971922				3
7971931				3
7971933				3
7971935				3
7971937				3
7971950				3
7971965				3
7971967				3
7971996				3
7971998				3
7972001				3
7972003				3
7972016				3
7972018				3
7972021				3
7972044				3
7972053				3
7972055				3
7972062				3
7972069				3
7972157				3
7972173				3
7972175				3
7972177				3
7972180				3
7972190				3
7972215				3
7972217				3
7972223				3
7972225				3
7972229				3
7972231				3
7972237				3
7972239				3
7972247				3
7972251				3
7972253				3
7972255				3
7972257				3
7972259				3
7972269				3
7972287				3
7972289				3
7972291				3
7972297				3
7972334				3
7972336				3
7972365				3
7972367				3
7972369				3
7972414				3
7972416				3
7972418				3
7972420				3
7972426				3
7972428				3
7972438				3
7972442				3
7972444				3
7972461				3
7972487				3
7972546				3
7972548				3
7972557				3
7972561				3
7972563				3
7972565				3
7972567				3
7972570				3
7972577				3
7972579				3
7972601				3
7972650				3
7972661				3
7972663				3
7972665				3
7972670				3
7972672				3
7972674				3
7972682				3
7972692				3
7972699				3
7972709				3
7972711				3
7972713				3
7972723				3
7972733				3
7972735				3
7972737				3
7972743				3
7972745				3
7972748				3
7972750				3
7972803				3
7972805				3
7972808				3
7972810				3
7972826				3
7972828				3
7972840				3
7972867				3
7972888				3
7972890				3
7972899				3
7972902				3
7972912				3
7972921				3
7972923				3
7972932				3
7972936				3
7972946				3
7972973				3
7972977				3
7972979				3
7972981				3
7972983				3
7973002				3
7973004				3
7973006				3
7973008				3
7973010				3
7973012				3
7973014				3
7973016				3
7973018				3
7973020				3
7973022				3
7973024				3
7973026				3
7973028				3
7973030				3
7973032				3
7973034				3
7973036				3
7973054				3
7973056				3
7973067				3
7973078				3
7973080				3
7973082				3
7973084				3
7973093				3
7973098				3
7973101				3
7973105				3
7973108				3
7973110				3
7973114				3
7973116				3
7973135				3
7973142				3
7973149				3
7973156				3
7973158				3
7973182				3
7973185				3
7973214				3
7973221				3
7973296				3
7973298				3
7973303				3
7973306				3
7973314				3
7973327				3
7973336				3
7973350				3
7973352				3
7973363				3
7973369				3
7973371				3
7973377				3
7973384				3
7973393				3
7973403				3
7973414				3
7973427				3
7973433				3
7973444				3
7973446				3
7973448				3
7973458				3
7973468				3
7973510				3
7973530				3
7973545				3
7973564				3
7973580				3
7973584				3
7973611				3
7973613				3
7973618				3
7973629				3
7973652				3
7973660				3
7973679				3
7973694				3
7973702				3
7973709				3
7973724				3
7973727				3
7973732				3
7973743				3
7973745				3
7973748				3
7973752				3
7973754				3
7973756				3
7973770				3
7973797				3
7973813				3
7973820				3
7973826				3
7973838				3
7973840				3
7973850				3
7973865				3
7973867				3
7973869				3
7973871				3
7973873				3
7973875				3
7973894				3
7973896				3
7973898				3
7973900				3
7973902				3
7973918				3
7973924				3
7973936				3
7973943				3
7973946				3
7973948				3
7973962				3
7973966				3
7973968				3
7973970				3
7973972				3
7973974				3
7973983				3
7973985				3
7974008				3
7974027				3
7974029				3
7974047				3
7974052				3
7974054				3
7974066				3
7974080				3
7974090				3
7974109				3
7974117				3
7974125				3
7974146				3
7974164				3
7974166				3
7974190				3
7974192				3
7974194				3
7974198				3
7974207				3
7974212				3
7974214				3
7974229				3
7974245				3
7974247				3
7974249				3
7974253				3
7974255				3
7974257				3
7974270				3
7974288				3
7974303				3
7974314				3
7974316				3
7974335				3
7974337				3
7974339				3
7974341				3
7974352				3
7974363				3
7974366				3
7974372				3
7974380				3
7974387				3
7974402				3
7974404				3
7974418				3
7974425				3
7974445				3
7974447				3
7974455				3
7974461				3
7974471				3
7974473				3
7974479				3
7974481				3
7974483				3
7974531				3
7974533				3
7974542				3
7974562				3
7974564				3
7974566				3
7974576				3
7974585				3
7974587				3
7974603				3
7974617				3
7974619				3
7974621				3
7974647				3
7974653				3
7974687				3
7974689				3
7974695				3
7974697				3
7974725				3
7974737				3
7974771				3
7974781				3
7974793				3
7974799				3
7974811				3
7974814				3
7974816				3
7974835				3
7974851				3
7974870				3
7974882				3
7974895				3
7974900				3
7974902				3
7974912				3
7974914				3
7974916				3
7974920				3
7975045				3
7975066				3
7975068				3
7975076				3
7975081				3
7975095				3
7975113				3
7975121				3
7975136				3
7975154				3
7975167				3
7975191				3
7975203				3
7975222				3
7975224				3
7975238				3
7975268				3
7975282				3
7975284				3
7975292				3
7975309				3
7975311				3
7975324				3
7975344				3
7975354				3
7975361				3
7975368				3
7975386				3
7975390				3
7975404				3
7975406				3
7975408				3
7975410				3
7975412				3
7975416				3
7975453				3
7975455				3
7975457				3
7975459				3
7975482				3
7975506				3
7975521				3
7975545				3
7975562				3
7975595				3
7975598				3
7975602				3
7975607				3
7975613				3
7975616				3
7975626				3
7975630				3
7975632				3
7975645				3
7975661				3
7975676				3
7975687				3
7975694				3
7975696				3
7975702				3
7975705				3
7975713				3
7975725				3
7975747				3
7975760				3
7975770				3
7975772				3
7975779				3
7975787				3
7975793				3
7975799				3
7975813				3
7975815				3
7975851				3
7975863				3
7975876				3
7975889				3
7975901				3
7975924				3
7975926				3
7975932				3
7975956				3
7975971				3
7975976				3
7975987				3
7975989				3
7975995				3
7976000				3
7976012				3
7976037				3
7976053				3
7976055				3
7976057				3
7976059				3
7976061				3
7976063				3
7976065				3
7976067				3
7976069				3
7976073				3
7976080				3
7976084				3
7976101				3
7976126				3
7976128				3
7976146				3
7976148				3
7976152				3
7976154				3
7976156				3
7976158				3
7976160				3
7976182				3
7976187				3
7976189				3
7976200				3
7976216				3
7976239				3
7976241				3
7976243				3
7976261				3
7976263				3
7976292				3
7976307				3
7976322				3
7976333				3
7976336				3
7976350				3
7976402				3
7976407				3
7976412				3
7976425				3
7976436				3
7976443				3
7976451				3
7976481				3
7976488				3
7976496				3
7976506				3
7976512				3
7976515				3
7976523				3
7976544				3
7976552				3
7976554				3
7976556				3
7976560				3
7976567				3
7976571				3
7976576				3
7976578				3
7976598				3
7976621				3
7976635				3
7976642				3
7976646				3
7976648				3
7976667				3
7976669				3
7976681				3
7976698				3
7976724				3
7976726				3
7976744				3
7976755				3
7976766				3
7976778				3
7976783				3
7976795				3
7976804				3
7976806				3
7976808				3
7976810				3
7976812				3
7976814				3
7976816				3
7976818				3
7976826				3
7976828				3
7976830				3
7976832				3
7976834				3
7976836				3
7976838				3
7976840				3
7976842				3
7976844				3
7976846				3
7976848				3
7976850				3
7976852				3
7976854				3
7976856				3
7976858				3
7976863				3
7976874				3
7976876				3
7976957				3
7976967				3
7976976				3
7977003				3
7977016				3
7977018				3
7977033				3
7977046				3
7977058				3
7977075				3
7977077				3
7977103				3
7977105				3
7977117				3
7977119				3
7977125				3
7977127				3
7977149				3
7977161				3
7977201				3
7977203				3
7977214				3
7977216				3
7977234				3
7977241				3
7977249				3
7977270				3
7977273				3
7977288				3
7977294				3
7977296				3
7977299				3
7977319				3
7977331				3
7977340				3
7977344				3
7977371				3
7977373				3
7977397				3
7977409				3
7977418				3
7977432				3
7977435				3
7977438				3
7977440				3
7977445				3
7977447				3
7977450				3
7977452				3
7977454				3
7977456				3
7977472				3
7977474				3
7977476				3
7977478				3
7977480				3
7977482				3
7977497				3
7977507				3
7977511				3
7977567				3
7977571				3
7977584				3
7977592				3
7977596				3
7977598				3
7977606				3
7977609				3
7977611				3
7977613				3
7977615				3
7977621				3
7977642				3
7977646				3
7977653				3
7977655				3
7977657				3
7977674				3
7977693				3
7977732				3
7977734				3
7977736				3
7977749				3
7977761				3
7977767				3
7977771				3
7977773				3
7977775				3
7977780				3
7977782				3
7977784				3
7977786				3
7977801				3
7977803				3
7977820				3
7977841				3
7977854				3
7977868				3
7977879				3
7977888				3
7977906				3
7977928				3
7977933				3
7977951				3
7977953				3
7977955				3
7977965				3
7977978				3
7977987				3
7978019				3
7978021				3
7978054				3
7978056				3
7978059				3
7978064				3
7978066				3
7978093				3
7978103				3
7978107				3
7978114				3
7978123				3
7978132				3
7978166				3
7978174				3
7978187				3
7978192				3
7978201				3
7978208				3
7978222				3
7978239				3
7978260				3
7978272				3
7978285				3
7978312				3
7978329				3
7978331				3
7978335				3
7978343				3
7978351				3
7978360				3
7978366				3
7978376				3
7978389				3
7978391				3
7978401				3
7978403				3
7978405				3
7978407				3
7978428				3
7978449				3
7978492				3
7978527				3
7978534				3
7978536				3
7978538				3
7978542				3
7978544				3
7978553				3
7978558				3
7978568				3
7978570				3
7978586				3
7978595				3
7978626				3
7978628				3
7978644				3
7978653				3
7978662				3
7978664				3
7978666				3
7978676				3
7978686				3
7978690				3
7978692				3
7978704				3
7978706				3
7978710				3
7978712				3
7978718				3
7978739				3
7978748				3
7978754				3
7978756				3
7978760				3
7978766				3
7978776				3
7978793				3
7978795				3
7978801				3
7978822				3
7978824				3
7978831				3
7978833				3
7978838				3
7978846				3
7978866				3
7978905				3
7978909				3
7978911				3
7978917				3
7978923				3
7978932				3
7978956				3
7978970				3
7978997				3
7979031				3
7979033				3
7979042				3
7979044				3
7979085				3
7979108				3
7979125				3
7979127				3
7979129				3
7979131				3
7979133				3
7979158				3
7979179				3
7979196				3
7979204				3
7979223				3
7979241				3
7979250				3
7979260				3
7979269				3
7979281				3
7979307				3
7979328				3
7979341				3
7979351				3
7979355				3
7979357				3
7979365				3
7979367				3
7979378				3
7979387				3
7979398				3
7979400				3
7979412				3
7979414				3
7979416				3
7979426				3
7979437				3
7979444				3
7979455				3
7979473				3
7979483				3
7979505				3
7979510				3
7979516				3
7979524				3
7979529				3
7979548				3
7979551				3
7979565				3
7979572				3
7979574				3
7979583				3
7979611				3
7979615				3
7979658				3
7979663				3
7979671				3
7979689				3
7979691				3
7979694				3
7979696				3
7979698				3
7979710				3
7979721				3
7979725				3
7979730				3
7979732				3
7979741				3
7979743				3
7979755				3
7979757				3
7979800				3
7979802				3
7979804				3
7979806				3
7979808				3
7979811				3
7979813				3
7979820				3
7979824				3
7979849				3
7979862				3
7979864				3
7979870				3
7979876				3
7979878				3
7979886				3
7979888				3
7979902				3
7979904				3
7979906				3
7979916				3
7979925				3
7979927				3
7979931				3
7979943				3
7979957				3
7979959				3
7979961				3
7979963				3
7979980				3
7979982				3
7979984				3
7979999				3
7980001				3
7980003				3
7980005				3
7980024				3
7980044				3
7980051				3
7980065				3
7980069				3
7980080				3
7980096				3
7980098				3
7980113				3
7980115				3
7980140				3
7980142				3
7980146				3
7980152				3
7980189				3
7980213				3
7980219				3
7980233				3
7980246				3
7980265				3
7980271				3
7980296				3
7980304				3
7980306				3
7980309				3
7980316				3
7980327				3
7980338				3
7980344				3
7980350				3
7980352				3
7980358				3
7980381				3
7980390				3
7980401				3
7980403				3
7980425				3
7980438				3
7980452				3
7980454				3
7980463				3
7980477				3
7980481				3
7980485				3
7980496				3
7980523				3
7980535				3
7980537				3
7980547				3
7980574				3
7980576				3
7980578				3
7980580				3
7980603				3
7980605				3
7980616				3
7980636				3
7980680				3
7980688				3
7980690				3
7980700				3
7980702				3
7980718				3
7980720				3
7980742				3
7980744				3
7980765				3
7980773				3
7980828				3
7980833				3
7980859				3
7980861				3
7980889				3
7980891				3
7980906				3
7980908				3
7980923				3
7980940				3
7980955				3
7980958				3
7980970				3
7980983				3
7980990				3
7980998				3
7981011				3
7981013				3
7981020				3
7981032				3
7981046				3
7981051				3
7981059				3
7981065				3
7981068				3
7981078				3
7981084				3
7981098				3
7981106				3
7981111				3
7981142				3
7981157				3
7981161				3
7981181				3
7981183				3
7981190				3
7981192				3
7981215				3
7981217				3
7981233				3
7981235				3
7981237				3
7981240				3
7981242				3
7981249				3
7981266				3
7981273				3
7981278				3
7981283				3
7981288				3
7981290				3
7981309				3
7981317				3
7981320				3
7981322				3
7981324				3
7981326				3
7981333				3
7981335				3
7981346				3
7981364				3
7981373				3
7981375				3
7981377				3
7981383				3
7981385				3
7981387				3
7981425				3
7981427				3
7981439				3
7981447				3
7981460				3
7981481				3
7981486				3
7981488				3
7981490				3
7981494				3
7981512				3
7981514				3
7981523				3
7981525				3
7981530				3
7981538				3
7981566				3
7981573				3
7981601				3
7981708				3
7981714				3
7981718				3
7981720				3
7981722				3
7981724				3
7981726				3
7981728				3
7981730				3
7981732				3
7981737				3
7981740				3
7981742				3
7981745				3
7981748				3
7981750				3
7981752				3
7981771				3
7981773				3
7981775				3
7981777				3
7981779				3
7981781				3
7981783				3
7981785				3
7981787				3
7981798				3
7981824				3
7981859				3
7981872				3
7981874				3
7981893				3
7981895				3
7981909				3
7981911				3
7981917				3
7981919				3
7981943				3
7981945				3
7981947				3
7981949				3
7981951				3
7981953				3
7981955				3
7981958				3
7981960				3
7981962				3
7981964				3
7981966				3
7981968				3
7981970				3
7981972				3
7981974				3
7981976				3
7981978				3
7981980				3
7981982				3
7981984				3
7981986				3
7981988				3
7981990				3
7981992				3
7981994				3
7981996				3
7981998				3
7982000				3
7982002				3
7982004				3
7982006				3
7982008				3
7982010				3
7982012				3
7982014				3
7982016				3
7982018				3
7982020				3
7982022				3
7982024				3
7982026				3
7982028				3
7982030				3
7982032				3
7982034				3
7982036				3
7982038				3
7982040				3
7982042				3
7982044				3
7982046				3
7982048				3
7982050				3
7982052				3
7982054				3
7982056				3
7982058				3
7982060				3
7982062				3
7982064				3
7982066				3
7982068				3
7982070				3
7982072				3
7982074				3
7982076				3
7982078				3
7982080				3
7982082				3
7982084				3
7982086				3
7982088				3
7982090				3
7982092				3
7982094				3
7982096				3
7982098				3
7982100				3
7982102				3
7982117				3
7982127				3
7982129				3
7982131				3
7982152				3
7982154				3
7982185				3
7982187				3
7982204				3
7982206				3
7982228				3
7982230				3
7982248				3
7982250				3
7982252				3
7982254				3
7982256				3
7982267				3
7982269				3
7982271				3
7982282				3
7982284				3
7982287				3
7982290				3
7982292				3
7982294				3
7982299				3
7982307				3
7982309				3
7982326				3
7982333				3
7982335				3
7982337				3
7982339				3
7982341				3
7982348				3
7982350				3
7982356				3
7982358				3
7982366				3
7982375				3
7982377				3
7982388				3
7982390				3
7982392				3
7982495				3
7982497				3
7982504				3
7982507				3
7982514				3
7982516				3
7982527				3
7982529				3
7982531				3
7982533				3
7982535				3
7982550				3
7982552				3
7982564				3
7982574				3
7982587				3
7982591				3
7982593				3
7982597				3
7982620				3
7982661				3
7982663				3
7982688				3
7982703				3
7982712				3
7982723				3
7982738				3
7982745				3
7982751				3
7982753				3
7982757				3
7982792				3
7982805				3
7982810				3
7982812				3
7982829				3
7982845				3
7982854				3
7982868				3
7982876				3
7982878				3
7982889				3
7982904				3
7982927				3
7982935				3
7982938				3
7982955				3
7982957				3
7982985				3
7983021				3
7983051				3
7983054				3
7983111				3
7983123				3
7983132				3
7983143				3
7983145				3
7983157				3
7983173				3
7983189				3
7983191				3
7983206				3
7983228				3
7983239				3
7983252				3
7983254				3
7983256				3
7983270				3
7983272				3
7983274				3
7983290				3
7983298				3
7983306				3
7983321				3
7983335				3
7983350				3
7983360				3
7983365				3
7983377				3
7983379				3
7983381				3
7983391				3
7983393				3
7983405				3
7983413				3
7983447				3
7983469				3
7983478				3
7983490				3
7983500				3
7983502				3
7983512				3
7983523				3
7983525				3
7983527				3
7983553				3
7983564				3
7983594				3
7983606				3
7983614				3
7983616				3
7983630				3
7983638				3
7983648				3
7983650				3
7983661				3
7983663				3
7983677				3
7983679				3
7983704				3
7983718				3
7983734				3
7983744				3
7983761				3
7983763				3
7983771				3
7983773				3
7983775				3
7983777				3
7983779				3
7983811				3
7983826				3
7983828				3
7983841				3
7983843				3
7983867				3
7983890				3
7983910				3
7983922				3
7983924				3
7983926				3
7983928				3
7983938				3
7983940				3
7983951				3
7983953				3
7983969				3
7983979				3
7983985				3
7983987				3
7983989				3
7983991				3
7984001				3
7984008				3
7984011				3
7984014				3
7984016				3
7984019				3
7984077				3
7984079				3
7984103				3
7984112				3
7984124				3
7984132				3
7984152				3
7984155				3
7984174				3
7984188				3
7984190				3
7984203				3
7984213				3
7984215				3
7984217				3
7984227				3
7984245				3
7984253				3
7984255				3
7984257				3
7984259				3
7984261				3
7984263				3
7984276				3
7984289				3
7984298				3
7984317				3
7984319				3
7984330				3
7984353				3
7984364				3
7984380				3
7984405				3
7984408				3
7984436				3
7984453				3
7984470				3
7984475				3
7984488				3
7984511				3
7984517				3
7984524				3
7984538				3
7984540				3
7984562				3
7984567				3
7984569				3
7984588				3
7984606				3
7984620				3
7984622				3
7984624				3
7984626				3
7984631				3
7984635				3
7984641				3
7984660				3
7984662				3
7984684				3
7984686				3
7984704				3
7984736				3
7984743				3
7984759				3
7984771				3
7984779				3
7984799				3
7984802				3
7984813				3
7984819				3
7984843				3
7984846				3
7984862				3
7984871				3
7984892				3
7984908				3
7984914				3
7984922				3
7984932				3
7984943				3
7984952				3
7984961				3
7984983				3
7984985				3
7984987				3
7984989				3
7985001				3
7985016				3
7985023				3
7985025				3
7985030				3
7985032				3
7985034				3
7985037				3
7985039				3
7985044				3
7985053				3
7985066				3
7985080				3
7985087				3
7985089				3
7985099				3
7985117				3
7985119				3
7985130				3
7985134				3
7985147				3
7985159				3
7985166				3
7985192				3
7985200				3
7985202				3
7985213				3
7985221				3
7985224				3
7985226				3
7985233				3
7985236				3
7985238				3
7985240				3
7985248				3
7985253				3
7985257				3
7985259				3
7985266				3
7985268				3
7985285				3
7985308				3
7985310				3
7985317				3
7985349				3
7985352				3
7985364				3
7985398				3
7985402				3
7985409				3
7985416				3
7985418				3
7985431				3
7985442				3
7985444				3
7985450				3
7985457				3
7985459				3
7985472				3
7985480				3
7985482				3
7985488				3
7985493				3
7985507				3
7985522				3
7985553				3
7985555				3
7985560				3
7985562				3
7985569				3
7985571				3
7985577				3
7985587				3
7985605				3
7985620				3
7985636				3
7985662				3
7985688				3
7985690				3
7985695				3
7985741				3
7985752				3
7985757				3
7985765				3
7985767				3
7985777				3
7985786				3
7985809				3
7985829				3
7985871				3
7985873				3
7985898				3
7985918				3
7985920				3
7985924				3
7985930				3
7985932				3
7985934				3
7985959				3
7985963				3
7985981				3
7985983				3
7985997				3
7985999				3
7986001				3
7986004				3
7986010				3
7986049				3
7986068				3
7986092				3
7986110				3
7986132				3
7986160				3
7986186				3
7986195				3
7986214				3
7986229				3
7986239				3
7986246				3
7986248				3
7986250				3
7986291				3
7986293				3
7986323				3
7986325				3
7986327				3
7986329				3
7986336				3
7986338				3
7986340				3
7986346				3
7986348				3
7986350				3
7986359				3
7986383				3
7986385				3
7986394				3
7986407				3
7986411				3
7986426				3
7986428				3
7986433				3
7986442				3
7986444				3
7986446				3
7986463				3
7986501				3
7986503				3
7986509				3
7986512				3
7986515				3
7986517				3
7986520				3
7986522				3
7986525				3
7986527				3
7986530				3
7986532				3
7986534				3
7986536				3
7986541				3
7986561				3
7986563				3
7986565				3
7986567				3
7986569				3
7986598				3
7986601				3
7986603				3
7986605				3
7986627				3
7986629				3
7986633				3
7986635				3
7986637				3
7986639				3
7986642				3
7986661				3
7986665				3
7986675				3
7986685				3
7986687				3
7986701				3
7986736				3
7986739				3
7986741				3
7986744				3
7986755				3
7986757				3
7986763				3
7986765				3
7986767				3
7986769				3
7986789				3
7986820				3
7986822				3
7986836				3
7986838				3
7986863				3
7986922				3
7986943				3
7986945				3
7986947				3
7986960				3
7986969				3
7986975				3
7986977				3
7987010				3
7987012				3
7987025				3
7987027				3
7987046				3
7987048				3
7987066				3
7987068				3
7987097				3
7987099				3
7987110				3
7987112				3
7987114				3
7987135				3
7987137				3
7987139				3
7987145				3
7987163				3
7987165				3
7987172				3
7987180				3
7987192				3
7987225				3
7987230				3
7987248				3
7987279				3
7987308				3
7987310				3
7987315				3
7987325				3
7987361				3
7987365				3
7987369				3
7987379				3
7987381				3
7987385				3
7987403				3
7987405				3
7987426				3
7987439				3
7987449				3
7987454				3
7987464				3
7987466				3
7987468				3
7987470				3
7987472				3
7987475				3
7987511				3
7987526				3
7987534				3
7987536				3
7987554				3
7987565				3
7987572				3
7987574				3
7987584				3
7987623				3
7987634				3
7987636				3
7987642				3
7987648				3
7987650				3
7987675				3
7987701				3
7987772				3
7987780				3
7987792				3
7987815				3
7987840				3
7987869				3
7987892				3
7987916				3
7987926				3
7987928				3
7987960				3
7987981				3
7988031				3
7988033				3
7988050				3
7988064				3
7988077				3
7988082				3
7988091				3
7988093				3
7988124				3
7988132				3
7988163				3
7988175				3
7988177				3
7988206				3
7988208				3
7988212				3
7988227				3
7988245				3
7988258				3
7988260				3
7988281				3
7988283				3
7988286				3
7988327				3
7988342				3
7988344				3
7988346				3
7988348				3
7988350				3
7988380				3
7988400				3
7988410				3
7988412				3
7988414				3
7988424				3
7988426				3
7988438				3
7988440				3
7988442				3
7988444				3
7988465				3
7988467				3
7988537				3
7988563				3
7988581				3
7988601				3
7988603				3
7988605				3
7988623				3
7988625				3
7988644				3
7988672				3
7988685				3
7988687				3
7988703				3
7988705				3
7988713				3
7988753				3
7988763				3
7988767				3
7988789				3
7988833				3
7988838				3
7988852				3
7988859				3
7988876				3
7988921				3
7988963				3
7988970				3
7988987				3
7988990				3
7989013				3
7989023				3
7989037				3
7989055				3
7989069				3
7989073				3
7989094				3
7989126				3
7989128				3
7989130				3
7989132				3
7989144				3
7989146				3
7989157				3
7989159				3
7989193				3
7989195				3
7989197				3
7989199				3
7989216				3
7989218				3
7989220				3
7989224				3
7989243				3
7989245				3
7989249				3
7989251				3
7989253				3
7989277				3
7989307				3
7989309				3
7989311				3
7989313				3
7989315				3
7989323				3
7989335				3
7989347				3
7989365				3
7989387				3
7989473				3
7989476				3
7989487				3
7989489				3
7989491				3
7989493				3
7989501				3
7989516				3
7989596				3
7989611				3
7989617				3
7989619				3
7989628				3
7989647				3
7989657				3
7989659				3
7989661				3
7989670				3
7989680				3
7989696				3
7989708				3
7989718				3
7989725				3
7989735				3
7989750				3
7989759				3
7989768				3
7989770				3
7989785				3
7989806				3
7989832				3
7989834				3
7989849				3
7989883				3
7989885				3
7989887				3
7989915				3
7989922				3
7989924				3
7989932				3
7989937				3
7989951				3
7989953				3
7989968				3
7989975				3
7989985				3
7990020				3
7990027				3
7990029				3
7990031				3
7990033				3
7990054				3
7990078				3
7990080				3
7990086				3
7990090				3
7990092				3
7990138				3
7990151				3
7990165				3
7990191				3
7990211				3
7990227				3
7990231				3
7990244				3
7990253				3
7990269				3
7990273				3
7990283				3
7990307				3
7990309				3
7990333				3
7990345				3
7990361				3
7990377				3
7990379				3
7990391				3
7990400				3
7990417				3
7990429				3
7990436				3
7990442				3
7990452				3
7990457				3
7990487				3
7990511				3
7990528				3
7990540				3
7990545				3
7990555				3
7990564				3
7990566				3
7990582				3
7990616				3
7990618				3
7990620				3
7990632				3
7990636				3
7990643				3
7990652				3
7990654				3
7990657				3
7990672				3
7990674				3
7990683				3
7990700				3
7990712				3
7990714				3
7990729				3
7990736				3
7990755				3
7990757				3
7990774				3
7990806				3
7990808				3
7990810				3
7990815				3
7990818				3
7990825				3
7990827				3
7990830				3
7990839				3
7990848				3
7990873				3
7990879				3
7990892				3
7990894				3
7990898				3
7990902				3
7990914				3
7990916				3
7990922				3
7990928				3
7990941				3
7990943				3
7990949				3
7990952				3
7990963				3
7990965				3
7990971				3
7990987				3
7991017				3
7991019				3
7991034				3
7991047				3
7991049				3
7991057				3
7991070				3
7991080				3
7991086				3
7991088				3
7991104				3
7991106				3
7991110				3
7991120				3
7991126				3
7991138				3
7991143				3
7991153				3
7991155				3
7991157				3
7991159				3
7991169				3
7991171				3
7991173				3
7991182				3
7991184				3
7991186				3
7991209				3
7991214				3
7991216				3
7991224				3
7991234				3
7991246				3
7991258				3
7991283				3
7991296				3
7991313				3
7991323				3
7991332				3
7991335				3
7991357				3
7991367				3
7991374				3
7991386				3
7991395				3
7991399				3
7991401				3
7991406				3
7991425				3
7991427				3
7991451				3
7991453				3
7991459				3
7991465				3
7991467				3
7991469				3
7991478				3
7991485				3
7991501				3
7991503				3
7991512				3
7991516				3
7991540				3
7991542				3
7991546				3
7991562				3
7991564				3
7991566				3
7991577				3
7991581				3
7991587				3
7991598				3
7991602				3
7991630				3
7991638				3
7991640				3
7991661				3
7991663				3
7991665				3
7991668				3
7991695				3
7991714				3
7991722				3
7991731				3
7991735				3
7991742				3
7991750				3
7991754				3
7991758				3
7991762				3
7991766				3
7991770				3
7991772				3
7991777				3
7991779				3
7991800				3
7991809				3
7991815				3
7991828				3
7991835				3
7991837				3
7991846				3
7991860				3
7991877				3
7991893				3
7991898				3
7991904				3
7991917				3
7991927				3
7991932				3
7991939				3
7991989				3
7992010				3
7992021				3
7992032				3
7992038				3
7992043				3
7992049				3
7992067				3
7992071				3
7992092				3
7992121				3
7992125				3
7992131				3
7992136				3
7992140				3
7992145				3
7992147				3
7992181				3
7992191				3
7992197				3
7992205				3
7992219				3
7992255				3
7992269				3
7992271				3
7992293				3
7992302				3
7992337				3
7992347				3
7992379				3
7992388				3
7992396				3
7992402				3
7992409				3
7992414				3
7992439				3
7992447				3
7992458				3
7992460				3
7992463				3
7992474				3
7992516				3
7992518				3
7992529				3
7992552				3
7992568				3
7992584				3
7992594				3
7992614				3
7992632				3
7992639				3
7992646				3
7992656				3
7992670				3
7992678				3
7992682				3
7992685				3
7992692				3
7992716				3
7992722				3
7992732				3
7992737				3
7992742				3
7992744				3
7992756				3
7992758				3
7992775				3
7992782				3
7992789				3
7992795				3
7992811				3
7992828				3
7992841				3
7992843				3
7992845				3
7992854				3
7992861				3
7992863				3
7992865				3
7992867				3
7992870				3
7992877				3
7992887				3
7992889				3
7992891				3
7992893				3
7992895				3
7992897				3
7992905				3
7992917				3
7992934				3
7992954				3
7992956				3
7992967				3
7992973				3
7992987				3
7992996				3
7992998				3
7993017				3
7993019				3
7993024				3
7993035				3
7993054				3
7993071				3
7993083				3
7993108				3
7993110				3
7993112				3
7993114				3
7993126				3
7993146				3
7993148				3
7993157				3
7993159				3
7993165				3
7993167				3
7993179				3
7993181				3
7993183				3
7993185				3
7993195				3
7993223				3
7993248				3
7993255				3
7993257				3
7993259				3
7993265				3
7993267				3
7993274				3
7993281				3
7993296				3
7993298				3
7993310				3
7993335				3
7993337				3
7993339				3
7993341				3
7993349				3
7993359				3
7993369				3
7993371				3
7993404				3
7993433				3
7993451				3
7993453				3
7993458				3
7993467				3
7993478				3
7993511				3
7993546				3
7993580				3
7993586				3
7993588				3
7993606				3
7993608				3
7993622				3
7993624				3
7993632				3
7993638				3
7993664				3
7993680				3
7993713				3
7993726				3
7993737				3
7993754				3
7993756				3
7993774				3
7993776				3
7993798				3
7993800				3
7993807				3
7993815				3
7993821				3
7993825				3
7993831				3
7993833				3
7993846				3
7993848				3
7993872				3
7993889				3
7993898				3
7993935				3
7993946				3
7993973				3
7993999				3
7994006				3
7994026				3
7994052				3
7994058				3
7994074				3
7994091				3
7994093				3
7994095				3
7994102				3
7994109				3
7994123				3
7994131				3
7994152				3
7994161				3
7994187				3
7994216				3
7994235				3
7994237				3
7994252				3
7994260				3
7994265				3
7994267				3
7994269				3
7994280				3
7994292				3
7994308				3
7994339				3
7994341				3
7994343				3
7994345				3
7994350				3
7994353				3
7994362				3
7994371				3
7994386				3
7994415				3
7994445				3
7994463				3
7994487				3
7994506				3
7994518				3
7994535				3
7994541				3
7994559				3
7994565				3
7994570				3
7994572				3
7994576				3
7994582				3
7994603				3
7994609				3
7994615				3
7994620				3
7994637				3
7994647				3
7994655				3
7994659				3
7994675				3
7994683				3
7994692				3
7994715				3
7994730				3
7994737				3
7994756				3
7994769				3
7994781				3
7994804				3
7994813				3
7994817				3
7994824				3
7994826				3
7994858				3
7994874				3
7994889				3
7994926				3
7994928				3
7994939				3
7994961				3
7994967				3
7994981				3
7994985				3
7995007				3
7995017				3
7995030				3
7995033				3
7995040				3
7995055				3
7995069				3
7995088				3
7995096				3
7995128				3
7995161				3
7995193				3
7995206				3
7995222				3
7995237				3
7995242				3
7995252				3
7995258				3
7995263				3
7995267				3
7995275				3
7995282				3
7995292				3
7995306				3
7995308				3
7995310				3
7995312				3
7995320				3
7995322				3
7995324				3
7995326				3
7995328				3
7995330				3
7995332				3
7995334				3
7995336				3
7995338				3
7995340				3
7995342				3
7995344				3
7995346				3
7995348				3
7995350				3
7995352				3
7995354				3
7995362				3
7995377				3
7995379				3
7995382				3
7995417				3
7995419				3
7995421				3
7995438				3
7995440				3
7995442				3
7995448				3
7995456				3
7995477				3
7995479				3
7995492				3
7995523				3
7995525				3
7995539				3
7995552				3
7995574				3
7995580				3
7995583				3
7995627				3
7995629				3
7995631				3
7995655				3
7995668				3
7995674				3
7995681				3
7995697				3
7995712				3
7995714				3
7995729				3
7995739				3
7995755				3
7995772				3
7995776				3
7995783				3
7995787				3
7995793				3
7995797				3
7995803				3
7995806				3
7995813				3
7995820				3
7995825				3
7995829				3
7995834				3
7995838				3
7995843				3
7995866				3
7995868				3
7995895				3
7995907				3
7995926				3
7995976				3
7995994				3
7996012				3
7996022				3
7996027				3
7996034				3
7996041				3
7996051				3
7996064				3
7996081				3
7996100				3
7996117				3
7996137				3
7996160				3
7996164				3
7996174				3
7996185				3
7996198				3
7996211				3
7996219				3
7996239				3
7996241				3
7996252				3
7996256				3
7996258				3
7996260				3
7996264				3
7996281				3
7996286				3
7996288				3
7996290				3
7996313				3
7996318				3
7996331				3
7996341				3
7996345				3
7996361				3
7996377				3
7996391				3
7996393				3
7996403				3
7996423				3
7996430				3
7996448				3
7996455				3
7996468				3
7996490				3
7996498				3
7996516				3
7996546				3
7996563				3
7996569				3
7996571				3
7996593				3
7996608				3
7996647				3
7996651				3
7996654				3
7996675				3
7996677				3
7996685				3
7996715				3
7996720				3
7996725				3
7996744				3
7996759				3
7996761				3
7996772				3
7996785				3
7996805				3
7996807				3
7996819				3
7996837				3
7996860				3
7996879				3
7996883				3
7996891				3
7996908				3
7996917				3
7996919				3
7996934				3
7996943				3
7996945				3
7996947				3
7996954				3
7996976				3
7997008				3
7997010				3
7997025				3
7997032				3
7997048				3
7997059				3
7997072				3
7997099				3
7997128				3
7997135				3
7997137				3
7997139				3
7997152				3
7997158				3
7997164				3
7997166				3
7997168				3
7997179				3
7997188				3
7997192				3
7997197				3
7997226				3
7997228				3
7997230				3
7997239				3
7997245				3
7997247				3
7997257				3
7997264				3
7997272				3
7997281				3
7997289				3
7997319				3
7997321				3
7997332				3
7997336				3
7997346				3
7997352				3
7997372				3
7997374				3
7997381				3
7997396				3
7997401				3
7997414				3
7997427				3
7997453				3
7997489				3
7997491				3
7997498				3
7997500				3
7997502				3
7997504				3
7997520				3
7997525				3
7997533				3
7997542				3
7997556				3
7997569				3
7997582				3
7997593				3
7997626				3
7997633				3
7997642				3
7997662				3
7997676				3
7997680				3
7997700				3
7997702				3
7997712				3
7997724				3
7997726				3
7997731				3
7997733				3
7997735				3
7997738				3
7997740				3
7997746				3
7997755				3
7997765				3
7997767				3
7997779				3
7997801				3
7997808				3
7997810				3
7997827				3
7997829				3
7997832				3
7997839				3
7997852				3
7997861				3
7997863				3
7997875				3
7997880				3
7997896				3
7997904				3
7997907				3
7997909				3
7997933				3
7997940				3
7997942				3
7997962				3
7997976				3
7997982				3
7998002				3
7998015				3
7998033				3
7998053				3
7998055				3
7998063				3
7998072				3
7998083				3
7998103				3
7998115				3
7998117				3
7998119				3
7998129				3
7998136				3
7998157				3
7998174				3
7998190				3
7998211				3
7998222				3
7998233				3
7998249				3
7998251				3
7998265				3
7998267				3
7998280				3
7998297				3
7998307				3
7998336				3
7998351				3
7998367				3
7998374				3
7998381				3
7998392				3
7998399				3
7998405				3
7998407				3
7998414				3
7998427				3
7998434				3
7998444				3
7998449				3
7998457				3
7998466				3
7998485				3
7998494				3
7998510				3
7998538				3
7998542				3
7998577				3
7998585				3
7998590				3
7998601				3
7998604				3
7998615				3
7998629				3
7998634				3
7998637				3
7998643				3
7998655				3
7998664				3
7998666				3
7998668				3
7998679				3
7998692				3
7998700				3
7998722				3
7998724				3
7998749				3
7998759				3
7998762				3
7998774				3
7998784				3
7998817				3
7998820				3
7998823				3
7998825				3
7998835				3
7998841				3
7998843				3
7998852				3
7998861				3
7998872				3
7998878				3
7998886				3
7998898				3
7998902				3
7998910				3
7998921				3
7998927				3
7998929				3
7998931				3
7998940				3
7998952				3
7998959				3
7998961				3
7998963				3
7998965				3
7998967				3
7998978				3
7998983				3
7999008				3
7999023				3
7999025				3
7999044				3
7999079				3
7999093				3
7999102				3
7999112				3
7999120				3
7999149				3
7999160				3
7999171				3
7999173				3
7999177				3
7999196				3
7999206				3
7999217				3
7999233				3
7999253				3
7999279				3
7999291				3
7999304				3
7999315				3
7999317				3
7999319				3
7999326				3
7999356				3
7999360				3
7999362				3
7999364				3
7999382				3
7999384				3
7999387				3
7999396				3
7999404				3
7999406				3
7999408				3
7999410				3
7999412				3
7999419				3
7999423				3
7999427				3
7999431				3
7999433				3
7999435				3
7999440				3
7999447				3
7999468				3
7999476				3
7999478				3
7999496				3
7999520				3
7999532				3
7999547				3
7999550				3
7999553				3
7999560				3
7999562				3
7999588				3
7999591				3
7999594				3
7999596				3
7999598				3
7999608				3
7999614				3
7999634				3
7999642				3
7999674				3
7999718				3
7999725				3
7999727				3
7999750				3
7999752				3
7999754				3
7999766				3
7999769				3
7999791				3
7999827				3
7999834				3
7999841				3
7999884				3
7999886				3
7999889				3
7999903				3
7999909				3
7999916				3
7999920				3
7999936				3
7999952				3
7999965				3
7999981				3
7999999				3
8000001				3
8000003				3
8000013				3
8000028				3
8000034				3
8000097				3
8000117				3
8000131				3
8000156				3
8000167				3
8000184				3
8000192				3
8000200				3
8000205				3
8000217				3
8000222				3
8000229				3
8000236				3
8000244				3
8000263				3
8000284				3
8000310				3
8000323				3
8000329				3
8000346				3
8000369				3
8000371				3
8000375				3
8000399				3
8000407				3
8000409				3
8000411				3
8000413				3
8000425				3
8000465				3
8000467				3
8000480				3
8000482				3
8000501				3
8000507				3
8000537				3
8000543				3
8000567				3
8000574				3
8000582				3
8000590				3
8000600				3
8000603				3
8000614				3
8000616				3
8000632				3
8000634				3
8000636				3
8000638				3
8000649				3
8000651				3
8000676				3
8000687				3
8000690				3
8000692				3
8000700				3
8000702				3
8000706				3
8000716				3
8000738				3
8000746				3
8000748				3
8000757				3
8000772				3
8000779				3
8000791				3
8000799				3
8000811				3
8000823				3
8000834				3
8000848				3
8000856				3
8000869				3
8000882				3
8000884				3
8000890				3
8000897				3
8000899				3
8000903				3
8000906				3
8000910				3
8000917				3
8000924				3
8000928				3
8000930				3
8000932				3
8000941				3
8000945				3
8000948				3
8000957				3
8000963				3
8000974				3
8000978				3
8000998				3
8001007				3
8001014				3
8001030				3
8001037				3
8001041				3
8001046				3
8001048				3
8001064				3
8001067				3
8001070				3
8001072				3
8001082				3
8001099				3
8001102				3
8001104				3
8001108				3
8001111				3
8001113				3
8001131				3
8001133				3
8001147				3
8001149				3
8001163				3
8001178				3
8001183				3
8001185				3
8001197				3
8001211				3
8001231				3
8001233				3
8001235				3
8001271				3
8001306				3
8001317				3
8001325				3
8001327				3
8001329				3
8001337				3
8001348				3
8001350				3
8001371				3
8001373				3
8001385				3
8001387				3
8001392				3
8001394				3
8001402				3
8001410				3
8001423				3
8001449				3
8001455				3
8001457				3
8001464				3
8001477				3
8001496				3
8001507				3
8001529				3
8001531				3
8001535				3
8001537				3
8001547				3
8001552				3
8001564				3
8001576				3
8001587				3
8001615				3
8001651				3
8001656				3
8001658				3
8001666				3
8001680				3
8001682				3
8001691				3
8001693				3
8001746				3
8001748				3
8001750				3
8001764				3
8001776				3
8001780				3
8001782				3
8001784				3
8001798				3
8001800				3
8001816				3
8001818				3
8001830				3
8001841				3
8001858				3
8001876				3
8001898				3
8001918				3
8001924				3
8001932				3
8001938				3
8001946				3
8001953				3
8001971				3
8001981				3
8002005				3
8002018				3
8002020				3
8002027				3
8002029				3
8002041				3
8002051				3
8002057				3
8002072				3
8002082				3
8002087				3
8002102				3
8002104				3
8002121				3
8002133				3
8002143				3
8002152				3
8002181				3
8002194				3
8002209				3
8002211				3
8002216				3
8002218				3
8002237				3
8002245				3
8002247				3
8002249				3
8002260				3
8002262				3
8002264				3
8002266				3
8002270				3
8002272				3
8002283				3
8002289				3
8002301				3
8002303				3
8002312				3
8002320				3
8002322				3
8002333				3
8002342				3
8002344				3
8002347				3
8002370				3
8002379				3
8002381				3
8002403				3
8002421				3
8002444				3
8002446				3
8002470				3
8002481				3
8002492				3
8002523				3
8002533				3
8002547				3
8002556				3
8002571				3
8002590				3
8002592				3
8002618				3
8002629				3
8002660				3
8002667				3
8002692				3
8002706				3
8002711				3
8002713				3
8002729				3
8002758				3
8002760				3
8002762				3
8002778				3
8002792				3
8002802				3
8002830				3
8002845				3
8002854				3
8002865				3
8002878				3
8002882				3
8002891				3
8002897				3
8002904				3
8002919				3
8002937				3
8002939				3
8002941				3
8002967				3
8002969				3
8002975				3
8002987				3
8002992				3
8002999				3
8003007				3
8003056				3
8003060				3
8003066				3
8003068				3
8003075				3
8003077				3
8003087				3
8003089				3
8003116				3
8003125				3
8003145				3
8003149				3
8003156				3
8003158				3
8003171				3
8003180				3
8003193				3
8003204				3
8003210				3
8003217				3
8003226				3
8003228				3
8003230				3
8003233				3
8003243				3
8003249				3
8003263				3
8003283				3
8003298				3
8003313				3
8003318				3
8003322				3
8003332				3
8003344				3
8003348				3
8003357				3
8003401				3
8003410				3
8003425				3
8003444				3
8003448				3
8003465				3
8003467				3
8003478				3
8003484				3
8003503				3
8003553				3
8003560				3
8003566				3
8003571				3
8003576				3
8003578				3
8003583				3
8003599				3
8003601				3
8003605				3
8003607				3
8003611				3
8003619				3
8003621				3
8003627				3
8003633				3
8003635				3
8003639				3
8003656				3
8003667				3
8003679				3
8003700				3
8003719				3
8003722				3
8003733				3
8003758				3
8003769				3
8003771				3
8003773				3
8003800				3
8003802				3
8003804				3
8003806				3
8003808				3
8003810				3
8003812				3
8003814				3
8003824				3
8003840				3
8003844				3
8003846				3
8003848				3
8003850				3
8003857				3
8003859				3
8003861				3
8003875				3
8003889				3
8003892				3
8003903				3
8003922				3
8003926				3
8003939				3
8003948				3
8003953				3
8003962				3
8003991				3
8004024				3
8004030				3
8004043				3
8004057				3
8004081				3
8004086				3
8004111				3
8004133				3
8004144				3
8004152				3
8004165				3
8004167				3
8004175				3
8004184				3
8004195				3
8004201				3
8004219				3
8004221				3
8004237				3
8004241				3
8004247				3
8004255				3
8004266				3
8004271				3
8004293				3
8004309				3
8004325				3
8004331				3
8004360				3
8004364				3
8004372				3
8004385				3
8004394				3
8004400				3
8004404				3
8004408				3
8004416				3
8004428				3
8004431				3
8004464				3
8004485				3
8004497				3
8004506				3
8004508				3
8004510				3
8004521				3
8004532				3
8004534				3
8004545				3
8004556				3
8004571				3
8004580				3
8004671				3
8004691				3
8004694				3
8004699				3
8004741				3
8004763				3
8004784				3
8004802				3
8004804				3
8004832				3
8004842				3
8004859				3
8004861				3
8004867				3
8004880				3
8004889				3
8004905				3
8004922				3
8004938				3
8004940				3
8004946				3
8004948				3
8004955				3
8004957				3
8005029				3
8005043				3
8005048				3
8005064				3
8005089				3
8005097				3
8005102				3
8005104				3
8005106				3
8005110				3
8005117				3
8005132				3
8005134				3
8005141				3
8005153				3
8005155				3
8005157				3
8005166				3
8005171				3
8005191				3
8005200				3
8005202				3
8005204				3
8005221				3
8005223				3
8005225				3
8005231				3
8005233				3
8005235				3
8005243				3
8005245				3
8005247				3
8005260				3
8005265				3
8005267				3
8005289				3
8005305				3
8005313				3
8005328				3
8005397				3
8005399				3
8005407				3
8005433				3
8005435				3
8005441				3
8005444				3
8005446				3
8005449				3
8005458				3
8005471				3
8005473				3
8005475				3
8005483				3
8005501				3
8005510				3
8005512				3
8005529				3
8005547				3
8005549				3
8005553				3
8005555				3
8005557				3
8005574				3
8005576				3
8005586				3
8005601				3
8005603				3
8005626				3
8005628				3
8005630				3
8005632				3
8005634				3
8005636				3
8005638				3
8005655				3
8005657				3
8005659				3
8005661				3
8005679				3
8005683				3
8005685				3
8005687				3
8005689				3
8005695				3
8005697				3
8005699				3
8005707				3
8005726				3
8005733				3
8005736				3
8005739				3
8005743				3
8005745				3
8005747				3
8005749				3
8005751				3
8005753				3
8005755				3
8005757				3
8005759				3
8005761				3
8005763				3
8005765				3
8005777				3
8005785				3
8005809				3
8005814				3
8005829				3
8005833				3
8005836				3
8005839				3
8005847				3
8005857				3
8005865				3
8005877				3
8005879				3
8005894				3
8005903				3
8005943				3
8005951				3
8005953				3
8005955				3
8005957				3
8005959				3
8005978				3
8005992				3
8005994				3
8006005				3
8006019				3
8006028				3
8006030				3
8006052				3
8006063				3
8006081				3
8006083				3
8006085				3
8006112				3
8006119				3
8006121				3
8006123				3
8006148				3
8006161				3
8006170				3
8006181				3
8006183				3
8006187				3
8006214				3
8006227				3
8006229				3
8006237				3
8006239				3
8006296				3
8006298				3
8006317				3
8006319				3
8006321				3
8006323				3
8006325				3
8006336				3
8006345				3
8006367				3
8006377				3
8006392				3
8006409				3
8006415				3
8006423				3
8006433				3
8006440				3
8006445				3
8006453				3
8006459				3
8006466				3
8006477				3
8006479				3
8006502				3
8006504				3
8006509				3
8006531				3
8006540				3
8006542				3
8006562				3
8006569				3
8006573				3
8006590				3
8006592				3
8006594				3
8006602				3
8006606				3
8006608				3
8006621				3
8006627				3
8006634				3
8006638				3
8006655				3
8006668				3
8006679				3
8006681				3
8006690				3
8006706				3
8006715				3
8006736				3
8006744				3
8006746				3
8006762				3
8006768				3
8006779				3
8006786				3
8006788				3
8006812				3
8006820				3
8006834				3
8006836				3
8006845				3
8006850				3
8006865				3
8006877				3
8006896				3
8006900				3
8006906				3
8006940				3
8006958				3
8006968				3
8006984				3
8006999				3
8007008				3
8007023				3
8007028				3
8007043				3
8007058				3
8007069				3
8007071				3
8007084				3
8007100				3
8007108				3
8007112				3
8007115				3
8007118				3
8007123				3
8007127				3
8007130				3
8007134				3
8007139				3
8007141				3
8007148				3
8007152				3
8007154				3
8007169				3
8007176				3
8007188				3
8007197				3
8007208				3
8007212				3
8007228				3
8007250				3
8007259				3
8007263				3
8007272				3
8007290				3
8007302				3
8007310				3
8007312				3
8007323				3
8007348				3
8007355				3
8007363				3
8007388				3
8007397				3
8007414				3
8007420				3
8007427				3
8007429				3
8007435				3
8007441				3
8007446				3
8007454				3
8007462				3
8007471				3
8007483				3
8007493				3
8007497				3
8007499				3
8007501				3
8007503				3
8007505				3
8007530				3
8007537				3
8007548				3
8007550				3
8007561				3
8007569				3
8007584				3
8007594				3
8007603				3
8007605				3
8007607				3
8007620				3
8007637				3
8007641				3
8007643				3
8007651				3
8007673				3
8007675				3
8007701				3
8007707				3
8007715				3
8007730				3
8007745				3
8007750				3
8007757				3
8007790				3
8007794				3
8007797				3
8007799				3
8007803				3
8007808				3
8007826				3
8007828				3
8007846				3
8007848				3
8007850				3
8007865				3
8007867				3
8007883				3
8007885				3
8007895				3
8007902				3
8007904				3
8007917				3
8007919				3
8007921				3
8007931				3
8007949				3
8007976				3
8007990				3
8007992				3
8008016				3
8008029				3
8008038				3
8008040				3
8008049				3
8008052				3
8008064				3
8008074				3
8008087				3
8008096				3
8008110				3
8008113				3
8008130				3
8008132				3
8008139				3
8008151				3
8008170				3
8008172				3
8008185				3
8008195				3
8008201				3
8008208				3
8008213				3
8008228				3
8008237				3
8008263				3
8008277				3
8008289				3
8008297				3
8008310				3
8008321				3
8008339				3
8008350				3
8008372				3
8008388				3
8008409				3
8008454				3
8008491				3
8008493				3
8008511				3
8008517				3
8008530				3
8008540				3
8008544				3
8008547				3
8008564				3
8008566				3
8008588				3
8008596				3
8008598				3
8008609				3
8008627				3
8008629				3
8008644				3
8008646				3
8008662				3
8008664				3
8008682				3
8008700				3
8008702				3
8008704				3
8008706				3
8008711				3
8008716				3
8008718				3
8008723				3
8008736				3
8008754				3
8008768				3
8008778				3
8008780				3
8008782				3
8008784				3
8008795				3
8008802				3
8008817				3
8008819				3
8008825				3
8008834				3
8008868				3
8008870				3
8008885				3
8008887				3
8008900				3
8008912				3
8008914				3
8008922				3
8008933				3
8008963				3
8008965				3
8008967				3
8008969				3
8008980				3
8008982				3
8008991				3
8008995				3
8009006				3
8009008				3
8009014				3
8009040				3
8009073				3
8009075				3
8009094				3
8009096				3
8009145				3
8009164				3
8009176				3
8009183				3
8009205				3
8009227				3
8009241				3
8009243				3
8009253				3
8009255				3
8009275				3
8009277				3
8009299				3
8009301				3
8009322				3
8009324				3
8009326				3
8009334				3
8009343				3
8009349				3
8009351				3
8009353				3
8009366				3
8009380				3
8009382				3
8009417				3
8009430				3
8009432				3
8009443				3
8009457				3
8009474				3
8009476				3
8009491				3
8009493				3
8009502				3
8009513				3
8009515				3
8009517				3
8009524				3
8009526				3
8009533				3
8009552				3
8009561				3
8009568				3
8009585				3
8009602				3
8009631				3
8009639				3
8009653				3
8009662				3
8009666				3
8009685				3
8009693				3
8009705				3
8009713				3
8009721				3
8009727				3
8009737				3
8009746				3
8009755				3
8009759				3
8009761				3
8009784				3
8009792				3
8009794				3
8009796				3
8009832				3
8009844				3
8009873				3
8009875				3
8009913				3
8009929				3
8009932				3
8009951				3
8009995				3
8010012				3
8010017				3
8010021				3
8010030				3
8010036				3
8010050				3
8010057				3
8010059				3
8010061				3
8010071				3
8010078				3
8010080				3
8010082				3
8010084				3
8010086				3
8010092				3
8010113				3
8010137				3
8010139				3
8010161				3
8010184				3
8010186				3
8010188				3
8010210				3
8010212				3
8010237				3
8010243				3
8010248				3
8010260				3
8010271				3
8010285				3
8010287				3
8010295				3
8010313				3
8010320				3
8010328				3
8010354				3
8010379				3
8010405				3
8010426				3
8010454				3
8010499				3
8010512				3
8010550				3
8010560				3
8010562				3
8010583				3
8010590				3
8010614				3
8010622				3
8010624				3
8010629				3
8010638				3
8010664				3
8010673				3
8010686				3
8010696				3
8010702				3
8010719				3
8010737				3
8010747				3
8010766				3
8010768				3
8010770				3
8010778				3
8010780				3
8010783				3
8010785				3
8010787				3
8010804				3
8010820				3
8010832				3
8010841				3
8010848				3
8010897				3
8010901				3
8010903				3
8010915				3
8010918				3
8010924				3
8010946				3
8010949				3
8010963				3
8010967				3
8010978				3
8010983				3
8011009				3
8011011				3
8011018				3
8011027				3
8011062				3
8011077				3
8011093				3
8011110				3
8011112				3
8011114				3
8011131				3
8011141				3
8011188				3
8011193				3
8011200				3
8011212				3
8011214				3
8011218				3
8011220				3
8011222				3
8011245				3
8011262				3
8011270				3
8011275				3
8011291				3
8011293				3
8011320				3
8011322				3
8011324				3
8011328				3
8011331				3
8011337				3
8011339				3
8011341				3
8011343				3
8011354				3
8011375				3
8011396				3
8011407				3
8011415				3
8011430				3
8011462				3
8011480				3
8011499				3
8011516				3
8011542				3
8011599				3
8011626				3
8011640				3
8011671				3
8011678				3
8011680				3
8011692				3
8011713				3
8011724				3
8011732				3
8011734				3
8011747				3
8011759				3
8011765				3
8011774				3
8011797				3
8011808				3
8011817				3
8011823				3
8011826				3
8011832				3
8011850				3
8011861				3
8011875				3
8011884				3
8011912				3
8011924				3
8011945				3
8011968				3
8011975				3
8011990				3
8012000				3
8012004				3
8012006				3
8012013				3
8012028				3
8012043				3
8012054				3
8012079				3
8012099				3
8012110				3
8012116				3
8012126				3
8012138				3
8012140				3
8012150				3
8012166				3
8012197				3
8012207				3
8012212				3
8012218				3
8012220				3
8012226				3
8012247				3
8012257				3
8012270				3
8012274				3
8012282				3
8012285				3
8012304				3
8012309				3
8012326				3
8012344				3
8012349				3
8012376				3
8012383				3
8012397				3
8012403				3
8012416				3
8012423				3
8012450				3
8012464				3
8012466				3
8012469				3
8012473				3
8012475				3
8012518				3
8012520				3
8012528				3
8012535				3
8012539				3
8012558				3
8012581				3
8012591				3
8012598				3
8012605				3
8012625				3
8012663				3
8012696				3
8012726				3
8012753				3
8012787				3
8012823				3
8012830				3
8012837				3
8012839				3
8012841				3
8012843				3
8012852				3
8012854				3
8012856				3
8012883				3
8012887				3
8012891				3
8012893				3
8012896				3
8012906				3
8012908				3
8012918				3
8012924				3
8012928				3
8012931				3
8012949				3
8012951				3
8012953				3
8012958				3
8012961				3
8013013				3
8013015				3
8013022				3
8013026				3
8013035				3
8013042				3
8013049				3
8013061				3
8013068				3
8013071				3
8013089				3
8013094				3
8013109				3
8013112				3
8013120				3
8013131				3
8013135				3
8013157				3
8013159				3
8013177				3
8013179				3
8013191				3
8013222				3
8013243				3
8013259				3
8013262				3
8013268				3
8013272				3
8013292				3
8013294				3
8013305				3
8013307				3
8013309				3
8013312				3
8013319				3
8013323				3
8013325				3
8013327				3
8013329				3
8013331				3
8013341				3
8013348				3
8013354				3
8013356				3
8013358				3
8013360				3
8013362				3
8013364				3
8013384				3
8013399				3
8013431				3
8013448				3
8013450				3
8013465				3
8013473				3
8013479				3
8013484				3
8013486				3
8013500				3
8013507				3
8013509				3
8013515				3
8013517				3
8013519				3
8013521				3
8013523				3
8013525				3
8013527				3
8013529				3
8013531				3
8013533				3
8013536				3
8013567				3
8013570				3
8013572				3
8013574				3
8013581				3
8013588				3
8013602				3
8013606				3
8013616				3
8013622				3
8013633				3
8013641				3
8013660				3
8013671				3
8013696				3
8013741				3
8013747				3
8013753				3
8013771				3
8013776				3
8013784				3
8013786				3
8013788				3
8013804				3
8013812				3
8013833				3
8013858				3
8013860				3
8013906				3
8013908				3
8013915				3
8013917				3
8013919				3
8013923				3
8013947				3
8013965				3
8013985				3
8013987				3
8013989				3
8014008				3
8014023				3
8014025				3
8014033				3
8014035				3
8014037				3
8014047				3
8014057				3
8014063				3
8014066				3
8014071				3
8014073				3
8014081				3
8014100				3
8014113				3
8014115				3
8014140				3
8014142				3
8014144				3
8014158				3
8014160				3
8014167				3
8014169				3
8014172				3
8014189				3
8014197				3
8014199				3
8014214				3
8014230				3
8014233				3
8014241				3
8014248				3
8014257				3
8014259				3
8014264				3
8014269				3
8014282				3
8014298				3
8014316				3
8014326				3
8014334				3
8014342				3
8014349				3
8014361				3
8014369				3
8014376				3
8014391				3
8014397				3
8014414				3
8014420				3
8014435				3
8014437				3
8014452				3
8014454				3
8014485				3
8014487				3
8014551				3
8014574				3
8014591				3
8014603				3
8014633				3
8014648				3
8014650				3
8014664				3
8014666				3
8014679				3
8014700				3
8014702				3
8014704				3
8014706				3
8014723				3
8014738				3
8014749				3
8014755				3
8014757				3
8014768				3
8014787				3
8014794				3
8014812				3
8014825				3
8014841				3
8014861				3
8014863				3
8014865				3
8014871				3
8014882				3
8014891				3
8014903				3
8014916				3
8014925				3
8014954				3
8014956				3
8014969				3
8014974				3
8015014				3
8015016				3
8015031				3
8015037				3
8015039				3
8015049				3
8015060				3
8015070				3
8015078				3
8015087				3
8015095				3
8015104				3
8015115				3
8015124				3
8015133				3
8015144				3
8015152				3
8015163				3
8015169				3
8015173				3
8015179				3
8015187				3
8015189				3
8015196				3
8015206				3
8015208				3
8015210				3
8015214				3
8015218				3
8015221				3
8015223				3
8015230				3
8015232				3
8015236				3
8015240				3
8015242				3
8015247				3
8015252				3
8015257				3
8015262				3
8015268				3
8015273				3
8015280				3
8015287				3
8015293				3
8015301				3
8015312				3
8015323				3
8015337				3
8015349				3
8015357				3
8015366				3
8015376				3
8015387				3
8015396				3
8015410				3
8015412				3
8015432				3
8015445				3
8015456				3
8015460				3
8015490				3
8015503				3
8015511				3
8015526				3
8015545				3
8015554				3
8015572				3
8015575				3
8015590				3
8015607				3
8015635				3
8015642				3
8015655				3
8015665				3
8015681				3
8015685				3
8015706				3
8015712				3
8015715				3
8015730				3
8015735				3
8015737				3
8015739				3
8015741				3
8015757				3
8015759				3
8015769				3
8015796				3
8015798				3
8015802				3
8015804				3
8015806				3
8015821				3
8015827				3
8015835				3
8015846				3
8015868				3
8015884				3
8015890				3
8015900				3
8015906				3
8015908				3
8015914				3
8015944				3
8015946				3
8015955				3
8015969				3
8015991				3
8016016				3
8016018				3
8016033				3
8016042				3
8016044				3
8016077				3
8016086				3
8016088				3
8016094				3
8016099				3
8016128				3
8016139				3
8016147				3
8016155				3
8016159				3
8016168				3
8016187				3
8016194				3
8016213				3
8016215				3
8016232				3
8016239				3
8016245				3
8016257				3
8016259				3
8016261				3
8016263				3
8016266				3
8016283				3
8016285				3
8016300				3
8016311				3
8016320				3
8016324				3
8016336				3
8016366				3
8016371				3
8016382				3
8016387				3
8016390				3
8016400				3
8016402				3
8016412				3
8016414				3
8016429				3
8016431				3
8016433				3
8016438				3
8016444				3
8016452				3
8016455				3
8016457				3
8016463				3
8016468				3
8016473				3
8016476				3
8016482				3
8016484				3
8016487				3
8016494				3
8016504				3
8016508				3
8016519				3
8016521				3
8016523				3
8016532				3
8016540				3
8016546				3
8016552				3
8016562				3
8016578				3
8016590				3
8016600				3
8016607				3
8016609				3
8016615				3
8016628				3
8016640				3
8016646				3
8016699				3
8016708				3
8016718				3
8016725				3
8016733				3
8016735				3
8016739				3
8016745				3
8016787				3
8016789				3
8016806				3
8016808				3
8016825				3
8016832				3
8016841				3
8016847				3
8016858				3
8016866				3
8016868				3
8016870				3
8016878				3
8016891				3
8016898				3
8016909				3
8016932				3
8016947				3
8016980				3
8016982				3
8016994				3
8017010				3
8017019				3
8017039				3
8017057				3
8017061				3
8017096				3
8017098				3
8017100				3
8017102				3
8017104				3
8017106				3
8017133				3
8017139				3
8017141				3
8017143				3
8017148				3
8017150				3
8017162				3
8017173				3
8017186				3
8017210				3
8017212				3
8017235				3
8017251				3
8017253				3
8017257				3
8017259				3
8017262				3
8017283				3
8017310				3
8017312				3
8017344				3
8017346				3
8017361				3
8017363				3
8017365				3
8017378				3
8017391				3
8017393				3
8017402				3
8017421				3
8017437				3
8017460				3
8017476				3
8017480				3
8017488				3
8017499				3
8017505				3
8017511				3
8017521				3
8017547				3
8017555				3
8017582				3
8017597				3
8017599				3
8017619				3
8017621				3
8017634				3
8017651				3
8017671				3
8017675				3
8017688				3
8017702				3
8017704				3
8017711				3
8017718				3
8017736				3
8017766				3
8017776				3
8017810				3
8017825				3
8017827				3
8017829				3
8017831				3
8017840				3
8017843				3
8017850				3
8017867				3
8017885				3
8017927				3
8017964				3
8018006				3
8018038				3
8018078				3
8018082				3
8018093				3
8018095				3
8018097				3
8018102				3
8018107				3
8018114				3
8018156				3
8018164				3
8018169				3
8018177				3
8018184				3
8018189				3
8018196				3
8018209				3
8018220				3
8018236				3
8018251				3
8018258				3
8018264				3
8018288				3
8018295				3
8018297				3
8018305				3
8018315				3
8018324				3
8018343				3
8018352				3
8018364				3
8018377				3
8018379				3
8018400				3
8018428				3
8018439				3
8018445				3
8018449				3
8018482				3
8018494				3
8018502				3
8018511				3
8018522				3
8018558				3
8018579				3
8018600				3
8018620				3
8018646				3
8018652				3
8018673				3
8018694				3
8018708				3
8018731				3
8018754				3
8018761				3
8018774				3
8018786				3
8018791				3
8018793				3
8018803				3
8018814				3
8018816				3
8018818				3
8018823				3
8018849				3
8018860				3
8018864				3
8018870				3
8018872				3
8018902				3
8018906				3
8018908				3
8018922				3
8018935				3
8018937				3
8018966				3
8018972				3
8018975				3
8018982				3
8018993				3
8019005				3
8019010				3
8019018				3
8019031				3
8019046				3
8019061				3
8019071				3
8019074				3
8019081				3
8019083				3
8019088				3
8019090				3
8019108				3
8019136				3
8019149				3
8019170				3
8019177				3
8019181				3
8019183				3
8019194				3
8019211				3
8019231				3
8019238				3
8019243				3
8019250				3
8019263				3
8019273				3
8019280				3
8019296				3
8019308				3
8019316				3
8019331				3
8019334				3
8019347				3
8019350				3
8019357				3
8019367				3
8019376				3
8019392				3
8019437				3
8019463				3
8019478				3
8019486				3
8019494				3
8019507				3
8019517				3
8019521				3
8019523				3
8019532				3
8019541				3
8019545				3
8019559				3
8019561				3
8019563				3
8019565				3
8019570				3
8019574				3
8019576				3
8019578				3
8019585				3
8019588				3
8019593				3
8019597				3
8019599				3
8019604				3
8019614				3
8019622				3
8019631				3
8019633				3
8019635				3
8019637				3
8019639				3
8019641				3
8019643				3
8019647				3
8019649				3
8019651				3
8019655				3
8019669				3
8019687				3
8019693				3
8019699				3
8019703				3
8019705				3
8019707				3
8019709				3
8019711				3
8019716				3
8019731				3
8019737				3
8019751				3
8019754				3
8019762				3
8019765				3
8019772				3
8019778				3
8019796				3
8019798				3
8019802				3
8019804				3
8019807				3
8019828				3
8019831				3
8019842				3
8019851				3
8019857				3
8019875				3
8019877				3
8019885				3
8019908				3
8019910				3
8019912				3
8019924				3
8019930				3
8019937				3
8019939				3
8019954				3
8019958				3
8019960				3
8019962				3
8019964				3
8019988				3
8020025				3
8020027				3
8020029				3
8020037				3
8020058				3
8020068				3
8020086				3
8020088				3
8020090				3
8020100				3
8020110				3
8020123				3
8020129				3
8020139				3
8020141				3
8020149				3
8020162				3
8020164				3
8020179				3
8020183				3
8020197				3
8020209				3
8020211				3
8020220				3
8020226				3
8020239				3
8020241				3
8020252				3
8020254				3
8020267				3
8020308				3
8020321				3
8020323				3
8020339				3
8020343				3
8020347				3
8020349				3
8020352				3
8020354				3
8020357				3
8020375				3
8020377				3
8020382				3
8020384				3
8020411				3
8020419				3
8020421				3
8020423				3
8020449				3
8020451				3
8020453				3
8020455				3
8020464				3
8020466				3
8020468				3
8020491				3
8020493				3
8020495				3
8020508				3
8020527				3
8020549				3
8020551				3
8020630				3
8020647				3
8020650				3
8020653				3
8020664				3
8020666				3
8020668				3
8020682				3
8020684				3
8020691				3
8020702				3
8020717				3
8020722				3
8020724				3
8020740				3
8020760				3
8020762				3
8020779				3
8020795				3
8020802				3
8020804				3
8020806				3
8020814				3
8020825				3
8020827				3
8020842				3
8020844				3
8020847				3
8020878				3
8020889				3
8020898				3
8020903				3
8020919				3
8020930				3
8020955				3
8020971				3
8020973				3
8021001				3
8021013				3
8021015				3
8021043				3
8021045				3
8021047				3
8021058				3
8021081				3
8021091				3
8021101				3
8021113				3
8021120				3
8021129				3
8021131				3
8021147				3
8021150				3
8021152				3
8021154				3
8021169				3
8021181				3
8021183				3
8021185				3
8021187				3
8021199				3
8021208				3
8021222				3
8021228				3
8021243				3
8021245				3
8021275				3
8021286				3
8021297				3
8021301				3
8021312				3
8021342				3
8021344				3
8021349				3
8021357				3
8021363				3
8021365				3
8021368				3
8021372				3
8021374				3
8021376				3
8021416				3
8021418				3
8021438				3
8021440				3
8021442				3
8021453				3
8021461				3
8021468				3
8021470				3
8021478				3
8021480				3
8021482				3
8021484				3
8021496				3
8021528				3
8021540				3
8021542				3
8021546				3
8021563				3
8021565				3
8021584				3
8021594				3
8021603				3
8021614				3
8021623				3
8021635				3
8021645				3
8021653				3
8021664				3
8021666				3
8021668				3
8021683				3
8021685				3
8021695				3
8021707				3
8021712				3
8021714				3
8021716				3
8021725				3
8021727				3
8021741				3
8021756				3
8021768				3
8021774				3
8021777				3
8021783				3
8021818				3
8021824				3
8021826				3
8021832				3
8021866				3
8021884				3
8021900				3
8021905				3
8021914				3
8021919				3
8021924				3
8021946				3
8021961				3
8021963				3
8021966				3
8021984				3
8021993				3
8021995				3
8022007				3
8022009				3
8022020				3
8022022				3
8022043				3
8022045				3
8022085				3
8022100				3
8022102				3
8022104				3
8022106				3
8022110				3
8022118				3
8022145				3
8022168				3
8022170				3
8022174				3
8022176				3
8022243				3
8022245				3
8022247				3
8022249				3
8022251				3
8022275				3
8022277				3
8022279				3
8022281				3
8022283				3
8022295				3
8022310				3
8022320				3
8022326				3
8022338				3
8022340				3
8022342				3
8022356				3
8022378				3
8022380				3
8022393				3
8022404				3
8022410				3
8022412				3
8022418				3
8022420				3
8022424				3
8022426				3
8022428				3
8022434				3
8022436				3
8022439				3
8022441				3
8022471				3
8022473				3
8022488				3
8022498				3
8022500				3
8022502				3
8022504				3
8022506				3
8022508				3
8022514				3
8022531				3
8022557				3
8022559				3
8022570				3
8022572				3
8022606				3
8022608				3
8022610				3
8022612				3
8022623				3
8022625				3
8022640				3
8022642				3
8022644				3
8022646				3
8022653				3
8022655				3
8022666				3
8022674				3
8022692				3
8022711				3
8022728				3
8022745				3
8022747				3
8022761				3
8022763				3
8022767				3
8022799				3
8022801				3
8022803				3
8022814				3
8022817				3
8022831				3
8022856				3
8022870				3
8022872				3
8022882				3
8022892				3
8022902				3
8022912				3
8022914				3
8022927				3
8022941				3
8022952				3
8022970				3
8022972				3
8022974				3
8022976				3
8022986				3
8022994				3
8022996				3
8023043				3
8023059				3
8023061				3
8023063				3
8023078				3
8023080				3
8023121				3
8023133				3
8023152				3
8023154				3
8023156				3
8023159				3
8023165				3
8023175				3
8023184				3
8023187				3
8023189				3
8023191				3
8023195				3
8023212				3
8023216				3
8023218				3
8023220				3
8023228				3
8023246				3
8023252				3
8023259				3
8023261				3
8023267				3
8023308				3
8023310				3
8023312				3
8023314				3
8023323				3
8023344				3
8023361				3
8023373				3
8023375				3
8023377				3
8023380				3
8023382				3
8023392				3
8023394				3
8023401				3
8023415				3
8023437				3
8023448				3
8023450				3
8023462				3
8023466				3
8023481				3
8023497				3
8023526				3
8023528				3
8023545				3
8023547				3
8023549				3
8023554				3
8023561				3
8023575				3
8023591				3
8023593				3
8023596				3
8023598				3
8023605				3
8023640				3
8023642				3
8023644				3
8023646				3
8023656				3
8023672				3
8023688				3
8023696				3
8023703				3
8023708				3
8023710				3
8023727				3
8023735				3
8023755				3
8023757				3
8023766				3
8023816				3
8023822				3
8023828				3
8023843				3
8023855				3
8023862				3
8023864				3
8023868				3
8023871				3
8023876				3
8023882				3
8023889				3
8023906				3
8023908				3
8023910				3
8023914				3
8023920				3
8023926				3
8023933				3
8023935				3
8023937				3
8023939				3
8023941				3
8023948				3
8023955				3
8023968				3
8023977				3
8023984				3
8023990				3
8023995				3
8024001				3
8024003				3
8024013				3
8024019				3
8024038				3
8024048				3
8024056				3
8024062				3
8024070				3
8024078				3
8024089				3
8024100				3
8024111				3
8024120				3
8024170				3
8024194				3
8024204				3
8024219				3
8024228				3
8024238				3
8024246				3
8024250				3
8024255				3
8024273				3
8024282				3
8024299				3
8024304				3
8024306				3
8024323				3
8024331				3
8024347				3
8024356				3
8024358				3
8024373				3
8024391				3
8024420				3
8024429				3
8024436				3
8024444				3
8024446				3
8024467				3
8024485				3
8024494				3
8024497				3
8024511				3
8024518				3
8024527				3
8024532				3
8024537				3
8024557				3
8024566				3
8024572				3
8024582				3
8024584				3
8024605				3
8024623				3
8024637				3
8024655				3
8024660				3
8024676				3
8024682				3
8024687				3
8024708				3
8024712				3
8024728				3
8024740				3
8024754				3
8024768				3
8024792				3
8024798				3
8024808				3
8024816				3
8024829				3
8024843				3
8024864				3
8024882				3
8024885				3
8024888				3
8024896				3
8024898				3
8024900				3
8024909				3
8024934				3
8024936				3
8024956				3
8024966				3
8024971				3
8024995				3
8025000				3
8025004				3
8025011				3
8025028				3
8025035				3
8025041				3
8025051				3
8025053				3
8025058				3
8025076				3
8025103				3
8025124				3
8025126				3
8025129				3
8025132				3
8025142				3
8025169				3
8025179				3
8025183				3
8025199				3
8025237				3
8025255				3
8025278				3
8025285				3
8025296				3
8025301				3
8025303				3
8025321				3
8025328				3
8025347				3
8025351				3
8025368				3
8025375				3
8025382				3
8025395				3
8025402				3
8025414				3
8025421				3
8025429				3
8025450				3
8025452				3
8025456				3
8025458				3
8025470				3
8025474				3
8025476				3
8025478				3
8025488				3
8025498				3
8025500				3
8025506				3
8025515				3
8025522				3
8025551				3
8025563				3
8025584				3
8025586				3
8025601				3
8025612				3
8025621				3
8025633				3
8025659				3
8025672				3
8025697				3
8025728				3
8025741				3
8025766				3
8025783				3
8025788				3
8025826				3
8025828				3
8025850				3
8025858				3
8025868				3
8025877				3
8025888				3
8025893				3
8025895				3
8025918				3
8025927				3
8025933				3
8025945				3
8025951				3
8025958				3
8025964				3
8025968				3
8025973				3
8025978				3
8025982				3
8025984				3
8025990				3
8025992				3
8025996				3
8025998				3
8026005				3
8026007				3
8026013				3
8026024				3
8026035				3
8026047				3
8026051				3
8026063				3
8026090				3
8026106				3
8026122				3
8026133				3
8026139				3
8026155				3
8026163				3
8026170				3
8026182				3
8026193				3
8026198				3
8026212				3
8026214				3
8026217				3
8026250				3
8026265				3
8026272				3
8026292				3
8026294				3
8026298				3
8026300				3
8026315				3
8026339				3
8026341				3
8026350				3
8026361				3
8026363				3
8026365				3
8026381				3
8026383				3
8026385				3
8026388				3
8026390				3
8026398				3
8026405				3
8026407				3
8026418				3
8026420				3
8026422				3
8026424				3
8026440				3
8026442				3
8026456				3
8026468				3
8026483				3
8026486				3
8026488				3
8026490				3
8026494				3
8026496				3
8026503				3
8026513				3
8026520				3
8026533				3
8026541				3
8026548				3
8026564				3
8026568				3
8026579				3
8026587				3
8026610				3
8026631				3
8026638				3
8026679				3
8026687				3
8026696				3
8026698				3
8026712				3
8026724				3
8026729				3
8026735				3
8026751				3
8026763				3
8026780				3
8026787				3
8026806				3
8026821				3
8026830				3
8026861				3
8026868				3
8026875				3
8026877				3
8026895				3
8026900				3
8026915				3
8026926				3
8026954				3
8026971				3
8026982				3
8026989				3
8026991				3
8027002				3
8027006				3
8027018				3
8027024				3
8027032				3
8027040				3
8027049				3
8027053				3
8027074				3
8027100				3
8027117				3
8027128				3
8027139				3
8027152				3
8027167				3
8027169				3
8027184				3
8027205				3
8027213				3
8027222				3
8027233				3
8027239				3
8027241				3
8027247				3
8027254				3
8027258				3
8027260				3
8027266				3
8027268				3
8027272				3
8027279				3
8027285				3
8027292				3
8027297				3
8027304				3
8027312				3
8027320				3
8027323				3
8027330				3
8027332				3
8027341				3
8027343				3
8027345				3
8027348				3
8027352				3
8027354				3
8027363				3
8027368				3
8027377				3
8027381				3
8027383				3
8027385				3
8027390				3
8027398				3
8027402				3
8027414				3
8027416				3
8027429				3
8027431				3
8027437				3
8027439				3
8027448				3
8027473				3
8027480				3
8027482				3
8027510				3
8027519				3
8027521				3
8027543				3
8027556				3
8027564				3
8027566				3
8027574				3
8027584				3
8027592				3
8027604				3
8027621				3
8027642				3
8027650				3
8027665				3
8027674				3
8027685				3
8027692				3
8027701				3
8027719				3
8027728				3
8027744				3
8027746				3
8027748				3
8027760				3
8027770				3
8027778				3
8027793				3
8027805				3
8027819				3
8027824				3
8027837				3
8027854				3
8027856				3
8027860				3
8027862				3
8027864				3
8027876				3
8027884				3
8027886				3
8027908				3
8027920				3
8027932				3
8027938				3
8027947				3
8027956				3
8027996				3
8028002				3
8028004				3
8028016				3
8028030				3
8028058				3
8028084				3
8028102				3
8028104				3
8028112				3
8028117				3
8028119				3
8028158				3
8028162				3
8028172				3
8028186				3
8028190				3
8028192				3
8028194				3
8028200				3
8028206				3
8028213				3
8028219				3
8028227				3
8028233				3
8028241				3
8028248				3
8028254				3
8028266				3
8028275				3
8028277				3
8028279				3
8028281				3
8028283				3
8028286				3
8028309				3
8028311				3
8028323				3
8028325				3
8028332				3
8028341				3
8028380				3
8028389				3
8028397				3
8028407				3
8028514				3
8028524				3
8028546				3
8028552				3
8028563				3
8028570				3
8028583				3
8028600				3
8028607				3
8028613				3
8028624				3
8028643				3
8028645				3
8028652				3
8028656				3
8028674				3
8028705				3
8028719				3
8028730				3
8028737				3
8028742				3
8028744				3
8028750				3
8028756				3
8028770				3
8028778				3
8028789				3
8028791				3
8028806				3
8028851				3
8028872				3
8028908				3
8028916				3
8028924				3
8028930				3
8028940				3
8028950				3
8028955				3
8028963				3
8028973				3
8028984				3
8028991				3
8029006				3
8029029				3
8029050				3
8029056				3
8029065				3
8029076				3
8029086				3
8029098				3
8029107				3
8029117				3
8029129				3
8029136				3
8029147				3
8029182				3
8029188				3
8029193				3
8029214				3
8029219				3
8029236				3
8029273				3
8029278				3
8029280				3
8029289				3
8029299				3
8029301				3
8029306				3
8029311				3
8029318				3
8029321				3
8029331				3
8029340				3
8029347				3
8029353				3
8029360				3
8029368				3
8029375				3
8029377				3
8029385				3
8029392				3
8029399				3
8029413				3
8029423				3
8029435				3
8029437				3
8029446				3
8029458				3
8029465				3
8029476				3
8029489				3
8029507				3
8029521				3
8029530				3
8029536				3
8029541				3
8029547				3
8029551				3
8029560				3
8029580				3
8029592				3
8029615				3
8029617				3
8029624				3
8029640				3
8029642				3
8029669				3
8029671				3
8029688				3
8029693				3
8029701				3
8029710				3
8029726				3
8029728				3
8029744				3
8029754				3
8029759				3
8029773				3
8029779				3
8029784				3
8029814				3
8029829				3
8029831				3
8029845				3
8029847				3
8029854				3
8029856				3
8029870				3
8029884				3
8029894				3
8029907				3
8029914				3
8029918				3
8029937				3
8029939				3
8029950				3
8029958				3
8029969				3
8029978				3
8029988				3
8029996				3
8030002				3
8030007				3
8030015				3
8030022				3
8030035				3
8030044				3
8030049				3
8030064				3
8030067				3
8030076				3
8030078				3
8030092				3
8030094				3
8030105				3
8030113				3
8030128				3
8030133				3
8030148				3
8030158				3
8030171				3
8030181				3
8030187				3
8030197				3
8030199				3
8030212				3
8030220				3
8030251				3
8030277				3
8030292				3
8030299				3
8030321				3
8030339				3
8030351				3
8030360				3
8030362				3
8030364				3
8030366				3
8030368				3
8030374				3
8030383				3
8030391				3
8030393				3
8030403				3
8030416				3
8030429				3
8030437				3
8030448				3
8030470				3
8030498				3
8030525				3
8030539				3
8030557				3
8030563				3
8030569				3
8030578				3
8030582				3
8030630				3
8030641				3
8030671				3
8030677				3
8030706				3
8030721				3
8030731				3
8030733				3
8030736				3
8030749				3
8030753				3
8030768				3
8030782				3
8030789				3
8030796				3
8030804				3
8030813				3
8030823				3
8030826				3
8030831				3
8030838				3
8030840				3
8030842				3
8030844				3
8030846				3
8030848				3
8030860				3
8030866				3
8030871				3
8030879				3
8030881				3
8030899				3
8030908				3
8030914				3
8030925				3
8030931				3
8030939				3
8030944				3
8030946				3
8030950				3
8030954				3
8030964				3
8030969				3
8030972				3
8030974				3
8030978				3
8030980				3
8030982				3
8030991				3
8030993				3
8030997				3
8030999				3
8031011				3
8031013				3
8031027				3
8031029				3
8031031				3
8031035				3
8031037				3
8031039				3
8031045				3
8031047				3
8031057				3
8031076				3
8031084				3
8031090				3
8031097				3
8031102				3
8031122				3
8031145				3
8031152				3
8031157				3
8031176				3
8031196				3
8031200				3
8031207				3
8031213				3
8031223				3
8031238				3
8031253				3
8031260				3
8031277				3
8031293				3
8031297				3
8031311				3
8031328				3
8031344				3
8031346				3
8031358				3
8031374				3
8031387				3
8031398				3
8031414				3
8031439				3
8031441				3
8031466				3
8031475				3
8031483				3
8031489				3
8031495				3
8031499				3
8031511				3
8031514				3
8031516				3
8031522				3
8031526				3
8031536				3
8031550				3
8031566				3
8031568				3
8031570				3
8031573				3
8031576				3
8031586				3
8031600				3
8031615				3
8031617				3
8031622				3
8031629				3
8031632				3
8031640				3
8031646				3
8031650				3
8031659				3
8031669				3
8031675				3
8031680				3
8031682				3
8031684				3
8031686				3
8031690				3
8031700				3
8031712				3
8031714				3
8031720				3
8031726				3
8031732				3
8031737				3
8031744				3
8031748				3
8031750				3
8031759				3
8031762				3
8031768				3
8031778				3
8031784				3
8031792				3
8031799				3
8031807				3
8031815				3
8031821				3
8031825				3
8031827				3
8031837				3
8031840				3
8031843				3
8031847				3
8031857				3
8031865				3
8031867				3
8031871				3
8031884				3
8031893				3
8031899				3
8031906				3
8031908				3
8031913				3
8031931				3
8031933				3
8031939				3
8031949				3
8031956				3
8031962				3
8031973				3
8031981				3
8031984				3
8031990				3
8031992				3
8031997				3
8031999				3
8032009				3
8032023				3
8032034				3
8032037				3
8032051				3
8032057				3
8032070				3
8032076				3
8032088				3
8032094				3
8032106				3
8032127				3
8032137				3
8032149				3
8032157				3
8032197				3
8032208				3
8032212				3
8032214				3
8032224				3
8032232				3
8032249				3
8032265				3
8032273				3
8032275				3
8032284				3
8032290				3
8032312				3
8032347				3
8032365				3
8032371				3
8032375				3
8032380				3
8032392				3
8032410				3
8032418				3
8032455				3
8032465				3
8032473				3
8032478				3
8032480				3
8032484				3
8032491				3
8032507				3
8032509				3
8032518				3
8032525				3
8032530				3
8032544				3
8032553				3
8032576				3
8032588				3
8032595				3
8032601				3
8032608				3
8032623				3
8032637				3
8032650				3
8032670				3
8032682				3
8032699				3
8032718				3
8032730				3
8032749				3
8032751				3
8032755				3
8032761				3
8032770				3
8032782				3
8032789				3
8032804				3
8032815				3
8032829				3
8032834				3
8032839				3
8032863				3
8032871				3
8032899				3
8032909				3
8032922				3
8032926				3
8032965				3
8032972				3
8032974				3
8032996				3
8033002				3
8033023				3
8033025				3
8033043				3
8033054				3
8033064				3
8033069				3
8033075				3
8033097				3
8033118				3
8033135				3
8033151				3
8033159				3
8033162				3
8033179				3
8033190				3
8033207				3
8033233				3
8033241				3
8033248				3
8033257				3
8033300				3
8033319				3
8033330				3
8033332				3
8033349				3
8033352				3
8033356				3
8033359				3
8033362				3
8033385				3
8033392				3
8033414				3
8033420				3
8033433				3
8033445				3
8033455				3
8033458				3
8033460				3
8033462				3
8033465				3
8033479				3
8033487				3
8033554				3
8033564				3
8033571				3
8033587				3
8033598				3
8033605				3
8033635				3
8033662				3
8033667				3
8033674				3
8033734				3
8033736				3
8033738				3
8033740				3
8033742				3
8033744				3
8033746				3
8033754				3
8033767				3
8033780				3
8033789				3
8033795				3
8033801				3
8033809				3
8033813				3
8033818				3
8033825				3
8033892				3
8033899				3
8033912				3
8033956				3
8033960				3
8033969				3
8033987				3
8033996				3
8034021				3
8034034				3
8034043				3
8034055				3
8034075				3
8034084				3
8034097				3
8034099				3
8034101				3
8034108				3
8034122				3
8034130				3
8034151				3
8034199				3
8034202				3
8034210				3
8034217				3
8034227				3
8034249				3
8034263				3
8034276				3
8034286				3
8034297				3
8034299				3
8034304				3
8034313				3
8034315				3
8034320				3
8034326				3
8034330				3
8034332				3
8034334				3
8034342				3
8034344				3
8034349				3
8034370				3
8034379				3
8034390				3
8034393				3
8034395				3
8034401				3
8034408				3
8034416				3
8034420				3
8034448				3
8034454				3
8034469				3
8034482				3
8034512				3
8034514				3
8034521				3
8034544				3
8034555				3
8034565				3
8034578				3
8034583				3
8034589				3
8034605				3
8034608				3
8034615				3
8034631				3
8034643				3
8034694				3
8034696				3
8034698				3
8034700				3
8034712				3
8034722				3
8034744				3
8034747				3
8034754				3
8034762				3
8034772				3
8034783				3
8034806				3
8034821				3
8034827				3
8034837				3
8034843				3
8034851				3
8034871				3
8034873				3
8034890				3
8034892				3
8034897				3
8034899				3
8034901				3
8034905				3
8034907				3
8034920				3
8034940				3
8034974				3
8034983				3
8035007				3
8035023				3
8035040				3
8035050				3
8035069				3
8035078				3
8035080				3
8035083				3
8035095				3
8035110				3
8035120				3
8035144				3
8035146				3
8035156				3
8035175				3
8035177				3
8035187				3
8035193				3
8035201				3
8035232				3
8035234				3
8035236				3
8035249				3
8035254				3
8035271				3
8035278				3
8035297				3
8035304				3
8035311				3
8035315				3
8035318				3
8035345				3
8035351				3
8035380				3
8035398				3
8035408				3
8035435				3
8035445				3
8035449				3
8035456				3
8035465				3
8035477				3
8035494				3
8035506				3
8035517				3
8035539				3
8035551				3
8035553				3
8035566				3
8035579				3
8035581				3
8035600				3
8035612				3
8035628				3
8035639				3
8035646				3
8035648				3
8035666				3
8035682				3
8035684				3
8035694				3
8035703				3
8035714				3
8035737				3
8035765				3
8035773				3
8035779				3
8035782				3
8035787				3
8035789				3
8035793				3
8035795				3
8035801				3
8035803				3
8035808				3
8035813				3
8035819				3
8035825				3
8035829				3
8035831				3
8035836				3
8035838				3
8035842				3
8035847				3
8035855				3
8035859				3
8035863				3
8035865				3
8035868				3
8035880				3
8035884				3
8035886				3
8035896				3
8035901				3
8035903				3
8035905				3
8035935				3
8035937				3
8035939				3
8035941				3
8035956				3
8035958				3
8035980				3
8035993				3
8036004				3
8036010				3
8036025				3
8036027				3
8036029				3
8036031				3
8036033				3
8036038				3
8036045				3
8036055				3
8036069				3
8036072				3
8036079				3
8036103				3
8036110				3
8036133				3
8036136				3
8036143				3
8036151				3
8036155				3
8036170				3
8036172				3
8036176				3
8036207				3
8036224				3
8036232				3
8036242				3
8036252				3
8036270				3
8036276				3
8036284				3
8036291				3
8036300				3
8036302				3
8036304				3
8036309				3
8036318				3
8036324				3
8036333				3
8036341				3
8036351				3
8036357				3
8036363				3
8036365				3
8036373				3
8036389				3
8036395				3
8036403				3
8036406				3
8036416				3
8036418				3
8036420				3
8036430				3
8036436				3
8036444				3
8036451				3
8036460				3
8036473				3
8036479				3
8036483				3
8036494				3
8036503				3
8036525				3
8036557				3
8036563				3
8036584				3
8036589				3
8036591				3
8036602				3
8036613				3
8036622				3
8036636				3
8036656				3
8036676				3
8036686				3
8036689				3
8036699				3
8036702				3
8036707				3
8036710				3
8036720				3
8036737				3
8036744				3
8036749				3
8036755				3
8036763				3
8036777				3
8036787				3
8036808				3
8036813				3
8036820				3
8036830				3
8036835				3
8036840				3
8036862				3
8036865				3
8036867				3
8036881				3
8036883				3
8036890				3
8036902				3
8036908				3
8036913				3
8036923				3
8036936				3
8036938				3
8036954				3
8036956				3
8036969				3
8036981				3
8036989				3
8036993				3
8037001				3
8037003				3
8037005				3
8037018				3
8037023				3
8037032				3
8037037				3
8037043				3
8037045				3
8037053				3
8037061				3
8037071				3
8037079				3
8037103				3
8037123				3
8037144				3
8037152				3
8037166				3
8037170				3
8037179				3
8037186				3
8037197				3
8037205				3
8037222				3
8037231				3
8037236				3
8037240				3
8037246				3
8037251				3
8037259				3
8037267				3
8037272				3
8037283				3
8037290				3
8037298				3
8037301				3
8037309				3
8037315				3
8037322				3
8037331				3
8037352				3
8037355				3
8037363				3
8037374				3
8037387				3
8037389				3
8037408				3
8037422				3
8037430				3
8037433				3
8037444				3
8037453				3
8037459				3
8037467				3
8037474				3
8037482				3
8037495				3
8037502				3
8037505				3
8037513				3
8037525				3
8037535				3
8037537				3
8037563				3
8037579				3
8037594				3
8037608				3
8037614				3
8037621				3
8037640				3
8037642				3
8037647				3
8037651				3
8037657				3
8037679				3
8037688				3
8037695				3
8037723				3
8037728				3
8037732				3
8037737				3
8037742				3
8037750				3
8037755				3
8037760				3
8037762				3
8037767				3
8037775				3
8037785				3
8037788				3
8037794				3
8037814				3
8037816				3
8037835				3
8037847				3
8037853				3
8037856				3
8037872				3
8037878				3
8037888				3
8037898				3
8037913				3
8037931				3
8037947				3
8037949				3
8037959				3
8037962				3
8037970				3
8037991				3
8038023				3
8038029				3
8038048				3
8038069				3
8038078				3
8038086				3
8038093				3
8038109				3
8038117				3
8038126				3
8038137				3
8038139				3
8038150				3
8038163				3
8038177				3
8038192				3
8038200				3
8038202				3
8038213				3
8038225				3
8038246				3
8038261				3
8038278				3
8038280				3
8038288				3
8038292				3
8038299				3
8038305				3
8038309				3
8038314				3
8038319				3
8038326				3
8038343				3
8038347				3
8038362				3
8038367				3
8038382				3
8038393				3
8038395				3
8038407				3
8038416				3
8038427				3
8038441				3
8038443				3
8038458				3
8038477				3
8038487				3
8038505				3
8038515				3
8038532				3
8038540				3
8038547				3
8038556				3
8038565				3
8038571				3
8038577				3
8038584				3
8038587				3
8038598				3
8038624				3
8038633				3
8038643				3
8038653				3
8038655				3
8038668				3
8038670				3
8038683				3
8038695				3
8038707				3
8038716				3
8038725				3
8038735				3
8038747				3
8038760				3
8038770				3
8038782				3
8038785				3
8038792				3
8038804				3
8038809				3
8038815				3
8038824				3
8038839				3
8038852				3
8038861				3
8038874				3
8038877				3
8038885				3
8038890				3
8038899				3
8038904				3
8038913				3
8038919				3
8038925				3
8038933				3
8038942				3
8038949				3
8038952				3
8038954				3
8038960				3
8038962				3
8038967				3
8038981				3
8038989				3
8038993				3
8038998				3
8039006				3
8039010				3
8039013				3
8039017				3
8039025				3
8039034				3
8039044				3
8039054				3
8039062				3
8039068				3
8039070				3
8039075				3
8039078				3
8039084				3
8039086				3
8039090				3
8039092				3
8039094				3
8039096				3
8039109				3
8039120				3
8039131				3
8039139				3
8039144				3
8039164				3
8039166				3
8039180				3
8039196				3
8039210				3
8039212				3
8039226				3
8039236				3
8039246				3
8039257				3
8039269				3
8039273				3
8039280				3
8039294				3
8039306				3
8039316				3
8039340				3
8039353				3
8039362				3
8039378				3
8039389				3
8039409				3
8039413				3
8039440				3
8039453				3
8039462				3
8039474				3
8039477				3
8039484				3
8039491				3
8039498				3
8039504				3
8039511				3
8039520				3
8039524				3
8039526				3
8039530				3
8039533				3
8039545				3
8039557				3
8039569				3
8039574				3
8039577				3
8039584				3
8039586				3
8039593				3
8039605				3
8039607				3
8039625				3
8039635				3
8039642				3
8039645				3
8039655				3
8039664				3
8039672				3
8039674				3
8039680				3
8039687				3
8039692				3
8039695				3
8039698				3
8039706				3
8039713				3
8039719				3
8039730				3
8039740				3
8039748				3
8039759				3
8039766				3
8039769				3
8039771				3
8039779				3
8039791				3
8039796				3
8039805				3
8039809				3
8039820				3
8039829				3
8039842				3
8039859				3
8039871				3
8039884				3
8039892				3
8039896				3
8039905				3
8039909				3
8039923				3
8039928				3
8039933				3
8039937				3
8039939				3
8039945				3
8039947				3
8039961				3
8039975				3
8039977				3
8039996				3
8040018				3
8040034				3
8040036				3
8040045				3
8040053				3
8040068				3
8040070				3
8040073				3
8040077				3
8040080				3
8040090				3
8040101				3
8040103				3
8040111				3
8040113				3
8040142				3
8040163				3
8040171				3
8040173				3
8040190				3
8040211				3
8040221				3
8040223				3
8040231				3
8040238				3
8040247				3
8040249				3
8040265				3
8040270				3
8040278				3
8040286				3
8040288				3
8040290				3
8040292				3
8040334				3
8040336				3
8040338				3
8040340				3
8040362				3
8040365				3
8040372				3
8040374				3
8040386				3
8040413				3
8040415				3
8040417				3
8040419				3
8040426				3
8040428				3
8040430				3
8040440				3
8040456				3
8040458				3
8040463				3
8040465				3
8040467				3
8040469				3
8040473				3
8040477				3
8040479				3
8040483				3
8040486				3
8040488				3
8040490				3
8040503				3
8040514				3
8040516				3
8040522				3
8040528				3
8040530				3
8040541				3
8040547				3
8040549				3
8040552				3
8040576				3
8040578				3
8040587				3
8040614				3
8040616				3
8040618				3
8040630				3
8040632				3
8040639				3
8040655				3
8040672				3
8040690				3
8040695				3
8040698				3
8040712				3
8040725				3
8040742				3
8040753				3
8040774				3
8040792				3
8040802				3
8040815				3
8040827				3
8040831				3
8040843				3
8040889				3
8040898				3
8040908				3
8040927				3
8040949				3
8040960				3
8040980				3
8040985				3
8041000				3
8041015				3
8041027				3
8041031				3
8041048				3
8041061				3
8041122				3
8041138				3
8041149				3
8041168				3
8041170				3
8041172				3
8041179				3
8041197				3
8041204				3
8041206				3
8041212				3
8041223				3
8041225				3
8041234				3
8041236				3
8041255				3
8041257				3
8041273				3
8041281				3
8041283				3
8041360				3
8041383				3
8041420				3
8041422				3
8041445				3
8041447				3
8041467				3
8041487				3
8041495				3
8041508				3
8041519				3
8041536				3
8041540				3
8041542				3
8041553				3
8041561				3
8041568				3
8041570				3
8041582				3
8041592				3
8041617				3
8041636				3
8041638				3
8041640				3
8041642				3
8041644				3
8041676				3
8041696				3
8041711				3
8041713				3
8041727				3
8041745				3
8041759				3
8041763				3
8041781				3
8041804				3
8041808				3
8041813				3
8041820				3
8041826				3
8041853				3
8041867				3
8041886				3
8041888				3
8041900				3
8041902				3
8041913				3
8041937				3
8041940				3
8041957				3
8041961				3
8041967				3
8041982				3
8041987				3
8041995				3
8042038				3
8042040				3
8042052				3
8042059				3
8042062				3
8042066				3
8042079				3
8042086				3
8042107				3
8042109				3
8042111				3
8042113				3
8042115				3
8042117				3
8042119				3
8042144				3
8042157				3
8042159				3
8042161				3
8042168				3
8042195				3
8042207				3
8042211				3
8042219				3
8042221				3
8042223				3
8042251				3
8042257				3
8042259				3
8042270				3
8042283				3
8042291				3
8042306				3
8042308				3
8042310				3
8042324				3
8042326				3
8042333				3
8042335				3
8042337				3
8042346				3
8042356				3
8042373				3
8042381				3
8042391				3
8042402				3
8042413				3
8042416				3
8042431				3
8042439				3
8042460				3
8042462				3
8042464				3
8042466				3
8042468				3
8042487				3
8042495				3
8042501				3
8042503				3
8042513				3
8042515				3
8042519				3
8042530				3
8042532				3
8042537				3
8042556				3
8042558				3
8042566				3
8042568				3
8042574				3
8042576				3
8042588				3
8042601				3
8042637				3
8042694				3
8042696				3
8042701				3
8042705				3
8042720				3
8042737				3
8042761				3
8042769				3
8042772				3
8042788				3
8042801				3
8042811				3
8042825				3
8042827				3
8042830				3
8042843				3
8042859				3
8042867				3
8042874				3
8042896				3
8042905				3
8042917				3
8042925				3
8042942				3
8042953				3
8042958				3
8042960				3
8042962				3
8042970				3
8042972				3
8042974				3
8042976				3
8042978				3
8042986				3
8042993				3
8043018				3
8043020				3
8043022				3
8043024				3
8043026				3
8043028				3
8043030				3
8043032				3
8043034				3
8043036				3
8043038				3
8043040				3
8043043				3
8043055				3
8043059				3
8043071				3
8043098				3
8043100				3
8043105				3
8043114				3
8043129				3
8043131				3
8043155				3
8043157				3
8043185				3
8043187				3
8043197				3
8043203				3
8043209				3
8043218				3
8043236				3
8043244				3
8043251				3
8043276				3
8043278				3
8043283				3
8043310				3
8043320				3
8043322				3
8043324				3
8043347				3
8043349				3
8043360				3
8043363				3
8043367				3
8043375				3
8043377				3
8043379				3
8043381				3
8043393				3
8043405				3
8043407				3
8043413				3
8043423				3
8043426				3
8043429				3
8043431				3
8043433				3
8043436				3
8043438				3
8043441				3
8043443				3
8043446				3
8043449				3
8043456				3
8043459				3
8043465				3
8043468				3
8043470				3
8043474				3
8043476				3
8043478				3
8043480				3
8043482				3
8043484				3
8043487				3
8043489				3
8043491				3
8043498				3
8043500				3
8043502				3
8043504				3
8043512				3
8043522				3
8043552				3
8043564				3
8043570				3
8043572				3
8043574				3
8043581				3
8043583				3
8043585				3
8043597				3
8043602				3
8043621				3
8043630				3
8043632				3
8043639				3
8043657				3
8043666				3
8043682				3
8043685				3
8043687				3
8043697				3
8043718				3
8043725				3
8043743				3
8043745				3
8043747				3
8043782				3
8043791				3
8043820				3
8043833				3
8043835				3
8043840				3
8043848				3
8043861				3
8043890				3
8043900				3
8043902				3
8043909				3
8043932				3
8043937				3
8043945				3
8043981				3
8043993				3
8043995				3
8044008				3
8044021				3
8044035				3
8044049				3
8044067				3
8044080				3
8044094				3
8044105				3
8044107				3
8044109				3
8044111				3
8044124				3
8044127				3
8044133				3
8044143				3
8044149				3
8044154				3
8044161				3
8044189				3
8044191				3
8044204				3
8044212				3
8044225				3
8044236				3
8044258				3
8044263				3
8044278				3
8044295				3
8044301				3
8044304				3
8044333				3
8044346				3
8044351				3
8044353				3
8044375				3
8044391				3
8044415				3
8044417				3
8044440				3
8044450				3
8044462				3
8044473				3
8044491				3
8044499				3
8044512				3
8044530				3
8044532				3
8044541				3
8044548				3
8044552				3
8044563				3
8044572				3
8044574				3
8044584				3
8044605				3
8044611				3
8044613				3
8044634				3
8044640				3
8044643				3
8044649				3
8044669				3
8044682				3
8044684				3
8044686				3
8044698				3
8044700				3
8044731				3
8044733				3
8044735				3
8044737				3
8044739				3
8044741				3
8044743				3
8044745				3
8044760				3
8044764				3
8044766				3
8044773				3
8044791				3
8044793				3
8044804				3
8044813				3
8044818				3
8044844				3
8044849				3
8044878				3
8044880				3
8044882				3
8044909				3
8044911				3
8044913				3
8044915				3
8044917				3
8044919				3
8044927				3
8044931				3
8044933				3
8044959				3
8044961				3
8044963				3
8044965				3
8044976				3
8045005				3
8045007				3
8045009				3
8045018				3
8045028				3
8045030				3
8045075				3
8045083				3
8045086				3
8045088				3
8045090				3
8045134				3
8045136				3
8045142				3
8045146				3
8045148				3
8045151				3
8045153				3
8045155				3
8045157				3
8045159				3
8045161				3
8045163				3
8045165				3
8045167				3
8045169				3
8045171				3
8045182				3
8045198				3
8045205				3
8045208				3
8045210				3
8045216				3
8045224				3
8045229				3
8045247				3
8045257				3
8045275				3
8045277				3
8045279				3
8045281				3
8045283				3
8045285				3
8045287				3
8045289				3
8045291				3
8045301				3
8045309				3
8045319				3
8045321				3
8045323				3
8045330				3
8045332				3
8045334				3
8045336				3
8045339				3
8045341				3
8045343				3
8045345				3
8045347				3
8045349				3
8045368				3
8045381				3
8045398				3
8045423				3
8045425				3
8045453				3
8045455				3
8045470				3
8045497				3
8045499				3
8045514				3
8045525				3
8045527				3
8045529				3
8045531				3
8045533				3
8045535				3
8045537				3
8045539				3
8045559				3
8045561				3
8045563				3
8045577				3
8045581				3
8045583				3
8045585				3
8045587				3
8045602				3
8045604				3
8045619				3
8045637				3
8045664				3
8045674				3
8045688				3
8045695				3
8045697				3
8045736				3
8045768				3
8045776				3
8045793				3
8045795				3
8045800				3
8045802				3
8045804				3
8045806				3
8045808				3
8045810				3
8045812				3
8045814				3
8045816				3
8045835				3
8045846				3
8045848				3
8045857				3
8045860				3
8045882				3
8045887				3
8045889				3
8045919				3
8045931				3
8045933				3
8045946				3
8045962				3
8045972				3
8045974				3
8046003				3
8046012				3
8046014				3
8046016				3
8046018				3
8046020				3
8046048				3
8046060				3
8046062				3
8046078				3
8046084				3
8046086				3
8046099				3
8046116				3
8046124				3
8046147				3
8046160				3
8046169				3
8046186				3
8046199				3
8046201				3
8046213				3
8046238				3
8046276				3
8046279				3
8046281				3
8046283				3
8046306				3
8046318				3
8046333				3
8046340				3
8046346				3
8046360				3
8046373				3
8046380				3
8046408				3
8046426				3
8046428				3
8046461				3
8046488				3
8046500				3
8046502				3
8046512				3
8046515				3
8046518				3
8046520				3
8046522				3
8046524				3
8046527				3
8046530				3
8046536				3
8046542				3
8046546				3
8046553				3
8046555				3
8046560				3
8046564				3
8046573				3
8046586				3
8046588				3
8046590				3
8046604				3
8046626				3
8046628				3
8046644				3
8046646				3
8046680				3
8046685				3
8046695				3
8046726				3
8046746				3
8046755				3
8046757				3
8046759				3
8046788				3
8046790				3
8046792				3
8046804				3
8046815				3
8046822				3
8046824				3
8046833				3
8046836				3
8046848				3
8046861				3
8046895				3
8046906				3
8046922				3
8046975				3
8046997				3
8047006				3
8047036				3
8047038				3
8047059				3
8047062				3
8047069				3
8047078				3
8047086				3
8047097				3
8047125				3
8047127				3
8047159				3
8047161				3
8047172				3
8047174				3
8047185				3
8047187				3
8047213				3
8047215				3
8047217				3
8047223				3
8047228				3
8047241				3
8047243				3
8047248				3
8047257				3
8047262				3
8047265				3
8047272				3
8047286				3
8047288				3
8047300				3
8047337				3
8047339				3
8047356				3
8047370				3
8047372				3
8047377				3
8047379				3
8047381				3
8047401				3
8047403				3
8047419				3
8047441				3
8047443				3
8047457				3
8047459				3
8047463				3
8047465				3
8047467				3
8047485				3
8047487				3
8047492				3
8047503				3
8047505				3
8047518				3
8047536				3
8047538				3
8047555				3
8047557				3
8047559				3
8047561				3
8047563				3
8047565				3
8047577				3
8047596				3
8047606				3
8047635				3
8047641				3
8047659				3
8047677				3
8047690				3
8047692				3
8047702				3
8047709				3
8047736				3
8047738				3
8047763				3
8047765				3
8047767				3
8047769				3
8047771				3
8047778				3
8047780				3
8047782				3
8047784				3
8047788				3
8047815				3
8047829				3
8047839				3
8047852				3
8047854				3
8047865				3
8047910				3
8047926				3
8047952				3
8047963				3
8047965				3
8048014				3
8048022				3
8048024				3
8048026				3
8048071				3
8048075				3
8048077				3
8048079				3
8048081				3
8048108				3
8048110				3
8048112				3
8048114				3
8048116				3
8048118				3
8048120				3
8048139				3
8048141				3
8048146				3
8048171				3
8048173				3
8048175				3
8048195				3
8048205				3
8048211				3
8048227				3
8048234				3
8048249				3
8048257				3
8048272				3
8048283				3
8048304				3
8048317				3
8048319				3
8048340				3
8048350				3
8048368				3
8048370				3
8048381				3
8048411				3
8048432				3
8048445				3
8048452				3
8048460				3
8048466				3
8048468				3
8048478				3
8048489				3
8048505				3
8048518				3
8048523				3
8048541				3
8048551				3
8048595				3
8048611				3
8048628				3
8048639				3
8048647				3
8048673				3
8048699				3
8048701				3
8048703				3
8048705				3
8048707				3
8048712				3
8048715				3
8048717				3
8048723				3
8048725				3
8048733				3
8048749				3
8048752				3
8048761				3
8048763				3
8048772				3
8048782				3
8048835				3
8048847				3
8048864				3
8048870				3
8048885				3
8048887				3
8048889				3
8048896				3
8048898				3
8048926				3
8048940				3
8048976				3
8048978				3
8048980				3
8048993				3
8048995				3
8049007				3
8049016				3
8049042				3
8049044				3
8049071				3
8049073				3
8049075				3
8049079				3
8049083				3
8049088				3
8049097				3
8049123				3
8049128				3
8049137				3
8049152				3
8049166				3
8049180				3
8049187				3
8049195				3
8049197				3
8049199				3
8049235				3
8049237				3
8049239				3
8049243				3
8049246				3
8049271				3
8049297				3
8049299				3
8049301				3
8049317				3
8049349				3
8049375				3
8049394				3
8049425				3
8049435				3
8049448				3
8049471				3
8049478				3
8049487				3
8049509				3
8049512				3
8049528				3
8049530				3
8049532				3
8049534				3
8049536				3
8049538				3
8049540				3
8049542				3
8049544				3
8049552				3
8049567				3
8049574				3
8049582				3
8049598				3
8049610				3
8049620				3
8049635				3
8049655				3
8049657				3
8049665				3
8049667				3
8049670				3
8049682				3
8049684				3
8049689				3
8049702				3
8049722				3
8049729				3
8049737				3
8049752				3
8049784				3
8049799				3
8049825				3
8049827				3
8049847				3
8049876				3
8049888				3
8049906				3
8049919				3
8049934				3
8049942				3
8049950				3
8049952				3
8049957				3
8049959				3
8049961				3
8049963				3
8049965				3
8049969				3
8049990				3
8049998				3
8050007				3
8050031				3
8050060				3
8050071				3
8050079				3
8050089				3
8050093				3
8050095				3
8050102				3
8050111				3
8050113				3
8050115				3
8050128				3
8050160				3
8050176				3
8050190				3
8050213				3
8050215				3
8050225				3
8050227				3
8050232				3
8050236				3
8050238				3
8050240				3
8050253				3
8050255				3
8050278				3
8050293				3
8050302				3
8050336				3
8050350				3
8050352				3
8050363				3
8050365				3
8050367				3
8050423				3
8050425				3
8050427				3
8050441				3
8050443				3
8050472				3
8050474				3
8050480				3
8050495				3
8050497				3
8050503				3
8050507				3
8050537				3
8050548				3
8050557				3
8050565				3
8050591				3
8050594				3
8050608				3
8050619				3
8050654				3
8050656				3
8050658				3
8050687				3
8050689				3
8050695				3
8050702				3
8050713				3
8050719				3
8050761				3
8050763				3
8050766				3
8050790				3
8050801				3
8050803				3
8050805				3
8050813				3
8050844				3
8050846				3
8050869				3
8050873				3
8050875				3
8050894				3
8050906				3
8050908				3
8050924				3
8050942				3
8050993				3
8051001				3
8051012				3
8051024				3
8051028				3
8051030				3
8051050				3
8051061				3
8051066				3
8051075				3
8051097				3
8051113				3
8051119				3
8051133				3
8051135				3
8051185				3
8051187				3
8051197				3
8051202				3
8051204				3
8051215				3
8051226				3
8051234				3
8051236				3
8051238				3
8051241				3
8051273				3
8051275				3
8051298				3
8051319				3
8051322				3
8051361				3
8051370				3
8051372				3
8051387				3
8051394				3
8051396				3
8051409				3
8051411				3
8051413				3
8051422				3
8051427				3
8051443				3
8051462				3
8051464				3
8051501				3
8051520				3
8051528				3
8051547				3
8051569				3
8051571				3
8051573				3
8051583				3
8051589				3
8051605				3
8051622				3
8051637				3
8051666				3
8051668				3
8051670				3
8051696				3
8051707				3
8051744				3
8051746				3
8051762				3
8051773				3
8051775				3
8051777				3
8051785				3
8051793				3
8051799				3
8051812				3
8051814				3
8051820				3
8051862				3
8051864				3
8051866				3
8051882				3
8051924				3
8051926				3
8051928				3
8051949				3
8051956				3
8051963				3
8051985				3
8051987				3
8051989				3
8051993				3
8051998				3
8052004				3
8052010				3
8052016				3
8052018				3
8052022				3
8052024				3
8052054				3
8052056				3
8052058				3
8052072				3
8052087				3
8052089				3
8052091				3
8052119				3
8052121				3
8052123				3
8052125				3
8052139				3
8052141				3
8052143				3
8052149				3
8052200				3
8052204				3
8052231				3
8052233				3
8052250				3
8052269				3
8052303				3
8052305				3
8052307				3
8052331				3
8052355				3
8052370				3
8052372				3
8052374				3
8052376				3
8052380				3
8052382				3
8052397				3
8052399				3
8052413				3
8052416				3
8052418				3
8052438				3
8052443				3
8052524				3
8052526				3
8052554				3
8052562				3
8052581				3
8052583				3
8052585				3
8052592				3
8052594				3
8052598				3
8052620				3
8052622				3
8052624				3
8052626				3
8052654				3
8052667				3
8052669				3
8052674				3
8052676				3
8052678				3
8052680				3
8052689				3
8052696				3
8052698				3
8052703				3
8052719				3
8052721				3
8052731				3
8052733				3
8052735				3
8052742				3
8052747				3
8052753				3
8052762				3
8052784				3
8052798				3
8052803				3
8052826				3
8052828				3
8052834				3
8052845				3
8052861				3
8052866				3
8052872				3
8052882				3
8052902				3
8052908				3
8052916				3
8052925				3
8052932				3
8052934				3
8052940				3
8052945				3
8052947				3
8052956				3
8052979				3
8052994				3
8053004				3
8053009				3
8053022				3
8053025				3
8053030				3
8053036				3
8053046				3
8053057				3
8053059				3
8053064				3
8053073				3
8053107				3
8053139				3
8053142				3
8053158				3
8053165				3
8053171				3
8053183				3
8053187				3
8053200				3
8053214				3
8053231				3
8053248				3
8053263				3
8053266				3
8053276				3
8053278				3
8053288				3
8053311				3
8053313				3
8053315				3
8053325				3
8053330				3
8053337				3
8053341				3
8053347				3
8053349				3
8053360				3
8053362				3
8053364				3
8053366				3
8053379				3
8053386				3
8053388				3
8053404				3
8053406				3
8053417				3
8053427				3
8053429				3
8053447				3
8053449				3
8053458				3
8053467				3
8053480				3
8053482				3
8053484				3
8053496				3
8053533				3
8053549				3
8053551				3
8053560				3
8053562				3
8053574				3
8053576				3
8053584				3
8053594				3
8053599				3
8053602				3
8053610				3
8053622				3
8053646				3
8053648				3
8053654				3
8053662				3
8053664				3
8053666				3
8053668				3
8053690				3
8053710				3
8053713				3
8053715				3
8053718				3
8053720				3
8053722				3
8053725				3
8053728				3
8053731				3
8053733				3
8053735				3
8053737				3
8053741				3
8053744				3
8053751				3
8053753				3
8053761				3
8053763				3
8053775				3
8053785				3
8053787				3
8053795				3
8053797				3
8053801				3
8053834				3
8053840				3
8053842				3
8053869				3
8053872				3
8053882				3
8053890				3
8053901				3
8053909				3
8053944				3
8053949				3
8053975				3
8053984				3
8053998				3
8054004				3
8054020				3
8054037				3
8054039				3
8054041				3
8054045				3
8054054				3
8054064				3
8054075				3
8054077				3
8054090				3
8054092				3
8054131				3
8054135				3
8054154				3
8054166				3
8054192				3
8054200				3
8054209				3
8054217				3
8054227				3
8054254				3
8054281				3
8054295				3
8054297				3
8054308				3
8054329				3
8054338				3
8054344				3
8054354				3
8054356				3
8054364				3
8054377				3
8054393				3
8054395				3
8054412				3
8054414				3
8054437				3
8054439				3
8054449				3
8054451				3
8054465				3
8054467				3
8054477				3
8054479				3
8054486				3
8054511				3
8054513				3
8054517				3
8054519				3
8054532				3
8054557				3
8054580				3
8054607				3
8054611				3
8054614				3
8054664				3
8054676				3
8054702				3
8054712				3
8054722				3
8054731				3
8054740				3
8054758				3
8054762				3
8054766				3
8054769				3
8054771				3
8054790				3
8054792				3
8054794				3
8054796				3
8054798				3
8054800				3
8054802				3
8054804				3
8054831				3
8054834				3
8054837				3
8054846				3
8054862				3
8054866				3
8054870				3
8054872				3
8054888				3
8054930				3
8054939				3
8054941				3
8054943				3
8054945				3
8054967				3
8054978				3
8054995				3
8054997				3
8055016				3
8055021				3
8055038				3
8055060				3
8055085				3
8055087				3
8055089				3
8055096				3
8055104				3
8055130				3
8055135				3
8055137				3
8055139				3
8055143				3
8055151				3
8055153				3
8055171				3
8055173				3
8055183				3
8055194				3
8055198				3
8055200				3
8055202				3
8055204				3
8055206				3
8055208				3
8055214				3
8055220				3
8055222				3
8055234				3
8055236				3
8055239				3
8055247				3
8055249				3
8055261				3
8055263				3
8055265				3
8055267				3
8055269				3
8055271				3
8055273				3
8055275				3
8055277				3
8055279				3
8055281				3
8055284				3
8055287				3
8055291				3
8055294				3
8055297				3
8055303				3
8055305				3
8055309				3
8055312				3
8055314				3
8055323				3
8055348				3
8055350				3
8055361				3
8055377				3
8055402				3
8055404				3
8055406				3
8055424				3
8055426				3
8055445				3
8055465				3
8055474				3
8055476				3
8055478				3
8055482				3
8055484				3
8055486				3
8055488				3
8055490				3
8055492				3
8055494				3
8055496				3
8055590				3
8055592				3
8055594				3
8055596				3
8055598				3
8055600				3
8055602				3
8055604				3
8055606				3
8055624				3
8055639				3
8055641				3
8055643				3
8055645				3
8055664				3
8055666				3
8055668				3
8055670				3
8055672				3
8055680				3
8055682				3
8055688				3
8055697				3
8055702				3
8055711				3
8055862				3
8055872				3
8055890				3
8055909				3
8055911				3
8055913				3
8055941				3
8055946				3
8055948				3
8055950				3
8055952				3
8055965				3
8055967				3
8055969				3
8055978				3
8055980				3
8055992				3
8056005				3
8056020				3
8056022				3
8056039				3
8056041				3
8056043				3
8056045				3
8056047				3
8056060				3
8056100				3
8056102				3
8056113				3
8056151				3
8056184				3
8056201				3
8056206				3
8056215				3
8056217				3
8056220				3
8056222				3
8056250				3
8056257				3
8056285				3
8056303				3
8056323				3
8056327				3
8056343				3
8056359				3
8056361				3
8056363				3
8056376				3
8056408				3
8056426				3
8056457				3
8056489				3
8056491				3
8056518				3
8056545				3
8056566				3
8056568				3
8056570				3
8056572				3
8056583				3
8056611				3
8056693				3
8056710				3
8056716				3
8056726				3
8056728				3
8056730				3
8056734				3
8056753				3
8056763				3
8056766				3
8056784				3
8056790				3
8056792				3
8056794				3
8056798				3
8056810				3
8056812				3
8056821				3
8056823				3
8056825				3
8056829				3
8056837				3
8056860				3
8056877				3
8056890				3
8056909				3
8056930				3
8056943				3
8056959				3
8056963				3
8056966				3
8056968				3
8056972				3
8056975				3
8056977				3
8056983				3
8056993				3
8056995				3
8056999				3
8057004				3
8057032				3
8057034				3
8057045				3
8057056				3
8057377				3
8057394				3
8057416				3
8057418				3
8057439				3
8057441				3
8057463				3
8057480				3
8057486				3
8057506				3
8057517				3
8057554				3
8057557				3
8057559				3
8057561				3
8057563				3
8057574				3
8057576				3
8057578				3
8057599				3
8057613				3
8057615				3
8057620				3
8057677				3
8057689				3
8057700				3
8057711				3
8057713				3
8057719				3
8057732				3
8057736				3
8057742				3
8057744				3
8057771				3
8057797				3
8057803				3
8057817				3
8057819				3
8057821				3
8057887				3
8057898				3
8057929				3
8057931				3
8057933				3
8057954				3
8057959				3
8057990				3
8058024				3
8058052				3
8058063				3
8058075				3
8058091				3
8058104				3
8058106				3
8058108				3
8058118				3
8058127				3
8058145				3
8058147				3
8058159				3
8058161				3
8058182				3
8058195				3
8058197				3
8058199				3
8058201				3
8058203				3
8058221				3
8058238				3
8058256				3
8058258				3
8058273				3
8058295				3
8058333				3
8058335				3
8058340				3
8058342				3
8058344				3
8058346				3
8058348				3
8058350				3
8058373				3
8058386				3
8058388				3
8058390				3
8058411				3
8058415				3
8058428				3
8058450				3
8058456				3
8058458				3
8058460				3
8058462				3
8058477				3
8058486				3
8058496				3
8058498				3
8058509				3
8058512				3
8058514				3
8058516				3
8058518				3
8058520				3
8058524				3
8058530				3
8058535				3
8058542				3
8058552				3
8058566				3
8058568				3
8058570				3
8058591				3
8058604				3
8058614				3
8058627				3
8058658				3
8058660				3
8058662				3
8058664				3
8058666				3
8058668				3
8058670				3
8058693				3
8058695				3
8058708				3
8058765				3
8058824				3
8058837				3
8058849				3
8058855				3
8058857				3
8058866				3
8058869				3
8058905				3
8058912				3
8058914				3
8058927				3
8058940				3
8058969				3
8058971				3
8058973				3
8058985				3
8058997				3
8059012				3
8059014				3
8059019				3
8059026				3
8059028				3
8059067				3
8059071				3
8059081				3
8059097				3
8059111				3
8059139				3
8059158				3
8059177				3
8059186				3
8059211				3
8059213				3
8059222				3
8059244				3
8059249				3
8059275				3
8059277				3
8059279				3
8059301				3
8059319				3
8059339				3
8059341				3
8059343				3
8059345				3
8059350				3
8059361				3
8059376				3
8059387				3
8059393				3
8059413				3
8059470				3
8059475				3
8059477				3
8059525				3
8059532				3
8059538				3
8059549				3
8059551				3
8059565				3
8059576				3
8059578				3
8059580				3
8059596				3
8059642				3
8059648				3
8059650				3
8059672				3
8059674				3
8059680				3
8059687				3
8059689				3
8059708				3
8059710				3
8059712				3
8059714				3
8059716				3
8059720				3
8059729				3
8059731				3
8059739				3
8059744				3
8059748				3
8059770				3
8059776				3
8059783				3
8059799				3
8059801				3
8059832				3
8059838				3
8059852				3
8059854				3
8059862				3
8059864				3
8059868				3
8059876				3
8059878				3
8059900				3
8059902				3
8059905				3
8059949				3
8059951				3
8059953				3
8059955				3
8059965				3
8059969				3
8059985				3
8059989				3
8059996				3
8060020				3
8060030				3
8060061				3
8060063				3
8060080				3
8060082				3
8060084				3
8060086				3
8060094				3
8060101				3
8060103				3
8060126				3
8060134				3
8060187				3
8060196				3
8060205				3
8060225				3
8060255				3
8060257				3
8060274				3
8060286				3
8060294				3
8060303				3
8060308				3
8060314				3
8060320				3
8060325				3
8060330				3
8060334				3
8060339				3
8060344				3
8060353				3
8060368				3
8060370				3
8060379				3
8060395				3
8060400				3
8060416				3
8060418				3
8060427				3
8060432				3
8060447				3
8060461				3
8060484				3
8060501				3
8060503				3
8060505				3
8060526				3
8060528				3
8060533				3
8060539				3
8060594				3
8060599				3
8060604				3
8060609				3
8060611				3
8060625				3
8060627				3
8060660				3
8060675				3
8060698				3
8060705				3
8060722				3
8060734				3
8060736				3
8060738				3
8060741				3
8060745				3
8060758				3
8060765				3
8060772				3
8060790				3
8060792				3
8060796				3
8060803				3
8060805				3
8060813				3
8060835				3
8060837				3
8060839				3
8060850				3
8060854				3
8060893				3
8060895				3
8060897				3
8060940				3
8060947				3
8060949				3
8060963				3
8060977				3
8060986				3
8060988				3
8060997				3
8061013				3
8061019				3
8061035				3
8061064				3
8061066				3
8061068				3
8061073				3
8061075				3
8061082				3
8061092				3
8061094				3
8061112				3
8061114				3
8061122				3
8061127				3
8061129				3
8061136				3
8061138				3
8061154				3
8061165				3
8061167				3
8061169				3
8061171				3
8061184				3
8061186				3
8061211				3
8061222				3
8061224				3
8061227				3
8061247				3
8061262				3
8061272				3
8061303				3
8061305				3
8061324				3
8061357				3
8061364				3
8061366				3
8061368				3
8061373				3
8061382				3
8061389				3
8061396				3
8061402				3
8061404				3
8061406				3
8061414				3
8061416				3
8061426				3
8061428				3
8061445				3
8061447				3
8061471				3
8061481				3
8061483				3
8061490				3
8061497				3
8061504				3
8061507				3
8061509				3
8061517				3
8061519				3
8061529				3
8061539				3
8061542				3
8061562				3
8061564				3
8061572				3
8061579				3
8061605				3
8061620				3
8061645				3
8061647				3
8061653				3
8061666				3
8061668				3
8061685				3
8061706				3
8061715				3
8061725				3
8061742				3
8061746				3
8061772				3
8061780				3
8061799				3
8061815				3
8061831				3
8061847				3
8061859				3
8061869				3
8061881				3
8061883				3
8061894				3
8061912				3
8061916				3
8061919				3
8061940				3
8061944				3
8061946				3
8061958				3
8061966				3
8061982				3
8061986				3
8062016				3
8062023				3
8062034				3
8062041				3
8062064				3
8062108				3
8062117				3
8062119				3
8062123				3
8062134				3
8062137				3
8062174				3
8062190				3
8062204				3
8062206				3
8062211				3
8062213				3
8062235				3
8062237				3
8062251				3
8062284				3
8062286				3
8062293				3
8062312				3
8062319				3
8062326				3
8062337				3
8062339				3
8062347				3
8062349				3
8062371				3
8062377				3
8062395				3
8062404				3
8062409				3
8062427				3
8062433				3
8062444				3
8062461				3
8062478				3
8062480				3
8062490				3
8062492				3
8062527				3
8062532				3
8062539				3
8062545				3
8062555				3
8062557				3
8062569				3
8062571				3
8062576				3
8062599				3
8062601				3
8062603				3
8062623				3
8062658				3
8062681				3
8062685				3
8062687				3
8062689				3
8062691				3
8062693				3
8062695				3
8062705				3
8062728				3
8062748				3
8062766				3
8062782				3
8062794				3
8062796				3
8062813				3
8062821				3
8062823				3
8062842				3
8062844				3
8062852				3
8062862				3
8062864				3
8062873				3
8062880				3
8062890				3
8062908				3
8062927				3
8062933				3
8062944				3
8062948				3
8062962				3
8062964				3
8062971				3
8062981				3
8063000				3
8063011				3
8063014				3
8063019				3
8063024				3
8063026				3
8063028				3
8063043				3
8063057				3
8063071				3
8063074				3
8063078				3
8063097				3
8063115				3
8063129				3
8063156				3
8063171				3
8063174				3
8063177				3
8063185				3
8063187				3
8063209				3
8063211				3
8063240				3
8063242				3
8063283				3
8063313				3
8063315				3
8063337				3
8063345				3
8063347				3
8063349				3
8063351				3
8063369				3
8063380				3
8063382				3
8063386				3
8063389				3
8063394				3
8063408				3
8063410				3
8063417				3
8063427				3
8063433				3
8063437				3
8063442				3
8063444				3
8063447				3
8063449				3
8063453				3
8063458				3
8063473				3
8063476				3
8063478				3
8063484				3
8063497				3
8063509				3
8063522				3
8063524				3
8063526				3
8063531				3
8063534				3
8063536				3
8063545				3
8063547				3
8063549				3
8063551				3
8063566				3
8063583				3
8063590				3
8063601				3
8063607				3
8063620				3
8063634				3
8063636				3
8063650				3
8063668				3
8063697				3
8063716				3
8063723				3
8063729				3
8063739				3
8063755				3
8063761				3
8063785				3
8063793				3
8063796				3
8063814				3
8063835				3
8063839				3
8063857				3
8063869				3
8063873				3
8063893				3
8063903				3
8063914				3
8063921				3
8063923				3
8063942				3
8063949				3
8063955				3
8063970				3
8064003				3
8064007				3
8064014				3
8064029				3
8064031				3
8064042				3
8064059				3
8064098				3
8064100				3
8064108				3
8064111				3
8064156				3
8064168				3
8064175				3
8064188				3
8064191				3
8064203				3
8064208				3
8064216				3
8064218				3
8064242				3
8064245				3
8064261				3
8064277				3
8064302				3
8064319				3
8064322				3
8064336				3
8064351				3
8064370				3
8064375				3
8064382				3
8064384				3
8064388				3
8064394				3
8064396				3
8064407				3
8064415				3
8064418				3
8064430				3
8064432				3
8064438				3
8064451				3
8064462				3
8064464				3
8064471				3
8064485				3
8064495				3
8064500				3
8064502				3
8064514				3
8064522				3
8064539				3
8064557				3
8064575				3
8064581				3
8064591				3
8064601				3
8064613				3
8064637				3
8064676				3
8064686				3
8064716				3
8064739				3
8064751				3
8064762				3
8064766				3
8064779				3
8064787				3
8064790				3
8064808				3
8064831				3
8064833				3
8064842				3
8064844				3
8064857				3
8064859				3
8064864				3
8064866				3
8064868				3
8064879				3
8064894				3
8064900				3
8064904				3
8064926				3
8064928				3
8064939				3
8064952				3
8064967				3
8064976				3
8064978				3
8065009				3
8065011				3
8065013				3
8065016				3
8065018				3
8065032				3
8065045				3
8065067				3
8065069				3
8065071				3
8065080				3
8065082				3
8065084				3
8065089				3
8065120				3
8065122				3
8065124				3
8065134				3
8065136				3
8065163				3
8065165				3
8065185				3
8065194				3
8065196				3
8065198				3
8065200				3
8065202				3
8065230				3
8065240				3
8065242				3
8065244				3
8065248				3
8065252				3
8065254				3
8065256				3
8065278				3
8065280				3
8065321				3
8065323				3
8065325				3
8065327				3
8065330				3
8065332				3
8065334				3
8065339				3
8065344				3
8065351				3
8065353				3
8065359				3
8065363				3
8065370				3
8065372				3
8065386				3
8065388				3
8065392				3
8065396				3
8065400				3
8065403				3
8065410				3
8065412				3
8065416				3
8065421				3
8065427				3
8065433				3
8065444				3
8065460				3
8065469				3
8065485				3
8065510				3
8065515				3
8065517				3
8065527				3
8065537				3
8065541				3
8065547				3
8065550				3
8065552				3
8065555				3
8065563				3
8065566				3
8065569				3
8065576				3
8065580				3
8065596				3
8065603				3
8065607				3
8065612				3
8065630				3
8065633				3
8065637				3
8065652				3
8065668				3
8065683				3
8065693				3
8065710				3
8065719				3
8065730				3
8065738				3
8065752				3
8065756				3
8065758				3
8065762				3
8065776				3
8065795				3
8065798				3
8065817				3
8065832				3
8065853				3
8065855				3
8065868				3
8065880				3
8065889				3
8065903				3
8065905				3
8065911				3
8065920				3
8065948				3
8065963				3
8065990				3
8065992				3
8066009				3
8066025				3
8066027				3
8066029				3
8066031				3
8066038				3
8066051				3
8066072				3
8066074				3
8066091				3
8066117				3
8066136				3
8066161				3
8066189				3
8066195				3
8066198				3
8066200				3
8066210				3
8066212				3
8066214				3
8066231				3
8066247				3
8066254				3
8066256				3
8066258				3
8066260				3
8066262				3
8066264				3
8066266				3
8066273				3
8066275				3
8066279				3
8066292				3
8066294				3
8066303				3
8066343				3
8066345				3
8066347				3
8066382				3
8066384				3
8066391				3
8066393				3
8066402				3
8066407				3
8066411				3
8066417				3
8066431				3
8066444				3
8066451				3
8066459				3
8066461				3
8066475				3
8066482				3
8066489				3
8066493				3
8066498				3
8066513				3
8066521				3
8066528				3
8066530				3
8066536				3
8066542				3
8066549				3
8066557				3
8066559				3
8066567				3
8066569				3
8066574				3
8066579				3
8066590				3
8066598				3
8066609				3
8066612				3
8066619				3
8066637				3
8066641				3
8066668				3
8066683				3
8066697				3
8066716				3
8066739				3
8066745				3
8066754				3
8066757				3
8066776				3
8066786				3
8066818				3
8066820				3
8066822				3
8066848				3
8066889				3
8066905				3
8066921				3
8066925				3
8066939				3
8066953				3
8066960				3
8066962				3
8066964				3
8066981				3
8066983				3
8066985				3
8067007				3
8067011				3
8067017				3
8067029				3
8067033				3
8067040				3
8067055				3
8067087				3
8067094				3
8067111				3
8067113				3
8067121				3
8067125				3
8067140				3
8067155				3
8067157				3
8067165				3
8067167				3
8067178				3
8067183				3
8067185				3
8067197				3
8067199				3
8067201				3
8067203				3
8067206				3
8067208				3
8067221				3
8067233				3
8067242				3
8067248				3
8067270				3
8067277				3
8067279				3
8067288				3
8067295				3
8067303				3
8067305				3
8067351				3
8067358				3
8067361				3
8067380				3
8067382				3
8067394				3
8067409				3
8067495				3
8067506				3
8067521				3
8067530				3
8067543				3
8067546				3
8067551				3
8067554				3
8067563				3
8067585				3
8067588				3
8067593				3
8067602				3
8067610				3
8067626				3
8067652				3
8067662				3
8067671				3
8067680				3
8067709				3
8067722				3
8067727				3
8067743				3
8067754				3
8067756				3
8067773				3
8067792				3
8067798				3
8067802				3
8067812				3
8067818				3
8067820				3
8067822				3
8067825				3
8067834				3
8067836				3
8067839				3
8067842				3
8067844				3
8067858				3
8067860				3
8067862				3
8067864				3
8067867				3
8067869				3
8067877				3
8067899				3
8067901				3
8067903				3
8067932				3
8067942				3
8067944				3
8067946				3
8067948				3
8067950				3
8067955				3
8067963				3
8067965				3
8067969				3
8067978				3
8067981				3
8067983				3
8067985				3
8068006				3
8068014				3
8068018				3
8068020				3
8068022				3
8068024				3
8068039				3
8068044				3
8068046				3
8068052				3
8068057				3
8068062				3
8068083				3
8068100				3
8068105				3
8068120				3
8068126				3
8068130				3
8068136				3
8068139				3
8068145				3
8068151				3
8068154				3
8068157				3
8068161				3
8068164				3
8068168				3
8068180				3
8068192				3
8068200				3
8068202				3
8068214				3
8068216				3
8068218				3
8068220				3
8068231				3
8068235				3
8068238				3
8068254				3
8068266				3
8068280				3
8068289				3
8068305				3
8068350				3
8068353				3
8068361				3
8068363				3
8068369				3
8068375				3
8068383				3
8068391				3
8068393				3
8068395				3
8068397				3
8068399				3
8068401				3
8068410				3
8068413				3
8068422				3
8068460				3
8068478				3
8068494				3
8068496				3
8068510				3
8068512				3
8068520				3
8068522				3
8068543				3
8068549				3
8068551				3
8068570				3
8068578				3
8068583				3
8068593				3
8068608				3
8068610				3
8068612				3
8068620				3
8068633				3
8068644				3
8068651				3
8068660				3
8068662				3
8068664				3
8068671				3
8068684				3
8068697				3
8068713				3
8068731				3
8068733				3
8068735				3
8068740				3
8068761				3
8068786				3
8068788				3
8068810				3
8068833				3
8068857				3
8068866				3
8068883				3
8068891				3
8068894				3
8068898				3
8068902				3
8068919				3
8068938				3
8068952				3
8068974				3
8069003				3
8069026				3
8069037				3
8069057				3
8069083				3
8069085				3
8069122				3
8069131				3
8069133				3
8069135				3
8069142				3
8069146				3
8069148				3
8069150				3
8069153				3
8069156				3
8069161				3
8069168				3
8069174				3
8069178				3
8069200				3
8069206				3
8069208				3
8069252				3
8069269				3
8069301				3
8069332				3
8069340				3
8069348				3
8069399				3
8069444				3
8069446				3
8069448				3
8069450				3
8069470				3
8069472				3
8069487				3
8069494				3
8069499				3
8069503				3
8069505				3
8069508				3
8069511				3
8069517				3
8069519				3
8069521				3
8069532				3
8069541				3
8069553				3
8069559				3
8069561				3
8069563				3
8069565				3
8069574				3
8069582				3
8069608				3
8069610				3
8069612				3
8069620				3
8069633				3
8069644				3
8069666				3
8069668				3
8069676				3
8069689				3
8069700				3
8069711				3
8069744				3
8069753				3
8069764				3
8069766				3
8069768				3
8069770				3
8069790				3
8069795				3
8069800				3
8069804				3
8069808				3
8069811				3
8069813				3
8069818				3
8069822				3
8069827				3
8069831				3
8069836				3
8069838				3
8069841				3
8069845				3
8069848				3
8069852				3
8069855				3
8069859				3
8069863				3
8069868				3
8069872				3
8069876				3
8069880				3
8069910				3
8069933				3
8069943				3
8069983				3
8069985				3
8069987				3
8069991				3
8069998				3
8070010				3
8070046				3
8070073				3
8070081				3
8070083				3
8070097				3
8070102				3
8070129				3
8070141				3
8070160				3
8070169				3
8070171				3
8070173				3
8070182				3
8070194				3
8070213				3
8070215				3
8070231				3
8070233				3
8070239				3
8070255				3
8070257				3
8070269				3
8070279				3
8070286				3
8070295				3
8070297				3
8070315				3
8070321				3
8070328				3
8070330				3
8070341				3
8070386				3
8070389				3
8070396				3
8070398				3
8070411				3
8070421				3
8070458				3
8070467				3
8070482				3
8070489				3
8070503				3
8070538				3
8070557				3
8070563				3
8070567				3
8070574				3
8070579				3
8070584				3
8070601				3
8070603				3
8070615				3
8070629				3
8070632				3
8070655				3
8070665				3
8070681				3
8070689				3
8070701				3
8070708				3
8070712				3
8070714				3
8070716				3
8070720				3
8070730				3
8070744				3
8070755				3
8070757				3
8070771				3
8070777				3
8070780				3
8070782				3
8070786				3
8070789				3
8070791				3
8070795				3
8070799				3
8070811				3
8070819				3
8070826				3
8070847				3
8070853				3
8070863				3
8070867				3
8070871				3
8070876				3
8070891				3
8070896				3
8070900				3
8070905				3
8070912				3
8070925				3
8070930				3
8070933				3
8070953				3
8070961				3
8070988				3
8071020				3
8071036				3
8071042				3
8071044				3
8071049				3
8071051				3
8071058				3
8071061				3
8071063				3
8071069				3
8071084				3
8071086				3
8071107				3
8071119				3
8071134				3
8071136				3
8071147				3
8071155				3
8071161				3
8071168				3
8071170				3
8071179				3
8071185				3
8071194				3
8071196				3
8071202				3
8071204				3
8071206				3
8071212				3
8071234				3
8071259				3
8071268				3
8071272				3
8071274				3
8071276				3
8071289				3
8071301				3
8071312				3
8071314				3
8071332				3
8071339				3
8071355				3
8071357				3
8071361				3
8071368				3
8071371				3
8071373				3
8071375				3
8071382				3
8071390				3
8071392				3
8071411				3
8071414				3
8071420				3
8071426				3
8071434				3
8071442				3
8071444				3
8071466				3
8071489				3
8071504				3
8071516				3
8071523				3
8071530				3
8071532				3
8071536				3
8071541				3
8071543				3
8071545				3
8071547				3
8071554				3
8071559				3
8071564				3
8071566				3
8071593				3
8071595				3
8071597				3
8071642				3
8071646				3
8071649				3
8071655				3
8071658				3
8071662				3
8071671				3
8071676				3
8071691				3
8071713				3
8071715				3
8071717				3
8071737				3
8071745				3
8071758				3
8071768				3
8071783				3
8071801				3
8071804				3
8071806				3
8071809				3
8071817				3
8071819				3
8071823				3
8071861				3
8071877				3
8071881				3
8071899				3
8071907				3
8071920				3
8071927				3
8071951				3
8071953				3
8071981				3
8071989				3
8071997				3
8072004				3
8072007				3
8072009				3
8072015				3
8072039				3
8072088				3
8072108				3
8072113				3
8072122				3
8072124				3
8072131				3
8072133				3
8072139				3
8072141				3
8072143				3
8072153				3
8072160				3
8072170				3
8072187				3
8072189				3
8072206				3
8072216				3
8072226				3
8072229				3
8072242				3
8072266				3
8072272				3
8072274				3
8072279				3
8072302				3
8072304				3
8072314				3
8072316				3
8072328				3
8072344				3
8072346				3
8072353				3
8072355				3
8072358				3
8072360				3
8072374				3
8072382				3
8072400				3
8072407				3
8072411				3
8072413				3
8072436				3
8072454				3
8072461				3
8072482				3
8072484				3
8072486				3
8072488				3
8072494				3
8072529				3
8072573				3
8072575				3
8072577				3
8072582				3
8072584				3
8072587				3
8072603				3
8072605				3
8072610				3
8072626				3
8072636				3
8072645				3
8072659				3
8072678				3
8072687				3
8072705				3
8072710				3
8072721				3
8072727				3
8072729				3
8072731				3
8072733				3
8072735				3
8072744				3
8072757				3
8072775				3
8072777				3
8072784				3
8072796				3
8072798				3
8072817				3
8072825				3
8072847				3
8072870				3
8072876				3
8072883				3
8072894				3
8072924				3
8072926				3
8072931				3
8072941				3
8072946				3
8072960				3
8072962				3
8072979				3
8072989				3
8073007				3
8073013				3
8073015				3
8073022				3
8073032				3
8073039				3
8073056				3
8073062				3
8073068				3
8073072				3
8073081				3
8073088				3
8073096				3
8073104				3
8073114				3
8073129				3
8073135				3
8073148				3
8073152				3
8073192				3
8073194				3
8073207				3
8073214				3
8073242				3
8073259				3
8073293				3
8073296				3
8073309				3
8073311				3
8073328				3
8073330				3
8073332				3
8073334				3
8073341				3
8073343				3
8073345				3
8073379				3
8073397				3
8073422				3
8073430				3
8073449				3
8073457				3
8073470				3
8073474				3
8073511				3
8073513				3
8073522				3
8073544				3
8073546				3
8073548				3
8073562				3
8073573				3
8073578				3
8073582				3
8073585				3
8073596				3
8073603				3
8073605				3
8073612				3
8073623				3
8073631				3
8073633				3
8073645				3
8073662				3
8073680				3
8073682				3
8073698				3
8073705				3
8073733				3
8073743				3
8073752				3
8073766				3
8073775				3
8073799				3
8073816				3
8073822				3
8073824				3
8073826				3
8073842				3
8073858				3
8073875				3
8073890				3
8073909				3
8073924				3
8073929				3
8073939				3
8073941				3
8073943				3
8073949				3
8073960				3
8073962				3
8073992				3
8074003				3
8074020				3
8074030				3
8074057				3
8074059				3
8074061				3
8074063				3
8074070				3
8074082				3
8074106				3
8074108				3
8074131				3
8074153				3
8074157				3
8074168				3
8074170				3
8074192				3
8074194				3
8074196				3
8074201				3
8074204				3
8074210				3
8074212				3
8074223				3
8074227				3
8074237				3
8074249				3
8074251				3
8074261				3
8074274				3
8074286				3
8074307				3
8074309				3
8074316				3
8074330				3
8074335				3
8074349				3
8074364				3
8074371				3
8074384				3
8074388				3
8074399				3
8074432				3
8074458				3
8074464				3
8074473				3
8074481				3
8074498				3
8074522				3
8074541				3
8074556				3
8074558				3
8074565				3
8074569				3
8074577				3
8074591				3
8074593				3
8074597				3
8074606				3
8074615				3
8074617				3
8074632				3
8074640				3
8074642				3
8074644				3
8074647				3
8074688				3
8074695				3
8074701				3
8074712				3
8074714				3
8074716				3
8074730				3
8074734				3
8074737				3
8074744				3
8074746				3
8074748				3
8074769				3
8074771				3
8074773				3
8074780				3
8074789				3
8074791				3
8074806				3
8074817				3
8074836				3
8074842				3
8074845				3
8074853				3
8074856				3
8074867				3
8074869				3
8074878				3
8074880				3
8074884				3
8074886				3
8074888				3
8074890				3
8074892				3
8074897				3
8074909				3
8074916				3
8074925				3
8074927				3
8074931				3
8074934				3
8074939				3
8074944				3
8074956				3
8074958				3
8074962				3
8074969				3
8074972				3
8074978				3
8074980				3
8074988				3
8074991				3
8075005				3
8075009				3
8075016				3
8075024				3
8075026				3
8075049				3
8075052				3
8075057				3
8075059				3
8075061				3
8075063				3
8075089				3
8075106				3
8075118				3
8075126				3
8075130				3
8075142				3
8075160				3
8075162				3
8075164				3
8075182				3
8075190				3
8075192				3
8075198				3
8075200				3
8075211				3
8075217				3
8075239				3
8075263				3
8075276				3
8075285				3
8075306				3
8075308				3
8075310				3
8075316				3
8075322				3
8075332				3
8075343				3
8075363				3
8075365				3
8075375				3
8075390				3
8075401				3
8075406				3
8075423				3
8075430				3
8075458				3
8075462				3
8075468				3
8075477				3
8075479				3
8075481				3
8075483				3
8075493				3
8075505				3
8075507				3
8075529				3
8075542				3
8075550				3
8075553				3
8075555				3
8075564				3
8075569				3
8075585				3
8075600				3
8075616				3
8075633				3
8075635				3
8075637				3
8075657				3
8075659				3
8075668				3
8075673				3
8075691				3
8075693				3
8075695				3
8075705				3
8075707				3
8075709				3
8075720				3
8075728				3
8075776				3
8075778				3
8075785				3
8075798				3
8075817				3
8075820				3
8075828				3
8075838				3
8075846				3
8075850				3
8075857				3
8075863				3
8075865				3
8075886				3
8075897				3
8075906				3
8075910				3
8075918				3
8075921				3
8075924				3
8075934				3
8075956				3
8075963				3
8075969				3
8075971				3
8075981				3
8075992				3
8076002				3
8076007				3
8076025				3
8076046				3
8076056				3
8076072				3
8076077				3
8076094				3
8076113				3
8076128				3
8076137				3
8076161				3
8076169				3
8076176				3
8076185				3
8076193				3
8076195				3
8076209				3
8076219				3
8076221				3
8076223				3
8076225				3
8076231				3
8076239				3
8076241				3
8076260				3
8076272				3
8076292				3
8076298				3
8076300				3
8076302				3
8076307				3
8076327				3
8076329				3
8076331				3
8076339				3
8076344				3
8076355				3
8076365				3
8076374				3
8076382				3
8076384				3
8076387				3
8076393				3
8076403				3
8076415				3
8076417				3
8076424				3
8076431				3
8076436				3
8076441				3
8076449				3
8076455				3
8076461				3
8076463				3
8076465				3
8076481				3
8076493				3
8076497				3
8076509				3
8076511				3
8076513				3
8076515				3
8076533				3
8076547				3
8076561				3
8076563				3
8076569				3
8076584				3
8076586				3
8076612				3
8076644				3
8076655				3
8076668				3
8076673				3
8076677				3
8076690				3
8076704				3
8076732				3
8076734				3
8076739				3
8076744				3
8076747				3
8076749				3
8076754				3
8076757				3
8076792				3
8076813				3
8076815				3
8076819				3
8076826				3
8076836				3
8076851				3
8076865				3
8076882				3
8076894				3
8076909				3
8076937				3
8076962				3
8076978				3
8076998				3
8077036				3
8077042				3
8077082				3
8077099				3
8077103				3
8077116				3
8077123				3
8077160				3
8077169				3
8077171				3
8077185				3
8077192				3
8077198				3
8077204				3
8077211				3
8077226				3
8077238				3
8077250				3
8077262				3
8077270				3
8077299				3
8077323				3
8077351				3
8077353				3
8077366				3
8077370				3
8077376				3
8077441				3
8077450				3
8077458				3
8077472				3
8077490				3
8077499				3
8077503				3
8077511				3
8077513				3
8077526				3
8077528				3
8077550				3
8077572				3
8077595				3
8077612				3
8077635				3
8077652				3
8077663				3
8077668				3
8077688				3
8077712				3
8077728				3
8077731				3
8077768				3
8077770				3
8077777				3
8077779				3
8077781				3
8077786				3
8077804				3
8077815				3
8077817				3
8077833				3
8077851				3
8077858				3
8077877				3
8077879				3
8077899				3
8077914				3
8077929				3
8077931				3
8077942				3
8077944				3
8077958				3
8077970				3
8077989				3
8077993				3
8078008				3
8078012				3
8078014				3
8078033				3
8078046				3
8078066				3
8078091				3
8078110				3
8078134				3
8078136				3
8078138				3
8078147				3
8078153				3
8078155				3
8078173				3
8078185				3
8078187				3
8078196				3
8078214				3
8078225				3
8078227				3
8078248				3
8078252				3
8078260				3
8078262				3
8078270				3
8078272				3
8078284				3
8078286				3
8078300				3
8078305				3
8078310				3
8078312				3
8078319				3
8078330				3
8078350				3
8078360				3
8078378				3
8078380				3
8078382				3
8078384				3
8078386				3
8078395				3
8078397				3
8078405				3
8078412				3
8078435				3
8078442				3
8078448				3
8078450				3
8078461				3
8078479				3
8078497				3
8078527				3
8078529				3
8078542				3
8078544				3
8078565				3
8078567				3
8078569				3
8078600				3
8078603				3
8078605				3
8078619				3
8078650				3
8078663				3
8078665				3
8078688				3
8078690				3
8078729				3
8078738				3
8078759				3
8078772				3
8078784				3
8078805				3
8078818				3
8078832				3
8078834				3
8078857				3
8078888				3
8078896				3
8078898				3
8078905				3
8078916				3
8078918				3
8078920				3
8078933				3
8078956				3
8078958				3
8078960				3
8078962				3
8078971				3
8078984				3
8078991				3
8078999				3
8079005				3
8079019				3
8079021				3
8079037				3
8079058				3
8079060				3
8079074				3
8079079				3
8079099				3
8079107				3
8079117				3
8079124				3
8079131				3
8079138				3
8079140				3
8079149				3
8079151				3
8079153				3
8079163				3
8079165				3
8079167				3
8079170				3
8079187				3
8079189				3
8079198				3
8079204				3
8079217				3
8079224				3
8079229				3
8079237				3
8079274				3
8079279				3
8079294				3
8079305				3
8079311				3
8079334				3
8079346				3
8079368				3
8079370				3
8079375				3
8079377				3
8079383				3
8079392				3
8079401				3
8079407				3
8079415				3
8079420				3
8079422				3
8079426				3
8079433				3
8079462				3
8079517				3
8079532				3
8079561				3
8079563				3
8079588				3
8079590				3
8079598				3
8079613				3
8079615				3
8079628				3
8079630				3
8079637				3
8079662				3
8079677				3
8079693				3
8079707				3
8079719				3
8079731				3
8079733				3
8079740				3
8079742				3
8079744				3
8079746				3
8079753				3
8079759				3
8079772				3
8079796				3
8079839				3
8079842				3
8079867				3
8079869				3
8079896				3
8079919				3
8079931				3
8079950				3
8079964				3
8079966				3
8079988				3
8079993				3
8079999				3
8080001				3
8080013				3
8080028				3
8080082				3
8080084				3
8080093				3
8080100				3
8080121				3
8080128				3
8080138				3
8080142				3
8080144				3
8080158				3
8080162				3
8080168				3
8080184				3
8080198				3
8080212				3
8080226				3
8080306				3
8080320				3
8080344				3
8080416				3
8080419				3
8080438				3
8080445				3
8080466				3
8080487				3
8080509				3
8080511				3
8080562				3
8080578				3
8080617				3
8080619				3
8080621				3
8080640				3
8080645				3
8080674				3
8080676				3
8080683				3
8080685				3
8080714				3
8080762				3
8080773				3
8080781				3
8080804				3
8080810				3
8080847				3
8080853				3
8080855				3
8080863				3
8080868				3
8080878				3
8080894				3
8080896				3
8080909				3
8080911				3
8080918				3
8080923				3
8080926				3
8080936				3
8080938				3
8080956				3
8080958				3
8080960				3
8080962				3
8080964				3
8080973				3
8080980				3
8080983				3
8080985				3
8080987				3
8080989				3
8080991				3
8080994				3
8080998				3
8081001				3
8081028				3
8081030				3
8081032				3
8081034				3
8081036				3
8081051				3
8081053				3
8081055				3
8081065				3
8081067				3
8081069				3
8081073				3
8081079				3
8081081				3
8081103				3
8081105				3
8081107				3
8081109				3
8081111				3
8081113				3
8081115				3
8081128				3
8081135				3
8081138				3
8081158				3
8081171				3
8081192				3
8081194				3
8081196				3
8081198				3
8081200				3
8081202				3
8081204				3
8081206				3
8081208				3
8081210				3
8081212				3
8081214				3
8081217				3
8081219				3
8081233				3
8081235				3
8081241				3
8081254				3
8081256				3
8081277				3
8081288				3
8081298				3
8081316				3
8081331				3
8081333				3
8081335				3
8081337				3
8081339				3
8081341				3
8081343				3
8081348				3
8081354				3
8081356				3
8081358				3
8081362				3
8081375				3
8081386				3
8081405				3
8081407				3
8081427				3
8081429				3
8081431				3
8081452				3
8081454				3
8081456				3
8081458				3
8081460				3
8081462				3
8081465				3
8081488				3
8081501				3
8081503				3
8081537				3
8081546				3
8081548				3
8081564				3
8081582				3
8081590				3
8081612				3
8081620				3
8081631				3
8081645				3
8081657				3
8081667				3
8081676				3
8081686				3
8081710				3
8081740				3
8081758				3
8081779				3
8081786				3
8081799				3
8081808				3
8081810				3
8081818				3
8081820				3
8081822				3
8081826				3
8081838				3
8081853				3
8081867				3
8081878				3
8081880				3
8081890				3
8081903				3
8081925				3
8081941				3
8081943				3
8081945				3
8081951				3
8081953				3
8081959				3
8081989				3
8081995				3
8081997				3
8082003				3
8082012				3
8082035				3
8082046				3
8082058				3
8082066				3
8082075				3
8082086				3
8082100				3
8082118				3
8082120				3
8082133				3
8082153				3
8082163				3
8082165				3
8082229				3
8082236				3
8082238				3
8082240				3
8082242				3
8082244				3
8082246				3
8082248				3
8082250				3
8082252				3
8082254				3
8082261				3
8082270				3
8082289				3
8082298				3
8082305				3
8082314				3
8082347				3
8082350				3
8082368				3
8082380				3
8082400				3
8082406				3
8082408				3
8082422				3
8082431				3
8082442				3
8082444				3
8082465				3
8082473				3
8082478				3
8082504				3
8082517				3
8082523				3
8082552				3
8082560				3
8082570				3
8082572				3
8082574				3
8082583				3
8082585				3
8082597				3
8082605				3
8082607				3
8082643				3
8082663				3
8082667				3
8082673				3
8082688				3
8082745				3
8082750				3
8082767				3
8082774				3
8082786				3
8082788				3
8082795				3
8082797				3
8082816				3
8082827				3
8082846				3
8082869				3
8082886				3
8082905				3
8082911				3
8082916				3
8082926				3
8082928				3
8082940				3
8082965				3
8082974				3
8083000				3
8083011				3
8083025				3
8083030				3
8083032				3
8083034				3
8083053				3
8083061				3
8083063				3
8083071				3
8083075				3
8083090				3
8083092				3
8083094				3
8083119				3
8083129				3
8083136				3
8083142				3
8083144				3
8083146				3
8083164				3
8083166				3
8083183				3
8083214				3
8083221				3
8083223				3
8083227				3
8083229				3
8083233				3
8083240				3
8083246				3
8083260				3
8083272				3
8083282				3
8083301				3
8083310				3
8083318				3
8083320				3
8083322				3
8083324				3
8083333				3
8083352				3
8083360				3
8083407				3
8083409				3
8083415				3
8083422				3
8083429				3
8083445				3
8083447				3
8083453				3
8083455				3
8083457				3
8083463				3
8083467				3
8083469				3
8083471				3
8083492				3
8083494				3
8083523				3
8083538				3
8083546				3
8083569				3
8083576				3
8083590				3
8083592				3
8083594				3
8083599				3
8083605				3
8083616				3
8083630				3
8083652				3
8083656				3
8083673				3
8083677				3
8083690				3
8083704				3
8083707				3
8083709				3
8083737				3
8083739				3
8083743				3
8083745				3
8083747				3
8083749				3
8083757				3
8083770				3
8083775				3
8083777				3
8083779				3
8083790				3
8083792				3
8083794				3
8083808				3
8083814				3
8083826				3
8083839				3
8083848				3
8083850				3
8083852				3
8083854				3
8083876				3
8083887				3
8083893				3
8083895				3
8083897				3
8083901				3
8083933				3
8083935				3
8083937				3
8083939				3
8083941				3
8083968				3
8083978				3
8083994				3
8083996				3
8083998				3
8084000				3
8084002				3
8084012				3
8084014				3
8084016				3
8084035				3
8084045				3
8084064				3
8084067				3
8084092				3
8084100				3
8084122				3
8084124				3
8084126				3
8084128				3
8084146				3
8084165				3
8084169				3
8084171				3
8084173				3
8084206				3
8084213				3
8084215				3
8084217				3
8084219				3
8084232				3
8084266				3
8084275				3
8084284				3
8084299				3
8084303				3
8084323				3
8084345				3
8084360				3
8084382				3
8084397				3
8084423				3
8084439				3
8084478				3
8084488				3
8084496				3
8084524				3
8084541				3
8084589				3
8084605				3
8084607				3
8084627				3
8084630				3
8084634				3
8084648				3
8084657				3
8084668				3
8084679				3
8084694				3
8084704				3
8084708				3
8084710				3
8084715				3
8084717				3
8084726				3
8084732				3
8084737				3
8084739				3
8084742				3
8084755				3
8084757				3
8084766				3
8084788				3
8084794				3
8084810				3
8084812				3
8084814				3
8084818				3
8084832				3
8084834				3
8084836				3
8084838				3
8084844				3
8084878				3
8084880				3
8084887				3
8084889				3
8084891				3
8084895				3
8084904				3
8084912				3
8084917				3
8084921				3
8084923				3
8084927				3
8084929				3
8084941				3
8084943				3
8084945				3
8084947				3
8084951				3
8084955				3
8084963				3
8084971				3
8084982				3
8084986				3
8085000				3
8085024				3
8085026				3
8085033				3
8085052				3
8085054				3
8085056				3
8085058				3
8085060				3
8085062				3
8085081				3
8085094				3
8085112				3
8085114				3
8085116				3
8085118				3
8085120				3
8085122				3
8085138				3
8085145				3
8085164				3
8085193				3
8085195				3
8085206				3
8085220				3
8085233				3
8085244				3
8085253				3
8085255				3
8085263				3
8085272				3
8085276				3
8085283				3
8085287				3
8085293				3
8085300				3
8085311				3
8085340				3
8085350				3
8085358				3
8085360				3
8085370				3
8085372				3
8085374				3
8085393				3
8085407				3
8085412				3
8085429				3
8085431				3
8085475				3
8085481				3
8085486				3
8085504				3
8085529				3
8085531				3
8085537				3
8085554				3
8085556				3
8085571				3
8085579				3
8085581				3
8085606				3
8085608				3
8085628				3
8085660				3
8085665				3
8085676				3
8085689				3
8085714				3
8085716				3
8085730				3
8085732				3
8085749				3
8085754				3
8085768				3
8085770				3
8085772				3
8085774				3
8085784				3
8085786				3
8085788				3
8085797				3
8085811				3
8085813				3
8085815				3
8085852				3
8085867				3
8085912				3
8085914				3
8085946				3
8085954				3
8085967				3
8085970				3
8085972				3
8085984				3
8085999				3
8086008				3
8086024				3
8086028				3
8086048				3
8086051				3
8086057				3
8086075				3
8086077				3
8086120				3
8086125				3
8086139				3
8086141				3
8086148				3
8086150				3
8086181				3
8086183				3
8086185				3
8086201				3
8086216				3
8086218				3
8086222				3
8086255				3
8086283				3
8086313				3
8086315				3
8086317				3
8086330				3
8086341				3
8086344				3
8086350				3
8086352				3
8086368				3
8086370				3
8086372				3
8086389				3
8086391				3
8086400				3
8086406				3
8086417				3
8086419				3
8086434				3
8086451				3
8086457				3
8086462				3
8086465				3
8086467				3
8086482				3
8086494				3
8086498				3
8086503				3
8086505				3
8086515				3
8086517				3
8086530				3
8086536				3
8086538				3
8086540				3
8086555				3
8086572				3
8086595				3
8086600				3
8086607				3
8086615				3
8086627				3
8086660				3
8086669				3
8086683				3
8086689				3
8086698				3
8086706				3
8086729				3
8086752				3
8086754				3
8086784				3
8086797				3
8086799				3
8086810				3
8086842				3
8086876				3
8086878				3
8086880				3
8086899				3
8086908				3
8086949				3
8086953				3
8086961				3
8086981				3
8086985				3
8087100				3
8087116				3
8087119				3
8087145				3
8087182				3
8087201				3
8087210				3
8087224				3
8087234				3
8087236				3
8087250				3
8087252				3
8087254				3
8087271				3
8087283				3
8087308				3
8087337				3
8087372				3
8087374				3
8087380				3
8087405				3
8087409				3
8087419				3
8087433				3
8087447				3
8087453				3
8087461				3
8087473				3
8087481				3
8087485				3
8087513				3
8087530				3
8087545				3
8087547				3
8087568				3
8087576				3
8087596				3
8087611				3
8087624				3
8087634				3
8087640				3
8087653				3
8087669				3
8087685				3
8087691				3
8087731				3
8087739				3
8087746				3
8087748				3
8087778				3
8087780				3
8087782				3
8087790				3
8087806				3
8087825				3
8087830				3
8087833				3
8087839				3
8087852				3
8087860				3
8087874				3
8087881				3
8087883				3
8087885				3
8087907				3
8087925				3
8087935				3
8087951				3
8087985				3
8088001				3
8088020				3
8088047				3
8088054				3
8088065				3
8088090				3
8088092				3
8088106				3
8088126				3
8088128				3
8088140				3
8088142				3
8088151				3
8088167				3
8088172				3
8088174				3
8088180				3
8088192				3
8088212				3
8088219				3
8088247				3
8088264				3
8088285				3
8088292				3
8088299				3
8088315				3
8088322				3
8088335				3
8088337				3
8088339				3
8088348				3
8088369				3
8088371				3
8088384				3
8088397				3
8088415				3
8088425				3
8088436				3
8088458				3
8088468				3
8088472				3
8088474				3
8088476				3
8088478				3
8088480				3
8088485				3
8088491				3
8088524				3
8088526				3
8088535				3
8088546				3
8088548				3
8088550				3
8088560				3
8088602				3
8088634				3
8088636				3
8088642				3
8088664				3
8088669				3
8088671				3
8088680				3
8088700				3
8088718				3
8088739				3
8088745				3
8088768				3
8088770				3
8088772				3
8088776				3
8088803				3
8088813				3
8088820				3
8088828				3
8088830				3
8088842				3
8088844				3
8088846				3
8088848				3
8088864				3
8088866				3
8088889				3
8088891				3
8088893				3
8088895				3
8088903				3
8088905				3
8088908				3
8088911				3
8088915				3
8088917				3
8088919				3
8088952				3
8088954				3
8088956				3
8088958				3
8088977				3
8088979				3
8088986				3
8088996				3
8088998				3
8089000				3
8089007				3
8089009				3
8089011				3
8089013				3
8089015				3
8089026				3
8089029				3
8089034				3
8089036				3
8089038				3
8089040				3
8089060				3
8089062				3
8089072				3
8089082				3
8089106				3
8089108				3
8089112				3
8089128				3
8089145				3
8089185				3
8089203				3
8089230				3
8089232				3
8089234				3
8089247				3
8089249				3
8089255				3
8089259				3
8089261				3
8089283				3
8089285				3
8089287				3
8089289				3
8089291				3
8089293				3
8089295				3
8089299				3
8089314				3
8089329				3
8089372				3
8089394				3
8089402				3
8089407				3
8089436				3
8089438				3
8089448				3
8089457				3
8089459				3
8089462				3
8089464				3
8089467				3
8089472				3
8089478				3
8089489				3
8089519				3
8089527				3
8089544				3
8089559				3
8089568				3
8089584				3
8089596				3
8089606				3
8089627				3
8089647				3
8089652				3
8089659				3
8089677				3
8089679				3
8089694				3
8089701				3
8089714				3
8089723				3
8089727				3
8089729				3
8089743				3
8089757				3
8089759				3
8089771				3
8089785				3
8089795				3
8089801				3
8089818				3
8089820				3
8089830				3
8089835				3
8089849				3
8089851				3
8089867				3
8089873				3
8089875				3
8089911				3
8089926				3
8089928				3
8089930				3
8089954				3
8089970				3
8089986				3
8089988				3
8089993				3
8089999				3
8090018				3
8090030				3
8090044				3
8090070				3
8090091				3
8090098				3
8090133				3
8090152				3
8090162				3
8090180				3
8090193				3
8090212				3
8090214				3
8090235				3
8090237				3
8090256				3
8090277				3
8090291				3
8090295				3
8090314				3
8090341				3
8090343				3
8090349				3
8090351				3
8090364				3
8090366				3
8090388				3
8090395				3
8090416				3
8090418				3
8090420				3
8090433				3
8090446				3
8090448				3
8090462				3
8090464				3
8090469				3
8090485				3
8090490				3
8090503				3
8090505				3
8090507				3
8090509				3
8090511				3
8090518				3
8090529				3
8090533				3
8090546				3
8090555				3
8090559				3
8090565				3
8090567				3
8090577				3
8090591				3
8090630				3
8090637				3
8090639				3
8090660				3
8090662				3
8090664				3
8090674				3
8090676				3
8090678				3
8090688				3
8090690				3
8090715				3
8090737				3
8090770				3
8090772				3
8090801				3
8090803				3
8090817				3
8090823				3
8090840				3
8090852				3
8090866				3
8090872				3
8090889				3
8090891				3
8090893				3
8090898				3
8090934				3
8090936				3
8090938				3
8090955				3
8090960				3
8090972				3
8090988				3
8091009				3
8091032				3
8091037				3
8091039				3
8091043				3
8091048				3
8091071				3
8091078				3
8091087				3
8091095				3
8091097				3
8091099				3
8091101				3
8091103				3
8091118				3
8091120				3
8091141				3
8091186				3
8091188				3
8091190				3
8091239				3
8091241				3
8091243				3
8091255				3
8091260				3
8091279				3
8091281				3
8091283				3
8091306				3
8091318				3
8091327				3
8091340				3
8091342				3
8091352				3
8091354				3
8091385				3
8091402				3
8091411				3
8091422				3
8091432				3
8091444				3
8091446				3
8091452				3
8091456				3
8091458				3
8091469				3
8091485				3
8091491				3
8091503				3
8091511				3
8091515				3
8091523				3
8091530				3
8091537				3
8091546				3
8091550				3
8091552				3
8091554				3
8091556				3
8091558				3
8091560				3
8091562				3
8091588				3
8091595				3
8091600				3
8091627				3
8091629				3
8091637				3
8091648				3
8091656				3
8091658				3
8091676				3
8091678				3
8091696				3
8091698				3
8091712				3
8091715				3
8091723				3
8091731				3
8091733				3
8091735				3
8091737				3
8091757				3
8091764				3
8091778				3
8091780				3
8091799				3
8091806				3
8091809				3
8091811				3
8091861				3
8091863				3
8091867				3
8091875				3
8091877				3
8091879				3
8091881				3
8091883				3
8091885				3
8091887				3
8091910				3
8091922				3
8091941				3
8091954				3
8091972				3
8091991				3
8091998				3
8092000				3
8092002				3
8092009				3
8092021				3
8092035				3
8092053				3
8092055				3
8092065				3
8092067				3
8092073				3
8092081				3
8092083				3
8092095				3
8092132				3
8092134				3
8092162				3
8092165				3
8092169				3
8092177				3
8092183				3
8092185				3
8092187				3
8092199				3
8092201				3
8092218				3
8092220				3
8092222				3
8092224				3
8092226				3
8092228				3
8092230				3
8092239				3
8092241				3
8092251				3
8092265				3
8092275				3
8092277				3
8092295				3
8092312				3
8092314				3
8092321				3
8092328				3
8092348				3
8092358				3
8092390				3
8092392				3
8092404				3
8092409				3
8092418				3
8092455				3
8092457				3
8092468				3
8092473				3
8092501				3
8092514				3
8092520				3
8092523				3
8092532				3
8092534				3
8092541				3
8092552				3
8092564				3
8092578				3
8092594				3
8092596				3
8092621				3
8092627				3
8092638				3
8092640				3
8092654				3
8092661				3
8092682				3
8092686				3
8092691				3
8092702				3
8092705				3
8092707				3
8092724				3
8092726				3
8092735				3
8092741				3
8092748				3
8092750				3
8092763				3
8092765				3
8092769				3
8092800				3
8092834				3
8092836				3
8092839				3
8092845				3
8092849				3
8092883				3
8092886				3
8092888				3
8092905				3
8092922				3
8092931				3
8092933				3
8092957				3
8092959				3
8092968				3
8092970				3
8092978				3
8093013				3
8093035				3
8093037				3
8093039				3
8093053				3
8093074				3
8093086				3
8093096				3
8093104				3
8093110				3
8093112				3
8093126				3
8093128				3
8093130				3
8093137				3
8093141				3
8093145				3
8093150				3
8093152				3
8093156				3
8093166				3
8093171				3
8093191				3
8093219				3
8093230				3
8093256				3
8093258				3
8093272				3
8093278				3
8093294				3
8093298				3
8093304				3
8093314				3
8093320				3
8093330				3
8093332				3
8093336				3
8093343				3
8093360				3
8093386				3
8093398				3
8093413				3
8093425				3
8093440				3
8093451				3
8093453				3
8093456				3
8093462				3
8093476				3
8093494				3
8093500				3
8093518				3
8093539				3
8093576				3
8093578				3
8093590				3
8093601				3
8093624				3
8093643				3
8093665				3
8093683				3
8093685				3
8093756				3
8093764				3
8093792				3
8093807				3
8093821				3
8093826				3
8093829				3
8093839				3
8093852				3
8093858				3
8093872				3
8093878				3
8093906				3
8093916				3
8093936				3
8093943				3
8093950				3
8093957				3
8093961				3
8093974				3
8093976				3
8093991				3
8093993				3
8093997				3
8094026				3
8094028				3
8094030				3
8094032				3
8094056				3
8094068				3
8094070				3
8094086				3
8094093				3
8094101				3
8094116				3
8094118				3
8094120				3
8094122				3
8094124				3
8094126				3
8094128				3
8094130				3
8094132				3
8094134				3
8094136				3
8094139				3
8094142				3
8094144				3
8094148				3
8094154				3
8094156				3
8094163				3
8094165				3
8094169				3
8094184				3
8094190				3
8094226				3
8094228				3
8094240				3
8094251				3
8094253				3
8094257				3
8094259				3
8094271				3
8094278				3
8094301				3
8094340				3
8094342				3
8094355				3
8094357				3
8094359				3
8094361				3
8094372				3
8094378				3
8094391				3
8094393				3
8094408				3
8094439				3
8094441				3
8094456				3
8094460				3
8094476				3
8094499				3
8094501				3
8094516				3
8094518				3
8094520				3
8094531				3
8094533				3
8094542				3
8094550				3
8094556				3
8094574				3
8094596				3
8094599				3
8094609				3
8094625				3
8094638				3
8094677				3
8094679				3
8094686				3
8094688				3
8094701				3
8094704				3
8094717				3
8094719				3
8094739				3
8094741				3
8094743				3
8094751				3
8094759				3
8094772				3
8094774				3
8094776				3
8094778				3
8094789				3
8094830				3
8094843				3
8094848				3
8094870				3
8094872				3
8094874				3
8094876				3
8094897				3
8094899				3
8094901				3
8094911				3
8094936				3
8094938				3
8094946				3
8094948				3
8094960				3
8094968				3
8094974				3
8094986				3
8094988				3
8095005				3
8095009				3
8095021				3
8095035				3
8095037				3
8095043				3
8095048				3
8095072				3
8095074				3
8095078				3
8095080				3
8095110				3
8095135				3
8095137				3
8095139				3
8095148				3
8095159				3
8095161				3
8095163				3
8095185				3
8095187				3
8095214				3
8095216				3
8095221				3
8095230				3
8095246				3
8095251				3
8095260				3
8095262				3
8095269				3
8095295				3
8095297				3
8095299				3
8095301				3
8095303				3
8095331				3
8095333				3
8095335				3
8095337				3
8095339				3
8095341				3
8095343				3
8095356				3
8095358				3
8095360				3
8095362				3
8095364				3
8095376				3
8095380				3
8095390				3
8095395				3
8095402				3
8095404				3
8095412				3
8095422				3
8095430				3
8095435				3
8095441				3
8095451				3
8095456				3
8095467				3
8095477				3
8095484				3
8095488				3
8095491				3
8095500				3
8095504				3
8095508				3
8095519				3
8095535				3
8095539				3
8095543				3
8095545				3
8095562				3
8095564				3
8095566				3
8095574				3
8095585				3
8095616				3
8095624				3
8095626				3
8095628				3
8095646				3
8095663				3
8095680				3
8095688				3
8095694				3
8095697				3
8095703				3
8095705				3
8095723				3
8095728				3
8095736				3
8095744				3
8095751				3
8095758				3
8095760				3
8095767				3
8095773				3
8095800				3
8095802				3
8095806				3
8095819				3
8095826				3
8095832				3
8095834				3
8095854				3
8095868				3
8095870				3
8095886				3
8095894				3
8095907				3
8095986				3
8096002				3
8096004				3
8096025				3
8096027				3
8096030				3
8096032				3
8096050				3
8096061				3
8096070				3
8096075				3
8096077				3
8096079				3
8096081				3
8096091				3
8096098				3
8096109				3
8096116				3
8096130				3
8096147				3
8096158				3
8096160				3
8096176				3
8096224				3
8096249				3
8096251				3
8096265				3
8096274				3
8096281				3
8096290				3
8096296				3
8096301				3
8096312				3
8096314				3
8096331				3
8096333				3
8096335				3
8096361				3
8096385				3
8096411				3
8096413				3
8096415				3
8096425				3
8096438				3
8096440				3
8096457				3
8096459				3
8096461				3
8096463				3
8096489				3
8096511				3
8096528				3
8096531				3
8096533				3
8096536				3
8096538				3
8096554				3
8096556				3
8096568				3
8096580				3
8096602				3
8096615				3
8096617				3
8096635				3
8096661				3
8096663				3
8096667				3
8096669				3
8096675				3
8096680				3
8096682				3
8096688				3
8096704				3
8096718				3
8096731				3
8096733				3
8096744				3
8096753				3
8096765				3
8096771				3
8096777				3
8096781				3
8096808				3
8096821				3
8096830				3
8096839				3
8096845				3
8096873				3
8096875				3
8096897				3
8096899				3
8096905				3
8096917				3
8096919				3
8096938				3
8096955				3
8096957				3
8096959				3
8097011				3
8097013				3
8097015				3
8097017				3
8097028				3
8097030				3
8097034				3
8097036				3
8097038				3
8097056				3
8097058				3
8097062				3
8097064				3
8097066				3
8097080				3
8097086				3
8097096				3
8097098				3
8097116				3
8097118				3
8097120				3
8097122				3
8097124				3
8097126				3
8097128				3
8097146				3
8097148				3
8097236				3
8097252				3
8097256				3
8097262				3
8097282				3
8097285				3
8097288				3
8097305				3
8097307				3
8097327				3
8097335				3
8097356				3
8097373				3
8097388				3
8097415				3
8097417				3
8097435				3
8097443				3
8097445				3
8097447				3
8097449				3
8097457				3
8097459				3
8097461				3
8097468				3
8097470				3
8097472				3
8097474				3
8097476				3
8097478				3
8097480				3
8097505				3
8097507				3
8097513				3
8097521				3
8097529				3
8097541				3
8097543				3
8097553				3
8097568				3
8097570				3
8097586				3
8097600				3
8097626				3
8097628				3
8097645				3
8097647				3
8097655				3
8097657				3
8097670				3
8097679				3
8097685				3
8097687				3
8097690				3
8097692				3
8097704				3
8097717				3
8097743				3
8097747				3
8097749				3
8097751				3
8097753				3
8097773				3
8097780				3
8097782				3
8097790				3
8097792				3
8097794				3
8097801				3
8097809				3
8097811				3
8097813				3
8097827				3
8097829				3
8097841				3
8097857				3
8097867				3
8097903				3
8097910				3
8097920				3
8097928				3
8097934				3
8097936				3
8097938				3
8097945				3
8097947				3
8097949				3
8097951				3
8097953				3
8097955				3
8097957				3
8097973				3
8097991				3
8098004				3
8098006				3
8098021				3
8098041				3
8098058				3
8098060				3
8098084				3
8098101				3
8098103				3
8098121				3
8098146				3
8098150				3
8098157				3
8098159				3
8098161				3
8098163				3
8098165				3
8098167				3
8098170				3
8098175				3
8098177				3
8098193				3
8098195				3
8098204				3
8098214				3
8098240				3
8098242				3
8098244				3
8098246				3
8098259				3
8098261				3
8098263				3
8098287				3
8098289				3
8098291				3
8098307				3
8098326				3
8098328				3
8098342				3
8098344				3
8098348				3
8098368				3
8098379				3
8098412				3
8098414				3
8098421				3
8098423				3
8098437				3
8098439				3
8098441				3
8098463				3
8098465				3
8098470				3
8098496				3
8098498				3
8098500				3
8098506				3
8098508				3
8098512				3
8098547				3
8098549				3
8098554				3
8098556				3
8098571				3
8098576				3
8098581				3
8098604				3
8098611				3
8098620				3
8098637				3
8098654				3
8098671				3
8098688				3
8098690				3
8098697				3
8098705				3
8098707				3
8098712				3
8098714				3
8098721				3
8098723				3
8098725				3
8098730				3
8098732				3
8098740				3
8098743				3
8098745				3
8098752				3
8098758				3
8098762				3
8098769				3
8098782				3
8098789				3
8098822				3
8098848				3
8098856				3
8098870				3
8098877				3
8098880				3
8098895				3
8098902				3
8098904				3
8098916				3
8098924				3
8098938				3
8098940				3
8098942				3
8098958				3
8098985				3
8098995				3
8099008				3
8099025				3
8099027				3
8099029				3
8099037				3
8099051				3
8099073				3
8099082				3
8099084				3
8099091				3
8099093				3
8099099				3
8099107				3
8099121				3
8099130				3
8099132				3
8099140				3
8099142				3
8099144				3
8099172				3
8099193				3
8099200				3
8099218				3
8099233				3
8099235				3
8099240				3
8099242				3
8099246				3
8099253				3
8099255				3
8099259				3
8099279				3
8099302				3
8099304				3
8099324				3
8099326				3
8099340				3
8099362				3
8099364				3
8099368				3
8099388				3
8099393				3
8099395				3
8099406				3
8099410				3
8099438				3
8099447				3
8099449				3
8099467				3
8099471				3
8099476				3
8099504				3
8099506				3
8099524				3
8099537				3
8099539				3
8099541				3
8099551				3
8099570				3
8099581				3
8099589				3
8099591				3
8099593				3
8099612				3
8099631				3
8099633				3
8099649				3
8099668				3
8099670				3
8099685				3
8099696				3
8099713				3
8099715				3
8099717				3
8099719				3
8099721				3
8099746				3
8099754				3
8099756				3
8099758				3
8099760				3
8099797				3
8099805				3
8099807				3
8099811				3
8099813				3
8099815				3
8099817				3
8099826				3
8099834				3
8099841				3
8099850				3
8099860				3
8099887				3
8099897				3
8099912				3
8099918				3
8099922				3
8099924				3
8099926				3
8099965				3
8099967				3
8099982				3
8100001				3
8100003				3
8100007				3
8100013				3
8100015				3
8100026				3
8100068				3
8100070				3
8100076				3
8100085				3
8100095				3
8100097				3
8100109				3
8100123				3
8100125				3
8100127				3
8100131				3
8100143				3
8100145				3
8100154				3
8100177				3
8100179				3
8100202				3
8100210				3
8100227				3
8100229				3
8100231				3
8100251				3
8100290				3
8100292				3
8100298				3
8100306				3
8100308				3
8100310				3
8100312				3
8100318				3
8100328				3
8100338				3
8100347				3
8100360				3
8100362				3
8100376				3
8100378				3
8100382				3
8100389				3
8100391				3
8100393				3
8100426				3
8100428				3
8100454				3
8100456				3
8100458				3
8100464				3
8100474				3
8100476				3
8100478				3
8100495				3
8100507				3
8100519				3
8100521				3
8100523				3
8100530				3
8100532				3
8100541				3
8100547				3
8100549				3
8100553				3
8100555				3
8100557				3
8100572				3
8100574				3
8100576				3
8100578				3
8100599				3
8100601				3
8100603				3
8100615				3
8100655				3
8100664				3
8100675				3
8100688				3
8100699				3
8100701				3
8100714				3
8100734				3
8100737				3
8100746				3
8100754				3
8100756				3
8100758				3
8100760				3
8100768				3
8100782				3
8100784				3
8100791				3
8100798				3
8100808				3
8100819				3
8100827				3
8100832				3
8100834				3
8100851				3
8100853				3
8100868				3
8100870				3
8100893				3
8100902				3
8100941				3
8100943				3
8100960				3
8100962				3
8100964				3
8100966				3
8100971				3
8100977				3
8100984				3
8100990				3
8100994				3
8101000				3
8101002				3
8101011				3
8101013				3
8101031				3
8101043				3
8101061				3
8101063				3
8101065				3
8101086				3
8101099				3
8101118				3
8101126				3
8101131				3
8101141				3
8101143				3
8101158				3
8101174				3
8101203				3
8101207				3
8101210				3
8101212				3
8101224				3
8101226				3
8101228				3
8101235				3
8101237				3
8101253				3
8101256				3
8101260				3
8101284				3
8101304				3
8101322				3
8101324				3
8101340				3
8101357				3
8101359				3
8101366				3
8101376				3
8101411				3
8101427				3
8101429				3
8101437				3
8101449				3
8101467				3
8101489				3
8101501				3
8101507				3
8101511				3
8101585				3
8101587				3
8101607				3
8101609				3
8101616				3
8101622				3
8101624				3
8101637				3
8101648				3
8101657				3
8101659				3
8101673				3
8101675				3
8101697				3
8101699				3
8101701				3
8101716				3
8101718				3
8101721				3
8101723				3
8101728				3
8101757				3
8101762				3
8101774				3
8101778				3
8101780				3
8101788				3
8101810				3
8101814				3
8101816				3
8101828				3
8101839				3
8101844				3
8101852				3
8101862				3
8101874				3
8101881				3
8101893				3
8101904				3
8101916				3
8101925				3
8101934				3
8101945				3
8101952				3
8101957				3
8101971				3
8101990				3
8101992				3
8102004				3
8102006				3
8102024				3
8102037				3
8102039				3
8102050				3
8102065				3
8102076				3
8102127				3
8102135				3
8102141				3
8102160				3
8102162				3
8102171				3
8102200				3
8102210				3
8102212				3
8102214				3
8102230				3
8102232				3
8102247				3
8102249				3
8102263				3
8102305				3
8102307				3
8102311				3
8102321				3
8102328				3
8102342				3
8102350				3
8102352				3
8102362				3
8102368				3
8102371				3
8102389				3
8102404				3
8102406				3
8102408				3
8102410				3
8102415				3
8102440				3
8102450				3
8102464				3
8102468				3
8102482				3
8102513				3
8102518				3
8102523				3
8102530				3
8102532				3
8102560				3
8102567				3
8102587				3
8102592				3
8102594				3
8102606				3
8102608				3
8102610				3
8102619				3
8102636				3
8102643				3
8102655				3
8102678				3
8102695				3
8102697				3
8102707				3
8102713				3
8102720				3
8102726				3
8102728				3
8102730				3
8102743				3
8102745				3
8102751				3
8102775				3
8102777				3
8102779				3
8102781				3
8102783				3
8102785				3
8102787				3
8102789				3
8102792				3
8102800				3
8102817				3
8102829				3
8102831				3
8102839				3
8102848				3
8102858				3
8102860				3
8102862				3
8102869				3
8102871				3
8102875				3
8102877				3
8102894				3
8102904				3
8102912				3
8102936				3
8102938				3
8102948				3
8102950				3
8102979				3
8102982				3
8102984				3
8102986				3
8102988				3
8102993				3
8102998				3
8103005				3
8103011				3
8103023				3
8103025				3
8103041				3
8103043				3
8103064				3
8103079				3
8103092				3
8103094				3
8103106				3
8103166				3
8103188				3
8103202				3
8103204				3
8103206				3
8103222				3
8103226				3
8103235				3
8103238				3
8103240				3
8103242				3
8103244				3
8103254				3
8103260				3
8103289				3
8103309				3
8103311				3
8103326				3
8103341				3
8103358				3
8103360				3
8103362				3
8103364				3
8103366				3
8103368				3
8103370				3
8103372				3
8103374				3
8103376				3
8103378				3
8103389				3
8103399				3
8103409				3
8103411				3
8103413				3
8103415				3
8103431				3
8103437				3
8103452				3
8103458				3
8103460				3
8103462				3
8103464				3
8103466				3
8103483				3
8103485				3
8103494				3
8103503				3
8103508				3
8103516				3
8103518				3
8103520				3
8103524				3
8103535				3
8103538				3
8103540				3
8103542				3
8103544				3
8103559				3
8103561				3
8103563				3
8103601				3
8103620				3
8103622				3
8103630				3
8103644				3
8103646				3
8103684				3
8103693				3
8103695				3
8103706				3
8103722				3
8103725				3
8103728				3
8103736				3
8103743				3
8103745				3
8103753				3
8103755				3
8103769				3
8103778				3
8103789				3
8103802				3
8103812				3
8103822				3
8103834				3
8103847				3
8103849				3
8103851				3
8103853				3
8103859				3
8103867				3
8103873				3
8103875				3
8103877				3
8103879				3
8103881				3
8103892				3
8103894				3
8103904				3
8103906				3
8103911				3
8103922				3
8103932				3
8103951				3
8103975				3
8103979				3
8103986				3
8103998				3
8104012				3
8104014				3
8104022				3
8104035				3
8104066				3
8104068				3
8104070				3
8104072				3
8104074				3
8104079				3
8104107				3
8104115				3
8104117				3
8104119				3
8104122				3
8104124				3
8104129				3
8104131				3
8104136				3
8104139				3
8104141				3
8104163				3
8104166				3
8104180				3
8104201				3
8104220				3
8104234				3
8104253				3
8104268				3
8104281				3
8104298				3
8104305				3
8104307				3
8104314				3
8104319				3
8104321				3
8104348				3
8104350				3
8104369				3
8104378				3
8104392				3
8104394				3
8104422				3
8104441				3
8104443				3
8104447				3
8104449				3
8104461				3
8104463				3
8104490				3
8104492				3
8104499				3
8104504				3
8104506				3
8104568				3
8104570				3
8104580				3
8104590				3
8104592				3
8104599				3
8104601				3
8104607				3
8104609				3
8104611				3
8104613				3
8104615				3
8104617				3
8104619				3
8104621				3
8104625				3
8104627				3
8104632				3
8104634				3
8104643				3
8104648				3
8104650				3
8104652				3
8104654				3
8104656				3
8104659				3
8104661				3
8104663				3
8104680				3
8104693				3
8104723				3
8104725				3
8104727				3
8104729				3
8104731				3
8104738				3
8104746				3
8104758				3
8104760				3
8104781				3
8104786				3
8104788				3
8104812				3
8104823				3
8104825				3
8104838				3
8104854				3
8104856				3
8104901				3
8104912				3
8104926				3
8104928				3
8104930				3
8104944				3
8104996				3
8104998				3
8105013				3
8105040				3
8105061				3
8105063				3
8105067				3
8105077				3
8105084				3
8105104				3
8105111				3
8105121				3
8105132				3
8105136				3
8105144				3
8105146				3
8105151				3
8105153				3
8105179				3
8105181				3
8105189				3
8105191				3
8105218				3
8105220				3
8105229				3
8105267				3
8105300				3
8105302				3
8105311				3
8105318				3
8105321				3
8105323				3
8105328				3
8105331				3
8105338				3
8105340				3
8105348				3
8105353				3
8105384				3
8105409				3
8105411				3
8105432				3
8105434				3
8105436				3
8105456				3
8105463				3
8105479				3
8105481				3
8105487				3
8105495				3
8105499				3
8105504				3
8105506				3
8105517				3
8105523				3
8105545				3
8105577				3
8105579				3
8105583				3
8105585				3
8105596				3
8105603				3
8105605				3
8105607				3
8105612				3
8105629				3
8105631				3
8105633				3
8105645				3
8105647				3
8105661				3
8105663				3
8105681				3
8105714				3
8105731				3
8105739				3
8105741				3
8105778				3
8105799				3
8105801				3
8105828				3
8105842				3
8105852				3
8105862				3
8105878				3
8105899				3
8105908				3
8105918				3
8105935				3
8105937				3
8105949				3
8105958				3
8105970				3
8105987				3
8105989				3
8105991				3
8105995				3
8105997				3
8106006				3
8106017				3
8106019				3
8106025				3
8106068				3
8106088				3
8106096				3
8106098				3
8106107				3
8106120				3
8106122				3
8106141				3
8106168				3
8106170				3
8106176				3
8106181				3
8106189				3
8106193				3
8106210				3
8106250				3
8106252				3
8106271				3
8106278				3
8106280				3
8106303				3
8106325				3
8106336				3
8106350				3
8106352				3
8106354				3
8106393				3
8106401				3
8106403				3
8106411				3
8106418				3
8106429				3
8106448				3
8106473				3
8106475				3
8106477				3
8106479				3
8106494				3
8106504				3
8106512				3
8106514				3
8106516				3
8106528				3
8106530				3
8106532				3
8106534				3
8106556				3
8106573				3
8106597				3
8106602				3
8106626				3
8106633				3
8106660				3
8106689				3
8106702				3
8106709				3
8106720				3
8106722				3
8106727				3
8106730				3
8106743				3
8106761				3
8106763				3
8106765				3
8106767				3
8106769				3
8106771				3
8106776				3
8106784				3
8106814				3
8106816				3
8106818				3
8106820				3
8106827				3
8106919				3
8106921				3
8106923				3
8106929				3
8106931				3
8106950				3
8106960				3
8106962				3
8106976				3
8106978				3
8106986				3
8106999				3
8107005				3
8107044				3
8107066				3
8107090				3
8107092				3
8107094				3
8107096				3
8107098				3
8107100				3
8107109				3
8107111				3
8107113				3
8107115				3
8107117				3
8107119				3
8107125				3
8107127				3
8107129				3
8107131				3
8107133				3
8107162				3
8107164				3
8107194				3
8107198				3
8107200				3
8107202				3
8107204				3
8107206				3
8107208				3
8107232				3
8107234				3
8107259				3
8107270				3
8107282				3
8107307				3
8107321				3
8107326				3
8107328				3
8107330				3
8107348				3
8107350				3
8107353				3
8107356				3
8107373				3
8107375				3
8107406				3
8107408				3
8107421				3
8107429				3
8107458				3
8107468				3
8107470				3
8107472				3
8107474				3
8107518				3
8107520				3
8107530				3
8107532				3
8107554				3
8107563				3
8107574				3
8107576				3
8107578				3
8107591				3
8107594				3
8107613				3
8107632				3
8107644				3
8107646				3
8107655				3
8107671				3
8107673				3
8107691				3
8107702				3
8107706				3
8107720				3
8107722				3
8107750				3
8107764				3
8107769				3
8107798				3
8107814				3
8107823				3
8107847				3
8107850				3
8107855				3
8107857				3
8107859				3
8107868				3
8107878				3
8107887				3
8107897				3
8107909				3
8107920				3
8107934				3
8107940				3
8107942				3
8107970				3
8107977				3
8107985				3
8107992				3
8107996				3
8107998				3
8108006				3
8108013				3
8108015				3
8108040				3
8108050				3
8108066				3
8108078				3
8108080				3
8108099				3
8108127				3
8108134				3
8108161				3
8108163				3
8108166				3
8108174				3
8108180				3
8108182				3
8108192				3
8108199				3
8108205				3
8108217				3
8108238				3
8108251				3
8108256				3
8108267				3
8108287				3
8108299				3
8108301				3
8108321				3
8108330				3
8108359				3
8108370				3
8108376				3
8108378				3
8108399				3
8108401				3
8108403				3
8108420				3
8108422				3
8108424				3
8108433				3
8108435				3
8108447				3
8108453				3
8108470				3
8108472				3
8108475				3
8108478				3
8108483				3
8108510				3
8108558				3
8108566				3
8108568				3
8108579				3
8108593				3
8108603				3
8108620				3
8108627				3
8108629				3
8108631				3
8108633				3
8108679				3
8108683				3
8108688				3
8108693				3
8108697				3
8108703				3
8108706				3
8108708				3
8108713				3
8108716				3
8108720				3
8108724				3
8108729				3
8108733				3
8108737				3
8108744				3
8108749				3
8108753				3
8108757				3
8108820				3
8108822				3
8108832				3
8108847				3
8108861				3
8108873				3
8108900				3
8108903				3
8108905				3
8108912				3
8108927				3
8108949				3
8108954				3
8108977				3
8108979				3
8108981				3
8108995				3
8109001				3
8109039				3
8109044				3
8109049				3
8109057				3
8109062				3
8109086				3
8109093				3
8109120				3
8109141				3
8109149				3
8109157				3
8109159				3
8109161				3
8109177				3
8109179				3
8109194				3
8109201				3
8109222				3
8109226				3
8109236				3
8109254				3
8109283				3
8109303				3
8109305				3
8109315				3
8109326				3
8109333				3
8109344				3
8109350				3
8109368				3
8109383				3
8109401				3
8109403				3
8109407				3
8109424				3
8109426				3
8109428				3
8109436				3
8109438				3
8109462				3
8109475				3
8109484				3
8109486				3
8109490				3
8109503				3
8109505				3
8109507				3
8109526				3
8109528				3
8109563				3
8109570				3
8109572				3
8109576				3
8109585				3
8109591				3
8109593				3
8109595				3
8109597				3
8109610				3
8109612				3
8109618				3
8109620				3
8109629				3
8109637				3
8109639				3
8109649				3
8109651				3
8109661				3
8109663				3
8109677				3
8109693				3
8109695				3
8109697				3
8109712				3
8109732				3
8109746				3
8109748				3
8109750				3
8109752				3
8109773				3
8109802				3
8109819				3
8109821				3
8109824				3
8109826				3
8109828				3
8109830				3
8109843				3
8109901				3
8109908				3
8109912				3
8109926				3
8109938				3
8109967				3
8109969				3
8109973				3
8109975				3
8109981				3
8109990				3
8109995				3
8109999				3
8110018				3
8110022				3
8110032				3
8110043				3
8110055				3
8110068				3
8110074				3
8110084				3
8110090				3
8110104				3
8110106				3
8110112				3
8110114				3
8110123				3
8110147				3
8110158				3
8110166				3
8110169				3
8110183				3
8110216				3
8110218				3
8110224				3
8110237				3
8110253				3
8110265				3
8110289				3
8110318				3
8110327				3
8110347				3
8110362				3
8110382				3
8110392				3
8110399				3
8110408				3
8110415				3
8110417				3
8110427				3
8110430				3
8110437				3
8110450				3
8110461				3
8110463				3
8110472				3
8110478				3
8110486				3
8110491				3
8110499				3
8110518				3
8110520				3
8110522				3
8110546				3
8110562				3
8110569				3
8110585				3
8110587				3
8110589				3
8110604				3
8110606				3
8110616				3
8110618				3
8110620				3
8110629				3
8110631				3
8110647				3
8110649				3
8110666				3
8110668				3
8110670				3
8110672				3
8110674				3
8110676				3
8110678				3
8110681				3
8110685				3
8110688				3
8110706				3
8110708				3
8110721				3
8110734				3
8110755				3
8110783				3
8110803				3
8110821				3
8110841				3
8110858				3
8110861				3
8110865				3
8110872				3
8110880				3
8110882				3
8110886				3
8110894				3
8110914				3
8110916				3
8110920				3
8110928				3
8110930				3
8110932				3
8110960				3
8110966				3
8110971				3
8110980				3
8110982				3
8110990				3
8111017				3
8111019				3
8111099				3
8111101				3
8111118				3
8111122				3
8111124				3
8111127				3
8111129				3
8111136				3
8111151				3
8111153				3
8111197				3
8111199				3
8111201				3
8111203				3
8111210				3
8111212				3
8111214				3
8111216				3
8111218				3
8111220				3
8111234				3
8111251				3
8111253				3
8111255				3
8111269				3
8111271				3
8111284				3
8111286				3
8111327				3
8111331				3
8111339				3
8111358				3
8111360				3
8111385				3
8111387				3
8111415				3
8111417				3
8111430				3
8111443				3
8111455				3
8111457				3
8111474				3
8111490				3
8111506				3
8111512				3
8111524				3
8111533				3
8111552				3
8111569				3
8111584				3
8111627				3
8111629				3
8111666				3
8111668				3
8111670				3
8111677				3
8111698				3
8111739				3
8111757				3
8111772				3
8111788				3
8111796				3
8111812				3
8111814				3
8111821				3
8111864				3
8111885				3
8111887				3
8111892				3
8111913				3
8111915				3
8111922				3
8111925				3
8111930				3
8111932				3
8111941				3
8111952				3
8111960				3
8111974				3
8111989				3
8111991				3
8111993				3
8111998				3
8112007				3
8112014				3
8112016				3
8112018				3
8112020				3
8112033				3
8112041				3
8112043				3
8112045				3
8112053				3
8112070				3
8112072				3
8112081				3
8112107				3
8112121				3
8112139				3
8112157				3
8112159				3
8112174				3
8112176				3
8112178				3
8112180				3
8112182				3
8112196				3
8112198				3
8112202				3
8112220				3
8112256				3
8112258				3
8112260				3
8112274				3
8112285				3
8112302				3
8112306				3
8112310				3
8112312				3
8112327				3
8112329				3
8112331				3
8112333				3
8112335				3
8112337				3
8112342				3
8112376				3
8112388				3
8112407				3
8112409				3
8112422				3
8112424				3
8112426				3
8112428				3
8112433				3
8112435				3
8112437				3
8112439				3
8112458				3
8112469				3
8112476				3
8112478				3
8112491				3
8112519				3
8112521				3
8112538				3
8112558				3
8112560				3
8112564				3
8112570				3
8112582				3
8112584				3
8112592				3
8112596				3
8112607				3
8112609				3
8112611				3
8112613				3
8112615				3
8112622				3
8112647				3
8112649				3
8112664				3
8112666				3
8112668				3
8112672				3
8112687				3
8112709				3
8112724				3
8112726				3
8112728				3
8112731				3
8112738				3
8112740				3
8112746				3
8112761				3
8112763				3
8112767				3
8112772				3
8112801				3
8112803				3
8112807				3
8112822				3
8112841				3
8112855				3
8112857				3
8112865				3
8112881				3
8112883				3
8112886				3
8112888				3
8112890				3
8112892				3
8112894				3
8112896				3
8112902				3
8112914				3
8112916				3
8112918				3
8112920				3
8112940				3
8112959				3
8112961				3
8112967				3
8112971				3
8112980				3
8112994				3
8112996				3
8112998				3
8113003				3
8113006				3
8113008				3
8113010				3
8113023				3
8113035				3
8113037				3
8113039				3
8113050				3
8113059				3
8113064				3
8113071				3
8113073				3
8113083				3
8113094				3
8113097				3
8113103				3
8113113				3
8113120				3
8113122				3
8113124				3
8113130				3
8113157				3
8113202				3
8113214				3
8113220				3
8113232				3
8113234				3
8113250				3
8113274				3
8113276				3
8113278				3
8113286				3
8113299				3
8113301				3
8113303				3
8113305				3
8113342				3
8113344				3
8113346				3
8113348				3
8113350				3
8113352				3
8113354				3
8113356				3
8113358				3
8113367				3
8113369				3
8113385				3
8113403				3
8113413				3
8113421				3
8113427				3
8113429				3
8113431				3
8113433				3
8113443				3
8113445				3
8113467				3
8113469				3
8113481				3
8113483				3
8113489				3
8113491				3
8113502				3
8113504				3
8113512				3
8113542				3
8113551				3
8113573				3
8113577				3
8113591				3
8113602				3
8113614				3
8113616				3
8113623				3
8113639				3
8113641				3
8113651				3
8113658				3
8113660				3
8113664				3
8113666				3
8113689				3
8113691				3
8113699				3
8113701				3
8113703				3
8113705				3
8113707				3
8113709				3
8113717				3
8113724				3
8113726				3
8113733				3
8113759				3
8113761				3
8113771				3
8113773				3
8113782				3
8113784				3
8113786				3
8113788				3
8113790				3
8113796				3
8113800				3
8113871				3
8113873				3
8113879				3
8113881				3
8113914				3
8113936				3
8113938				3
8113981				3
8114002				3
8114006				3
8114010				3
8114023				3
8114030				3
8114050				3
8114068				3
8114080				3
8114083				3
8114111				3
8114113				3
8114119				3
8114136				3
8114138				3
8114145				3
8114152				3
8114158				3
8114171				3
8114185				3
8114191				3
8114193				3
8114203				3
8114205				3
8114207				3
8114209				3
8114211				3
8114213				3
8114215				3
8114225				3
8114239				3
8114245				3
8114249				3
8114256				3
8114263				3
8114270				3
8114273				3
8114285				3
8114287				3
8114300				3
8114320				3
8114326				3
8114352				3
8114354				3
8114363				3
8114365				3
8114396				3
8114415				3
8114425				3
8114443				3
8114455				3
8114468				3
8114470				3
8114476				3
8114489				3
8114491				3
8114511				3
8114518				3
8114526				3
8114536				3
8114546				3
8114548				3
8114550				3
8114567				3
8114572				3
8114579				3
8114581				3
8114583				3
8114593				3
8114612				3
8114618				3
8114625				3
8114628				3
8114643				3
8114645				3
8114647				3
8114653				3
8114658				3
8114691				3
8114709				3
8114733				3
8114767				3
8114778				3
8114780				3
8114787				3
8114797				3
8114805				3
8114812				3
8114814				3
8114829				3
8114843				3
8114845				3
8114856				3
8114861				3
8114896				3
8114898				3
8114900				3
8114918				3
8114920				3
8114938				3
8114964				3
8114970				3
8114977				3
8114991				3
8115010				3
8115012				3
8115014				3
8115022				3
8115037				3
8115039				3
8115041				3
8115064				3
8115066				3
8115068				3
8115074				3
8115076				3
8115099				3
8115122				3
8115144				3
8115147				3
8115158				3
8115164				3
8115166				3
8115168				3
8115181				3
8115196				3
8115205				3
8115210				3
8115234				3
8115261				3
8115274				3
8115287				3
8115300				3
8115302				3
8115327				3
8115340				3
8115342				3
8115344				3
8115346				3
8115355				3
8115366				3
8115368				3
8115375				3
8115391				3
8115395				3
8115397				3
8115410				3
8115441				3
8115443				3
8115445				3
8115455				3
8115464				3
8115476				3
8115481				3
8115487				3
8115490				3
8115516				3
8115524				3
8115541				3
8115543				3
8115562				3
8115570				3
8115580				3
8115584				3
8115594				3
8115600				3
8115606				3
8115623				3
8115651				3
8115664				3
8115666				3
8115673				3
8115675				3
8115677				3
8115679				3
8115681				3
8115689				3
8115691				3
8115730				3
8115732				3
8115734				3
8115756				3
8115765				3
8115783				3
8115806				3
8115812				3
8115814				3
8115828				3
8115831				3
8115836				3
8115838				3
8115840				3
8115847				3
8115849				3
8115851				3
8115863				3
8115865				3
8115871				3
8115873				3
8115875				3
8115884				3
8115886				3
8115895				3
8115907				3
8115918				3
8115927				3
8115939				3
8115941				3
8115948				3
8115957				3
8115978				3
8115997				3
8116012				3
8116020				3
8116031				3
8116033				3
8116051				3
8116070				3
8116086				3
8116096				3
8116113				3
8116128				3
8116130				3
8116162				3
8116168				3
8116174				3
8116177				3
8116195				3
8116227				3
8116245				3
8116247				3
8116253				3
8116272				3
8116295				3
8116297				3
8116313				3
8116316				3
8116335				3
8116346				3
8116348				3
8116372				3
8116384				3
8116400				3
8116402				3
8116418				3
8116439				3
8116445				3
8116479				3
8116482				3
8116484				3
8116494				3
8116500				3
8116502				3
8116504				3
8116520				3
8116530				3
8116532				3
8116534				3
8116537				3
8116545				3
8116548				3
8116559				3
8116571				3
8116573				3
8116577				3
8116579				3
8116582				3
8116585				3
8116589				3
8116591				3
8116593				3
8116595				3
8116607				3
8116610				3
8116620				3
8116622				3
8116635				3
8116649				3
8116651				3
8116653				3
8116655				3
8116658				3
8116662				3
8116664				3
8116696				3
8116707				3
8116710				3
8116722				3
8116724				3
8116734				3
8116740				3
8116760				3
8116780				3
8116807				3
8116818				3
8116827				3
8116829				3
8116831				3
8116835				3
8116846				3
8116848				3
8116859				3
8116867				3
8116874				3
8116904				3
8116906				3
8116908				3
8116910				3
8116921				3
8116929				3
8116932				3
8116952				3
8116954				3
8116956				3
8116969				3
8116980				3
8116983				3
8116992				3
8116994				3
8116996				3
8116998				3
8117018				3
8117020				3
8117032				3
8117034				3
8117045				3
8117054				3
8117071				3
8117077				3
8117079				3
8117081				3
8117106				3
8117118				3
8117120				3
8117126				3
8117128				3
8117138				3
8117140				3
8117161				3
8117165				3
8117170				3
8117172				3
8117176				3
8117178				3
8117187				3
8117189				3
8117192				3
8117194				3
8117207				3
8117219				3
8117225				3
8117237				3
8117239				3
8117241				3
8117243				3
8117284				3
8117286				3
8117288				3
8117301				3
8117304				3
8117321				3
8117330				3
8117334				3
8117339				3
8117343				3
8117368				3
8117372				3
8117377				3
8117382				3
8117389				3
8117395				3
8117402				3
8117408				3
8117415				3
8117422				3
8117426				3
8117429				3
8117435				3
8117447				3
8117458				3
8117470				3
8117476				3
8117485				3
8117498				3
8117510				3
8117520				3
8117522				3
8117529				3
8117531				3
8117533				3
8117535				3
8117537				3
8117543				3
8117547				3
8117561				3
8117563				3
8117565				3
8117567				3
8117572				3
8117576				3
8117578				3
8117580				3
8117583				3
8117589				3
8117594				3
8117598				3
8117600				3
8117608				3
8117614				3
8117620				3
8117622				3
8117624				3
8117626				3
8117628				3
8117630				3
8117640				3
8117646				3
8117653				3
8117655				3
8117663				3
8117667				3
8117675				3
8117685				3
8117696				3
8117698				3
8117700				3
8117707				3
8117710				3
8117712				3
8117714				3
8117716				3
8117718				3
8117720				3
8117722				3
8117724				3
8117727				3
8117732				3
8117739				3
8117741				3
8117746				3
8117748				3
8117760				3
8117773				3
8117777				3
8117800				3
8117809				3
8117813				3
8117822				3
8117834				3
8117840				3
8117849				3
8117861				3
8117869				3
8117881				3
8117888				3
8117890				3
8117900				3
8117922				3
8117929				3
8117955				3
8117965				3
8117987				3
8117995				3
8118005				3
8118007				3
8118023				3
8118028				3
8118061				3
8118069				3
8118076				3
8118086				3
8118093				3
8118098				3
8118100				3
8118111				3
8118116				3
8118124				3
8118127				3
8118137				3
8118142				3
8118147				3
8118149				3
8118158				3
8118174				3
8118207				3
8118209				3
8118216				3
8118218				3
8118228				3
8118235				3
8118242				3
8118249				3
8118259				3
8118293				3
8118302				3
8118310				3
8118314				3
8118319				3
8118322				3
8118324				3
8118345				3
8118367				3
8118395				3
8118409				3
8118455				3
8118498				3
8118509				3
8118535				3
8118544				3
8118548				3
8118556				3
8118564				3
8118571				3
8118580				3
8118594				3
8118607				3
8118611				3
8118613				3
8118622				3
8118632				3
8118634				3
8118644				3
8118655				3
8118661				3
8118667				3
8118669				3
8118682				3
8118696				3
8118721				3
8118724				3
8118726				3
8118734				3
8118794				3
8118804				3
8118818				3
8118820				3
8118822				3
8118824				3
8118826				3
8118833				3
8118861				3
8118863				3
8118890				3
8118915				3
8118932				3
8118945				3
8118963				3
8118974				3
8118979				3
8118981				3
8118990				3
8118995				3
8119000				3
8119016				3
8119034				3
8119052				3
8119067				3
8119076				3
8119078				3
8119080				3
8119088				3
8119096				3
8119102				3
8119107				3
8119109				3
8119124				3
8119132				3
8119153				3
8119159				3
8119161				3
8119169				3
8119184				3
8119196				3
8119198				3
8119223				3
8119227				3
8119235				3
8119237				3
8119239				3
8119241				3
8119243				3
8119336				3
8119338				3
8119357				3
8119386				3
8119390				3
8119394				3
8119396				3
8119403				3
8119408				3
8119423				3
8119427				3
8119435				3
8119444				3
8119466				3
8119473				3
8119490				3
8119492				3
8119503				3
8119515				3
8119525				3
8119527				3
8119529				3
8119580				3
8119582				3
8119595				3
8119599				3
8119609				3
8119620				3
8119627				3
8119648				3
8119661				3
8119670				3
8119689				3
8119712				3
8119722				3
8119765				3
8119782				3
8119799				3
8119801				3
8119827				3
8119829				3
8119842				3
8119856				3
8119858				3
8119874				3
8119882				3
8119894				3
8119896				3
8119898				3
8119915				3
8119918				3
8119926				3
8119951				3
8119974				3
8119993				3
8120004				3
8120011				3
8120022				3
8120043				3
8120057				3
8120059				3
8120061				3
8120067				3
8120082				3
8120088				3
8120102				3
8120124				3
8120135				3
8120151				3
8120163				3
8120165				3
8120176				3
8120184				3
8120194				3
8120204				3
8120206				3
8120208				3
8120210				3
8120215				3
8120222				3
8120239				3
8120247				3
8120249				3
8120251				3
8120269				3
8120271				3
8120273				3
8120275				3
8120277				3
8120279				3
8120300				3
8120315				3
8120333				3
8120335				3
8120342				3
8120350				3
8120360				3
8120362				3
8120378				3
8120382				3
8120402				3
8120411				3
8120428				3
8120431				3
8120441				3
8120460				3
8120462				3
8120464				3
8120466				3
8120468				3
8120501				3
8120552				3
8120579				3
8120585				3
8120600				3
8120602				3
8120613				3
8120654				3
8120675				3
8120679				3
8120698				3
8120715				3
8120717				3
8120719				3
8120756				3
8120758				3
8120783				3
8120820				3
8120822				3
8120824				3
8120826				3
8120833				3
8120838				3
8120860				3
8120876				3
8120878				3
8120880				3
8120883				3
8120927				3
8120932				3
8120937				3
8120943				3
8120961				3
8120967				3
8120979				3
8120981				3
8120983				3
8120990				3
8120992				3
8121002				3
8121009				3
8121015				3
8121031				3
8121041				3
8121043				3
8121062				3
8121064				3
8121066				3
8121076				3
8121085				3
8121087				3
8121095				3
8121112				3
8121116				3
8121118				3
8121130				3
8121132				3
8121134				3
8121136				3
8121138				3
8121140				3
8121142				3
8121144				3
8121152				3
8121159				3
8121161				3
8121181				3
8121193				3
8121209				3
8121212				3
8121214				3
8121216				3
8121223				3
8121225				3
8121247				3
8121249				3
8121251				3
8121255				3
8121257				3
8121269				3
8121273				3
8121275				3
8121277				3
8121298				3
8121300				3
8121312				3
8121317				3
8121319				3
8121330				3
8121332				3
8121334				3
8121347				3
8121349				3
8121363				3
8121365				3
8121370				3
8121390				3
8121392				3
8121405				3
8121416				3
8121418				3
8121429				3
8121454				3
8121461				3
8121483				3
8121485				3
8121487				3
8121489				3
8121502				3
8121508				3
8121510				3
8121515				3
8121525				3
8121532				3
8121547				3
8121553				3
8121557				3
8121559				3
8121561				3
8121563				3
8121569				3
8121578				3
8121588				3
8121596				3
8121601				3
8121605				3
8121613				3
8121622				3
8121632				3
8121649				3
8121670				3
8121672				3
8121681				3
8121683				3
8121685				3
8121704				3
8121712				3
8121725				3
8121727				3
8121729				3
8121734				3
8121739				3
8121741				3
8121743				3
8121747				3
8121749				3
8121755				3
8121757				3
8121768				3
8121782				3
8121784				3
8121794				3
8121803				3
8121814				3
8121825				3
8121838				3
8121850				3
8121861				3
8121884				3
8121886				3
8121895				3
8121911				3
8121916				3
8121927				3
8121936				3
8121943				3
8121945				3
8121947				3
8121949				3
8122013				3
8122038				3
8122045				3
8122058				3
8122071				3
8122099				3
8122125				3
8122127				3
8122129				3
8122131				3
8122136				3
8122142				3
8122144				3
8122146				3
8122150				3
8122174				3
8122176				3
8122182				3
8122194				3
8122196				3
8122198				3
8122200				3
8122202				3
8122222				3
8122240				3
8122242				3
8122256				3
8122259				3
8122261				3
8122263				3
8122265				3
8122277				3
8122279				3
8122317				3
8122327				3
8122334				3
8122336				3
8122343				3
8122348				3
8122365				3
8122396				3
8122405				3
8122409				3
8122426				3
8122440				3
8122452				3
8122457				3
8122464				3
8122537				3
8122552				3
8122554				3
8122561				3
8122598				3
8122600				3
8122634				3
8122637				3
8122658				3
8122660				3
8122670				3
8122672				3
8122684				3
8122689				3
8122699				3
8122701				3
8122703				3
8122705				3
8122717				3
8122720				3
8122724				3
8122732				3
8122734				3
8122740				3
8122742				3
8122744				3
8122756				3
8122773				3
8122803				3
8122805				3
8122807				3
8122816				3
8122818				3
8122827				3
8122840				3
8122843				3
8122856				3
8122858				3
8122860				3
8122865				3
8122875				3
8122877				3
8122879				3
8122881				3
8122883				3
8122885				3
8122887				3
8122909				3
8122933				3
8122966				3
8122969				3
8122971				3
8122982				3
8122986				3
8123006				3
8123038				3
8123044				3
8123060				3
8123062				3
8123080				3
8123101				3
8123104				3
8123129				3
8123137				3
8123148				3
8123155				3
8123176				3
8123181				3
8123230				3
8123232				3
8123246				3
8123259				3
8123274				3
8123303				3
8123313				3
8123315				3
8123332				3
8123334				3
8123336				3
8123338				3
8123340				3
8123342				3
8123362				3
8123364				3
8123372				3
8123374				3
8123388				3
8123398				3
8123405				3
8123407				3
8123437				3
8123446				3
8123463				3
8123467				3
8123488				3
8123494				3
8123507				3
8123520				3
8123524				3
8123558				3
8123562				3
8123579				3
8123584				3
8123598				3
8123606				3
8123609				3
8123621				3
8123637				3
8123642				3
8123644				3
8123651				3
8123658				3
8123678				3
8123685				3
8123695				3
8123712				3
8123714				3
8123717				3
8123726				3
8123728				3
8123737				3
8123739				3
8123744				3
8123760				3
8123763				3
8123765				3
8123767				3
8123780				3
8123800				3
8123802				3
8123819				3
8123825				3
8123843				3
8123864				3
8123876				3
8123884				3
8123889				3
8123891				3
8123893				3
8123910				3
8123920				3
8123929				3
8123936				3
8123949				3
8123951				3
8123959				3
8123961				3
8123976				3
8123981				3
8123985				3
8123989				3
8124008				3
8124018				3
8124020				3
8124022				3
8124036				3
8124038				3
8124040				3
8124055				3
8124057				3
8124059				3
8124082				3
8124086				3
8124088				3
8124129				3
8124134				3
8124144				3
8124156				3
8124158				3
8124160				3
8124162				3
8124164				3
8124166				3
8124181				3
8124183				3
8124185				3
8124192				3
8124194				3
8124196				3
8124211				3
8124240				3
8124262				3
8124273				3
8124280				3
8124305				3
8124307				3
8124327				3
8124329				3
8124331				3
8124335				3
8124337				3
8124351				3
8124365				3
8124380				3
8124385				3
8124388				3
8124391				3
8124394				3
8124397				3
8124402				3
8124406				3
8124413				3
8124416				3
8124423				3
8124430				3
8124433				3
8124437				3
8124440				3
8124446				3
8124448				3
8124455				3
8124457				3
8124459				3
8124467				3
8124469				3
8124482				3
8124484				3
8124492				3
8124495				3
8124498				3
8124500				3
8124502				3
8124510				3
8124518				3
8124521				3
8124524				3
8124527				3
8124531				3
8124534				3
8124537				3
8124540				3
8124547				3
8124549				3
8124551				3
8124553				3
8124562				3
8124574				3
8124583				3
8124588				3
8124594				3
8124604				3
8124606				3
8124608				3
8124610				3
8124622				3
8124630				3
8124632				3
8124634				3
8124636				3
8124639				3
8124645				3
8124648				3
8124650				3
8124654				3
8124684				3
8124689				3
8124691				3
8124695				3
8124707				3
8124716				3
8124726				3
8124742				3
8124756				3
8124775				3
8124798				3
8124806				3
8124813				3
8124828				3
8124846				3
8124848				3
8124855				3
8124859				3
8124862				3
8124865				3
8124868				3
8124889				3
8124897				3
8124901				3
8124911				3
8124920				3
8124922				3
8124924				3
8124926				3
8124940				3
8124942				3
8124950				3
8124955				3
8124967				3
8124994				3
8124998				3
8125007				3
8125017				3
8125038				3
8125042				3
8125048				3
8125059				3
8125072				3
8125091				3
8125123				3
8125125				3
8125134				3
8125139				3
8125149				3
8125172				3
8125201				3
8125204				3
8125220				3
8125234				3
8125289				3
8125295				3
8125316				3
8125321				3
8125328				3
8125341				3
8125360				3
8125373				3
8125383				3
8125415				3
8125426				3
8125434				3
8125436				3
8125443				3
8125445				3
8125447				3
8125461				3
8125463				3
8125470				3
8125483				3
8125500				3
8125512				3
8125527				3
8125530				3
8125537				3
8125545				3
8125556				3
8125563				3
8125568				3
8125638				3
8125649				3
8125671				3
8125687				3
8125713				3
8125731				3
8125734				3
8125748				3
8125750				3
8125752				3
8125766				3
8125772				3
8125775				3
8125780				3
8125788				3
8125798				3
8125805				3
8125818				3
8125825				3
8125835				3
8125843				3
8125850				3
8125857				3
8125859				3
8125870				3
8125887				3
8125903				3
8125919				3
8125936				3
8125941				3
8125959				3
8125980				3
8125993				3
8126007				3
8126016				3
8126018				3
8126033				3
8126035				3
8126058				3
8126066				3
8126086				3
8126093				3
8126095				3
8126102				3
8126119				3
8126121				3
8126135				3
8126145				3
8126147				3
8126153				3
8126163				3
8126173				3
8126184				3
8126212				3
8126214				3
8126238				3
8126240				3
8126244				3
8126248				3
8126259				3
8126269				3
8126279				3
8126288				3
8126296				3
8126301				3
8126303				3
8126310				3
8126312				3
8126324				3
8126337				3
8126347				3
8126358				3
8126360				3
8126369				3
8126371				3
8126379				3
8126382				3
8126387				3
8126394				3
8126402				3
8126428				3
8126432				3
8126434				3
8126436				3
8126442				3
8126446				3
8126450				3
8126452				3
8126474				3
8126482				3
8126484				3
8126486				3
8126512				3
8126524				3
8126531				3
8126542				3
8126556				3
8126566				3
8126574				3
8126588				3
8126627				3
8126629				3
8126646				3
8126653				3
8126658				3
8126666				3
8126674				3
8126681				3
8126705				3
8126710				3
8126729				3
8126750				3
8126760				3
8126770				3
8126784				3
8126798				3
8126820				3
8126839				3
8126853				3
8126855				3
8126860				3
8126878				3
8126891				3
8126905				3
8126916				3
8126920				3
8126931				3
8126934				3
8126937				3
8126939				3
8126943				3
8126946				3
8126948				3
8126950				3
8126952				3
8126954				3
8127024				3
8127031				3
8127051				3
8127065				3
8127072				3
8127079				3
8127087				3
8127094				3
8127107				3
8127109				3
8127128				3
8127130				3
8127141				3
8127143				3
8127145				3
8127156				3
8127158				3
8127177				3
8127180				3
8127193				3
8127201				3
8127234				3
8127346				3
8127360				3
8127362				3
8127364				3
8127370				3
8127380				3
8127391				3
8127393				3
8127396				3
8127399				3
8127408				3
8127419				3
8127421				3
8127423				3
8127425				3
8127446				3
8127484				3
8127496				3
8127498				3
8127500				3
8127502				3
8127507				3
8127509				3
8127511				3
8127522				3
8127526				3
8127532				3
8127534				3
8127542				3
8127544				3
8127549				3
8127563				3
8127629				3
8127637				3
8127646				3
8127656				3
8127658				3
8127660				3
8127662				3
8127664				3
8127666				3
8127686				3
8127688				3
8127690				3
8127692				3
8127696				3
8127698				3
8127743				3
8127752				3
8127754				3
8127756				3
8127767				3
8127776				3
8127778				3
8127787				3
8127822				3
8127824				3
8127841				3
8127854				3
8127872				3
8127903				3
8127932				3
8127943				3
8127977				3
8127987				3
8127989				3
8127991				3
8127993				3
8127995				3
8127997				3
8127999				3
8128001				3
8128007				3
8128013				3
8128034				3
8128043				3
8128052				3
8128075				3
8128077				3
8128079				3
8128087				3
8128099				3
8128109				3
8128111				3
8128123				3
8128133				3
8128138				3
8128245				3
8128247				3
8128258				3
8128260				3
8128282				3
8128284				3
8128308				3
8128310				3
8128312				3
8128314				3
8128316				3
8128322				3
8128327				3
8128329				3
8128356				3
8128371				3
8128383				3
8128394				3
8128409				3
8128429				3
8128445				3
8128447				3
8128459				3
8128472				3
8128522				3
8128549				3
8128553				3
8128565				3
8128572				3
8128592				3
8128604				3
8128606				3
8128618				3
8128620				3
8128624				3
8128626				3
8128638				3
8128650				3
8128667				3
8128669				3
8128683				3
8128695				3
8128698				3
8128712				3
8128714				3
8128716				3
8128726				3
8128737				3
8128767				3
8128777				3
8128788				3
8128795				3
8128818				3
8128837				3
8128843				3
8128850				3
8128865				3
8128867				3
8128886				3
8128888				3
8128890				3
8128892				3
8128894				3
8128934				3
8128936				3
8128939				3
8128954				3
8128956				3
8128977				3
8128991				3
8129037				3
8129039				3
8129043				3
8129045				3
8129062				3
8129067				3
8129069				3
8129071				3
8129082				3
8129087				3
8129089				3
8129095				3
8129097				3
8129099				3
8129105				3
8129108				3
8129120				3
8129125				3
8129134				3
8129179				3
8129181				3
8129193				3
8129214				3
8129218				3
8129231				3
8129254				3
8129271				3
8129273				3
8129309				3
8129311				3
8129313				3
8129315				3
8129317				3
8129330				3
8129363				3
8129375				3
8129377				3
8129379				3
8129390				3
8129392				3
8129410				3
8129418				3
8129454				3
8129456				3
8129458				3
8129476				3
8129482				3
8129497				3
8129522				3
8129558				3
8129560				3
8129562				3
8129573				3
8129590				3
8129604				3
8129608				3
8129610				3
8129615				3
8129618				3
8129627				3
8129637				3
8129649				3
8129666				3
8129675				3
8129677				3
8129693				3
8129695				3
8129706				3
8129728				3
8129761				3
8129763				3
8129773				3
8129783				3
8129804				3
8129835				3
8129837				3
8129848				3
8129861				3
8129872				3
8129876				3
8129880				3
8129888				3
8129899				3
8129901				3
8129924				3
8129937				3
8129943				3
8129947				3
8129953				3
8129963				3
8129974				3
8129985				3
8130003				3
8130009				3
8130011				3
8130013				3
8130027				3
8130032				3
8130038				3
8130071				3
8130073				3
8130087				3
8130102				3
8130116				3
8130129				3
8130142				3
8130151				3
8130163				3
8130173				3
8130176				3
8130181				3
8130183				3
8130185				3
8130191				3
8130209				3
8130211				3
8130370				3
8130372				3
8130374				3
8130383				3
8130394				3
8130401				3
8130403				3
8130406				3
8130408				3
8130422				3
8130436				3
8130438				3
8130447				3
8130462				3
8130464				3
8130470				3
8130472				3
8130474				3
8130495				3
8130497				3
8130499				3
8130505				3
8130522				3
8130528				3
8130539				3
8130553				3
8130556				3
8130565				3
8130567				3
8130578				3
8130580				3
8130582				3
8130598				3
8130608				3
8130622				3
8130624				3
8130626				3
8130628				3
8130641				3
8130645				3
8130660				3
8130662				3
8130664				3
8130674				3
8130701				3
8130703				3
8130715				3
8130720				3
8130732				3
8130739				3
8130765				3
8130768				3
8130783				3
8130785				3
8130787				3
8130803				3
8130807				3
8130811				3
8130817				3
8130824				3
8130827				3
8130837				3
8130859				3
8130867				3
8130891				3
8130916				3
8130927				3
8130934				3
8130939				3
8130952				3
8130962				3
8130976				3
8130980				3
8130982				3
8130988				3
8130993				3
8130997				3
8131000				3
8131013				3
8131042				3
8131044				3
8131056				3
8131067				3
8131069				3
8131087				3
8131091				3
8131096				3
8131098				3
8131101				3
8131111				3
8131135				3
8131140				3
8131143				3
8131155				3
8131179				3
8131195				3
8131203				3
8131205				3
8131253				3
8131263				3
8131265				3
8131286				3
8131292				3
8131296				3
8131301				3
8131303				3
8131324				3
8131326				3
8131335				3
8131337				3
8131339				3
8131349				3
8131356				3
8131374				3
8131379				3
8131381				3
8131385				3
8131387				3
8131406				3
8131412				3
8131414				3
8131427				3
8131438				3
8131441				3
8131444				3
8131452				3
8131475				3
8131479				3
8131494				3
8131496				3
8131506				3
8131512				3
8131515				3
8131519				3
8131539				3
8131550				3
8131573				3
8131581				3
8131583				3
8131600				3
8131612				3
8131614				3
8131631				3
8131661				3
8131666				3
8131682				3
8131703				3
8131705				3
8131707				3
8131709				3
8131719				3
8131801				3
8131803				3
8131811				3
8131813				3
8131815				3
8131831				3
8131844				3
8131860				3
8131867				3
8131869				3
8131871				3
8131881				3
8131890				3
8131917				3
8131919				3
8131925				3
8131927				3
8131942				3
8131944				3
8131949				3
8131957				3
8131965				3
8131967				3
8131970				3
8131975				3
8131996				3
8132013				3
8132031				3
8132034				3
8132036				3
8132043				3
8132045				3
8132055				3
8132062				3
8132070				3
8132092				3
8132097				3
8132118				3
8132130				3
8132151				3
8132167				3
8132182				3
8132188				3
8132209				3
8132212				3
8132214				3
8132218				3
8132243				3
8132245				3
8132248				3
8132250				3
8132270				3
8132286				3
8132288				3
8132290				3
8132292				3
8132302				3
8132305				3
8132318				3
8132343				3
8132345				3
8132347				3
8132349				3
8132369				3
8132376				3
8132387				3
8132399				3
8132404				3
8132406				3
8132413				3
8132415				3
8132417				3
8132439				3
8132458				3
8132463				3
8132465				3
8132493				3
8132501				3
8132503				3
8132513				3
8132515				3
8132523				3
8132531				3
8132539				3
8132557				3
8132580				3
8132589				3
8132592				3
8132617				3
8132642				3
8132646				3
8132660				3
8132667				3
8132690				3
8132692				3
8132694				3
8132705				3
8132707				3
8132710				3
8132715				3
8132725				3
8132743				3
8132803				3
8132805				3
8132811				3
8132813				3
8132819				3
8132830				3
8132832				3
8132838				3
8132840				3
8132843				3
8132845				3
8132847				3
8132849				3
8132851				3
8132856				3
8132858				3
8132860				3
8132897				3
8132909				3
8132911				3
8132913				3
8132915				3
8132917				3
8132922				3
8132929				3
8132943				3
8132960				3
8132962				3
8132964				3
8132978				3
8132980				3
8132984				3
8132986				3
8132988				3
8132990				3
8132992				3
8132994				3
8132996				3
8132998				3
8133000				3
8133002				3
8133004				3
8133006				3
8133008				3
8133010				3
8133012				3
8133014				3
8133016				3
8133018				3
8133021				3
8133023				3
8133027				3
8133030				3
8133032				3
8133034				3
8133036				3
8133038				3
8133040				3
8133042				3
8133049				3
8133057				3
8133062				3
8133070				3
8133072				3
8133074				3
8133085				3
8133089				3
8133095				3
8133106				3
8133108				3
8133110				3
8133112				3
8133114				3
8133119				3
8133122				3
8133145				3
8133155				3
8133163				3
8133165				3
8133167				3
8133176				3
8133187				3
8133189				3
8133192				3
8133200				3
8133202				3
8133209				3
8133215				3
8133219				3
8133221				3
8133223				3
8133225				3
8133227				3
8133229				3
8133231				3
8133233				3
8133258				3
8133273				3
8133275				3
8133293				3
8133300				3
8133309				3
8133314				3
8133326				3
8133331				3
8133335				3
8133339				3
8133345				3
8133360				3
8133366				3
8133372				3
8133413				3
8133434				3
8133442				3
8133459				3
8133477				3
8133500				3
8133504				3
8133518				3
8133531				3
8133540				3
8133549				3
8133571				3
8133582				3
8133590				3
8133600				3
8133610				3
8133623				3
8133625				3
8133633				3
8133654				3
8133662				3
8133670				3
8133688				3
8133690				3
8133702				3
8133704				3
8133721				3
8133728				3
8133736				3
8133741				3
8133750				3
8133752				3
8133754				3
8133770				3
8133788				3
8133809				3
8133818				3
8133845				3
8133847				3
8133854				3
8133856				3
8133858				3
8133860				3
8133872				3
8133874				3
8133876				3
8133896				3
8133898				3
8133900				3
8133902				3
8133904				3
8133914				3
8133938				3
8133959				3
8133961				3
8133976				3
8133983				3
8134018				3
8134024				3
8134026				3
8134030				3
8134036				3
8134051				3
8134077				3
8134079				3
8134091				3
8134098				3
8134117				3
8134122				3
8134180				3
8134201				3
8134211				3
8134219				3
8134252				3
8134257				3
8134263				3
8134316				3
8134318				3
8134339				3
8134345				3
8134347				3
8134349				3
8134351				3
8134372				3
8134374				3
8134376				3
8134384				3
8134403				3
8134405				3
8134407				3
8134415				3
8134420				3
8134429				3
8134431				3
8134433				3
8134435				3
8134452				3
8134454				3
8134460				3
8134463				3
8134470				3
8134550				3
8134552				3
8134564				3
8134581				3
8134589				3
8134599				3
8134613				3
8134621				3
8134631				3
8134644				3
8134655				3
8134676				3
8134678				3
8134680				3
8134689				3
8134699				3
8134712				3
8134730				3
8134737				3
8134740				3
8134745				3
8134777				3
8134785				3
8134789				3
8134814				3
8134821				3
8134827				3
8134834				3
8134856				3
8134869				3
8134880				3
8134890				3
8134904				3
8134907				3
8134915				3
8134965				3
8134981				3
8134992				3
8135015				3
8135031				3
8135033				3
8135037				3
8135048				3
8135064				3
8135069				3
8135080				3
8135089				3
8135099				3
8135114				3
8135149				3
8135160				3
8135162				3
8135172				3
8135181				3
8135197				3
8135204				3
8135211				3
8135214				3
8135216				3
8135218				3
8135224				3
8135229				3
8135235				3
8135250				3
8135262				3
8135268				3
8135271				3
8135273				3
8135275				3
8135277				3
8135319				3
8135321				3
8135323				3
8135341				3
8135361				3
8135363				3
8135378				3
8135392				3
8135405				3
8135410				3
8135422				3
8135436				3
8135458				3
8135464				3
8135480				3
8135486				3
8135488				3
8135497				3
8135512				3
8135514				3
8135532				3
8135542				3
8135544				3
8135568				3
8135576				3
8135585				3
8135587				3
8135594				3
8135601				3
8135625				3
8135638				3
8135661				3
8135688				3
8135697				3
8135705				3
8135716				3
8135718				3
8135734				3
8135763				3
8135772				3
8135774				3
8135804				3
8135821				3
8135827				3
8135835				3
8135847				3
8135849				3
8135856				3
8135865				3
8135874				3
8135876				3
8135902				3
8135907				3
8135909				3
8135915				3
8135922				3
8135929				3
8135931				3
8135933				3
8135943				3
8135945				3
8135955				3
8135967				3
8135969				3
8135990				3
8136039				3
8136045				3
8136059				3
8136061				3
8136063				3
8136065				3
8136067				3
8136078				3
8136080				3
8136095				3
8136115				3
8136138				3
8136140				3
8136159				3
8136161				3
8136163				3
8136177				3
8136179				3
8136181				3
8136187				3
8136200				3
8136213				3
8136215				3
8136217				3
8136235				3
8136248				3
8136259				3
8136281				3
8136289				3
8136291				3
8136293				3
8136315				3
8136336				3
8136341				3
8136347				3
8136370				3
8136388				3
8136391				3
8136401				3
8136446				3
8136448				3
8136457				3
8136459				3
8136469				3
8136471				3
8136473				3
8136495				3
8136516				3
8136535				3
8136539				3
8136557				3
8136576				3
8136578				3
8136580				3
8136587				3
8136589				3
8136591				3
8136602				3
8136610				3
8136612				3
8136614				3
8136631				3
8136641				3
8136645				3
8136647				3
8136652				3
8136654				3
8136656				3
8136658				3
8136660				3
8136662				3
8136709				3
8136727				3
8136786				3
8136788				3
8136790				3
8136795				3
8136801				3
8136807				3
8136811				3
8136832				3
8136837				3
8136839				3
8136844				3
8136846				3
8136849				3
8136863				3
8136869				3
8136889				3
8136891				3
8136893				3
8136918				3
8136930				3
8136932				3
8136934				3
8136936				3
8136938				3
8136940				3
8136954				3
8136961				3
8136963				3
8136965				3
8136967				3
8136969				3
8136971				3
8136973				3
8136975				3
8136977				3
8136979				3
8136981				3
8136983				3
8136985				3
8136987				3
8137006				3
8137008				3
8137010				3
8137040				3
8137042				3
8137044				3
8137046				3
8137048				3
8137050				3
8137054				3
8137081				3
8137089				3
8137091				3
8137101				3
8137112				3
8137118				3
8137131				3
8137133				3
8137151				3
8137183				3
8137202				3
8137208				3
8137215				3
8137219				3
8137223				3
8137225				3
8137228				3
8137232				3
8137240				3
8137244				3
8137250				3
8137252				3
8137257				3
8137264				3
8137271				3
8137280				3
8137310				3
8137330				3
8137332				3
8137334				3
8137336				3
8137352				3
8137381				3
8137404				3
8137414				3
8137433				3
8137435				3
8137437				3
8137448				3
8137464				3
8137466				3
8137468				3
8137470				3
8137472				3
8137474				3
8137483				3
8137485				3
8137517				3
8137524				3
8137526				3
8137537				3
8137542				3
8137558				3
8137566				3
8137582				3
8137584				3
8137596				3
8137627				3
8137635				3
8137637				3
8137639				3
8137666				3
8137668				3
8137670				3
8137675				3
8137680				3
8137693				3
8137700				3
8137707				3
8137709				3
8137715				3
8137739				3
8137781				3
8137783				3
8137798				3
8137802				3
8137805				3
8137826				3
8137833				3
8137847				3
8137863				3
8137865				3
8137874				3
8137900				3
8137903				3
8137906				3
8137925				3
8137927				3
8137931				3
8137942				3
8137953				3
8137959				3
8137962				3
8137964				3
8137979				3
8137986				3
8138007				3
8138009				3
8138030				3
8138043				3
8138045				3
8138065				3
8138067				3
8138084				3
8138086				3
8138088				3
8138091				3
8138108				3
8138116				3
8138128				3
8138145				3
8138147				3
8138151				3
8138155				3
8138157				3
8138189				3
8138202				3
8138224				3
8138231				3
8138258				3
8138277				3
8138287				3
8138289				3
8138308				3
8138310				3
8138337				3
8138353				3
8138361				3
8138363				3
8138370				3
8138381				3
8138392				3
8138401				3
8138435				3
8138440				3
8138442				3
8138450				3
8138454				3
8138459				3
8138466				3
8138474				3
8138483				3
8138485				3
8138487				3
8138489				3
8138504				3
8138527				3
8138531				3
8138542				3
8138545				3
8138547				3
8138553				3
8138566				3
8138581				3
8138592				3
8138596				3
8138598				3
8138600				3
8138602				3
8138613				3
8138640				3
8138647				3
8138662				3
8138668				3
8138670				3
8138686				3
8138689				3
8138706				3
8138708				3
8138718				3
8138721				3
8138728				3
8138735				3
8138741				3
8138745				3
8138749				3
8138757				3
8138765				3
8138770				3
8138773				3
8138776				3
8138789				3
8138795				3
8138797				3
8138799				3
8138805				3
8138822				3
8138824				3
8138834				3
8138842				3
8138857				3
8138862				3
8138865				3
8138882				3
8138888				3
8138912				3
8138920				3
8138922				3
8138930				3
8138939				3
8138941				3
8138948				3
8138950				3
8138956				3
8138958				3
8138977				3
8138988				3
8138995				3
8138997				3
8139003				3
8139015				3
8139017				3
8139019				3
8139021				3
8139031				3
8139033				3
8139055				3
8139057				3
8139083				3
8139085				3
8139087				3
8139100				3
8139107				3
8139113				3
8139118				3
8139121				3
8139125				3
8139128				3
8139131				3
8139158				3
8139160				3
8139163				3
8139165				3
8139196				3
8139198				3
8139201				3
8139203				3
8139207				3
8139212				3
8139228				3
8139232				3
8139242				3
8139244				3
8139250				3
8139256				3
8139264				3
8139270				3
8139276				3
8139281				3
8139299				3
8139307				3
8139314				3
8139330				3
8139356				3
8139365				3
8139367				3
8139392				3
8139411				3
8139421				3
8139430				3
8139433				3
8139456				3
8139458				3
8139460				3
8139468				3
8139482				3
8139484				3
8139486				3
8139488				3
8139500				3
8139534				3
8139592				3
8139606				3
8139622				3
8139632				3
8139640				3
8139656				3
8139678				3
8139680				3
8139695				3
8139697				3
8139699				3
8139706				3
8139712				3
8139721				3
8139723				3
8139727				3
8139737				3
8139746				3
8139758				3
8139763				3
8139765				3
8139767				3
8139769				3
8139772				3
8139776				3
8139778				3
8139780				3
8139782				3
8139784				3
8139786				3
8139788				3
8139790				3
8139792				3
8139794				3
8139796				3
8139798				3
8139800				3
8139804				3
8139806				3
8139808				3
8139810				3
8139812				3
8139814				3
8139816				3
8139818				3
8139820				3
8139826				3
8139828				3
8139832				3
8139840				3
8139843				3
8139845				3
8139857				3
8139859				3
8139873				3
8139879				3
8139881				3
8139883				3
8139885				3
8139887				3
8139889				3
8139891				3
8139896				3
8139901				3
8139903				3
8139905				3
8139907				3
8139909				3
8139911				3
8139913				3
8139915				3
8139917				3
8139919				3
8139921				3
8139933				3
8139935				3
8139941				3
8139943				3
8139947				3
8139966				3
8139975				3
8139977				3
8139996				3
8140009				3
8140020				3
8140028				3
8140033				3
8140035				3
8140037				3
8140061				3
8140070				3
8140085				3
8140107				3
8140113				3
8140127				3
8140129				3
8140140				3
8140144				3
8140151				3
8140166				3
8140168				3
8140170				3
8140196				3
8140211				3
8140220				3
8140227				3
8140239				3
8140249				3
8140258				3
8140269				3
8140280				3
8140291				3
8140297				3
8140311				3
8140317				3
8140319				3
8140356				3
8140358				3
8140367				3
8140371				3
8140386				3
8140398				3
8140403				3
8140420				3
8140424				3
8140433				3
8140443				3
8140445				3
8140454				3
8140461				3
8140463				3
8140468				3
8140478				3
8140498				3
8140500				3
8140504				3
8140530				3
8140532				3
8140534				3
8140554				3
8140556				3
8140579				3
8140620				3
8140650				3
8140668				3
8140686				3
8140707				3
8140709				3
8140730				3
8140737				3
8140739				3
8140752				3
8140782				3
8140814				3
8140828				3
8140840				3
8140850				3
8140852				3
8140855				3
8140857				3
8140859				3
8140864				3
8140869				3
8140878				3
8140907				3
8140909				3
8140915				3
8140942				3
8140955				3
8140965				3
8140967				3
8140971				3
8140984				3
8140995				3
8141016				3
8141024				3
8141035				3
8141050				3
8141052				3
8141066				3
8141076				3
8141094				3
8141107				3
8141127				3
8141133				3
8141138				3
8141140				3
8141146				3
8141148				3
8141150				3
8141166				3
8141169				3
8141173				3
8141180				3
8141206				3
8141222				3
8141228				3
8141239				3
8141241				3
8141263				3
8141273				3
8141281				3
8141283				3
8141295				3
8141303				3
8141305				3
8141311				3
8141317				3
8141328				3
8141342				3
8141358				3
8141361				3
8141363				3
8141371				3
8141374				3
8141380				3
8141395				3
8141419				3
8141421				3
8141423				3
8141425				3
8141445				3
8141459				3
8141463				3
8141466				3
8141477				3
8141490				3
8141498				3
8141517				3
8141522				3
8141526				3
8141533				3
8141535				3
8141560				3
8141580				3
8141595				3
8141625				3
8141643				3
8141648				3
8141659				3
8141661				3
8141664				3
8141669				3
8141676				3
8141688				3
8141708				3
8141717				3
8141726				3
8141728				3
8141737				3
8141746				3
8141748				3
8141750				3
8141757				3
8141762				3
8141765				3
8141768				3
8141791				3
8141795				3
8141803				3
8141829				3
8141843				3
8141846				3
8141872				3
8141882				3
8141896				3
8141898				3
8141922				3
8141946				3
8141950				3
8142017				3
8142019				3
8142036				3
8142059				3
8142061				3
8142079				3
8142084				3
8142087				3
8142096				3
8142098				3
8142100				3
8142102				3
8142104				3
8142110				3
8142120				3
8142136				3
8142143				3
8142169				3
8142171				3
8142194				3
8142230				3
8142232				3
8142270				3
8142307				3
8142324				3
8142329				3
8142332				3
8142343				3
8142345				3
8142401				3
8142403				3
8142405				3
8142407				3
8142415				3
8142424				3
8142431				3
8142435				3
8142444				3
8142446				3
8142448				3
8142450				3
8142452				3
8142464				3
8142466				3
8142468				3
8142471				3
8142480				3
8142497				3
8142522				3
8142524				3
8142534				3
8142536				3
8142538				3
8142540				3
8142554				3
8142580				3
8142585				3
8142618				3
8142622				3
8142624				3
8142628				3
8142646				3
8142661				3
8142663				3
8142671				3
8142685				3
8142687				3
8142692				3
8142697				3
8142718				3
8142730				3
8142740				3
8142747				3
8142763				3
8142765				3
8142770				3
8142774				3
8142795				3
8142814				3
8142821				3
8142830				3
8142852				3
8142876				3
8142878				3
8142880				3
8142882				3
8142884				3
8142886				3
8142897				3
8142899				3
8142912				3
8142930				3
8142945				3
8142971				3
8142975				3
8142977				3
8142979				3
8142981				3
8142993				3
8142997				3
8143028				3
8143035				3
8143038				3
8143040				3
8143054				3
8143065				3
8143070				3
8143088				3
8143108				3
8143110				3
8143127				3
8143132				3
8143142				3
8143144				3
8143154				3
8143188				3
8143205				3
8143207				3
8143209				3
8143221				3
8143247				3
8143268				3
8143270				3
8143279				3
8143294				3
8143296				3
8143307				3
8143327				3
8143341				3
8143363				3
8143365				3
8143367				3
8143383				3
8143385				3
8143387				3
8143397				3
8143417				3
8143433				3
8143437				3
8143441				3
8143448				3
8143457				3
8143459				3
8143461				3
8143463				3
8143471				3
8143482				3
8143486				3
8143494				3
8143499				3
8143518				3
8143534				3
8143555				3
8143557				3
8143562				3
8143564				3
8143575				3
8143594				3
8143597				3
8143599				3
8143601				3
8143605				3
8143610				3
8143627				3
8143629				3
8143633				3
8143635				3
8143643				3
8143657				3
8143659				3
8143661				3
8143663				3
8143684				3
8143697				3
8143702				3
8143708				3
8143710				3
8143712				3
8143714				3
8143725				3
8143733				3
8143747				3
8143749				3
8143759				3
8143766				3
8143772				3
8143781				3
8143788				3
8143790				3
8143803				3
8143825				3
8143850				3
8143863				3
8143879				3
8143885				3
8143887				3
8143894				3
8143899				3
8143905				3
8143919				3
8143937				3
8143939				3
8143941				3
8143949				3
8143955				3
8143957				3
8143961				3
8143984				3
8143986				3
8143988				3
8144036				3
8144042				3
8144044				3
8144047				3
8144072				3
8144078				3
8144082				3
8144089				3
8144112				3
8144117				3
8144119				3
8144121				3
8144149				3
8144151				3
8144153				3
8144184				3
8144213				3
8144226				3
8144228				3
8144230				3
8144239				3
8144253				3
8144267				3
8144279				3
8144281				3
8144315				3
8144317				3
8144322				3
8144361				3
8144378				3
8144388				3
8144392				3
8144395				3
8144397				3
8144399				3
8144401				3
8144405				3
8144410				3
8144412				3
8144414				3
8144416				3
8144418				3
8144420				3
8144422				3
8144424				3
8144428				3
8144432				3
8144436				3
8144440				3
8144444				3
8144448				3
8144452				3
8144457				3
8144460				3
8144473				3
8144481				3
8144488				3
8144490				3
8144492				3
8144494				3
8144496				3
8144498				3
8144503				3
8144505				3
8144512				3
8144514				3
8144516				3
8144526				3
8144528				3
8144557				3
8144569				3
8144571				3
8144577				3
8144582				3
8144584				3
8144586				3
8144600				3
8144604				3
8144619				3
8144621				3
8144625				3
8144639				3
8144643				3
8144656				3
8144658				3
8144667				3
8144669				3
8144683				3
8144685				3
8144687				3
8144691				3
8144699				3
8144701				3
8144703				3
8144705				3
8144712				3
8144717				3
8144719				3
8144721				3
8144724				3
8144726				3
8144740				3
8144742				3
8144758				3
8144774				3
8144786				3
8144802				3
8144810				3
8144812				3
8144857				3
8144864				3
8144866				3
8144874				3
8144878				3
8144880				3
8144894				3
8144915				3
8144917				3
8144931				3
8144947				3
8144949				3
8144951				3
8144953				3
8144982				3
8144993				3
8144995				3
8145005				3
8145027				3
8145047				3
8145055				3
8145083				3
8145085				3
8145097				3
8145122				3
8145134				3
8145136				3
8145151				3
8145175				3
8145193				3
8145201				3
8145225				3
8145227				3
8145244				3
8145259				3
8145272				3
8145281				3
8145291				3
8145293				3
8145317				3
8145334				3
8145361				3
8145365				3
8145418				3
8145438				3
8145440				3
8145454				3
8145470				3
8145490				3
8145529				3
8145532				3
8145555				3
8145566				3
8145568				3
8145570				3
8145586				3
8145603				3
8145609				3
8145611				3
8145622				3
8145624				3
8145634				3
8145636				3
8145652				3
8145660				3
8145669				3
8145685				3
8145687				3
8145691				3
8145702				3
8145736				3
8145766				3
8145768				3
8145770				3
8145772				3
8145774				3
8145776				3
8145778				3
8145780				3
8145782				3
8145793				3
8145795				3
8145797				3
8145799				3
8145818				3
8145820				3
8145822				3
8145824				3
8145827				3
8145829				3
8145835				3
8145854				3
8145865				3
8145887				3
8145889				3
8145894				3
8145912				3
8145914				3
8145922				3
8145942				3
8145954				3
8145977				3
8145989				3
8146000				3
8146024				3
8146051				3
8146069				3
8146092				3
8146105				3
8146115				3
8146118				3
8146120				3
8146122				3
8146130				3
8146142				3
8146157				3
8146159				3
8146171				3
8146198				3
8146216				3
8146225				3
8146230				3
8146239				3
8146241				3
8146243				3
8146268				3
8146278				3
8146285				3
8146305				3
8146307				3
8146322				3
8146324				3
8146326				3
8146328				3
8146330				3
8146332				3
8146334				3
8146336				3
8146353				3
8146357				3
8146377				3
8146379				3
8146388				3
8146391				3
8146393				3
8146401				3
8146403				3
8146423				3
8146425				3
8146427				3
8146429				3
8146435				3
8146448				3
8146456				3
8146458				3
8146460				3
8146462				3
8146468				3
8146475				3
8146480				3
8146482				3
8146500				3
8146517				3
8146525				3
8146527				3
8146533				3
8146544				3
8146550				3
8146559				3
8146564				3
8146579				3
8146618				3
8146625				3
8146633				3
8146635				3
8146637				3
8146643				3
8146645				3
8146647				3
8146649				3
8146660				3
8146669				3
8146685				3
8146687				3
8146703				3
8146709				3
8146711				3
8146717				3
8146738				3
8146754				3
8146756				3
8146788				3
8146790				3
8146792				3
8146794				3
8146837				3
8146839				3
8146857				3
8146859				3
8146861				3
8146863				3
8146892				3
8146894				3
8146896				3
8146898				3
8146900				3
8146906				3
8146908				3
8146914				3
8146921				3
8146930				3
8146934				3
8146941				3
8146943				3
8146945				3
8146955				3
8146957				3
8146967				3
8146986				3
8147000				3
8147012				3
8147019				3
8147030				3
8147038				3
8147040				3
8147047				3
8147049				3
8147057				3
8147065				3
8147079				3
8147101				3
8147112				3
8147123				3
8147132				3
8147145				3
8147156				3
8147172				3
8147194				3
8147206				3
8147221				3
8147228				3
8147242				3
8147244				3
8147262				3
8147273				3
8147303				3
8147305				3
8147307				3
8147313				3
8147344				3
8147351				3
8147371				3
8147373				3
8147375				3
8147396				3
8147424				3
8147439				3
8147445				3
8147447				3
8147461				3
8147469				3
8147479				3
8147481				3
8147483				3
8147501				3
8147503				3
8147516				3
8147541				3
8147543				3
8147548				3
8147564				3
8147566				3
8147573				3
8147580				3
8147650				3
8147652				3
8147654				3
8147661				3
8147683				3
8147687				3
8147689				3
8147691				3
8147693				3
8147697				3
8147715				3
8147717				3
8147721				3
8147724				3
8147742				3
8147744				3
8147746				3
8147748				3
8147750				3
8147752				3
8147754				3
8147756				3
8147766				3
8147777				3
8147785				3
8147796				3
8147828				3
8147830				3
8147837				3
8147848				3
8147862				3
8147864				3
8147877				3
8147883				3
8147891				3
8147970				3
8147986				3
8147988				3
8147990				3
8147992				3
8147994				3
8148000				3
8148003				3
8148018				3
8148020				3
8148022				3
8148029				3
8148040				3
8148047				3
8148049				3
8148057				3
8148059				3
8148070				3
8148124				3
8148147				3
8148149				3
8148156				3
8148158				3
8148184				3
8148194				3
8148196				3
8148198				3
8148206				3
8148208				3
8148220				3
8148261				3
8148263				3
8148265				3
8148270				3
8148276				3
8148280				3
8148293				3
8148302				3
8148304				3
8148309				3
8148313				3
8148315				3
8148317				3
8148325				3
8148327				3
8148329				3
8148331				3
8148333				3
8148358				3
8148385				3
8148435				3
8148446				3
8148448				3
8148461				3
8148463				3
8148465				3
8148467				3
8148474				3
8148476				3
8148501				3
8148512				3
8148515				3
8148517				3
8148548				3
8148553				3
8148559				3
8148565				3
8148572				3
8148580				3
8148591				3
8148597				3
8148607				3
8148615				3
8148619				3
8148621				3
8148640				3
8148642				3
8148655				3
8148658				3
8148662				3
8148671				3
8148674				3
8148692				3
8148694				3
8148703				3
8148710				3
8148715				3
8148728				3
8148737				3
8148748				3
8148772				3
8148783				3
8148796				3
8148799				3
8148808				3
8148821				3
8148824				3
8148841				3
8148850				3
8148867				3
8148888				3
8148902				3
8148917				3
8148923				3
8148930				3
8148932				3
8148941				3
8148949				3
8148951				3
8148955				3
8148962				3
8148964				3
8148966				3
8148968				3
8148973				3
8148978				3
8148982				3
8148985				3
8148992				3
8149065				3
8149067				3
8149069				3
8149071				3
8149084				3
8149086				3
8149097				3
8149104				3
8149109				3
8149116				3
8149122				3
8149126				3
8149132				3
8149137				3
8149142				3
8149146				3
8149148				3
8149151				3
8149153				3
8149157				3
8149161				3
8149165				3
8149167				3
8149169				3
8149172				3
8149180				3
8149192				3
8149195				3
8149200				3
8149204				3
8149208				3
8149210				3
8149214				3
8149216				3
8149218				3
8149220				3
8149222				3
8149224				3
8149226				3
8149228				3
8149230				3
8149235				3
8149239				3
8149241				3
8149243				3
8149245				3
8149248				3
8149250				3
8149256				3
8149258				3
8149262				3
8149264				3
8149269				3
8149271				3
8149273				3
8149275				3
8149277				3
8149279				3
8149281				3
8149283				3
8149289				3
8149296				3
8149307				3
8149315				3
8149318				3
8149320				3
8149322				3
8149324				3
8149330				3
8149345				3
8149347				3
8149350				3
8149353				3
8149356				3
8149358				3
8149361				3
8149365				3
8149377				3
8149380				3
8149383				3
8149387				3
8149389				3
8149396				3
8149399				3
8149413				3
8149438				3
8149448				3
8149465				3
8149475				3
8149485				3
8149500				3
8149521				3
8149534				3
8149551				3
8149555				3
8149574				3
8149590				3
8149592				3
8149612				3
8149625				3
8149627				3
8149629				3
8149638				3
8149646				3
8149652				3
8149673				3
8149685				3
8149699				3
8149705				3
8149707				3
8149718				3
8149720				3
8149725				3
8149733				3
8149749				3
8149762				3
8149774				3
8149793				3
8149809				3
8149811				3
8149820				3
8149823				3
8149825				3
8149833				3
8149835				3
8149847				3
8149849				3
8149857				3
8149865				3
8149877				3
8149885				3
8149898				3
8149907				3
8149918				3
8149927				3
8149942				3
8149953				3
8149955				3
8149966				3
8149979				3
8149986				3
8150002				3
8150014				3
8150032				3
8150034				3
8150036				3
8150076				3
8150087				3
8150089				3
8150099				3
8150101				3
8150103				3
8150112				3
8150126				3
8150138				3
8150143				3
8150149				3
8150151				3
8150153				3
8150155				3
8150157				3
8150159				3
8150161				3
8150163				3
8150165				3
8150175				3
8150186				3
8150195				3
8150197				3
8150204				3
8150206				3
8150210				3
8150212				3
8150214				3
8150217				3
8150219				3
8150225				3
8150244				3
8150249				3
8150253				3
8150266				3
8150274				3
8150276				3
8150287				3
8150318				3
8150352				3
8150356				3
8150364				3
8150373				3
8150375				3
8150395				3
8150419				3
8150428				3
8150433				3
8150439				3
8150489				3
8150491				3
8150509				3
8150529				3
8150537				3
8150550				3
8150559				3
8150565				3
8150576				3
8150578				3
8150580				3
8150582				3
8150584				3
8150586				3
8150588				3
8150590				3
8150592				3
8150599				3
8150685				3
8150687				3
8150689				3
8150691				3
8150698				3
8150704				3
8150714				3
8150722				3
8150751				3
8150757				3
8150785				3
8150797				3
8150818				3
8150830				3
8150842				3
8150844				3
8150846				3
8150860				3
8150862				3
8150864				3
8150866				3
8150868				3
8150870				3
8150872				3
8150877				3
8150879				3
8150881				3
8150889				3
8150901				3
8150906				3
8150908				3
8150918				3
8150920				3
8150928				3
8150960				3
8150962				3
8150974				3
8150976				3
8150978				3
8150988				3
8151030				3
8151032				3
8151042				3
8151052				3
8151054				3
8151056				3
8151066				3
8151074				3
8151090				3
8151092				3
8151099				3
8151101				3
8151118				3
8151123				3
8151125				3
8151127				3
8151136				3
8151149				3
8151191				3
8151205				3
8151207				3
8151209				3
8151211				3
8151213				3
8151215				3
8151217				3
8151219				3
8151223				3
8151234				3
8151236				3
8151238				3
8151240				3
8151250				3
8151252				3
8151254				3
8151279				3
8151281				3
8151296				3
8151306				3
8151308				3
8151310				3
8151332				3
8151334				3
8151341				3
8151367				3
8151369				3
8151376				3
8151384				3
8151401				3
8151411				3
8151413				3
8151421				3
8151423				3
8151430				3
8151432				3
8151434				3
8151436				3
8151445				3
8151447				3
8151457				3
8151471				3
8151475				3
8151490				3
8151492				3
8151494				3
8151496				3
8151508				3
8151510				3
8151512				3
8151525				3
8151532				3
8151540				3
8151542				3
8151547				3
8151549				3
8151559				3
8151561				3
8151572				3
8151583				3
8151585				3
8151587				3
8151592				3
8151603				3
8151605				3
8151607				3
8151609				3
8151613				3
8151615				3
8151617				3
8151619				3
8151621				3
8151623				3
8151625				3
8151627				3
8151629				3
8151631				3
8151633				3
8151637				3
8151644				3
8151657				3
8151659				3
8151679				3
8151684				3
8151686				3
8151707				3
8151709				3
8151711				3
8151730				3
8151743				3
8151745				3
8151747				3
8151756				3
8151764				3
8151766				3
8151768				3
8151784				3
8151788				3
8151795				3
8151816				3
8151824				3
8151842				3
8151869				3
8151871				3
8151888				3
8151890				3
8151898				3
8151906				3
8151909				3
8151917				3
8151927				3
8151929				3
8151931				3
8151935				3
8151942				3
8151952				3
8151967				3
8151987				3
8151989				3
8151991				3
8151993				3
8151999				3
8152031				3
8152041				3
8152053				3
8152062				3
8152079				3
8152090				3
8152092				3
8152094				3
8152096				3
8152111				3
8152115				3
8152117				3
8152119				3
8152131				3
8152133				3
8152148				3
8152211				3
8152213				3
8152215				3
8152222				3
8152240				3
8152242				3
8152244				3
8152246				3
8152248				3
8152250				3
8152252				3
8152255				3
8152264				3
8152278				3
8152280				3
8152289				3
8152291				3
8152297				3
8152314				3
8152323				3
8152333				3
8152335				3
8152340				3
8152355				3
8152367				3
8152369				3
8152374				3
8152376				3
8152451				3
8152453				3
8152463				3
8152465				3
8152477				3
8152491				3
8152506				3
8152512				3
8152522				3
8152551				3
8152553				3
8152582				3
8152595				3
8152597				3
8152606				3
8152617				3
8152626				3
8152628				3
8152640				3
8152642				3
8152648				3
8152656				3
8152664				3
8152666				3
8152668				3
8152701				3
8152703				3
8152715				3
8152719				3
8152734				3
8152742				3
8152750				3
8152759				3
8152764				3
8152782				3
8152812				3
8152815				3
8152819				3
8152821				3
8152828				3
8152845				3
8152863				3
8152865				3
8152867				3
8152900				3
8152902				3
8152922				3
8152924				3
8152938				3
8152946				3
8152962				3
8152976				3
8152988				3
8153002				3
8153021				3
8153035				3
8153037				3
8153039				3
8153041				3
8153043				3
8153065				3
8153067				3
8153069				3
8153071				3
8153101				3
8153167				3
8153175				3
8153201				3
8153223				3
8153258				3
8153262				3
8153269				3
8153273				3
8153304				3
8153320				3
8153322				3
8153328				3
8153334				3
8153336				3
8153342				3
8153346				3
8153359				3
8153363				3
8153373				3
8153380				3
8153390				3
8153405				3
8153409				3
8153411				3
8153424				3
8153426				3
8153430				3
8153449				3
8153457				3
8153459				3
8153474				3
8153486				3
8153488				3
8153497				3
8153536				3
8153550				3
8153568				3
8153609				3
8153625				3
8153652				3
8153664				3
8153678				3
8153684				3
8153704				3
8153709				3
8153727				3
8153762				3
8153776				3
8153790				3
8153819				3
8153823				3
8153828				3
8153835				3
8153838				3
8153862				3
8153868				3
8153876				3
8153890				3
8153896				3
8153903				3
8153911				3
8153920				3
8153930				3
8153935				3
8153937				3
8153939				3
8153959				3
8154012				3
8154034				3
8154043				3
8154047				3
8154057				3
8154059				3
8154100				3
8154124				3
8154128				3
8154130				3
8154132				3
8154135				3
8154151				3
8154153				3
8154163				3
8154176				3
8154178				3
8154207				3
8154209				3
8154211				3
8154213				3
8154215				3
8154217				3
8154219				3
8154221				3
8154223				3
8154225				3
8154227				3
8154229				3
8154233				3
8154245				3
8154254				3
8154283				3
8154285				3
8154295				3
8154305				3
8154307				3
8154316				3
8154333				3
8154357				3
8154359				3
8154361				3
8154363				3
8154365				3
8154367				3
8154379				3
8154381				3
8154386				3
8154388				3
8154392				3
8154394				3
8154414				3
8154416				3
8154447				3
8154449				3
8154476				3
8154491				3
8154510				3
8154512				3
8154523				3
8154527				3
8154529				3
8154531				3
8154563				3
8154572				3
8154574				3
8154620				3
8154622				3
8154627				3
8154635				3
8154654				3
8154656				3
8154660				3
8154662				3
8154666				3
8154668				3
8154670				3
8154692				3
8154719				3
8154721				3
8154725				3
8154727				3
8154729				3
8154731				3
8154733				3
8154758				3
8154760				3
8154763				3
8154765				3
8154777				3
8154779				3
8154785				3
8154793				3
8154823				3
8154836				3
8154838				3
8154841				3
8154844				3
8154846				3
8154848				3
8154856				3
8154866				3
8154868				3
8154870				3
8154872				3
8154885				3
8154892				3
8154914				3
8154916				3
8154934				3
8154951				3
8154953				3
8154962				3
8154973				3
8154979				3
8154981				3
8155024				3
8155026				3
8155048				3
8155062				3
8155073				3
8155081				3
8155083				3
8155096				3
8155110				3
8155121				3
8155148				3
8155167				3
8155169				3
8155192				3
8155200				3
8155203				3
8155212				3
8155214				3
8155234				3
8155246				3
8155248				3
8155250				3
8155265				3
8155268				3
8155284				3
8155301				3
8155312				3
8155323				3
8155325				3
8155327				3
8155332				3
8155336				3
8155338				3
8155340				3
8155345				3
8155349				3
8155354				3
8155359				3
8155369				3
8155371				3
8155376				3
8155383				3
8155388				3
8155393				3
8155397				3
8155414				3
8155418				3
8155422				3
8155440				3
8155442				3
8155451				3
8155453				3
8155455				3
8155458				3
8155460				3
8155487				3
8155490				3
8155493				3
8155497				3
8155501				3
8155503				3
8155508				3
8155510				3
8155514				3
8155516				3
8155519				3
8155521				3
8155525				3
8155528				3
8155530				3
8155537				3
8155540				3
8155547				3
8155550				3
8155554				3
8155563				3
8155567				3
8155569				3
8155572				3
8155574				3
8155591				3
8155596				3
8155598				3
8155600				3
8155602				3
8155627				3
8155630				3
8155634				3
8155636				3
8155661				3
8155665				3
8155673				3
8155696				3
8155699				3
8155707				3
8155734				3
8155747				3
8155754				3
8155770				3
8155794				3
8155802				3
8155824				3
8155847				3
8155849				3
8155864				3
8155877				3
8155881				3
8155883				3
8155896				3
8155898				3
8155930				3
8155942				3
8155944				3
8155946				3
8156022				3
8156024				3
8156026				3
8156043				3
8156052				3
8156054				3
8156056				3
8156058				3
8156060				3
8156082				3
8156084				3
8156086				3
8156088				3
8156090				3
8156098				3
8156103				3
8156110				3
8156112				3
8156116				3
8156126				3
8156132				3
8156134				3
8156160				3
8156164				3
8156167				3
8156192				3
8156194				3
8156196				3
8156199				3
8156228				3
8156240				3
8156247				3
8156253				3
8156257				3
8156261				3
8156263				3
8156274				3
8156278				3
8156290				3
8156295				3
8156309				3
8156319				3
8156321				3
8156337				3
8156339				3
8156341				3
8156354				3
8156356				3
8156358				3
8156360				3
8156371				3
8156373				3
8156393				3
8156404				3
8156415				3
8156450				3
8156452				3
8156476				3
8156506				3
8156519				3
8156521				3
8156523				3
8156525				3
8156529				3
8156538				3
8156547				3
8156549				3
8156569				3
8156571				3
8156573				3
8156575				3
8156577				3
8156579				3
8156581				3
8156599				3
8156601				3
8156604				3
8156610				3
8156620				3
8156633				3
8156688				3
8156706				3
8156718				3
8156743				3
8156748				3
8156750				3
8156759				3
8156761				3
8156770				3
8156783				3
8156826				3
8156838				3
8156844				3
8156846				3
8156848				3
8156861				3
8156873				3
8156895				3
8156897				3
8156905				3
8156919				3
8156923				3
8156935				3
8156945				3
8156969				3
8156971				3
8156982				3
8157012				3
8157014				3
8157016				3
8157018				3
8157021				3
8157027				3
8157036				3
8157038				3
8157058				3
8157074				3
8157090				3
8157092				3
8157101				3
8157103				3
8157105				3
8157123				3
8157125				3
8157139				3
8157141				3
8157144				3
8157151				3
8157153				3
8157173				3
8157189				3
8157191				3
8157193				3
8157203				3
8157214				3
8157216				3
8157227				3
8157229				3
8157231				3
8157233				3
8157246				3
8157253				3
8157264				3
8157270				3
8157281				3
8157283				3
8157300				3
8157308				3
8157324				3
8157362				3
8157381				3
8157383				3
8157444				3
8157446				3
8157450				3
8157454				3
8157463				3
8157477				3
8157485				3
8157487				3
8157516				3
8157520				3
8157522				3
8157524				3
8157534				3
8157580				3
8157582				3
8157605				3
8157608				3
8157610				3
8157632				3
8157638				3
8157650				3
8157668				3
8157671				3
8157674				3
8157677				3
8157679				3
8157681				3
8157684				3
8157686				3
8157688				3
8157691				3
8157696				3
8157698				3
8157700				3
8157727				3
8157729				3
8157731				3
8157751				3
8157761				3
8157777				3
8157798				3
8157800				3
8157802				3
8157804				3
8157818				3
8157828				3
8157839				3
8157841				3
8157843				3
8157858				3
8157888				3
8157890				3
8157905				3
8157922				3
8157933				3
8157939				3
8157941				3
8157945				3
8157947				3
8157949				3
8157976				3
8158009				3
8158022				3
8158028				3
8158057				3
8158059				3
8158081				3
8158094				3
8158112				3
8158123				3
8158145				3
8158147				3
8158164				3
8158167				3
8158177				3
8158183				3
8158204				3
8158212				3
8158214				3
8158224				3
8158240				3
8158242				3
8158250				3
8158269				3
8158298				3
8158317				3
8158372				3
8158380				3
8158404				3
8158406				3
8158418				3
8158424				3
8158431				3
8158446				3
8158492				3
8158511				3
8158513				3
8158523				3
8158539				3
8158542				3
8158544				3
8158554				3
8158560				3
8158568				3
8158597				3
8158625				3
8158627				3
8158637				3
8158664				3
8158666				3
8158671				3
8158684				3
8158686				3
8158708				3
8158714				3
8158725				3
8158739				3
8158771				3
8158783				3
8158823				3
8158825				3
8158829				3
8158839				3
8158862				3
8158864				3
8158866				3
8158890				3
8158902				3
8158910				3
8158912				3
8158918				3
8158928				3
8158930				3
8158939				3
8158952				3
8158961				3
8158976				3
8158987				3
8158991				3
8158993				3
8158995				3
8158998				3
8159004				3
8159006				3
8159008				3
8159017				3
8159036				3
8159078				3
8159086				3
8159096				3
8159109				3
8159111				3
8159127				3
8159142				3
8159211				3
8159220				3
8159235				3
8159239				3
8159243				3
8159249				3
8159255				3
8159259				3
8159265				3
8159275				3
8159283				3
8159318				3
8159337				3
8159350				3
8159354				3
8159371				3
8159373				3
8159379				3
8159385				3
8159415				3
8159439				3
8159441				3
8159448				3
8159476				3
8159491				3
8159501				3
8159519				3
8159521				3
8159531				3
8159541				3
8159549				3
8159554				3
8159566				3
8159581				3
8159583				3
8159609				3
8159616				3
8159624				3
8159627				3
8159642				3
8159646				3
8159654				3
8159667				3
8159670				3
8159687				3
8159692				3
8159702				3
8159732				3
8159734				3
8159786				3
8159790				3
8159803				3
8159808				3
8159815				3
8159838				3
8159846				3
8159848				3
8159850				3
8159854				3
8159873				3
8159876				3
8159900				3
8159917				3
8159919				3
8159945				3
8159957				3
8159959				3
8159961				3
8159963				3
8159965				3
8159967				3
8159969				3
8159971				3
8159977				3
8159981				3
8159984				3
8159992				3
8160011				3
8160016				3
8160020				3
8160024				3
8160033				3
8160036				3
8160040				3
8160084				3
8160086				3
8160088				3
8160138				3
8160151				3
8160163				3
8160168				3
8160213				3
8160236				3
8160238				3
8160256				3
8160258				3
8160260				3
8160274				3
8160276				3
8160278				3
8160284				3
8160295				3
8160297				3
8160308				3
8160317				3
8160319				3
8160321				3
8160332				3
8160346				3
8160360				3
8160365				3
8160371				3
8160377				3
8160383				3
8160389				3
8160392				3
8160394				3
8160401				3
8160405				3
8160417				3
8160419				3
8160422				3
8160431				3
8160435				3
8160439				3
8160441				3
8160452				3
8160459				3
8160470				3
8160472				3
8160478				3
8160487				3
8160504				3
8160511				3
8160521				3
8160531				3
8160546				3
8160555				3
8160557				3
8160559				3
8160581				3
8160587				3
8160597				3
8160602				3
8160622				3
8160637				3
8160647				3
8160661				3
8160663				3
8160670				3
8160682				3
8160712				3
8160718				3
8160722				3
8160756				3
8160767				3
8160769				3
8160771				3
8160782				3
8160784				3
8160786				3
8160792				3
8160803				3
8160805				3
8160816				3
8160823				3
8160835				3
8160839				3
8160849				3
8160857				3
8160870				3
8160879				3
8160889				3
8160898				3
8160900				3
8160906				3
8160912				3
8160914				3
8160935				3
8160953				3
8160968				3
8160981				3
8161000				3
8161004				3
8161017				3
8161024				3
8161026				3
8161044				3
8161056				3
8161114				3
8161133				3
8161147				3
8161154				3
8161164				3
8161166				3
8161169				3
8161171				3
8161174				3
8161190				3
8161192				3
8161211				3
8161224				3
8161229				3
8161238				3
8161240				3
8161242				3
8161249				3
8161255				3
8161265				3
8161270				3
8161288				3
8161319				3
8161326				3
8161337				3
8161341				3
8161346				3
8161353				3
8161362				3
8161368				3
8161371				3
8161373				3
8161375				3
8161377				3
8161381				3
8161384				3
8161388				3
8161405				3
8161407				3
8161409				3
8161415				3
8161418				3
8161421				3
8161423				3
8161426				3
8161429				3
8161431				3
8161433				3
8161437				3
8161440				3
8161442				3
8161444				3
8161446				3
8161451				3
8161455				3
8161458				3
8161460				3
8161467				3
8161471				3
8161476				3
8161478				3
8161482				3
8161484				3
8161488				3
8161499				3
8161503				3
8161507				3
8161509				3
8161513				3
8161520				3
8161526				3
8161533				3
8161537				3
8161554				3
8161556				3
8161558				3
8161563				3
8161566				3
8161568				3
8161571				3
8161575				3
8161580				3
8161583				3
8161587				3
8161610				3
8161615				3
8161618				3
8161632				3
8161642				3
8161644				3
8161646				3
8161648				3
8161654				3
8161693				3
8161695				3
8161697				3
8161701				3
8161727				3
8161737				3
8161739				3
8161745				3
8161747				3
8161755				3
8161774				3
8161824				3
8161829				3
8161839				3
8161852				3
8161854				3
8161857				3
8161863				3
8161865				3
8161884				3
8161892				3
8161904				3
8161906				3
8161913				3
8161915				3
8161917				3
8161919				3
8161938				3
8161943				3
8161945				3
8161964				3
8161986				3
8161988				3
8162006				3
8162019				3
8162039				3
8162047				3
8162059				3
8162080				3
8162082				3
8162084				3
8162086				3
8162117				3
8162132				3
8162140				3
8162142				3
8162147				3
8162177				3
8162179				3
8162183				3
8162187				3
8162191				3
8162194				3
8162214				3
8162216				3
8162231				3
8162236				3
8162247				3
8162249				3
8162254				3
8162260				3
8162264				3
8162276				3
8162283				3
8162294				3
8162311				3
8162313				3
8162352				3
8162373				3
8162388				3
8162394				3
8162404				3
8162419				3
8162421				3
8162438				3
8162449				3
8162455				3
8162462				3
8162466				3
8162470				3
8162472				3
8162479				3
8162490				3
8162492				3
8162502				3
8162514				3
8162529				3
8162531				3
8162533				3
8162562				3
8162568				3
8162570				3
8162584				3
8162586				3
8162601				3
8162610				3
8162624				3
8162631				3
8162639				3
8162645				3
8162652				3
8162664				3
8162667				3
8162669				3
8162674				3
8162676				3
8162696				3
8162706				3
8162719				3
8162729				3
8162744				3
8162759				3
8162777				3
8162803				3
8162823				3
8162825				3
8162827				3
8162833				3
8162848				3
8162850				3
8162868				3
8162870				3
8162880				3
8162884				3
8162902				3
8162908				3
8162920				3
8162927				3
8162929				3
8162931				3
8162934				3
8162936				3
8162938				3
8162940				3
8162996				3
8162998				3
8163000				3
8163002				3
8163011				3
8163013				3
8163015				3
8163017				3
8163019				3
8163023				3
8163063				3
8163084				3
8163086				3
8163105				3
8163107				3
8163109				3
8163116				3
8163147				3
8163149				3
8163181				3
8163185				3
8163193				3
8163202				3
8163253				3
8163255				3
8163257				3
8163271				3
8163273				3
8163275				3
8163326				3
8163328				3
8163341				3
8163348				3
8163381				3
8163383				3
8163402				3
8163424				3
8163426				3
8163428				3
8163437				3
8163444				3
8163452				3
8163481				3
8163485				3
8163491				3
8163505				3
8163509				3
8163525				3
8163533				3
8163535				3
8163548				3
8163569				3
8163599				3
8163614				3
8163616				3
8163618				3
8163629				3
8163637				3
8163666				3
8163672				3
8163678				3
8163710				3
8163712				3
8163714				3
8163716				3
8163729				3
8163731				3
8163733				3
8163775				3
8163784				3
8163795				3
8163807				3
8163825				3
8163839				3
8163882				3
8163892				3
8163896				3
8163908				3
8163916				3
8163930				3
8163936				3
8163948				3
8163956				3
8163958				3
8163960				3
8163962				3
8163964				3
8163972				3
8163999				3
8164002				3
8164006				3
8164008				3
8164013				3
8164034				3
8164060				3
8164062				3
8164067				3
8164077				3
8164087				3
8164100				3
8164105				3
8164129				3
8164131				3
8164153				3
8164155				3
8164165				3
8164177				3
8164194				3
8164196				3
8164200				3
8164210				3
8164215				3
8164217				3
8164235				3
8164243				3
8164252				3
8164269				3
8164293				3
8164304				3
8164314				3
8164328				3
8164336				3
8164343				3
8164357				3
8164362				3
8164373				3
8164396				3
8164398				3
8164426				3
8164428				3
8164438				3
8164440				3
8164452				3
8164464				3
8164481				3
8164496				3
8164515				3
8164521				3
8164535				3
8164554				3
8164560				3
8164562				3
8164572				3
8164580				3
8164587				3
8164596				3
8164607				3
8164627				3
8164630				3
8164632				3
8164644				3
8164649				3
8164653				3
8164665				3
8164692				3
8164694				3
8164696				3
8164698				3
8164701				3
8164729				3
8164742				3
8164766				3
8164781				3
8164808				3
8164810				3
8164833				3
8164843				3
8164848				3
8164853				3
8164862				3
8164870				3
8164872				3
8164883				3
8164896				3
8164907				3
8164918				3
8164931				3
8164937				3
8164940				3
8164967				3
8164995				3
8165011				3
8165021				3
8165024				3
8165032				3
8165038				3
8165046				3
8165064				3
8165077				3
8165083				3
8165094				3
8165107				3
8165131				3
8165156				3
8165171				3
8165183				3
8165217				3
8165255				3
8165258				3
8165271				3
8165277				3
8165285				3
8165295				3
8165298				3
8165309				3
8165319				3
8165334				3
8165345				3
8165398				3
8165406				3
8165416				3
8165430				3
8165438				3
8165453				3
8165458				3
8165462				3
8165478				3
8165486				3
8165492				3
8165496				3
8165498				3
8165508				3
8165512				3
8165538				3
8165552				3
8165575				3
8165610				3
8165622				3
8165630				3
8165637				3
8165639				3
8165642				3
8165644				3
8165646				3
8165648				3
8165650				3
8165653				3
8165656				3
8165658				3
8165661				3
8165663				3
8165665				3
8165667				3
8165669				3
8165672				3
8165674				3
8165676				3
8165680				3
8165682				3
8165684				3
8165686				3
8165690				3
8165692				3
8165694				3
8165696				3
8165698				3
8165700				3
8165703				3
8165705				3
8165707				3
8165709				3
8165711				3
8165723				3
8165735				3
8165752				3
8165765				3
8165773				3
8165794				3
8165808				3
8165817				3
8165833				3
8165843				3
8165856				3
8165858				3
8165860				3
8165862				3
8165864				3
8165866				3
8165881				3
8165888				3
8165890				3
8165903				3
8165905				3
8165907				3
8165911				3
8165932				3
8165934				3
8165945				3
8165947				3
8165974				3
8165993				3
8165995				3
8166006				3
8166015				3
8166028				3
8166047				3
8166049				3
8166059				3
8166065				3
8166072				3
8166079				3
8166094				3
8166096				3
8166098				3
8166104				3
8166124				3
8166127				3
8166140				3
8166157				3
8166179				3
8166182				3
8166184				3
8166195				3
8166202				3
8166211				3
8166213				3
8166219				3
8166230				3
8166243				3
8166264				3
8166266				3
8166278				3
8166289				3
8166314				3
8166335				3
8166349				3
8166351				3
8166353				3
8166355				3
8166382				3
8166398				3
8166402				3
8166408				3
8166433				3
8166438				3
8166440				3
8166442				3
8166447				3
8166455				3
8166469				3
8166481				3
8166493				3
8166498				3
8166500				3
8166509				3
8166511				3
8166525				3
8166563				3
8166565				3
8166569				3
8166571				3
8166576				3
8166580				3
8166583				3
8166585				3
8166587				3
8166593				3
8166607				3
8166609				3
8166611				3
8166613				3
8166619				3
8166630				3
8166632				3
8166657				3
8166659				3
8166661				3
8166663				3
8166665				3
8166667				3
8166669				3
8166671				3
8166690				3
8166703				3
8166705				3
8166712				3
8166714				3
8166723				3
8166730				3
8166745				3
8166747				3
8166769				3
8166784				3
8166797				3
8166805				3
8166817				3
8166819				3
8166824				3
8166826				3
8166872				3
8166876				3
8166899				3
8166906				3
8166919				3
8166925				3
8166945				3
8166948				3
8166950				3
8166956				3
8166989				3
8166997				3
8166999				3
8167006				3
8167013				3
8167027				3
8167038				3
8167040				3
8167042				3
8167069				3
8167099				3
8167103				3
8167125				3
8167150				3
8167152				3
8167161				3
8167163				3
8167165				3
8167185				3
8167195				3
8167198				3
8167201				3
8167210				3
8167218				3
8167220				3
8167228				3
8167234				3
8167249				3
8167251				3
8167254				3
8167261				3
8167270				3
8167287				3
8167305				3
8167314				3
8167322				3
8167334				3
8167347				3
8167356				3
8167360				3
8167369				3
8167407				3
8167412				3
8167428				3
8167430				3
8167441				3
8167443				3
8167449				3
8167457				3
8167476				3
8167482				3
8167508				3
8167526				3
8167560				3
8167562				3
8167573				3
8167575				3
8167577				3
8167584				3
8167592				3
8167601				3
8167603				3
8167623				3
8167625				3
8167638				3
8167640				3
8167642				3
8167645				3
8167650				3
8167652				3
8167654				3
8167656				3
8167673				3
8167690				3
8167693				3
8167701				3
8167710				3
8167721				3
8167726				3
8167728				3
8167742				3
8167749				3
8167758				3
8167763				3
8167772				3
8167774				3
8167784				3
8167786				3
8167790				3
8167797				3
8167815				3
8167835				3
8167854				3
8167862				3
8167866				3
8167871				3
8167874				3
8167876				3
8167878				3
8167880				3
8167887				3
8167893				3
8167895				3
8167897				3
8167910				3
8167912				3
8167924				3
8167930				3
8167942				3
8167945				3
8167947				3
8167949				3
8167951				3
8167953				3
8167957				3
8167965				3
8167971				3
8167973				3
8167998				3
8168016				3
8168018				3
8168026				3
8168028				3
8168045				3
8168058				3
8168062				3
8168079				3
8168081				3
8168083				3
8168085				3
8168087				3
8168098				3
8168107				3
8168115				3
8168117				3
8168135				3
8168146				3
8168161				3
8168163				3
8168179				3
8168203				3
8168205				3
8168215				3
8168264				3
8168274				3
8168280				3
8168291				3
8168303				3
8168316				3
8168345				3
8168357				3
8168359				3
8168362				3
8168366				3
8168373				3
8168375				3
8168387				3
8168391				3
8168393				3
8168395				3
8168399				3
8168408				3
8168412				3
8168416				3
8168420				3
8168422				3
8168424				3
8168432				3
8168434				3
8168436				3
8168438				3
8168447				3
8168456				3
8168458				3
8168461				3
8168463				3
8168466				3
8168468				3
8168470				3
8168472				3
8168500				3
8168517				3
8168524				3
8168531				3
8168534				3
8168546				3
8168553				3
8168555				3
8168557				3
8168565				3
8168567				3
8168569				3
8168578				3
8168580				3
8168589				3
8168602				3
8168604				3
8168620				3
8168622				3
8168638				3
8168644				3
8168646				3
8168650				3
8168657				3
8168672				3
8168674				3
8168676				3
8168678				3
8168685				3
8168687				3
8168689				3
8168691				3
8168723				3
8168727				3
8168729				3
8168731				3
8168733				3
8168735				3
8168737				3
8168749				3
8168762				3
8168779				3
8168781				3
8168790				3
8168794				3
8168817				3
8168841				3
8168843				3
8168852				3
8168855				3
8168868				3
8168873				3
8168875				3
8168884				3
8168886				3
8168888				3
8168890				3
8168892				3
8168900				3
8168940				3
8168958				3
8168968				3
8168976				3
8168984				3
8168990				3
8168994				3
8168996				3
8168998				3
8169000				3
8169002				3
8169004				3
8169006				3
8169009				3
8169015				3
8169022				3
8169028				3
8169035				3
8169044				3
8169049				3
8169056				3
8169061				3
8169073				3
8169080				3
8169083				3
8169085				3
8169094				3
8169109				3
8169115				3
8169145				3
8169154				3
8169156				3
8169158				3
8169174				3
8169186				3
8169210				3
8169221				3
8169231				3
8169233				3
8169235				3
8169240				3
8169247				3
8169249				3
8169263				3
8169272				3
8169291				3
8169294				3
8169348				3
8169350				3
8169352				3
8169361				3
8169365				3
8169378				3
8169385				3
8169389				3
8169412				3
8169419				3
8169432				3
8169437				3
8169439				3
8169441				3
8169443				3
8169445				3
8169447				3
8169459				3
8169461				3
8169463				3
8169465				3
8169467				3
8169473				3
8169492				3
8169504				3
8169519				3
8169541				3
8169580				3
8169598				3
8169603				3
8169617				3
8169624				3
8169634				3
8169636				3
8169638				3
8169640				3
8169645				3
8169657				3
8169659				3
8169665				3
8169676				3
8169683				3
8169687				3
8169697				3
8169699				3
8169701				3
8169709				3
8169711				3
8169715				3
8169717				3
8169740				3
8169742				3
8169750				3
8169790				3
8169792				3
8169804				3
8169806				3
8169808				3
8169811				3
8169836				3
8169859				3
8169868				3
8169882				3
8169898				3
8169904				3
8169920				3
8169928				3
8169931				3
8169947				3
8169949				3
8169965				3
8169969				3
8169984				3
8169995				3
8170007				3
8170009				3
8170013				3
8170015				3
8170024				3
8170027				3
8170052				3
8170060				3
8170068				3
8170076				3
8170097				3
8170117				3
8170119				3
8170135				3
8170159				3
8170166				3
8170179				3
8170185				3
8170187				3
8170196				3
8170198				3
8170200				3
8170208				3
8170210				3
8170213				3
8170215				3
8170228				3
8170230				3
8170232				3
8170235				3
8170237				3
8170239				3
8170241				3
8170244				3
8170247				3
8170249				3
8170257				3
8170260				3
8170273				3
8170280				3
8170282				3
8170286				3
8170288				3
8170290				3
8170292				3
8170294				3
8170296				3
8170298				3
8170300				3
8170302				3
8170307				3
8170319				3
8170322				3
8170324				3
8170326				3
8170353				3
8170360				3
8170362				3
8170364				3
8170390				3
8170393				3
8170400				3
8170402				3
8170407				3
8170412				3
8170418				3
8170420				3
8170428				3
8170443				3
8170464				3
8170466				3
8170468				3
8170476				3
8170479				3
8170488				3
8170507				3
8170513				3
8170520				3
8170531				3
8170538				3
8170553				3
8170562				3
8170576				3
8170580				3
8170590				3
8170602				3
8170622				3
8170630				3
8170633				3
8170635				3
8170644				3
8170648				3
8170662				3
8170671				3
8170695				3
8170702				3
8170704				3
8170716				3
8170753				3
8170775				3
8170786				3
8170794				3
8170803				3
8170811				3
8170816				3
8170825				3
8170834				3
8170850				3
8170859				3
8170863				3
8170865				3
8170882				3
8170891				3
8170906				3
8170921				3
8170955				3
8170963				3
8170965				3
8170971				3
8170990				3
8170992				3
8170994				3
8170998				3
8171001				3
8171006				3
8171013				3
8171024				3
8171026				3
8171029				3
8171032				3
8171034				3
8171041				3
8171052				3
8171066				3
8171079				3
8171087				3
8171105				3
8171111				3
8171119				3
8171136				3
8171139				3
8171148				3
8171161				3
8171170				3
8171172				3
8171180				3
8171182				3
8171193				3
8171195				3
8171199				3
8171201				3
8171203				3
8171205				3
8171216				3
8171222				3
8171229				3
8171240				3
8171248				3
8171260				3
8171271				3
8171284				3
8171295				3
8171297				3
8171311				3
8171313				3
8171334				3
8171336				3
8171338				3
8171348				3
8171350				3
8171352				3
8171359				3
8171373				3
8171381				3
8171392				3
8171403				3
8171418				3
8171427				3
8171435				3
8171449				3
8171472				3
8171481				3
8171489				3
8171491				3
8171493				3
8171516				3
8171531				3
8171533				3
8171535				3
8171537				3
8171539				3
8171545				3
8171561				3
8171577				3
8171579				3
8171587				3
8171624				3
8171653				3
8171684				3
8171708				3
8171723				3
8171725				3
8171747				3
8171758				3
8171760				3
8171762				3
8171786				3
8171791				3
8171798				3
8171800				3
8171802				3
8171823				3
8171834				3
8171837				3
8171844				3
8171846				3
8171848				3
8171865				3
8171867				3
8171874				3
8171876				3
8171879				3
8171881				3
8171883				3
8171885				3
8171890				3
8171892				3
8171896				3
8171901				3
8171917				3
8171921				3
8172017				3
8172022				3
8172026				3
8172028				3
8172030				3
8172032				3
8172035				3
8172043				3
8172056				3
8172082				3
8172084				3
8172086				3
8172088				3
8172110				3
8172119				3
8172154				3
8172156				3
8172158				3
8172189				3
8172191				3
8172193				3
8172195				3
8172197				3
8172204				3
8172220				3
8172225				3
8172244				3
8172252				3
8172254				3
8172266				3
8172268				3
8172270				3
8172272				3
8172274				3
8172280				3
8172296				3
8172305				3
8172307				3
8172317				3
8172333				3
8172345				3
8172358				3
8172367				3
8172369				3
8172379				3
8172387				3
8172395				3
8172399				3
8172406				3
8172415				3
8172425				3
8172443				3
8172445				3
8172447				3
8172453				3
8172460				3
8172471				3
8172478				3
8172493				3
8172504				3
8172520				3
8172531				3
8172538				3
8172548				3
8172561				3
8172573				3
8172580				3
8172631				3
8172647				3
8172654				3
8172656				3
8172658				3
8172660				3
8172670				3
8172698				3
8172708				3
8172711				3
8172713				3
8172715				3
8172717				3
8172719				3
8172722				3
8172739				3
8172749				3
8172757				3
8172766				3
8172776				3
8172781				3
8172787				3
8172800				3
8172803				3
8172806				3
8172813				3
8172827				3
8172858				3
8172876				3
8172905				3
8172914				3
8173005				3
8173007				3
8173009				3
8173039				3
8173041				3
8173059				3
8173086				3
8173106				3
8173120				3
8173135				3
8173148				3
8173154				3
8173156				3
8173158				3
8173160				3
8173162				3
8173164				3
8173166				3
8173168				3
8173174				3
8173176				3
8173179				3
8173181				3
8173189				3
8173198				3
8173201				3
8173204				3
8173206				3
8173208				3
8173217				3
8173232				3
8173238				3
8173245				3
8173261				3
8173269				3
8173287				3
8173299				3
8173308				3
8173310				3
8173338				3
8173340				3
8173349				3
8173358				3
8173360				3
8173362				3
8173364				3
8173366				3
8173373				3
8173381				3
8173412				3
8173414				3
8173428				3
8173430				3
8173437				3
8173444				3
8173457				3
8173486				3
8173493				3
8173501				3
8173503				3
8173506				3
8173513				3
8173522				3
8173524				3
8173531				3
8173549				3
8173551				3
8173579				3
8173581				3
8173583				3
8173596				3
8173600				3
8173605				3
8173607				3
8173609				3
8173611				3
8173613				3
8173615				3
8173621				3
8173627				3
8173629				3
8173647				3
8173665				3
8173671				3
8173673				3
8173713				3
8173729				3
8173732				3
8173745				3
8173752				3
8173755				3
8173766				3
8173812				3
8173823				3
8173825				3
8173848				3
8173862				3
8173869				3
8173890				3
8173892				3
8173912				3
8173915				3
8173917				3
8173922				3
8173924				3
8173926				3
8173928				3
8173930				3
8173933				3
8173941				3
8173955				3
8173977				3
8173979				3
8173999				3
8174005				3
8174026				3
8174029				3
8174045				3
8174047				3
8174051				3
8174076				3
8174086				3
8174092				3
8174103				3
8174105				3
8174119				3
8174132				3
8174134				3
8174141				3
8174149				3
8174189				3
8174193				3
8174195				3
8174197				3
8174199				3
8174201				3
8174207				3
8174226				3
8174228				3
8174235				3
8174239				3
8174246				3
8174251				3
8174253				3
8174263				3
8174271				3
8174277				3
8174279				3
8174281				3
8174283				3
8174288				3
8174291				3
8174297				3
8174302				3
8174304				3
8174311				3
8174313				3
8174317				3
8174322				3
8174338				3
8174340				3
8174351				3
8174361				3
8174373				3
8174375				3
8174379				3
8174389				3
8174442				3
8174444				3
8174448				3
8174469				3
8174474				3
8174494				3
8174496				3
8174507				3
8174509				3
8174513				3
8174527				3
8174543				3
8174554				3
8174556				3
8174568				3
8174576				3
8174592				3
8174594				3
8174596				3
8174598				3
8174610				3
8174634				3
8174636				3
8174642				3
8174644				3
8174646				3
8174648				3
8174654				3
8174664				3
8174666				3
8174668				3
8174670				3
8174675				3
8174677				3
8174684				3
8174692				3
8174710				3
8174715				3
8174717				3
8174731				3
8174737				3
8174750				3
8174755				3
8174761				3
8174767				3
8174779				3
8174794				3
8174820				3
8174831				3
8174837				3
8174841				3
8174845				3
8174849				3
8174853				3
8174862				3
8174867				3
8174872				3
8174876				3
8174882				3
8174887				3
8174889				3
8174891				3
8174893				3
8174933				3
8174937				3
8174968				3
8174970				3
8174972				3
8174975				3
8174977				3
8174979				3
8174983				3
8174985				3
8175016				3
8175023				3
8175039				3
8175052				3
8175076				3
8175096				3
8175098				3
8175102				3
8175119				3
8175121				3
8175151				3
8175153				3
8175155				3
8175169				3
8175177				3
8175193				3
8175195				3
8175206				3
8175209				3
8175215				3
8175217				3
8175232				3
8175234				3
8175246				3
8175248				3
8175250				3
8175252				3
8175254				3
8175256				3
8175261				3
8175263				3
8175267				3
8175269				3
8175288				3
8175297				3
8175299				3
8175302				3
8175308				3
8175311				3
8175315				3
8175317				3
8175319				3
8175330				3
8175332				3
8175336				3
8175344				3
8175353				3
8175360				3
8175365				3
8175367				3
8175369				3
8175391				3
8175393				3
8175418				3
8175420				3
8175432				3
8175434				3
8175436				3
8175438				3
8175440				3
8175442				3
8175444				3
8175455				3
8175457				3
8175490				3
8175492				3
8175524				3
8175528				3
8175531				3
8175537				3
8175539				3
8175543				3
8175550				3
8175558				3
8175562				3
8175568				3
8175570				3
8175572				3
8175574				3
8175578				3
8175583				3
8175585				3
8175587				3
8175589				3
8175591				3
8175593				3
8175609				3
8175611				3
8175616				3
8175621				3
8175629				3
8175638				3
8175642				3
8175647				3
8175662				3
8175664				3
8175666				3
8175683				3
8175685				3
8175690				3
8175696				3
8175706				3
8175708				3
8175710				3
8175724				3
8175732				3
8175747				3
8175755				3
8175763				3
8175768				3
8175773				3
8175775				3
8175782				3
8175802				3
8175808				3
8175811				3
8175815				3
8175835				3
8175844				3
8175860				3
8175871				3
8175900				3
8175924				3
8175933				3
8175947				3
8175977				3
8175998				3
8176006				3
8176012				3
8176018				3
8176026				3
8176076				3
8176091				3
8176093				3
8176098				3
8176109				3
8176117				3
8176133				3
8176149				3
8176155				3
8176159				3
8176163				3
8176174				3
8176191				3
8176193				3
8176219				3
8176230				3
8176234				3
8176243				3
8176245				3
8176249				3
8176253				3
8176255				3
8176263				3
8176276				3
8176280				3
8176282				3
8176284				3
8176286				3
8176297				3
8176306				3
8176323				3
8176336				3
8176342				3
8176360				3
8176373				3
8176375				3
8176384				3
8176395				3
8176397				3
8176400				3
8176415				3
8176419				3
8176427				3
8176429				3
8176435				3
8176442				3
8176460				3
8176469				3
8176471				3
8176476				3
8176478				3
8176480				3
8176482				3
8176484				3
8176494				3
8176508				3
8176517				3
8176524				3
8176532				3
8176544				3
8176553				3
8176558				3
8176566				3
8176568				3
8176570				3
8176572				3
8176574				3
8176576				3
8176578				3
8176624				3
8176644				3
8176648				3
8176650				3
8176655				3
8176663				3
8176665				3
8176667				3
8176669				3
8176671				3
8176673				3
8176675				3
8176677				3
8176679				3
8176681				3
8176692				3
8176698				3
8176709				3
8176719				3
8176730				3
8176737				3
8176742				3
8176753				3
8176766				3
8176779				3
8176782				3
8176789				3
8176806				3
8176815				3
8176817				3
8176821				3
8176832				3
8176865				3
8176867				3
8176878				3
8176910				3
8176921				3
8176923				3
8176926				3
8176931				3
8176933				3
8176935				3
8176941				3
8176943				3
8176947				3
8176949				3
8176951				3
8176955				3
8176962				3
8176972				3
8176986				3
8177003				3
8177011				3
8177026				3
8177029				3
8177038				3
8177044				3
8177046				3
8177048				3
8177053				3
8177061				3
8177068				3
8177070				3
8177072				3
8177079				3
8177081				3
8177083				3
8177085				3
8177092				3
8177096				3
8177101				3
8177108				3
8177114				3
8177116				3
8177118				3
8177120				3
8177130				3
8177137				3
8177169				3
8177174				3
8177176				3
8177178				3
8177180				3
8177184				3
8177186				3
8177189				3
8177191				3
8177193				3
8177195				3
8177201				3
8177212				3
8177214				3
8177217				3
8177222				3
8177227				3
8177229				3
8177232				3
8177261				3
8177269				3
8177273				3
8177277				3
8177280				3
8177282				3
8177290				3
8177303				3
8177323				3
8177331				3
8177344				3
8177347				3
8177354				3
8177387				3
8177389				3
8177393				3
8177395				3
8177401				3
8177403				3
8177405				3
8177410				3
8177413				3
8177424				3
8177426				3
8177449				3
8177460				3
8177462				3
8177478				3
8177498				3
8177507				3
8177527				3
8177544				3
8177554				3
8177560				3
8177601				3
8177620				3
8177628				3
8177635				3
8177647				3
8177658				3
8177669				3
8177674				3
8177694				3
8177696				3
8177698				3
8177700				3
8177704				3
8177706				3
8177709				3
8177717				3
8177725				3
8177732				3
8177740				3
8177744				3
8177750				3
8177760				3
8177770				3
8177782				3
8177788				3
8177797				3
8177824				3
8177834				3
8177851				3
8177858				3
8177867				3
8177885				3
8177901				3
8177931				3
8177938				3
8177947				3
8177951				3
8177955				3
8177964				3
8177967				3
8177976				3
8177983				3
8177988				3
8177996				3
8178011				3
8178043				3
8178050				3
8178059				3
8178063				3
8178070				3
8178074				3
8178080				3
8178086				3
8178090				3
8178095				3
8178115				3
8178136				3
8178164				3
8178177				3
8178188				3
8178193				3
8178199				3
8178205				3
8178211				3
8178220				3
8178225				3
8178234				3
8178244				3
8178253				3
8178264				3
8178270				3
8178275				3
8178283				3
8178285				3
8178287				3
8178289				3
8178291				3
8178293				3
8178295				3
8178298				3
8178322				3
8178324				3
8178326				3
8178330				3
8178338				3
8178346				3
8178358				3
8178377				3
8178399				3
8178404				3
8178419				3
8178435				3
8178439				3
8178442				3
8178445				3
8178448				3
8178470				3
8178476				3
8178489				3
8178498				3
8178508				3
8178512				3
8178517				3
8178526				3
8178552				3
8178554				3
8178561				3
8178582				3
8178586				3
8178590				3
8178598				3
8178609				3
8178641				3
8178650				3
8178653				3
8178676				3
8178683				3
8178686				3
8178699				3
8178712				3
8178727				3
8178749				3
8178754				3
8178762				3
8178771				3
8178790				3
8178795				3
8178802				3
8178811				3
8178826				3
8178833				3
8178841				3
8178855				3
8178867				3
8178882				3
8178884				3
8178891				3
8178897				3
8178903				3
8178917				3
8178939				3
8178955				3
8178977				3
8178988				3
8178991				3
8179003				3
8179005				3
8179007				3
8179009				3
8179011				3
8179019				3
8179028				3
8179034				3
8179041				3
8179049				3
8179055				3
8179060				3
8179070				3
8179080				3
8179088				3
8179097				3
8179103				3
8179112				3
8179139				3
8179149				3
8179167				3
8179174				3
8179184				3
8179205				3
8179221				3
8179224				3
8179228				3
8179235				3
8179238				3
8179246				3
8179249				3
8179258				3
8179263				3
8179268				3
8179276				3
8179291				3
8179298				3
8179309				3
8179313				3
8179322				3
8179324				3
8179326				3
8179331				3
8179351				3
8179364				3
8179391				3
8179399				3
8179440				3
8179451				3
8179472				3
8179481				3
8179489				3
8179495				3
8179504				3
8179519				3
8179525				3
8179534				3
8179544				3
8179555				3
8179559				3
8179564				3
8179575				3
8179587				3
8179589				3
8179591				3
8179593				3
8179595				3
8179617				3
8179628				3
8179638				3
8179648				3
8179664				3
8179683				3
8179688				3
8179704				3
8179709				3
8179713				3
8179716				3
8179719				3
8179727				3
8179731				3
8179750				3
8179762				3
8179768				3
8179773				3
8179782				3
8179808				3
8179810				3
8179814				3
8179819				3
8179827				3
8179839				3
8179848				3
8179851				3
8179861				3
8179884				3
8179913				3
8179926				3
8179935				3
8179950				3
8179958				3
8179967				3
8179987				3
8179996				3
8180003				3
8180022				3
8180029				3
8180034				3
8180049				3
8180061				3
8180076				3
8180078				3
8180086				3
8180093				3
8180100				3
8180105				3
8180111				3
8180123				3
8180144				3
8180166				3
8180179				3
8180192				3
8180193				3
8180194				3
8180195				3
8180196				3
8180197				3
8180198				3
8180199				3
8180200				3
8180201				3
8180202				3
8180203				3
8180204				3
8180205				3
8180206				3
8180207				3
8180208				3
8180209				3
8180210				3
8180211				3
8180212				3
8180213				3
8180214				3
8180215				3
8180216				3
8180217				3
8180218				3
8180219				3
8180220				3
8180221				3
8180222				3
8180223				3
8180224				3
8180225				3
8180226				3
8180227				3
8180228				3
8180229				3
8180230				3
8180231				3
8180232				3
8180233				3
8180234				3
8180235				3
8180236				3
8180237				3
8180238				3
8180239				3
8180240				3
8180241				3
8180242				3
8180243				3
8180244				3
8180245				3
8180246				3
8180247				3
8180248				3
8180249				3
8180250				3
8180251				3
8180252				3
8180253				3
8180254				3
8180255				3
8180256				3
8180257				3
8180258				3
8180259				3
8180260				3
8180261				3
8180262				3
8180263				3
8180264				3
8180265				3
8180266				3
8180267				3
8180268				3
8180269				3
8180270				3
8180271				3
8180272				3
8180273				3
8180274				3
8180275				3
8180276				3
8180277				3
8180278				3
8180279				3
8180280				3
8180281				3
8180282				3
8180283				3
8180284				3
8180285				3
8180286				3
8180287				3
8180288				3
8180289				3
8180290				3
8180291				3
8180292				3
8180293				3
8180294				3
8180295				3
8180296				3
8180297				3
8180298				3
8180299				3
8180300				3
8180301				3
8180302				3
8180303				3
8180304				3
8180305				3
8180306				3
8180307				3
8180308				3
8180309				3
8180310				3
8180311				3
8180312				3
8180313				3
8180314				3
8180315				3
8180316				3
8180317				3
8180318				3
8180319				3
8180320				3
8180321				3
8180322				3
8180323				3
8180324				3
8180325				3
8180326				3
8180327				3
8180328				3
8180329				3
8180330				3
8180331				3
8180332				3
8180333				3
8180334				3
8180335				3
8180336				3
8180337				3
8180338				3
8180339				3
8180340				3
8180341				3
8180342				3
8180343				3
8180344				3
8180345				3
8180346				3
8180347				3
8180348				3
8180349				3
8180350				3
8180351				3
8180352				3
8180353				3
8180354				3
8180355				3
8180356				3
8180357				3
8180358				3
8180359				3
8180360				3
8180361				3
8180362				3
8180363				3
8180364				3
8180365				3
8180366				3
8180367				3
8180368				3
8180369				3
8180370				3
8180371				3
8180372				3
8180373				3
8180374				3
8180375				3
8180376				3
8180377				3
8180378				3
8180379				3
8180380				3
8180381				3
8180382				3
8180383				3
8180384				3
8180385				3
8180386				3
8180387				3
8180388				3
8180389				3
8180390				3
8180391				3
8180392				3
8180393				3
8180394				3
8180395				3
8180396				3
8180397				3
8180398				3
8180399				3
8180400				3
8180401				3
8180402				3
8180403				3
8180404				3
8180405				3
8180406				3
8180407				3
8180408				3
8180409				3
8180410				3
8180411				3
8180412				3
8180413				3
8180414				3
8180415				3
8180416				3
8180417				3
8180418				3
